<?xml version="1.0" encoding="UTF-8"?>
<gpx version="1.1" creator="霞客 · 两步路轨迹" xmlns="http://www.topografix.com/GPX/1/1">
  <metadata><name>阿尼玛卿转山参考轨迹</name></metadata>
  <trk><name>阿尼玛卿转山</name>
    <trkseg>
      <trkpt lat="34.658849" lon="99.686966"><ele>3902</ele></trkpt>
      <trkpt lat="34.658817" lon="99.686886"><ele>3902</ele></trkpt>
      <trkpt lat="34.658719" lon="99.686849"><ele>3899</ele></trkpt>
      <trkpt lat="34.658589" lon="99.686816"><ele>3893</ele></trkpt>
      <trkpt lat="34.658393" lon="99.686713"><ele>3888</ele></trkpt>
      <trkpt lat="34.658299" lon="99.686673"><ele>3887</ele></trkpt>
      <trkpt lat="34.658197" lon="99.686644"><ele>3886</ele></trkpt>
      <trkpt lat="34.658047" lon="99.686672"><ele>3885</ele></trkpt>
      <trkpt lat="34.657914" lon="99.686797"><ele>3885</ele></trkpt>
      <trkpt lat="34.657733" lon="99.686887"><ele>3888</ele></trkpt>
      <trkpt lat="34.657548" lon="99.687007"><ele>3889</ele></trkpt>
      <trkpt lat="34.657452" lon="99.687044"><ele>3889</ele></trkpt>
      <trkpt lat="34.657347" lon="99.687069"><ele>3889</ele></trkpt>
      <trkpt lat="34.657243" lon="99.68707"><ele>3889</ele></trkpt>
      <trkpt lat="34.656663" lon="99.686947"><ele>3893</ele></trkpt>
      <trkpt lat="34.656483" lon="99.686859"><ele>3894</ele></trkpt>
      <trkpt lat="34.6564" lon="99.686794"><ele>3894</ele></trkpt>
      <trkpt lat="34.656327" lon="99.68671"><ele>3894</ele></trkpt>
      <trkpt lat="34.65621" lon="99.68653"><ele>3892</ele></trkpt>
      <trkpt lat="34.656138" lon="99.686449"><ele>3892</ele></trkpt>
      <trkpt lat="34.656051" lon="99.686415"><ele>3893</ele></trkpt>
      <trkpt lat="34.65595" lon="99.686432"><ele>3895</ele></trkpt>
      <trkpt lat="34.655764" lon="99.686574"><ele>3898</ele></trkpt>
      <trkpt lat="34.655661" lon="99.686611"><ele>3900</ele></trkpt>
      <trkpt lat="34.655562" lon="99.686629"><ele>3902</ele></trkpt>
      <trkpt lat="34.655466" lon="99.686621"><ele>3904</ele></trkpt>
      <trkpt lat="34.655176" lon="99.686465"><ele>3909</ele></trkpt>
      <trkpt lat="34.655073" lon="99.686431"><ele>3910</ele></trkpt>
      <trkpt lat="34.654982" lon="99.686372"><ele>3911</ele></trkpt>
      <trkpt lat="34.654899" lon="99.686288"><ele>3912</ele></trkpt>
      <trkpt lat="34.654826" lon="99.68619"><ele>3913</ele></trkpt>
      <trkpt lat="34.654764" lon="99.686101"><ele>3914</ele></trkpt>
      <trkpt lat="34.654727" lon="99.686023"><ele>3915</ele></trkpt>
      <trkpt lat="34.65467" lon="99.685933"><ele>3915</ele></trkpt>
      <trkpt lat="34.654601" lon="99.685841"><ele>3915</ele></trkpt>
      <trkpt lat="34.654439" lon="99.685676"><ele>3916</ele></trkpt>
      <trkpt lat="34.654348" lon="99.685613"><ele>3916</ele></trkpt>
      <trkpt lat="34.654152" lon="99.685519"><ele>3917</ele></trkpt>
      <trkpt lat="34.653951" lon="99.685447"><ele>3918</ele></trkpt>
      <trkpt lat="34.653845" lon="99.685426"><ele>3918</ele></trkpt>
      <trkpt lat="34.653743" lon="99.685433"><ele>3918</ele></trkpt>
      <trkpt lat="34.653692" lon="99.685446"><ele>3918</ele></trkpt>
      <trkpt lat="34.653522" lon="99.685549"><ele>3917</ele></trkpt>
      <trkpt lat="34.653238" lon="99.685703"><ele>3913</ele></trkpt>
      <trkpt lat="34.652741" lon="99.68593"><ele>3915</ele></trkpt>
      <trkpt lat="34.652645" lon="99.685928"><ele>3915</ele></trkpt>
      <trkpt lat="34.652555" lon="99.685899"><ele>3915</ele></trkpt>
      <trkpt lat="34.652468" lon="99.685847"><ele>3915</ele></trkpt>
      <trkpt lat="34.65239" lon="99.685765"><ele>3915</ele></trkpt>
      <trkpt lat="34.652325" lon="99.685672"><ele>3915</ele></trkpt>
      <trkpt lat="34.652155" lon="99.685354"><ele>3915</ele></trkpt>
      <trkpt lat="34.652025" lon="99.68515"><ele>3917</ele></trkpt>
      <trkpt lat="34.651875" lon="99.684966"><ele>3919</ele></trkpt>
      <trkpt lat="34.651787" lon="99.684885"><ele>3920</ele></trkpt>
      <trkpt lat="34.651479" lon="99.684779"><ele>3920</ele></trkpt>
      <trkpt lat="34.651387" lon="99.684716"><ele>3920</ele></trkpt>
      <trkpt lat="34.651335" lon="99.684624"><ele>3919</ele></trkpt>
      <trkpt lat="34.651331" lon="99.684513"><ele>3919</ele></trkpt>
      <trkpt lat="34.651384" lon="99.684272"><ele>3919</ele></trkpt>
      <trkpt lat="34.651357" lon="99.684159"><ele>3920</ele></trkpt>
      <trkpt lat="34.651279" lon="99.684083"><ele>3921</ele></trkpt>
      <trkpt lat="34.651182" lon="99.684053"><ele>3923</ele></trkpt>
      <trkpt lat="34.651075" lon="99.684045"><ele>3924</ele></trkpt>
      <trkpt lat="34.650972" lon="99.684053"><ele>3924</ele></trkpt>
      <trkpt lat="34.650863" lon="99.684079"><ele>3923</ele></trkpt>
      <trkpt lat="34.650766" lon="99.684088"><ele>3922</ele></trkpt>
      <trkpt lat="34.650688" lon="99.684035"><ele>3921</ele></trkpt>
      <trkpt lat="34.650644" lon="99.683932"><ele>3921</ele></trkpt>
      <trkpt lat="34.650619" lon="99.683808"><ele>3921</ele></trkpt>
      <trkpt lat="34.650566" lon="99.683691"><ele>3921</ele></trkpt>
      <trkpt lat="34.650489" lon="99.683597"><ele>3922</ele></trkpt>
      <trkpt lat="34.650291" lon="99.683479"><ele>3923</ele></trkpt>
      <trkpt lat="34.650103" lon="99.683383"><ele>3922</ele></trkpt>
      <trkpt lat="34.649829" lon="99.683289"><ele>3922</ele></trkpt>
      <trkpt lat="34.649555" lon="99.683182"><ele>3922</ele></trkpt>
      <trkpt lat="34.649384" lon="99.683103"><ele>3922</ele></trkpt>
      <trkpt lat="34.649304" lon="99.68305"><ele>3922</ele></trkpt>
      <trkpt lat="34.649172" lon="99.682899"><ele>3922</ele></trkpt>
      <trkpt lat="34.649087" lon="99.682857"><ele>3923</ele></trkpt>
      <trkpt lat="34.648984" lon="99.682829"><ele>3923</ele></trkpt>
      <trkpt lat="34.648873" lon="99.682829"><ele>3922</ele></trkpt>
      <trkpt lat="34.648684" lon="99.682792"><ele>3923</ele></trkpt>
      <trkpt lat="34.648486" lon="99.682768"><ele>3923</ele></trkpt>
      <trkpt lat="34.648297" lon="99.682714"><ele>3922</ele></trkpt>
      <trkpt lat="34.64821" lon="99.682679"><ele>3920</ele></trkpt>
      <trkpt lat="34.648126" lon="99.682632"><ele>3919</ele></trkpt>
      <trkpt lat="34.647844" lon="99.682454"><ele>3916</ele></trkpt>
      <trkpt lat="34.647757" lon="99.682385"><ele>3915</ele></trkpt>
      <trkpt lat="34.647681" lon="99.682293"><ele>3913</ele></trkpt>
      <trkpt lat="34.647479" lon="99.682014"><ele>3910</ele></trkpt>
      <trkpt lat="34.647324" lon="99.681826"><ele>3908</ele></trkpt>
      <trkpt lat="34.647248" lon="99.681755"><ele>3906</ele></trkpt>
      <trkpt lat="34.646927" lon="99.681499"><ele>3906</ele></trkpt>
      <trkpt lat="34.646535" lon="99.681274"><ele>3906</ele></trkpt>
      <trkpt lat="34.646437" lon="99.681231"><ele>3906</ele></trkpt>
      <trkpt lat="34.646137" lon="99.681159"><ele>3905</ele></trkpt>
      <trkpt lat="34.645936" lon="99.68115"><ele>3904</ele></trkpt>
      <trkpt lat="34.645635" lon="99.681163"><ele>3903</ele></trkpt>
      <trkpt lat="34.645447" lon="99.68115"><ele>3904</ele></trkpt>
      <trkpt lat="34.645359" lon="99.68112"><ele>3904</ele></trkpt>
      <trkpt lat="34.645278" lon="99.681067"><ele>3904</ele></trkpt>
      <trkpt lat="34.645192" lon="99.680987"><ele>3905</ele></trkpt>
      <trkpt lat="34.645029" lon="99.680805"><ele>3906</ele></trkpt>
      <trkpt lat="34.644799" lon="99.6804"><ele>3908</ele></trkpt>
      <trkpt lat="34.644675" lon="99.680219"><ele>3909</ele></trkpt>
      <trkpt lat="34.644438" lon="99.679809"><ele>3912</ele></trkpt>
      <trkpt lat="34.644306" lon="99.679449"><ele>3913</ele></trkpt>
      <trkpt lat="34.643974" lon="99.678836"><ele>3915</ele></trkpt>
      <trkpt lat="34.643518" lon="99.678183"><ele>3913</ele></trkpt>
      <trkpt lat="34.643121" lon="99.677567"><ele>3914</ele></trkpt>
      <trkpt lat="34.64286" lon="99.677193"><ele>3913</ele></trkpt>
      <trkpt lat="34.642799" lon="99.67709"><ele>3912</ele></trkpt>
      <trkpt lat="34.642744" lon="99.676973"><ele>3913</ele></trkpt>
      <trkpt lat="34.642561" lon="99.676521"><ele>3914</ele></trkpt>
      <trkpt lat="34.642404" lon="99.676194"><ele>3915</ele></trkpt>
      <trkpt lat="34.642269" lon="99.675986"><ele>3915</ele></trkpt>
      <trkpt lat="34.642123" lon="99.675793"><ele>3915</ele></trkpt>
      <trkpt lat="34.641999" lon="99.675591"><ele>3915</ele></trkpt>
      <trkpt lat="34.641861" lon="99.67542"><ele>3916</ele></trkpt>
      <trkpt lat="34.641805" lon="99.675335"><ele>3916</ele></trkpt>
      <trkpt lat="34.641707" lon="99.675097"><ele>3916</ele></trkpt>
      <trkpt lat="34.641576" lon="99.674825"><ele>3916</ele></trkpt>
      <trkpt lat="34.641547" lon="99.67473"><ele>3916</ele></trkpt>
      <trkpt lat="34.641407" lon="99.674407"><ele>3917</ele></trkpt>
      <trkpt lat="34.641375" lon="99.674287"><ele>3918</ele></trkpt>
      <trkpt lat="34.641385" lon="99.674273"><ele>3919</ele></trkpt>
      <trkpt lat="34.641368" lon="99.674201"><ele>3919</ele></trkpt>
      <trkpt lat="34.641337" lon="99.674105"><ele>3918</ele></trkpt>
      <trkpt lat="34.641247" lon="99.673899"><ele>3918</ele></trkpt>
      <trkpt lat="34.641105" lon="99.673423"><ele>3921</ele></trkpt>
      <trkpt lat="34.641046" lon="99.673197"><ele>3921</ele></trkpt>
      <trkpt lat="34.640807" lon="99.672063"><ele>3923</ele></trkpt>
      <trkpt lat="34.640774" lon="99.671829"><ele>3926</ele></trkpt>
      <trkpt lat="34.640707" lon="99.671492"><ele>3929</ele></trkpt>
      <trkpt lat="34.64063" lon="99.671139"><ele>3931</ele></trkpt>
      <trkpt lat="34.64056" lon="99.670909"><ele>3933</ele></trkpt>
      <trkpt lat="34.640356" lon="99.670461"><ele>3935</ele></trkpt>
      <trkpt lat="34.640298" lon="99.670357"><ele>3936</ele></trkpt>
      <trkpt lat="34.640171" lon="99.670176"><ele>3937</ele></trkpt>
      <trkpt lat="34.640015" lon="99.670004"><ele>3938</ele></trkpt>
      <trkpt lat="34.63984" lon="99.669859"><ele>3939</ele></trkpt>
      <trkpt lat="34.639744" lon="99.669799"><ele>3939</ele></trkpt>
      <trkpt lat="34.639462" lon="99.669659"><ele>3940</ele></trkpt>
      <trkpt lat="34.639377" lon="99.669608"><ele>3940</ele></trkpt>
      <trkpt lat="34.639171" lon="99.669532"><ele>3940</ele></trkpt>
      <trkpt lat="34.638791" lon="99.66943"><ele>3940</ele></trkpt>
      <trkpt lat="34.638487" lon="99.66932"><ele>3939</ele></trkpt>
      <trkpt lat="34.638297" lon="99.669223"><ele>3940</ele></trkpt>
      <trkpt lat="34.637952" lon="99.669084"><ele>3940</ele></trkpt>
      <trkpt lat="34.637759" lon="99.668989"><ele>3939</ele></trkpt>
      <trkpt lat="34.637674" lon="99.668931"><ele>3938</ele></trkpt>
      <trkpt lat="34.637595" lon="99.668866"><ele>3938</ele></trkpt>
      <trkpt lat="34.637515" lon="99.668777"><ele>3938</ele></trkpt>
      <trkpt lat="34.637174" lon="99.668325"><ele>3936</ele></trkpt>
      <trkpt lat="34.636749" lon="99.667839"><ele>3934</ele></trkpt>
      <trkpt lat="34.636445" lon="99.667522"><ele>3934</ele></trkpt>
      <trkpt lat="34.636211" lon="99.667293"><ele>3933</ele></trkpt>
      <trkpt lat="34.63599" lon="99.667055"><ele>3932</ele></trkpt>
      <trkpt lat="34.635738" lon="99.666816"><ele>3934</ele></trkpt>
      <trkpt lat="34.635474" lon="99.666614"><ele>3935</ele></trkpt>
      <trkpt lat="34.635218" lon="99.666441"><ele>3937</ele></trkpt>
      <trkpt lat="34.63489" lon="99.666196"><ele>3938</ele></trkpt>
      <trkpt lat="34.634545" lon="99.665962"><ele>3938</ele></trkpt>
      <trkpt lat="34.634278" lon="99.665761"><ele>3937</ele></trkpt>
      <trkpt lat="34.634012" lon="99.66554"><ele>3937</ele></trkpt>
      <trkpt lat="34.633847" lon="99.665387"><ele>3937</ele></trkpt>
      <trkpt lat="34.633583" lon="99.665176"><ele>3938</ele></trkpt>
      <trkpt lat="34.633353" lon="99.664954"><ele>3940</ele></trkpt>
      <trkpt lat="34.633021" lon="99.664703"><ele>3939</ele></trkpt>
      <trkpt lat="34.632859" lon="99.664566"><ele>3941</ele></trkpt>
      <trkpt lat="34.632842" lon="99.664535"><ele>3941</ele></trkpt>
      <trkpt lat="34.632819" lon="99.664446"><ele>3941</ele></trkpt>
      <trkpt lat="34.632852" lon="99.664347"><ele>3942</ele></trkpt>
      <trkpt lat="34.632939" lon="99.664243"><ele>3941</ele></trkpt>
      <trkpt lat="34.633002" lon="99.664133"><ele>3939</ele></trkpt>
      <trkpt lat="34.633102" lon="99.6639"><ele>3936</ele></trkpt>
      <trkpt lat="34.633111" lon="99.663778"><ele>3935</ele></trkpt>
      <trkpt lat="34.633084" lon="99.663669"><ele>3935</ele></trkpt>
      <trkpt lat="34.632982" lon="99.663459"><ele>3936</ele></trkpt>
      <trkpt lat="34.63284" lon="99.663265"><ele>3935</ele></trkpt>
      <trkpt lat="34.632802" lon="99.66316"><ele>3935</ele></trkpt>
      <trkpt lat="34.632777" lon="99.663052"><ele>3935</ele></trkpt>
      <trkpt lat="34.632742" lon="99.662948"><ele>3935</ele></trkpt>
      <trkpt lat="34.632665" lon="99.66288"><ele>3935</ele></trkpt>
      <trkpt lat="34.63242" lon="99.662568"><ele>3938</ele></trkpt>
      <trkpt lat="34.632333" lon="99.662507"><ele>3938</ele></trkpt>
      <trkpt lat="34.632242" lon="99.662462"><ele>3938</ele></trkpt>
      <trkpt lat="34.632153" lon="99.662432"><ele>3939</ele></trkpt>
      <trkpt lat="34.631961" lon="99.662398"><ele>3945</ele></trkpt>
      <trkpt lat="34.631682" lon="99.662237"><ele>3954</ele></trkpt>
      <trkpt lat="34.631501" lon="99.662146"><ele>3959</ele></trkpt>
      <trkpt lat="34.631213" lon="99.662081"><ele>3963</ele></trkpt>
      <trkpt lat="34.631123" lon="99.662017"><ele>3964</ele></trkpt>
      <trkpt lat="34.630972" lon="99.661841"><ele>3966</ele></trkpt>
      <trkpt lat="34.630769" lon="99.661558"><ele>3970</ele></trkpt>
      <trkpt lat="34.630609" lon="99.661399"><ele>3970</ele></trkpt>
      <trkpt lat="34.630386" lon="99.661137"><ele>3971</ele></trkpt>
      <trkpt lat="34.629888" lon="99.660638"><ele>3972</ele></trkpt>
      <trkpt lat="34.629825" lon="99.66055"><ele>3972</ele></trkpt>
      <trkpt lat="34.6296" lon="99.660297"><ele>3974</ele></trkpt>
      <trkpt lat="34.628987" lon="99.659625"><ele>3974</ele></trkpt>
      <trkpt lat="34.628923" lon="99.659527"><ele>3975</ele></trkpt>
      <trkpt lat="34.628733" lon="99.659106"><ele>3976</ele></trkpt>
      <trkpt lat="34.628596" lon="99.658847"><ele>3977</ele></trkpt>
      <trkpt lat="34.628207" lon="99.657927"><ele>3977</ele></trkpt>
      <trkpt lat="34.628198" lon="99.65785"><ele>3978</ele></trkpt>
      <trkpt lat="34.628235" lon="99.657744"><ele>3976</ele></trkpt>
      <trkpt lat="34.628438" lon="99.657506"><ele>3972</ele></trkpt>
      <trkpt lat="34.628497" lon="99.657415"><ele>3972</ele></trkpt>
      <trkpt lat="34.628593" lon="99.657192"><ele>3971</ele></trkpt>
      <trkpt lat="34.628642" lon="99.657148"><ele>3971</ele></trkpt>
      <trkpt lat="34.628687" lon="99.656938"><ele>3967</ele></trkpt>
      <trkpt lat="34.628694" lon="99.656824"><ele>3966</ele></trkpt>
      <trkpt lat="34.628673" lon="99.656698"><ele>3965</ele></trkpt>
      <trkpt lat="34.628554" lon="99.656315"><ele>3964</ele></trkpt>
      <trkpt lat="34.628451" lon="99.656085"><ele>3964</ele></trkpt>
      <trkpt lat="34.628411" lon="99.655969"><ele>3964</ele></trkpt>
      <trkpt lat="34.628326" lon="99.655491"><ele>3965</ele></trkpt>
      <trkpt lat="34.628317" lon="99.655365"><ele>3965</ele></trkpt>
      <trkpt lat="34.628367" lon="99.654993"><ele>3965</ele></trkpt>
      <trkpt lat="34.628377" lon="99.65473"><ele>3967</ele></trkpt>
      <trkpt lat="34.628405" lon="99.654489"><ele>3968</ele></trkpt>
      <trkpt lat="34.628428" lon="99.654378"><ele>3968</ele></trkpt>
      <trkpt lat="34.628565" lon="99.653898"><ele>3968</ele></trkpt>
      <trkpt lat="34.628492" lon="99.653855"><ele>3969</ele></trkpt>
      <trkpt lat="34.628391" lon="99.653882"><ele>3970</ele></trkpt>
      <trkpt lat="34.628212" lon="99.654027"><ele>3970</ele></trkpt>
      <trkpt lat="34.628143" lon="99.654116"><ele>3969</ele></trkpt>
      <trkpt lat="34.628056" lon="99.654173"><ele>3967</ele></trkpt>
      <trkpt lat="34.627872" lon="99.654263"><ele>3966</ele></trkpt>
      <trkpt lat="34.627792" lon="99.654208"><ele>3965</ele></trkpt>
      <trkpt lat="34.627725" lon="99.654121"><ele>3964</ele></trkpt>
      <trkpt lat="34.62767" lon="99.654017"><ele>3964</ele></trkpt>
      <trkpt lat="34.627597" lon="99.653927"><ele>3964</ele></trkpt>
      <trkpt lat="34.627506" lon="99.653858"><ele>3965</ele></trkpt>
      <trkpt lat="34.627442" lon="99.653762"><ele>3965</ele></trkpt>
      <trkpt lat="34.627409" lon="99.653651"><ele>3965</ele></trkpt>
      <trkpt lat="34.627343" lon="99.6533"><ele>3965</ele></trkpt>
      <trkpt lat="34.627281" lon="99.653071"><ele>3965</ele></trkpt>
      <trkpt lat="34.62724" lon="99.652965"><ele>3964</ele></trkpt>
      <trkpt lat="34.627218" lon="99.652846"><ele>3964</ele></trkpt>
      <trkpt lat="34.627228" lon="99.652717"><ele>3964</ele></trkpt>
      <trkpt lat="34.627187" lon="99.652465"><ele>3965</ele></trkpt>
      <trkpt lat="34.627159" lon="99.65235"><ele>3966</ele></trkpt>
      <trkpt lat="34.627088" lon="99.652113"><ele>3966</ele></trkpt>
      <trkpt lat="34.626874" lon="99.65155"><ele>3967</ele></trkpt>
      <trkpt lat="34.626783" lon="99.651205"><ele>3968</ele></trkpt>
      <trkpt lat="34.626771" lon="99.651091"><ele>3968</ele></trkpt>
      <trkpt lat="34.626777" lon="99.650855"><ele>3968</ele></trkpt>
      <trkpt lat="34.626731" lon="99.650472"><ele>3969</ele></trkpt>
      <trkpt lat="34.626719" lon="99.650232"><ele>3970</ele></trkpt>
      <trkpt lat="34.626676" lon="99.64999"><ele>3970</ele></trkpt>
      <trkpt lat="34.626462" lon="99.649196"><ele>3972</ele></trkpt>
      <trkpt lat="34.626388" lon="99.648956"><ele>3973</ele></trkpt>
      <trkpt lat="34.626348" lon="99.648845"><ele>3973</ele></trkpt>
      <trkpt lat="34.626198" lon="99.64855"><ele>3975</ele></trkpt>
      <trkpt lat="34.626142" lon="99.648462"><ele>3975</ele></trkpt>
      <trkpt lat="34.626093" lon="99.648356"><ele>3975</ele></trkpt>
      <trkpt lat="34.626045" lon="99.64824"><ele>3975</ele></trkpt>
      <trkpt lat="34.625979" lon="99.647987"><ele>3976</ele></trkpt>
      <trkpt lat="34.625928" lon="99.647465"><ele>3976</ele></trkpt>
      <trkpt lat="34.625867" lon="99.647131"><ele>3973</ele></trkpt>
      <trkpt lat="34.625935" lon="99.647054"><ele>3973</ele></trkpt>
      <trkpt lat="34.626021" lon="99.646979"><ele>3971</ele></trkpt>
      <trkpt lat="34.626096" lon="99.646887"><ele>3969</ele></trkpt>
      <trkpt lat="34.626087" lon="99.646781"><ele>3967</ele></trkpt>
      <trkpt lat="34.626014" lon="99.646693"><ele>3968</ele></trkpt>
      <trkpt lat="34.625977" lon="99.646684"><ele>3969</ele></trkpt>
      <trkpt lat="34.625933" lon="99.6466"><ele>3969</ele></trkpt>
      <trkpt lat="34.625868" lon="99.646504"><ele>3969</ele></trkpt>
      <trkpt lat="34.625785" lon="99.646426"><ele>3969</ele></trkpt>
      <trkpt lat="34.625576" lon="99.646184"><ele>3971</ele></trkpt>
      <trkpt lat="34.625514" lon="99.646101"><ele>3972</ele></trkpt>
      <trkpt lat="34.625457" lon="99.646062"><ele>3972</ele></trkpt>
      <trkpt lat="34.625385" lon="99.645876"><ele>3973</ele></trkpt>
      <trkpt lat="34.625352" lon="99.645767"><ele>3974</ele></trkpt>
      <trkpt lat="34.625309" lon="99.645668"><ele>3973</ele></trkpt>
      <trkpt lat="34.625209" lon="99.645478"><ele>3971</ele></trkpt>
      <trkpt lat="34.625115" lon="99.645265"><ele>3971</ele></trkpt>
      <trkpt lat="34.62491" lon="99.644998"><ele>3973</ele></trkpt>
      <trkpt lat="34.624838" lon="99.644923"><ele>3973</ele></trkpt>
      <trkpt lat="34.624776" lon="99.644825"><ele>3974</ele></trkpt>
      <trkpt lat="34.624819" lon="99.644455"><ele>3976</ele></trkpt>
      <trkpt lat="34.624825" lon="99.644187"><ele>3978</ele></trkpt>
      <trkpt lat="34.624818" lon="99.644068"><ele>3978</ele></trkpt>
      <trkpt lat="34.624796" lon="99.643949"><ele>3978</ele></trkpt>
      <trkpt lat="34.624761" lon="99.643834"><ele>3978</ele></trkpt>
      <trkpt lat="34.62464" lon="99.643629"><ele>3978</ele></trkpt>
      <trkpt lat="34.624577" lon="99.643541"><ele>3979</ele></trkpt>
      <trkpt lat="34.624539" lon="99.643427"><ele>3979</ele></trkpt>
      <trkpt lat="34.624523" lon="99.643314"><ele>3980</ele></trkpt>
      <trkpt lat="34.624529" lon="99.643189"><ele>3981</ele></trkpt>
      <trkpt lat="34.624514" lon="99.64304"><ele>3982</ele></trkpt>
      <trkpt lat="34.624546" lon="99.64297"><ele>3982</ele></trkpt>
      <trkpt lat="34.62446" lon="99.642646"><ele>3984</ele></trkpt>
      <trkpt lat="34.624418" lon="99.642397"><ele>3984</ele></trkpt>
      <trkpt lat="34.624409" lon="99.64227"><ele>3984</ele></trkpt>
      <trkpt lat="34.624428" lon="99.642029"><ele>3985</ele></trkpt>
      <trkpt lat="34.624464" lon="99.641922"><ele>3985</ele></trkpt>
      <trkpt lat="34.624511" lon="99.641825"><ele>3985</ele></trkpt>
      <trkpt lat="34.624576" lon="99.641735"><ele>3985</ele></trkpt>
      <trkpt lat="34.624627" lon="99.641629"><ele>3985</ele></trkpt>
      <trkpt lat="34.624657" lon="99.641515"><ele>3984</ele></trkpt>
      <trkpt lat="34.624673" lon="99.641384"><ele>3984</ele></trkpt>
      <trkpt lat="34.624675" lon="99.641134"><ele>3983</ele></trkpt>
      <trkpt lat="34.624667" lon="99.641019"><ele>3984</ele></trkpt>
      <trkpt lat="34.624656" lon="99.640902"><ele>3984</ele></trkpt>
      <trkpt lat="34.624614" lon="99.640663"><ele>3984</ele></trkpt>
      <trkpt lat="34.624614" lon="99.640543"><ele>3984</ele></trkpt>
      <trkpt lat="34.62464" lon="99.640309"><ele>3984</ele></trkpt>
      <trkpt lat="34.624645" lon="99.640187"><ele>3984</ele></trkpt>
      <trkpt lat="34.624641" lon="99.639827"><ele>3985</ele></trkpt>
      <trkpt lat="34.624623" lon="99.639704"><ele>3986</ele></trkpt>
      <trkpt lat="34.62457" lon="99.639477"><ele>3988</ele></trkpt>
      <trkpt lat="34.624564" lon="99.639364"><ele>3989</ele></trkpt>
      <trkpt lat="34.624583" lon="99.639137"><ele>3992</ele></trkpt>
      <trkpt lat="34.62463" lon="99.638894"><ele>3997</ele></trkpt>
      <trkpt lat="34.624657" lon="99.63865"><ele>4000</ele></trkpt>
      <trkpt lat="34.624658" lon="99.638531"><ele>4002</ele></trkpt>
      <trkpt lat="34.624625" lon="99.638297"><ele>4003</ele></trkpt>
      <trkpt lat="34.62462" lon="99.638181"><ele>4003</ele></trkpt>
      <trkpt lat="34.624653" lon="99.63795"><ele>4006</ele></trkpt>
      <trkpt lat="34.624624" lon="99.637845"><ele>4007</ele></trkpt>
      <trkpt lat="34.624554" lon="99.637775"><ele>4007</ele></trkpt>
      <trkpt lat="34.624465" lon="99.637726"><ele>4008</ele></trkpt>
      <trkpt lat="34.624266" lon="99.637683"><ele>4009</ele></trkpt>
      <trkpt lat="34.624083" lon="99.637659"><ele>4010</ele></trkpt>
      <trkpt lat="34.624044" lon="99.637563"><ele>4011</ele></trkpt>
      <trkpt lat="34.624034" lon="99.637436"><ele>4012</ele></trkpt>
      <trkpt lat="34.624046" lon="99.637305"><ele>4012</ele></trkpt>
      <trkpt lat="34.624045" lon="99.637169"><ele>4012</ele></trkpt>
      <trkpt lat="34.624019" lon="99.637038"><ele>4012</ele></trkpt>
      <trkpt lat="34.623976" lon="99.636921"><ele>4013</ele></trkpt>
      <trkpt lat="34.623824" lon="99.636606"><ele>4015</ele></trkpt>
      <trkpt lat="34.623787" lon="99.636488"><ele>4015</ele></trkpt>
      <trkpt lat="34.623787" lon="99.636364"><ele>4016</ele></trkpt>
      <trkpt lat="34.623826" lon="99.636256"><ele>4018</ele></trkpt>
      <trkpt lat="34.623812" lon="99.636148"><ele>4019</ele></trkpt>
      <trkpt lat="34.623681" lon="99.635987"><ele>4022</ele></trkpt>
      <trkpt lat="34.623636" lon="99.635877"><ele>4024</ele></trkpt>
      <trkpt lat="34.623607" lon="99.635763"><ele>4025</ele></trkpt>
      <trkpt lat="34.623592" lon="99.63564"><ele>4027</ele></trkpt>
      <trkpt lat="34.623566" lon="99.635523"><ele>4028</ele></trkpt>
      <trkpt lat="34.623444" lon="99.63532"><ele>4029</ele></trkpt>
      <trkpt lat="34.623391" lon="99.635211"><ele>4029</ele></trkpt>
      <trkpt lat="34.623358" lon="99.63509"><ele>4030</ele></trkpt>
      <trkpt lat="34.623244" lon="99.634396"><ele>4031</ele></trkpt>
      <trkpt lat="34.62316" lon="99.634036"><ele>4030</ele></trkpt>
      <trkpt lat="34.623135" lon="99.633781"><ele>4029</ele></trkpt>
      <trkpt lat="34.62313" lon="99.633652"><ele>4029</ele></trkpt>
      <trkpt lat="34.6231" lon="99.633402"><ele>4028</ele></trkpt>
      <trkpt lat="34.623021" lon="99.63303"><ele>4028</ele></trkpt>
      <trkpt lat="34.622949" lon="99.632784"><ele>4028</ele></trkpt>
      <trkpt lat="34.622901" lon="99.632555"><ele>4028</ele></trkpt>
      <trkpt lat="34.622886" lon="99.632315"><ele>4030</ele></trkpt>
      <trkpt lat="34.622893" lon="99.6322"><ele>4031</ele></trkpt>
      <trkpt lat="34.622923" lon="99.632083"><ele>4032</ele></trkpt>
      <trkpt lat="34.622993" lon="99.631999"><ele>4033</ele></trkpt>
      <trkpt lat="34.623093" lon="99.631938"><ele>4034</ele></trkpt>
      <trkpt lat="34.623169" lon="99.631849"><ele>4033</ele></trkpt>
      <trkpt lat="34.623151" lon="99.631747"><ele>4033</ele></trkpt>
      <trkpt lat="34.623101" lon="99.631642"><ele>4033</ele></trkpt>
      <trkpt lat="34.623086" lon="99.631527"><ele>4034</ele></trkpt>
      <trkpt lat="34.623114" lon="99.63141"><ele>4035</ele></trkpt>
      <trkpt lat="34.623208" lon="99.631204"><ele>4037</ele></trkpt>
      <trkpt lat="34.623247" lon="99.631099"><ele>4037</ele></trkpt>
      <trkpt lat="34.623276" lon="99.63099"><ele>4038</ele></trkpt>
      <trkpt lat="34.623317" lon="99.63075"><ele>4039</ele></trkpt>
      <trkpt lat="34.623355" lon="99.630385"><ele>4041</ele></trkpt>
      <trkpt lat="34.623376" lon="99.630274"><ele>4041</ele></trkpt>
      <trkpt lat="34.623445" lon="99.630042"><ele>4042</ele></trkpt>
      <trkpt lat="34.623469" lon="99.629822"><ele>4043</ele></trkpt>
      <trkpt lat="34.623505" lon="99.629723"><ele>4044</ele></trkpt>
      <trkpt lat="34.62356" lon="99.629633"><ele>4044</ele></trkpt>
      <trkpt lat="34.623647" lon="99.629412"><ele>4045</ele></trkpt>
      <trkpt lat="34.623772" lon="99.628945"><ele>4044</ele></trkpt>
      <trkpt lat="34.623844" lon="99.62873"><ele>4044</ele></trkpt>
      <trkpt lat="34.623875" lon="99.62861"><ele>4044</ele></trkpt>
      <trkpt lat="34.623915" lon="99.628364"><ele>4043</ele></trkpt>
      <trkpt lat="34.623944" lon="99.628253"><ele>4043</ele></trkpt>
      <trkpt lat="34.624086" lon="99.627804"><ele>4045</ele></trkpt>
      <trkpt lat="34.624105" lon="99.627692"><ele>4047</ele></trkpt>
      <trkpt lat="34.624126" lon="99.627332"><ele>4051</ele></trkpt>
      <trkpt lat="34.624121" lon="99.627208"><ele>4052</ele></trkpt>
      <trkpt lat="34.624132" lon="99.627123"><ele>4053</ele></trkpt>
      <trkpt lat="34.624127" lon="99.626895"><ele>4052</ele></trkpt>
      <trkpt lat="34.624134" lon="99.626777"><ele>4052</ele></trkpt>
      <trkpt lat="34.624273" lon="99.626447"><ele>4054</ele></trkpt>
      <trkpt lat="34.624336" lon="99.626353"><ele>4055</ele></trkpt>
      <trkpt lat="34.624532" lon="99.626212"><ele>4056</ele></trkpt>
      <trkpt lat="34.624599" lon="99.626136"><ele>4055</ele></trkpt>
      <trkpt lat="34.624651" lon="99.626038"><ele>4054</ele></trkpt>
      <trkpt lat="34.624689" lon="99.625924"><ele>4054</ele></trkpt>
      <trkpt lat="34.625075" lon="99.625115"><ele>4056</ele></trkpt>
      <trkpt lat="34.625086" lon="99.625054"><ele>4056</ele></trkpt>
      <trkpt lat="34.625165" lon="99.624879"><ele>4057</ele></trkpt>
      <trkpt lat="34.625223" lon="99.624783"><ele>4057</ele></trkpt>
      <trkpt lat="34.625292" lon="99.624698"><ele>4057</ele></trkpt>
      <trkpt lat="34.625464" lon="99.624403"><ele>4057</ele></trkpt>
      <trkpt lat="34.625673" lon="99.624141"><ele>4057</ele></trkpt>
      <trkpt lat="34.625755" lon="99.62408"><ele>4057</ele></trkpt>
      <trkpt lat="34.6258" lon="99.623978"><ele>4057</ele></trkpt>
      <trkpt lat="34.625674" lon="99.623746"><ele>4052</ele></trkpt>
      <trkpt lat="34.625712" lon="99.623558"><ele>4054</ele></trkpt>
      <trkpt lat="34.625779" lon="99.623315"><ele>4054</ele></trkpt>
      <trkpt lat="34.625826" lon="99.622924"><ele>4056</ele></trkpt>
      <trkpt lat="34.625828" lon="99.622793"><ele>4056</ele></trkpt>
      <trkpt lat="34.625816" lon="99.622533"><ele>4057</ele></trkpt>
      <trkpt lat="34.625776" lon="99.622299"><ele>4058</ele></trkpt>
      <trkpt lat="34.625752" lon="99.622055"><ele>4058</ele></trkpt>
      <trkpt lat="34.625748" lon="99.62193"><ele>4058</ele></trkpt>
      <trkpt lat="34.62586" lon="99.621337"><ele>4060</ele></trkpt>
      <trkpt lat="34.625864" lon="99.621216"><ele>4061</ele></trkpt>
      <trkpt lat="34.625879" lon="99.621105"><ele>4063</ele></trkpt>
      <trkpt lat="34.625925" lon="99.620871"><ele>4065</ele></trkpt>
      <trkpt lat="34.62594" lon="99.620749"><ele>4065</ele></trkpt>
      <trkpt lat="34.625994" lon="99.620524"><ele>4067</ele></trkpt>
      <trkpt lat="34.626047" lon="99.620412"><ele>4067</ele></trkpt>
      <trkpt lat="34.626068" lon="99.620297"><ele>4067</ele></trkpt>
      <trkpt lat="34.626037" lon="99.619957"><ele>4068</ele></trkpt>
      <trkpt lat="34.626039" lon="99.619842"><ele>4069</ele></trkpt>
      <trkpt lat="34.626056" lon="99.619719"><ele>4069</ele></trkpt>
      <trkpt lat="34.626091" lon="99.619227"><ele>4071</ele></trkpt>
      <trkpt lat="34.626081" lon="99.619101"><ele>4071</ele></trkpt>
      <trkpt lat="34.626074" lon="99.618744"><ele>4073</ele></trkpt>
      <trkpt lat="34.626061" lon="99.618706"><ele>4074</ele></trkpt>
      <trkpt lat="34.626069" lon="99.618488"><ele>4075</ele></trkpt>
      <trkpt lat="34.626065" lon="99.618255"><ele>4078</ele></trkpt>
      <trkpt lat="34.626085" lon="99.618128"><ele>4079</ele></trkpt>
      <trkpt lat="34.626176" lon="99.617899"><ele>4082</ele></trkpt>
      <trkpt lat="34.626256" lon="99.617821"><ele>4083</ele></trkpt>
      <trkpt lat="34.626351" lon="99.617771"><ele>4082</ele></trkpt>
      <trkpt lat="34.626459" lon="99.617758"><ele>4082</ele></trkpt>
      <trkpt lat="34.626553" lon="99.617719"><ele>4081</ele></trkpt>
      <trkpt lat="34.62664" lon="99.617667"><ele>4081</ele></trkpt>
      <trkpt lat="34.626612" lon="99.617591"><ele>4079</ele></trkpt>
      <trkpt lat="34.626426" lon="99.617478"><ele>4076</ele></trkpt>
      <trkpt lat="34.626372" lon="99.617367"><ele>4077</ele></trkpt>
      <trkpt lat="34.626345" lon="99.617246"><ele>4079</ele></trkpt>
      <trkpt lat="34.626352" lon="99.617121"><ele>4080</ele></trkpt>
      <trkpt lat="34.626386" lon="99.616994"><ele>4082</ele></trkpt>
      <trkpt lat="34.62643" lon="99.616882"><ele>4083</ele></trkpt>
      <trkpt lat="34.626545" lon="99.61668"><ele>4084</ele></trkpt>
      <trkpt lat="34.626642" lon="99.616463"><ele>4083</ele></trkpt>
      <trkpt lat="34.626681" lon="99.616343"><ele>4083</ele></trkpt>
      <trkpt lat="34.626714" lon="99.616234"><ele>4082</ele></trkpt>
      <trkpt lat="34.626746" lon="99.61599"><ele>4080</ele></trkpt>
      <trkpt lat="34.62675" lon="99.615749"><ele>4079</ele></trkpt>
      <trkpt lat="34.626728" lon="99.615632"><ele>4078</ele></trkpt>
      <trkpt lat="34.626765" lon="99.615531"><ele>4077</ele></trkpt>
      <trkpt lat="34.626873" lon="99.615328"><ele>4074</ele></trkpt>
      <trkpt lat="34.626935" lon="99.615111"><ele>4068</ele></trkpt>
      <trkpt lat="34.627097" lon="99.61464"><ele>4055</ele></trkpt>
      <trkpt lat="34.627109" lon="99.614519"><ele>4052</ele></trkpt>
      <trkpt lat="34.627151" lon="99.614406"><ele>4049</ele></trkpt>
      <trkpt lat="34.627292" lon="99.614074"><ele>4047</ele></trkpt>
      <trkpt lat="34.62741" lon="99.613866"><ele>4046</ele></trkpt>
      <trkpt lat="34.627462" lon="99.613753"><ele>4046</ele></trkpt>
      <trkpt lat="34.627511" lon="99.613527"><ele>4046</ele></trkpt>
      <trkpt lat="34.627502" lon="99.613412"><ele>4046</ele></trkpt>
      <trkpt lat="34.627514" lon="99.613292"><ele>4045</ele></trkpt>
      <trkpt lat="34.627575" lon="99.613189"><ele>4045</ele></trkpt>
      <trkpt lat="34.62762" lon="99.613086"><ele>4044</ele></trkpt>
      <trkpt lat="34.627655" lon="99.61298"><ele>4044</ele></trkpt>
      <trkpt lat="34.627707" lon="99.61287"><ele>4044</ele></trkpt>
      <trkpt lat="34.627856" lon="99.612691"><ele>4045</ele></trkpt>
      <trkpt lat="34.62802" lon="99.612519"><ele>4047</ele></trkpt>
      <trkpt lat="34.628151" lon="99.612326"><ele>4049</ele></trkpt>
      <trkpt lat="34.628218" lon="99.612242"><ele>4050</ele></trkpt>
      <trkpt lat="34.628264" lon="99.612147"><ele>4051</ele></trkpt>
      <trkpt lat="34.628345" lon="99.612088"><ele>4051</ele></trkpt>
      <trkpt lat="34.628415" lon="99.612015"><ele>4051</ele></trkpt>
      <trkpt lat="34.628453" lon="99.611916"><ele>4051</ele></trkpt>
      <trkpt lat="34.628443" lon="99.611861"><ele>4051</ele></trkpt>
      <trkpt lat="34.628529" lon="99.611726"><ele>4052</ele></trkpt>
      <trkpt lat="34.628658" lon="99.611412"><ele>4052</ele></trkpt>
      <trkpt lat="34.628721" lon="99.611197"><ele>4051</ele></trkpt>
      <trkpt lat="34.628783" lon="99.610945"><ele>4052</ele></trkpt>
      <trkpt lat="34.628911" lon="99.610624"><ele>4054</ele></trkpt>
      <trkpt lat="34.628974" lon="99.610521"><ele>4055</ele></trkpt>
      <trkpt lat="34.629026" lon="99.610404"><ele>4056</ele></trkpt>
      <trkpt lat="34.629062" lon="99.610282"><ele>4055</ele></trkpt>
      <trkpt lat="34.629151" lon="99.61006"><ele>4056</ele></trkpt>
      <trkpt lat="34.629209" lon="99.609961"><ele>4056</ele></trkpt>
      <trkpt lat="34.629244" lon="99.609857"><ele>4056</ele></trkpt>
      <trkpt lat="34.629304" lon="99.609775"><ele>4057</ele></trkpt>
      <trkpt lat="34.629376" lon="99.609696"><ele>4058</ele></trkpt>
      <trkpt lat="34.629512" lon="99.609497"><ele>4059</ele></trkpt>
      <trkpt lat="34.62954" lon="99.609386"><ele>4059</ele></trkpt>
      <trkpt lat="34.629552" lon="99.609264"><ele>4058</ele></trkpt>
      <trkpt lat="34.629578" lon="99.609148"><ele>4058</ele></trkpt>
      <trkpt lat="34.629624" lon="99.608766"><ele>4058</ele></trkpt>
      <trkpt lat="34.629646" lon="99.608644"><ele>4058</ele></trkpt>
      <trkpt lat="34.629715" lon="99.608394"><ele>4059</ele></trkpt>
      <trkpt lat="34.62977" lon="99.607824"><ele>4059</ele></trkpt>
      <trkpt lat="34.629833" lon="99.607359"><ele>4060</ele></trkpt>
      <trkpt lat="34.629842" lon="99.607099"><ele>4061</ele></trkpt>
      <trkpt lat="34.629838" lon="99.606978"><ele>4061</ele></trkpt>
      <trkpt lat="34.629872" lon="99.606859"><ele>4062</ele></trkpt>
      <trkpt lat="34.629892" lon="99.606735"><ele>4062</ele></trkpt>
      <trkpt lat="34.629922" lon="99.606237"><ele>4063</ele></trkpt>
      <trkpt lat="34.629916" lon="99.606102"><ele>4063</ele></trkpt>
      <trkpt lat="34.629953" lon="99.605983"><ele>4064</ele></trkpt>
      <trkpt lat="34.630009" lon="99.605889"><ele>4065</ele></trkpt>
      <trkpt lat="34.630097" lon="99.605816"><ele>4066</ele></trkpt>
      <trkpt lat="34.630194" lon="99.605802"><ele>4066</ele></trkpt>
      <trkpt lat="34.630806" lon="99.605913"><ele>4069</ele></trkpt>
      <trkpt lat="34.6309" lon="99.605893"><ele>4069</ele></trkpt>
      <trkpt lat="34.630953" lon="99.605789"><ele>4068</ele></trkpt>
      <trkpt lat="34.630975" lon="99.60567"><ele>4068</ele></trkpt>
      <trkpt lat="34.631024" lon="99.605177"><ele>4067</ele></trkpt>
      <trkpt lat="34.631059" lon="99.604937"><ele>4068</ele></trkpt>
      <trkpt lat="34.631085" lon="99.604826"><ele>4068</ele></trkpt>
      <trkpt lat="34.631128" lon="99.604705"><ele>4069</ele></trkpt>
      <trkpt lat="34.631175" lon="99.604602"><ele>4069</ele></trkpt>
      <trkpt lat="34.6313" lon="99.604438"><ele>4071</ele></trkpt>
      <trkpt lat="34.631671" lon="99.604007"><ele>4071</ele></trkpt>
      <trkpt lat="34.631754" lon="99.603927"><ele>4071</ele></trkpt>
      <trkpt lat="34.632103" lon="99.603546"><ele>4072</ele></trkpt>
      <trkpt lat="34.632348" lon="99.603303"><ele>4072</ele></trkpt>
      <trkpt lat="34.632593" lon="99.603025"><ele>4073</ele></trkpt>
      <trkpt lat="34.632893" lon="99.602705"><ele>4073</ele></trkpt>
      <trkpt lat="34.63309" lon="99.602441"><ele>4073</ele></trkpt>
      <trkpt lat="34.633239" lon="99.60227"><ele>4073</ele></trkpt>
      <trkpt lat="34.633448" lon="99.601974"><ele>4074</ele></trkpt>
      <trkpt lat="34.633663" lon="99.601707"><ele>4075</ele></trkpt>
      <trkpt lat="34.633684" lon="99.601691"><ele>4075</ele></trkpt>
      <trkpt lat="34.633783" lon="99.6015"><ele>4076</ele></trkpt>
      <trkpt lat="34.633846" lon="99.601408"><ele>4076</ele></trkpt>
      <trkpt lat="34.634033" lon="99.601158"><ele>4077</ele></trkpt>
      <trkpt lat="34.634106" lon="99.601073"><ele>4077</ele></trkpt>
      <trkpt lat="34.634353" lon="99.60072"><ele>4078</ele></trkpt>
      <trkpt lat="34.634604" lon="99.600327"><ele>4079</ele></trkpt>
      <trkpt lat="34.634698" lon="99.600137"><ele>4078</ele></trkpt>
      <trkpt lat="34.634881" lon="99.599846"><ele>4078</ele></trkpt>
      <trkpt lat="34.634937" lon="99.599734"><ele>4077</ele></trkpt>
      <trkpt lat="34.635125" lon="99.599329"><ele>4076</ele></trkpt>
      <trkpt lat="34.635171" lon="99.599208"><ele>4076</ele></trkpt>
      <trkpt lat="34.635259" lon="99.59887"><ele>4078</ele></trkpt>
      <trkpt lat="34.635343" lon="99.598665"><ele>4080</ele></trkpt>
      <trkpt lat="34.635398" lon="99.598566"><ele>4082</ele></trkpt>
      <trkpt lat="34.635539" lon="99.598376"><ele>4084</ele></trkpt>
      <trkpt lat="34.635597" lon="99.598276"><ele>4085</ele></trkpt>
      <trkpt lat="34.635701" lon="99.598057"><ele>4087</ele></trkpt>
      <trkpt lat="34.635825" lon="99.597843"><ele>4089</ele></trkpt>
      <trkpt lat="34.636032" lon="99.597574"><ele>4090</ele></trkpt>
      <trkpt lat="34.636226" lon="99.597299"><ele>4090</ele></trkpt>
      <trkpt lat="34.636371" lon="99.59697"><ele>4091</ele></trkpt>
      <trkpt lat="34.636428" lon="99.596867"><ele>4091</ele></trkpt>
      <trkpt lat="34.636624" lon="99.596456"><ele>4091</ele></trkpt>
      <trkpt lat="34.636701" lon="99.596246"><ele>4092</ele></trkpt>
      <trkpt lat="34.636755" lon="99.596144"><ele>4093</ele></trkpt>
      <trkpt lat="34.636813" lon="99.596046"><ele>4095</ele></trkpt>
      <trkpt lat="34.636971" lon="99.595906"><ele>4100</ele></trkpt>
      <trkpt lat="34.637133" lon="99.595738"><ele>4103</ele></trkpt>
      <trkpt lat="34.637339" lon="99.595484"><ele>4108</ele></trkpt>
      <trkpt lat="34.637394" lon="99.595389"><ele>4109</ele></trkpt>
      <trkpt lat="34.637491" lon="99.59518"><ele>4113</ele></trkpt>
      <trkpt lat="34.637655" lon="99.594909"><ele>4119</ele></trkpt>
      <trkpt lat="34.63786" lon="99.594674"><ele>4126</ele></trkpt>
      <trkpt lat="34.637991" lon="99.594502"><ele>4129</ele></trkpt>
      <trkpt lat="34.638206" lon="99.594129"><ele>4131</ele></trkpt>
      <trkpt lat="34.638274" lon="99.594045"><ele>4132</ele></trkpt>
      <trkpt lat="34.638397" lon="99.593861"><ele>4133</ele></trkpt>
      <trkpt lat="34.638472" lon="99.593628"><ele>4134</ele></trkpt>
      <trkpt lat="34.638489" lon="99.593512"><ele>4134</ele></trkpt>
      <trkpt lat="34.638461" lon="99.593464"><ele>4135</ele></trkpt>
      <trkpt lat="34.638487" lon="99.593311"><ele>4137</ele></trkpt>
      <trkpt lat="34.638532" lon="99.593225"><ele>4138</ele></trkpt>
      <trkpt lat="34.63861" lon="99.593155"><ele>4138</ele></trkpt>
      <trkpt lat="34.638676" lon="99.593067"><ele>4139</ele></trkpt>
      <trkpt lat="34.638869" lon="99.592632"><ele>4140</ele></trkpt>
      <trkpt lat="34.638935" lon="99.59253"><ele>4140</ele></trkpt>
      <trkpt lat="34.639215" lon="99.592165"><ele>4139</ele></trkpt>
      <trkpt lat="34.639343" lon="99.591964"><ele>4137</ele></trkpt>
      <trkpt lat="34.639524" lon="99.591654"><ele>4136</ele></trkpt>
      <trkpt lat="34.639669" lon="99.591461"><ele>4137</ele></trkpt>
      <trkpt lat="34.639985" lon="99.59098"><ele>4141</ele></trkpt>
      <trkpt lat="34.640061" lon="99.590901"><ele>4142</ele></trkpt>
      <trkpt lat="34.640265" lon="99.590631"><ele>4142</ele></trkpt>
      <trkpt lat="34.640344" lon="99.590549"><ele>4142</ele></trkpt>
      <trkpt lat="34.640599" lon="99.590318"><ele>4140</ele></trkpt>
      <trkpt lat="34.640673" lon="99.590225"><ele>4139</ele></trkpt>
      <trkpt lat="34.640704" lon="99.590101"><ele>4137</ele></trkpt>
      <trkpt lat="34.640675" lon="99.589843"><ele>4135</ele></trkpt>
      <trkpt lat="34.640719" lon="99.589738"><ele>4135</ele></trkpt>
      <trkpt lat="34.640799" lon="99.589665"><ele>4134</ele></trkpt>
      <trkpt lat="34.640886" lon="99.589608"><ele>4134</ele></trkpt>
      <trkpt lat="34.641402" lon="99.589304"><ele>4127</ele></trkpt>
      <trkpt lat="34.641568" lon="99.589156"><ele>4125</ele></trkpt>
      <trkpt lat="34.641647" lon="99.589073"><ele>4124</ele></trkpt>
      <trkpt lat="34.64184" lon="99.588828"><ele>4122</ele></trkpt>
      <trkpt lat="34.642099" lon="99.588444"><ele>4123</ele></trkpt>
      <trkpt lat="34.642532" lon="99.587868"><ele>4124</ele></trkpt>
      <trkpt lat="34.642595" lon="99.587766"><ele>4124</ele></trkpt>
      <trkpt lat="34.642848" lon="99.587246"><ele>4127</ele></trkpt>
      <trkpt lat="34.643013" lon="99.586935"><ele>4127</ele></trkpt>
      <trkpt lat="34.643268" lon="99.586398"><ele>4127</ele></trkpt>
      <trkpt lat="34.643302" lon="99.586292"><ele>4127</ele></trkpt>
      <trkpt lat="34.643354" lon="99.586065"><ele>4128</ele></trkpt>
      <trkpt lat="34.643421" lon="99.585697"><ele>4130</ele></trkpt>
      <trkpt lat="34.643419" lon="99.585586"><ele>4131</ele></trkpt>
      <trkpt lat="34.643445" lon="99.58548"><ele>4131</ele></trkpt>
      <trkpt lat="34.643493" lon="99.585365"><ele>4132</ele></trkpt>
      <trkpt lat="34.643606" lon="99.585157"><ele>4133</ele></trkpt>
      <trkpt lat="34.643673" lon="99.585059"><ele>4133</ele></trkpt>
      <trkpt lat="34.64378" lon="99.584977"><ele>4134</ele></trkpt>
      <trkpt lat="34.643862" lon="99.585"><ele>4134</ele></trkpt>
      <trkpt lat="34.643954" lon="99.585042"><ele>4135</ele></trkpt>
      <trkpt lat="34.644039" lon="99.585111"><ele>4136</ele></trkpt>
      <trkpt lat="34.644121" lon="99.585208"><ele>4135</ele></trkpt>
      <trkpt lat="34.644174" lon="99.585314"><ele>4134</ele></trkpt>
      <trkpt lat="34.644286" lon="99.585649"><ele>4133</ele></trkpt>
      <trkpt lat="34.644333" lon="99.585758"><ele>4133</ele></trkpt>
      <trkpt lat="34.644391" lon="99.585851"><ele>4133</ele></trkpt>
      <trkpt lat="34.644483" lon="99.585883"><ele>4133</ele></trkpt>
      <trkpt lat="34.644571" lon="99.585819"><ele>4134</ele></trkpt>
      <trkpt lat="34.64465" lon="99.585719"><ele>4136</ele></trkpt>
      <trkpt lat="34.644705" lon="99.585595"><ele>4135</ele></trkpt>
      <trkpt lat="34.644715" lon="99.585458"><ele>4135</ele></trkpt>
      <trkpt lat="34.644701" lon="99.585336"><ele>4135</ele></trkpt>
      <trkpt lat="34.644635" lon="99.584998"><ele>4138</ele></trkpt>
      <trkpt lat="34.644591" lon="99.5849"><ele>4139</ele></trkpt>
      <trkpt lat="34.644524" lon="99.584816"><ele>4141</ele></trkpt>
      <trkpt lat="34.644443" lon="99.584743"><ele>4142</ele></trkpt>
      <trkpt lat="34.644379" lon="99.584649"><ele>4144</ele></trkpt>
      <trkpt lat="34.644375" lon="99.58454"><ele>4146</ele></trkpt>
      <trkpt lat="34.644443" lon="99.584449"><ele>4149</ele></trkpt>
      <trkpt lat="34.644944" lon="99.584036"><ele>4160</ele></trkpt>
      <trkpt lat="34.645014" lon="99.583955"><ele>4161</ele></trkpt>
      <trkpt lat="34.645075" lon="99.58386"><ele>4162</ele></trkpt>
      <trkpt lat="34.645291" lon="99.583457"><ele>4165</ele></trkpt>
      <trkpt lat="34.645413" lon="99.583264"><ele>4164</ele></trkpt>
      <trkpt lat="34.645465" lon="99.58316"><ele>4164</ele></trkpt>
      <trkpt lat="34.64554" lon="99.582953"><ele>4165</ele></trkpt>
      <trkpt lat="34.645587" lon="99.582847"><ele>4165</ele></trkpt>
      <trkpt lat="34.645736" lon="99.582541"><ele>4168</ele></trkpt>
      <trkpt lat="34.646033" lon="99.582039"><ele>4173</ele></trkpt>
      <trkpt lat="34.646163" lon="99.58184"><ele>4175</ele></trkpt>
      <trkpt lat="34.646232" lon="99.581756"><ele>4175</ele></trkpt>
      <trkpt lat="34.646454" lon="99.581522"><ele>4178</ele></trkpt>
      <trkpt lat="34.646549" lon="99.581464"><ele>4178</ele></trkpt>
      <trkpt lat="34.646749" lon="99.581411"><ele>4178</ele></trkpt>
      <trkpt lat="34.646845" lon="99.581363"><ele>4178</ele></trkpt>
      <trkpt lat="34.646905" lon="99.581266"><ele>4179</ele></trkpt>
      <trkpt lat="34.647017" lon="99.580776"><ele>4183</ele></trkpt>
      <trkpt lat="34.647053" lon="99.580527"><ele>4183</ele></trkpt>
      <trkpt lat="34.647087" lon="99.580401"><ele>4183</ele></trkpt>
      <trkpt lat="34.647129" lon="99.580293"><ele>4183</ele></trkpt>
      <trkpt lat="34.647256" lon="99.580109"><ele>4184</ele></trkpt>
      <trkpt lat="34.64729" lon="99.580003"><ele>4184</ele></trkpt>
      <trkpt lat="34.647296" lon="99.579751"><ele>4184</ele></trkpt>
      <trkpt lat="34.64731" lon="99.579621"><ele>4183</ele></trkpt>
      <trkpt lat="34.647388" lon="99.579255"><ele>4181</ele></trkpt>
      <trkpt lat="34.647432" lon="99.578887"><ele>4179</ele></trkpt>
      <trkpt lat="34.647513" lon="99.578392"><ele>4176</ele></trkpt>
      <trkpt lat="34.64751" lon="99.578144"><ele>4175</ele></trkpt>
      <trkpt lat="34.647469" lon="99.57766"><ele>4173</ele></trkpt>
      <trkpt lat="34.647443" lon="99.577548"><ele>4173</ele></trkpt>
      <trkpt lat="34.647335" lon="99.577201"><ele>4170</ele></trkpt>
      <trkpt lat="34.64731" lon="99.577085"><ele>4169</ele></trkpt>
      <trkpt lat="34.6473" lon="99.576971"><ele>4169</ele></trkpt>
      <trkpt lat="34.647336" lon="99.576747"><ele>4171</ele></trkpt>
      <trkpt lat="34.647467" lon="99.576153"><ele>4180</ele></trkpt>
      <trkpt lat="34.647477" lon="99.576021"><ele>4181</ele></trkpt>
      <trkpt lat="34.647528" lon="99.575765"><ele>4181</ele></trkpt>
      <trkpt lat="34.647578" lon="99.575388"><ele>4178</ele></trkpt>
      <trkpt lat="34.647667" lon="99.574914"><ele>4170</ele></trkpt>
      <trkpt lat="34.647702" lon="99.574809"><ele>4168</ele></trkpt>
      <trkpt lat="34.647821" lon="99.574599"><ele>4166</ele></trkpt>
      <trkpt lat="34.647895" lon="99.574502"><ele>4167</ele></trkpt>
      <trkpt lat="34.647978" lon="99.574424"><ele>4167</ele></trkpt>
      <trkpt lat="34.648074" lon="99.574381"><ele>4169</ele></trkpt>
      <trkpt lat="34.648375" lon="99.574323"><ele>4173</ele></trkpt>
      <trkpt lat="34.648469" lon="99.574299"><ele>4174</ele></trkpt>
      <trkpt lat="34.648561" lon="99.574263"><ele>4175</ele></trkpt>
      <trkpt lat="34.648745" lon="99.574158"><ele>4176</ele></trkpt>
      <trkpt lat="34.649006" lon="99.573947"><ele>4179</ele></trkpt>
      <trkpt lat="34.649173" lon="99.573793"><ele>4182</ele></trkpt>
      <trkpt lat="34.649248" lon="99.573712"><ele>4183</ele></trkpt>
      <trkpt lat="34.649317" lon="99.573619"><ele>4184</ele></trkpt>
      <trkpt lat="34.649919" lon="99.572633"><ele>4190</ele></trkpt>
      <trkpt lat="34.649963" lon="99.572535"><ele>4190</ele></trkpt>
      <trkpt lat="34.65" lon="99.572426"><ele>4190</ele></trkpt>
      <trkpt lat="34.650006" lon="99.572308"><ele>4189</ele></trkpt>
      <trkpt lat="34.649991" lon="99.572189"><ele>4187</ele></trkpt>
      <trkpt lat="34.649964" lon="99.572074"><ele>4184</ele></trkpt>
      <trkpt lat="34.64986" lon="99.571711"><ele>4180</ele></trkpt>
      <trkpt lat="34.649748" lon="99.571408"><ele>4178</ele></trkpt>
      <trkpt lat="34.649659" lon="99.571209"><ele>4180</ele></trkpt>
      <trkpt lat="34.649596" lon="99.570975"><ele>4183</ele></trkpt>
      <trkpt lat="34.649517" lon="99.570744"><ele>4190</ele></trkpt>
      <trkpt lat="34.649504" lon="99.570622"><ele>4193</ele></trkpt>
      <trkpt lat="34.649509" lon="99.57038"><ele>4197</ele></trkpt>
      <trkpt lat="34.649541" lon="99.570029"><ele>4202</ele></trkpt>
      <trkpt lat="34.649555" lon="99.569774"><ele>4205</ele></trkpt>
      <trkpt lat="34.649603" lon="99.569287"><ele>4211</ele></trkpt>
      <trkpt lat="34.649559" lon="99.569196"><ele>4212</ele></trkpt>
      <trkpt lat="34.649474" lon="99.569195"><ele>4211</ele></trkpt>
      <trkpt lat="34.649423" lon="99.569206"><ele>4210</ele></trkpt>
      <trkpt lat="34.649323" lon="99.569235"><ele>4208</ele></trkpt>
      <trkpt lat="34.649228" lon="99.569385"><ele>4206</ele></trkpt>
      <trkpt lat="34.649338" lon="99.56919"><ele>4204</ele></trkpt>
      <trkpt lat="34.64942" lon="99.569159"><ele>4204</ele></trkpt>
      <trkpt lat="34.649512" lon="99.569228"><ele>4205</ele></trkpt>
      <trkpt lat="34.649597" lon="99.569185"><ele>4206</ele></trkpt>
      <trkpt lat="34.649736" lon="99.568885"><ele>4210</ele></trkpt>
      <trkpt lat="34.649839" lon="99.568685"><ele>4212</ele></trkpt>
      <trkpt lat="34.649977" lon="99.568197"><ele>4211</ele></trkpt>
      <trkpt lat="34.649996" lon="99.568086"><ele>4210</ele></trkpt>
      <trkpt lat="34.650021" lon="99.56773"><ele>4209</ele></trkpt>
      <trkpt lat="34.650064" lon="99.567487"><ele>4209</ele></trkpt>
      <trkpt lat="34.650187" lon="99.567034"><ele>4206</ele></trkpt>
      <trkpt lat="34.650266" lon="99.566652"><ele>4203</ele></trkpt>
      <trkpt lat="34.650339" lon="99.566415"><ele>4202</ele></trkpt>
      <trkpt lat="34.650398" lon="99.566314"><ele>4202</ele></trkpt>
      <trkpt lat="34.650477" lon="99.566241"><ele>4202</ele></trkpt>
      <trkpt lat="34.650579" lon="99.566187"><ele>4201</ele></trkpt>
      <trkpt lat="34.65089" lon="99.566101"><ele>4202</ele></trkpt>
      <trkpt lat="34.650987" lon="99.566059"><ele>4203</ele></trkpt>
      <trkpt lat="34.651068" lon="99.565986"><ele>4204</ele></trkpt>
      <trkpt lat="34.651137" lon="99.565895"><ele>4205</ele></trkpt>
      <trkpt lat="34.651189" lon="99.5658"><ele>4205</ele></trkpt>
      <trkpt lat="34.651229" lon="99.565687"><ele>4205</ele></trkpt>
      <trkpt lat="34.65126" lon="99.565559"><ele>4205</ele></trkpt>
      <trkpt lat="34.651279" lon="99.565424"><ele>4205</ele></trkpt>
      <trkpt lat="34.651289" lon="99.565305"><ele>4205</ele></trkpt>
      <trkpt lat="34.651288" lon="99.565178"><ele>4205</ele></trkpt>
      <trkpt lat="34.651253" lon="99.564923"><ele>4205</ele></trkpt>
      <trkpt lat="34.65119" lon="99.564698"><ele>4205</ele></trkpt>
      <trkpt lat="34.651121" lon="99.564337"><ele>4205</ele></trkpt>
      <trkpt lat="34.651066" lon="99.564107"><ele>4207</ele></trkpt>
      <trkpt lat="34.651001" lon="99.563888"><ele>4209</ele></trkpt>
      <trkpt lat="34.65092" lon="99.563672"><ele>4209</ele></trkpt>
      <trkpt lat="34.650902" lon="99.563561"><ele>4209</ele></trkpt>
      <trkpt lat="34.650886" lon="99.56345"><ele>4209</ele></trkpt>
      <trkpt lat="34.650895" lon="99.562971"><ele>4206</ele></trkpt>
      <trkpt lat="34.650882" lon="99.562846"><ele>4205</ele></trkpt>
      <trkpt lat="34.650839" lon="99.562606"><ele>4204</ele></trkpt>
      <trkpt lat="34.650817" lon="99.562497"><ele>4205</ele></trkpt>
      <trkpt lat="34.650575" lon="99.561826"><ele>4211</ele></trkpt>
      <trkpt lat="34.650506" lon="99.561588"><ele>4212</ele></trkpt>
      <trkpt lat="34.650463" lon="99.561346"><ele>4215</ele></trkpt>
      <trkpt lat="34.650452" lon="99.561229"><ele>4216</ele></trkpt>
      <trkpt lat="34.650448" lon="99.561109"><ele>4216</ele></trkpt>
      <trkpt lat="34.650457" lon="99.560879"><ele>4215</ele></trkpt>
      <trkpt lat="34.650453" lon="99.560643"><ele>4214</ele></trkpt>
      <trkpt lat="34.650461" lon="99.560186"><ele>4215</ele></trkpt>
      <trkpt lat="34.650501" lon="99.55996"><ele>4216</ele></trkpt>
      <trkpt lat="34.650605" lon="99.559629"><ele>4218</ele></trkpt>
      <trkpt lat="34.650665" lon="99.559391"><ele>4220</ele></trkpt>
      <trkpt lat="34.650692" lon="99.559264"><ele>4220</ele></trkpt>
      <trkpt lat="34.6507" lon="99.559141"><ele>4222</ele></trkpt>
      <trkpt lat="34.650656" lon="99.558001"><ele>4222</ele></trkpt>
      <trkpt lat="34.650647" lon="99.557888"><ele>4223</ele></trkpt>
      <trkpt lat="34.650597" lon="99.557528"><ele>4223</ele></trkpt>
      <trkpt lat="34.650576" lon="99.557166"><ele>4224</ele></trkpt>
      <trkpt lat="34.650547" lon="99.557042"><ele>4225</ele></trkpt>
      <trkpt lat="34.650496" lon="99.556945"><ele>4227</ele></trkpt>
      <trkpt lat="34.650092" lon="99.556554"><ele>4231</ele></trkpt>
      <trkpt lat="34.650042" lon="99.556444"><ele>4232</ele></trkpt>
      <trkpt lat="34.649991" lon="99.55619"><ele>4232</ele></trkpt>
      <trkpt lat="34.649774" lon="99.555269"><ele>4231</ele></trkpt>
      <trkpt lat="34.649738" lon="99.555019"><ele>4231</ele></trkpt>
      <trkpt lat="34.649714" lon="99.554776"><ele>4231</ele></trkpt>
      <trkpt lat="34.649712" lon="99.554536"><ele>4233</ele></trkpt>
      <trkpt lat="34.649657" lon="99.554173"><ele>4235</ele></trkpt>
      <trkpt lat="34.649647" lon="99.554051"><ele>4236</ele></trkpt>
      <trkpt lat="34.649636" lon="99.553809"><ele>4237</ele></trkpt>
      <trkpt lat="34.649639" lon="99.553688"><ele>4238</ele></trkpt>
      <trkpt lat="34.649683" lon="99.553217"><ele>4240</ele></trkpt>
      <trkpt lat="34.649631" lon="99.552746"><ele>4242</ele></trkpt>
      <trkpt lat="34.64964" lon="99.552614"><ele>4243</ele></trkpt>
      <trkpt lat="34.649692" lon="99.552257"><ele>4242</ele></trkpt>
      <trkpt lat="34.649696" lon="99.552132"><ele>4242</ele></trkpt>
      <trkpt lat="34.649673" lon="99.551744"><ele>4245</ele></trkpt>
      <trkpt lat="34.649609" lon="99.55123"><ele>4247</ele></trkpt>
      <trkpt lat="34.649616" lon="99.551114"><ele>4248</ele></trkpt>
      <trkpt lat="34.64968" lon="99.550635"><ele>4250</ele></trkpt>
      <trkpt lat="34.649784" lon="99.550065"><ele>4253</ele></trkpt>
      <trkpt lat="34.64983" lon="99.549703"><ele>4254</ele></trkpt>
      <trkpt lat="34.64988" lon="99.549469"><ele>4254</ele></trkpt>
      <trkpt lat="34.649921" lon="99.549215"><ele>4254</ele></trkpt>
      <trkpt lat="34.649929" lon="99.549083"><ele>4254</ele></trkpt>
      <trkpt lat="34.649905" lon="99.548596"><ele>4255</ele></trkpt>
      <trkpt lat="34.649909" lon="99.548474"><ele>4255</ele></trkpt>
      <trkpt lat="34.649927" lon="99.548228"><ele>4255</ele></trkpt>
      <trkpt lat="34.64996" lon="99.547997"><ele>4255</ele></trkpt>
      <trkpt lat="34.649985" lon="99.547617"><ele>4256</ele></trkpt>
      <trkpt lat="34.649946" lon="99.547373"><ele>4257</ele></trkpt>
      <trkpt lat="34.649837" lon="99.546875"><ele>4257</ele></trkpt>
      <trkpt lat="34.649771" lon="99.546246"><ele>4260</ele></trkpt>
      <trkpt lat="34.649771" lon="99.546116"><ele>4260</ele></trkpt>
      <trkpt lat="34.649798" lon="99.545872"><ele>4260</ele></trkpt>
      <trkpt lat="34.649918" lon="99.545133"><ele>4264</ele></trkpt>
      <trkpt lat="34.650089" lon="99.544536"><ele>4267</ele></trkpt>
      <trkpt lat="34.650148" lon="99.544302"><ele>4268</ele></trkpt>
      <trkpt lat="34.650186" lon="99.544191"><ele>4269</ele></trkpt>
      <trkpt lat="34.650238" lon="99.543942"><ele>4269</ele></trkpt>
      <trkpt lat="34.650299" lon="99.543707"><ele>4268</ele></trkpt>
      <trkpt lat="34.650442" lon="99.543246"><ele>4271</ele></trkpt>
      <trkpt lat="34.650505" lon="99.543016"><ele>4273</ele></trkpt>
      <trkpt lat="34.650549" lon="99.542906"><ele>4273</ele></trkpt>
      <trkpt lat="34.650674" lon="99.542712"><ele>4274</ele></trkpt>
      <trkpt lat="34.650818" lon="99.542514"><ele>4274</ele></trkpt>
      <trkpt lat="34.650864" lon="99.542405"><ele>4274</ele></trkpt>
      <trkpt lat="34.65089" lon="99.542295"><ele>4275</ele></trkpt>
      <trkpt lat="34.650898" lon="99.542177"><ele>4276</ele></trkpt>
      <trkpt lat="34.650889" lon="99.541929"><ele>4277</ele></trkpt>
      <trkpt lat="34.650923" lon="99.541683"><ele>4278</ele></trkpt>
      <trkpt lat="34.650958" lon="99.541575"><ele>4279</ele></trkpt>
      <trkpt lat="34.651006" lon="99.541472"><ele>4279</ele></trkpt>
      <trkpt lat="34.651064" lon="99.541373"><ele>4279</ele></trkpt>
      <trkpt lat="34.651344" lon="99.541033"><ele>4281</ele></trkpt>
      <trkpt lat="34.651405" lon="99.540937"><ele>4282</ele></trkpt>
      <trkpt lat="34.651455" lon="99.540834"><ele>4282</ele></trkpt>
      <trkpt lat="34.651487" lon="99.540713"><ele>4283</ele></trkpt>
      <trkpt lat="34.651526" lon="99.540464"><ele>4284</ele></trkpt>
      <trkpt lat="34.651531" lon="99.540237"><ele>4284</ele></trkpt>
      <trkpt lat="34.651551" lon="99.540119"><ele>4284</ele></trkpt>
      <trkpt lat="34.651575" lon="99.540001"><ele>4284</ele></trkpt>
      <trkpt lat="34.651704" lon="99.539532"><ele>4284</ele></trkpt>
      <trkpt lat="34.651729" lon="99.539417"><ele>4284</ele></trkpt>
      <trkpt lat="34.651798" lon="99.538933"><ele>4285</ele></trkpt>
      <trkpt lat="34.651848" lon="99.538703"><ele>4286</ele></trkpt>
      <trkpt lat="34.651887" lon="99.53859"><ele>4287</ele></trkpt>
      <trkpt lat="34.652068" lon="99.538155"><ele>4287</ele></trkpt>
      <trkpt lat="34.652102" lon="99.538039"><ele>4287</ele></trkpt>
      <trkpt lat="34.652128" lon="99.537926"><ele>4288</ele></trkpt>
      <trkpt lat="34.652144" lon="99.537809"><ele>4288</ele></trkpt>
      <trkpt lat="34.652157" lon="99.537568"><ele>4289</ele></trkpt>
      <trkpt lat="34.652176" lon="99.537442"><ele>4290</ele></trkpt>
      <trkpt lat="34.652366" lon="99.537114"><ele>4293</ele></trkpt>
      <trkpt lat="34.65248" lon="99.536665"><ele>4293</ele></trkpt>
      <trkpt lat="34.652645" lon="99.536112"><ele>4297</ele></trkpt>
      <trkpt lat="34.652679" lon="99.535908"><ele>4299</ele></trkpt>
      <trkpt lat="34.652808" lon="99.535537"><ele>4300</ele></trkpt>
      <trkpt lat="34.65281" lon="99.535408"><ele>4300</ele></trkpt>
      <trkpt lat="34.652839" lon="99.53528"><ele>4299</ele></trkpt>
      <trkpt lat="34.65287" lon="99.535166"><ele>4299</ele></trkpt>
      <trkpt lat="34.652985" lon="99.534825"><ele>4299</ele></trkpt>
      <trkpt lat="34.653015" lon="99.534706"><ele>4299</ele></trkpt>
      <trkpt lat="34.653061" lon="99.534464"><ele>4299</ele></trkpt>
      <trkpt lat="34.653128" lon="99.534226"><ele>4300</ele></trkpt>
      <trkpt lat="34.653161" lon="99.533847"><ele>4302</ele></trkpt>
      <trkpt lat="34.653159" lon="99.533727"><ele>4302</ele></trkpt>
      <trkpt lat="34.653169" lon="99.533597"><ele>4302</ele></trkpt>
      <trkpt lat="34.653207" lon="99.533348"><ele>4303</ele></trkpt>
      <trkpt lat="34.653227" lon="99.533226"><ele>4303</ele></trkpt>
      <trkpt lat="34.653285" lon="99.532986"><ele>4303</ele></trkpt>
      <trkpt lat="34.653422" lon="99.532012"><ele>4305</ele></trkpt>
      <trkpt lat="34.653516" lon="99.531617"><ele>4307</ele></trkpt>
      <trkpt lat="34.653539" lon="99.531376"><ele>4307</ele></trkpt>
      <trkpt lat="34.653578" lon="99.531144"><ele>4308</ele></trkpt>
      <trkpt lat="34.653611" lon="99.531012"><ele>4307</ele></trkpt>
      <trkpt lat="34.653677" lon="99.530644"><ele>4306</ele></trkpt>
      <trkpt lat="34.65373" lon="99.530408"><ele>4307</ele></trkpt>
      <trkpt lat="34.653767" lon="99.53016"><ele>4307</ele></trkpt>
      <trkpt lat="34.653817" lon="99.529918"><ele>4307</ele></trkpt>
      <trkpt lat="34.653841" lon="99.529584"><ele>4308</ele></trkpt>
      <trkpt lat="34.653856" lon="99.529471"><ele>4309</ele></trkpt>
      <trkpt lat="34.653881" lon="99.529363"><ele>4310</ele></trkpt>
      <trkpt lat="34.653917" lon="99.529261"><ele>4310</ele></trkpt>
      <trkpt lat="34.654001" lon="99.529075"><ele>4310</ele></trkpt>
      <trkpt lat="34.654121" lon="99.528862"><ele>4310</ele></trkpt>
      <trkpt lat="34.654262" lon="99.52868"><ele>4310</ele></trkpt>
      <trkpt lat="34.654402" lon="99.528522"><ele>4310</ele></trkpt>
      <trkpt lat="34.654621" lon="99.528297"><ele>4311</ele></trkpt>
      <trkpt lat="34.654828" lon="99.52804"><ele>4313</ele></trkpt>
      <trkpt lat="34.654941" lon="99.527856"><ele>4315</ele></trkpt>
      <trkpt lat="34.655032" lon="99.527652"><ele>4316</ele></trkpt>
      <trkpt lat="34.65531" lon="99.526906"><ele>4317</ele></trkpt>
      <trkpt lat="34.655519" lon="99.526489"><ele>4318</ele></trkpt>
      <trkpt lat="34.655579" lon="99.52639"><ele>4319</ele></trkpt>
      <trkpt lat="34.655616" lon="99.526364"><ele>4319</ele></trkpt>
      <trkpt lat="34.655583" lon="99.526277"><ele>4319</ele></trkpt>
      <trkpt lat="34.65569" lon="99.526075"><ele>4320</ele></trkpt>
      <trkpt lat="34.655739" lon="99.525964"><ele>4320</ele></trkpt>
      <trkpt lat="34.655696" lon="99.525878"><ele>4321</ele></trkpt>
      <trkpt lat="34.655738" lon="99.525802"><ele>4321</ele></trkpt>
      <trkpt lat="34.655916" lon="99.525682"><ele>4321</ele></trkpt>
      <trkpt lat="34.655992" lon="99.525601"><ele>4322</ele></trkpt>
      <trkpt lat="34.656121" lon="99.52543"><ele>4322</ele></trkpt>
      <trkpt lat="34.656261" lon="99.525274"><ele>4325</ele></trkpt>
      <trkpt lat="34.656459" lon="99.525016"><ele>4329</ele></trkpt>
      <trkpt lat="34.65653" lon="99.524941"><ele>4329</ele></trkpt>
      <trkpt lat="34.656617" lon="99.524885"><ele>4330</ele></trkpt>
      <trkpt lat="34.656847" lon="99.524665"><ele>4329</ele></trkpt>
      <trkpt lat="34.656986" lon="99.524489"><ele>4328</ele></trkpt>
      <trkpt lat="34.657131" lon="99.524338"><ele>4326</ele></trkpt>
      <trkpt lat="34.657274" lon="99.52417"><ele>4326</ele></trkpt>
      <trkpt lat="34.657967" lon="99.523317"><ele>4330</ele></trkpt>
      <trkpt lat="34.658119" lon="99.523162"><ele>4330</ele></trkpt>
      <trkpt lat="34.658257" lon="99.522991"><ele>4331</ele></trkpt>
      <trkpt lat="34.658322" lon="99.522958"><ele>4332</ele></trkpt>
      <trkpt lat="34.658453" lon="99.52279"><ele>4335</ele></trkpt>
      <trkpt lat="34.658575" lon="99.522609"><ele>4338</ele></trkpt>
      <trkpt lat="34.658711" lon="99.522439"><ele>4339</ele></trkpt>
      <trkpt lat="34.658842" lon="99.522253"><ele>4340</ele></trkpt>
      <trkpt lat="34.659187" lon="99.521822"><ele>4339</ele></trkpt>
      <trkpt lat="34.659432" lon="99.521457"><ele>4340</ele></trkpt>
      <trkpt lat="34.659569" lon="99.521287"><ele>4343</ele></trkpt>
      <trkpt lat="34.659626" lon="99.521199"><ele>4343</ele></trkpt>
      <trkpt lat="34.659848" lon="99.520532"><ele>4347</ele></trkpt>
      <trkpt lat="34.659938" lon="99.520326"><ele>4347</ele></trkpt>
      <trkpt lat="34.660045" lon="99.519761"><ele>4348</ele></trkpt>
      <trkpt lat="34.66024" lon="99.519087"><ele>4351</ele></trkpt>
      <trkpt lat="34.660272" lon="99.518856"><ele>4350</ele></trkpt>
      <trkpt lat="34.66037" lon="99.518505"><ele>4351</ele></trkpt>
      <trkpt lat="34.660477" lon="99.518062"><ele>4352</ele></trkpt>
      <trkpt lat="34.660495" lon="99.517954"><ele>4351</ele></trkpt>
      <trkpt lat="34.660523" lon="99.517602"><ele>4352</ele></trkpt>
      <trkpt lat="34.660525" lon="99.517473"><ele>4352</ele></trkpt>
      <trkpt lat="34.660511" lon="99.517118"><ele>4353</ele></trkpt>
      <trkpt lat="34.660563" lon="99.516643"><ele>4357</ele></trkpt>
      <trkpt lat="34.660591" lon="99.516279"><ele>4357</ele></trkpt>
      <trkpt lat="34.660614" lon="99.516154"><ele>4357</ele></trkpt>
      <trkpt lat="34.660683" lon="99.515933"><ele>4356</ele></trkpt>
      <trkpt lat="34.660769" lon="99.515707"><ele>4356</ele></trkpt>
      <trkpt lat="34.660852" lon="99.515498"><ele>4357</ele></trkpt>
      <trkpt lat="34.661037" lon="99.515081"><ele>4361</ele></trkpt>
      <trkpt lat="34.661116" lon="99.514858"><ele>4363</ele></trkpt>
      <trkpt lat="34.661184" lon="99.514643"><ele>4365</ele></trkpt>
      <trkpt lat="34.661265" lon="99.514305"><ele>4368</ele></trkpt>
      <trkpt lat="34.661333" lon="99.514076"><ele>4371</ele></trkpt>
      <trkpt lat="34.661376" lon="99.51384"><ele>4373</ele></trkpt>
      <trkpt lat="34.661532" lon="99.5133"><ele>4378</ele></trkpt>
      <trkpt lat="34.661564" lon="99.513197"><ele>4379</ele></trkpt>
      <trkpt lat="34.661612" lon="99.513094"><ele>4379</ele></trkpt>
      <trkpt lat="34.661667" lon="99.513002"><ele>4380</ele></trkpt>
      <trkpt lat="34.661739" lon="99.512499"><ele>4385</ele></trkpt>
      <trkpt lat="34.661768" lon="99.512376"><ele>4387</ele></trkpt>
      <trkpt lat="34.661848" lon="99.511913"><ele>4392</ele></trkpt>
      <trkpt lat="34.661867" lon="99.511676"><ele>4391</ele></trkpt>
      <trkpt lat="34.662002" lon="99.511094"><ele>4390</ele></trkpt>
      <trkpt lat="34.662018" lon="99.510977"><ele>4389</ele></trkpt>
      <trkpt lat="34.66207" lon="99.510742"><ele>4387</ele></trkpt>
      <trkpt lat="34.66212" lon="99.510644"><ele>4386</ele></trkpt>
      <trkpt lat="34.662187" lon="99.510566"><ele>4385</ele></trkpt>
      <trkpt lat="34.662271" lon="99.510511"><ele>4385</ele></trkpt>
      <trkpt lat="34.662332" lon="99.510432"><ele>4387</ele></trkpt>
      <trkpt lat="34.662242" lon="99.51045"><ele>4390</ele></trkpt>
      <trkpt lat="34.662171" lon="99.510222"><ele>4391</ele></trkpt>
      <trkpt lat="34.662172" lon="99.510109"><ele>4392</ele></trkpt>
      <trkpt lat="34.662225" lon="99.509653"><ele>4392</ele></trkpt>
      <trkpt lat="34.662307" lon="99.509203"><ele>4392</ele></trkpt>
      <trkpt lat="34.662501" lon="99.507455"><ele>4403</ele></trkpt>
      <trkpt lat="34.66259" lon="99.506875"><ele>4405</ele></trkpt>
      <trkpt lat="34.662607" lon="99.5064"><ele>4407</ele></trkpt>
      <trkpt lat="34.662625" lon="99.50629"><ele>4408</ele></trkpt>
      <trkpt lat="34.662616" lon="99.505938"><ele>4410</ele></trkpt>
      <trkpt lat="34.662628" lon="99.505711"><ele>4412</ele></trkpt>
      <trkpt lat="34.662642" lon="99.50559"><ele>4413</ele></trkpt>
      <trkpt lat="34.6627" lon="99.505495"><ele>4413</ele></trkpt>
      <trkpt lat="34.662718" lon="99.505391"><ele>4414</ele></trkpt>
      <trkpt lat="34.662712" lon="99.505138"><ele>4417</ele></trkpt>
      <trkpt lat="34.662696" lon="99.505014"><ele>4418</ele></trkpt>
      <trkpt lat="34.662694" lon="99.504892"><ele>4419</ele></trkpt>
      <trkpt lat="34.662707" lon="99.504609"><ele>4421</ele></trkpt>
      <trkpt lat="34.662828" lon="99.504567"><ele>4422</ele></trkpt>
      <trkpt lat="34.662763" lon="99.504493"><ele>4422</ele></trkpt>
      <trkpt lat="34.662703" lon="99.504405"><ele>4423</ele></trkpt>
      <trkpt lat="34.662691" lon="99.504289"><ele>4423</ele></trkpt>
      <trkpt lat="34.662703" lon="99.504031"><ele>4422</ele></trkpt>
      <trkpt lat="34.662823" lon="99.503157"><ele>4422</ele></trkpt>
      <trkpt lat="34.66293" lon="99.502668"><ele>4423</ele></trkpt>
      <trkpt lat="34.662961" lon="99.502182"><ele>4425</ele></trkpt>
      <trkpt lat="34.662989" lon="99.502069"><ele>4426</ele></trkpt>
      <trkpt lat="34.663098" lon="99.501722"><ele>4427</ele></trkpt>
      <trkpt lat="34.663141" lon="99.501615"><ele>4427</ele></trkpt>
      <trkpt lat="34.663337" lon="99.501209"><ele>4428</ele></trkpt>
      <trkpt lat="34.663419" lon="99.500984"><ele>4429</ele></trkpt>
      <trkpt lat="34.663471" lon="99.50089"><ele>4430</ele></trkpt>
      <trkpt lat="34.663538" lon="99.500793"><ele>4431</ele></trkpt>
      <trkpt lat="34.663614" lon="99.500702"><ele>4431</ele></trkpt>
      <trkpt lat="34.663772" lon="99.500534"><ele>4432</ele></trkpt>
      <trkpt lat="34.663989" lon="99.500264"><ele>4434</ele></trkpt>
      <trkpt lat="34.664298" lon="99.499948"><ele>4438</ele></trkpt>
      <trkpt lat="34.664849" lon="99.499466"><ele>4444</ele></trkpt>
      <trkpt lat="34.665345" lon="99.499062"><ele>4446</ele></trkpt>
      <trkpt lat="34.665683" lon="99.498807"><ele>4451</ele></trkpt>
      <trkpt lat="34.665869" lon="99.498696"><ele>4453</ele></trkpt>
      <trkpt lat="34.66606" lon="99.498601"><ele>4455</ele></trkpt>
      <trkpt lat="34.666148" lon="99.498537"><ele>4456</ele></trkpt>
      <trkpt lat="34.666221" lon="99.498463"><ele>4457</ele></trkpt>
      <trkpt lat="34.66624" lon="99.498322"><ele>4459</ele></trkpt>
      <trkpt lat="34.666325" lon="99.498243"><ele>4462</ele></trkpt>
      <trkpt lat="34.666625" lon="99.497911"><ele>4464</ele></trkpt>
      <trkpt lat="34.666709" lon="99.497841"><ele>4464</ele></trkpt>
      <trkpt lat="34.666805" lon="99.497788"><ele>4464</ele></trkpt>
      <trkpt lat="34.66701" lon="99.49771"><ele>4464</ele></trkpt>
      <trkpt lat="34.667116" lon="99.497691"><ele>4465</ele></trkpt>
      <trkpt lat="34.667212" lon="99.497658"><ele>4467</ele></trkpt>
      <trkpt lat="34.66748" lon="99.49753"><ele>4470</ele></trkpt>
      <trkpt lat="34.667576" lon="99.497493"><ele>4471</ele></trkpt>
      <trkpt lat="34.667768" lon="99.497444"><ele>4472</ele></trkpt>
      <trkpt lat="34.667961" lon="99.497358"><ele>4474</ele></trkpt>
      <trkpt lat="34.668252" lon="99.497202"><ele>4474</ele></trkpt>
      <trkpt lat="34.668437" lon="99.497083"><ele>4475</ele></trkpt>
      <trkpt lat="34.668518" lon="99.497015"><ele>4475</ele></trkpt>
      <trkpt lat="34.668594" lon="99.496929"><ele>4476</ele></trkpt>
      <trkpt lat="34.668657" lon="99.496826"><ele>4476</ele></trkpt>
      <trkpt lat="34.668759" lon="99.496611"><ele>4478</ele></trkpt>
      <trkpt lat="34.668851" lon="99.496392"><ele>4480</ele></trkpt>
      <trkpt lat="34.66891" lon="99.496287"><ele>4482</ele></trkpt>
      <trkpt lat="34.669123" lon="99.496003"><ele>4486</ele></trkpt>
      <trkpt lat="34.669149" lon="99.495891"><ele>4488</ele></trkpt>
      <trkpt lat="34.669203" lon="99.495787"><ele>4490</ele></trkpt>
      <trkpt lat="34.669329" lon="99.495595"><ele>4492</ele></trkpt>
      <trkpt lat="34.669435" lon="99.495393"><ele>4494</ele></trkpt>
      <trkpt lat="34.669569" lon="99.495073"><ele>4495</ele></trkpt>
      <trkpt lat="34.669632" lon="99.49498"><ele>4496</ele></trkpt>
      <trkpt lat="34.669779" lon="99.494664"><ele>4501</ele></trkpt>
      <trkpt lat="34.670004" lon="99.493996"><ele>4507</ele></trkpt>
      <trkpt lat="34.670079" lon="99.493647"><ele>4510</ele></trkpt>
      <trkpt lat="34.670091" lon="99.493416"><ele>4511</ele></trkpt>
      <trkpt lat="34.670088" lon="99.493291"><ele>4513</ele></trkpt>
      <trkpt lat="34.670081" lon="99.493171"><ele>4514</ele></trkpt>
      <trkpt lat="34.670026" lon="99.492704"><ele>4522</ele></trkpt>
      <trkpt lat="34.6699" lon="99.491887"><ele>4531</ele></trkpt>
      <trkpt lat="34.669866" lon="99.491272"><ele>4536</ele></trkpt>
      <trkpt lat="34.669865" lon="99.491034"><ele>4537</ele></trkpt>
      <trkpt lat="34.669874" lon="99.490916"><ele>4538</ele></trkpt>
      <trkpt lat="34.670024" lon="99.490061"><ele>4544</ele></trkpt>
      <trkpt lat="34.670078" lon="99.489827"><ele>4545</ele></trkpt>
      <trkpt lat="34.670385" lon="99.488921"><ele>4548</ele></trkpt>
      <trkpt lat="34.670671" lon="99.488164"><ele>4555</ele></trkpt>
      <trkpt lat="34.670763" lon="99.487955"><ele>4557</ele></trkpt>
      <trkpt lat="34.670824" lon="99.487862"><ele>4558</ele></trkpt>
      <trkpt lat="34.670902" lon="99.487772"><ele>4559</ele></trkpt>
      <trkpt lat="34.671067" lon="99.487627"><ele>4560</ele></trkpt>
      <trkpt lat="34.671323" lon="99.487448"><ele>4562</ele></trkpt>
      <trkpt lat="34.671397" lon="99.487376"><ele>4563</ele></trkpt>
      <trkpt lat="34.67153" lon="99.487197"><ele>4565</ele></trkpt>
      <trkpt lat="34.67161" lon="99.487135"><ele>4565</ele></trkpt>
      <trkpt lat="34.671902" lon="99.487005"><ele>4566</ele></trkpt>
      <trkpt lat="34.672163" lon="99.486827"><ele>4566</ele></trkpt>
      <trkpt lat="34.672359" lon="99.486747"><ele>4567</ele></trkpt>
      <trkpt lat="34.672449" lon="99.486726"><ele>4568</ele></trkpt>
      <trkpt lat="34.672721" lon="99.486592"><ele>4570</ele></trkpt>
      <trkpt lat="34.672745" lon="99.486588"><ele>4571</ele></trkpt>
      <trkpt lat="34.67316" lon="99.486326"><ele>4573</ele></trkpt>
      <trkpt lat="34.673411" lon="99.486204"><ele>4576</ele></trkpt>
      <trkpt lat="34.67357" lon="99.486105"><ele>4575</ele></trkpt>
      <trkpt lat="34.674202" lon="99.485766"><ele>4579</ele></trkpt>
      <trkpt lat="34.67439" lon="99.48565"><ele>4580</ele></trkpt>
      <trkpt lat="34.674823" lon="99.485319"><ele>4582</ele></trkpt>
      <trkpt lat="34.675092" lon="99.485153"><ele>4583</ele></trkpt>
      <trkpt lat="34.675287" lon="99.485067"><ele>4583</ele></trkpt>
      <trkpt lat="34.675692" lon="99.484926"><ele>4583</ele></trkpt>
      <trkpt lat="34.675982" lon="99.484806"><ele>4583</ele></trkpt>
      <trkpt lat="34.676622" lon="99.484489"><ele>4583</ele></trkpt>
      <trkpt lat="34.676869" lon="99.484325"><ele>4584</ele></trkpt>
      <trkpt lat="34.677021" lon="99.48418"><ele>4584</ele></trkpt>
      <trkpt lat="34.677189" lon="99.484041"><ele>4584</ele></trkpt>
      <trkpt lat="34.677328" lon="99.483856"><ele>4585</ele></trkpt>
      <trkpt lat="34.677404" lon="99.483793"><ele>4585</ele></trkpt>
      <trkpt lat="34.677477" lon="99.483711"><ele>4586</ele></trkpt>
      <trkpt lat="34.677543" lon="99.483619"><ele>4586</ele></trkpt>
      <trkpt lat="34.677601" lon="99.483519"><ele>4587</ele></trkpt>
      <trkpt lat="34.677914" lon="99.482895"><ele>4591</ele></trkpt>
      <trkpt lat="34.677971" lon="99.482756"><ele>4592</ele></trkpt>
      <trkpt lat="34.678187" lon="99.482333"><ele>4594</ele></trkpt>
      <trkpt lat="34.678324" lon="99.481991"><ele>4596</ele></trkpt>
      <trkpt lat="34.678545" lon="99.481335"><ele>4599</ele></trkpt>
      <trkpt lat="34.678671" lon="99.481025"><ele>4601</ele></trkpt>
      <trkpt lat="34.67883" lon="99.480599"><ele>4604</ele></trkpt>
      <trkpt lat="34.679215" lon="99.479662"><ele>4613</ele></trkpt>
      <trkpt lat="34.679327" lon="99.479345"><ele>4615</ele></trkpt>
      <trkpt lat="34.679343" lon="99.479233"><ele>4616</ele></trkpt>
      <trkpt lat="34.679313" lon="99.479124"><ele>4617</ele></trkpt>
      <trkpt lat="34.679268" lon="99.478885"><ele>4618</ele></trkpt>
      <trkpt lat="34.679218" lon="99.47877"><ele>4617</ele></trkpt>
      <trkpt lat="34.67931" lon="99.478757"><ele>4617</ele></trkpt>
      <trkpt lat="34.67939" lon="99.478693"><ele>4614</ele></trkpt>
      <trkpt lat="34.679484" lon="99.478675"><ele>4612</ele></trkpt>
      <trkpt lat="34.679576" lon="99.478625"><ele>4611</ele></trkpt>
      <trkpt lat="34.67964" lon="99.47854"><ele>4610</ele></trkpt>
      <trkpt lat="34.679692" lon="99.478428"><ele>4611</ele></trkpt>
      <trkpt lat="34.679775" lon="99.478199"><ele>4611</ele></trkpt>
      <trkpt lat="34.679925" lon="99.477743"><ele>4615</ele></trkpt>
      <trkpt lat="34.679954" lon="99.477628"><ele>4616</ele></trkpt>
      <trkpt lat="34.679958" lon="99.477513"><ele>4617</ele></trkpt>
      <trkpt lat="34.680016" lon="99.47729"><ele>4619</ele></trkpt>
      <trkpt lat="34.679958" lon="99.47746"><ele>4620</ele></trkpt>
      <trkpt lat="34.680072" lon="99.477343"><ele>4621</ele></trkpt>
      <trkpt lat="34.680154" lon="99.477284"><ele>4622</ele></trkpt>
      <trkpt lat="34.680248" lon="99.477275"><ele>4623</ele></trkpt>
      <trkpt lat="34.680343" lon="99.477313"><ele>4624</ele></trkpt>
      <trkpt lat="34.680411" lon="99.477397"><ele>4626</ele></trkpt>
      <trkpt lat="34.680407" lon="99.477336"><ele>4627</ele></trkpt>
      <trkpt lat="34.680433" lon="99.477238"><ele>4627</ele></trkpt>
      <trkpt lat="34.680338" lon="99.477175"><ele>4626</ele></trkpt>
      <trkpt lat="34.680357" lon="99.47706"><ele>4625</ele></trkpt>
      <trkpt lat="34.680352" lon="99.476947"><ele>4625</ele></trkpt>
      <trkpt lat="34.680283" lon="99.476885"><ele>4626</ele></trkpt>
      <trkpt lat="34.680189" lon="99.47685"><ele>4626</ele></trkpt>
      <trkpt lat="34.680091" lon="99.476833"><ele>4626</ele></trkpt>
      <trkpt lat="34.680028" lon="99.476751"><ele>4625</ele></trkpt>
      <trkpt lat="34.68" lon="99.476626"><ele>4626</ele></trkpt>
      <trkpt lat="34.680008" lon="99.476386"><ele>4623</ele></trkpt>
      <trkpt lat="34.680043" lon="99.476269"><ele>4623</ele></trkpt>
      <trkpt lat="34.68006" lon="99.476147"><ele>4623</ele></trkpt>
      <trkpt lat="34.680069" lon="99.475902"><ele>4624</ele></trkpt>
      <trkpt lat="34.680064" lon="99.47574"><ele>4625</ele></trkpt>
      <trkpt lat="34.680042" lon="99.475619"><ele>4626</ele></trkpt>
      <trkpt lat="34.680005" lon="99.475535"><ele>4626</ele></trkpt>
      <trkpt lat="34.679995" lon="99.475446"><ele>4626</ele></trkpt>
      <trkpt lat="34.679894" lon="99.475235"><ele>4626</ele></trkpt>
      <trkpt lat="34.679803" lon="99.475007"><ele>4625</ele></trkpt>
      <trkpt lat="34.679538" lon="99.474169"><ele>4622</ele></trkpt>
      <trkpt lat="34.679419" lon="99.473834"><ele>4623</ele></trkpt>
      <trkpt lat="34.67936" lon="99.473618"><ele>4625</ele></trkpt>
      <trkpt lat="34.679277" lon="99.473394"><ele>4626</ele></trkpt>
      <trkpt lat="34.67917" lon="99.473061"><ele>4628</ele></trkpt>
      <trkpt lat="34.679156" lon="99.472941"><ele>4628</ele></trkpt>
      <trkpt lat="34.679172" lon="99.472816"><ele>4628</ele></trkpt>
      <trkpt lat="34.67921" lon="99.472705"><ele>4628</ele></trkpt>
      <trkpt lat="34.679271" lon="99.472617"><ele>4628</ele></trkpt>
      <trkpt lat="34.679378" lon="99.47243"><ele>4630</ele></trkpt>
      <trkpt lat="34.679594" lon="99.472179"><ele>4633</ele></trkpt>
      <trkpt lat="34.67979" lon="99.471878"><ele>4634</ele></trkpt>
      <trkpt lat="34.679859" lon="99.471794"><ele>4635</ele></trkpt>
      <trkpt lat="34.679935" lon="99.471717"><ele>4636</ele></trkpt>
      <trkpt lat="34.68028" lon="99.471452"><ele>4640</ele></trkpt>
      <trkpt lat="34.680665" lon="99.471086"><ele>4640</ele></trkpt>
      <trkpt lat="34.68088" lon="99.470928"><ele>4638</ele></trkpt>
      <trkpt lat="34.68157" lon="99.470258"><ele>4631</ele></trkpt>
      <trkpt lat="34.681723" lon="99.470094"><ele>4631</ele></trkpt>
      <trkpt lat="34.681866" lon="99.469905"><ele>4630</ele></trkpt>
      <trkpt lat="34.681992" lon="99.46971"><ele>4630</ele></trkpt>
      <trkpt lat="34.68209" lon="99.46949"><ele>4630</ele></trkpt>
      <trkpt lat="34.682103" lon="99.469398"><ele>4630</ele></trkpt>
      <trkpt lat="34.682141" lon="99.469308"><ele>4629</ele></trkpt>
      <trkpt lat="34.682209" lon="99.469222"><ele>4628</ele></trkpt>
      <trkpt lat="34.682376" lon="99.469083"><ele>4626</ele></trkpt>
      <trkpt lat="34.6825" lon="99.469002"><ele>4624</ele></trkpt>
      <trkpt lat="34.683088" lon="99.468506"><ele>4618</ele></trkpt>
      <trkpt lat="34.683191" lon="99.468448"><ele>4618</ele></trkpt>
      <trkpt lat="34.683293" lon="99.46843"><ele>4617</ele></trkpt>
      <trkpt lat="34.683395" lon="99.468456"><ele>4617</ele></trkpt>
      <trkpt lat="34.683492" lon="99.468503"><ele>4617</ele></trkpt>
      <trkpt lat="34.683747" lon="99.468681"><ele>4619</ele></trkpt>
      <trkpt lat="34.683913" lon="99.468816"><ele>4621</ele></trkpt>
      <trkpt lat="34.684222" lon="99.469095"><ele>4623</ele></trkpt>
      <trkpt lat="34.684301" lon="99.469161"><ele>4623</ele></trkpt>
      <trkpt lat="34.684385" lon="99.469216"><ele>4623</ele></trkpt>
      <trkpt lat="34.684472" lon="99.469262"><ele>4623</ele></trkpt>
      <trkpt lat="34.684659" lon="99.469336"><ele>4624</ele></trkpt>
      <trkpt lat="34.684854" lon="99.469396"><ele>4625</ele></trkpt>
      <trkpt lat="34.684949" lon="99.469395"><ele>4626</ele></trkpt>
      <trkpt lat="34.685045" lon="99.469367"><ele>4627</ele></trkpt>
      <trkpt lat="34.685261" lon="99.469259"><ele>4629</ele></trkpt>
      <trkpt lat="34.685698" lon="99.469094"><ele>4631</ele></trkpt>
      <trkpt lat="34.685793" lon="99.469061"><ele>4632</ele></trkpt>
      <trkpt lat="34.685993" lon="99.469022"><ele>4634</ele></trkpt>
      <trkpt lat="34.686304" lon="99.469005"><ele>4636</ele></trkpt>
      <trkpt lat="34.68676" lon="99.469022"><ele>4637</ele></trkpt>
      <trkpt lat="34.686946" lon="99.469065"><ele>4638</ele></trkpt>
      <trkpt lat="34.687214" lon="99.469159"><ele>4639</ele></trkpt>
      <trkpt lat="34.687293" lon="99.469212"><ele>4639</ele></trkpt>
      <trkpt lat="34.687365" lon="99.469304"><ele>4640</ele></trkpt>
      <trkpt lat="34.687409" lon="99.46941"><ele>4641</ele></trkpt>
      <trkpt lat="34.687429" lon="99.469523"><ele>4642</ele></trkpt>
      <trkpt lat="34.687425" lon="99.469643"><ele>4643</ele></trkpt>
      <trkpt lat="34.687372" lon="99.470006"><ele>4648</ele></trkpt>
      <trkpt lat="34.687385" lon="99.470127"><ele>4650</ele></trkpt>
      <trkpt lat="34.687425" lon="99.470228"><ele>4651</ele></trkpt>
      <trkpt lat="34.6875" lon="99.470319"><ele>4652</ele></trkpt>
      <trkpt lat="34.687584" lon="99.47039"><ele>4652</ele></trkpt>
      <trkpt lat="34.687673" lon="99.470449"><ele>4652</ele></trkpt>
      <trkpt lat="34.687955" lon="99.470589"><ele>4653</ele></trkpt>
      <trkpt lat="34.688327" lon="99.470806"><ele>4654</ele></trkpt>
      <trkpt lat="34.688428" lon="99.470846"><ele>4654</ele></trkpt>
      <trkpt lat="34.688543" lon="99.470847"><ele>4655</ele></trkpt>
      <trkpt lat="34.688613" lon="99.470874"><ele>4655</ele></trkpt>
      <trkpt lat="34.688783" lon="99.470993"><ele>4655</ele></trkpt>
      <trkpt lat="34.689043" lon="99.471218"><ele>4656</ele></trkpt>
      <trkpt lat="34.68929" lon="99.471515"><ele>4658</ele></trkpt>
      <trkpt lat="34.68952" lon="99.471768"><ele>4659</ele></trkpt>
      <trkpt lat="34.689681" lon="99.471917"><ele>4659</ele></trkpt>
      <trkpt lat="34.689945" lon="99.472105"><ele>4659</ele></trkpt>
      <trkpt lat="34.690563" lon="99.472514"><ele>4663</ele></trkpt>
      <trkpt lat="34.690609" lon="99.472539"><ele>4664</ele></trkpt>
      <trkpt lat="34.690769" lon="99.472595"><ele>4665</ele></trkpt>
      <trkpt lat="34.690863" lon="99.472606"><ele>4665</ele></trkpt>
      <trkpt lat="34.690957" lon="99.472586"><ele>4665</ele></trkpt>
      <trkpt lat="34.691139" lon="99.472511"><ele>4665</ele></trkpt>
      <trkpt lat="34.691195" lon="99.47252"><ele>4664</ele></trkpt>
      <trkpt lat="34.691271" lon="99.472495"><ele>4665</ele></trkpt>
      <trkpt lat="34.691405" lon="99.472429"><ele>4664</ele></trkpt>
      <trkpt lat="34.691473" lon="99.472381"><ele>4664</ele></trkpt>
      <trkpt lat="34.691561" lon="99.472342"><ele>4664</ele></trkpt>
      <trkpt lat="34.691757" lon="99.472285"><ele>4664</ele></trkpt>
      <trkpt lat="34.691963" lon="99.472246"><ele>4665</ele></trkpt>
      <trkpt lat="34.692068" lon="99.472202"><ele>4665</ele></trkpt>
      <trkpt lat="34.692237" lon="99.472061"><ele>4665</ele></trkpt>
      <trkpt lat="34.692318" lon="99.47198"><ele>4665</ele></trkpt>
      <trkpt lat="34.692602" lon="99.471647"><ele>4665</ele></trkpt>
      <trkpt lat="34.692676" lon="99.471577"><ele>4665</ele></trkpt>
      <trkpt lat="34.69276" lon="99.471526"><ele>4665</ele></trkpt>
      <trkpt lat="34.692849" lon="99.471492"><ele>4665</ele></trkpt>
      <trkpt lat="34.69294" lon="99.471477"><ele>4664</ele></trkpt>
      <trkpt lat="34.693033" lon="99.471475"><ele>4664</ele></trkpt>
      <trkpt lat="34.693333" lon="99.471498"><ele>4663</ele></trkpt>
      <trkpt lat="34.693616" lon="99.471502"><ele>4662</ele></trkpt>
      <trkpt lat="34.693889" lon="99.471459"><ele>4662</ele></trkpt>
      <trkpt lat="34.694092" lon="99.471441"><ele>4662</ele></trkpt>
      <trkpt lat="34.694186" lon="99.471421"><ele>4662</ele></trkpt>
      <trkpt lat="34.694289" lon="99.471385"><ele>4663</ele></trkpt>
      <trkpt lat="34.694476" lon="99.471279"><ele>4663</ele></trkpt>
      <trkpt lat="34.694836" lon="99.471032"><ele>4666</ele></trkpt>
      <trkpt lat="34.695304" lon="99.47076"><ele>4668</ele></trkpt>
      <trkpt lat="34.69551" lon="99.470614"><ele>4670</ele></trkpt>
      <trkpt lat="34.69559" lon="99.470543"><ele>4670</ele></trkpt>
      <trkpt lat="34.695843" lon="99.470278"><ele>4670</ele></trkpt>
      <trkpt lat="34.696399" lon="99.469782"><ele>4669</ele></trkpt>
      <trkpt lat="34.696665" lon="99.469642"><ele>4670</ele></trkpt>
      <trkpt lat="34.696735" lon="99.469567"><ele>4670</ele></trkpt>
      <trkpt lat="34.696821" lon="99.469506"><ele>4670</ele></trkpt>
      <trkpt lat="34.696908" lon="99.46945"><ele>4670</ele></trkpt>
      <trkpt lat="34.696996" lon="99.469413"><ele>4671</ele></trkpt>
      <trkpt lat="34.697058" lon="99.469287"><ele>4671</ele></trkpt>
      <trkpt lat="34.697013" lon="99.469173"><ele>4673</ele></trkpt>
      <trkpt lat="34.69697" lon="99.468957"><ele>4673</ele></trkpt>
      <trkpt lat="34.69707" lon="99.468982"><ele>4674</ele></trkpt>
      <trkpt lat="34.697255" lon="99.468916"><ele>4674</ele></trkpt>
      <trkpt lat="34.697343" lon="99.468935"><ele>4673</ele></trkpt>
      <trkpt lat="34.697435" lon="99.468914"><ele>4673</ele></trkpt>
      <trkpt lat="34.697524" lon="99.468857"><ele>4672</ele></trkpt>
      <trkpt lat="34.697839" lon="99.468544"><ele>4670</ele></trkpt>
      <trkpt lat="34.698229" lon="99.468197"><ele>4669</ele></trkpt>
      <trkpt lat="34.698386" lon="99.468061"><ele>4669</ele></trkpt>
      <trkpt lat="34.698638" lon="99.467885"><ele>4669</ele></trkpt>
      <trkpt lat="34.698669" lon="99.467834"><ele>4669</ele></trkpt>
      <trkpt lat="34.698746" lon="99.46779"><ele>4669</ele></trkpt>
      <trkpt lat="34.699026" lon="99.46766"><ele>4669</ele></trkpt>
      <trkpt lat="34.699119" lon="99.467627"><ele>4669</ele></trkpt>
      <trkpt lat="34.699217" lon="99.467625"><ele>4669</ele></trkpt>
      <trkpt lat="34.699317" lon="99.467607"><ele>4668</ele></trkpt>
      <trkpt lat="34.69979" lon="99.467417"><ele>4668</ele></trkpt>
      <trkpt lat="34.700366" lon="99.467251"><ele>4669</ele></trkpt>
      <trkpt lat="34.700463" lon="99.467206"><ele>4669</ele></trkpt>
      <trkpt lat="34.700553" lon="99.467133"><ele>4670</ele></trkpt>
      <trkpt lat="34.700696" lon="99.466971"><ele>4671</ele></trkpt>
      <trkpt lat="34.700786" lon="99.466899"><ele>4672</ele></trkpt>
      <trkpt lat="34.700879" lon="99.466868"><ele>4673</ele></trkpt>
      <trkpt lat="34.700979" lon="99.466848"><ele>4674</ele></trkpt>
      <trkpt lat="34.701189" lon="99.466771"><ele>4673</ele></trkpt>
      <trkpt lat="34.701787" lon="99.466512"><ele>4670</ele></trkpt>
      <trkpt lat="34.702361" lon="99.466289"><ele>4668</ele></trkpt>
      <trkpt lat="34.702533" lon="99.466215"><ele>4668</ele></trkpt>
      <trkpt lat="34.702706" lon="99.46612"><ele>4668</ele></trkpt>
      <trkpt lat="34.702798" lon="99.466084"><ele>4669</ele></trkpt>
      <trkpt lat="34.702996" lon="99.466037"><ele>4670</ele></trkpt>
      <trkpt lat="34.703313" lon="99.465999"><ele>4671</ele></trkpt>
      <trkpt lat="34.703506" lon="99.465989"><ele>4671</ele></trkpt>
      <trkpt lat="34.703887" lon="99.466088"><ele>4668</ele></trkpt>
      <trkpt lat="34.704088" lon="99.466116"><ele>4667</ele></trkpt>
      <trkpt lat="34.70419" lon="99.466098"><ele>4667</ele></trkpt>
      <trkpt lat="34.704285" lon="99.466056"><ele>4668</ele></trkpt>
      <trkpt lat="34.704371" lon="99.465999"><ele>4668</ele></trkpt>
      <trkpt lat="34.704452" lon="99.465941"><ele>4668</ele></trkpt>
      <trkpt lat="34.704607" lon="99.4658"><ele>4669</ele></trkpt>
      <trkpt lat="34.704689" lon="99.465745"><ele>4669</ele></trkpt>
      <trkpt lat="34.704927" lon="99.465618"><ele>4670</ele></trkpt>
      <trkpt lat="34.705301" lon="99.465458"><ele>4671</ele></trkpt>
      <trkpt lat="34.705593" lon="99.465312"><ele>4675</ele></trkpt>
      <trkpt lat="34.70568" lon="99.465254"><ele>4676</ele></trkpt>
      <trkpt lat="34.705762" lon="99.465183"><ele>4677</ele></trkpt>
      <trkpt lat="34.705843" lon="99.465104"><ele>4678</ele></trkpt>
      <trkpt lat="34.705996" lon="99.464925"><ele>4679</ele></trkpt>
      <trkpt lat="34.706462" lon="99.464491"><ele>4686</ele></trkpt>
      <trkpt lat="34.70664" lon="99.464368"><ele>4687</ele></trkpt>
      <trkpt lat="34.706831" lon="99.464277"><ele>4688</ele></trkpt>
      <trkpt lat="34.707304" lon="99.464087"><ele>4689</ele></trkpt>
      <trkpt lat="34.707403" lon="99.464053"><ele>4689</ele></trkpt>
      <trkpt lat="34.707496" lon="99.46404"><ele>4688</ele></trkpt>
      <trkpt lat="34.707581" lon="99.46398"><ele>4687</ele></trkpt>
      <trkpt lat="34.707646" lon="99.463891"><ele>4686</ele></trkpt>
      <trkpt lat="34.707721" lon="99.463828"><ele>4686</ele></trkpt>
      <trkpt lat="34.707807" lon="99.463786"><ele>4686</ele></trkpt>
      <trkpt lat="34.707979" lon="99.463675"><ele>4688</ele></trkpt>
      <trkpt lat="34.708042" lon="99.463614"><ele>4688</ele></trkpt>
      <trkpt lat="34.708219" lon="99.463545"><ele>4689</ele></trkpt>
      <trkpt lat="34.708396" lon="99.463459"><ele>4690</ele></trkpt>
      <trkpt lat="34.708562" lon="99.463322"><ele>4691</ele></trkpt>
      <trkpt lat="34.708643" lon="99.463233"><ele>4691</ele></trkpt>
      <trkpt lat="34.708726" lon="99.463163"><ele>4691</ele></trkpt>
      <trkpt lat="34.708816" lon="99.463109"><ele>4692</ele></trkpt>
      <trkpt lat="34.709008" lon="99.463112"><ele>4693</ele></trkpt>
      <trkpt lat="34.709191" lon="99.463079"><ele>4693</ele></trkpt>
      <trkpt lat="34.709282" lon="99.463045"><ele>4694</ele></trkpt>
      <trkpt lat="34.709429" lon="99.462947"><ele>4694</ele></trkpt>
      <trkpt lat="34.709512" lon="99.462884"><ele>4695</ele></trkpt>
      <trkpt lat="34.709812" lon="99.462553"><ele>4698</ele></trkpt>
      <trkpt lat="34.710158" lon="99.462096"><ele>4700</ele></trkpt>
      <trkpt lat="34.71037" lon="99.461838"><ele>4702</ele></trkpt>
      <trkpt lat="34.710439" lon="99.461766"><ele>4702</ele></trkpt>
      <trkpt lat="34.710707" lon="99.461553"><ele>4702</ele></trkpt>
      <trkpt lat="34.711015" lon="99.461281"><ele>4702</ele></trkpt>
      <trkpt lat="34.71141" lon="99.460951"><ele>4702</ele></trkpt>
      <trkpt lat="34.711495" lon="99.460912"><ele>4702</ele></trkpt>
      <trkpt lat="34.711585" lon="99.460888"><ele>4701</ele></trkpt>
      <trkpt lat="34.711688" lon="99.460881"><ele>4701</ele></trkpt>
      <trkpt lat="34.711798" lon="99.460889"><ele>4700</ele></trkpt>
      <trkpt lat="34.711892" lon="99.460928"><ele>4700</ele></trkpt>
      <trkpt lat="34.711988" lon="99.460948"><ele>4700</ele></trkpt>
      <trkpt lat="34.712269" lon="99.460864"><ele>4698</ele></trkpt>
      <trkpt lat="34.712331" lon="99.460861"><ele>4698</ele></trkpt>
      <trkpt lat="34.712398" lon="99.460813"><ele>4698</ele></trkpt>
      <trkpt lat="34.712474" lon="99.460736"><ele>4697</ele></trkpt>
      <trkpt lat="34.71263" lon="99.460537"><ele>4697</ele></trkpt>
      <trkpt lat="34.712784" lon="99.460378"><ele>4696</ele></trkpt>
      <trkpt lat="34.71304" lon="99.460169"><ele>4696</ele></trkpt>
      <trkpt lat="34.713224" lon="99.46004"><ele>4695</ele></trkpt>
      <trkpt lat="34.713608" lon="99.45965"><ele>4694</ele></trkpt>
      <trkpt lat="34.71369" lon="99.459602"><ele>4694</ele></trkpt>
      <trkpt lat="34.71378" lon="99.459602"><ele>4693</ele></trkpt>
      <trkpt lat="34.713867" lon="99.459647"><ele>4693</ele></trkpt>
      <trkpt lat="34.713941" lon="99.459723"><ele>4692</ele></trkpt>
      <trkpt lat="34.714073" lon="99.459929"><ele>4691</ele></trkpt>
      <trkpt lat="34.714151" lon="99.460006"><ele>4691</ele></trkpt>
      <trkpt lat="34.714328" lon="99.460135"><ele>4690</ele></trkpt>
      <trkpt lat="34.714419" lon="99.460181"><ele>4690</ele></trkpt>
      <trkpt lat="34.714523" lon="99.460171"><ele>4689</ele></trkpt>
      <trkpt lat="34.714618" lon="99.460107"><ele>4689</ele></trkpt>
      <trkpt lat="34.714761" lon="99.45994"><ele>4688</ele></trkpt>
      <trkpt lat="34.714922" lon="99.459787"><ele>4688</ele></trkpt>
      <trkpt lat="34.715002" lon="99.459696"><ele>4688</ele></trkpt>
      <trkpt lat="34.715062" lon="99.459591"><ele>4689</ele></trkpt>
      <trkpt lat="34.715115" lon="99.459211"><ele>4691</ele></trkpt>
      <trkpt lat="34.715132" lon="99.458954"><ele>4691</ele></trkpt>
      <trkpt lat="34.715132" lon="99.458836"><ele>4692</ele></trkpt>
      <trkpt lat="34.715146" lon="99.458717"><ele>4692</ele></trkpt>
      <trkpt lat="34.715174" lon="99.458596"><ele>4693</ele></trkpt>
      <trkpt lat="34.715263" lon="99.458408"><ele>4693</ele></trkpt>
      <trkpt lat="34.715456" lon="99.458325"><ele>4695</ele></trkpt>
      <trkpt lat="34.715561" lon="99.458299"><ele>4695</ele></trkpt>
      <trkpt lat="34.715651" lon="99.458256"><ele>4694</ele></trkpt>
      <trkpt lat="34.715829" lon="99.458108"><ele>4693</ele></trkpt>
      <trkpt lat="34.715922" lon="99.458049"><ele>4692</ele></trkpt>
      <trkpt lat="34.716093" lon="99.457906"><ele>4690</ele></trkpt>
      <trkpt lat="34.716181" lon="99.45787"><ele>4689</ele></trkpt>
      <trkpt lat="34.716277" lon="99.45769"><ele>4688</ele></trkpt>
      <trkpt lat="34.716361" lon="99.457651"><ele>4687</ele></trkpt>
      <trkpt lat="34.716452" lon="99.457624"><ele>4687</ele></trkpt>
      <trkpt lat="34.716643" lon="99.45753"><ele>4685</ele></trkpt>
      <trkpt lat="34.716724" lon="99.457466"><ele>4685</ele></trkpt>
      <trkpt lat="34.716805" lon="99.457383"><ele>4684</ele></trkpt>
      <trkpt lat="34.716833" lon="99.457335"><ele>4683</ele></trkpt>
      <trkpt lat="34.717152" lon="99.457089"><ele>4680</ele></trkpt>
      <trkpt lat="34.717639" lon="99.456648"><ele>4677</ele></trkpt>
      <trkpt lat="34.717791" lon="99.456491"><ele>4678</ele></trkpt>
      <trkpt lat="34.717953" lon="99.456347"><ele>4680</ele></trkpt>
      <trkpt lat="34.718042" lon="99.456273"><ele>4680</ele></trkpt>
      <trkpt lat="34.718232" lon="99.456167"><ele>4681</ele></trkpt>
      <trkpt lat="34.718477" lon="99.455956"><ele>4681</ele></trkpt>
      <trkpt lat="34.718549" lon="99.455858"><ele>4681</ele></trkpt>
      <trkpt lat="34.718569" lon="99.455817"><ele>4682</ele></trkpt>
      <trkpt lat="34.71863" lon="99.455759"><ele>4681</ele></trkpt>
      <trkpt lat="34.718675" lon="99.455664"><ele>4681</ele></trkpt>
      <trkpt lat="34.718757" lon="99.455446"><ele>4681</ele></trkpt>
      <trkpt lat="34.718834" lon="99.455075"><ele>4683</ele></trkpt>
      <trkpt lat="34.718877" lon="99.454966"><ele>4683</ele></trkpt>
      <trkpt lat="34.718934" lon="99.454875"><ele>4683</ele></trkpt>
      <trkpt lat="34.719003" lon="99.454789"><ele>4682</ele></trkpt>
      <trkpt lat="34.719072" lon="99.454715"><ele>4682</ele></trkpt>
      <trkpt lat="34.71925" lon="99.454571"><ele>4680</ele></trkpt>
      <trkpt lat="34.719296" lon="99.454508"><ele>4680</ele></trkpt>
      <trkpt lat="34.719668" lon="99.454359"><ele>4679</ele></trkpt>
      <trkpt lat="34.719734" lon="99.454296"><ele>4678</ele></trkpt>
      <trkpt lat="34.719901" lon="99.454197"><ele>4677</ele></trkpt>
      <trkpt lat="34.720308" lon="99.454124"><ele>4675</ele></trkpt>
      <trkpt lat="34.720416" lon="99.454131"><ele>4674</ele></trkpt>
      <trkpt lat="34.720813" lon="99.454186"><ele>4669</ele></trkpt>
      <trkpt lat="34.72121" lon="99.454316"><ele>4666</ele></trkpt>
      <trkpt lat="34.721303" lon="99.454338"><ele>4665</ele></trkpt>
      <trkpt lat="34.721405" lon="99.454324"><ele>4664</ele></trkpt>
      <trkpt lat="34.721489" lon="99.45428"><ele>4664</ele></trkpt>
      <trkpt lat="34.721561" lon="99.454208"><ele>4665</ele></trkpt>
      <trkpt lat="34.721623" lon="99.454113"><ele>4666</ele></trkpt>
      <trkpt lat="34.721663" lon="99.453996"><ele>4667</ele></trkpt>
      <trkpt lat="34.721695" lon="99.453744"><ele>4669</ele></trkpt>
      <trkpt lat="34.721722" lon="99.453628"><ele>4669</ele></trkpt>
      <trkpt lat="34.72176" lon="99.453526"><ele>4670</ele></trkpt>
      <trkpt lat="34.721827" lon="99.453427"><ele>4670</ele></trkpt>
      <trkpt lat="34.721909" lon="99.453337"><ele>4670</ele></trkpt>
      <trkpt lat="34.721998" lon="99.45326"><ele>4670</ele></trkpt>
      <trkpt lat="34.722444" lon="99.452954"><ele>4667</ele></trkpt>
      <trkpt lat="34.722774" lon="99.452709"><ele>4664</ele></trkpt>
      <trkpt lat="34.722859" lon="99.452668"><ele>4664</ele></trkpt>
      <trkpt lat="34.722948" lon="99.452636"><ele>4665</ele></trkpt>
      <trkpt lat="34.723553" lon="99.4525"><ele>4664</ele></trkpt>
      <trkpt lat="34.723745" lon="99.452429"><ele>4663</ele></trkpt>
      <trkpt lat="34.723925" lon="99.452388"><ele>4662</ele></trkpt>
      <trkpt lat="34.72412" lon="99.452296"><ele>4661</ele></trkpt>
      <trkpt lat="34.7242" lon="99.452233"><ele>4661</ele></trkpt>
      <trkpt lat="34.724351" lon="99.452086"><ele>4661</ele></trkpt>
      <trkpt lat="34.724652" lon="99.451726"><ele>4662</ele></trkpt>
      <trkpt lat="34.724778" lon="99.451531"><ele>4662</ele></trkpt>
      <trkpt lat="34.724809" lon="99.451423"><ele>4662</ele></trkpt>
      <trkpt lat="34.724847" lon="99.451179"><ele>4663</ele></trkpt>
      <trkpt lat="34.72489" lon="99.451059"><ele>4663</ele></trkpt>
      <trkpt lat="34.724941" lon="99.450958"><ele>4664</ele></trkpt>
      <trkpt lat="34.725001" lon="99.450873"><ele>4664</ele></trkpt>
      <trkpt lat="34.725072" lon="99.450797"><ele>4664</ele></trkpt>
      <trkpt lat="34.725327" lon="99.450581"><ele>4663</ele></trkpt>
      <trkpt lat="34.725494" lon="99.450456"><ele>4662</ele></trkpt>
      <trkpt lat="34.725975" lon="99.450201"><ele>4658</ele></trkpt>
      <trkpt lat="34.726248" lon="99.450037"><ele>4656</ele></trkpt>
      <trkpt lat="34.726323" lon="99.449968"><ele>4656</ele></trkpt>
      <trkpt lat="34.726509" lon="99.449687"><ele>4658</ele></trkpt>
      <trkpt lat="34.726662" lon="99.449514"><ele>4659</ele></trkpt>
      <trkpt lat="34.726817" lon="99.449368"><ele>4659</ele></trkpt>
      <trkpt lat="34.726992" lon="99.449247"><ele>4657</ele></trkpt>
      <trkpt lat="34.727349" lon="99.449071"><ele>4654</ele></trkpt>
      <trkpt lat="34.727516" lon="99.448965"><ele>4653</ele></trkpt>
      <trkpt lat="34.727782" lon="99.448775"><ele>4652</ele></trkpt>
      <trkpt lat="34.728073" lon="99.448609"><ele>4652</ele></trkpt>
      <trkpt lat="34.728269" lon="99.448515"><ele>4652</ele></trkpt>
      <trkpt lat="34.728338" lon="99.448541"><ele>4651</ele></trkpt>
      <trkpt lat="34.728353" lon="99.448455"><ele>4652</ele></trkpt>
      <trkpt lat="34.72862" lon="99.448346"><ele>4649</ele></trkpt>
      <trkpt lat="34.729027" lon="99.44823"><ele>4645</ele></trkpt>
      <trkpt lat="34.729214" lon="99.448134"><ele>4644</ele></trkpt>
      <trkpt lat="34.729296" lon="99.448073"><ele>4643</ele></trkpt>
      <trkpt lat="34.729439" lon="99.447929"><ele>4642</ele></trkpt>
      <trkpt lat="34.729642" lon="99.447674"><ele>4642</ele></trkpt>
      <trkpt lat="34.729716" lon="99.447595"><ele>4642</ele></trkpt>
      <trkpt lat="34.729947" lon="99.447385"><ele>4641</ele></trkpt>
      <trkpt lat="34.730356" lon="99.447067"><ele>4640</ele></trkpt>
      <trkpt lat="34.730624" lon="99.446888"><ele>4638</ele></trkpt>
      <trkpt lat="34.730757" lon="99.446721"><ele>4637</ele></trkpt>
      <trkpt lat="34.730817" lon="99.446627"><ele>4637</ele></trkpt>
      <trkpt lat="34.73086" lon="99.446512"><ele>4636</ele></trkpt>
      <trkpt lat="34.730918" lon="99.446271"><ele>4637</ele></trkpt>
      <trkpt lat="34.730972" lon="99.446171"><ele>4637</ele></trkpt>
      <trkpt lat="34.731062" lon="99.446107"><ele>4638</ele></trkpt>
      <trkpt lat="34.731154" lon="99.446063"><ele>4638</ele></trkpt>
      <trkpt lat="34.731342" lon="99.446"><ele>4637</ele></trkpt>
      <trkpt lat="34.731527" lon="99.445909"><ele>4635</ele></trkpt>
      <trkpt lat="34.732054" lon="99.445622"><ele>4630</ele></trkpt>
      <trkpt lat="34.732128" lon="99.445551"><ele>4630</ele></trkpt>
      <trkpt lat="34.732191" lon="99.445458"><ele>4629</ele></trkpt>
      <trkpt lat="34.732232" lon="99.445347"><ele>4629</ele></trkpt>
      <trkpt lat="34.732252" lon="99.44523"><ele>4629</ele></trkpt>
      <trkpt lat="34.732261" lon="99.444992"><ele>4629</ele></trkpt>
      <trkpt lat="34.732306" lon="99.444624"><ele>4628</ele></trkpt>
      <trkpt lat="34.732361" lon="99.44453"><ele>4628</ele></trkpt>
      <trkpt lat="34.732385" lon="99.444512"><ele>4628</ele></trkpt>
      <trkpt lat="34.732418" lon="99.444427"><ele>4628</ele></trkpt>
      <trkpt lat="34.732442" lon="99.444308"><ele>4628</ele></trkpt>
      <trkpt lat="34.732479" lon="99.444181"><ele>4628</ele></trkpt>
      <trkpt lat="34.732621" lon="99.443844"><ele>4628</ele></trkpt>
      <trkpt lat="34.732694" lon="99.44364"><ele>4628</ele></trkpt>
      <trkpt lat="34.732807" lon="99.443189"><ele>4628</ele></trkpt>
      <trkpt lat="34.732852" lon="99.443066"><ele>4628</ele></trkpt>
      <trkpt lat="34.732911" lon="99.442953"><ele>4628</ele></trkpt>
      <trkpt lat="34.732988" lon="99.442859"><ele>4627</ele></trkpt>
      <trkpt lat="34.733157" lon="99.442722"><ele>4626</ele></trkpt>
      <trkpt lat="34.733309" lon="99.442587"><ele>4625</ele></trkpt>
      <trkpt lat="34.733378" lon="99.442514"><ele>4625</ele></trkpt>
      <trkpt lat="34.733434" lon="99.442427"><ele>4625</ele></trkpt>
      <trkpt lat="34.733587" lon="99.442102"><ele>4625</ele></trkpt>
      <trkpt lat="34.733659" lon="99.441999"><ele>4624</ele></trkpt>
      <trkpt lat="34.733741" lon="99.441916"><ele>4624</ele></trkpt>
      <trkpt lat="34.734278" lon="99.441512"><ele>4621</ele></trkpt>
      <trkpt lat="34.734634" lon="99.441276"><ele>4620</ele></trkpt>
      <trkpt lat="34.734826" lon="99.441164"><ele>4620</ele></trkpt>
      <trkpt lat="34.735209" lon="99.441004"><ele>4617</ele></trkpt>
      <trkpt lat="34.735397" lon="99.440914"><ele>4616</ele></trkpt>
      <trkpt lat="34.735577" lon="99.440771"><ele>4615</ele></trkpt>
      <trkpt lat="34.735758" lon="99.440662"><ele>4615</ele></trkpt>
      <trkpt lat="34.735838" lon="99.44059"><ele>4614</ele></trkpt>
      <trkpt lat="34.735897" lon="99.440503"><ele>4614</ele></trkpt>
      <trkpt lat="34.735917" lon="99.44026"><ele>4614</ele></trkpt>
      <trkpt lat="34.735925" lon="99.43978"><ele>4612</ele></trkpt>
      <trkpt lat="34.735914" lon="99.439544"><ele>4612</ele></trkpt>
      <trkpt lat="34.735873" lon="99.439212"><ele>4612</ele></trkpt>
      <trkpt lat="34.735853" lon="99.438958"><ele>4612</ele></trkpt>
      <trkpt lat="34.735848" lon="99.43884"><ele>4611</ele></trkpt>
      <trkpt lat="34.735859" lon="99.438729"><ele>4611</ele></trkpt>
      <trkpt lat="34.735922" lon="99.438518"><ele>4610</ele></trkpt>
      <trkpt lat="34.735965" lon="99.438419"><ele>4610</ele></trkpt>
      <trkpt lat="34.736072" lon="99.438252"><ele>4610</ele></trkpt>
      <trkpt lat="34.736145" lon="99.438187"><ele>4609</ele></trkpt>
      <trkpt lat="34.736226" lon="99.438134"><ele>4608</ele></trkpt>
      <trkpt lat="34.73651" lon="99.437979"><ele>4607</ele></trkpt>
      <trkpt lat="34.737368" lon="99.437367"><ele>4601</ele></trkpt>
      <trkpt lat="34.737455" lon="99.43731"><ele>4600</ele></trkpt>
      <trkpt lat="34.737546" lon="99.437275"><ele>4600</ele></trkpt>
      <trkpt lat="34.737637" lon="99.437249"><ele>4600</ele></trkpt>
      <trkpt lat="34.737828" lon="99.437214"><ele>4599</ele></trkpt>
      <trkpt lat="34.737935" lon="99.437211"><ele>4598</ele></trkpt>
      <trkpt lat="34.738543" lon="99.437134"><ele>4595</ele></trkpt>
      <trkpt lat="34.739034" lon="99.437031"><ele>4591</ele></trkpt>
      <trkpt lat="34.739232" lon="99.436962"><ele>4589</ele></trkpt>
      <trkpt lat="34.739588" lon="99.436754"><ele>4587</ele></trkpt>
      <trkpt lat="34.740237" lon="99.43645"><ele>4586</ele></trkpt>
      <trkpt lat="34.740438" lon="99.436373"><ele>4586</ele></trkpt>
      <trkpt lat="34.740745" lon="99.4363"><ele>4582</ele></trkpt>
      <trkpt lat="34.74095" lon="99.43628"><ele>4579</ele></trkpt>
      <trkpt lat="34.741529" lon="99.436173"><ele>4573</ele></trkpt>
      <trkpt lat="34.741734" lon="99.436099"><ele>4572</ele></trkpt>
      <trkpt lat="34.741939" lon="99.436068"><ele>4571</ele></trkpt>
      <trkpt lat="34.742041" lon="99.436038"><ele>4570</ele></trkpt>
      <trkpt lat="34.742137" lon="99.435982"><ele>4569</ele></trkpt>
      <trkpt lat="34.742224" lon="99.435901"><ele>4568</ele></trkpt>
      <trkpt lat="34.742457" lon="99.435639"><ele>4567</ele></trkpt>
      <trkpt lat="34.742666" lon="99.43536"><ele>4566</ele></trkpt>
      <trkpt lat="34.742738" lon="99.435286"><ele>4567</ele></trkpt>
      <trkpt lat="34.74313" lon="99.435239"><ele>4567</ele></trkpt>
      <trkpt lat="34.743539" lon="99.435176"><ele>4565</ele></trkpt>
      <trkpt lat="34.743851" lon="99.435146"><ele>4563</ele></trkpt>
      <trkpt lat="34.743956" lon="99.435147"><ele>4563</ele></trkpt>
      <trkpt lat="34.74409" lon="99.435217"><ele>4562</ele></trkpt>
      <trkpt lat="34.744143" lon="99.435135"><ele>4562</ele></trkpt>
      <trkpt lat="34.744233" lon="99.4351"><ele>4563</ele></trkpt>
      <trkpt lat="34.744538" lon="99.435026"><ele>4560</ele></trkpt>
      <trkpt lat="34.744632" lon="99.434965"><ele>4559</ele></trkpt>
      <trkpt lat="34.744791" lon="99.434832"><ele>4557</ele></trkpt>
      <trkpt lat="34.745069" lon="99.434631"><ele>4554</ele></trkpt>
      <trkpt lat="34.745336" lon="99.434422"><ele>4551</ele></trkpt>
      <trkpt lat="34.745411" lon="99.43436"><ele>4550</ele></trkpt>
      <trkpt lat="34.745475" lon="99.434281"><ele>4550</ele></trkpt>
      <trkpt lat="34.745551" lon="99.434209"><ele>4549</ele></trkpt>
      <trkpt lat="34.74563" lon="99.434153"><ele>4549</ele></trkpt>
      <trkpt lat="34.745728" lon="99.434101"><ele>4549</ele></trkpt>
      <trkpt lat="34.746114" lon="99.433982"><ele>4548</ele></trkpt>
      <trkpt lat="34.746289" lon="99.433911"><ele>4549</ele></trkpt>
      <trkpt lat="34.746387" lon="99.433865"><ele>4549</ele></trkpt>
      <trkpt lat="34.746578" lon="99.43374"><ele>4549</ele></trkpt>
      <trkpt lat="34.746665" lon="99.433671"><ele>4548</ele></trkpt>
      <trkpt lat="34.746816" lon="99.433505"><ele>4547</ele></trkpt>
      <trkpt lat="34.7469" lon="99.433434"><ele>4547</ele></trkpt>
      <trkpt lat="34.74708" lon="99.433297"><ele>4547</ele></trkpt>
      <trkpt lat="34.747182" lon="99.433264"><ele>4547</ele></trkpt>
      <trkpt lat="34.747281" lon="99.433212"><ele>4547</ele></trkpt>
      <trkpt lat="34.747376" lon="99.433143"><ele>4546</ele></trkpt>
      <trkpt lat="34.747797" lon="99.432779"><ele>4545</ele></trkpt>
      <trkpt lat="34.748161" lon="99.432495"><ele>4545</ele></trkpt>
      <trkpt lat="34.748237" lon="99.432425"><ele>4545</ele></trkpt>
      <trkpt lat="34.748383" lon="99.432252"><ele>4544</ele></trkpt>
      <trkpt lat="34.748507" lon="99.432065"><ele>4542</ele></trkpt>
      <trkpt lat="34.748708" lon="99.43168"><ele>4541</ele></trkpt>
      <trkpt lat="34.748883" lon="99.431393"><ele>4539</ele></trkpt>
      <trkpt lat="34.749309" lon="99.430601"><ele>4540</ele></trkpt>
      <trkpt lat="34.749717" lon="99.429919"><ele>4538</ele></trkpt>
      <trkpt lat="34.749789" lon="99.429818"><ele>4537</ele></trkpt>
      <trkpt lat="34.749937" lon="99.429665"><ele>4536</ele></trkpt>
      <trkpt lat="34.750093" lon="99.429524"><ele>4535</ele></trkpt>
      <trkpt lat="34.750112" lon="99.429445"><ele>4534</ele></trkpt>
      <trkpt lat="34.750164" lon="99.429355"><ele>4534</ele></trkpt>
      <trkpt lat="34.75024" lon="99.429293"><ele>4534</ele></trkpt>
      <trkpt lat="34.750337" lon="99.429261"><ele>4533</ele></trkpt>
      <trkpt lat="34.750423" lon="99.429213"><ele>4532</ele></trkpt>
      <trkpt lat="34.750668" lon="99.429038"><ele>4530</ele></trkpt>
      <trkpt lat="34.75105" lon="99.428634"><ele>4527</ele></trkpt>
      <trkpt lat="34.751177" lon="99.428453"><ele>4526</ele></trkpt>
      <trkpt lat="34.751524" lon="99.427867"><ele>4524</ele></trkpt>
      <trkpt lat="34.751817" lon="99.427398"><ele>4521</ele></trkpt>
      <trkpt lat="34.751882" lon="99.427315"><ele>4521</ele></trkpt>
      <trkpt lat="34.752192" lon="99.426989"><ele>4519</ele></trkpt>
      <trkpt lat="34.752353" lon="99.42684"><ele>4518</ele></trkpt>
      <trkpt lat="34.752654" lon="99.42653"><ele>4519</ele></trkpt>
      <trkpt lat="34.752747" lon="99.426478"><ele>4519</ele></trkpt>
      <trkpt lat="34.753139" lon="99.426124"><ele>4517</ele></trkpt>
      <trkpt lat="34.753397" lon="99.425956"><ele>4516</ele></trkpt>
      <trkpt lat="34.753601" lon="99.425841"><ele>4515</ele></trkpt>
      <trkpt lat="34.753701" lon="99.425801"><ele>4514</ele></trkpt>
      <trkpt lat="34.7538" lon="99.425778"><ele>4513</ele></trkpt>
      <trkpt lat="34.753836" lon="99.425783"><ele>4513</ele></trkpt>
      <trkpt lat="34.753894" lon="99.425725"><ele>4513</ele></trkpt>
      <trkpt lat="34.754062" lon="99.425599"><ele>4513</ele></trkpt>
      <trkpt lat="34.754627" lon="99.42513"><ele>4514</ele></trkpt>
      <trkpt lat="34.754766" lon="99.424983"><ele>4514</ele></trkpt>
      <trkpt lat="34.755038" lon="99.424474"><ele>4512</ele></trkpt>
      <trkpt lat="34.755178" lon="99.424288"><ele>4512</ele></trkpt>
      <trkpt lat="34.755264" lon="99.424208"><ele>4512</ele></trkpt>
      <trkpt lat="34.755357" lon="99.424138"><ele>4513</ele></trkpt>
      <trkpt lat="34.75592" lon="99.423777"><ele>4515</ele></trkpt>
      <trkpt lat="34.756082" lon="99.423654"><ele>4514</ele></trkpt>
      <trkpt lat="34.756486" lon="99.423276"><ele>4510</ele></trkpt>
      <trkpt lat="34.756558" lon="99.423194"><ele>4510</ele></trkpt>
      <trkpt lat="34.756952" lon="99.422821"><ele>4510</ele></trkpt>
      <trkpt lat="34.757266" lon="99.4225"><ele>4512</ele></trkpt>
      <trkpt lat="34.757345" lon="99.422445"><ele>4512</ele></trkpt>
      <trkpt lat="34.75757" lon="99.422238"><ele>4512</ele></trkpt>
      <trkpt lat="34.757658" lon="99.422187"><ele>4512</ele></trkpt>
      <trkpt lat="34.757827" lon="99.422043"><ele>4512</ele></trkpt>
      <trkpt lat="34.758053" lon="99.421828"><ele>4513</ele></trkpt>
      <trkpt lat="34.758684" lon="99.421058"><ele>4508</ele></trkpt>
      <trkpt lat="34.758826" lon="99.4209"><ele>4508</ele></trkpt>
      <trkpt lat="34.758975" lon="99.420759"><ele>4508</ele></trkpt>
      <trkpt lat="34.759053" lon="99.420672"><ele>4508</ele></trkpt>
      <trkpt lat="34.759105" lon="99.420559"><ele>4508</ele></trkpt>
      <trkpt lat="34.759121" lon="99.420437"><ele>4508</ele></trkpt>
      <trkpt lat="34.759127" lon="99.420197"><ele>4508</ele></trkpt>
      <trkpt lat="34.759148" lon="99.420081"><ele>4508</ele></trkpt>
      <trkpt lat="34.759178" lon="99.419975"><ele>4508</ele></trkpt>
      <trkpt lat="34.759211" lon="99.419873"><ele>4508</ele></trkpt>
      <trkpt lat="34.759261" lon="99.41978"><ele>4508</ele></trkpt>
      <trkpt lat="34.759329" lon="99.419705"><ele>4508</ele></trkpt>
      <trkpt lat="34.759414" lon="99.419653"><ele>4508</ele></trkpt>
      <trkpt lat="34.759512" lon="99.419633"><ele>4508</ele></trkpt>
      <trkpt lat="34.75962" lon="99.419635"><ele>4508</ele></trkpt>
      <trkpt lat="34.759729" lon="99.419678"><ele>4508</ele></trkpt>
      <trkpt lat="34.759832" lon="99.419738"><ele>4508</ele></trkpt>
      <trkpt lat="34.75992" lon="99.419805"><ele>4508</ele></trkpt>
      <trkpt lat="34.760219" lon="99.42006"><ele>4506</ele></trkpt>
      <trkpt lat="34.760545" lon="99.420309"><ele>4504</ele></trkpt>
      <trkpt lat="34.760645" lon="99.420355"><ele>4504</ele></trkpt>
      <trkpt lat="34.760742" lon="99.420417"><ele>4504</ele></trkpt>
      <trkpt lat="34.760851" lon="99.420504"><ele>4504</ele></trkpt>
      <trkpt lat="34.761006" lon="99.420805"><ele>4503</ele></trkpt>
      <trkpt lat="34.761108" lon="99.421036"><ele>4503</ele></trkpt>
      <trkpt lat="34.761189" lon="99.421249"><ele>4502</ele></trkpt>
      <trkpt lat="34.761347" lon="99.42156"><ele>4500</ele></trkpt>
      <trkpt lat="34.761443" lon="99.421776"><ele>4500</ele></trkpt>
      <trkpt lat="34.761571" lon="99.422101"><ele>4496</ele></trkpt>
      <trkpt lat="34.761631" lon="99.422187"><ele>4495</ele></trkpt>
      <trkpt lat="34.761685" lon="99.422203"><ele>4495</ele></trkpt>
      <trkpt lat="34.761778" lon="99.422205"><ele>4495</ele></trkpt>
      <trkpt lat="34.761871" lon="99.422175"><ele>4495</ele></trkpt>
      <trkpt lat="34.762064" lon="99.422069"><ele>4496</ele></trkpt>
      <trkpt lat="34.76215" lon="99.421986"><ele>4497</ele></trkpt>
      <trkpt lat="34.762212" lon="99.421877"><ele>4497</ele></trkpt>
      <trkpt lat="34.762232" lon="99.421755"><ele>4498</ele></trkpt>
      <trkpt lat="34.762265" lon="99.421406"><ele>4500</ele></trkpt>
      <trkpt lat="34.762365" lon="99.4208"><ele>4506</ele></trkpt>
      <trkpt lat="34.762418" lon="99.420213"><ele>4509</ele></trkpt>
      <trkpt lat="34.762441" lon="99.420104"><ele>4510</ele></trkpt>
      <trkpt lat="34.762497" lon="99.42002"><ele>4510</ele></trkpt>
      <trkpt lat="34.762513" lon="99.420093"><ele>4511</ele></trkpt>
      <trkpt lat="34.762681" lon="99.420182"><ele>4506</ele></trkpt>
      <trkpt lat="34.76285" lon="99.420321"><ele>4503</ele></trkpt>
      <trkpt lat="34.76317" lon="99.420636"><ele>4502</ele></trkpt>
      <trkpt lat="34.763534" lon="99.421019"><ele>4502</ele></trkpt>
      <trkpt lat="34.763705" lon="99.421164"><ele>4501</ele></trkpt>
      <trkpt lat="34.763847" lon="99.421346"><ele>4502</ele></trkpt>
      <trkpt lat="34.763925" lon="99.421428"><ele>4502</ele></trkpt>
      <trkpt lat="34.764012" lon="99.42149"><ele>4502</ele></trkpt>
      <trkpt lat="34.764113" lon="99.421522"><ele>4503</ele></trkpt>
      <trkpt lat="34.764209" lon="99.42151"><ele>4504</ele></trkpt>
      <trkpt lat="34.764299" lon="99.421441"><ele>4505</ele></trkpt>
      <trkpt lat="34.764364" lon="99.421346"><ele>4507</ele></trkpt>
      <trkpt lat="34.764523" lon="99.420993"><ele>4510</ele></trkpt>
      <trkpt lat="34.764576" lon="99.420893"><ele>4511</ele></trkpt>
      <trkpt lat="34.764643" lon="99.420812"><ele>4512</ele></trkpt>
      <trkpt lat="34.76472" lon="99.420752"><ele>4513</ele></trkpt>
      <trkpt lat="34.764891" lon="99.420662"><ele>4514</ele></trkpt>
      <trkpt lat="34.764966" lon="99.420598"><ele>4515</ele></trkpt>
      <trkpt lat="34.765032" lon="99.42051"><ele>4515</ele></trkpt>
      <trkpt lat="34.76508" lon="99.42041"><ele>4516</ele></trkpt>
      <trkpt lat="34.765118" lon="99.420301"><ele>4516</ele></trkpt>
      <trkpt lat="34.765172" lon="99.420205"><ele>4516</ele></trkpt>
      <trkpt lat="34.76531" lon="99.420022"><ele>4515</ele></trkpt>
      <trkpt lat="34.765562" lon="99.41964"><ele>4514</ele></trkpt>
      <trkpt lat="34.765639" lon="99.419553"><ele>4514</ele></trkpt>
      <trkpt lat="34.765726" lon="99.419512"><ele>4513</ele></trkpt>
      <trkpt lat="34.76582" lon="99.419451"><ele>4513</ele></trkpt>
      <trkpt lat="34.765985" lon="99.419319"><ele>4511</ele></trkpt>
      <trkpt lat="34.766029" lon="99.419306"><ele>4510</ele></trkpt>
      <trkpt lat="34.766084" lon="99.41924"><ele>4509</ele></trkpt>
      <trkpt lat="34.766413" lon="99.419008"><ele>4506</ele></trkpt>
      <trkpt lat="34.766498" lon="99.418953"><ele>4505</ele></trkpt>
      <trkpt lat="34.76669" lon="99.418856"><ele>4504</ele></trkpt>
      <trkpt lat="34.766777" lon="99.418795"><ele>4504</ele></trkpt>
      <trkpt lat="34.766982" lon="99.418706"><ele>4502</ele></trkpt>
      <trkpt lat="34.76707" lon="99.418637"><ele>4500</ele></trkpt>
      <trkpt lat="34.767164" lon="99.418596"><ele>4499</ele></trkpt>
      <trkpt lat="34.767249" lon="99.418544"><ele>4497</ele></trkpt>
      <trkpt lat="34.767536" lon="99.418473"><ele>4496</ele></trkpt>
      <trkpt lat="34.767626" lon="99.41844"><ele>4496</ele></trkpt>
      <trkpt lat="34.767718" lon="99.4184"><ele>4495</ele></trkpt>
      <trkpt lat="34.767795" lon="99.418335"><ele>4495</ele></trkpt>
      <trkpt lat="34.767857" lon="99.41825"><ele>4495</ele></trkpt>
      <trkpt lat="34.767907" lon="99.418149"><ele>4494</ele></trkpt>
      <trkpt lat="34.767949" lon="99.418038"><ele>4494</ele></trkpt>
      <trkpt lat="34.768025" lon="99.417691"><ele>4494</ele></trkpt>
      <trkpt lat="34.768059" lon="99.417472"><ele>4494</ele></trkpt>
      <trkpt lat="34.76812" lon="99.417393"><ele>4494</ele></trkpt>
      <trkpt lat="34.767876" lon="99.417161"><ele>4494</ele></trkpt>
      <trkpt lat="34.767815" lon="99.417075"><ele>4494</ele></trkpt>
      <trkpt lat="34.767791" lon="99.416951"><ele>4494</ele></trkpt>
      <trkpt lat="34.767803" lon="99.416829"><ele>4493</ele></trkpt>
      <trkpt lat="34.767848" lon="99.416709"><ele>4493</ele></trkpt>
      <trkpt lat="34.768093" lon="99.416185"><ele>4489</ele></trkpt>
      <trkpt lat="34.768209" lon="99.415876"><ele>4487</ele></trkpt>
      <trkpt lat="34.768276" lon="99.41565"><ele>4486</ele></trkpt>
      <trkpt lat="34.768325" lon="99.415416"><ele>4484</ele></trkpt>
      <trkpt lat="34.768363" lon="99.415312"><ele>4483</ele></trkpt>
      <trkpt lat="34.768504" lon="99.415146"><ele>4482</ele></trkpt>
      <trkpt lat="34.768588" lon="99.41507"><ele>4481</ele></trkpt>
      <trkpt lat="34.768621" lon="99.414964"><ele>4481</ele></trkpt>
      <trkpt lat="34.768635" lon="99.414851"><ele>4480</ele></trkpt>
      <trkpt lat="34.768626" lon="99.414734"><ele>4479</ele></trkpt>
      <trkpt lat="34.768595" lon="99.414502"><ele>4479</ele></trkpt>
      <trkpt lat="34.76859" lon="99.414279"><ele>4479</ele></trkpt>
      <trkpt lat="34.768532" lon="99.413923"><ele>4478</ele></trkpt>
      <trkpt lat="34.76853" lon="99.413807"><ele>4478</ele></trkpt>
      <trkpt lat="34.768703" lon="99.409802"><ele>4479</ele></trkpt>
      <trkpt lat="34.768663" lon="99.409857"><ele>4468</ele></trkpt>
      <trkpt lat="34.76866" lon="99.409759"><ele>4457</ele></trkpt>
      <trkpt lat="34.768712" lon="99.409369"><ele>4443</ele></trkpt>
      <trkpt lat="34.768755" lon="99.409123"><ele>4440</ele></trkpt>
      <trkpt lat="34.769003" lon="99.408602"><ele>4437</ele></trkpt>
      <trkpt lat="34.76918" lon="99.408304"><ele>4434</ele></trkpt>
      <trkpt lat="34.769256" lon="99.408216"><ele>4432</ele></trkpt>
      <trkpt lat="34.769778" lon="99.407763"><ele>4422</ele></trkpt>
      <trkpt lat="34.769854" lon="99.407699"><ele>4420</ele></trkpt>
      <trkpt lat="34.769949" lon="99.407642"><ele>4419</ele></trkpt>
      <trkpt lat="34.770021" lon="99.407568"><ele>4417</ele></trkpt>
      <trkpt lat="34.770268" lon="99.407378"><ele>4415</ele></trkpt>
      <trkpt lat="34.770345" lon="99.407309"><ele>4415</ele></trkpt>
      <trkpt lat="34.770523" lon="99.407178"><ele>4413</ele></trkpt>
      <trkpt lat="34.771115" lon="99.406645"><ele>4401</ele></trkpt>
      <trkpt lat="34.771535" lon="99.406334"><ele>4395</ele></trkpt>
      <trkpt lat="34.771706" lon="99.406186"><ele>4394</ele></trkpt>
      <trkpt lat="34.771988" lon="99.406005"><ele>4391</ele></trkpt>
      <trkpt lat="34.772087" lon="99.405971"><ele>4389</ele></trkpt>
      <trkpt lat="34.77218" lon="99.405926"><ele>4387</ele></trkpt>
      <trkpt lat="34.772267" lon="99.405866"><ele>4385</ele></trkpt>
      <trkpt lat="34.77243" lon="99.405721"><ele>4380</ele></trkpt>
      <trkpt lat="34.772519" lon="99.405676"><ele>4379</ele></trkpt>
      <trkpt lat="34.772615" lon="99.405642"><ele>4378</ele></trkpt>
      <trkpt lat="34.772822" lon="99.405588"><ele>4375</ele></trkpt>
      <trkpt lat="34.773291" lon="99.405378"><ele>4369</ele></trkpt>
      <trkpt lat="34.773574" lon="99.405203"><ele>4363</ele></trkpt>
      <trkpt lat="34.773918" lon="99.404938"><ele>4358</ele></trkpt>
      <trkpt lat="34.774274" lon="99.404768"><ele>4350</ele></trkpt>
      <trkpt lat="34.774545" lon="99.404599"><ele>4345</ele></trkpt>
      <trkpt lat="34.774833" lon="99.404475"><ele>4342</ele></trkpt>
      <trkpt lat="34.77492" lon="99.40443"><ele>4342</ele></trkpt>
      <trkpt lat="34.775004" lon="99.404369"><ele>4341</ele></trkpt>
      <trkpt lat="34.775097" lon="99.404324"><ele>4339</ele></trkpt>
      <trkpt lat="34.775285" lon="99.404246"><ele>4337</ele></trkpt>
      <trkpt lat="34.775379" lon="99.404195"><ele>4336</ele></trkpt>
      <trkpt lat="34.775482" lon="99.40416"><ele>4336</ele></trkpt>
      <trkpt lat="34.77567" lon="99.404048"><ele>4336</ele></trkpt>
      <trkpt lat="34.776165" lon="99.403867"><ele>4334</ele></trkpt>
      <trkpt lat="34.776262" lon="99.403845"><ele>4334</ele></trkpt>
      <trkpt lat="34.776543" lon="99.403742"><ele>4333</ele></trkpt>
      <trkpt lat="34.776933" lon="99.403588"><ele>4330</ele></trkpt>
      <trkpt lat="34.777024" lon="99.403544"><ele>4331</ele></trkpt>
      <trkpt lat="34.777202" lon="99.403451"><ele>4334</ele></trkpt>
      <trkpt lat="34.777567" lon="99.403228"><ele>4338</ele></trkpt>
      <trkpt lat="34.777858" lon="99.403088"><ele>4340</ele></trkpt>
      <trkpt lat="34.778057" lon="99.402979"><ele>4339</ele></trkpt>
      <trkpt lat="34.778306" lon="99.402808"><ele>4339</ele></trkpt>
      <trkpt lat="34.778643" lon="99.402548"><ele>4341</ele></trkpt>
      <trkpt lat="34.778906" lon="99.402389"><ele>4341</ele></trkpt>
      <trkpt lat="34.778997" lon="99.402383"><ele>4341</ele></trkpt>
      <trkpt lat="34.779087" lon="99.402427"><ele>4340</ele></trkpt>
      <trkpt lat="34.779178" lon="99.402427"><ele>4338</ele></trkpt>
      <trkpt lat="34.779268" lon="99.402395"><ele>4337</ele></trkpt>
      <trkpt lat="34.779462" lon="99.402296"><ele>4334</ele></trkpt>
      <trkpt lat="34.779641" lon="99.402173"><ele>4332</ele></trkpt>
      <trkpt lat="34.779713" lon="99.402098"><ele>4331</ele></trkpt>
      <trkpt lat="34.779768" lon="99.40201"><ele>4331</ele></trkpt>
      <trkpt lat="34.779835" lon="99.401926"><ele>4331</ele></trkpt>
      <trkpt lat="34.780048" lon="99.401685"><ele>4332</ele></trkpt>
      <trkpt lat="34.780118" lon="99.401607"><ele>4332</ele></trkpt>
      <trkpt lat="34.780197" lon="99.401546"><ele>4333</ele></trkpt>
      <trkpt lat="34.780288" lon="99.401546"><ele>4334</ele></trkpt>
      <trkpt lat="34.780385" lon="99.401601"><ele>4334</ele></trkpt>
      <trkpt lat="34.78046" lon="99.401701"><ele>4333</ele></trkpt>
      <trkpt lat="34.780519" lon="99.401663"><ele>4332</ele></trkpt>
      <trkpt lat="34.780565" lon="99.401556"><ele>4334</ele></trkpt>
      <trkpt lat="34.780631" lon="99.401165"><ele>4342</ele></trkpt>
      <trkpt lat="34.780699" lon="99.401095"><ele>4345</ele></trkpt>
      <trkpt lat="34.780793" lon="99.401077"><ele>4347</ele></trkpt>
      <trkpt lat="34.780895" lon="99.401085"><ele>4349</ele></trkpt>
      <trkpt lat="34.781007" lon="99.401177"><ele>4351</ele></trkpt>
      <trkpt lat="34.78099" lon="99.401133"><ele>4347</ele></trkpt>
      <trkpt lat="34.781083" lon="99.401165"><ele>4347</ele></trkpt>
      <trkpt lat="34.781188" lon="99.40117"><ele>4348</ele></trkpt>
      <trkpt lat="34.781293" lon="99.401193"><ele>4348</ele></trkpt>
      <trkpt lat="34.78148" lon="99.401294"><ele>4347</ele></trkpt>
      <trkpt lat="34.781574" lon="99.401296"><ele>4346</ele></trkpt>
      <trkpt lat="34.781636" lon="99.401224"><ele>4346</ele></trkpt>
      <trkpt lat="34.7817" lon="99.401127"><ele>4347</ele></trkpt>
      <trkpt lat="34.781792" lon="99.401061"><ele>4349</ele></trkpt>
      <trkpt lat="34.781887" lon="99.401012"><ele>4349</ele></trkpt>
      <trkpt lat="34.782087" lon="99.40095"><ele>4351</ele></trkpt>
      <trkpt lat="34.782453" lon="99.400795"><ele>4351</ele></trkpt>
      <trkpt lat="34.782653" lon="99.400733"><ele>4352</ele></trkpt>
      <trkpt lat="34.783128" lon="99.400538"><ele>4357</ele></trkpt>
      <trkpt lat="34.783232" lon="99.400524"><ele>4357</ele></trkpt>
      <trkpt lat="34.783424" lon="99.400476"><ele>4357</ele></trkpt>
      <trkpt lat="34.783525" lon="99.400438"><ele>4356</ele></trkpt>
      <trkpt lat="34.783999" lon="99.400207"><ele>4356</ele></trkpt>
      <trkpt lat="34.784165" lon="99.400117"><ele>4356</ele></trkpt>
      <trkpt lat="34.78433" lon="99.400014"><ele>4357</ele></trkpt>
      <trkpt lat="34.784517" lon="99.39994"><ele>4358</ele></trkpt>
      <trkpt lat="34.784603" lon="99.399892"><ele>4357</ele></trkpt>
      <trkpt lat="34.784777" lon="99.399747"><ele>4357</ele></trkpt>
      <trkpt lat="34.784943" lon="99.399576"><ele>4358</ele></trkpt>
      <trkpt lat="34.785271" lon="99.399309"><ele>4360</ele></trkpt>
      <trkpt lat="34.785503" lon="99.399157"><ele>4360</ele></trkpt>
      <trkpt lat="34.785731" lon="99.398945"><ele>4358</ele></trkpt>
      <trkpt lat="34.785922" lon="99.398846"><ele>4357</ele></trkpt>
      <trkpt lat="34.78611" lon="99.398765"><ele>4356</ele></trkpt>
      <trkpt lat="34.786204" lon="99.398708"><ele>4356</ele></trkpt>
      <trkpt lat="34.786394" lon="99.398627"><ele>4355</ele></trkpt>
      <trkpt lat="34.786492" lon="99.398601"><ele>4355</ele></trkpt>
      <trkpt lat="34.786697" lon="99.39859"><ele>4355</ele></trkpt>
      <trkpt lat="34.786897" lon="99.398561"><ele>4353</ele></trkpt>
      <trkpt lat="34.78709" lon="99.398562"><ele>4351</ele></trkpt>
      <trkpt lat="34.787359" lon="99.398544"><ele>4349</ele></trkpt>
      <trkpt lat="34.787765" lon="99.398407"><ele>4350</ele></trkpt>
      <trkpt lat="34.787864" lon="99.39839"><ele>4351</ele></trkpt>
      <trkpt lat="34.787963" lon="99.398396"><ele>4352</ele></trkpt>
      <trkpt lat="34.788056" lon="99.398428"><ele>4352</ele></trkpt>
      <trkpt lat="34.788441" lon="99.3985"><ele>4352</ele></trkpt>
      <trkpt lat="34.788532" lon="99.398543"><ele>4351</ele></trkpt>
      <trkpt lat="34.788885" lon="99.398796"><ele>4349</ele></trkpt>
      <trkpt lat="34.789123" lon="99.399001"><ele>4348</ele></trkpt>
      <trkpt lat="34.789221" lon="99.39905"><ele>4348</ele></trkpt>
      <trkpt lat="34.789696" lon="99.399238"><ele>4349</ele></trkpt>
      <trkpt lat="34.789786" lon="99.399243"><ele>4348</ele></trkpt>
      <trkpt lat="34.790091" lon="99.399192"><ele>4348</ele></trkpt>
      <trkpt lat="34.790286" lon="99.399182"><ele>4348</ele></trkpt>
      <trkpt lat="34.790377" lon="99.399199"><ele>4347</ele></trkpt>
      <trkpt lat="34.790977" lon="99.399415"><ele>4345</ele></trkpt>
      <trkpt lat="34.791174" lon="99.39948"><ele>4346</ele></trkpt>
      <trkpt lat="34.791269" lon="99.399499"><ele>4347</ele></trkpt>
      <trkpt lat="34.791604" lon="99.399543"><ele>4346</ele></trkpt>
      <trkpt lat="34.791824" lon="99.399551"><ele>4345</ele></trkpt>
      <trkpt lat="34.792042" lon="99.399527"><ele>4345</ele></trkpt>
      <trkpt lat="34.79225" lon="99.399552"><ele>4345</ele></trkpt>
      <trkpt lat="34.79235" lon="99.399574"><ele>4346</ele></trkpt>
      <trkpt lat="34.792702" lon="99.39977"><ele>4347</ele></trkpt>
      <trkpt lat="34.79286" lon="99.399936"><ele>4346</ele></trkpt>
      <trkpt lat="34.792987" lon="99.400147"><ele>4344</ele></trkpt>
      <trkpt lat="34.793073" lon="99.400165"><ele>4342</ele></trkpt>
      <trkpt lat="34.793159" lon="99.400124"><ele>4341</ele></trkpt>
      <trkpt lat="34.793249" lon="99.400126"><ele>4341</ele></trkpt>
      <trkpt lat="34.793345" lon="99.400141"><ele>4341</ele></trkpt>
      <trkpt lat="34.793722" lon="99.400242"><ele>4341</ele></trkpt>
      <trkpt lat="34.793807" lon="99.400313"><ele>4341</ele></trkpt>
      <trkpt lat="34.793993" lon="99.400586"><ele>4341</ele></trkpt>
      <trkpt lat="34.794156" lon="99.400863"><ele>4342</ele></trkpt>
      <trkpt lat="34.794233" lon="99.40093"><ele>4342</ele></trkpt>
      <trkpt lat="34.794326" lon="99.400927"><ele>4342</ele></trkpt>
      <trkpt lat="34.794426" lon="99.400888"><ele>4342</ele></trkpt>
      <trkpt lat="34.794619" lon="99.40078"><ele>4339</ele></trkpt>
      <trkpt lat="34.794721" lon="99.40075"><ele>4338</ele></trkpt>
      <trkpt lat="34.794823" lon="99.400754"><ele>4337</ele></trkpt>
      <trkpt lat="34.794927" lon="99.40081"><ele>4335</ele></trkpt>
      <trkpt lat="34.795234" lon="99.400937"><ele>4332</ele></trkpt>
      <trkpt lat="34.795492" lon="99.401105"><ele>4332</ele></trkpt>
      <trkpt lat="34.795577" lon="99.401143"><ele>4332</ele></trkpt>
      <trkpt lat="34.795865" lon="99.401158"><ele>4331</ele></trkpt>
      <trkpt lat="34.796238" lon="99.40132"><ele>4324</ele></trkpt>
      <trkpt lat="34.796335" lon="99.401331"><ele>4322</ele></trkpt>
      <trkpt lat="34.796429" lon="99.401328"><ele>4321</ele></trkpt>
      <trkpt lat="34.796533" lon="99.401308"><ele>4320</ele></trkpt>
      <trkpt lat="34.796908" lon="99.401346"><ele>4315</ele></trkpt>
      <trkpt lat="34.797009" lon="99.401372"><ele>4315</ele></trkpt>
      <trkpt lat="34.797104" lon="99.401371"><ele>4314</ele></trkpt>
      <trkpt lat="34.797205" lon="99.4014"><ele>4313</ele></trkpt>
      <trkpt lat="34.797405" lon="99.401484"><ele>4311</ele></trkpt>
      <trkpt lat="34.797497" lon="99.401503"><ele>4310</ele></trkpt>
      <trkpt lat="34.797602" lon="99.401495"><ele>4309</ele></trkpt>
      <trkpt lat="34.797702" lon="99.401441"><ele>4309</ele></trkpt>
      <trkpt lat="34.797765" lon="99.401347"><ele>4308</ele></trkpt>
      <trkpt lat="34.797994" lon="99.400898"><ele>4308</ele></trkpt>
      <trkpt lat="34.798342" lon="99.400257"><ele>4313</ele></trkpt>
      <trkpt lat="34.798442" lon="99.400054"><ele>4314</ele></trkpt>
      <trkpt lat="34.798527" lon="99.399996"><ele>4315</ele></trkpt>
      <trkpt lat="34.798621" lon="99.399979"><ele>4316</ele></trkpt>
      <trkpt lat="34.798725" lon="99.400008"><ele>4316</ele></trkpt>
      <trkpt lat="34.798822" lon="99.400056"><ele>4317</ele></trkpt>
      <trkpt lat="34.799085" lon="99.400247"><ele>4318</ele></trkpt>
      <trkpt lat="34.799167" lon="99.400323"><ele>4318</ele></trkpt>
      <trkpt lat="34.799403" lon="99.400511"><ele>4317</ele></trkpt>
      <trkpt lat="34.799489" lon="99.400553"><ele>4316</ele></trkpt>
      <trkpt lat="34.799671" lon="99.400668"><ele>4314</ele></trkpt>
      <trkpt lat="34.799773" lon="99.400716"><ele>4313</ele></trkpt>
      <trkpt lat="34.799877" lon="99.400749"><ele>4313</ele></trkpt>
      <trkpt lat="34.799944" lon="99.400759"><ele>4313</ele></trkpt>
      <trkpt lat="34.80003" lon="99.400745"><ele>4314</ele></trkpt>
      <trkpt lat="34.800227" lon="99.400754"><ele>4315</ele></trkpt>
      <trkpt lat="34.799947" lon="99.400786"><ele>4315</ele></trkpt>
      <trkpt lat="34.79989" lon="99.400883"><ele>4316</ele></trkpt>
      <trkpt lat="34.799845" lon="99.400991"><ele>4317</ele></trkpt>
      <trkpt lat="34.79966" lon="99.401265"><ele>4320</ele></trkpt>
      <trkpt lat="34.799615" lon="99.401374"><ele>4322</ele></trkpt>
      <trkpt lat="34.799551" lon="99.401458"><ele>4323</ele></trkpt>
      <trkpt lat="34.799468" lon="99.401534"><ele>4323</ele></trkpt>
      <trkpt lat="34.799376" lon="99.401598"><ele>4323</ele></trkpt>
      <trkpt lat="34.799445" lon="99.401523"><ele>4324</ele></trkpt>
      <trkpt lat="34.799528" lon="99.401465"><ele>4324</ele></trkpt>
      <trkpt lat="34.79962" lon="99.401418"><ele>4324</ele></trkpt>
      <trkpt lat="34.799686" lon="99.401329"><ele>4323</ele></trkpt>
      <trkpt lat="34.799799" lon="99.401117"><ele>4321</ele></trkpt>
      <trkpt lat="34.799863" lon="99.401022"><ele>4319</ele></trkpt>
      <trkpt lat="34.799913" lon="99.400912"><ele>4318</ele></trkpt>
      <trkpt lat="34.799951" lon="99.400794"><ele>4317</ele></trkpt>
      <trkpt lat="34.800037" lon="99.40075"><ele>4315</ele></trkpt>
      <trkpt lat="34.800133" lon="99.400745"><ele>4314</ele></trkpt>
      <trkpt lat="34.800228" lon="99.400762"><ele>4313</ele></trkpt>
      <trkpt lat="34.800318" lon="99.400802"><ele>4313</ele></trkpt>
      <trkpt lat="34.800411" lon="99.400823"><ele>4313</ele></trkpt>
      <trkpt lat="34.800812" lon="99.400839"><ele>4313</ele></trkpt>
      <trkpt lat="34.800904" lon="99.400857"><ele>4312</ele></trkpt>
      <trkpt lat="34.801088" lon="99.400935"><ele>4312</ele></trkpt>
      <trkpt lat="34.801185" lon="99.400955"><ele>4312</ele></trkpt>
      <trkpt lat="34.801285" lon="99.400958"><ele>4312</ele></trkpt>
      <trkpt lat="34.801391" lon="99.400941"><ele>4312</ele></trkpt>
      <trkpt lat="34.801492" lon="99.400884"><ele>4312</ele></trkpt>
      <trkpt lat="34.801563" lon="99.400788"><ele>4313</ele></trkpt>
      <trkpt lat="34.801594" lon="99.400658"><ele>4313</ele></trkpt>
      <trkpt lat="34.801654" lon="99.400553"><ele>4314</ele></trkpt>
      <trkpt lat="34.801745" lon="99.400491"><ele>4315</ele></trkpt>
      <trkpt lat="34.801855" lon="99.400463"><ele>4315</ele></trkpt>
      <trkpt lat="34.801959" lon="99.400419"><ele>4316</ele></trkpt>
      <trkpt lat="34.802065" lon="99.400408"><ele>4316</ele></trkpt>
      <trkpt lat="34.802159" lon="99.400467"><ele>4316</ele></trkpt>
      <trkpt lat="34.802323" lon="99.400633"><ele>4314</ele></trkpt>
      <trkpt lat="34.802407" lon="99.400683"><ele>4313</ele></trkpt>
      <trkpt lat="34.802502" lon="99.400668"><ele>4313</ele></trkpt>
      <trkpt lat="34.802578" lon="99.400601"><ele>4312</ele></trkpt>
      <trkpt lat="34.802638" lon="99.400495"><ele>4312</ele></trkpt>
      <trkpt lat="34.802641" lon="99.40036"><ele>4312</ele></trkpt>
      <trkpt lat="34.802628" lon="99.400225"><ele>4311</ele></trkpt>
      <trkpt lat="34.802653" lon="99.400109"><ele>4312</ele></trkpt>
      <trkpt lat="34.802707" lon="99.400005"><ele>4312</ele></trkpt>
      <trkpt lat="34.802745" lon="99.399901"><ele>4313</ele></trkpt>
      <trkpt lat="34.802861" lon="99.399716"><ele>4315</ele></trkpt>
      <trkpt lat="34.8029" lon="99.399597"><ele>4316</ele></trkpt>
      <trkpt lat="34.802956" lon="99.399351"><ele>4319</ele></trkpt>
      <trkpt lat="34.803052" lon="99.399021"><ele>4320</ele></trkpt>
      <trkpt lat="34.8031" lon="99.398908"><ele>4321</ele></trkpt>
      <trkpt lat="34.803162" lon="99.398797"><ele>4322</ele></trkpt>
      <trkpt lat="34.803236" lon="99.398699"><ele>4323</ele></trkpt>
      <trkpt lat="34.803291" lon="99.398645"><ele>4324</ele></trkpt>
      <trkpt lat="34.80337" lon="99.398617"><ele>4326</ele></trkpt>
      <trkpt lat="34.803885" lon="99.398569"><ele>4329</ele></trkpt>
      <trkpt lat="34.804108" lon="99.398583"><ele>4330</ele></trkpt>
      <trkpt lat="34.804356" lon="99.398629"><ele>4332</ele></trkpt>
      <trkpt lat="34.804755" lon="99.39872"><ele>4331</ele></trkpt>
      <trkpt lat="34.804857" lon="99.398758"><ele>4331</ele></trkpt>
      <trkpt lat="34.804946" lon="99.398804"><ele>4331</ele></trkpt>
      <trkpt lat="34.805198" lon="99.398976"><ele>4332</ele></trkpt>
      <trkpt lat="34.805289" lon="99.399019"><ele>4332</ele></trkpt>
      <trkpt lat="34.805381" lon="99.399031"><ele>4332</ele></trkpt>
      <trkpt lat="34.805472" lon="99.399022"><ele>4332</ele></trkpt>
      <trkpt lat="34.805978" lon="99.398838"><ele>4335</ele></trkpt>
      <trkpt lat="34.806174" lon="99.398802"><ele>4336</ele></trkpt>
      <trkpt lat="34.806661" lon="99.398783"><ele>4339</ele></trkpt>
      <trkpt lat="34.806863" lon="99.398796"><ele>4339</ele></trkpt>
      <trkpt lat="34.806968" lon="99.398823"><ele>4339</ele></trkpt>
      <trkpt lat="34.807055" lon="99.398888"><ele>4340</ele></trkpt>
      <trkpt lat="34.807133" lon="99.398971"><ele>4340</ele></trkpt>
      <trkpt lat="34.807195" lon="99.39907"><ele>4341</ele></trkpt>
      <trkpt lat="34.807266" lon="99.399143"><ele>4342</ele></trkpt>
      <trkpt lat="34.80735" lon="99.399176"><ele>4342</ele></trkpt>
      <trkpt lat="34.807442" lon="99.399163"><ele>4342</ele></trkpt>
      <trkpt lat="34.807409" lon="99.399212"><ele>4342</ele></trkpt>
      <trkpt lat="34.80732" lon="99.399429"><ele>4342</ele></trkpt>
      <trkpt lat="34.80731" lon="99.399558"><ele>4343</ele></trkpt>
      <trkpt lat="34.807343" lon="99.399674"><ele>4344</ele></trkpt>
      <trkpt lat="34.807426" lon="99.399888"><ele>4347</ele></trkpt>
      <trkpt lat="34.807458" lon="99.399996"><ele>4348</ele></trkpt>
      <trkpt lat="34.807482" lon="99.400117"><ele>4349</ele></trkpt>
      <trkpt lat="34.807564" lon="99.40075"><ele>4354</ele></trkpt>
      <trkpt lat="34.80759" lon="99.400873"><ele>4355</ele></trkpt>
      <trkpt lat="34.807628" lon="99.400992"><ele>4355</ele></trkpt>
      <trkpt lat="34.807673" lon="99.401094"><ele>4355</ele></trkpt>
      <trkpt lat="34.807742" lon="99.401178"><ele>4355</ele></trkpt>
      <trkpt lat="34.807832" lon="99.401204"><ele>4355</ele></trkpt>
      <trkpt lat="34.807938" lon="99.401191"><ele>4355</ele></trkpt>
      <trkpt lat="34.808045" lon="99.401151"><ele>4355</ele></trkpt>
      <trkpt lat="34.808125" lon="99.401075"><ele>4356</ele></trkpt>
      <trkpt lat="34.808186" lon="99.400981"><ele>4357</ele></trkpt>
      <trkpt lat="34.808235" lon="99.400879"><ele>4358</ele></trkpt>
      <trkpt lat="34.808295" lon="99.400792"><ele>4358</ele></trkpt>
      <trkpt lat="34.808344" lon="99.400693"><ele>4358</ele></trkpt>
      <trkpt lat="34.808522" lon="99.400403"><ele>4359</ele></trkpt>
      <trkpt lat="34.808614" lon="99.400199"><ele>4360</ele></trkpt>
      <trkpt lat="34.808673" lon="99.400115"><ele>4360</ele></trkpt>
      <trkpt lat="34.808836" lon="99.399965"><ele>4361</ele></trkpt>
      <trkpt lat="34.808906" lon="99.399883"><ele>4360</ele></trkpt>
      <trkpt lat="34.808996" lon="99.39983"><ele>4359</ele></trkpt>
      <trkpt lat="34.809218" lon="99.399582"><ele>4356</ele></trkpt>
      <trkpt lat="34.809306" lon="99.399543"><ele>4354</ele></trkpt>
      <trkpt lat="34.809578" lon="99.399381"><ele>4351</ele></trkpt>
      <trkpt lat="34.809872" lon="99.399263"><ele>4348</ele></trkpt>
      <trkpt lat="34.810014" lon="99.3991"><ele>4344</ele></trkpt>
      <trkpt lat="34.810181" lon="99.398971"><ele>4342</ele></trkpt>
      <trkpt lat="34.810252" lon="99.398881"><ele>4340</ele></trkpt>
      <trkpt lat="34.810422" lon="99.39875"><ele>4340</ele></trkpt>
      <trkpt lat="34.810474" lon="99.398649"><ele>4340</ele></trkpt>
      <trkpt lat="34.810546" lon="99.398574"><ele>4339</ele></trkpt>
      <trkpt lat="34.81072" lon="99.398474"><ele>4339</ele></trkpt>
      <trkpt lat="34.811014" lon="99.398359"><ele>4339</ele></trkpt>
      <trkpt lat="34.811206" lon="99.398315"><ele>4339</ele></trkpt>
      <trkpt lat="34.811313" lon="99.398304"><ele>4338</ele></trkpt>
      <trkpt lat="34.811519" lon="99.398319"><ele>4338</ele></trkpt>
      <trkpt lat="34.811609" lon="99.398342"><ele>4338</ele></trkpt>
      <trkpt lat="34.811799" lon="99.398416"><ele>4337</ele></trkpt>
      <trkpt lat="34.812368" lon="99.398727"><ele>4339</ele></trkpt>
      <trkpt lat="34.812474" lon="99.398761"><ele>4340</ele></trkpt>
      <trkpt lat="34.813097" lon="99.398818"><ele>4343</ele></trkpt>
      <trkpt lat="34.813202" lon="99.398798"><ele>4344</ele></trkpt>
      <trkpt lat="34.813386" lon="99.398797"><ele>4344</ele></trkpt>
      <trkpt lat="34.813485" lon="99.398775"><ele>4344</ele></trkpt>
      <trkpt lat="34.813578" lon="99.398772"><ele>4344</ele></trkpt>
      <trkpt lat="34.813669" lon="99.398799"><ele>4344</ele></trkpt>
      <trkpt lat="34.813746" lon="99.398872"><ele>4344</ele></trkpt>
      <trkpt lat="34.813841" lon="99.399082"><ele>4342</ele></trkpt>
      <trkpt lat="34.813906" lon="99.399182"><ele>4341</ele></trkpt>
      <trkpt lat="34.813982" lon="99.399271"><ele>4338</ele></trkpt>
      <trkpt lat="34.814078" lon="99.399312"><ele>4336</ele></trkpt>
      <trkpt lat="34.814175" lon="99.399298"><ele>4334</ele></trkpt>
      <trkpt lat="34.814447" lon="99.399442"><ele>4325</ele></trkpt>
      <trkpt lat="34.81451" lon="99.39938"><ele>4324</ele></trkpt>
      <trkpt lat="34.814596" lon="99.399383"><ele>4323</ele></trkpt>
      <trkpt lat="34.814674" lon="99.399324"><ele>4325</ele></trkpt>
      <trkpt lat="34.814797" lon="99.399141"><ele>4329</ele></trkpt>
      <trkpt lat="34.814945" lon="99.398972"><ele>4331</ele></trkpt>
      <trkpt lat="34.815094" lon="99.398816"><ele>4332</ele></trkpt>
      <trkpt lat="34.81518" lon="99.398768"><ele>4333</ele></trkpt>
      <trkpt lat="34.815288" lon="99.39874"><ele>4334</ele></trkpt>
      <trkpt lat="34.815605" lon="99.398782"><ele>4333</ele></trkpt>
      <trkpt lat="34.815921" lon="99.398714"><ele>4332</ele></trkpt>
      <trkpt lat="34.816119" lon="99.398644"><ele>4332</ele></trkpt>
      <trkpt lat="34.81622" lon="99.398625"><ele>4332</ele></trkpt>
      <trkpt lat="34.816416" lon="99.398608"><ele>4332</ele></trkpt>
      <trkpt lat="34.816629" lon="99.398608"><ele>4333</ele></trkpt>
      <trkpt lat="34.81673" lon="99.39856"><ele>4333</ele></trkpt>
      <trkpt lat="34.816909" lon="99.398435"><ele>4333</ele></trkpt>
      <trkpt lat="34.817081" lon="99.398275"><ele>4332</ele></trkpt>
      <trkpt lat="34.817103" lon="99.398243"><ele>4333</ele></trkpt>
      <trkpt lat="34.817168" lon="99.398256"><ele>4332</ele></trkpt>
      <trkpt lat="34.817351" lon="99.398258"><ele>4330</ele></trkpt>
      <trkpt lat="34.817449" lon="99.398235"><ele>4329</ele></trkpt>
      <trkpt lat="34.817644" lon="99.398222"><ele>4327</ele></trkpt>
      <trkpt lat="34.817845" lon="99.398183"><ele>4325</ele></trkpt>
      <trkpt lat="34.817939" lon="99.39818"><ele>4324</ele></trkpt>
      <trkpt lat="34.818137" lon="99.398133"><ele>4323</ele></trkpt>
      <trkpt lat="34.818337" lon="99.398109"><ele>4320</ele></trkpt>
      <trkpt lat="34.818725" lon="99.398008"><ele>4318</ele></trkpt>
      <trkpt lat="34.818817" lon="99.397975"><ele>4318</ele></trkpt>
      <trkpt lat="34.81892" lon="99.397955"><ele>4317</ele></trkpt>
      <trkpt lat="34.819005" lon="99.397907"><ele>4317</ele></trkpt>
      <trkpt lat="34.819075" lon="99.397838"><ele>4316</ele></trkpt>
      <trkpt lat="34.819153" lon="99.397779"><ele>4316</ele></trkpt>
      <trkpt lat="34.819237" lon="99.39774"><ele>4315</ele></trkpt>
      <trkpt lat="34.819337" lon="99.397707"><ele>4314</ele></trkpt>
      <trkpt lat="34.819436" lon="99.397687"><ele>4313</ele></trkpt>
      <trkpt lat="34.819525" lon="99.397631"><ele>4311</ele></trkpt>
      <trkpt lat="34.819614" lon="99.397591"><ele>4309</ele></trkpt>
      <trkpt lat="34.819799" lon="99.397529"><ele>4307</ele></trkpt>
      <trkpt lat="34.819882" lon="99.397462"><ele>4307</ele></trkpt>
      <trkpt lat="34.820186" lon="99.397138"><ele>4307</ele></trkpt>
      <trkpt lat="34.820432" lon="99.39694"><ele>4307</ele></trkpt>
      <trkpt lat="34.820609" lon="99.396827"><ele>4306</ele></trkpt>
      <trkpt lat="34.820683" lon="99.396747"><ele>4306</ele></trkpt>
      <trkpt lat="34.82077" lon="99.396671"><ele>4305</ele></trkpt>
      <trkpt lat="34.821365" lon="99.396211"><ele>4303</ele></trkpt>
      <trkpt lat="34.822115" lon="99.395808"><ele>4298</ele></trkpt>
      <trkpt lat="34.822218" lon="99.39577"><ele>4297</ele></trkpt>
      <trkpt lat="34.822426" lon="99.395735"><ele>4295</ele></trkpt>
      <trkpt lat="34.82266" lon="99.395503"><ele>4294</ele></trkpt>
      <trkpt lat="34.822871" lon="99.395234"><ele>4294</ele></trkpt>
      <trkpt lat="34.822958" lon="99.395154"><ele>4294</ele></trkpt>
      <trkpt lat="34.823052" lon="99.395086"><ele>4294</ele></trkpt>
      <trkpt lat="34.823177" lon="99.394903"><ele>4293</ele></trkpt>
      <trkpt lat="34.823263" lon="99.394841"><ele>4294</ele></trkpt>
      <trkpt lat="34.823364" lon="99.394823"><ele>4294</ele></trkpt>
      <trkpt lat="34.823458" lon="99.394787"><ele>4294</ele></trkpt>
      <trkpt lat="34.823679" lon="99.394571"><ele>4293</ele></trkpt>
      <trkpt lat="34.823849" lon="99.394451"><ele>4293</ele></trkpt>
      <trkpt lat="34.823925" lon="99.394371"><ele>4293</ele></trkpt>
      <trkpt lat="34.824062" lon="99.394194"><ele>4292</ele></trkpt>
      <trkpt lat="34.824191" lon="99.394008"><ele>4291</ele></trkpt>
      <trkpt lat="34.824268" lon="99.393936"><ele>4291</ele></trkpt>
      <trkpt lat="34.824711" lon="99.393659"><ele>4286</ele></trkpt>
      <trkpt lat="34.824912" lon="99.393556"><ele>4283</ele></trkpt>
      <trkpt lat="34.825094" lon="99.393478"><ele>4281</ele></trkpt>
      <trkpt lat="34.825175" lon="99.393423"><ele>4280</ele></trkpt>
      <trkpt lat="34.825423" lon="99.393215"><ele>4279</ele></trkpt>
      <trkpt lat="34.82551" lon="99.393167"><ele>4278</ele></trkpt>
      <trkpt lat="34.825789" lon="99.393055"><ele>4277</ele></trkpt>
      <trkpt lat="34.825758" lon="99.392978"><ele>4275</ele></trkpt>
      <trkpt lat="34.825807" lon="99.392943"><ele>4274</ele></trkpt>
      <trkpt lat="34.825889" lon="99.392918"><ele>4272</ele></trkpt>
      <trkpt lat="34.826084" lon="99.392882"><ele>4271</ele></trkpt>
      <trkpt lat="34.826181" lon="99.392852"><ele>4272</ele></trkpt>
      <trkpt lat="34.826625" lon="99.392697"><ele>4267</ele></trkpt>
      <trkpt lat="34.826927" lon="99.392618"><ele>4265</ele></trkpt>
      <trkpt lat="34.827026" lon="99.392583"><ele>4263</ele></trkpt>
      <trkpt lat="34.827113" lon="99.392534"><ele>4262</ele></trkpt>
      <trkpt lat="34.827202" lon="99.392501"><ele>4261</ele></trkpt>
      <trkpt lat="34.827298" lon="99.392479"><ele>4261</ele></trkpt>
      <trkpt lat="34.827379" lon="99.392491"><ele>4260</ele></trkpt>
      <trkpt lat="34.827784" lon="99.392455"><ele>4256</ele></trkpt>
      <trkpt lat="34.827893" lon="99.392429"><ele>4255</ele></trkpt>
      <trkpt lat="34.828187" lon="99.392331"><ele>4252</ele></trkpt>
      <trkpt lat="34.8283" lon="99.392309"><ele>4252</ele></trkpt>
      <trkpt lat="34.828629" lon="99.392291"><ele>4250</ele></trkpt>
      <trkpt lat="34.82924" lon="99.3922"><ele>4243</ele></trkpt>
      <trkpt lat="34.829613" lon="99.392115"><ele>4238</ele></trkpt>
      <trkpt lat="34.829703" lon="99.392078"><ele>4237</ele></trkpt>
      <trkpt lat="34.82987" lon="99.391971"><ele>4235</ele></trkpt>
      <trkpt lat="34.829958" lon="99.391968"><ele>4235</ele></trkpt>
      <trkpt lat="34.830032" lon="99.391909"><ele>4234</ele></trkpt>
      <trkpt lat="34.830086" lon="99.391821"><ele>4233</ele></trkpt>
      <trkpt lat="34.830167" lon="99.391745"><ele>4233</ele></trkpt>
      <trkpt lat="34.830252" lon="99.391685"><ele>4233</ele></trkpt>
      <trkpt lat="34.830616" lon="99.39153"><ele>4231</ele></trkpt>
      <trkpt lat="34.830812" lon="99.39147"><ele>4230</ele></trkpt>
      <trkpt lat="34.830989" lon="99.391379"><ele>4228</ele></trkpt>
      <trkpt lat="34.831434" lon="99.391101"><ele>4227</ele></trkpt>
      <trkpt lat="34.831522" lon="99.391079"><ele>4227</ele></trkpt>
      <trkpt lat="34.83162" lon="99.391089"><ele>4227</ele></trkpt>
      <trkpt lat="34.831706" lon="99.391058"><ele>4227</ele></trkpt>
      <trkpt lat="34.831729" lon="99.390961"><ele>4226</ele></trkpt>
      <trkpt lat="34.831724" lon="99.390782"><ele>4226</ele></trkpt>
      <trkpt lat="34.831995" lon="99.390687"><ele>4224</ele></trkpt>
      <trkpt lat="34.832087" lon="99.390647"><ele>4222</ele></trkpt>
      <trkpt lat="34.83218" lon="99.390584"><ele>4220</ele></trkpt>
      <trkpt lat="34.832413" lon="99.390346"><ele>4215</ele></trkpt>
      <trkpt lat="34.832554" lon="99.390179"><ele>4211</ele></trkpt>
      <trkpt lat="34.832596" lon="99.390072"><ele>4208</ele></trkpt>
      <trkpt lat="34.832645" lon="99.389987"><ele>4206</ele></trkpt>
      <trkpt lat="34.832721" lon="99.389912"><ele>4204</ele></trkpt>
      <trkpt lat="34.832801" lon="99.38985"><ele>4203</ele></trkpt>
      <trkpt lat="34.832903" lon="99.389817"><ele>4203</ele></trkpt>
      <trkpt lat="34.833098" lon="99.389773"><ele>4203</ele></trkpt>
      <trkpt lat="34.833183" lon="99.389713"><ele>4202</ele></trkpt>
      <trkpt lat="34.833261" lon="99.389637"><ele>4200</ele></trkpt>
      <trkpt lat="34.833339" lon="99.389576"><ele>4199</ele></trkpt>
      <trkpt lat="34.833426" lon="99.389531"><ele>4197</ele></trkpt>
      <trkpt lat="34.833613" lon="99.389497"><ele>4196</ele></trkpt>
      <trkpt lat="34.8337" lon="99.389461"><ele>4195</ele></trkpt>
      <trkpt lat="34.833896" lon="99.389416"><ele>4193</ele></trkpt>
      <trkpt lat="34.834072" lon="99.389297"><ele>4192</ele></trkpt>
      <trkpt lat="34.834145" lon="99.389216"><ele>4192</ele></trkpt>
      <trkpt lat="34.834238" lon="99.389158"><ele>4192</ele></trkpt>
      <trkpt lat="34.834339" lon="99.389111"><ele>4193</ele></trkpt>
      <trkpt lat="34.834448" lon="99.389082"><ele>4193</ele></trkpt>
      <trkpt lat="34.834758" lon="99.389043"><ele>4194</ele></trkpt>
      <trkpt lat="34.834865" lon="99.389038"><ele>4194</ele></trkpt>
      <trkpt lat="34.834967" lon="99.389013"><ele>4193</ele></trkpt>
      <trkpt lat="34.835073" lon="99.388969"><ele>4193</ele></trkpt>
      <trkpt lat="34.835168" lon="99.388913"><ele>4193</ele></trkpt>
      <trkpt lat="34.835265" lon="99.388881"><ele>4193</ele></trkpt>
      <trkpt lat="34.835357" lon="99.388831"><ele>4192</ele></trkpt>
      <trkpt lat="34.835548" lon="99.388756"><ele>4192</ele></trkpt>
      <trkpt lat="34.835746" lon="99.38873"><ele>4191</ele></trkpt>
      <trkpt lat="34.835946" lon="99.388717"><ele>4190</ele></trkpt>
      <trkpt lat="34.836433" lon="99.388517"><ele>4192</ele></trkpt>
      <trkpt lat="34.8367" lon="99.388354"><ele>4189</ele></trkpt>
      <trkpt lat="34.836887" lon="99.388263"><ele>4188</ele></trkpt>
      <trkpt lat="34.837392" lon="99.387877"><ele>4192</ele></trkpt>
      <trkpt lat="34.837547" lon="99.387738"><ele>4193</ele></trkpt>
      <trkpt lat="34.837628" lon="99.387688"><ele>4193</ele></trkpt>
      <trkpt lat="34.837698" lon="99.387611"><ele>4194</ele></trkpt>
      <trkpt lat="34.837743" lon="99.387507"><ele>4195</ele></trkpt>
      <trkpt lat="34.837811" lon="99.387407"><ele>4195</ele></trkpt>
      <trkpt lat="34.837932" lon="99.3872"><ele>4193</ele></trkpt>
      <trkpt lat="34.838005" lon="99.387097"><ele>4193</ele></trkpt>
      <trkpt lat="34.838091" lon="99.387009"><ele>4191</ele></trkpt>
      <trkpt lat="34.838276" lon="99.38686"><ele>4191</ele></trkpt>
      <trkpt lat="34.83844" lon="99.386708"><ele>4190</ele></trkpt>
      <trkpt lat="34.838588" lon="99.386552"><ele>4190</ele></trkpt>
      <trkpt lat="34.838674" lon="99.386507"><ele>4191</ele></trkpt>
      <trkpt lat="34.83873" lon="99.386423"><ele>4191</ele></trkpt>
      <trkpt lat="34.838823" lon="99.38621"><ele>4190</ele></trkpt>
      <trkpt lat="34.838883" lon="99.386118"><ele>4190</ele></trkpt>
      <trkpt lat="34.839022" lon="99.38594"><ele>4191</ele></trkpt>
      <trkpt lat="34.839145" lon="99.385747"><ele>4190</ele></trkpt>
      <trkpt lat="34.839299" lon="99.385572"><ele>4190</ele></trkpt>
      <trkpt lat="34.839382" lon="99.385507"><ele>4189</ele></trkpt>
      <trkpt lat="34.839742" lon="99.38534"><ele>4188</ele></trkpt>
      <trkpt lat="34.839991" lon="99.385162"><ele>4188</ele></trkpt>
      <trkpt lat="34.840083" lon="99.38513"><ele>4188</ele></trkpt>
      <trkpt lat="34.840275" lon="99.385109"><ele>4187</ele></trkpt>
      <trkpt lat="34.840364" lon="99.385071"><ele>4186</ele></trkpt>
      <trkpt lat="34.840445" lon="99.385018"><ele>4185</ele></trkpt>
      <trkpt lat="34.840527" lon="99.384947"><ele>4185</ele></trkpt>
      <trkpt lat="34.840714" lon="99.384859"><ele>4184</ele></trkpt>
      <trkpt lat="34.840905" lon="99.384784"><ele>4184</ele></trkpt>
      <trkpt lat="34.841093" lon="99.384762"><ele>4183</ele></trkpt>
      <trkpt lat="34.841182" lon="99.384736"><ele>4183</ele></trkpt>
      <trkpt lat="34.841428" lon="99.384538"><ele>4184</ele></trkpt>
      <trkpt lat="34.841521" lon="99.384489"><ele>4184</ele></trkpt>
      <trkpt lat="34.842181" lon="99.384219"><ele>4186</ele></trkpt>
      <trkpt lat="34.842283" lon="99.3842"><ele>4186</ele></trkpt>
      <trkpt lat="34.842373" lon="99.38417"><ele>4186</ele></trkpt>
      <trkpt lat="34.842441" lon="99.384101"><ele>4186</ele></trkpt>
      <trkpt lat="34.842505" lon="99.384013"><ele>4186</ele></trkpt>
      <trkpt lat="34.842583" lon="99.38393"><ele>4186</ele></trkpt>
      <trkpt lat="34.84267" lon="99.38388"><ele>4186</ele></trkpt>
      <trkpt lat="34.842872" lon="99.383786"><ele>4186</ele></trkpt>
      <trkpt lat="34.842958" lon="99.383724"><ele>4186</ele></trkpt>
      <trkpt lat="34.843056" lon="99.383676"><ele>4186</ele></trkpt>
      <trkpt lat="34.843435" lon="99.383551"><ele>4184</ele></trkpt>
      <trkpt lat="34.843697" lon="99.383409"><ele>4184</ele></trkpt>
      <trkpt lat="34.84377" lon="99.383347"><ele>4184</ele></trkpt>
      <trkpt lat="34.843818" lon="99.383245"><ele>4183</ele></trkpt>
      <trkpt lat="34.843905" lon="99.38319"><ele>4182</ele></trkpt>
      <trkpt lat="34.844009" lon="99.383086"><ele>4181</ele></trkpt>
      <trkpt lat="34.84403" lon="99.382987"><ele>4180</ele></trkpt>
      <trkpt lat="34.844034" lon="99.382855"><ele>4178</ele></trkpt>
      <trkpt lat="34.844073" lon="99.382749"><ele>4176</ele></trkpt>
      <trkpt lat="34.844018" lon="99.382633"><ele>4172</ele></trkpt>
      <trkpt lat="34.843998" lon="99.38252"><ele>4170</ele></trkpt>
      <trkpt lat="34.844023" lon="99.382402"><ele>4169</ele></trkpt>
      <trkpt lat="34.844026" lon="99.382276"><ele>4169</ele></trkpt>
      <trkpt lat="34.844086" lon="99.382179"><ele>4169</ele></trkpt>
      <trkpt lat="34.844282" lon="99.382102"><ele>4170</ele></trkpt>
      <trkpt lat="34.844495" lon="99.382045"><ele>4170</ele></trkpt>
      <trkpt lat="34.844762" lon="99.381905"><ele>4168</ele></trkpt>
      <trkpt lat="34.844865" lon="99.381866"><ele>4168</ele></trkpt>
      <trkpt lat="34.844969" lon="99.381861"><ele>4168</ele></trkpt>
      <trkpt lat="34.845246" lon="99.381815"><ele>4165</ele></trkpt>
      <trkpt lat="34.845341" lon="99.381818"><ele>4167</ele></trkpt>
      <trkpt lat="34.845437" lon="99.381838"><ele>4168</ele></trkpt>
      <trkpt lat="34.845529" lon="99.381808"><ele>4169</ele></trkpt>
      <trkpt lat="34.845761" lon="99.381596"><ele>4172</ele></trkpt>
      <trkpt lat="34.845928" lon="99.381489"><ele>4173</ele></trkpt>
      <trkpt lat="34.846111" lon="99.381484"><ele>4174</ele></trkpt>
      <trkpt lat="34.846267" lon="99.381354"><ele>4175</ele></trkpt>
      <trkpt lat="34.846356" lon="99.3813"><ele>4176</ele></trkpt>
      <trkpt lat="34.846419" lon="99.381213"><ele>4177</ele></trkpt>
      <trkpt lat="34.846468" lon="99.381117"><ele>4178</ele></trkpt>
      <trkpt lat="34.846609" lon="99.380963"><ele>4180</ele></trkpt>
      <trkpt lat="34.84679" lon="99.380845"><ele>4181</ele></trkpt>
      <trkpt lat="34.846971" lon="99.380713"><ele>4180</ele></trkpt>
      <trkpt lat="34.847155" lon="99.380617"><ele>4179</ele></trkpt>
      <trkpt lat="34.847533" lon="99.380464"><ele>4178</ele></trkpt>
      <trkpt lat="34.847627" lon="99.380434"><ele>4178</ele></trkpt>
      <trkpt lat="34.847826" lon="99.380397"><ele>4176</ele></trkpt>
      <trkpt lat="34.848022" lon="99.380333"><ele>4174</ele></trkpt>
      <trkpt lat="34.848121" lon="99.380313"><ele>4173</ele></trkpt>
      <trkpt lat="34.848186" lon="99.380281"><ele>4172</ele></trkpt>
      <trkpt lat="34.848763" lon="99.380137"><ele>4162</ele></trkpt>
      <trkpt lat="34.848962" lon="99.380107"><ele>4160</ele></trkpt>
      <trkpt lat="34.849061" lon="99.380108"><ele>4159</ele></trkpt>
      <trkpt lat="34.849169" lon="99.380091"><ele>4158</ele></trkpt>
      <trkpt lat="34.849259" lon="99.380042"><ele>4157</ele></trkpt>
      <trkpt lat="34.849413" lon="99.379871"><ele>4155</ele></trkpt>
      <trkpt lat="34.849657" lon="99.379642"><ele>4153</ele></trkpt>
      <trkpt lat="34.849823" lon="99.379507"><ele>4155</ele></trkpt>
      <trkpt lat="34.850051" lon="99.379254"><ele>4156</ele></trkpt>
      <trkpt lat="34.850137" lon="99.379171"><ele>4156</ele></trkpt>
      <trkpt lat="34.850232" lon="99.379099"><ele>4155</ele></trkpt>
      <trkpt lat="34.850415" lon="99.378981"><ele>4155</ele></trkpt>
      <trkpt lat="34.850493" lon="99.378915"><ele>4154</ele></trkpt>
      <trkpt lat="34.850557" lon="99.378837"><ele>4154</ele></trkpt>
      <trkpt lat="34.850613" lon="99.378753"><ele>4154</ele></trkpt>
      <trkpt lat="34.850732" lon="99.378435"><ele>4153</ele></trkpt>
      <trkpt lat="34.850679" lon="99.378371"><ele>4154</ele></trkpt>
      <trkpt lat="34.850584" lon="99.378366"><ele>4153</ele></trkpt>
      <trkpt lat="34.850728" lon="99.37828"><ele>4156</ele></trkpt>
      <trkpt lat="34.850974" lon="99.377883"><ele>4158</ele></trkpt>
      <trkpt lat="34.851061" lon="99.377816"><ele>4158</ele></trkpt>
      <trkpt lat="34.851156" lon="99.377796"><ele>4158</ele></trkpt>
      <trkpt lat="34.851254" lon="99.377826"><ele>4159</ele></trkpt>
      <trkpt lat="34.851365" lon="99.377828"><ele>4159</ele></trkpt>
      <trkpt lat="34.851439" lon="99.377764"><ele>4159</ele></trkpt>
      <trkpt lat="34.851484" lon="99.377655"><ele>4160</ele></trkpt>
      <trkpt lat="34.851588" lon="99.377301"><ele>4159</ele></trkpt>
      <trkpt lat="34.851661" lon="99.376959"><ele>4160</ele></trkpt>
      <trkpt lat="34.851735" lon="99.376754"><ele>4160</ele></trkpt>
      <trkpt lat="34.851853" lon="99.376295"><ele>4162</ele></trkpt>
      <trkpt lat="34.851896" lon="99.376167"><ele>4163</ele></trkpt>
      <trkpt lat="34.85205" lon="99.375843"><ele>4162</ele></trkpt>
      <trkpt lat="34.852074" lon="99.37573"><ele>4162</ele></trkpt>
      <trkpt lat="34.852103" lon="99.375494"><ele>4162</ele></trkpt>
      <trkpt lat="34.852183" lon="99.375168"><ele>4160</ele></trkpt>
      <trkpt lat="34.852335" lon="99.374691"><ele>4159</ele></trkpt>
      <trkpt lat="34.852537" lon="99.374166"><ele>4157</ele></trkpt>
      <trkpt lat="34.852611" lon="99.373935"><ele>4156</ele></trkpt>
      <trkpt lat="34.852699" lon="99.373709"><ele>4155</ele></trkpt>
      <trkpt lat="34.85275" lon="99.373595"><ele>4155</ele></trkpt>
      <trkpt lat="34.852859" lon="99.373389"><ele>4155</ele></trkpt>
      <trkpt lat="34.852977" lon="99.373191"><ele>4154</ele></trkpt>
      <trkpt lat="34.853198" lon="99.372882"><ele>4153</ele></trkpt>
      <trkpt lat="34.853469" lon="99.372529"><ele>4152</ele></trkpt>
      <trkpt lat="34.853533" lon="99.372426"><ele>4151</ele></trkpt>
      <trkpt lat="34.853591" lon="99.372312"><ele>4151</ele></trkpt>
      <trkpt lat="34.853737" lon="99.371965"><ele>4150</ele></trkpt>
      <trkpt lat="34.85381" lon="99.37176"><ele>4150</ele></trkpt>
      <trkpt lat="34.853881" lon="99.371553"><ele>4150</ele></trkpt>
      <trkpt lat="34.854045" lon="99.371002"><ele>4149</ele></trkpt>
      <trkpt lat="34.854162" lon="99.370679"><ele>4149</ele></trkpt>
      <trkpt lat="34.854213" lon="99.370584"><ele>4149</ele></trkpt>
      <trkpt lat="34.854416" lon="99.370345"><ele>4148</ele></trkpt>
      <trkpt lat="34.854476" lon="99.370257"><ele>4147</ele></trkpt>
      <trkpt lat="34.854579" lon="99.37006"><ele>4147</ele></trkpt>
      <trkpt lat="34.854647" lon="99.369837"><ele>4147</ele></trkpt>
      <trkpt lat="34.854724" lon="99.369626"><ele>4147</ele></trkpt>
      <trkpt lat="34.854803" lon="99.369292"><ele>4147</ele></trkpt>
      <trkpt lat="34.854836" lon="99.369188"><ele>4148</ele></trkpt>
      <trkpt lat="34.854914" lon="99.368983"><ele>4149</ele></trkpt>
      <trkpt lat="34.854968" lon="99.36888"><ele>4149</ele></trkpt>
      <trkpt lat="34.855037" lon="99.368781"><ele>4150</ele></trkpt>
      <trkpt lat="34.85512" lon="99.368695"><ele>4150</ele></trkpt>
      <trkpt lat="34.85537" lon="99.368502"><ele>4151</ele></trkpt>
      <trkpt lat="34.855458" lon="99.368448"><ele>4152</ele></trkpt>
      <trkpt lat="34.85554" lon="99.368377"><ele>4152</ele></trkpt>
      <trkpt lat="34.855602" lon="99.368288"><ele>4151</ele></trkpt>
      <trkpt lat="34.855836" lon="99.367759"><ele>4151</ele></trkpt>
      <trkpt lat="34.855879" lon="99.367642"><ele>4151</ele></trkpt>
      <trkpt lat="34.855973" lon="99.367291"><ele>4149</ele></trkpt>
      <trkpt lat="34.856044" lon="99.366949"><ele>4149</ele></trkpt>
      <trkpt lat="34.856123" lon="99.366379"><ele>4147</ele></trkpt>
      <trkpt lat="34.85615" lon="99.366128"><ele>4145</ele></trkpt>
      <trkpt lat="34.856155" lon="99.366008"><ele>4145</ele></trkpt>
      <trkpt lat="34.856212" lon="99.365638"><ele>4142</ele></trkpt>
      <trkpt lat="34.85624" lon="99.365387"><ele>4140</ele></trkpt>
      <trkpt lat="34.856318" lon="99.365039"><ele>4137</ele></trkpt>
      <trkpt lat="34.856477" lon="99.364566"><ele>4133</ele></trkpt>
      <trkpt lat="34.856559" lon="99.364357"><ele>4131</ele></trkpt>
      <trkpt lat="34.856632" lon="99.364141"><ele>4131</ele></trkpt>
      <trkpt lat="34.856783" lon="99.363815"><ele>4135</ele></trkpt>
      <trkpt lat="34.856839" lon="99.363707"><ele>4137</ele></trkpt>
      <trkpt lat="34.856903" lon="99.363607"><ele>4138</ele></trkpt>
      <trkpt lat="34.857052" lon="99.363456"><ele>4141</ele></trkpt>
      <trkpt lat="34.857117" lon="99.363377"><ele>4141</ele></trkpt>
      <trkpt lat="34.857179" lon="99.363283"><ele>4142</ele></trkpt>
      <trkpt lat="34.857227" lon="99.363186"><ele>4144</ele></trkpt>
      <trkpt lat="34.857695" lon="99.361895"><ele>4147</ele></trkpt>
      <trkpt lat="34.85776" lon="99.361801"><ele>4148</ele></trkpt>
      <trkpt lat="34.857842" lon="99.361733"><ele>4148</ele></trkpt>
      <trkpt lat="34.857934" lon="99.361678"><ele>4148</ele></trkpt>
      <trkpt lat="34.858373" lon="99.361455"><ele>4148</ele></trkpt>
      <trkpt lat="34.858632" lon="99.361295"><ele>4148</ele></trkpt>
      <trkpt lat="34.8588" lon="99.36117"><ele>4147</ele></trkpt>
      <trkpt lat="34.85896" lon="99.361022"><ele>4147</ele></trkpt>
      <trkpt lat="34.859331" lon="99.360624"><ele>4147</ele></trkpt>
      <trkpt lat="34.85962" lon="99.360289"><ele>4146</ele></trkpt>
      <trkpt lat="34.860954" lon="99.358867"><ele>4145</ele></trkpt>
      <trkpt lat="34.861628" lon="99.358116"><ele>4140</ele></trkpt>
      <trkpt lat="34.862217" lon="99.357482"><ele>4139</ele></trkpt>
      <trkpt lat="34.862714" lon="99.356924"><ele>4138</ele></trkpt>
      <trkpt lat="34.862762" lon="99.356821"><ele>4137</ele></trkpt>
      <trkpt lat="34.862793" lon="99.356708"><ele>4137</ele></trkpt>
      <trkpt lat="34.862841" lon="99.356612"><ele>4136</ele></trkpt>
      <trkpt lat="34.863003" lon="99.356487"><ele>4135</ele></trkpt>
      <trkpt lat="34.863317" lon="99.35619"><ele>4136</ele></trkpt>
      <trkpt lat="34.863518" lon="99.355948"><ele>4135</ele></trkpt>
      <trkpt lat="34.863666" lon="99.355795"><ele>4134</ele></trkpt>
      <trkpt lat="34.863947" lon="99.355472"><ele>4132</ele></trkpt>
      <trkpt lat="34.864177" lon="99.355233"><ele>4129</ele></trkpt>
      <trkpt lat="34.864248" lon="99.355139"><ele>4128</ele></trkpt>
      <trkpt lat="34.864524" lon="99.354823"><ele>4127</ele></trkpt>
      <trkpt lat="34.864678" lon="99.35466"><ele>4128</ele></trkpt>
      <trkpt lat="34.864918" lon="99.354479"><ele>4127</ele></trkpt>
      <trkpt lat="34.865002" lon="99.354406"><ele>4127</ele></trkpt>
      <trkpt lat="34.865074" lon="99.354329"><ele>4126</ele></trkpt>
      <trkpt lat="34.86518" lon="99.354282"><ele>4127</ele></trkpt>
      <trkpt lat="34.86529" lon="99.354257"><ele>4128</ele></trkpt>
      <trkpt lat="34.865378" lon="99.354208"><ele>4128</ele></trkpt>
      <trkpt lat="34.865445" lon="99.354104"><ele>4128</ele></trkpt>
      <trkpt lat="34.86554" lon="99.35389"><ele>4128</ele></trkpt>
      <trkpt lat="34.865595" lon="99.353788"><ele>4128</ele></trkpt>
      <trkpt lat="34.865769" lon="99.353521"><ele>4128</ele></trkpt>
      <trkpt lat="34.865906" lon="99.353365"><ele>4126</ele></trkpt>
      <trkpt lat="34.866145" lon="99.353136"><ele>4123</ele></trkpt>
      <trkpt lat="34.866386" lon="99.352942"><ele>4121</ele></trkpt>
      <trkpt lat="34.866713" lon="99.352613"><ele>4120</ele></trkpt>
      <trkpt lat="34.866952" lon="99.352397"><ele>4121</ele></trkpt>
      <trkpt lat="34.867123" lon="99.352291"><ele>4122</ele></trkpt>
      <trkpt lat="34.867293" lon="99.352154"><ele>4123</ele></trkpt>
      <trkpt lat="34.867531" lon="99.351914"><ele>4123</ele></trkpt>
      <trkpt lat="34.867761" lon="99.351713"><ele>4122</ele></trkpt>
      <trkpt lat="34.867912" lon="99.351554"><ele>4122</ele></trkpt>
      <trkpt lat="34.868338" lon="99.351141"><ele>4121</ele></trkpt>
      <trkpt lat="34.868916" lon="99.350599"><ele>4120</ele></trkpt>
      <trkpt lat="34.869143" lon="99.350368"><ele>4121</ele></trkpt>
      <trkpt lat="34.869702" lon="99.349829"><ele>4118</ele></trkpt>
      <trkpt lat="34.869951" lon="99.349619"><ele>4117</ele></trkpt>
      <trkpt lat="34.870107" lon="99.349472"><ele>4117</ele></trkpt>
      <trkpt lat="34.870192" lon="99.349389"><ele>4116</ele></trkpt>
      <trkpt lat="34.870248" lon="99.349287"><ele>4116</ele></trkpt>
      <trkpt lat="34.870231" lon="99.349177"><ele>4115</ele></trkpt>
      <trkpt lat="34.870195" lon="99.349059"><ele>4115</ele></trkpt>
      <trkpt lat="34.870183" lon="99.348935"><ele>4115</ele></trkpt>
      <trkpt lat="34.870149" lon="99.348808"><ele>4114</ele></trkpt>
      <trkpt lat="34.870087" lon="99.348704"><ele>4114</ele></trkpt>
      <trkpt lat="34.869881" lon="99.34841"><ele>4115</ele></trkpt>
      <trkpt lat="34.869664" lon="99.348151"><ele>4115</ele></trkpt>
      <trkpt lat="34.869112" lon="99.347445"><ele>4117</ele></trkpt>
      <trkpt lat="34.86853" lon="99.346739"><ele>4117</ele></trkpt>
      <trkpt lat="34.868443" lon="99.346661"><ele>4116</ele></trkpt>
      <trkpt lat="34.868362" lon="99.346573"><ele>4116</ele></trkpt>
      <trkpt lat="34.868291" lon="99.346465"><ele>4116</ele></trkpt>
      <trkpt lat="34.868279" lon="99.346351"><ele>4115</ele></trkpt>
      <trkpt lat="34.868326" lon="99.346235"><ele>4114</ele></trkpt>
      <trkpt lat="34.868507" lon="99.345916"><ele>4111</ele></trkpt>
      <trkpt lat="34.868556" lon="99.345808"><ele>4110</ele></trkpt>
      <trkpt lat="34.868679" lon="99.345479"><ele>4108</ele></trkpt>
      <trkpt lat="34.86881" lon="99.345172"><ele>4108</ele></trkpt>
      <trkpt lat="34.869066" lon="99.344649"><ele>4110</ele></trkpt>
      <trkpt lat="34.869175" lon="99.344454"><ele>4110</ele></trkpt>
      <trkpt lat="34.869474" lon="99.343974"><ele>4111</ele></trkpt>
      <trkpt lat="34.86967" lon="99.343702"><ele>4111</ele></trkpt>
      <trkpt lat="34.86992" lon="99.343319"><ele>4111</ele></trkpt>
      <trkpt lat="34.870024" lon="99.343124"><ele>4111</ele></trkpt>
      <trkpt lat="34.870063" lon="99.343017"><ele>4111</ele></trkpt>
      <trkpt lat="34.870158" lon="99.342823"><ele>4112</ele></trkpt>
      <trkpt lat="34.870353" lon="99.34226"><ele>4111</ele></trkpt>
      <trkpt lat="34.870414" lon="99.342045"><ele>4111</ele></trkpt>
      <trkpt lat="34.870435" lon="99.34193"><ele>4112</ele></trkpt>
      <trkpt lat="34.870461" lon="99.341705"><ele>4112</ele></trkpt>
      <trkpt lat="34.870569" lon="99.341366"><ele>4111</ele></trkpt>
      <trkpt lat="34.870583" lon="99.341122"><ele>4111</ele></trkpt>
      <trkpt lat="34.870661" lon="99.340913"><ele>4115</ele></trkpt>
      <trkpt lat="34.870792" lon="99.340602"><ele>4117</ele></trkpt>
      <trkpt lat="34.870908" lon="99.340252"><ele>4118</ele></trkpt>
      <trkpt lat="34.870998" lon="99.340035"><ele>4118</ele></trkpt>
      <trkpt lat="34.87104" lon="99.339915"><ele>4118</ele></trkpt>
      <trkpt lat="34.871175" lon="99.339439"><ele>4119</ele></trkpt>
      <trkpt lat="34.87125" lon="99.33923"><ele>4118</ele></trkpt>
      <trkpt lat="34.87136" lon="99.339008"><ele>4119</ele></trkpt>
      <trkpt lat="34.871489" lon="99.338798"><ele>4120</ele></trkpt>
      <trkpt lat="34.87159" lon="99.338581"><ele>4121</ele></trkpt>
      <trkpt lat="34.871671" lon="99.338347"><ele>4120</ele></trkpt>
      <trkpt lat="34.871702" lon="99.338224"><ele>4119</ele></trkpt>
      <trkpt lat="34.871716" lon="99.338105"><ele>4119</ele></trkpt>
      <trkpt lat="34.871786" lon="99.337878"><ele>4117</ele></trkpt>
      <trkpt lat="34.871839" lon="99.337775"><ele>4117</ele></trkpt>
      <trkpt lat="34.871913" lon="99.337692"><ele>4117</ele></trkpt>
      <trkpt lat="34.872011" lon="99.337485"><ele>4118</ele></trkpt>
      <trkpt lat="34.87228" lon="99.336574"><ele>4121</ele></trkpt>
      <trkpt lat="34.8724" lon="99.336233"><ele>4121</ele></trkpt>
      <trkpt lat="34.872471" lon="99.336002"><ele>4120</ele></trkpt>
      <trkpt lat="34.872557" lon="99.335631"><ele>4119</ele></trkpt>
      <trkpt lat="34.87272" lon="99.33518"><ele>4119</ele></trkpt>
      <trkpt lat="34.872747" lon="99.335069"><ele>4119</ele></trkpt>
      <trkpt lat="34.872855" lon="99.33473"><ele>4118</ele></trkpt>
      <trkpt lat="34.872947" lon="99.334381"><ele>4116</ele></trkpt>
      <trkpt lat="34.87302" lon="99.334152"><ele>4115</ele></trkpt>
      <trkpt lat="34.873068" lon="99.333905"><ele>4115</ele></trkpt>
      <trkpt lat="34.87339" lon="99.332985"><ele>4112</ele></trkpt>
      <trkpt lat="34.87351" lon="99.332538"><ele>4114</ele></trkpt>
      <trkpt lat="34.873548" lon="99.332431"><ele>4114</ele></trkpt>
      <trkpt lat="34.873735" lon="99.332005"><ele>4114</ele></trkpt>
      <trkpt lat="34.873901" lon="99.331565"><ele>4114</ele></trkpt>
      <trkpt lat="34.873906" lon="99.331478"><ele>4114</ele></trkpt>
      <trkpt lat="34.873935" lon="99.331376"><ele>4112</ele></trkpt>
      <trkpt lat="34.873982" lon="99.331261"><ele>4111</ele></trkpt>
      <trkpt lat="34.874104" lon="99.330902"><ele>4109</ele></trkpt>
      <trkpt lat="34.874241" lon="99.330562"><ele>4108</ele></trkpt>
      <trkpt lat="34.874378" lon="99.330104"><ele>4108</ele></trkpt>
      <trkpt lat="34.874395" lon="99.33002"><ele>4108</ele></trkpt>
      <trkpt lat="34.874524" lon="99.329684"><ele>4106</ele></trkpt>
      <trkpt lat="34.874639" lon="99.329336"><ele>4106</ele></trkpt>
      <trkpt lat="34.874684" lon="99.329229"><ele>4106</ele></trkpt>
      <trkpt lat="34.874853" lon="99.328907"><ele>4106</ele></trkpt>
      <trkpt lat="34.875172" lon="99.328039"><ele>4104</ele></trkpt>
      <trkpt lat="34.875269" lon="99.327822"><ele>4102</ele></trkpt>
      <trkpt lat="34.875404" lon="99.327473"><ele>4102</ele></trkpt>
      <trkpt lat="34.875503" lon="99.327257"><ele>4102</ele></trkpt>
      <trkpt lat="34.875716" lon="99.326704"><ele>4102</ele></trkpt>
      <trkpt lat="34.875956" lon="99.326171"><ele>4101</ele></trkpt>
      <trkpt lat="34.876195" lon="99.325569"><ele>4097</ele></trkpt>
      <trkpt lat="34.876466" lon="99.324943"><ele>4097</ele></trkpt>
      <trkpt lat="34.876558" lon="99.324736"><ele>4097</ele></trkpt>
      <trkpt lat="34.876663" lon="99.324563"><ele>4097</ele></trkpt>
      <trkpt lat="34.876764" lon="99.324376"><ele>4095</ele></trkpt>
      <trkpt lat="34.876813" lon="99.324268"><ele>4095</ele></trkpt>
      <trkpt lat="34.876899" lon="99.324046"><ele>4097</ele></trkpt>
      <trkpt lat="34.87697" lon="99.323814"><ele>4098</ele></trkpt>
      <trkpt lat="34.877348" lon="99.322962"><ele>4097</ele></trkpt>
      <trkpt lat="34.877457" lon="99.322754"><ele>4098</ele></trkpt>
      <trkpt lat="34.87756" lon="99.322532"><ele>4099</ele></trkpt>
      <trkpt lat="34.877735" lon="99.322208"><ele>4100</ele></trkpt>
      <trkpt lat="34.877778" lon="99.322102"><ele>4100</ele></trkpt>
      <trkpt lat="34.878058" lon="99.321591"><ele>4098</ele></trkpt>
      <trkpt lat="34.878267" lon="99.32116"><ele>4095</ele></trkpt>
      <trkpt lat="34.878362" lon="99.320938"><ele>4095</ele></trkpt>
      <trkpt lat="34.878529" lon="99.320493"><ele>4095</ele></trkpt>
      <trkpt lat="34.878729" lon="99.320058"><ele>4095</ele></trkpt>
      <trkpt lat="34.878821" lon="99.319837"><ele>4094</ele></trkpt>
      <trkpt lat="34.878866" lon="99.319723"><ele>4094</ele></trkpt>
      <trkpt lat="34.878895" lon="99.319612"><ele>4094</ele></trkpt>
      <trkpt lat="34.878901" lon="99.319548"><ele>4094</ele></trkpt>
      <trkpt lat="34.878965" lon="99.31934"><ele>4090</ele></trkpt>
      <trkpt lat="34.878992" lon="99.319219"><ele>4089</ele></trkpt>
      <trkpt lat="34.879029" lon="99.319098"><ele>4088</ele></trkpt>
      <trkpt lat="34.879078" lon="99.318977"><ele>4088</ele></trkpt>
      <trkpt lat="34.87915" lon="99.318627"><ele>4087</ele></trkpt>
      <trkpt lat="34.879181" lon="99.318515"><ele>4086</ele></trkpt>
      <trkpt lat="34.879379" lon="99.317908"><ele>4082</ele></trkpt>
      <trkpt lat="34.879584" lon="99.317331"><ele>4083</ele></trkpt>
      <trkpt lat="34.879672" lon="99.317109"><ele>4084</ele></trkpt>
      <trkpt lat="34.879821" lon="99.316653"><ele>4083</ele></trkpt>
      <trkpt lat="34.880024" lon="99.316103"><ele>4083</ele></trkpt>
      <trkpt lat="34.880139" lon="99.315765"><ele>4082</ele></trkpt>
      <trkpt lat="34.88032" lon="99.315189"><ele>4081</ele></trkpt>
      <trkpt lat="34.880317" lon="99.315155"><ele>4081</ele></trkpt>
      <trkpt lat="34.880336" lon="99.315076"><ele>4081</ele></trkpt>
      <trkpt lat="34.880485" lon="99.314746"><ele>4081</ele></trkpt>
      <trkpt lat="34.880616" lon="99.314415"><ele>4082</ele></trkpt>
      <trkpt lat="34.880679" lon="99.314308"><ele>4082</ele></trkpt>
      <trkpt lat="34.880729" lon="99.314199"><ele>4082</ele></trkpt>
      <trkpt lat="34.880902" lon="99.313746"><ele>4083</ele></trkpt>
      <trkpt lat="34.880951" lon="99.313638"><ele>4082</ele></trkpt>
      <trkpt lat="34.881024" lon="99.313542"><ele>4080</ele></trkpt>
      <trkpt lat="34.881439" lon="99.313217"><ele>4079</ele></trkpt>
      <trkpt lat="34.881705" lon="99.313038"><ele>4080</ele></trkpt>
      <trkpt lat="34.881794" lon="99.312989"><ele>4081</ele></trkpt>
      <trkpt lat="34.881817" lon="99.312985"><ele>4081</ele></trkpt>
      <trkpt lat="34.88188" lon="99.312935"><ele>4082</ele></trkpt>
      <trkpt lat="34.882022" lon="99.312788"><ele>4083</ele></trkpt>
      <trkpt lat="34.882388" lon="99.312341"><ele>4088</ele></trkpt>
      <trkpt lat="34.882565" lon="99.312102"><ele>4088</ele></trkpt>
      <trkpt lat="34.882621" lon="99.312044"><ele>4088</ele></trkpt>
      <trkpt lat="34.882702" lon="99.311982"><ele>4087</ele></trkpt>
      <trkpt lat="34.882882" lon="99.31187"><ele>4088</ele></trkpt>
      <trkpt lat="34.883033" lon="99.311717"><ele>4090</ele></trkpt>
      <trkpt lat="34.883097" lon="99.311631"><ele>4091</ele></trkpt>
      <trkpt lat="34.883241" lon="99.311498"><ele>4090</ele></trkpt>
      <trkpt lat="34.883358" lon="99.311367"><ele>4089</ele></trkpt>
      <trkpt lat="34.883367" lon="99.311262"><ele>4088</ele></trkpt>
      <trkpt lat="34.883572" lon="99.310976"><ele>4089</ele></trkpt>
      <trkpt lat="34.883998" lon="99.31044"><ele>4090</ele></trkpt>
      <trkpt lat="34.884311" lon="99.310097"><ele>4092</ele></trkpt>
      <trkpt lat="34.884518" lon="99.309808"><ele>4093</ele></trkpt>
      <trkpt lat="34.885007" lon="99.309204"><ele>4098</ele></trkpt>
      <trkpt lat="34.885133" lon="99.309015"><ele>4099</ele></trkpt>
      <trkpt lat="34.885199" lon="99.308914"><ele>4100</ele></trkpt>
      <trkpt lat="34.885305" lon="99.308705"><ele>4101</ele></trkpt>
      <trkpt lat="34.885418" lon="99.308511"><ele>4100</ele></trkpt>
      <trkpt lat="34.885756" lon="99.30803"><ele>4103</ele></trkpt>
      <trkpt lat="34.886212" lon="99.307204"><ele>4102</ele></trkpt>
      <trkpt lat="34.886386" lon="99.306918"><ele>4099</ele></trkpt>
      <trkpt lat="34.886578" lon="99.306636"><ele>4098</ele></trkpt>
      <trkpt lat="34.886688" lon="99.306445"><ele>4097</ele></trkpt>
      <trkpt lat="34.887016" lon="99.3058"><ele>4095</ele></trkpt>
      <trkpt lat="34.887293" lon="99.305296"><ele>4094</ele></trkpt>
      <trkpt lat="34.887547" lon="99.304782"><ele>4096</ele></trkpt>
      <trkpt lat="34.887675" lon="99.304579"><ele>4097</ele></trkpt>
      <trkpt lat="34.887876" lon="99.30415"><ele>4101</ele></trkpt>
      <trkpt lat="34.88795" lon="99.304052"><ele>4101</ele></trkpt>
      <trkpt lat="34.888014" lon="99.303944"><ele>4101</ele></trkpt>
      <trkpt lat="34.888067" lon="99.303826"><ele>4102</ele></trkpt>
      <trkpt lat="34.888252" lon="99.303248"><ele>4103</ele></trkpt>
      <trkpt lat="34.8883" lon="99.303154"><ele>4104</ele></trkpt>
      <trkpt lat="34.888444" lon="99.302985"><ele>4105</ele></trkpt>
      <trkpt lat="34.888507" lon="99.302894"><ele>4105</ele></trkpt>
      <trkpt lat="34.888565" lon="99.302785"><ele>4105</ele></trkpt>
      <trkpt lat="34.888777" lon="99.302498"><ele>4107</ele></trkpt>
      <trkpt lat="34.888863" lon="99.302437"><ele>4107</ele></trkpt>
      <trkpt lat="34.889008" lon="99.30229"><ele>4107</ele></trkpt>
      <trkpt lat="34.889065" lon="99.302202"><ele>4107</ele></trkpt>
      <trkpt lat="34.889099" lon="99.302094"><ele>4108</ele></trkpt>
      <trkpt lat="34.889153" lon="99.301987"><ele>4108</ele></trkpt>
      <trkpt lat="34.889232" lon="99.301903"><ele>4109</ele></trkpt>
      <trkpt lat="34.889297" lon="99.301808"><ele>4110</ele></trkpt>
      <trkpt lat="34.889402" lon="99.301612"><ele>4113</ele></trkpt>
      <trkpt lat="34.889553" lon="99.301452"><ele>4114</ele></trkpt>
      <trkpt lat="34.889623" lon="99.301359"><ele>4115</ele></trkpt>
      <trkpt lat="34.889752" lon="99.301154"><ele>4115</ele></trkpt>
      <trkpt lat="34.889888" lon="99.300977"><ele>4116</ele></trkpt>
      <trkpt lat="34.88998" lon="99.30077"><ele>4118</ele></trkpt>
      <trkpt lat="34.890004" lon="99.300655"><ele>4119</ele></trkpt>
      <trkpt lat="34.89005" lon="99.300158"><ele>4122</ele></trkpt>
      <trkpt lat="34.89007" lon="99.300044"><ele>4124</ele></trkpt>
      <trkpt lat="34.890159" lon="99.299709"><ele>4126</ele></trkpt>
      <trkpt lat="34.890269" lon="99.29938"><ele>4128</ele></trkpt>
      <trkpt lat="34.89033" lon="99.299278"><ele>4128</ele></trkpt>
      <trkpt lat="34.890604" lon="99.298615"><ele>4132</ele></trkpt>
      <trkpt lat="34.890732" lon="99.298413"><ele>4132</ele></trkpt>
      <trkpt lat="34.890808" lon="99.298321"><ele>4133</ele></trkpt>
      <trkpt lat="34.891099" lon="99.298004"><ele>4138</ele></trkpt>
      <trkpt lat="34.891335" lon="99.297788"><ele>4140</ele></trkpt>
      <trkpt lat="34.891403" lon="99.297693"><ele>4141</ele></trkpt>
      <trkpt lat="34.89171" lon="99.297352"><ele>4146</ele></trkpt>
      <trkpt lat="34.891759" lon="99.297256"><ele>4147</ele></trkpt>
      <trkpt lat="34.891862" lon="99.296898"><ele>4152</ele></trkpt>
      <trkpt lat="34.891936" lon="99.29669"><ele>4155</ele></trkpt>
      <trkpt lat="34.891995" lon="99.29661"><ele>4155</ele></trkpt>
      <trkpt lat="34.892083" lon="99.296538"><ele>4156</ele></trkpt>
      <trkpt lat="34.892379" lon="99.296207"><ele>4159</ele></trkpt>
      <trkpt lat="34.892559" lon="99.295936"><ele>4161</ele></trkpt>
      <trkpt lat="34.892774" lon="99.295669"><ele>4163</ele></trkpt>
      <trkpt lat="34.892842" lon="99.295572"><ele>4163</ele></trkpt>
      <trkpt lat="34.892966" lon="99.295352"><ele>4163</ele></trkpt>
      <trkpt lat="34.893033" lon="99.295267"><ele>4164</ele></trkpt>
      <trkpt lat="34.893172" lon="99.295126"><ele>4164</ele></trkpt>
      <trkpt lat="34.893235" lon="99.29505"><ele>4163</ele></trkpt>
      <trkpt lat="34.893303" lon="99.294955"><ele>4163</ele></trkpt>
      <trkpt lat="34.893362" lon="99.294851"><ele>4163</ele></trkpt>
      <trkpt lat="34.893405" lon="99.294748"><ele>4163</ele></trkpt>
      <trkpt lat="34.893598" lon="99.294168"><ele>4165</ele></trkpt>
      <trkpt lat="34.893629" lon="99.294053"><ele>4165</ele></trkpt>
      <trkpt lat="34.893748" lon="99.293478"><ele>4168</ele></trkpt>
      <trkpt lat="34.893832" lon="99.292991"><ele>4170</ele></trkpt>
      <trkpt lat="34.893895" lon="99.292748"><ele>4172</ele></trkpt>
      <trkpt lat="34.893911" lon="99.292658"><ele>4172</ele></trkpt>
      <trkpt lat="34.894075" lon="99.292219"><ele>4176</ele></trkpt>
      <trkpt lat="34.894262" lon="99.291799"><ele>4177</ele></trkpt>
      <trkpt lat="34.894414" lon="99.291346"><ele>4182</ele></trkpt>
      <trkpt lat="34.894597" lon="99.29075"><ele>4187</ele></trkpt>
      <trkpt lat="34.894749" lon="99.290293"><ele>4189</ele></trkpt>
      <trkpt lat="34.89486" lon="99.290108"><ele>4189</ele></trkpt>
      <trkpt lat="34.894957" lon="99.289888"><ele>4191</ele></trkpt>
      <trkpt lat="34.895022" lon="99.289669"><ele>4192</ele></trkpt>
      <trkpt lat="34.895068" lon="99.289555"><ele>4193</ele></trkpt>
      <trkpt lat="34.895135" lon="99.289335"><ele>4193</ele></trkpt>
      <trkpt lat="34.895269" lon="99.288854"><ele>4192</ele></trkpt>
      <trkpt lat="34.895432" lon="99.288328"><ele>4190</ele></trkpt>
      <trkpt lat="34.895528" lon="99.287981"><ele>4188</ele></trkpt>
      <trkpt lat="34.895574" lon="99.287867"><ele>4187</ele></trkpt>
      <trkpt lat="34.895674" lon="99.28767"><ele>4187</ele></trkpt>
      <trkpt lat="34.896259" lon="99.286615"><ele>4179</ele></trkpt>
      <trkpt lat="34.896388" lon="99.286434"><ele>4176</ele></trkpt>
      <trkpt lat="34.89644" lon="99.286336"><ele>4176</ele></trkpt>
      <trkpt lat="34.896755" lon="99.28561"><ele>4170</ele></trkpt>
      <trkpt lat="34.896971" lon="99.285192"><ele>4169</ele></trkpt>
      <trkpt lat="34.897029" lon="99.285094"><ele>4168</ele></trkpt>
      <trkpt lat="34.897177" lon="99.284929"><ele>4167</ele></trkpt>
      <trkpt lat="34.897249" lon="99.284825"><ele>4166</ele></trkpt>
      <trkpt lat="34.8974" lon="99.284532"><ele>4165</ele></trkpt>
      <trkpt lat="34.89771" lon="99.284038"><ele>4163</ele></trkpt>
      <trkpt lat="34.897853" lon="99.283849"><ele>4160</ele></trkpt>
      <trkpt lat="34.898001" lon="99.283672"><ele>4156</ele></trkpt>
      <trkpt lat="34.898126" lon="99.283496"><ele>4154</ele></trkpt>
      <trkpt lat="34.898185" lon="99.283398"><ele>4153</ele></trkpt>
      <trkpt lat="34.898277" lon="99.283196"><ele>4153</ele></trkpt>
      <trkpt lat="34.898449" lon="99.282927"><ele>4153</ele></trkpt>
      <trkpt lat="34.898474" lon="99.282809"><ele>4152</ele></trkpt>
      <trkpt lat="34.898642" lon="99.282511"><ele>4150</ele></trkpt>
      <trkpt lat="34.898787" lon="99.282317"><ele>4150</ele></trkpt>
      <trkpt lat="34.898944" lon="99.282156"><ele>4149</ele></trkpt>
      <trkpt lat="34.89901" lon="99.282063"><ele>4148</ele></trkpt>
      <trkpt lat="34.89915" lon="99.281756"><ele>4146</ele></trkpt>
      <trkpt lat="34.899571" lon="99.281098"><ele>4140</ele></trkpt>
      <trkpt lat="34.899751" lon="99.28079"><ele>4136</ele></trkpt>
      <trkpt lat="34.900013" lon="99.280305"><ele>4132</ele></trkpt>
      <trkpt lat="34.900052" lon="99.280226"><ele>4132</ele></trkpt>
      <trkpt lat="34.900072" lon="99.280118"><ele>4131</ele></trkpt>
      <trkpt lat="34.900103" lon="99.280011"><ele>4130</ele></trkpt>
      <trkpt lat="34.900149" lon="99.279903"><ele>4130</ele></trkpt>
      <trkpt lat="34.900217" lon="99.27982"><ele>4129</ele></trkpt>
      <trkpt lat="34.9003" lon="99.279754"><ele>4129</ele></trkpt>
      <trkpt lat="34.900493" lon="99.27966"><ele>4127</ele></trkpt>
      <trkpt lat="34.900579" lon="99.279608"><ele>4125</ele></trkpt>
      <trkpt lat="34.900661" lon="99.27954"><ele>4124</ele></trkpt>
      <trkpt lat="34.900731" lon="99.279455"><ele>4122</ele></trkpt>
      <trkpt lat="34.900777" lon="99.279354"><ele>4121</ele></trkpt>
      <trkpt lat="34.900849" lon="99.279132"><ele>4120</ele></trkpt>
      <trkpt lat="34.900949" lon="99.278927"><ele>4120</ele></trkpt>
      <trkpt lat="34.90117" lon="99.278684"><ele>4117</ele></trkpt>
      <trkpt lat="34.901234" lon="99.278598"><ele>4116</ele></trkpt>
      <trkpt lat="34.901294" lon="99.278491"><ele>4115</ele></trkpt>
      <trkpt lat="34.9015" lon="99.278248"><ele>4114</ele></trkpt>
      <trkpt lat="34.901624" lon="99.278081"><ele>4113</ele></trkpt>
      <trkpt lat="34.901795" lon="99.277797"><ele>4111</ele></trkpt>
      <trkpt lat="34.902003" lon="99.277386"><ele>4108</ele></trkpt>
      <trkpt lat="34.902181" lon="99.277109"><ele>4108</ele></trkpt>
      <trkpt lat="34.90224" lon="99.276995"><ele>4107</ele></trkpt>
      <trkpt lat="34.902279" lon="99.276876"><ele>4107</ele></trkpt>
      <trkpt lat="34.902391" lon="99.27642"><ele>4107</ele></trkpt>
      <trkpt lat="34.902409" lon="99.276055"><ele>4108</ele></trkpt>
      <trkpt lat="34.902445" lon="99.275926"><ele>4106</ele></trkpt>
      <trkpt lat="34.902571" lon="99.275552"><ele>4102</ele></trkpt>
      <trkpt lat="34.902662" lon="99.275316"><ele>4100</ele></trkpt>
      <trkpt lat="34.902816" lon="99.27475"><ele>4097</ele></trkpt>
      <trkpt lat="34.90286" lon="99.274649"><ele>4097</ele></trkpt>
      <trkpt lat="34.902997" lon="99.274481"><ele>4096</ele></trkpt>
      <trkpt lat="34.903057" lon="99.274393"><ele>4096</ele></trkpt>
      <trkpt lat="34.903209" lon="99.274097"><ele>4094</ele></trkpt>
      <trkpt lat="34.903366" lon="99.273815"><ele>4093</ele></trkpt>
      <trkpt lat="34.903405" lon="99.273711"><ele>4092</ele></trkpt>
      <trkpt lat="34.903497" lon="99.273388"><ele>4090</ele></trkpt>
      <trkpt lat="34.903665" lon="99.272965"><ele>4088</ele></trkpt>
      <trkpt lat="34.90374" lon="99.272749"><ele>4088</ele></trkpt>
      <trkpt lat="34.903785" lon="99.272649"><ele>4089</ele></trkpt>
      <trkpt lat="34.903905" lon="99.272443"><ele>4089</ele></trkpt>
      <trkpt lat="34.904127" lon="99.27219"><ele>4087</ele></trkpt>
      <trkpt lat="34.904151" lon="99.272086"><ele>4087</ele></trkpt>
      <trkpt lat="34.904139" lon="99.271959"><ele>4087</ele></trkpt>
      <trkpt lat="34.904106" lon="99.271845"><ele>4087</ele></trkpt>
      <trkpt lat="34.90412" lon="99.271728"><ele>4087</ele></trkpt>
      <trkpt lat="34.904177" lon="99.271637"><ele>4086</ele></trkpt>
      <trkpt lat="34.90434" lon="99.271494"><ele>4084</ele></trkpt>
      <trkpt lat="34.904596" lon="99.271306"><ele>4081</ele></trkpt>
      <trkpt lat="34.904846" lon="99.271103"><ele>4079</ele></trkpt>
      <trkpt lat="34.905283" lon="99.270779"><ele>4078</ele></trkpt>
      <trkpt lat="34.905523" lon="99.270548"><ele>4078</ele></trkpt>
      <trkpt lat="34.905724" lon="99.270322"><ele>4079</ele></trkpt>
      <trkpt lat="34.905979" lon="99.270114"><ele>4078</ele></trkpt>
      <trkpt lat="34.906456" lon="99.269648"><ele>4077</ele></trkpt>
      <trkpt lat="34.906974" lon="99.269091"><ele>4075</ele></trkpt>
      <trkpt lat="34.907061" lon="99.269024"><ele>4076</ele></trkpt>
      <trkpt lat="34.90724" lon="99.268919"><ele>4075</ele></trkpt>
      <trkpt lat="34.907409" lon="99.268778"><ele>4074</ele></trkpt>
      <trkpt lat="34.90748" lon="99.268706"><ele>4074</ele></trkpt>
      <trkpt lat="34.907475" lon="99.268592"><ele>4073</ele></trkpt>
      <trkpt lat="34.907613" lon="99.268275"><ele>4072</ele></trkpt>
      <trkpt lat="34.90769" lon="99.268203"><ele>4072</ele></trkpt>
      <trkpt lat="34.907778" lon="99.268148"><ele>4072</ele></trkpt>
      <trkpt lat="34.907879" lon="99.268124"><ele>4072</ele></trkpt>
      <trkpt lat="34.907983" lon="99.26812"><ele>4072</ele></trkpt>
      <trkpt lat="34.908082" lon="99.268139"><ele>4073</ele></trkpt>
      <trkpt lat="34.908185" lon="99.268143"><ele>4074</ele></trkpt>
      <trkpt lat="34.908285" lon="99.268122"><ele>4074</ele></trkpt>
      <trkpt lat="34.908485" lon="99.26804"><ele>4074</ele></trkpt>
      <trkpt lat="34.90859" lon="99.268019"><ele>4073</ele></trkpt>
      <trkpt lat="34.908917" lon="99.268009"><ele>4073</ele></trkpt>
      <trkpt lat="34.909024" lon="99.267984"><ele>4073</ele></trkpt>
      <trkpt lat="34.909442" lon="99.267721"><ele>4070</ele></trkpt>
      <trkpt lat="34.90962" lon="99.267738"><ele>4067</ele></trkpt>
      <trkpt lat="34.909827" lon="99.267721"><ele>4065</ele></trkpt>
      <trkpt lat="34.910131" lon="99.267754"><ele>4062</ele></trkpt>
      <trkpt lat="34.910366" lon="99.267576"><ele>4062</ele></trkpt>
      <trkpt lat="34.910659" lon="99.267691"><ele>4062</ele></trkpt>
      <trkpt lat="34.910756" lon="99.267694"><ele>4063</ele></trkpt>
      <trkpt lat="34.910847" lon="99.267711"><ele>4064</ele></trkpt>
      <trkpt lat="34.910942" lon="99.267696"><ele>4065</ele></trkpt>
      <trkpt lat="34.911736" lon="99.2675"><ele>4066</ele></trkpt>
      <trkpt lat="34.911826" lon="99.267488"><ele>4066</ele></trkpt>
      <trkpt lat="34.912013" lon="99.267434"><ele>4066</ele></trkpt>
      <trkpt lat="34.912205" lon="99.267348"><ele>4065</ele></trkpt>
      <trkpt lat="34.912395" lon="99.267299"><ele>4063</ele></trkpt>
      <trkpt lat="34.912579" lon="99.267328"><ele>4062</ele></trkpt>
      <trkpt lat="34.912672" lon="99.267394"><ele>4063</ele></trkpt>
      <trkpt lat="34.912766" lon="99.267435"><ele>4063</ele></trkpt>
      <trkpt lat="34.913247" lon="99.267482"><ele>4063</ele></trkpt>
      <trkpt lat="34.913438" lon="99.267551"><ele>4062</ele></trkpt>
      <trkpt lat="34.913526" lon="99.267602"><ele>4060</ele></trkpt>
      <trkpt lat="34.913619" lon="99.267642"><ele>4059</ele></trkpt>
      <trkpt lat="34.9139" lon="99.267712"><ele>4058</ele></trkpt>
      <trkpt lat="34.914002" lon="99.267723"><ele>4058</ele></trkpt>
      <trkpt lat="34.914043" lon="99.267696"><ele>4057</ele></trkpt>
      <trkpt lat="34.914214" lon="99.267754"><ele>4057</ele></trkpt>
      <trkpt lat="34.914403" lon="99.267787"><ele>4056</ele></trkpt>
      <trkpt lat="34.914589" lon="99.267853"><ele>4054</ele></trkpt>
      <trkpt lat="34.914875" lon="99.26793"><ele>4052</ele></trkpt>
      <trkpt lat="34.914963" lon="99.267972"><ele>4051</ele></trkpt>
      <trkpt lat="34.915061" lon="99.267945"><ele>4049</ele></trkpt>
      <trkpt lat="34.915148" lon="99.267881"><ele>4048</ele></trkpt>
      <trkpt lat="34.915227" lon="99.267809"><ele>4047</ele></trkpt>
      <trkpt lat="34.915292" lon="99.267716"><ele>4048</ele></trkpt>
      <trkpt lat="34.915374" lon="99.267697"><ele>4049</ele></trkpt>
      <trkpt lat="34.915463" lon="99.267729"><ele>4049</ele></trkpt>
      <trkpt lat="34.915654" lon="99.267837"><ele>4047</ele></trkpt>
      <trkpt lat="34.915922" lon="99.267967"><ele>4046</ele></trkpt>
      <trkpt lat="34.916115" lon="99.268085"><ele>4044</ele></trkpt>
      <trkpt lat="34.916317" lon="99.268164"><ele>4042</ele></trkpt>
      <trkpt lat="34.916419" lon="99.268193"><ele>4042</ele></trkpt>
      <trkpt lat="34.916521" lon="99.268205"><ele>4041</ele></trkpt>
      <trkpt lat="34.916708" lon="99.268275"><ele>4043</ele></trkpt>
      <trkpt lat="34.9168" lon="99.268293"><ele>4043</ele></trkpt>
      <trkpt lat="34.91689" lon="99.268325"><ele>4043</ele></trkpt>
      <trkpt lat="34.916981" lon="99.268383"><ele>4042</ele></trkpt>
      <trkpt lat="34.917146" lon="99.268522"><ele>4042</ele></trkpt>
      <trkpt lat="34.917232" lon="99.268563"><ele>4041</ele></trkpt>
      <trkpt lat="34.917635" lon="99.268633"><ele>4041</ele></trkpt>
      <trkpt lat="34.91773" lon="99.268676"><ele>4040</ele></trkpt>
      <trkpt lat="34.918214" lon="99.268849"><ele>4037</ele></trkpt>
      <trkpt lat="34.918399" lon="99.268942"><ele>4036</ele></trkpt>
      <trkpt lat="34.918484" lon="99.26901"><ele>4037</ele></trkpt>
      <trkpt lat="34.918721" lon="99.26925"><ele>4037</ele></trkpt>
      <trkpt lat="34.918882" lon="99.269386"><ele>4037</ele></trkpt>
      <trkpt lat="34.918954" lon="99.269468"><ele>4037</ele></trkpt>
      <trkpt lat="34.919151" lon="99.269762"><ele>4037</ele></trkpt>
      <trkpt lat="34.919222" lon="99.269845"><ele>4038</ele></trkpt>
      <trkpt lat="34.919304" lon="99.26991"><ele>4039</ele></trkpt>
      <trkpt lat="34.919399" lon="99.269958"><ele>4039</ele></trkpt>
      <trkpt lat="34.919496" lon="99.270003"><ele>4039</ele></trkpt>
      <trkpt lat="34.919599" lon="99.270007"><ele>4039</ele></trkpt>
      <trkpt lat="34.919815" lon="99.269985"><ele>4037</ele></trkpt>
      <trkpt lat="34.91992" lon="99.269994"><ele>4036</ele></trkpt>
      <trkpt lat="34.920224" lon="99.270066"><ele>4034</ele></trkpt>
      <trkpt lat="34.920509" lon="99.270081"><ele>4035</ele></trkpt>
      <trkpt lat="34.920601" lon="99.270073"><ele>4035</ele></trkpt>
      <trkpt lat="34.920878" lon="99.270154"><ele>4034</ele></trkpt>
      <trkpt lat="34.920966" lon="99.270196"><ele>4033</ele></trkpt>
      <trkpt lat="34.921155" lon="99.270262"><ele>4033</ele></trkpt>
      <trkpt lat="34.921352" lon="99.270292"><ele>4034</ele></trkpt>
      <trkpt lat="34.921549" lon="99.270306"><ele>4034</ele></trkpt>
      <trkpt lat="34.921639" lon="99.270348"><ele>4035</ele></trkpt>
      <trkpt lat="34.921716" lon="99.270418"><ele>4034</ele></trkpt>
      <trkpt lat="34.921853" lon="99.27061"><ele>4034</ele></trkpt>
      <trkpt lat="34.921925" lon="99.270692"><ele>4034</ele></trkpt>
      <trkpt lat="34.922082" lon="99.270829"><ele>4034</ele></trkpt>
      <trkpt lat="34.92218" lon="99.270872"><ele>4034</ele></trkpt>
      <trkpt lat="34.922273" lon="99.270854"><ele>4034</ele></trkpt>
      <trkpt lat="34.922328" lon="99.27076"><ele>4034</ele></trkpt>
      <trkpt lat="34.92243" lon="99.270388"><ele>4035</ele></trkpt>
      <trkpt lat="34.922517" lon="99.270318"><ele>4035</ele></trkpt>
      <trkpt lat="34.922618" lon="99.270297"><ele>4035</ele></trkpt>
      <trkpt lat="34.922918" lon="99.270253"><ele>4034</ele></trkpt>
      <trkpt lat="34.923607" lon="99.270386"><ele>4032</ele></trkpt>
      <trkpt lat="34.923809" lon="99.270414"><ele>4032</ele></trkpt>
      <trkpt lat="34.924101" lon="99.270426"><ele>4033</ele></trkpt>
      <trkpt lat="34.924489" lon="99.270398"><ele>4036</ele></trkpt>
      <trkpt lat="34.924593" lon="99.270414"><ele>4036</ele></trkpt>
      <trkpt lat="34.924781" lon="99.270488"><ele>4035</ele></trkpt>
      <trkpt lat="34.925248" lon="99.270701"><ele>4033</ele></trkpt>
      <trkpt lat="34.925699" lon="99.270837"><ele>4030</ele></trkpt>
      <trkpt lat="34.925981" lon="99.270951"><ele>4030</ele></trkpt>
      <trkpt lat="34.926325" lon="99.271178"><ele>4028</ele></trkpt>
      <trkpt lat="34.926579" lon="99.271372"><ele>4027</ele></trkpt>
      <trkpt lat="34.926847" lon="99.271541"><ele>4026</ele></trkpt>
      <trkpt lat="34.927357" lon="99.271712"><ele>4022</ele></trkpt>
      <trkpt lat="34.927544" lon="99.271798"><ele>4021</ele></trkpt>
      <trkpt lat="34.928016" lon="99.27209"><ele>4017</ele></trkpt>
      <trkpt lat="34.928178" lon="99.272179"><ele>4017</ele></trkpt>
      <trkpt lat="34.928419" lon="99.272336"><ele>4018</ele></trkpt>
      <trkpt lat="34.928495" lon="99.272388"><ele>4019</ele></trkpt>
      <trkpt lat="34.928738" lon="99.272621"><ele>4020</ele></trkpt>
      <trkpt lat="34.928826" lon="99.272685"><ele>4020</ele></trkpt>
      <trkpt lat="34.92909" lon="99.272849"><ele>4018</ele></trkpt>
      <trkpt lat="34.929266" lon="99.272943"><ele>4017</ele></trkpt>
      <trkpt lat="34.929688" lon="99.273217"><ele>4018</ele></trkpt>
      <trkpt lat="34.929952" lon="99.273357"><ele>4018</ele></trkpt>
      <trkpt lat="34.930525" lon="99.273632"><ele>4015</ele></trkpt>
      <trkpt lat="34.930894" lon="99.273828"><ele>4015</ele></trkpt>
      <trkpt lat="34.931089" lon="99.273885"><ele>4015</ele></trkpt>
      <trkpt lat="34.931182" lon="99.273932"><ele>4014</ele></trkpt>
      <trkpt lat="34.931263" lon="99.27399"><ele>4014</ele></trkpt>
      <trkpt lat="34.931484" lon="99.274193"><ele>4012</ele></trkpt>
      <trkpt lat="34.931564" lon="99.274247"><ele>4011</ele></trkpt>
      <trkpt lat="34.931654" lon="99.274225"><ele>4010</ele></trkpt>
      <trkpt lat="34.931677" lon="99.27412"><ele>4010</ele></trkpt>
      <trkpt lat="34.931749" lon="99.274099"><ele>4010</ele></trkpt>
      <trkpt lat="34.931827" lon="99.274164"><ele>4011</ele></trkpt>
      <trkpt lat="34.9319" lon="99.274248"><ele>4011</ele></trkpt>
      <trkpt lat="34.931938" lon="99.274365"><ele>4011</ele></trkpt>
      <trkpt lat="34.931914" lon="99.274481"><ele>4011</ele></trkpt>
      <trkpt lat="34.931965" lon="99.274567"><ele>4011</ele></trkpt>
      <trkpt lat="34.932119" lon="99.274729"><ele>4012</ele></trkpt>
      <trkpt lat="34.932207" lon="99.274805"><ele>4014</ele></trkpt>
      <trkpt lat="34.932272" lon="99.274905"><ele>4015</ele></trkpt>
      <trkpt lat="34.932297" lon="99.274961"><ele>4017</ele></trkpt>
      <trkpt lat="34.932422" lon="99.27509"><ele>4018</ele></trkpt>
      <trkpt lat="34.932484" lon="99.275185"><ele>4018</ele></trkpt>
      <trkpt lat="34.93256" lon="99.275272"><ele>4018</ele></trkpt>
      <trkpt lat="34.9328" lon="99.275474"><ele>4017</ele></trkpt>
      <trkpt lat="34.932882" lon="99.275555"><ele>4018</ele></trkpt>
      <trkpt lat="34.932962" lon="99.275648"><ele>4019</ele></trkpt>
      <trkpt lat="34.933167" lon="99.27593"><ele>4021</ele></trkpt>
      <trkpt lat="34.933248" lon="99.275964"><ele>4021</ele></trkpt>
      <trkpt lat="34.933492" lon="99.276617"><ele>4019</ele></trkpt>
      <trkpt lat="34.933586" lon="99.276836"><ele>4019</ele></trkpt>
      <trkpt lat="34.933647" lon="99.276933"><ele>4019</ele></trkpt>
      <trkpt lat="34.933787" lon="99.277108"><ele>4019</ele></trkpt>
      <trkpt lat="34.933947" lon="99.277241"><ele>4019</ele></trkpt>
      <trkpt lat="34.93432" lon="99.277462"><ele>4021</ele></trkpt>
      <trkpt lat="34.93499" lon="99.27777"><ele>4020</ele></trkpt>
      <trkpt lat="34.93564" lon="99.278147"><ele>4020</ele></trkpt>
      <trkpt lat="34.935799" lon="99.278269"><ele>4021</ele></trkpt>
      <trkpt lat="34.93587" lon="99.278341"><ele>4021</ele></trkpt>
      <trkpt lat="34.936142" lon="99.278647"><ele>4024</ele></trkpt>
      <trkpt lat="34.936218" lon="99.278722"><ele>4025</ele></trkpt>
      <trkpt lat="34.936287" lon="99.278808"><ele>4025</ele></trkpt>
      <trkpt lat="34.93645" lon="99.279116"><ele>4025</ele></trkpt>
      <trkpt lat="34.936526" lon="99.279194"><ele>4026</ele></trkpt>
      <trkpt lat="34.936575" lon="99.279301"><ele>4026</ele></trkpt>
      <trkpt lat="34.936656" lon="99.279387"><ele>4027</ele></trkpt>
      <trkpt lat="34.93669" lon="99.279443"><ele>4027</ele></trkpt>
      <trkpt lat="34.936785" lon="99.27974"><ele>4026</ele></trkpt>
      <trkpt lat="34.936838" lon="99.279842"><ele>4026</ele></trkpt>
      <trkpt lat="34.936898" lon="99.279934"><ele>4026</ele></trkpt>
      <trkpt lat="34.937202" lon="99.280296"><ele>4026</ele></trkpt>
      <trkpt lat="34.93732" lon="99.280494"><ele>4026</ele></trkpt>
      <trkpt lat="34.937504" lon="99.280904"><ele>4026</ele></trkpt>
      <trkpt lat="34.937544" lon="99.281024"><ele>4026</ele></trkpt>
      <trkpt lat="34.937632" lon="99.281382"><ele>4026</ele></trkpt>
      <trkpt lat="34.937676" lon="99.281508"><ele>4025</ele></trkpt>
      <trkpt lat="34.937726" lon="99.28162"><ele>4024</ele></trkpt>
      <trkpt lat="34.937897" lon="99.281909"><ele>4023</ele></trkpt>
      <trkpt lat="34.938172" lon="99.282261"><ele>4021</ele></trkpt>
      <trkpt lat="34.938203" lon="99.282355"><ele>4021</ele></trkpt>
      <trkpt lat="34.938448" lon="99.282553"><ele>4025</ele></trkpt>
      <trkpt lat="34.938807" lon="99.28281"><ele>4023</ele></trkpt>
      <trkpt lat="34.938971" lon="99.282942"><ele>4021</ele></trkpt>
      <trkpt lat="34.939108" lon="99.283098"><ele>4019</ele></trkpt>
      <trkpt lat="34.939259" lon="99.283245"><ele>4018</ele></trkpt>
      <trkpt lat="34.939699" lon="99.283756"><ele>4014</ele></trkpt>
      <trkpt lat="34.939779" lon="99.283836"><ele>4013</ele></trkpt>
      <trkpt lat="34.939859" lon="99.283901"><ele>4012</ele></trkpt>
      <trkpt lat="34.940227" lon="99.28414"><ele>4010</ele></trkpt>
      <trkpt lat="34.940469" lon="99.284362"><ele>4010</ele></trkpt>
      <trkpt lat="34.940561" lon="99.284434"><ele>4010</ele></trkpt>
      <trkpt lat="34.940843" lon="99.284594"><ele>4011</ele></trkpt>
      <trkpt lat="34.941018" lon="99.28472"><ele>4011</ele></trkpt>
      <trkpt lat="34.941099" lon="99.284792"><ele>4011</ele></trkpt>
      <trkpt lat="34.941171" lon="99.284866"><ele>4011</ele></trkpt>
      <trkpt lat="34.941233" lon="99.284948"><ele>4011</ele></trkpt>
      <trkpt lat="34.94133" lon="99.285132"><ele>4011</ele></trkpt>
      <trkpt lat="34.941579" lon="99.285311"><ele>4012</ele></trkpt>
      <trkpt lat="34.94166" lon="99.285396"><ele>4012</ele></trkpt>
      <trkpt lat="34.941726" lon="99.285491"><ele>4013</ele></trkpt>
      <trkpt lat="34.941941" lon="99.285898"><ele>4014</ele></trkpt>
      <trkpt lat="34.94201" lon="99.286124"><ele>4013</ele></trkpt>
      <trkpt lat="34.94207" lon="99.286226"><ele>4013</ele></trkpt>
      <trkpt lat="34.942148" lon="99.286318"><ele>4014</ele></trkpt>
      <trkpt lat="34.942313" lon="99.286484"><ele>4014</ele></trkpt>
      <trkpt lat="34.942425" lon="99.286616"><ele>4014</ele></trkpt>
      <trkpt lat="34.942503" lon="99.28662"><ele>4014</ele></trkpt>
      <trkpt lat="34.942575" lon="99.286697"><ele>4015</ele></trkpt>
      <trkpt lat="34.942749" lon="99.286834"><ele>4015</ele></trkpt>
      <trkpt lat="34.942928" lon="99.286954"><ele>4015</ele></trkpt>
      <trkpt lat="34.943203" lon="99.287068"><ele>4014</ele></trkpt>
      <trkpt lat="34.943381" lon="99.287154"><ele>4013</ele></trkpt>
      <trkpt lat="34.943847" lon="99.28741"><ele>4015</ele></trkpt>
      <trkpt lat="34.944386" lon="99.28778"><ele>4019</ele></trkpt>
      <trkpt lat="34.94461" lon="99.288007"><ele>4018</ele></trkpt>
      <trkpt lat="34.944841" lon="99.288293"><ele>4019</ele></trkpt>
      <trkpt lat="34.945193" lon="99.288689"><ele>4021</ele></trkpt>
      <trkpt lat="34.945355" lon="99.288843"><ele>4021</ele></trkpt>
      <trkpt lat="34.945514" lon="99.288972"><ele>4022</ele></trkpt>
      <trkpt lat="34.945535" lon="99.289021"><ele>4022</ele></trkpt>
      <trkpt lat="34.945612" lon="99.28898"><ele>4020</ele></trkpt>
      <trkpt lat="34.945814" lon="99.289077"><ele>4014</ele></trkpt>
      <trkpt lat="34.94584" lon="99.289076"><ele>4012</ele></trkpt>
      <trkpt lat="34.946083" lon="99.289216"><ele>4009</ele></trkpt>
      <trkpt lat="34.946164" lon="99.289277"><ele>4008</ele></trkpt>
      <trkpt lat="34.946306" lon="99.289472"><ele>4008</ele></trkpt>
      <trkpt lat="34.94638" lon="99.289558"><ele>4008</ele></trkpt>
      <trkpt lat="34.946811" lon="99.289875"><ele>4009</ele></trkpt>
      <trkpt lat="34.946898" lon="99.289951"><ele>4009</ele></trkpt>
      <trkpt lat="34.947125" lon="99.290179"><ele>4007</ele></trkpt>
      <trkpt lat="34.947314" lon="99.290472"><ele>4005</ele></trkpt>
      <trkpt lat="34.947561" lon="99.290864"><ele>4004</ele></trkpt>
      <trkpt lat="34.947676" lon="99.291075"><ele>4005</ele></trkpt>
      <trkpt lat="34.947729" lon="99.291179"><ele>4005</ele></trkpt>
      <trkpt lat="34.947722" lon="99.291241"><ele>4006</ele></trkpt>
      <trkpt lat="34.947756" lon="99.291336"><ele>4008</ele></trkpt>
      <trkpt lat="34.947801" lon="99.291422"><ele>4011</ele></trkpt>
      <trkpt lat="34.947929" lon="99.291592"><ele>4013</ele></trkpt>
      <trkpt lat="34.94811" lon="99.291882"><ele>4013</ele></trkpt>
      <trkpt lat="34.948182" lon="99.291977"><ele>4013</ele></trkpt>
      <trkpt lat="34.948337" lon="99.292132"><ele>4013</ele></trkpt>
      <trkpt lat="34.948419" lon="99.292202"><ele>4013</ele></trkpt>
      <trkpt lat="34.948603" lon="99.292301"><ele>4013</ele></trkpt>
      <trkpt lat="34.948792" lon="99.292356"><ele>4012</ele></trkpt>
      <trkpt lat="34.949188" lon="99.292422"><ele>4011</ele></trkpt>
      <trkpt lat="34.949275" lon="99.292477"><ele>4011</ele></trkpt>
      <trkpt lat="34.949416" lon="99.292654"><ele>4012</ele></trkpt>
      <trkpt lat="34.949625" lon="99.29307"><ele>4009</ele></trkpt>
      <trkpt lat="34.949705" lon="99.293158"><ele>4008</ele></trkpt>
      <trkpt lat="34.949804" lon="99.293224"><ele>4008</ele></trkpt>
      <trkpt lat="34.949887" lon="99.293298"><ele>4007</ele></trkpt>
      <trkpt lat="34.949908" lon="99.29333"><ele>4006</ele></trkpt>
      <trkpt lat="34.950035" lon="99.293453"><ele>4004</ele></trkpt>
      <trkpt lat="34.950199" lon="99.293574"><ele>4003</ele></trkpt>
      <trkpt lat="34.95025" lon="99.293679"><ele>4003</ele></trkpt>
      <trkpt lat="34.950288" lon="99.293802"><ele>4002</ele></trkpt>
      <trkpt lat="34.950378" lon="99.293837"><ele>4003</ele></trkpt>
      <trkpt lat="34.950576" lon="99.293848"><ele>4003</ele></trkpt>
      <trkpt lat="34.950775" lon="99.293894"><ele>4001</ele></trkpt>
      <trkpt lat="34.951054" lon="99.293985"><ele>4000</ele></trkpt>
      <trkpt lat="34.951262" lon="99.294039"><ele>3999</ele></trkpt>
      <trkpt lat="34.951349" lon="99.294088"><ele>3998</ele></trkpt>
      <trkpt lat="34.951456" lon="99.294118"><ele>3997</ele></trkpt>
      <trkpt lat="34.951562" lon="99.294133"><ele>3997</ele></trkpt>
      <trkpt lat="34.95175" lon="99.294227"><ele>3996</ele></trkpt>
      <trkpt lat="34.951955" lon="99.294269"><ele>3996</ele></trkpt>
      <trkpt lat="34.952058" lon="99.294267"><ele>3997</ele></trkpt>
      <trkpt lat="34.95216" lon="99.294299"><ele>3997</ele></trkpt>
      <trkpt lat="34.952359" lon="99.294379"><ele>3995</ele></trkpt>
      <trkpt lat="34.952847" lon="99.294611"><ele>3993</ele></trkpt>
      <trkpt lat="34.952957" lon="99.294651"><ele>3993</ele></trkpt>
      <trkpt lat="34.953136" lon="99.294771"><ele>3993</ele></trkpt>
      <trkpt lat="34.953236" lon="99.294802"><ele>3993</ele></trkpt>
      <trkpt lat="34.953447" lon="99.294836"><ele>3993</ele></trkpt>
      <trkpt lat="34.953553" lon="99.294821"><ele>3992</ele></trkpt>
      <trkpt lat="34.95365" lon="99.294837"><ele>3991</ele></trkpt>
      <trkpt lat="34.953723" lon="99.294922"><ele>3991</ele></trkpt>
      <trkpt lat="34.953806" lon="99.294977"><ele>3990</ele></trkpt>
      <trkpt lat="34.95408" lon="99.295102"><ele>3991</ele></trkpt>
      <trkpt lat="34.954288" lon="99.295161"><ele>3992</ele></trkpt>
      <trkpt lat="34.954387" lon="99.295205"><ele>3992</ele></trkpt>
      <trkpt lat="34.95457" lon="99.295299"><ele>3992</ele></trkpt>
      <trkpt lat="34.954655" lon="99.295362"><ele>3992</ele></trkpt>
      <trkpt lat="34.954859" lon="99.295454"><ele>3990</ele></trkpt>
      <trkpt lat="34.955254" lon="99.295492"><ele>3990</ele></trkpt>
      <trkpt lat="34.955457" lon="99.295487"><ele>3990</ele></trkpt>
      <trkpt lat="34.955558" lon="99.295471"><ele>3990</ele></trkpt>
      <trkpt lat="34.956055" lon="99.295517"><ele>3990</ele></trkpt>
      <trkpt lat="34.956266" lon="99.295511"><ele>3991</ele></trkpt>
      <trkpt lat="34.956366" lon="99.29553"><ele>3991</ele></trkpt>
      <trkpt lat="34.956463" lon="99.295571"><ele>3991</ele></trkpt>
      <trkpt lat="34.956733" lon="99.295756"><ele>3991</ele></trkpt>
      <trkpt lat="34.956835" lon="99.295811"><ele>3991</ele></trkpt>
      <trkpt lat="34.957048" lon="99.295902"><ele>3989</ele></trkpt>
      <trkpt lat="34.957433" lon="99.296122"><ele>3984</ele></trkpt>
      <trkpt lat="34.95763" lon="99.296207"><ele>3983</ele></trkpt>
      <trkpt lat="34.958226" lon="99.296405"><ele>3985</ele></trkpt>
      <trkpt lat="34.958429" lon="99.296464"><ele>3984</ele></trkpt>
      <trkpt lat="34.958743" lon="99.296526"><ele>3983</ele></trkpt>
      <trkpt lat="34.958835" lon="99.296557"><ele>3983</ele></trkpt>
      <trkpt lat="34.959269" lon="99.29665"><ele>3982</ele></trkpt>
      <trkpt lat="34.95938" lon="99.296684"><ele>3982</ele></trkpt>
      <trkpt lat="34.959493" lon="99.296724"><ele>3982</ele></trkpt>
      <trkpt lat="34.9599" lon="99.296928"><ele>3981</ele></trkpt>
      <trkpt lat="34.960103" lon="99.296999"><ele>3980</ele></trkpt>
      <trkpt lat="34.960317" lon="99.297053"><ele>3978</ele></trkpt>
      <trkpt lat="34.960418" lon="99.297091"><ele>3977</ele></trkpt>
      <trkpt lat="34.960712" lon="99.297227"><ele>3976</ele></trkpt>
      <trkpt lat="34.960804" lon="99.297223"><ele>3975</ele></trkpt>
      <trkpt lat="34.960901" lon="99.297191"><ele>3975</ele></trkpt>
      <trkpt lat="34.960997" lon="99.297129"><ele>3976</ele></trkpt>
      <trkpt lat="34.961201" lon="99.297035"><ele>3977</ele></trkpt>
      <trkpt lat="34.961417" lon="99.296978"><ele>3977</ele></trkpt>
      <trkpt lat="34.961519" lon="99.296967"><ele>3977</ele></trkpt>
      <trkpt lat="34.961923" lon="99.296987"><ele>3978</ele></trkpt>
      <trkpt lat="34.962131" lon="99.296987"><ele>3980</ele></trkpt>
      <trkpt lat="34.962579" lon="99.296964"><ele>3976</ele></trkpt>
      <trkpt lat="34.96268" lon="99.296978"><ele>3975</ele></trkpt>
      <trkpt lat="34.963193" lon="99.297123"><ele>3973</ele></trkpt>
      <trkpt lat="34.963498" lon="99.297185"><ele>3973</ele></trkpt>
      <trkpt lat="34.964002" lon="99.297271"><ele>3976</ele></trkpt>
      <trkpt lat="34.964202" lon="99.297282"><ele>3977</ele></trkpt>
      <trkpt lat="34.964308" lon="99.297276"><ele>3977</ele></trkpt>
      <trkpt lat="34.964703" lon="99.297225"><ele>3975</ele></trkpt>
      <trkpt lat="34.965192" lon="99.297041"><ele>3975</ele></trkpt>
      <trkpt lat="34.96538" lon="99.296957"><ele>3976</ele></trkpt>
      <trkpt lat="34.965586" lon="99.296928"><ele>3974</ele></trkpt>
      <trkpt lat="34.965781" lon="99.296871"><ele>3973</ele></trkpt>
      <trkpt lat="34.965961" lon="99.296794"><ele>3973</ele></trkpt>
      <trkpt lat="34.96605" lon="99.296746"><ele>3974</ele></trkpt>
      <trkpt lat="34.966154" lon="99.296714"><ele>3974</ele></trkpt>
      <trkpt lat="34.96625" lon="99.296714"><ele>3975</ele></trkpt>
      <trkpt lat="34.966342" lon="99.296781"><ele>3975</ele></trkpt>
      <trkpt lat="34.966504" lon="99.296955"><ele>3974</ele></trkpt>
      <trkpt lat="34.966679" lon="99.297089"><ele>3973</ele></trkpt>
      <trkpt lat="34.966766" lon="99.297178"><ele>3972</ele></trkpt>
      <trkpt lat="34.966852" lon="99.297243"><ele>3972</ele></trkpt>
      <trkpt lat="34.966943" lon="99.297296"><ele>3972</ele></trkpt>
      <trkpt lat="34.967036" lon="99.297333"><ele>3972</ele></trkpt>
      <trkpt lat="34.96749" lon="99.29762"><ele>3969</ele></trkpt>
      <trkpt lat="34.967777" lon="99.297789"><ele>3968</ele></trkpt>
      <trkpt lat="34.967968" lon="99.297921"><ele>3967</ele></trkpt>
      <trkpt lat="34.968237" lon="99.298066"><ele>3965</ele></trkpt>
      <trkpt lat="34.968857" lon="99.298425"><ele>3959</ele></trkpt>
      <trkpt lat="34.968923" lon="99.298477"><ele>3959</ele></trkpt>
      <trkpt lat="34.969094" lon="99.298586"><ele>3958</ele></trkpt>
      <trkpt lat="34.969393" lon="99.298738"><ele>3959</ele></trkpt>
      <trkpt lat="34.969877" lon="99.299025"><ele>3959</ele></trkpt>
      <trkpt lat="34.970143" lon="99.299196"><ele>3958</ele></trkpt>
      <trkpt lat="34.970398" lon="99.299379"><ele>3951</ele></trkpt>
      <trkpt lat="34.970635" lon="99.299651"><ele>3946</ele></trkpt>
      <trkpt lat="34.970795" lon="99.299787"><ele>3944</ele></trkpt>
      <trkpt lat="34.971066" lon="99.299956"><ele>3940</ele></trkpt>
      <trkpt lat="34.971159" lon="99.299991"><ele>3939</ele></trkpt>
      <trkpt lat="34.971259" lon="99.300012"><ele>3939</ele></trkpt>
      <trkpt lat="34.97146" lon="99.300014"><ele>3939</ele></trkpt>
      <trkpt lat="34.971708" lon="99.300047"><ele>3939</ele></trkpt>
      <trkpt lat="34.971994" lon="99.300054"><ele>3938</ele></trkpt>
      <trkpt lat="34.972331" lon="99.300083"><ele>3937</ele></trkpt>
      <trkpt lat="34.97244" lon="99.300077"><ele>3936</ele></trkpt>
      <trkpt lat="34.972649" lon="99.300107"><ele>3936</ele></trkpt>
      <trkpt lat="34.972853" lon="99.300103"><ele>3935</ele></trkpt>
      <trkpt lat="34.973161" lon="99.300058"><ele>3934</ele></trkpt>
      <trkpt lat="34.973359" lon="99.300004"><ele>3935</ele></trkpt>
      <trkpt lat="34.973705" lon="99.299957"><ele>3937</ele></trkpt>
      <trkpt lat="34.974135" lon="99.299838"><ele>3939</ele></trkpt>
      <trkpt lat="34.974237" lon="99.299818"><ele>3940</ele></trkpt>
      <trkpt lat="34.974325" lon="99.299772"><ele>3940</ele></trkpt>
      <trkpt lat="34.974501" lon="99.299653"><ele>3939</ele></trkpt>
      <trkpt lat="34.974598" lon="99.299622"><ele>3938</ele></trkpt>
      <trkpt lat="34.974999" lon="99.299542"><ele>3937</ele></trkpt>
      <trkpt lat="34.975496" lon="99.299424"><ele>3934</ele></trkpt>
      <trkpt lat="34.975549" lon="99.299423"><ele>3934</ele></trkpt>
      <trkpt lat="34.975736" lon="99.299382"><ele>3934</ele></trkpt>
      <trkpt lat="34.975951" lon="99.299353"><ele>3934</ele></trkpt>
      <trkpt lat="34.976256" lon="99.299287"><ele>3934</ele></trkpt>
      <trkpt lat="34.976464" lon="99.299259"><ele>3934</ele></trkpt>
      <trkpt lat="34.976559" lon="99.299228"><ele>3935</ele></trkpt>
      <trkpt lat="34.976648" lon="99.299172"><ele>3935</ele></trkpt>
      <trkpt lat="34.977039" lon="99.29907"><ele>3934</ele></trkpt>
      <trkpt lat="34.977344" lon="99.29904"><ele>3934</ele></trkpt>
      <trkpt lat="34.97755" lon="99.299038"><ele>3933</ele></trkpt>
      <trkpt lat="34.977656" lon="99.299069"><ele>3934</ele></trkpt>
      <trkpt lat="34.977748" lon="99.299111"><ele>3934</ele></trkpt>
      <trkpt lat="34.977854" lon="99.299109"><ele>3934</ele></trkpt>
      <trkpt lat="34.97826" lon="99.298952"><ele>3933</ele></trkpt>
      <trkpt lat="34.978576" lon="99.298856"><ele>3932</ele></trkpt>
      <trkpt lat="34.978656" lon="99.298787"><ele>3932</ele></trkpt>
      <trkpt lat="34.978829" lon="99.298665"><ele>3931</ele></trkpt>
      <trkpt lat="34.978928" lon="99.298625"><ele>3930</ele></trkpt>
      <trkpt lat="34.979023" lon="99.298639"><ele>3930</ele></trkpt>
      <trkpt lat="34.979108" lon="99.298719"><ele>3930</ele></trkpt>
      <trkpt lat="34.979413" lon="99.29936"><ele>3931</ele></trkpt>
      <trkpt lat="34.979759" lon="99.299981"><ele>3929</ele></trkpt>
      <trkpt lat="34.979816" lon="99.300098"><ele>3929</ele></trkpt>
      <trkpt lat="34.979833" lon="99.300156"><ele>3930</ele></trkpt>
      <trkpt lat="34.980052" lon="99.300544"><ele>3931</ele></trkpt>
      <trkpt lat="34.980102" lon="99.300642"><ele>3932</ele></trkpt>
      <trkpt lat="34.980142" lon="99.300745"><ele>3932</ele></trkpt>
      <trkpt lat="34.980247" lon="99.30095"><ele>3933</ele></trkpt>
      <trkpt lat="34.980413" lon="99.301253"><ele>3935</ele></trkpt>
      <trkpt lat="34.980761" lon="99.301851"><ele>3937</ele></trkpt>
      <trkpt lat="34.981035" lon="99.302374"><ele>3939</ele></trkpt>
      <trkpt lat="34.98137" lon="99.302984"><ele>3942</ele></trkpt>
      <trkpt lat="34.981712" lon="99.30359"><ele>3943</ele></trkpt>
      <trkpt lat="34.981776" lon="99.303675"><ele>3943</ele></trkpt>
      <trkpt lat="34.981719" lon="99.303753"><ele>3943</ele></trkpt>
      <trkpt lat="34.981628" lon="99.303809"><ele>3943</ele></trkpt>
      <trkpt lat="34.981516" lon="99.303854"><ele>3943</ele></trkpt>
      <trkpt lat="34.981128" lon="99.304057"><ele>3945</ele></trkpt>
      <trkpt lat="34.981043" lon="99.304113"><ele>3946</ele></trkpt>
      <trkpt lat="34.980878" lon="99.304248"><ele>3946</ele></trkpt>
      <trkpt lat="34.980694" lon="99.304518"><ele>3946</ele></trkpt>
      <trkpt lat="34.98064" lon="99.304615"><ele>3946</ele></trkpt>
      <trkpt lat="34.98061" lon="99.304727"><ele>3946</ele></trkpt>
      <trkpt lat="34.980534" lon="99.304758"><ele>3946</ele></trkpt>
      <trkpt lat="34.980444" lon="99.304773"><ele>3946</ele></trkpt>
      <trkpt lat="34.980361" lon="99.304827"><ele>3946</ele></trkpt>
      <trkpt lat="34.980296" lon="99.30491"><ele>3946</ele></trkpt>
      <trkpt lat="34.980238" lon="99.305"><ele>3946</ele></trkpt>
      <trkpt lat="34.980168" lon="99.305217"><ele>3946</ele></trkpt>
      <trkpt lat="34.980115" lon="99.305318"><ele>3946</ele></trkpt>
      <trkpt lat="34.980059" lon="99.30547"><ele>3947</ele></trkpt>
      <trkpt lat="34.980292" lon="99.305632"><ele>3947</ele></trkpt>
      <trkpt lat="34.980375" lon="99.305703"><ele>3946</ele></trkpt>
      <trkpt lat="34.980512" lon="99.305883"><ele>3946</ele></trkpt>
      <trkpt lat="34.980573" lon="99.305979"><ele>3946</ele></trkpt>
      <trkpt lat="34.98057" lon="99.305916"><ele>3946</ele></trkpt>
      <trkpt lat="34.980526" lon="99.305798"><ele>3947</ele></trkpt>
      <trkpt lat="34.980508" lon="99.305669"><ele>3947</ele></trkpt>
      <trkpt lat="34.980503" lon="99.30572"><ele>3947</ele></trkpt>
      <trkpt lat="34.980542" lon="99.305835"><ele>3947</ele></trkpt>
      <trkpt lat="34.980589" lon="99.305852"><ele>3947</ele></trkpt>
      <trkpt lat="34.980652" lon="99.305774"><ele>3948</ele></trkpt>
      <trkpt lat="34.980741" lon="99.305697"><ele>3949</ele></trkpt>
      <trkpt lat="34.980587" lon="99.305882"><ele>3949</ele></trkpt>
      <trkpt lat="34.980587" lon="99.30584"><ele>3946</ele></trkpt>
      <trkpt lat="34.980497" lon="99.305802"><ele>3943</ele></trkpt>
      <trkpt lat="34.980513" lon="99.30566"><ele>3945</ele></trkpt>
      <trkpt lat="34.980598" lon="99.305497"><ele>3946</ele></trkpt>
      <trkpt lat="34.980823" lon="99.305111"><ele>3946</ele></trkpt>
      <trkpt lat="34.980905" lon="99.30503"><ele>3946</ele></trkpt>
      <trkpt lat="34.980978" lon="99.305088"><ele>3946</ele></trkpt>
      <trkpt lat="34.980995" lon="99.305252"><ele>3946</ele></trkpt>
      <trkpt lat="34.981004" lon="99.305702"><ele>3947</ele></trkpt>
      <trkpt lat="34.981038" lon="99.30582"><ele>3947</ele></trkpt>
      <trkpt lat="34.981134" lon="99.305934"><ele>3947</ele></trkpt>
      <trkpt lat="34.981174" lon="99.305962"><ele>3948</ele></trkpt>
      <trkpt lat="34.981229" lon="99.306022"><ele>3948</ele></trkpt>
      <trkpt lat="34.981278" lon="99.305943"><ele>3948</ele></trkpt>
      <trkpt lat="34.980935" lon="99.305573"><ele>3944</ele></trkpt>
      <trkpt lat="34.98091" lon="99.305346"><ele>3943</ele></trkpt>
      <trkpt lat="34.980906" lon="99.305225"><ele>3944</ele></trkpt>
      <trkpt lat="34.980917" lon="99.305097"><ele>3946</ele></trkpt>
      <trkpt lat="34.980848" lon="99.305052"><ele>3947</ele></trkpt>
      <trkpt lat="34.980771" lon="99.305134"><ele>3947</ele></trkpt>
      <trkpt lat="34.980708" lon="99.305246"><ele>3945</ele></trkpt>
      <trkpt lat="34.980669" lon="99.305367"><ele>3943</ele></trkpt>
      <trkpt lat="34.980486" lon="99.305673"><ele>3940</ele></trkpt>
      <trkpt lat="34.980468" lon="99.305783"><ele>3940</ele></trkpt>
      <trkpt lat="34.980497" lon="99.3059"><ele>3940</ele></trkpt>
      <trkpt lat="34.980537" lon="99.306015"><ele>3940</ele></trkpt>
      <trkpt lat="34.980522" lon="99.306139"><ele>3940</ele></trkpt>
      <trkpt lat="34.980477" lon="99.306263"><ele>3941</ele></trkpt>
      <trkpt lat="34.98021" lon="99.306658"><ele>3944</ele></trkpt>
      <trkpt lat="34.980099" lon="99.306973"><ele>3946</ele></trkpt>
      <trkpt lat="34.980052" lon="99.307077"><ele>3947</ele></trkpt>
      <trkpt lat="34.979977" lon="99.307184"><ele>3947</ele></trkpt>
      <trkpt lat="34.979841" lon="99.307371"><ele>3947</ele></trkpt>
      <trkpt lat="34.979692" lon="99.307543"><ele>3947</ele></trkpt>
      <trkpt lat="34.979379" lon="99.307834"><ele>3947</ele></trkpt>
      <trkpt lat="34.979068" lon="99.308156"><ele>3946</ele></trkpt>
      <trkpt lat="34.978816" lon="99.308348"><ele>3947</ele></trkpt>
      <trkpt lat="34.978731" lon="99.308396"><ele>3947</ele></trkpt>
      <trkpt lat="34.978531" lon="99.308427"><ele>3947</ele></trkpt>
      <trkpt lat="34.978444" lon="99.308473"><ele>3947</ele></trkpt>
      <trkpt lat="34.978357" lon="99.308537"><ele>3947</ele></trkpt>
      <trkpt lat="34.978279" lon="99.308616"><ele>3947</ele></trkpt>
      <trkpt lat="34.977799" lon="99.309231"><ele>3948</ele></trkpt>
      <trkpt lat="34.977538" lon="99.30959"><ele>3949</ele></trkpt>
      <trkpt lat="34.977348" lon="99.30987"><ele>3950</ele></trkpt>
      <trkpt lat="34.97728" lon="99.309953"><ele>3950</ele></trkpt>
      <trkpt lat="34.977152" lon="99.310149"><ele>3951</ele></trkpt>
      <trkpt lat="34.976933" lon="99.310542"><ele>3951</ele></trkpt>
      <trkpt lat="34.976867" lon="99.310629"><ele>3951</ele></trkpt>
      <trkpt lat="34.976794" lon="99.310705"><ele>3951</ele></trkpt>
      <trkpt lat="34.976748" lon="99.31073"><ele>3952</ele></trkpt>
      <trkpt lat="34.97661" lon="99.310865"><ele>3953</ele></trkpt>
      <trkpt lat="34.976415" lon="99.311156"><ele>3953</ele></trkpt>
      <trkpt lat="34.976289" lon="99.311322"><ele>3953</ele></trkpt>
      <trkpt lat="34.97613" lon="99.311616"><ele>3952</ele></trkpt>
      <trkpt lat="34.976064" lon="99.311713"><ele>3952</ele></trkpt>
      <trkpt lat="34.97592" lon="99.311881"><ele>3953</ele></trkpt>
      <trkpt lat="34.97579" lon="99.31206"><ele>3954</ele></trkpt>
      <trkpt lat="34.975397" lon="99.312626"><ele>3956</ele></trkpt>
      <trkpt lat="34.975285" lon="99.312817"><ele>3956</ele></trkpt>
      <trkpt lat="34.975157" lon="99.31327"><ele>3957</ele></trkpt>
      <trkpt lat="34.975082" lon="99.313613"><ele>3958</ele></trkpt>
      <trkpt lat="34.975038" lon="99.313711"><ele>3959</ele></trkpt>
      <trkpt lat="34.974905" lon="99.313903"><ele>3962</ele></trkpt>
      <trkpt lat="34.974938" lon="99.313989"><ele>3963</ele></trkpt>
      <trkpt lat="34.975093" lon="99.314143"><ele>3964</ele></trkpt>
      <trkpt lat="34.975125" lon="99.314259"><ele>3964</ele></trkpt>
      <trkpt lat="34.975125" lon="99.31438"><ele>3963</ele></trkpt>
      <trkpt lat="34.975138" lon="99.314508"><ele>3964</ele></trkpt>
      <trkpt lat="34.975186" lon="99.314747"><ele>3964</ele></trkpt>
      <trkpt lat="34.975141" lon="99.31484"><ele>3964</ele></trkpt>
      <trkpt lat="34.975051" lon="99.314859"><ele>3965</ele></trkpt>
      <trkpt lat="34.974943" lon="99.314832"><ele>3965</ele></trkpt>
      <trkpt lat="34.974833" lon="99.314832"><ele>3965</ele></trkpt>
      <trkpt lat="34.974745" lon="99.314886"><ele>3966</ele></trkpt>
      <trkpt lat="34.974611" lon="99.315056"><ele>3966</ele></trkpt>
      <trkpt lat="34.974534" lon="99.315137"><ele>3965</ele></trkpt>
      <trkpt lat="34.974201" lon="99.315382"><ele>3966</ele></trkpt>
      <trkpt lat="34.974112" lon="99.315457"><ele>3966</ele></trkpt>
      <trkpt lat="34.973962" lon="99.315622"><ele>3965</ele></trkpt>
      <trkpt lat="34.973882" lon="99.315685"><ele>3965</ele></trkpt>
      <trkpt lat="34.973861" lon="99.315693"><ele>3965</ele></trkpt>
      <trkpt lat="34.971725" lon="99.317243"><ele>3964</ele></trkpt>
      <trkpt lat="34.971705" lon="99.317297"><ele>3964</ele></trkpt>
      <trkpt lat="34.971631" lon="99.317377"><ele>3964</ele></trkpt>
      <trkpt lat="34.970782" lon="99.318246"><ele>3967</ele></trkpt>
      <trkpt lat="34.970239" lon="99.318769"><ele>3972</ele></trkpt>
      <trkpt lat="34.970161" lon="99.318833"><ele>3972</ele></trkpt>
      <trkpt lat="34.969537" lon="99.319417"><ele>3973</ele></trkpt>
      <trkpt lat="34.969297" lon="99.319624"><ele>3973</ele></trkpt>
      <trkpt lat="34.968898" lon="99.320001"><ele>3974</ele></trkpt>
      <trkpt lat="34.968331" lon="99.320694"><ele>3978</ele></trkpt>
      <trkpt lat="34.9681" lon="99.321057"><ele>3978</ele></trkpt>
      <trkpt lat="34.96795" lon="99.321207"><ele>3977</ele></trkpt>
      <trkpt lat="34.967782" lon="99.321332"><ele>3978</ele></trkpt>
      <trkpt lat="34.96769" lon="99.321381"><ele>3978</ele></trkpt>
      <trkpt lat="34.967403" lon="99.321499"><ele>3979</ele></trkpt>
      <trkpt lat="34.967156" lon="99.321657"><ele>3979</ele></trkpt>
      <trkpt lat="34.967076" lon="99.321723"><ele>3980</ele></trkpt>
      <trkpt lat="34.967002" lon="99.321799"><ele>3980</ele></trkpt>
      <trkpt lat="34.966945" lon="99.321892"><ele>3980</ele></trkpt>
      <trkpt lat="34.966848" lon="99.322099"><ele>3981</ele></trkpt>
      <trkpt lat="34.966763" lon="99.322179"><ele>3980</ele></trkpt>
      <trkpt lat="34.966671" lon="99.32217"><ele>3980</ele></trkpt>
      <trkpt lat="34.96657" lon="99.322121"><ele>3980</ele></trkpt>
      <trkpt lat="34.966471" lon="99.322094"><ele>3980</ele></trkpt>
      <trkpt lat="34.966377" lon="99.322112"><ele>3980</ele></trkpt>
      <trkpt lat="34.966293" lon="99.322172"><ele>3980</ele></trkpt>
      <trkpt lat="34.966138" lon="99.322353"><ele>3980</ele></trkpt>
      <trkpt lat="34.966016" lon="99.322552"><ele>3980</ele></trkpt>
      <trkpt lat="34.965952" lon="99.322639"><ele>3980</ele></trkpt>
      <trkpt lat="34.965685" lon="99.322956"><ele>3980</ele></trkpt>
      <trkpt lat="34.96472" lon="99.324077"><ele>3980</ele></trkpt>
      <trkpt lat="34.964013" lon="99.32487"><ele>3983</ele></trkpt>
      <trkpt lat="34.963943" lon="99.324967"><ele>3984</ele></trkpt>
      <trkpt lat="34.963717" lon="99.325199"><ele>3986</ele></trkpt>
      <trkpt lat="34.963645" lon="99.325292"><ele>3986</ele></trkpt>
      <trkpt lat="34.963587" lon="99.325384"><ele>3986</ele></trkpt>
      <trkpt lat="34.963549" lon="99.325486"><ele>3987</ele></trkpt>
      <trkpt lat="34.963388" lon="99.325598"><ele>3987</ele></trkpt>
      <trkpt lat="34.96331" lon="99.325665"><ele>3987</ele></trkpt>
      <trkpt lat="34.963161" lon="99.325826"><ele>3986</ele></trkpt>
      <trkpt lat="34.962958" lon="99.326075"><ele>3984</ele></trkpt>
      <trkpt lat="34.962741" lon="99.326303"><ele>3984</ele></trkpt>
      <trkpt lat="34.961948" lon="99.327055"><ele>3987</ele></trkpt>
      <trkpt lat="34.961702" lon="99.327302"><ele>3990</ele></trkpt>
      <trkpt lat="34.961502" lon="99.327522"><ele>3994</ele></trkpt>
      <trkpt lat="34.961408" lon="99.327728"><ele>3995</ele></trkpt>
      <trkpt lat="34.961364" lon="99.327846"><ele>3996</ele></trkpt>
      <trkpt lat="34.961195" lon="99.328431"><ele>4000</ele></trkpt>
      <trkpt lat="34.961074" lon="99.328745"><ele>4002</ele></trkpt>
      <trkpt lat="34.960843" lon="99.329421"><ele>4005</ele></trkpt>
      <trkpt lat="34.960743" lon="99.32975"><ele>4004</ele></trkpt>
      <trkpt lat="34.960612" lon="99.330066"><ele>4004</ele></trkpt>
      <trkpt lat="34.96019" lon="99.330743"><ele>4006</ele></trkpt>
      <trkpt lat="34.960025" lon="99.330985"><ele>4009</ele></trkpt>
      <trkpt lat="34.959888" lon="99.331155"><ele>4011</ele></trkpt>
      <trkpt lat="34.959718" lon="99.331458"><ele>4015</ele></trkpt>
      <trkpt lat="34.959533" lon="99.331892"><ele>4020</ele></trkpt>
      <trkpt lat="34.959292" lon="99.332315"><ele>4024</ele></trkpt>
      <trkpt lat="34.959022" lon="99.332825"><ele>4029</ele></trkpt>
      <trkpt lat="34.958961" lon="99.332926"><ele>4029</ele></trkpt>
      <trkpt lat="34.958815" lon="99.333104"><ele>4031</ele></trkpt>
      <trkpt lat="34.958748" lon="99.333205"><ele>4031</ele></trkpt>
      <trkpt lat="34.958231" lon="99.333837"><ele>4032</ele></trkpt>
      <trkpt lat="34.958163" lon="99.333933"><ele>4032</ele></trkpt>
      <trkpt lat="34.957922" lon="99.334323"><ele>4035</ele></trkpt>
      <trkpt lat="34.957787" lon="99.33449"><ele>4037</ele></trkpt>
      <trkpt lat="34.957546" lon="99.334849"><ele>4040</ele></trkpt>
      <trkpt lat="34.957321" lon="99.335072"><ele>4043</ele></trkpt>
      <trkpt lat="34.957262" lon="99.335162"><ele>4044</ele></trkpt>
      <trkpt lat="34.95725" lon="99.33528"><ele>4045</ele></trkpt>
      <trkpt lat="34.957212" lon="99.335465"><ele>4047</ele></trkpt>
      <trkpt lat="34.957155" lon="99.335547"><ele>4047</ele></trkpt>
      <trkpt lat="34.957084" lon="99.335629"><ele>4048</ele></trkpt>
      <trkpt lat="34.956648" lon="99.335989"><ele>4050</ele></trkpt>
      <trkpt lat="34.956502" lon="99.336146"><ele>4052</ele></trkpt>
      <trkpt lat="34.956435" lon="99.336231"><ele>4054</ele></trkpt>
      <trkpt lat="34.956371" lon="99.336328"><ele>4055</ele></trkpt>
      <trkpt lat="34.956317" lon="99.336435"><ele>4056</ele></trkpt>
      <trkpt lat="34.956177" lon="99.336766"><ele>4059</ele></trkpt>
      <trkpt lat="34.955988" lon="99.337153"><ele>4063</ele></trkpt>
      <trkpt lat="34.955582" lon="99.337893"><ele>4073</ele></trkpt>
      <trkpt lat="34.955465" lon="99.338091"><ele>4075</ele></trkpt>
      <trkpt lat="34.9553" lon="99.338326"><ele>4079</ele></trkpt>
      <trkpt lat="34.955031" lon="99.338677"><ele>4084</ele></trkpt>
      <trkpt lat="34.954767" lon="99.339083"><ele>4088</ele></trkpt>
      <trkpt lat="34.954447" lon="99.339716"><ele>4096</ele></trkpt>
      <trkpt lat="34.954359" lon="99.339924"><ele>4097</ele></trkpt>
      <trkpt lat="34.954192" lon="99.340373"><ele>4099</ele></trkpt>
      <trkpt lat="34.954114" lon="99.34061"><ele>4101</ele></trkpt>
      <trkpt lat="34.953989" lon="99.341092"><ele>4103</ele></trkpt>
      <trkpt lat="34.953912" lon="99.341308"><ele>4105</ele></trkpt>
      <trkpt lat="34.953758" lon="99.341623"><ele>4106</ele></trkpt>
      <trkpt lat="34.953628" lon="99.341815"><ele>4107</ele></trkpt>
      <trkpt lat="34.953498" lon="99.342051"><ele>4108</ele></trkpt>
      <trkpt lat="34.953305" lon="99.342457"><ele>4110</ele></trkpt>
      <trkpt lat="34.953241" lon="99.342551"><ele>4110</ele></trkpt>
      <trkpt lat="34.953128" lon="99.342752"><ele>4111</ele></trkpt>
      <trkpt lat="34.953017" lon="99.34296"><ele>4112</ele></trkpt>
      <trkpt lat="34.952975" lon="99.343064"><ele>4112</ele></trkpt>
      <trkpt lat="34.952862" lon="99.343266"><ele>4114</ele></trkpt>
      <trkpt lat="34.952682" lon="99.34356"><ele>4117</ele></trkpt>
      <trkpt lat="34.952562" lon="99.343738"><ele>4119</ele></trkpt>
      <trkpt lat="34.952489" lon="99.343818"><ele>4120</ele></trkpt>
      <trkpt lat="34.952232" lon="99.344021"><ele>4122</ele></trkpt>
      <trkpt lat="34.952072" lon="99.344178"><ele>4123</ele></trkpt>
      <trkpt lat="34.951791" lon="99.344566"><ele>4125</ele></trkpt>
      <trkpt lat="34.951565" lon="99.344948"><ele>4128</ele></trkpt>
      <trkpt lat="34.951448" lon="99.345165"><ele>4128</ele></trkpt>
      <trkpt lat="34.951211" lon="99.3457"><ele>4129</ele></trkpt>
      <trkpt lat="34.951155" lon="99.345804"><ele>4129</ele></trkpt>
      <trkpt lat="34.951042" lon="99.345996"><ele>4129</ele></trkpt>
      <trkpt lat="34.950865" lon="99.346255"><ele>4129</ele></trkpt>
      <trkpt lat="34.950656" lon="99.346636"><ele>4130</ele></trkpt>
      <trkpt lat="34.950372" lon="99.347259"><ele>4129</ele></trkpt>
      <trkpt lat="34.950139" lon="99.347908"><ele>4130</ele></trkpt>
      <trkpt lat="34.949995" lon="99.34835"><ele>4130</ele></trkpt>
      <trkpt lat="34.949751" lon="99.348988"><ele>4126</ele></trkpt>
      <trkpt lat="34.94926" lon="99.350045"><ele>4123</ele></trkpt>
      <trkpt lat="34.949076" lon="99.350477"><ele>4121</ele></trkpt>
      <trkpt lat="34.948818" lon="99.351012"><ele>4117</ele></trkpt>
      <trkpt lat="34.948588" lon="99.351542"><ele>4115</ele></trkpt>
      <trkpt lat="34.948494" lon="99.351739"><ele>4114</ele></trkpt>
      <trkpt lat="34.948371" lon="99.351956"><ele>4113</ele></trkpt>
      <trkpt lat="34.948306" lon="99.352054"><ele>4112</ele></trkpt>
      <trkpt lat="34.948023" lon="99.35238"><ele>4111</ele></trkpt>
      <trkpt lat="34.94787" lon="99.35253"><ele>4109</ele></trkpt>
      <trkpt lat="34.947726" lon="99.35271"><ele>4109</ele></trkpt>
      <trkpt lat="34.947469" lon="99.353074"><ele>4107</ele></trkpt>
      <trkpt lat="34.947358" lon="99.353262"><ele>4107</ele></trkpt>
      <trkpt lat="34.947155" lon="99.353533"><ele>4107</ele></trkpt>
      <trkpt lat="34.946649" lon="99.354266"><ele>4104</ele></trkpt>
      <trkpt lat="34.946358" lon="99.354729"><ele>4104</ele></trkpt>
      <trkpt lat="34.946086" lon="99.355211"><ele>4103</ele></trkpt>
      <trkpt lat="34.945986" lon="99.355397"><ele>4103</ele></trkpt>
      <trkpt lat="34.945939" lon="99.355508"><ele>4102</ele></trkpt>
      <trkpt lat="34.945825" lon="99.355713"><ele>4100</ele></trkpt>
      <trkpt lat="34.945597" lon="99.3561"><ele>4098</ele></trkpt>
      <trkpt lat="34.945534" lon="99.356188"><ele>4097</ele></trkpt>
      <trkpt lat="34.945307" lon="99.356577"><ele>4095</ele></trkpt>
      <trkpt lat="34.944983" lon="99.357199"><ele>4092</ele></trkpt>
      <trkpt lat="34.944897" lon="99.357422"><ele>4090</ele></trkpt>
      <trkpt lat="34.944808" lon="99.357622"><ele>4089</ele></trkpt>
      <trkpt lat="34.94462" lon="99.357901"><ele>4088</ele></trkpt>
      <trkpt lat="34.944546" lon="99.357986"><ele>4088</ele></trkpt>
      <trkpt lat="34.944308" lon="99.358195"><ele>4088</ele></trkpt>
      <trkpt lat="34.944232" lon="99.358287"><ele>4088</ele></trkpt>
      <trkpt lat="34.943973" lon="99.358663"><ele>4088</ele></trkpt>
      <trkpt lat="34.943864" lon="99.358864"><ele>4090</ele></trkpt>
      <trkpt lat="34.943775" lon="99.359067"><ele>4091</ele></trkpt>
      <trkpt lat="34.943741" lon="99.359171"><ele>4092</ele></trkpt>
      <trkpt lat="34.943576" lon="99.359871"><ele>4095</ele></trkpt>
      <trkpt lat="34.943532" lon="99.359988"><ele>4095</ele></trkpt>
      <trkpt lat="34.943409" lon="99.360201"><ele>4092</ele></trkpt>
      <trkpt lat="34.943362" lon="99.360306"><ele>4090</ele></trkpt>
      <trkpt lat="34.943277" lon="99.360352"><ele>4088</ele></trkpt>
      <trkpt lat="34.943203" lon="99.360423"><ele>4086</ele></trkpt>
      <trkpt lat="34.943111" lon="99.360776"><ele>4086</ele></trkpt>
      <trkpt lat="34.943091" lon="99.360902"><ele>4086</ele></trkpt>
      <trkpt lat="34.94301" lon="99.361261"><ele>4085</ele></trkpt>
      <trkpt lat="34.942966" lon="99.361502"><ele>4084</ele></trkpt>
      <trkpt lat="34.942706" lon="99.362405"><ele>4087</ele></trkpt>
      <trkpt lat="34.942656" lon="99.362512"><ele>4086</ele></trkpt>
      <trkpt lat="34.942477" lon="99.362822"><ele>4086</ele></trkpt>
      <trkpt lat="34.942368" lon="99.363029"><ele>4085</ele></trkpt>
      <trkpt lat="34.942026" lon="99.363598"><ele>4086</ele></trkpt>
      <trkpt lat="34.941479" lon="99.364705"><ele>4087</ele></trkpt>
      <trkpt lat="34.941438" lon="99.364811"><ele>4087</ele></trkpt>
      <trkpt lat="34.941412" lon="99.36492"><ele>4087</ele></trkpt>
      <trkpt lat="34.941375" lon="99.365028"><ele>4088</ele></trkpt>
      <trkpt lat="34.941317" lon="99.365136"><ele>4088</ele></trkpt>
      <trkpt lat="34.941279" lon="99.365256"><ele>4088</ele></trkpt>
      <trkpt lat="34.941211" lon="99.365632"><ele>4088</ele></trkpt>
      <trkpt lat="34.941181" lon="99.365759"><ele>4087</ele></trkpt>
      <trkpt lat="34.941176" lon="99.365874"><ele>4087</ele></trkpt>
      <trkpt lat="34.941142" lon="99.366093"><ele>4088</ele></trkpt>
      <trkpt lat="34.941033" lon="99.366529"><ele>4088</ele></trkpt>
      <trkpt lat="34.941008" lon="99.366657"><ele>4088</ele></trkpt>
      <trkpt lat="34.940979" lon="99.3669"><ele>4089</ele></trkpt>
      <trkpt lat="34.940945" lon="99.367008"><ele>4089</ele></trkpt>
      <trkpt lat="34.940863" lon="99.367222"><ele>4090</ele></trkpt>
      <trkpt lat="34.9408" lon="99.367321"><ele>4090</ele></trkpt>
      <trkpt lat="34.940652" lon="99.367666"><ele>4089</ele></trkpt>
      <trkpt lat="34.94054" lon="99.36788"><ele>4088</ele></trkpt>
      <trkpt lat="34.940337" lon="99.368317"><ele>4089</ele></trkpt>
      <trkpt lat="34.94016" lon="99.368647"><ele>4089</ele></trkpt>
      <trkpt lat="34.940049" lon="99.368843"><ele>4090</ele></trkpt>
      <trkpt lat="34.939598" lon="99.36955"><ele>4093</ele></trkpt>
      <trkpt lat="34.939506" lon="99.369724"><ele>4093</ele></trkpt>
      <trkpt lat="34.938994" lon="99.370516"><ele>4094</ele></trkpt>
      <trkpt lat="34.938821" lon="99.370807"><ele>4095</ele></trkpt>
      <trkpt lat="34.938755" lon="99.370906"><ele>4094</ele></trkpt>
      <trkpt lat="34.938545" lon="99.371179"><ele>4095</ele></trkpt>
      <trkpt lat="34.938465" lon="99.371401"><ele>4097</ele></trkpt>
      <trkpt lat="34.938158" lon="99.371885"><ele>4100</ele></trkpt>
      <trkpt lat="34.937489" lon="99.372793"><ele>4101</ele></trkpt>
      <trkpt lat="34.937059" lon="99.373403"><ele>4101</ele></trkpt>
      <trkpt lat="34.93652" lon="99.374132"><ele>4106</ele></trkpt>
      <trkpt lat="34.936452" lon="99.374231"><ele>4106</ele></trkpt>
      <trkpt lat="34.936421" lon="99.374355"><ele>4106</ele></trkpt>
      <trkpt lat="34.936279" lon="99.374498"><ele>4107</ele></trkpt>
      <trkpt lat="34.936091" lon="99.374753"><ele>4107</ele></trkpt>
      <trkpt lat="34.935893" lon="99.37499"><ele>4108</ele></trkpt>
      <trkpt lat="34.935833" lon="99.375076"><ele>4109</ele></trkpt>
      <trkpt lat="34.93578" lon="99.375172"><ele>4109</ele></trkpt>
      <trkpt lat="34.935667" lon="99.375476"><ele>4109</ele></trkpt>
      <trkpt lat="34.935618" lon="99.375568"><ele>4108</ele></trkpt>
      <trkpt lat="34.935476" lon="99.375734"><ele>4107</ele></trkpt>
      <trkpt lat="34.935398" lon="99.375801"><ele>4107</ele></trkpt>
      <trkpt lat="34.935221" lon="99.375927"><ele>4107</ele></trkpt>
      <trkpt lat="34.934941" lon="99.376078"><ele>4109</ele></trkpt>
      <trkpt lat="34.934855" lon="99.376139"><ele>4110</ele></trkpt>
      <trkpt lat="34.934773" lon="99.376216"><ele>4111</ele></trkpt>
      <trkpt lat="34.934697" lon="99.376303"><ele>4111</ele></trkpt>
      <trkpt lat="34.934575" lon="99.376503"><ele>4113</ele></trkpt>
      <trkpt lat="34.93444" lon="99.376689"><ele>4114</ele></trkpt>
      <trkpt lat="34.934234" lon="99.37694"><ele>4116</ele></trkpt>
      <trkpt lat="34.934111" lon="99.377141"><ele>4117</ele></trkpt>
      <trkpt lat="34.934055" lon="99.377255"><ele>4118</ele></trkpt>
      <trkpt lat="34.933954" lon="99.377478"><ele>4120</ele></trkpt>
      <trkpt lat="34.933685" lon="99.378148"><ele>4122</ele></trkpt>
      <trkpt lat="34.933498" lon="99.378549"><ele>4123</ele></trkpt>
      <trkpt lat="34.933278" lon="99.378961"><ele>4125</ele></trkpt>
      <trkpt lat="34.933028" lon="99.379364"><ele>4127</ele></trkpt>
      <trkpt lat="34.93293" lon="99.37957"><ele>4128</ele></trkpt>
      <trkpt lat="34.932751" lon="99.379846"><ele>4130</ele></trkpt>
      <trkpt lat="34.932635" lon="99.380052"><ele>4130</ele></trkpt>
      <trkpt lat="34.932564" lon="99.380142"><ele>4130</ele></trkpt>
      <trkpt lat="34.932332" lon="99.380384"><ele>4131</ele></trkpt>
      <trkpt lat="34.932273" lon="99.380489"><ele>4131</ele></trkpt>
      <trkpt lat="34.93223" lon="99.380608"><ele>4131</ele></trkpt>
      <trkpt lat="34.932182" lon="99.380707"><ele>4131</ele></trkpt>
      <trkpt lat="34.931995" lon="99.381007"><ele>4130</ele></trkpt>
      <trkpt lat="34.931794" lon="99.381234"><ele>4130</ele></trkpt>
      <trkpt lat="34.931692" lon="99.381439"><ele>4130</ele></trkpt>
      <trkpt lat="34.931567" lon="99.381646"><ele>4130</ele></trkpt>
      <trkpt lat="34.931438" lon="99.381819"><ele>4132</ele></trkpt>
      <trkpt lat="34.931147" lon="99.382126"><ele>4138</ele></trkpt>
      <trkpt lat="34.930867" lon="99.382455"><ele>4142</ele></trkpt>
      <trkpt lat="34.930799" lon="99.382552"><ele>4143</ele></trkpt>
      <trkpt lat="34.930635" lon="99.382832"><ele>4146</ele></trkpt>
      <trkpt lat="34.930383" lon="99.383187"><ele>4150</ele></trkpt>
      <trkpt lat="34.930181" lon="99.383445"><ele>4153</ele></trkpt>
      <trkpt lat="34.92997" lon="99.383806"><ele>4157</ele></trkpt>
      <trkpt lat="34.929864" lon="99.384008"><ele>4159</ele></trkpt>
      <trkpt lat="34.929634" lon="99.384388"><ele>4160</ele></trkpt>
      <trkpt lat="34.929513" lon="99.384569"><ele>4161</ele></trkpt>
      <trkpt lat="34.929316" lon="99.384974"><ele>4160</ele></trkpt>
      <trkpt lat="34.929143" lon="99.385271"><ele>4158</ele></trkpt>
      <trkpt lat="34.928949" lon="99.385667"><ele>4160</ele></trkpt>
      <trkpt lat="34.928913" lon="99.385712"><ele>4160</ele></trkpt>
      <trkpt lat="34.928876" lon="99.385794"><ele>4161</ele></trkpt>
      <trkpt lat="34.92872" lon="99.386232"><ele>4163</ele></trkpt>
      <trkpt lat="34.928654" lon="99.386481"><ele>4164</ele></trkpt>
      <trkpt lat="34.928611" lon="99.386529"><ele>4164</ele></trkpt>
      <trkpt lat="34.928615" lon="99.386627"><ele>4165</ele></trkpt>
      <trkpt lat="34.928587" lon="99.386733"><ele>4165</ele></trkpt>
      <trkpt lat="34.928556" lon="99.386958"><ele>4166</ele></trkpt>
      <trkpt lat="34.928497" lon="99.38718"><ele>4167</ele></trkpt>
      <trkpt lat="34.928365" lon="99.387788"><ele>4166</ele></trkpt>
      <trkpt lat="34.92831" lon="99.388006"><ele>4166</ele></trkpt>
      <trkpt lat="34.928266" lon="99.388348"><ele>4167</ele></trkpt>
      <trkpt lat="34.928246" lon="99.388809"><ele>4168</ele></trkpt>
      <trkpt lat="34.928168" lon="99.389184"><ele>4170</ele></trkpt>
      <trkpt lat="34.928139" lon="99.389413"><ele>4171</ele></trkpt>
      <trkpt lat="34.928075" lon="99.389621"><ele>4171</ele></trkpt>
      <trkpt lat="34.928029" lon="99.389738"><ele>4171</ele></trkpt>
      <trkpt lat="34.927996" lon="99.38977"><ele>4171</ele></trkpt>
      <trkpt lat="34.927935" lon="99.389912"><ele>4171</ele></trkpt>
      <trkpt lat="34.927956" lon="99.390018"><ele>4171</ele></trkpt>
      <trkpt lat="34.927955" lon="99.390137"><ele>4172</ele></trkpt>
      <trkpt lat="34.927908" lon="99.39052"><ele>4173</ele></trkpt>
      <trkpt lat="34.927892" lon="99.39091"><ele>4173</ele></trkpt>
      <trkpt lat="34.927866" lon="99.391027"><ele>4173</ele></trkpt>
      <trkpt lat="34.927833" lon="99.391527"><ele>4175</ele></trkpt>
      <trkpt lat="34.927757" lon="99.392245"><ele>4173</ele></trkpt>
      <trkpt lat="34.927706" lon="99.392502"><ele>4174</ele></trkpt>
      <trkpt lat="34.927693" lon="99.392805"><ele>4172</ele></trkpt>
      <trkpt lat="34.927644" lon="99.393065"><ele>4172</ele></trkpt>
      <trkpt lat="34.927603" lon="99.393188"><ele>4171</ele></trkpt>
      <trkpt lat="34.92755" lon="99.393304"><ele>4171</ele></trkpt>
      <trkpt lat="34.927377" lon="99.393638"><ele>4171</ele></trkpt>
      <trkpt lat="34.9272" lon="99.394092"><ele>4172</ele></trkpt>
      <trkpt lat="34.927142" lon="99.394202"><ele>4173</ele></trkpt>
      <trkpt lat="34.927112" lon="99.394238"><ele>4173</ele></trkpt>
      <trkpt lat="34.927075" lon="99.394319"><ele>4173</ele></trkpt>
      <trkpt lat="34.927015" lon="99.394538"><ele>4173</ele></trkpt>
      <trkpt lat="34.926976" lon="99.394768"><ele>4174</ele></trkpt>
      <trkpt lat="34.926938" lon="99.394887"><ele>4174</ele></trkpt>
      <trkpt lat="34.926802" lon="99.395209"><ele>4177</ele></trkpt>
      <trkpt lat="34.926735" lon="99.395304"><ele>4177</ele></trkpt>
      <trkpt lat="34.926685" lon="99.395409"><ele>4177</ele></trkpt>
      <trkpt lat="34.926643" lon="99.395523"><ele>4179</ele></trkpt>
      <trkpt lat="34.926605" lon="99.395761"><ele>4180</ele></trkpt>
      <trkpt lat="34.926545" lon="99.395991"><ele>4181</ele></trkpt>
      <trkpt lat="34.926492" lon="99.396092"><ele>4182</ele></trkpt>
      <trkpt lat="34.926387" lon="99.396415"><ele>4182</ele></trkpt>
      <trkpt lat="34.926252" lon="99.39673"><ele>4182</ele></trkpt>
      <trkpt lat="34.926177" lon="99.396966"><ele>4183</ele></trkpt>
      <trkpt lat="34.926152" lon="99.397092"><ele>4183</ele></trkpt>
      <trkpt lat="34.926115" lon="99.397216"><ele>4184</ele></trkpt>
      <trkpt lat="34.925987" lon="99.397558"><ele>4185</ele></trkpt>
      <trkpt lat="34.925937" lon="99.397671"><ele>4186</ele></trkpt>
      <trkpt lat="34.925643" lon="99.39821"><ele>4187</ele></trkpt>
      <trkpt lat="34.925348" lon="99.398852"><ele>4189</ele></trkpt>
      <trkpt lat="34.925307" lon="99.39896"><ele>4189</ele></trkpt>
      <trkpt lat="34.925272" lon="99.39907"><ele>4190</ele></trkpt>
      <trkpt lat="34.925187" lon="99.39941"><ele>4191</ele></trkpt>
      <trkpt lat="34.92513" lon="99.399753"><ele>4192</ele></trkpt>
      <trkpt lat="34.925061" lon="99.399997"><ele>4193</ele></trkpt>
      <trkpt lat="34.924959" lon="99.400218"><ele>4194</ele></trkpt>
      <trkpt lat="34.924545" lon="99.400915"><ele>4195</ele></trkpt>
      <trkpt lat="34.924397" lon="99.401246"><ele>4196</ele></trkpt>
      <trkpt lat="34.924141" lon="99.401913"><ele>4200</ele></trkpt>
      <trkpt lat="34.923934" lon="99.402708"><ele>4206</ele></trkpt>
      <trkpt lat="34.923861" lon="99.403175"><ele>4210</ele></trkpt>
      <trkpt lat="34.923811" lon="99.403645"><ele>4212</ele></trkpt>
      <trkpt lat="34.923754" lon="99.403868"><ele>4213</ele></trkpt>
      <trkpt lat="34.923665" lon="99.404105"><ele>4215</ele></trkpt>
      <trkpt lat="34.923634" lon="99.404216"><ele>4216</ele></trkpt>
      <trkpt lat="34.92362" lon="99.404326"><ele>4216</ele></trkpt>
      <trkpt lat="34.92366" lon="99.404688"><ele>4218</ele></trkpt>
      <trkpt lat="34.923669" lon="99.405029"><ele>4221</ele></trkpt>
      <trkpt lat="34.923621" lon="99.405534"><ele>4224</ele></trkpt>
      <trkpt lat="34.923573" lon="99.405762"><ele>4226</ele></trkpt>
      <trkpt lat="34.923538" lon="99.405876"><ele>4226</ele></trkpt>
      <trkpt lat="34.923494" lon="99.405977"><ele>4227</ele></trkpt>
      <trkpt lat="34.923278" lon="99.406373"><ele>4230</ele></trkpt>
      <trkpt lat="34.923096" lon="99.406798"><ele>4234</ele></trkpt>
      <trkpt lat="34.92299" lon="99.407"><ele>4236</ele></trkpt>
      <trkpt lat="34.922688" lon="99.40745"><ele>4239</ele></trkpt>
      <trkpt lat="34.922617" lon="99.407523"><ele>4239</ele></trkpt>
      <trkpt lat="34.922567" lon="99.407625"><ele>4240</ele></trkpt>
      <trkpt lat="34.922446" lon="99.407834"><ele>4241</ele></trkpt>
      <trkpt lat="34.922311" lon="99.408022"><ele>4242</ele></trkpt>
      <trkpt lat="34.922179" lon="99.408182"><ele>4243</ele></trkpt>
      <trkpt lat="34.922135" lon="99.408282"><ele>4245</ele></trkpt>
      <trkpt lat="34.922077" lon="99.408372"><ele>4246</ele></trkpt>
      <trkpt lat="34.92181" lon="99.408718"><ele>4248</ele></trkpt>
      <trkpt lat="34.921598" lon="99.408955"><ele>4251</ele></trkpt>
      <trkpt lat="34.921392" lon="99.409213"><ele>4254</ele></trkpt>
      <trkpt lat="34.921242" lon="99.40937"><ele>4255</ele></trkpt>
      <trkpt lat="34.921172" lon="99.409461"><ele>4256</ele></trkpt>
      <trkpt lat="34.921118" lon="99.409563"><ele>4257</ele></trkpt>
      <trkpt lat="34.921056" lon="99.409656"><ele>4257</ele></trkpt>
      <trkpt lat="34.920978" lon="99.409734"><ele>4257</ele></trkpt>
      <trkpt lat="34.920634" lon="99.41"><ele>4258</ele></trkpt>
      <trkpt lat="34.920553" lon="99.410078"><ele>4258</ele></trkpt>
      <trkpt lat="34.920322" lon="99.410362"><ele>4258</ele></trkpt>
      <trkpt lat="34.920159" lon="99.410525"><ele>4258</ele></trkpt>
      <trkpt lat="34.920096" lon="99.410622"><ele>4258</ele></trkpt>
      <trkpt lat="34.920069" lon="99.410672"><ele>4258</ele></trkpt>
      <trkpt lat="34.920081" lon="99.410766"><ele>4258</ele></trkpt>
      <trkpt lat="34.920136" lon="99.411001"><ele>4257</ele></trkpt>
      <trkpt lat="34.920154" lon="99.411129"><ele>4255</ele></trkpt>
      <trkpt lat="34.920159" lon="99.41125"><ele>4253</ele></trkpt>
      <trkpt lat="34.920131" lon="99.411376"><ele>4253</ele></trkpt>
      <trkpt lat="34.920072" lon="99.411478"><ele>4255</ele></trkpt>
      <trkpt lat="34.919904" lon="99.411613"><ele>4259</ele></trkpt>
      <trkpt lat="34.919811" lon="99.411675"><ele>4260</ele></trkpt>
      <trkpt lat="34.919649" lon="99.411816"><ele>4264</ele></trkpt>
      <trkpt lat="34.919518" lon="99.411988"><ele>4266</ele></trkpt>
      <trkpt lat="34.9194" lon="99.412184"><ele>4268</ele></trkpt>
      <trkpt lat="34.919331" lon="99.412262"><ele>4269</ele></trkpt>
      <trkpt lat="34.919298" lon="99.412284"><ele>4270</ele></trkpt>
      <trkpt lat="34.919297" lon="99.412367"><ele>4270</ele></trkpt>
      <trkpt lat="34.919308" lon="99.412476"><ele>4272</ele></trkpt>
      <trkpt lat="34.919305" lon="99.412604"><ele>4273</ele></trkpt>
      <trkpt lat="34.919252" lon="99.412855"><ele>4276</ele></trkpt>
      <trkpt lat="34.919136" lon="99.413191"><ele>4278</ele></trkpt>
      <trkpt lat="34.919002" lon="99.413514"><ele>4282</ele></trkpt>
      <trkpt lat="34.918861" lon="99.413813"><ele>4284</ele></trkpt>
      <trkpt lat="34.918797" lon="99.413902"><ele>4285</ele></trkpt>
      <trkpt lat="34.918726" lon="99.413976"><ele>4286</ele></trkpt>
      <trkpt lat="34.918483" lon="99.414178"><ele>4287</ele></trkpt>
      <trkpt lat="34.918308" lon="99.414303"><ele>4288</ele></trkpt>
      <trkpt lat="34.918159" lon="99.41445"><ele>4289</ele></trkpt>
      <trkpt lat="34.918117" lon="99.414502"><ele>4290</ele></trkpt>
      <trkpt lat="34.918077" lon="99.414739"><ele>4292</ele></trkpt>
      <trkpt lat="34.917994" lon="99.415098"><ele>4295</ele></trkpt>
      <trkpt lat="34.917954" lon="99.415337"><ele>4296</ele></trkpt>
      <trkpt lat="34.917906" lon="99.415558"><ele>4298</ele></trkpt>
      <trkpt lat="34.917875" lon="99.415799"><ele>4299</ele></trkpt>
      <trkpt lat="34.917851" lon="99.415923"><ele>4299</ele></trkpt>
      <trkpt lat="34.917722" lon="99.416377"><ele>4301</ele></trkpt>
      <trkpt lat="34.917619" lon="99.416693"><ele>4303</ele></trkpt>
      <trkpt lat="34.917544" lon="99.416897"><ele>4304</ele></trkpt>
      <trkpt lat="34.917509" lon="99.416969"><ele>4305</ele></trkpt>
      <trkpt lat="34.917479" lon="99.417063"><ele>4306</ele></trkpt>
      <trkpt lat="34.917386" lon="99.417268"><ele>4308</ele></trkpt>
      <trkpt lat="34.917306" lon="99.41749"><ele>4309</ele></trkpt>
      <trkpt lat="34.91727" lon="99.417604"><ele>4310</ele></trkpt>
      <trkpt lat="34.917191" lon="99.417941"><ele>4314</ele></trkpt>
      <trkpt lat="34.917133" lon="99.418032"><ele>4315</ele></trkpt>
      <trkpt lat="34.91706" lon="99.418113"><ele>4316</ele></trkpt>
      <trkpt lat="34.916979" lon="99.418184"><ele>4317</ele></trkpt>
      <trkpt lat="34.916919" lon="99.418279"><ele>4317</ele></trkpt>
      <trkpt lat="34.916902" lon="99.418397"><ele>4318</ele></trkpt>
      <trkpt lat="34.916944" lon="99.418643"><ele>4320</ele></trkpt>
      <trkpt lat="34.916944" lon="99.41876"><ele>4321</ele></trkpt>
      <trkpt lat="34.916929" lon="99.418883"><ele>4322</ele></trkpt>
      <trkpt lat="34.916817" lon="99.419215"><ele>4324</ele></trkpt>
      <trkpt lat="34.916758" lon="99.419313"><ele>4325</ele></trkpt>
      <trkpt lat="34.916671" lon="99.41938"><ele>4325</ele></trkpt>
      <trkpt lat="34.916458" lon="99.419445"><ele>4326</ele></trkpt>
      <trkpt lat="34.916356" lon="99.41949"><ele>4326</ele></trkpt>
      <trkpt lat="34.916266" lon="99.419556"><ele>4326</ele></trkpt>
      <trkpt lat="34.915816" lon="99.42006"><ele>4328</ele></trkpt>
      <trkpt lat="34.915501" lon="99.420366"><ele>4329</ele></trkpt>
      <trkpt lat="34.915358" lon="99.420524"><ele>4330</ele></trkpt>
      <trkpt lat="34.915146" lon="99.420763"><ele>4331</ele></trkpt>
      <trkpt lat="34.915106" lon="99.420829"><ele>4331</ele></trkpt>
      <trkpt lat="34.914905" lon="99.421077"><ele>4333</ele></trkpt>
      <trkpt lat="34.914586" lon="99.421551"><ele>4335</ele></trkpt>
      <trkpt lat="34.914188" lon="99.422042"><ele>4335</ele></trkpt>
      <trkpt lat="34.913925" lon="99.422404"><ele>4337</ele></trkpt>
      <trkpt lat="34.913775" lon="99.422576"><ele>4338</ele></trkpt>
      <trkpt lat="34.913651" lon="99.422771"><ele>4338</ele></trkpt>
      <trkpt lat="34.913243" lon="99.423349"><ele>4339</ele></trkpt>
      <trkpt lat="34.913072" lon="99.423641"><ele>4340</ele></trkpt>
      <trkpt lat="34.912917" lon="99.423955"><ele>4342</ele></trkpt>
      <trkpt lat="34.912788" lon="99.424275"><ele>4344</ele></trkpt>
      <trkpt lat="34.912735" lon="99.424521"><ele>4345</ele></trkpt>
      <trkpt lat="34.912695" lon="99.424641"><ele>4345</ele></trkpt>
      <trkpt lat="34.912641" lon="99.424744"><ele>4345</ele></trkpt>
      <trkpt lat="34.912577" lon="99.424836"><ele>4345</ele></trkpt>
      <trkpt lat="34.91243" lon="99.424996"><ele>4346</ele></trkpt>
      <trkpt lat="34.912062" lon="99.42533"><ele>4349</ele></trkpt>
      <trkpt lat="34.911516" lon="99.425955"><ele>4351</ele></trkpt>
      <trkpt lat="34.911413" lon="99.426131"><ele>4352</ele></trkpt>
      <trkpt lat="34.911295" lon="99.426258"><ele>4351</ele></trkpt>
      <trkpt lat="34.910878" lon="99.42675"><ele>4351</ele></trkpt>
      <trkpt lat="34.910473" lon="99.42716"><ele>4351</ele></trkpt>
      <trkpt lat="34.910062" lon="99.427559"><ele>4353</ele></trkpt>
      <trkpt lat="34.909759" lon="99.427906"><ele>4354</ele></trkpt>
      <trkpt lat="34.909519" lon="99.428162"><ele>4356</ele></trkpt>
      <trkpt lat="34.90937" lon="99.428352"><ele>4357</ele></trkpt>
      <trkpt lat="34.909302" lon="99.428457"><ele>4357</ele></trkpt>
      <trkpt lat="34.90916" lon="99.42879"><ele>4359</ele></trkpt>
      <trkpt lat="34.908909" lon="99.428981"><ele>4359</ele></trkpt>
      <trkpt lat="34.908824" lon="99.429059"><ele>4358</ele></trkpt>
      <trkpt lat="34.908675" lon="99.429252"><ele>4358</ele></trkpt>
      <trkpt lat="34.908541" lon="99.429447"><ele>4358</ele></trkpt>
      <trkpt lat="34.908457" lon="99.429466"><ele>4358</ele></trkpt>
      <trkpt lat="34.908368" lon="99.429515"><ele>4357</ele></trkpt>
      <trkpt lat="34.908215" lon="99.429674"><ele>4357</ele></trkpt>
      <trkpt lat="34.908102" lon="99.429858"><ele>4358</ele></trkpt>
      <trkpt lat="34.908022" lon="99.42992"><ele>4359</ele></trkpt>
      <trkpt lat="34.90797" lon="99.430006"><ele>4359</ele></trkpt>
      <trkpt lat="34.907912" lon="99.430227"><ele>4361</ele></trkpt>
      <trkpt lat="34.907857" lon="99.430326"><ele>4361</ele></trkpt>
      <trkpt lat="34.907788" lon="99.430406"><ele>4361</ele></trkpt>
      <trkpt lat="34.907702" lon="99.430449"><ele>4361</ele></trkpt>
      <trkpt lat="34.907558" lon="99.430597"><ele>4362</ele></trkpt>
      <trkpt lat="34.907505" lon="99.4307"><ele>4364</ele></trkpt>
      <trkpt lat="34.907312" lon="99.430957"><ele>4368</ele></trkpt>
      <trkpt lat="34.907154" lon="99.43108"><ele>4372</ele></trkpt>
      <trkpt lat="34.907034" lon="99.431261"><ele>4376</ele></trkpt>
      <trkpt lat="34.906961" lon="99.431332"><ele>4379</ele></trkpt>
      <trkpt lat="34.906869" lon="99.431368"><ele>4381</ele></trkpt>
      <trkpt lat="34.906771" lon="99.431393"><ele>4383</ele></trkpt>
      <trkpt lat="34.906686" lon="99.431445"><ele>4385</ele></trkpt>
      <trkpt lat="34.906492" lon="99.431491"><ele>4388</ele></trkpt>
      <trkpt lat="34.906244" lon="99.43168"><ele>4393</ele></trkpt>
      <trkpt lat="34.906152" lon="99.431736"><ele>4395</ele></trkpt>
      <trkpt lat="34.906081" lon="99.431823"><ele>4395</ele></trkpt>
      <trkpt lat="34.905992" lon="99.431845"><ele>4396</ele></trkpt>
      <trkpt lat="34.906048" lon="99.431938"><ele>4396</ele></trkpt>
      <trkpt lat="34.906073" lon="99.432058"><ele>4396</ele></trkpt>
      <trkpt lat="34.906134" lon="99.43215"><ele>4397</ele></trkpt>
      <trkpt lat="34.906126" lon="99.432255"><ele>4398</ele></trkpt>
      <trkpt lat="34.905945" lon="99.432553"><ele>4403</ele></trkpt>
      <trkpt lat="34.905717" lon="99.432779"><ele>4411</ele></trkpt>
      <trkpt lat="34.905682" lon="99.432893"><ele>4413</ele></trkpt>
      <trkpt lat="34.9056" lon="99.43297"><ele>4413</ele></trkpt>
      <trkpt lat="34.905448" lon="99.433136"><ele>4415</ele></trkpt>
      <trkpt lat="34.905368" lon="99.433204"><ele>4416</ele></trkpt>
      <trkpt lat="34.90519" lon="99.433321"><ele>4418</ele></trkpt>
      <trkpt lat="34.904779" lon="99.433667"><ele>4424</ele></trkpt>
      <trkpt lat="34.904538" lon="99.433918"><ele>4428</ele></trkpt>
      <trkpt lat="34.904416" lon="99.434087"><ele>4429</ele></trkpt>
      <trkpt lat="34.904284" lon="99.434239"><ele>4430</ele></trkpt>
      <trkpt lat="34.904138" lon="99.434375"><ele>4431</ele></trkpt>
      <trkpt lat="34.903807" lon="99.434605"><ele>4432</ele></trkpt>
      <trkpt lat="34.903494" lon="99.434903"><ele>4435</ele></trkpt>
      <trkpt lat="34.903267" lon="99.435143"><ele>4438</ele></trkpt>
      <trkpt lat="34.903039" lon="99.435498"><ele>4440</ele></trkpt>
      <trkpt lat="34.90291" lon="99.435672"><ele>4441</ele></trkpt>
      <trkpt lat="34.902833" lon="99.435752"><ele>4442</ele></trkpt>
      <trkpt lat="34.902672" lon="99.435887"><ele>4444</ele></trkpt>
      <trkpt lat="34.902448" lon="99.436119"><ele>4447</ele></trkpt>
      <trkpt lat="34.90236" lon="99.436187"><ele>4447</ele></trkpt>
      <trkpt lat="34.902263" lon="99.43624"><ele>4448</ele></trkpt>
      <trkpt lat="34.901963" lon="99.436353"><ele>4452</ele></trkpt>
      <trkpt lat="34.901578" lon="99.436526"><ele>4458</ele></trkpt>
      <trkpt lat="34.901405" lon="99.436649"><ele>4460</ele></trkpt>
      <trkpt lat="34.901235" lon="99.436789"><ele>4462</ele></trkpt>
      <trkpt lat="34.901156" lon="99.436866"><ele>4463</ele></trkpt>
      <trkpt lat="34.901014" lon="99.437036"><ele>4464</ele></trkpt>
      <trkpt lat="34.900893" lon="99.43723"><ele>4465</ele></trkpt>
      <trkpt lat="34.900802" lon="99.43744"><ele>4466</ele></trkpt>
      <trkpt lat="34.900675" lon="99.437883"><ele>4466</ele></trkpt>
      <trkpt lat="34.900628" lon="99.437979"><ele>4466</ele></trkpt>
      <trkpt lat="34.900556" lon="99.438055"><ele>4467</ele></trkpt>
      <trkpt lat="34.900397" lon="99.438182"><ele>4468</ele></trkpt>
      <trkpt lat="34.899967" lon="99.438705"><ele>4471</ele></trkpt>
      <trkpt lat="34.899813" lon="99.438858"><ele>4473</ele></trkpt>
      <trkpt lat="34.899608" lon="99.439023"><ele>4477</ele></trkpt>
      <trkpt lat="34.899389" lon="99.439227"><ele>4478</ele></trkpt>
      <trkpt lat="34.899134" lon="99.439438"><ele>4481</ele></trkpt>
      <trkpt lat="34.89854" lon="99.439845"><ele>4488</ele></trkpt>
      <trkpt lat="34.898479" lon="99.439923"><ele>4488</ele></trkpt>
      <trkpt lat="34.898411" lon="99.439991"><ele>4488</ele></trkpt>
      <trkpt lat="34.898159" lon="99.44019"><ele>4489</ele></trkpt>
      <trkpt lat="34.897896" lon="99.440444"><ele>4490</ele></trkpt>
      <trkpt lat="34.897555" lon="99.440808"><ele>4490</ele></trkpt>
      <trkpt lat="34.897392" lon="99.440951"><ele>4490</ele></trkpt>
      <trkpt lat="34.897218" lon="99.441087"><ele>4491</ele></trkpt>
      <trkpt lat="34.896901" lon="99.441389"><ele>4495</ele></trkpt>
      <trkpt lat="34.89657" lon="99.441666"><ele>4497</ele></trkpt>
      <trkpt lat="34.896347" lon="99.441888"><ele>4500</ele></trkpt>
      <trkpt lat="34.896196" lon="99.442023"><ele>4502</ele></trkpt>
      <trkpt lat="34.896033" lon="99.44214"><ele>4503</ele></trkpt>
      <trkpt lat="34.895732" lon="99.442424"><ele>4506</ele></trkpt>
      <trkpt lat="34.895469" lon="99.442617"><ele>4507</ele></trkpt>
      <trkpt lat="34.895253" lon="99.44288"><ele>4510</ele></trkpt>
      <trkpt lat="34.895124" lon="99.443072"><ele>4512</ele></trkpt>
      <trkpt lat="34.89487" lon="99.443411"><ele>4513</ele></trkpt>
      <trkpt lat="34.89467" lon="99.443696"><ele>4513</ele></trkpt>
      <trkpt lat="34.894387" lon="99.443962"><ele>4512</ele></trkpt>
      <trkpt lat="34.894208" lon="99.444199"><ele>4510</ele></trkpt>
      <trkpt lat="34.893949" lon="99.444453"><ele>4511</ele></trkpt>
      <trkpt lat="34.893724" lon="99.44471"><ele>4513</ele></trkpt>
      <trkpt lat="34.893475" lon="99.444929"><ele>4514</ele></trkpt>
      <trkpt lat="34.893235" lon="99.445172"><ele>4517</ele></trkpt>
      <trkpt lat="34.893038" lon="99.445418"><ele>4519</ele></trkpt>
      <trkpt lat="34.892906" lon="99.445604"><ele>4519</ele></trkpt>
      <trkpt lat="34.892676" lon="99.445967"><ele>4522</ele></trkpt>
      <trkpt lat="34.892635" lon="99.446057"><ele>4523</ele></trkpt>
      <trkpt lat="34.892603" lon="99.446173"><ele>4523</ele></trkpt>
      <trkpt lat="34.89256" lon="99.446276"><ele>4524</ele></trkpt>
      <trkpt lat="34.892508" lon="99.446371"><ele>4525</ele></trkpt>
      <trkpt lat="34.892436" lon="99.446462"><ele>4525</ele></trkpt>
      <trkpt lat="34.892385" lon="99.446562"><ele>4524</ele></trkpt>
      <trkpt lat="34.892381" lon="99.446675"><ele>4523</ele></trkpt>
      <trkpt lat="34.892452" lon="99.446906"><ele>4521</ele></trkpt>
      <trkpt lat="34.892479" lon="99.447035"><ele>4520</ele></trkpt>
      <trkpt lat="34.892471" lon="99.447159"><ele>4519</ele></trkpt>
      <trkpt lat="34.89241" lon="99.447237"><ele>4519</ele></trkpt>
      <trkpt lat="34.892312" lon="99.447257"><ele>4519</ele></trkpt>
      <trkpt lat="34.892208" lon="99.447237"><ele>4519</ele></trkpt>
      <trkpt lat="34.892009" lon="99.447228"><ele>4517</ele></trkpt>
      <trkpt lat="34.891916" lon="99.447243"><ele>4517</ele></trkpt>
      <trkpt lat="34.891831" lon="99.447279"><ele>4516</ele></trkpt>
      <trkpt lat="34.891455" lon="99.447503"><ele>4512</ele></trkpt>
      <trkpt lat="34.891172" lon="99.447697"><ele>4509</ele></trkpt>
      <trkpt lat="34.890995" lon="99.447838"><ele>4507</ele></trkpt>
      <trkpt lat="34.890428" lon="99.448124"><ele>4503</ele></trkpt>
      <trkpt lat="34.890334" lon="99.448181"><ele>4502</ele></trkpt>
      <trkpt lat="34.89016" lon="99.448319"><ele>4500</ele></trkpt>
      <trkpt lat="34.889995" lon="99.448426"><ele>4497</ele></trkpt>
      <trkpt lat="34.889555" lon="99.448674"><ele>4493</ele></trkpt>
      <trkpt lat="34.889096" lon="99.448896"><ele>4491</ele></trkpt>
      <trkpt lat="34.888845" lon="99.449062"><ele>4490</ele></trkpt>
      <trkpt lat="34.888676" lon="99.449149"><ele>4491</ele></trkpt>
      <trkpt lat="34.888597" lon="99.449208"><ele>4492</ele></trkpt>
      <trkpt lat="34.888148" lon="99.449651"><ele>4493</ele></trkpt>
      <trkpt lat="34.88777" lon="99.449987"><ele>4494</ele></trkpt>
      <trkpt lat="34.887393" lon="99.450354"><ele>4495</ele></trkpt>
      <trkpt lat="34.887166" lon="99.450554"><ele>4495</ele></trkpt>
      <trkpt lat="34.886899" lon="99.450769"><ele>4495</ele></trkpt>
      <trkpt lat="34.886642" lon="99.451003"><ele>4495</ele></trkpt>
      <trkpt lat="34.886325" lon="99.451335"><ele>4497</ele></trkpt>
      <trkpt lat="34.886252" lon="99.451424"><ele>4498</ele></trkpt>
      <trkpt lat="34.886188" lon="99.451521"><ele>4498</ele></trkpt>
      <trkpt lat="34.886136" lon="99.451637"><ele>4499</ele></trkpt>
      <trkpt lat="34.886097" lon="99.451761"><ele>4499</ele></trkpt>
      <trkpt lat="34.88606" lon="99.452013"><ele>4500</ele></trkpt>
      <trkpt lat="34.886009" lon="99.452256"><ele>4501</ele></trkpt>
      <trkpt lat="34.885967" lon="99.452358"><ele>4501</ele></trkpt>
      <trkpt lat="34.885891" lon="99.452432"><ele>4501</ele></trkpt>
      <trkpt lat="34.885686" lon="99.452491"><ele>4501</ele></trkpt>
      <trkpt lat="34.885587" lon="99.452539"><ele>4501</ele></trkpt>
      <trkpt lat="34.885502" lon="99.4526"><ele>4501</ele></trkpt>
      <trkpt lat="34.885352" lon="99.452751"><ele>4500</ele></trkpt>
      <trkpt lat="34.88521" lon="99.45294"><ele>4501</ele></trkpt>
      <trkpt lat="34.885086" lon="99.453137"><ele>4502</ele></trkpt>
      <trkpt lat="34.885039" lon="99.453238"><ele>4503</ele></trkpt>
      <trkpt lat="34.884967" lon="99.453453"><ele>4503</ele></trkpt>
      <trkpt lat="34.884909" lon="99.453558"><ele>4503</ele></trkpt>
      <trkpt lat="34.884456" lon="99.453861"><ele>4503</ele></trkpt>
      <trkpt lat="34.883576" lon="99.454387"><ele>4504</ele></trkpt>
      <trkpt lat="34.882942" lon="99.454811"><ele>4503</ele></trkpt>
      <trkpt lat="34.882614" lon="99.455103"><ele>4501</ele></trkpt>
      <trkpt lat="34.882324" lon="99.455394"><ele>4499</ele></trkpt>
      <trkpt lat="34.882154" lon="99.455532"><ele>4498</ele></trkpt>
      <trkpt lat="34.88196" lon="99.455666"><ele>4497</ele></trkpt>
      <trkpt lat="34.881705" lon="99.455801"><ele>4496</ele></trkpt>
      <trkpt lat="34.881542" lon="99.455915"><ele>4494</ele></trkpt>
      <trkpt lat="34.881369" lon="99.45602"><ele>4492</ele></trkpt>
      <trkpt lat="34.881205" lon="99.456146"><ele>4490</ele></trkpt>
      <trkpt lat="34.881055" lon="99.456301"><ele>4490</ele></trkpt>
      <trkpt lat="34.88092" lon="99.456467"><ele>4490</ele></trkpt>
      <trkpt lat="34.880624" lon="99.456796"><ele>4488</ele></trkpt>
      <trkpt lat="34.880405" lon="99.457102"><ele>4489</ele></trkpt>
      <trkpt lat="34.879783" lon="99.457735"><ele>4496</ele></trkpt>
      <trkpt lat="34.879578" lon="99.457985"><ele>4497</ele></trkpt>
      <trkpt lat="34.879433" lon="99.458142"><ele>4498</ele></trkpt>
      <trkpt lat="34.879358" lon="99.458215"><ele>4498</ele></trkpt>
      <trkpt lat="34.879117" lon="99.458407"><ele>4500</ele></trkpt>
      <trkpt lat="34.879032" lon="99.458462"><ele>4500</ele></trkpt>
      <trkpt lat="34.878856" lon="99.458551"><ele>4501</ele></trkpt>
      <trkpt lat="34.8786" lon="99.458736"><ele>4504</ele></trkpt>
      <trkpt lat="34.878517" lon="99.458808"><ele>4505</ele></trkpt>
      <trkpt lat="34.87814" lon="99.459224"><ele>4509</ele></trkpt>
      <trkpt lat="34.877989" lon="99.459373"><ele>4509</ele></trkpt>
      <trkpt lat="34.877826" lon="99.459526"><ele>4510</ele></trkpt>
      <trkpt lat="34.877489" lon="99.45981"><ele>4512</ele></trkpt>
      <trkpt lat="34.877418" lon="99.459894"><ele>4513</ele></trkpt>
      <trkpt lat="34.877364" lon="99.459986"><ele>4514</ele></trkpt>
      <trkpt lat="34.877231" lon="99.460301"><ele>4518</ele></trkpt>
      <trkpt lat="34.877165" lon="99.460395"><ele>4519</ele></trkpt>
      <trkpt lat="34.876893" lon="99.460735"><ele>4521</ele></trkpt>
      <trkpt lat="34.876436" lon="99.461221"><ele>4524</ele></trkpt>
      <trkpt lat="34.876265" lon="99.461358"><ele>4524</ele></trkpt>
      <trkpt lat="34.876175" lon="99.461415"><ele>4525</ele></trkpt>
      <trkpt lat="34.875866" lon="99.461702"><ele>4528</ele></trkpt>
      <trkpt lat="34.875703" lon="99.461873"><ele>4529</ele></trkpt>
      <trkpt lat="34.875627" lon="99.461935"><ele>4529</ele></trkpt>
      <trkpt lat="34.875405" lon="99.462179"><ele>4530</ele></trkpt>
      <trkpt lat="34.87511" lon="99.46245"><ele>4533</ele></trkpt>
      <trkpt lat="34.874968" lon="99.462596"><ele>4535</ele></trkpt>
      <trkpt lat="34.874746" lon="99.462857"><ele>4536</ele></trkpt>
      <trkpt lat="34.874664" lon="99.462937"><ele>4537</ele></trkpt>
      <trkpt lat="34.874398" lon="99.463154"><ele>4539</ele></trkpt>
      <trkpt lat="34.874321" lon="99.463227"><ele>4540</ele></trkpt>
      <trkpt lat="34.87395" lon="99.463645"><ele>4542</ele></trkpt>
      <trkpt lat="34.873714" lon="99.463852"><ele>4543</ele></trkpt>
      <trkpt lat="34.87356" lon="99.463974"><ele>4544</ele></trkpt>
      <trkpt lat="34.873393" lon="99.464135"><ele>4545</ele></trkpt>
      <trkpt lat="34.873223" lon="99.464273"><ele>4547</ele></trkpt>
      <trkpt lat="34.87314" lon="99.464352"><ele>4548</ele></trkpt>
      <trkpt lat="34.873084" lon="99.464459"><ele>4549</ele></trkpt>
      <trkpt lat="34.873071" lon="99.46458"><ele>4550</ele></trkpt>
      <trkpt lat="34.873093" lon="99.4647"><ele>4551</ele></trkpt>
      <trkpt lat="34.873232" lon="99.464879"><ele>4554</ele></trkpt>
      <trkpt lat="34.873326" lon="99.464911"><ele>4555</ele></trkpt>
      <trkpt lat="34.873422" lon="99.464903"><ele>4555</ele></trkpt>
      <trkpt lat="34.873475" lon="99.464813"><ele>4555</ele></trkpt>
      <trkpt lat="34.873442" lon="99.464897"><ele>4556</ele></trkpt>
      <trkpt lat="34.873377" lon="99.46499"><ele>4557</ele></trkpt>
      <trkpt lat="34.873288" lon="99.464948"><ele>4558</ele></trkpt>
      <trkpt lat="34.873188" lon="99.464755"><ele>4558</ele></trkpt>
      <trkpt lat="34.873104" lon="99.464705"><ele>4558</ele></trkpt>
      <trkpt lat="34.87305" lon="99.464699"><ele>4557</ele></trkpt>
      <trkpt lat="34.87315" lon="99.464735"><ele>4557</ele></trkpt>
      <trkpt lat="34.873062" lon="99.464702"><ele>4558</ele></trkpt>
      <trkpt lat="34.873126" lon="99.464726"><ele>4558</ele></trkpt>
      <trkpt lat="34.873211" lon="99.464776"><ele>4558</ele></trkpt>
      <trkpt lat="34.873269" lon="99.464872"><ele>4558</ele></trkpt>
      <trkpt lat="34.873334" lon="99.464837"><ele>4559</ele></trkpt>
      <trkpt lat="34.873424" lon="99.464865"><ele>4560</ele></trkpt>
      <trkpt lat="34.873433" lon="99.465117"><ele>4561</ele></trkpt>
      <trkpt lat="34.873447" lon="99.465227"><ele>4561</ele></trkpt>
      <trkpt lat="34.873479" lon="99.465331"><ele>4560</ele></trkpt>
      <trkpt lat="34.873529" lon="99.46544"><ele>4559</ele></trkpt>
      <trkpt lat="34.873591" lon="99.465544"><ele>4558</ele></trkpt>
      <trkpt lat="34.873692" lon="99.465744"><ele>4557</ele></trkpt>
      <trkpt lat="34.873767" lon="99.465833"><ele>4557</ele></trkpt>
      <trkpt lat="34.873821" lon="99.465928"><ele>4556</ele></trkpt>
      <trkpt lat="34.873871" lon="99.466036"><ele>4557</ele></trkpt>
      <trkpt lat="34.8739" lon="99.466146"><ele>4557</ele></trkpt>
      <trkpt lat="34.873973" lon="99.466263"><ele>4557</ele></trkpt>
      <trkpt lat="34.874138" lon="99.466572"><ele>4556</ele></trkpt>
      <trkpt lat="34.874175" lon="99.466679"><ele>4557</ele></trkpt>
      <trkpt lat="34.874268" lon="99.466894"><ele>4557</ele></trkpt>
      <trkpt lat="34.874331" lon="99.467112"><ele>4557</ele></trkpt>
      <trkpt lat="34.874338" lon="99.467226"><ele>4557</ele></trkpt>
      <trkpt lat="34.874397" lon="99.467456"><ele>4558</ele></trkpt>
      <trkpt lat="34.874407" lon="99.467579"><ele>4558</ele></trkpt>
      <trkpt lat="34.87436" lon="99.467669"><ele>4558</ele></trkpt>
      <trkpt lat="34.874291" lon="99.467746"><ele>4558</ele></trkpt>
      <trkpt lat="34.874314" lon="99.467837"><ele>4557</ele></trkpt>
      <trkpt lat="34.874311" lon="99.467953"><ele>4555</ele></trkpt>
      <trkpt lat="34.874295" lon="99.468073"><ele>4554</ele></trkpt>
      <trkpt lat="34.874296" lon="99.468195"><ele>4552</ele></trkpt>
      <trkpt lat="34.874304" lon="99.468309"><ele>4550</ele></trkpt>
      <trkpt lat="34.874371" lon="99.468539"><ele>4545</ele></trkpt>
      <trkpt lat="34.87442" lon="99.468778"><ele>4538</ele></trkpt>
      <trkpt lat="34.874431" lon="99.468889"><ele>4534</ele></trkpt>
      <trkpt lat="34.874494" lon="99.468954"><ele>4531</ele></trkpt>
      <trkpt lat="34.874612" lon="99.469143"><ele>4524</ele></trkpt>
      <trkpt lat="34.874691" lon="99.469203"><ele>4522</ele></trkpt>
      <trkpt lat="34.87488" lon="99.469293"><ele>4518</ele></trkpt>
      <trkpt lat="34.874959" lon="99.469358"><ele>4516</ele></trkpt>
      <trkpt lat="34.875019" lon="99.469443"><ele>4515</ele></trkpt>
      <trkpt lat="34.87506" lon="99.469561"><ele>4514</ele></trkpt>
      <trkpt lat="34.875076" lon="99.469699"><ele>4514</ele></trkpt>
      <trkpt lat="34.875073" lon="99.469964"><ele>4513</ele></trkpt>
      <trkpt lat="34.875083" lon="99.470092"><ele>4513</ele></trkpt>
      <trkpt lat="34.875109" lon="99.470215"><ele>4512</ele></trkpt>
      <trkpt lat="34.875238" lon="99.470663"><ele>4509</ele></trkpt>
      <trkpt lat="34.875259" lon="99.47078"><ele>4508</ele></trkpt>
      <trkpt lat="34.875266" lon="99.470901"><ele>4507</ele></trkpt>
      <trkpt lat="34.875262" lon="99.47113"><ele>4506</ele></trkpt>
      <trkpt lat="34.875213" lon="99.471493"><ele>4504</ele></trkpt>
      <trkpt lat="34.875196" lon="99.47198"><ele>4503</ele></trkpt>
      <trkpt lat="34.875148" lon="99.472358"><ele>4502</ele></trkpt>
      <trkpt lat="34.875103" lon="99.472868"><ele>4499</ele></trkpt>
      <trkpt lat="34.875069" lon="99.473128"><ele>4497</ele></trkpt>
      <trkpt lat="34.875027" lon="99.473778"><ele>4492</ele></trkpt>
      <trkpt lat="34.874998" lon="99.474038"><ele>4490</ele></trkpt>
      <trkpt lat="34.874937" lon="99.474378"><ele>4487</ele></trkpt>
      <trkpt lat="34.874861" lon="99.474712"><ele>4483</ele></trkpt>
      <trkpt lat="34.8748" lon="99.474808"><ele>4482</ele></trkpt>
      <trkpt lat="34.874707" lon="99.474835"><ele>4480</ele></trkpt>
      <trkpt lat="34.87466" lon="99.474935"><ele>4477</ele></trkpt>
      <trkpt lat="34.874678" lon="99.47507"><ele>4473</ele></trkpt>
      <trkpt lat="34.874681" lon="99.475198"><ele>4471</ele></trkpt>
      <trkpt lat="34.874605" lon="99.475428"><ele>4467</ele></trkpt>
      <trkpt lat="34.874601" lon="99.475549"><ele>4467</ele></trkpt>
      <trkpt lat="34.874628" lon="99.475657"><ele>4467</ele></trkpt>
      <trkpt lat="34.874748" lon="99.475984"><ele>4467</ele></trkpt>
      <trkpt lat="34.874761" lon="99.476238"><ele>4466</ele></trkpt>
      <trkpt lat="34.874749" lon="99.47636"><ele>4466</ele></trkpt>
      <trkpt lat="34.874715" lon="99.476475"><ele>4465</ele></trkpt>
      <trkpt lat="34.87462" lon="99.4767"><ele>4464</ele></trkpt>
      <trkpt lat="34.8745" lon="99.47702"><ele>4462</ele></trkpt>
      <trkpt lat="34.874473" lon="99.477134"><ele>4461</ele></trkpt>
      <trkpt lat="34.874378" lon="99.477359"><ele>4460</ele></trkpt>
      <trkpt lat="34.874355" lon="99.477473"><ele>4459</ele></trkpt>
      <trkpt lat="34.874359" lon="99.477599"><ele>4458</ele></trkpt>
      <trkpt lat="34.874407" lon="99.477842"><ele>4457</ele></trkpt>
      <trkpt lat="34.874476" lon="99.478056"><ele>4457</ele></trkpt>
      <trkpt lat="34.874462" lon="99.478172"><ele>4456</ele></trkpt>
      <trkpt lat="34.874396" lon="99.478267"><ele>4456</ele></trkpt>
      <trkpt lat="34.874239" lon="99.478446"><ele>4455</ele></trkpt>
      <trkpt lat="34.874122" lon="99.478633"><ele>4455</ele></trkpt>
      <trkpt lat="34.874072" lon="99.478732"><ele>4456</ele></trkpt>
      <trkpt lat="34.874039" lon="99.478837"><ele>4456</ele></trkpt>
      <trkpt lat="34.874012" lon="99.479092"><ele>4457</ele></trkpt>
      <trkpt lat="34.873988" lon="99.480081"><ele>4454</ele></trkpt>
      <trkpt lat="34.873935" lon="99.48043"><ele>4452</ele></trkpt>
      <trkpt lat="34.873909" lon="99.48068"><ele>4453</ele></trkpt>
      <trkpt lat="34.87388" lon="99.480794"><ele>4452</ele></trkpt>
      <trkpt lat="34.873749" lon="99.481152"><ele>4451</ele></trkpt>
      <trkpt lat="34.87357" lon="99.481557"><ele>4443</ele></trkpt>
      <trkpt lat="34.873545" lon="99.481676"><ele>4442</ele></trkpt>
      <trkpt lat="34.873531" lon="99.481799"><ele>4440</ele></trkpt>
      <trkpt lat="34.87348" lon="99.48204"><ele>4437</ele></trkpt>
      <trkpt lat="34.873424" lon="99.482507"><ele>4436</ele></trkpt>
      <trkpt lat="34.873349" lon="99.482986"><ele>4436</ele></trkpt>
      <trkpt lat="34.873253" lon="99.483209"><ele>4437</ele></trkpt>
      <trkpt lat="34.873217" lon="99.483332"><ele>4436</ele></trkpt>
      <trkpt lat="34.873201" lon="99.483459"><ele>4436</ele></trkpt>
      <trkpt lat="34.873179" lon="99.483852"><ele>4432</ele></trkpt>
      <trkpt lat="34.873195" lon="99.483984"><ele>4431</ele></trkpt>
      <trkpt lat="34.873237" lon="99.484206"><ele>4428</ele></trkpt>
      <trkpt lat="34.873241" lon="99.484453"><ele>4426</ele></trkpt>
      <trkpt lat="34.87323" lon="99.484819"><ele>4422</ele></trkpt>
      <trkpt lat="34.873221" lon="99.484945"><ele>4421</ele></trkpt>
      <trkpt lat="34.873185" lon="99.485054"><ele>4420</ele></trkpt>
      <trkpt lat="34.873128" lon="99.485296"><ele>4417</ele></trkpt>
      <trkpt lat="34.873117" lon="99.485527"><ele>4414</ele></trkpt>
      <trkpt lat="34.873222" lon="99.485746"><ele>4409</ele></trkpt>
      <trkpt lat="34.873234" lon="99.485856"><ele>4408</ele></trkpt>
      <trkpt lat="34.873038" lon="99.486273"><ele>4403</ele></trkpt>
      <trkpt lat="34.872931" lon="99.486602"><ele>4401</ele></trkpt>
      <trkpt lat="34.872846" lon="99.486832"><ele>4399</ele></trkpt>
      <trkpt lat="34.872689" lon="99.487148"><ele>4397</ele></trkpt>
      <trkpt lat="34.872623" lon="99.487302"><ele>4395</ele></trkpt>
      <trkpt lat="34.872553" lon="99.487611"><ele>4391</ele></trkpt>
      <trkpt lat="34.872418" lon="99.487953"><ele>4388</ele></trkpt>
      <trkpt lat="34.872319" lon="99.488178"><ele>4387</ele></trkpt>
      <trkpt lat="34.872254" lon="99.488408"><ele>4386</ele></trkpt>
      <trkpt lat="34.872155" lon="99.488612"><ele>4384</ele></trkpt>
      <trkpt lat="34.872036" lon="99.488921"><ele>4381</ele></trkpt>
      <trkpt lat="34.872005" lon="99.489025"><ele>4380</ele></trkpt>
      <trkpt lat="34.871997" lon="99.489133"><ele>4379</ele></trkpt>
      <trkpt lat="34.872006" lon="99.489488"><ele>4374</ele></trkpt>
      <trkpt lat="34.871991" lon="99.489619"><ele>4372</ele></trkpt>
      <trkpt lat="34.871918" lon="99.489962"><ele>4370</ele></trkpt>
      <trkpt lat="34.871917" lon="99.490089"><ele>4369</ele></trkpt>
      <trkpt lat="34.871905" lon="99.49021"><ele>4369</ele></trkpt>
      <trkpt lat="34.871883" lon="99.490266"><ele>4368</ele></trkpt>
      <trkpt lat="34.871629" lon="99.490635"><ele>4365</ele></trkpt>
      <trkpt lat="34.871562" lon="99.490747"><ele>4365</ele></trkpt>
      <trkpt lat="34.871452" lon="99.490943"><ele>4362</ele></trkpt>
      <trkpt lat="34.8714" lon="99.491053"><ele>4361</ele></trkpt>
      <trkpt lat="34.871361" lon="99.491172"><ele>4359</ele></trkpt>
      <trkpt lat="34.871342" lon="99.491296"><ele>4358</ele></trkpt>
      <trkpt lat="34.871345" lon="99.491557"><ele>4355</ele></trkpt>
      <trkpt lat="34.871359" lon="99.491695"><ele>4353</ele></trkpt>
      <trkpt lat="34.871383" lon="99.491815"><ele>4351</ele></trkpt>
      <trkpt lat="34.871418" lon="99.491923"><ele>4350</ele></trkpt>
      <trkpt lat="34.87144" lon="99.492048"><ele>4348</ele></trkpt>
      <trkpt lat="34.87139" lon="99.492521"><ele>4346</ele></trkpt>
      <trkpt lat="34.87135" lon="99.492768"><ele>4346</ele></trkpt>
      <trkpt lat="34.871247" lon="99.493272"><ele>4347</ele></trkpt>
      <trkpt lat="34.871217" lon="99.49335"><ele>4346</ele></trkpt>
      <trkpt lat="34.871157" lon="99.493573"><ele>4345</ele></trkpt>
      <trkpt lat="34.87111" lon="99.493694"><ele>4344</ele></trkpt>
      <trkpt lat="34.870837" lon="99.49422"><ele>4345</ele></trkpt>
      <trkpt lat="34.870791" lon="99.494321"><ele>4344</ele></trkpt>
      <trkpt lat="34.870763" lon="99.494433"><ele>4343</ele></trkpt>
      <trkpt lat="34.870759" lon="99.49455"><ele>4343</ele></trkpt>
      <trkpt lat="34.870725" lon="99.494787"><ele>4341</ele></trkpt>
      <trkpt lat="34.870767" lon="99.495139"><ele>4335</ele></trkpt>
      <trkpt lat="34.870781" lon="99.495371"><ele>4331</ele></trkpt>
      <trkpt lat="34.87078" lon="99.495482"><ele>4330</ele></trkpt>
      <trkpt lat="34.870801" lon="99.49574"><ele>4327</ele></trkpt>
      <trkpt lat="34.870793" lon="99.495865"><ele>4325</ele></trkpt>
      <trkpt lat="34.870736" lon="99.496082"><ele>4323</ele></trkpt>
      <trkpt lat="34.870721" lon="99.496204"><ele>4322</ele></trkpt>
      <trkpt lat="34.87072" lon="99.496335"><ele>4320</ele></trkpt>
      <trkpt lat="34.870742" lon="99.49645"><ele>4318</ele></trkpt>
      <trkpt lat="34.870746" lon="99.496575"><ele>4316</ele></trkpt>
      <trkpt lat="34.87057" lon="99.497029"><ele>4311</ele></trkpt>
      <trkpt lat="34.870508" lon="99.497256"><ele>4310</ele></trkpt>
      <trkpt lat="34.870422" lon="99.497459"><ele>4309</ele></trkpt>
      <trkpt lat="34.870385" lon="99.497694"><ele>4309</ele></trkpt>
      <trkpt lat="34.870369" lon="99.497935"><ele>4308</ele></trkpt>
      <trkpt lat="34.870387" lon="99.49805"><ele>4308</ele></trkpt>
      <trkpt lat="34.870452" lon="99.498297"><ele>4307</ele></trkpt>
      <trkpt lat="34.870498" lon="99.498404"><ele>4308</ele></trkpt>
      <trkpt lat="34.870557" lon="99.498492"><ele>4308</ele></trkpt>
      <trkpt lat="34.870562" lon="99.498613"><ele>4309</ele></trkpt>
      <trkpt lat="34.870543" lon="99.498723"><ele>4310</ele></trkpt>
      <trkpt lat="34.870482" lon="99.498961"><ele>4310</ele></trkpt>
      <trkpt lat="34.870455" lon="99.499221"><ele>4310</ele></trkpt>
      <trkpt lat="34.870421" lon="99.499325"><ele>4310</ele></trkpt>
      <trkpt lat="34.870333" lon="99.499532"><ele>4310</ele></trkpt>
      <trkpt lat="34.87016" lon="99.500091"><ele>4309</ele></trkpt>
      <trkpt lat="34.870128" lon="99.50022"><ele>4309</ele></trkpt>
      <trkpt lat="34.870113" lon="99.500338"><ele>4309</ele></trkpt>
      <trkpt lat="34.870064" lon="99.500567"><ele>4309</ele></trkpt>
      <trkpt lat="34.870035" lon="99.500673"><ele>4309</ele></trkpt>
      <trkpt lat="34.869989" lon="99.500782"><ele>4308</ele></trkpt>
      <trkpt lat="34.869937" lon="99.501007"><ele>4308</ele></trkpt>
      <trkpt lat="34.869898" lon="99.501127"><ele>4308</ele></trkpt>
      <trkpt lat="34.869855" lon="99.501234"><ele>4308</ele></trkpt>
      <trkpt lat="34.869755" lon="99.501429"><ele>4308</ele></trkpt>
      <trkpt lat="34.869693" lon="99.501515"><ele>4308</ele></trkpt>
      <trkpt lat="34.869615" lon="99.501576"><ele>4308</ele></trkpt>
      <trkpt lat="34.869547" lon="99.501651"><ele>4307</ele></trkpt>
      <trkpt lat="34.869503" lon="99.501747"><ele>4307</ele></trkpt>
      <trkpt lat="34.869406" lon="99.502102"><ele>4305</ele></trkpt>
      <trkpt lat="34.869313" lon="99.50233"><ele>4305</ele></trkpt>
      <trkpt lat="34.86928" lon="99.502445"><ele>4305</ele></trkpt>
      <trkpt lat="34.86924" lon="99.502688"><ele>4305</ele></trkpt>
      <trkpt lat="34.86919" lon="99.502916"><ele>4304</ele></trkpt>
      <trkpt lat="34.869181" lon="99.503044"><ele>4304</ele></trkpt>
      <trkpt lat="34.869203" lon="99.503436"><ele>4301</ele></trkpt>
      <trkpt lat="34.869224" lon="99.503555"><ele>4300</ele></trkpt>
      <trkpt lat="34.869258" lon="99.503662"><ele>4299</ele></trkpt>
      <trkpt lat="34.869236" lon="99.50389"><ele>4299</ele></trkpt>
      <trkpt lat="34.869236" lon="99.504019"><ele>4299</ele></trkpt>
      <trkpt lat="34.869216" lon="99.504147"><ele>4299</ele></trkpt>
      <trkpt lat="34.869087" lon="99.504494"><ele>4301</ele></trkpt>
      <trkpt lat="34.869085" lon="99.504621"><ele>4301</ele></trkpt>
      <trkpt lat="34.869056" lon="99.504728"><ele>4301</ele></trkpt>
      <trkpt lat="34.869009" lon="99.504822"><ele>4301</ele></trkpt>
      <trkpt lat="34.868941" lon="99.504919"><ele>4301</ele></trkpt>
      <trkpt lat="34.868794" lon="99.505091"><ele>4302</ele></trkpt>
      <trkpt lat="34.868656" lon="99.505284"><ele>4301</ele></trkpt>
      <trkpt lat="34.868602" lon="99.505395"><ele>4301</ele></trkpt>
      <trkpt lat="34.868568" lon="99.505508"><ele>4300</ele></trkpt>
      <trkpt lat="34.868517" lon="99.5056"><ele>4300</ele></trkpt>
      <trkpt lat="34.868436" lon="99.505683"><ele>4299</ele></trkpt>
      <trkpt lat="34.868162" lon="99.505901"><ele>4297</ele></trkpt>
      <trkpt lat="34.868101" lon="99.505997"><ele>4297</ele></trkpt>
      <trkpt lat="34.868021" lon="99.506217"><ele>4297</ele></trkpt>
      <trkpt lat="34.86799" lon="99.506334"><ele>4297</ele></trkpt>
      <trkpt lat="34.867928" lon="99.506692"><ele>4296</ele></trkpt>
      <trkpt lat="34.867887" lon="99.506812"><ele>4296</ele></trkpt>
      <trkpt lat="34.867836" lon="99.506922"><ele>4295</ele></trkpt>
      <trkpt lat="34.867771" lon="99.50703"><ele>4295</ele></trkpt>
      <trkpt lat="34.867635" lon="99.507222"><ele>4295</ele></trkpt>
      <trkpt lat="34.86758" lon="99.507318"><ele>4295</ele></trkpt>
      <trkpt lat="34.867441" lon="99.507614"><ele>4294</ele></trkpt>
      <trkpt lat="34.867361" lon="99.507694"><ele>4295</ele></trkpt>
      <trkpt lat="34.867191" lon="99.507808"><ele>4294</ele></trkpt>
      <trkpt lat="34.867099" lon="99.507855"><ele>4294</ele></trkpt>
      <trkpt lat="34.867001" lon="99.507843"><ele>4293</ele></trkpt>
      <trkpt lat="34.8669" lon="99.507853"><ele>4293</ele></trkpt>
      <trkpt lat="34.866824" lon="99.50792"><ele>4292</ele></trkpt>
      <trkpt lat="34.866668" lon="99.508104"><ele>4291</ele></trkpt>
      <trkpt lat="34.866599" lon="99.50819"><ele>4291</ele></trkpt>
      <trkpt lat="34.866541" lon="99.508282"><ele>4291</ele></trkpt>
      <trkpt lat="34.86638" lon="99.508624"><ele>4292</ele></trkpt>
      <trkpt lat="34.866315" lon="99.508726"><ele>4292</ele></trkpt>
      <trkpt lat="34.866237" lon="99.508799"><ele>4292</ele></trkpt>
      <trkpt lat="34.866175" lon="99.508899"><ele>4291</ele></trkpt>
      <trkpt lat="34.866089" lon="99.509108"><ele>4288</ele></trkpt>
      <trkpt lat="34.866034" lon="99.509204"><ele>4286</ele></trkpt>
      <trkpt lat="34.865958" lon="99.509276"><ele>4285</ele></trkpt>
      <trkpt lat="34.86591" lon="99.509369"><ele>4285</ele></trkpt>
      <trkpt lat="34.865876" lon="99.509479"><ele>4285</ele></trkpt>
      <trkpt lat="34.865834" lon="99.509579"><ele>4285</ele></trkpt>
      <trkpt lat="34.865771" lon="99.509809"><ele>4284</ele></trkpt>
      <trkpt lat="34.865608" lon="99.510285"><ele>4283</ele></trkpt>
      <trkpt lat="34.865594" lon="99.510413"><ele>4283</ele></trkpt>
      <trkpt lat="34.865583" lon="99.510664"><ele>4282</ele></trkpt>
      <trkpt lat="34.865537" lon="99.51091"><ele>4281</ele></trkpt>
      <trkpt lat="34.865459" lon="99.511118"><ele>4281</ele></trkpt>
      <trkpt lat="34.865345" lon="99.511339"><ele>4282</ele></trkpt>
      <trkpt lat="34.865199" lon="99.511542"><ele>4281</ele></trkpt>
      <trkpt lat="34.865054" lon="99.511712"><ele>4282</ele></trkpt>
      <trkpt lat="34.864973" lon="99.511801"><ele>4282</ele></trkpt>
      <trkpt lat="34.864791" lon="99.511925"><ele>4282</ele></trkpt>
      <trkpt lat="34.8645" lon="99.51227"><ele>4281</ele></trkpt>
      <trkpt lat="34.864444" lon="99.512359"><ele>4280</ele></trkpt>
      <trkpt lat="34.864369" lon="99.512445"><ele>4280</ele></trkpt>
      <trkpt lat="34.864317" lon="99.512554"><ele>4280</ele></trkpt>
      <trkpt lat="34.864191" lon="99.512766"><ele>4279</ele></trkpt>
      <trkpt lat="34.863876" lon="99.513508"><ele>4275</ele></trkpt>
      <trkpt lat="34.863765" lon="99.513846"><ele>4273</ele></trkpt>
      <trkpt lat="34.863673" lon="99.514071"><ele>4273</ele></trkpt>
      <trkpt lat="34.863335" lon="99.515003"><ele>4271</ele></trkpt>
      <trkpt lat="34.863261" lon="99.515251"><ele>4272</ele></trkpt>
      <trkpt lat="34.863204" lon="99.515491"><ele>4273</ele></trkpt>
      <trkpt lat="34.863185" lon="99.51561"><ele>4273</ele></trkpt>
      <trkpt lat="34.863148" lon="99.515731"><ele>4273</ele></trkpt>
      <trkpt lat="34.863109" lon="99.515964"><ele>4272</ele></trkpt>
      <trkpt lat="34.863056" lon="99.516069"><ele>4272</ele></trkpt>
      <trkpt lat="34.862973" lon="99.516303"><ele>4273</ele></trkpt>
      <trkpt lat="34.862873" lon="99.516532"><ele>4272</ele></trkpt>
      <trkpt lat="34.862843" lon="99.516657"><ele>4272</ele></trkpt>
      <trkpt lat="34.862826" lon="99.516783"><ele>4271</ele></trkpt>
      <trkpt lat="34.862797" lon="99.516907"><ele>4271</ele></trkpt>
      <trkpt lat="34.862757" lon="99.517027"><ele>4271</ele></trkpt>
      <trkpt lat="34.862735" lon="99.517142"><ele>4270</ele></trkpt>
      <trkpt lat="34.862695" lon="99.517262"><ele>4269</ele></trkpt>
      <trkpt lat="34.862639" lon="99.517376"><ele>4269</ele></trkpt>
      <trkpt lat="34.862572" lon="99.517617"><ele>4269</ele></trkpt>
      <trkpt lat="34.862497" lon="99.518191"><ele>4269</ele></trkpt>
      <trkpt lat="34.862493" lon="99.518421"><ele>4269</ele></trkpt>
      <trkpt lat="34.862478" lon="99.51853"><ele>4269</ele></trkpt>
      <trkpt lat="34.862457" lon="99.518642"><ele>4269</ele></trkpt>
      <trkpt lat="34.862345" lon="99.51897"><ele>4268</ele></trkpt>
      <trkpt lat="34.86233" lon="99.519335"><ele>4268</ele></trkpt>
      <trkpt lat="34.862308" lon="99.519446"><ele>4268</ele></trkpt>
      <trkpt lat="34.862273" lon="99.519565"><ele>4268</ele></trkpt>
      <trkpt lat="34.862262" lon="99.519816"><ele>4267</ele></trkpt>
      <trkpt lat="34.862278" lon="99.519845"><ele>4267</ele></trkpt>
      <trkpt lat="34.862282" lon="99.519937"><ele>4267</ele></trkpt>
      <trkpt lat="34.862235" lon="99.52004"><ele>4265</ele></trkpt>
      <trkpt lat="34.862162" lon="99.520353"><ele>4263</ele></trkpt>
      <trkpt lat="34.862097" lon="99.520406"><ele>4263</ele></trkpt>
      <trkpt lat="34.862057" lon="99.520501"><ele>4262</ele></trkpt>
      <trkpt lat="34.862033" lon="99.520615"><ele>4262</ele></trkpt>
      <trkpt lat="34.862035" lon="99.520742"><ele>4262</ele></trkpt>
      <trkpt lat="34.862024" lon="99.520875"><ele>4262</ele></trkpt>
      <trkpt lat="34.862028" lon="99.521118"><ele>4261</ele></trkpt>
      <trkpt lat="34.861947" lon="99.521345"><ele>4261</ele></trkpt>
      <trkpt lat="34.861931" lon="99.521472"><ele>4261</ele></trkpt>
      <trkpt lat="34.861955" lon="99.521707"><ele>4260</ele></trkpt>
      <trkpt lat="34.861968" lon="99.521963"><ele>4258</ele></trkpt>
      <trkpt lat="34.86196" lon="99.522087"><ele>4258</ele></trkpt>
      <trkpt lat="34.861931" lon="99.522204"><ele>4258</ele></trkpt>
      <trkpt lat="34.861922" lon="99.522319"><ele>4258</ele></trkpt>
      <trkpt lat="34.861866" lon="99.522548"><ele>4259</ele></trkpt>
      <trkpt lat="34.861852" lon="99.522683"><ele>4261</ele></trkpt>
      <trkpt lat="34.861846" lon="99.522801"><ele>4261</ele></trkpt>
      <trkpt lat="34.861854" lon="99.522919"><ele>4262</ele></trkpt>
      <trkpt lat="34.861857" lon="99.523283"><ele>4261</ele></trkpt>
      <trkpt lat="34.861832" lon="99.523522"><ele>4261</ele></trkpt>
      <trkpt lat="34.861841" lon="99.523638"><ele>4261</ele></trkpt>
      <trkpt lat="34.86183" lon="99.523983"><ele>4261</ele></trkpt>
      <trkpt lat="34.861758" lon="99.524557"><ele>4260</ele></trkpt>
      <trkpt lat="34.86173" lon="99.524678"><ele>4260</ele></trkpt>
      <trkpt lat="34.861722" lon="99.525057"><ele>4261</ele></trkpt>
      <trkpt lat="34.861707" lon="99.525189"><ele>4260</ele></trkpt>
      <trkpt lat="34.861725" lon="99.525437"><ele>4259</ele></trkpt>
      <trkpt lat="34.861718" lon="99.525693"><ele>4259</ele></trkpt>
      <trkpt lat="34.861674" lon="99.525791"><ele>4259</ele></trkpt>
      <trkpt lat="34.861647" lon="99.526032"><ele>4258</ele></trkpt>
      <trkpt lat="34.861649" lon="99.52642"><ele>4259</ele></trkpt>
      <trkpt lat="34.861661" lon="99.526516"><ele>4259</ele></trkpt>
      <trkpt lat="34.861636" lon="99.526759"><ele>4257</ele></trkpt>
      <trkpt lat="34.861637" lon="99.526873"><ele>4258</ele></trkpt>
      <trkpt lat="34.861616" lon="99.526994"><ele>4258</ele></trkpt>
      <trkpt lat="34.861599" lon="99.527245"><ele>4259</ele></trkpt>
      <trkpt lat="34.861601" lon="99.527607"><ele>4261</ele></trkpt>
      <trkpt lat="34.861626" lon="99.527849"><ele>4262</ele></trkpt>
      <trkpt lat="34.861632" lon="99.528116"><ele>4261</ele></trkpt>
      <trkpt lat="34.861629" lon="99.528243"><ele>4261</ele></trkpt>
      <trkpt lat="34.861611" lon="99.528369"><ele>4260</ele></trkpt>
      <trkpt lat="34.861609" lon="99.52861"><ele>4259</ele></trkpt>
      <trkpt lat="34.861598" lon="99.528724"><ele>4258</ele></trkpt>
      <trkpt lat="34.861622" lon="99.528954"><ele>4258</ele></trkpt>
      <trkpt lat="34.861644" lon="99.529074"><ele>4256</ele></trkpt>
      <trkpt lat="34.861666" lon="99.529537"><ele>4256</ele></trkpt>
      <trkpt lat="34.861715" lon="99.530143"><ele>4259</ele></trkpt>
      <trkpt lat="34.86172" lon="99.530398"><ele>4260</ele></trkpt>
      <trkpt lat="34.861784" lon="99.530798"><ele>4260</ele></trkpt>
      <trkpt lat="34.861767" lon="99.530888"><ele>4261</ele></trkpt>
      <trkpt lat="34.861765" lon="99.531118"><ele>4261</ele></trkpt>
      <trkpt lat="34.861772" lon="99.531238"><ele>4261</ele></trkpt>
      <trkpt lat="34.861767" lon="99.531372"><ele>4261</ele></trkpt>
      <trkpt lat="34.861752" lon="99.531491"><ele>4261</ele></trkpt>
      <trkpt lat="34.861731" lon="99.531616"><ele>4261</ele></trkpt>
      <trkpt lat="34.861687" lon="99.531725"><ele>4262</ele></trkpt>
      <trkpt lat="34.861588" lon="99.532085"><ele>4262</ele></trkpt>
      <trkpt lat="34.861575" lon="99.532327"><ele>4262</ele></trkpt>
      <trkpt lat="34.861593" lon="99.532563"><ele>4262</ele></trkpt>
      <trkpt lat="34.861632" lon="99.532781"><ele>4263</ele></trkpt>
      <trkpt lat="34.861678" lon="99.533142"><ele>4264</ele></trkpt>
      <trkpt lat="34.861698" lon="99.53326"><ele>4265</ele></trkpt>
      <trkpt lat="34.861762" lon="99.533503"><ele>4267</ele></trkpt>
      <trkpt lat="34.861754" lon="99.533629"><ele>4268</ele></trkpt>
      <trkpt lat="34.861729" lon="99.533747"><ele>4267</ele></trkpt>
      <trkpt lat="34.861684" lon="99.533861"><ele>4267</ele></trkpt>
      <trkpt lat="34.861569" lon="99.534082"><ele>4265</ele></trkpt>
      <trkpt lat="34.861525" lon="99.534185"><ele>4264</ele></trkpt>
      <trkpt lat="34.861501" lon="99.534296"><ele>4262</ele></trkpt>
      <trkpt lat="34.861481" lon="99.534414"><ele>4261</ele></trkpt>
      <trkpt lat="34.861458" lon="99.534749"><ele>4258</ele></trkpt>
      <trkpt lat="34.861482" lon="99.534864"><ele>4257</ele></trkpt>
      <trkpt lat="34.861493" lon="99.534978"><ele>4256</ele></trkpt>
      <trkpt lat="34.861484" lon="99.535102"><ele>4254</ele></trkpt>
      <trkpt lat="34.861429" lon="99.535204"><ele>4252</ele></trkpt>
      <trkpt lat="34.861362" lon="99.535299"><ele>4249</ele></trkpt>
      <trkpt lat="34.861317" lon="99.535412"><ele>4247</ele></trkpt>
      <trkpt lat="34.86128" lon="99.535524"><ele>4245</ele></trkpt>
      <trkpt lat="34.86122" lon="99.535872"><ele>4238</ele></trkpt>
      <trkpt lat="34.861218" lon="99.535996"><ele>4235</ele></trkpt>
      <trkpt lat="34.861236" lon="99.536114"><ele>4232</ele></trkpt>
      <trkpt lat="34.861324" lon="99.536372"><ele>4224</ele></trkpt>
      <trkpt lat="34.861382" lon="99.53648"><ele>4222</ele></trkpt>
      <trkpt lat="34.861504" lon="99.536667"><ele>4218</ele></trkpt>
      <trkpt lat="34.86155" lon="99.536776"><ele>4216</ele></trkpt>
      <trkpt lat="34.861623" lon="99.536885"><ele>4213</ele></trkpt>
      <trkpt lat="34.861638" lon="99.537005"><ele>4211</ele></trkpt>
      <trkpt lat="34.861617" lon="99.537119"><ele>4209</ele></trkpt>
      <trkpt lat="34.861622" lon="99.537231"><ele>4208</ele></trkpt>
      <trkpt lat="34.861638" lon="99.537343"><ele>4207</ele></trkpt>
      <trkpt lat="34.861591" lon="99.537446"><ele>4207</ele></trkpt>
      <trkpt lat="34.86152" lon="99.537675"><ele>4205</ele></trkpt>
      <trkpt lat="34.861476" lon="99.538168"><ele>4203</ele></trkpt>
      <trkpt lat="34.861465" lon="99.538419"><ele>4203</ele></trkpt>
      <trkpt lat="34.861441" lon="99.538649"><ele>4204</ele></trkpt>
      <trkpt lat="34.861439" lon="99.538767"><ele>4205</ele></trkpt>
      <trkpt lat="34.861467" lon="99.539122"><ele>4207</ele></trkpt>
      <trkpt lat="34.861463" lon="99.539233"><ele>4209</ele></trkpt>
      <trkpt lat="34.861435" lon="99.539478"><ele>4212</ele></trkpt>
      <trkpt lat="34.861369" lon="99.540291"><ele>4216</ele></trkpt>
      <trkpt lat="34.861355" lon="99.540773"><ele>4215</ele></trkpt>
      <trkpt lat="34.861336" lon="99.54089"><ele>4215</ele></trkpt>
      <trkpt lat="34.861261" lon="99.541126"><ele>4213</ele></trkpt>
      <trkpt lat="34.861185" lon="99.541215"><ele>4211</ele></trkpt>
      <trkpt lat="34.86113" lon="99.54131"><ele>4209</ele></trkpt>
      <trkpt lat="34.861098" lon="99.541426"><ele>4208</ele></trkpt>
      <trkpt lat="34.86109" lon="99.541552"><ele>4207</ele></trkpt>
      <trkpt lat="34.861118" lon="99.541671"><ele>4206</ele></trkpt>
      <trkpt lat="34.861126" lon="99.541801"><ele>4205</ele></trkpt>
      <trkpt lat="34.861082" lon="99.542196"><ele>4202</ele></trkpt>
      <trkpt lat="34.861036" lon="99.542428"><ele>4200</ele></trkpt>
      <trkpt lat="34.861006" lon="99.542662"><ele>4197</ele></trkpt>
      <trkpt lat="34.860982" lon="99.542777"><ele>4195</ele></trkpt>
      <trkpt lat="34.860942" lon="99.542891"><ele>4194</ele></trkpt>
      <trkpt lat="34.860891" lon="99.542997"><ele>4192</ele></trkpt>
      <trkpt lat="34.860777" lon="99.543188"><ele>4189</ele></trkpt>
      <trkpt lat="34.860709" lon="99.543277"><ele>4189</ele></trkpt>
      <trkpt lat="34.860404" lon="99.543609"><ele>4184</ele></trkpt>
      <trkpt lat="34.860337" lon="99.543697"><ele>4184</ele></trkpt>
      <trkpt lat="34.860214" lon="99.543897"><ele>4186</ele></trkpt>
      <trkpt lat="34.860144" lon="99.543987"><ele>4187</ele></trkpt>
      <trkpt lat="34.86" lon="99.544139"><ele>4188</ele></trkpt>
      <trkpt lat="34.859866" lon="99.544297"><ele>4190</ele></trkpt>
      <trkpt lat="34.859634" lon="99.54452"><ele>4192</ele></trkpt>
      <trkpt lat="34.859563" lon="99.544604"><ele>4192</ele></trkpt>
      <trkpt lat="34.859472" lon="99.544656"><ele>4192</ele></trkpt>
      <trkpt lat="34.859338" lon="99.544839"><ele>4192</ele></trkpt>
      <trkpt lat="34.859268" lon="99.544918"><ele>4192</ele></trkpt>
      <trkpt lat="34.859211" lon="99.545031"><ele>4191</ele></trkpt>
      <trkpt lat="34.859179" lon="99.545152"><ele>4190</ele></trkpt>
      <trkpt lat="34.859137" lon="99.545381"><ele>4189</ele></trkpt>
      <trkpt lat="34.859104" lon="99.545486"><ele>4187</ele></trkpt>
      <trkpt lat="34.859049" lon="99.54572"><ele>4185</ele></trkpt>
      <trkpt lat="34.859035" lon="99.545848"><ele>4184</ele></trkpt>
      <trkpt lat="34.859079" lon="99.546201"><ele>4180</ele></trkpt>
      <trkpt lat="34.859072" lon="99.546318"><ele>4179</ele></trkpt>
      <trkpt lat="34.859032" lon="99.546562"><ele>4177</ele></trkpt>
      <trkpt lat="34.859021" lon="99.546684"><ele>4176</ele></trkpt>
      <trkpt lat="34.859022" lon="99.546803"><ele>4176</ele></trkpt>
      <trkpt lat="34.859078" lon="99.547058"><ele>4174</ele></trkpt>
      <trkpt lat="34.85909" lon="99.547177"><ele>4174</ele></trkpt>
      <trkpt lat="34.859096" lon="99.547436"><ele>4172</ele></trkpt>
      <trkpt lat="34.859123" lon="99.547811"><ele>4171</ele></trkpt>
      <trkpt lat="34.859123" lon="99.547942"><ele>4169</ele></trkpt>
      <trkpt lat="34.859102" lon="99.548294"><ele>4166</ele></trkpt>
      <trkpt lat="34.85917" lon="99.548318"><ele>4165</ele></trkpt>
      <trkpt lat="34.859093" lon="99.548365"><ele>4165</ele></trkpt>
      <trkpt lat="34.85908" lon="99.548505"><ele>4165</ele></trkpt>
      <trkpt lat="34.859037" lon="99.548617"><ele>4165</ele></trkpt>
      <trkpt lat="34.858976" lon="99.548727"><ele>4165</ele></trkpt>
      <trkpt lat="34.858896" lon="99.548964"><ele>4165</ele></trkpt>
      <trkpt lat="34.858855" lon="99.549207"><ele>4165</ele></trkpt>
      <trkpt lat="34.858706" lon="99.549888"><ele>4164</ele></trkpt>
      <trkpt lat="34.858699" lon="99.550162"><ele>4163</ele></trkpt>
      <trkpt lat="34.858662" lon="99.550423"><ele>4162</ele></trkpt>
      <trkpt lat="34.858655" lon="99.550543"><ele>4162</ele></trkpt>
      <trkpt lat="34.858687" lon="99.551041"><ele>4162</ele></trkpt>
      <trkpt lat="34.858742" lon="99.551399"><ele>4161</ele></trkpt>
      <trkpt lat="34.858743" lon="99.551517"><ele>4161</ele></trkpt>
      <trkpt lat="34.858682" lon="99.551752"><ele>4160</ele></trkpt>
      <trkpt lat="34.858666" lon="99.551874"><ele>4160</ele></trkpt>
      <trkpt lat="34.85865" lon="99.552346"><ele>4159</ele></trkpt>
      <trkpt lat="34.858627" lon="99.552588"><ele>4158</ele></trkpt>
      <trkpt lat="34.85857" lon="99.552965"><ele>4158</ele></trkpt>
      <trkpt lat="34.858574" lon="99.553341"><ele>4158</ele></trkpt>
      <trkpt lat="34.858498" lon="99.553724"><ele>4158</ele></trkpt>
      <trkpt lat="34.858401" lon="99.554086"><ele>4157</ele></trkpt>
      <trkpt lat="34.858382" lon="99.554358"><ele>4155</ele></trkpt>
      <trkpt lat="34.858384" lon="99.554488"><ele>4154</ele></trkpt>
      <trkpt lat="34.858336" lon="99.55485"><ele>4153</ele></trkpt>
      <trkpt lat="34.858341" lon="99.555091"><ele>4152</ele></trkpt>
      <trkpt lat="34.858378" lon="99.555456"><ele>4150</ele></trkpt>
      <trkpt lat="34.858373" lon="99.555574"><ele>4150</ele></trkpt>
      <trkpt lat="34.858322" lon="99.55605"><ele>4149</ele></trkpt>
      <trkpt lat="34.8583" lon="99.556162"><ele>4148</ele></trkpt>
      <trkpt lat="34.858264" lon="99.556271"><ele>4148</ele></trkpt>
      <trkpt lat="34.858225" lon="99.556502"><ele>4147</ele></trkpt>
      <trkpt lat="34.858094" lon="99.557066"><ele>4146</ele></trkpt>
      <trkpt lat="34.858054" lon="99.557294"><ele>4144</ele></trkpt>
      <trkpt lat="34.858039" lon="99.557414"><ele>4144</ele></trkpt>
      <trkpt lat="34.858037" lon="99.557769"><ele>4146</ele></trkpt>
      <trkpt lat="34.857912" lon="99.558214"><ele>4146</ele></trkpt>
      <trkpt lat="34.857873" lon="99.558316"><ele>4145</ele></trkpt>
      <trkpt lat="34.857812" lon="99.5584"><ele>4145</ele></trkpt>
      <trkpt lat="34.857644" lon="99.558528"><ele>4144</ele></trkpt>
      <trkpt lat="34.857579" lon="99.558606"><ele>4144</ele></trkpt>
      <trkpt lat="34.857531" lon="99.558704"><ele>4144</ele></trkpt>
      <trkpt lat="34.857516" lon="99.558821"><ele>4144</ele></trkpt>
      <trkpt lat="34.857509" lon="99.558943"><ele>4144</ele></trkpt>
      <trkpt lat="34.857555" lon="99.55906"><ele>4144</ele></trkpt>
      <trkpt lat="34.857713" lon="99.559384"><ele>4144</ele></trkpt>
      <trkpt lat="34.857742" lon="99.559512"><ele>4143</ele></trkpt>
      <trkpt lat="34.857759" lon="99.559635"><ele>4143</ele></trkpt>
      <trkpt lat="34.85777" lon="99.559864"><ele>4143</ele></trkpt>
      <trkpt lat="34.857783" lon="99.559976"><ele>4143</ele></trkpt>
      <trkpt lat="34.857779" lon="99.560105"><ele>4143</ele></trkpt>
      <trkpt lat="34.857762" lon="99.560221"><ele>4142</ele></trkpt>
      <trkpt lat="34.857713" lon="99.560443"><ele>4141</ele></trkpt>
      <trkpt lat="34.857655" lon="99.560772"><ele>4140</ele></trkpt>
      <trkpt lat="34.857575" lon="99.561105"><ele>4139</ele></trkpt>
      <trkpt lat="34.857545" lon="99.561368"><ele>4138</ele></trkpt>
      <trkpt lat="34.857534" lon="99.56162"><ele>4139</ele></trkpt>
      <trkpt lat="34.857484" lon="99.561995"><ele>4140</ele></trkpt>
      <trkpt lat="34.857447" lon="99.562364"><ele>4141</ele></trkpt>
      <trkpt lat="34.857449" lon="99.562479"><ele>4142</ele></trkpt>
      <trkpt lat="34.85743" lon="99.562591"><ele>4142</ele></trkpt>
      <trkpt lat="34.857398" lon="99.562702"><ele>4142</ele></trkpt>
      <trkpt lat="34.857357" lon="99.562804"><ele>4142</ele></trkpt>
      <trkpt lat="34.857322" lon="99.563033"><ele>4141</ele></trkpt>
      <trkpt lat="34.85727" lon="99.563294"><ele>4140</ele></trkpt>
      <trkpt lat="34.857242" lon="99.56355"><ele>4138</ele></trkpt>
      <trkpt lat="34.857166" lon="99.563881"><ele>4136</ele></trkpt>
      <trkpt lat="34.857102" lon="99.564093"><ele>4136</ele></trkpt>
      <trkpt lat="34.85709" lon="99.564212"><ele>4136</ele></trkpt>
      <trkpt lat="34.8571" lon="99.564329"><ele>4136</ele></trkpt>
      <trkpt lat="34.857086" lon="99.564446"><ele>4136</ele></trkpt>
      <trkpt lat="34.857053" lon="99.56456"><ele>4136</ele></trkpt>
      <trkpt lat="34.856958" lon="99.564775"><ele>4135</ele></trkpt>
      <trkpt lat="34.856859" lon="99.564968"><ele>4133</ele></trkpt>
      <trkpt lat="34.856767" lon="99.565201"><ele>4132</ele></trkpt>
      <trkpt lat="34.856663" lon="99.565401"><ele>4131</ele></trkpt>
      <trkpt lat="34.856626" lon="99.565511"><ele>4131</ele></trkpt>
      <trkpt lat="34.856593" lon="99.565648"><ele>4130</ele></trkpt>
      <trkpt lat="34.856572" lon="99.565765"><ele>4129</ele></trkpt>
      <trkpt lat="34.856569" lon="99.565888"><ele>4129</ele></trkpt>
      <trkpt lat="34.856591" lon="99.566134"><ele>4130</ele></trkpt>
      <trkpt lat="34.856586" lon="99.566376"><ele>4130</ele></trkpt>
      <trkpt lat="34.856547" lon="99.566985"><ele>4130</ele></trkpt>
      <trkpt lat="34.856539" lon="99.567435"><ele>4131</ele></trkpt>
      <trkpt lat="34.856503" lon="99.567785"><ele>4132</ele></trkpt>
      <trkpt lat="34.856457" lon="99.568024"><ele>4131</ele></trkpt>
      <trkpt lat="34.856342" lon="99.568508"><ele>4131</ele></trkpt>
      <trkpt lat="34.85625" lon="99.568981"><ele>4132</ele></trkpt>
      <trkpt lat="34.856133" lon="99.569458"><ele>4135</ele></trkpt>
      <trkpt lat="34.856099" lon="99.569698"><ele>4136</ele></trkpt>
      <trkpt lat="34.85598" lon="99.570197"><ele>4138</ele></trkpt>
      <trkpt lat="34.855896" lon="99.570657"><ele>4138</ele></trkpt>
      <trkpt lat="34.855809" lon="99.571223"><ele>4136</ele></trkpt>
      <trkpt lat="34.855765" lon="99.571441"><ele>4136</ele></trkpt>
      <trkpt lat="34.855736" lon="99.57155"><ele>4135</ele></trkpt>
      <trkpt lat="34.855555" lon="99.57209"><ele>4136</ele></trkpt>
      <trkpt lat="34.855349" lon="99.572618"><ele>4138</ele></trkpt>
      <trkpt lat="34.85531" lon="99.572736"><ele>4138</ele></trkpt>
      <trkpt lat="34.855282" lon="99.572857"><ele>4138</ele></trkpt>
      <trkpt lat="34.855274" lon="99.57298"><ele>4138</ele></trkpt>
      <trkpt lat="34.855252" lon="99.573094"><ele>4138</ele></trkpt>
      <trkpt lat="34.855157" lon="99.573372"><ele>4140</ele></trkpt>
      <trkpt lat="34.855075" lon="99.573567"><ele>4138</ele></trkpt>
      <trkpt lat="34.855011" lon="99.573806"><ele>4139</ele></trkpt>
      <trkpt lat="34.854998" lon="99.57394"><ele>4138</ele></trkpt>
      <trkpt lat="34.855006" lon="99.574302"><ele>4138</ele></trkpt>
      <trkpt lat="34.854994" lon="99.57464"><ele>4140</ele></trkpt>
      <trkpt lat="34.854979" lon="99.574751"><ele>4141</ele></trkpt>
      <trkpt lat="34.854924" lon="99.574971"><ele>4144</ele></trkpt>
      <trkpt lat="34.854878" lon="99.575072"><ele>4144</ele></trkpt>
      <trkpt lat="34.854763" lon="99.575106"><ele>4145</ele></trkpt>
      <trkpt lat="34.854541" lon="99.575103"><ele>4144</ele></trkpt>
      <trkpt lat="34.854446" lon="99.575118"><ele>4143</ele></trkpt>
      <trkpt lat="34.854343" lon="99.57516"><ele>4142</ele></trkpt>
      <trkpt lat="34.854251" lon="99.575212"><ele>4141</ele></trkpt>
      <trkpt lat="34.854183" lon="99.575298"><ele>4141</ele></trkpt>
      <trkpt lat="34.854093" lon="99.575523"><ele>4140</ele></trkpt>
      <trkpt lat="34.853989" lon="99.575842"><ele>4139</ele></trkpt>
      <trkpt lat="34.853812" lon="99.576284"><ele>4136</ele></trkpt>
      <trkpt lat="34.853734" lon="99.576665"><ele>4133</ele></trkpt>
      <trkpt lat="34.85367" lon="99.576891"><ele>4133</ele></trkpt>
      <trkpt lat="34.853617" lon="99.576993"><ele>4133</ele></trkpt>
      <trkpt lat="34.85342" lon="99.577312"><ele>4133</ele></trkpt>
      <trkpt lat="34.853205" lon="99.577585"><ele>4130</ele></trkpt>
      <trkpt lat="34.852939" lon="99.577979"><ele>4127</ele></trkpt>
      <trkpt lat="34.852886" lon="99.57808"><ele>4126</ele></trkpt>
      <trkpt lat="34.852793" lon="99.578309"><ele>4124</ele></trkpt>
      <trkpt lat="34.852682" lon="99.578672"><ele>4122</ele></trkpt>
      <trkpt lat="34.852593" lon="99.578913"><ele>4120</ele></trkpt>
      <trkpt lat="34.852484" lon="99.579263"><ele>4118</ele></trkpt>
      <trkpt lat="34.852454" lon="99.579387"><ele>4118</ele></trkpt>
      <trkpt lat="34.852398" lon="99.57964"><ele>4116</ele></trkpt>
      <trkpt lat="34.852386" lon="99.579773"><ele>4116</ele></trkpt>
      <trkpt lat="34.852411" lon="99.580017"><ele>4115</ele></trkpt>
      <trkpt lat="34.852392" lon="99.580133"><ele>4115</ele></trkpt>
      <trkpt lat="34.852344" lon="99.580226"><ele>4115</ele></trkpt>
      <trkpt lat="34.852049" lon="99.58057"><ele>4114</ele></trkpt>
      <trkpt lat="34.851883" lon="99.580735"><ele>4111</ele></trkpt>
      <trkpt lat="34.851795" lon="99.580792"><ele>4110</ele></trkpt>
      <trkpt lat="34.851719" lon="99.580863"><ele>4109</ele></trkpt>
      <trkpt lat="34.851491" lon="99.581262"><ele>4108</ele></trkpt>
      <trkpt lat="34.851421" lon="99.581359"><ele>4107</ele></trkpt>
      <trkpt lat="34.85127" lon="99.581524"><ele>4106</ele></trkpt>
      <trkpt lat="34.851209" lon="99.581611"><ele>4105</ele></trkpt>
      <trkpt lat="34.850944" lon="99.582109"><ele>4102</ele></trkpt>
      <trkpt lat="34.850781" lon="99.582386"><ele>4103</ele></trkpt>
      <trkpt lat="34.850668" lon="99.582597"><ele>4104</ele></trkpt>
      <trkpt lat="34.850415" lon="99.583129"><ele>4104</ele></trkpt>
      <trkpt lat="34.850189" lon="99.583519"><ele>4105</ele></trkpt>
      <trkpt lat="34.84993" lon="99.583889"><ele>4105</ele></trkpt>
      <trkpt lat="34.849753" lon="99.58418"><ele>4105</ele></trkpt>
      <trkpt lat="34.849451" lon="99.584631"><ele>4103</ele></trkpt>
      <trkpt lat="34.849069" lon="99.58517"><ele>4101</ele></trkpt>
      <trkpt lat="34.848833" lon="99.58555"><ele>4100</ele></trkpt>
      <trkpt lat="34.848692" lon="99.585714"><ele>4099</ele></trkpt>
      <trkpt lat="34.84861" lon="99.585783"><ele>4099</ele></trkpt>
      <trkpt lat="34.848514" lon="99.585825"><ele>4099</ele></trkpt>
      <trkpt lat="34.848407" lon="99.585855"><ele>4098</ele></trkpt>
      <trkpt lat="34.848306" lon="99.585903"><ele>4097</ele></trkpt>
      <trkpt lat="34.848218" lon="99.585959"><ele>4096</ele></trkpt>
      <trkpt lat="34.848148" lon="99.586034"><ele>4095</ele></trkpt>
      <trkpt lat="34.848041" lon="99.586363"><ele>4093</ele></trkpt>
      <trkpt lat="34.847994" lon="99.58672"><ele>4094</ele></trkpt>
      <trkpt lat="34.847965" lon="99.586829"><ele>4093</ele></trkpt>
      <trkpt lat="34.847924" lon="99.586936"><ele>4093</ele></trkpt>
      <trkpt lat="34.847819" lon="99.587131"><ele>4091</ele></trkpt>
      <trkpt lat="34.847561" lon="99.587517"><ele>4089</ele></trkpt>
      <trkpt lat="34.847078" lon="99.588275"><ele>4085</ele></trkpt>
      <trkpt lat="34.846609" lon="99.589095"><ele>4081</ele></trkpt>
      <trkpt lat="34.846391" lon="99.589501"><ele>4079</ele></trkpt>
      <trkpt lat="34.84628" lon="99.589728"><ele>4078</ele></trkpt>
      <trkpt lat="34.846096" lon="99.590006"><ele>4076</ele></trkpt>
      <trkpt lat="34.845994" lon="99.590217"><ele>4075</ele></trkpt>
      <trkpt lat="34.84593" lon="99.590311"><ele>4074</ele></trkpt>
      <trkpt lat="34.845865" lon="99.590399"><ele>4074</ele></trkpt>
      <trkpt lat="34.84577" lon="99.590405"><ele>4074</ele></trkpt>
      <trkpt lat="34.845713" lon="99.590305"><ele>4073</ele></trkpt>
      <trkpt lat="34.84571" lon="99.590198"><ele>4073</ele></trkpt>
      <trkpt lat="34.845686" lon="99.590246"><ele>4073</ele></trkpt>
      <trkpt lat="34.845661" lon="99.590367"><ele>4073</ele></trkpt>
      <trkpt lat="34.845621" lon="99.590491"><ele>4073</ele></trkpt>
      <trkpt lat="34.845564" lon="99.590747"><ele>4072</ele></trkpt>
      <trkpt lat="34.845532" lon="99.590779"><ele>4073</ele></trkpt>
      <trkpt lat="34.845547" lon="99.590867"><ele>4073</ele></trkpt>
      <trkpt lat="34.845547" lon="99.591101"><ele>4072</ele></trkpt>
      <trkpt lat="34.845461" lon="99.591302"><ele>4070</ele></trkpt>
      <trkpt lat="34.845404" lon="99.591398"><ele>4069</ele></trkpt>
      <trkpt lat="34.845316" lon="99.59147"><ele>4069</ele></trkpt>
      <trkpt lat="34.845223" lon="99.591514"><ele>4069</ele></trkpt>
      <trkpt lat="34.845145" lon="99.591597"><ele>4068</ele></trkpt>
      <trkpt lat="34.844949" lon="99.591874"><ele>4063</ele></trkpt>
      <trkpt lat="34.844861" lon="99.591923"><ele>4061</ele></trkpt>
      <trkpt lat="34.84477" lon="99.591954"><ele>4059</ele></trkpt>
      <trkpt lat="34.844591" lon="99.592078"><ele>4056</ele></trkpt>
      <trkpt lat="34.84452" lon="99.592159"><ele>4054</ele></trkpt>
      <trkpt lat="34.84441" lon="99.592354"><ele>4051</ele></trkpt>
      <trkpt lat="34.844205" lon="99.59275"><ele>4046</ele></trkpt>
      <trkpt lat="34.844161" lon="99.59285"><ele>4045</ele></trkpt>
      <trkpt lat="34.84401" lon="99.593286"><ele>4043</ele></trkpt>
      <trkpt lat="34.843834" lon="99.593581"><ele>4044</ele></trkpt>
      <trkpt lat="34.843792" lon="99.593686"><ele>4044</ele></trkpt>
      <trkpt lat="34.843734" lon="99.594036"><ele>4041</ele></trkpt>
      <trkpt lat="34.843708" lon="99.594144"><ele>4040</ele></trkpt>
      <trkpt lat="34.843533" lon="99.594583"><ele>4035</ele></trkpt>
      <trkpt lat="34.843436" lon="99.594774"><ele>4033</ele></trkpt>
      <trkpt lat="34.843378" lon="99.594862"><ele>4032</ele></trkpt>
      <trkpt lat="34.843308" lon="99.594937"><ele>4031</ele></trkpt>
      <trkpt lat="34.843272" lon="99.594951"><ele>4030</ele></trkpt>
      <trkpt lat="34.843253" lon="99.595037"><ele>4030</ele></trkpt>
      <trkpt lat="34.843213" lon="99.595139"><ele>4030</ele></trkpt>
      <trkpt lat="34.843158" lon="99.595232"><ele>4030</ele></trkpt>
      <trkpt lat="34.843092" lon="99.595322"><ele>4029</ele></trkpt>
      <trkpt lat="34.84298" lon="99.595537"><ele>4028</ele></trkpt>
      <trkpt lat="34.842849" lon="99.595867"><ele>4028</ele></trkpt>
      <trkpt lat="34.842824" lon="99.595994"><ele>4028</ele></trkpt>
      <trkpt lat="34.842817" lon="99.596111"><ele>4028</ele></trkpt>
      <trkpt lat="34.842798" lon="99.596238"><ele>4028</ele></trkpt>
      <trkpt lat="34.84275" lon="99.596357"><ele>4027</ele></trkpt>
      <trkpt lat="34.842693" lon="99.596458"><ele>4027</ele></trkpt>
      <trkpt lat="34.842566" lon="99.596635"><ele>4025</ele></trkpt>
      <trkpt lat="34.84252" lon="99.596735"><ele>4025</ele></trkpt>
      <trkpt lat="34.842488" lon="99.596843"><ele>4025</ele></trkpt>
      <trkpt lat="34.84247" lon="99.596958"><ele>4024</ele></trkpt>
      <trkpt lat="34.84245" lon="99.597217"><ele>4023</ele></trkpt>
      <trkpt lat="34.842432" lon="99.597349"><ele>4022</ele></trkpt>
      <trkpt lat="34.842403" lon="99.597466"><ele>4022</ele></trkpt>
      <trkpt lat="34.842355" lon="99.597581"><ele>4021</ele></trkpt>
      <trkpt lat="34.842196" lon="99.597894"><ele>4018</ele></trkpt>
      <trkpt lat="34.842002" lon="99.59832"><ele>4013</ele></trkpt>
      <trkpt lat="34.841892" lon="99.598509"><ele>4013</ele></trkpt>
      <trkpt lat="34.841724" lon="99.598939"><ele>4010</ele></trkpt>
      <trkpt lat="34.841676" lon="99.599035"><ele>4009</ele></trkpt>
      <trkpt lat="34.841517" lon="99.599477"><ele>4005</ele></trkpt>
      <trkpt lat="34.841461" lon="99.599567"><ele>4004</ele></trkpt>
      <trkpt lat="34.841393" lon="99.599644"><ele>4003</ele></trkpt>
      <trkpt lat="34.841246" lon="99.599787"><ele>4002</ele></trkpt>
      <trkpt lat="34.840991" lon="99.600009"><ele>4000</ele></trkpt>
      <trkpt lat="34.840918" lon="99.600087"><ele>3999</ele></trkpt>
      <trkpt lat="34.840791" lon="99.600261"><ele>3998</ele></trkpt>
      <trkpt lat="34.840635" lon="99.600557"><ele>3996</ele></trkpt>
      <trkpt lat="34.840483" lon="99.600695"><ele>3995</ele></trkpt>
      <trkpt lat="34.840342" lon="99.600859"><ele>3994</ele></trkpt>
      <trkpt lat="34.840283" lon="99.600948"><ele>3993</ele></trkpt>
      <trkpt lat="34.840127" lon="99.601228"><ele>3991</ele></trkpt>
      <trkpt lat="34.84006" lon="99.601328"><ele>3990</ele></trkpt>
      <trkpt lat="34.839891" lon="99.601622"><ele>3988</ele></trkpt>
      <trkpt lat="34.839759" lon="99.601817"><ele>3988</ele></trkpt>
      <trkpt lat="34.83968" lon="99.601902"><ele>3987</ele></trkpt>
      <trkpt lat="34.839615" lon="99.602007"><ele>3986</ele></trkpt>
      <trkpt lat="34.83951" lon="99.60223"><ele>3985</ele></trkpt>
      <trkpt lat="34.839229" lon="99.602563"><ele>3984</ele></trkpt>
      <trkpt lat="34.839149" lon="99.602632"><ele>3984</ele></trkpt>
      <trkpt lat="34.839007" lon="99.602789"><ele>3983</ele></trkpt>
      <trkpt lat="34.838619" lon="99.603316"><ele>3980</ele></trkpt>
      <trkpt lat="34.838272" lon="99.603698"><ele>3979</ele></trkpt>
      <trkpt lat="34.83819" lon="99.603769"><ele>3979</ele></trkpt>
      <trkpt lat="34.838039" lon="99.603933"><ele>3980</ele></trkpt>
      <trkpt lat="34.837955" lon="99.60398"><ele>3980</ele></trkpt>
      <trkpt lat="34.837876" lon="99.604041"><ele>3979</ele></trkpt>
      <trkpt lat="34.837761" lon="99.604221"><ele>3979</ele></trkpt>
      <trkpt lat="34.837671" lon="99.604259"><ele>3979</ele></trkpt>
      <trkpt lat="34.837653" lon="99.60418"><ele>3979</ele></trkpt>
      <trkpt lat="34.83767" lon="99.604123"><ele>3978</ele></trkpt>
      <trkpt lat="34.837775" lon="99.60416"><ele>3978</ele></trkpt>
      <trkpt lat="34.837717" lon="99.604268"><ele>3977</ele></trkpt>
      <trkpt lat="34.83756" lon="99.604422"><ele>3978</ele></trkpt>
      <trkpt lat="34.837418" lon="99.60458"><ele>3979</ele></trkpt>
      <trkpt lat="34.837134" lon="99.604954"><ele>3978</ele></trkpt>
      <trkpt lat="34.837087" lon="99.605071"><ele>3979</ele></trkpt>
      <trkpt lat="34.837029" lon="99.605442"><ele>3977</ele></trkpt>
      <trkpt lat="34.836999" lon="99.605835"><ele>3973</ele></trkpt>
      <trkpt lat="34.836976" lon="99.60597"><ele>3972</ele></trkpt>
      <trkpt lat="34.836945" lon="99.60608"><ele>3971</ele></trkpt>
      <trkpt lat="34.836956" lon="99.60619"><ele>3969</ele></trkpt>
      <trkpt lat="34.837036" lon="99.606221"><ele>3966</ele></trkpt>
      <trkpt lat="34.837148" lon="99.606224"><ele>3962</ele></trkpt>
      <trkpt lat="34.837256" lon="99.60624"><ele>3958</ele></trkpt>
      <trkpt lat="34.837313" lon="99.606339"><ele>3954</ele></trkpt>
      <trkpt lat="34.83734" lon="99.606473"><ele>3949</ele></trkpt>
      <trkpt lat="34.837341" lon="99.60661"><ele>3946</ele></trkpt>
      <trkpt lat="34.837282" lon="99.60673"><ele>3944</ele></trkpt>
      <trkpt lat="34.837208" lon="99.606821"><ele>3943</ele></trkpt>
      <trkpt lat="34.837148" lon="99.606918"><ele>3942</ele></trkpt>
      <trkpt lat="34.837137" lon="99.607023"><ele>3941</ele></trkpt>
      <trkpt lat="34.837166" lon="99.607128"><ele>3940</ele></trkpt>
      <trkpt lat="34.837152" lon="99.60735"><ele>3938</ele></trkpt>
      <trkpt lat="34.837183" lon="99.607456"><ele>3937</ele></trkpt>
      <trkpt lat="34.837134" lon="99.607536"><ele>3937</ele></trkpt>
      <trkpt lat="34.837052" lon="99.607592"><ele>3938</ele></trkpt>
      <trkpt lat="34.836973" lon="99.607665"><ele>3938</ele></trkpt>
      <trkpt lat="34.836834" lon="99.608001"><ele>3938</ele></trkpt>
      <trkpt lat="34.836704" lon="99.608191"><ele>3939</ele></trkpt>
      <trkpt lat="34.83643" lon="99.608702"><ele>3947</ele></trkpt>
      <trkpt lat="34.836367" lon="99.608797"><ele>3948</ele></trkpt>
      <trkpt lat="34.836293" lon="99.608868"><ele>3950</ele></trkpt>
      <trkpt lat="34.836207" lon="99.608913"><ele>3952</ele></trkpt>
      <trkpt lat="34.83614" lon="99.608988"><ele>3954</ele></trkpt>
      <trkpt lat="34.836087" lon="99.609088"><ele>3955</ele></trkpt>
      <trkpt lat="34.836046" lon="99.609202"><ele>3955</ele></trkpt>
      <trkpt lat="34.835953" lon="99.609262"><ele>3954</ele></trkpt>
      <trkpt lat="34.835797" lon="99.609421"><ele>3955</ele></trkpt>
      <trkpt lat="34.835715" lon="99.609481"><ele>3956</ele></trkpt>
      <trkpt lat="34.835622" lon="99.60946"><ele>3956</ele></trkpt>
      <trkpt lat="34.835533" lon="99.609491"><ele>3956</ele></trkpt>
      <trkpt lat="34.835469" lon="99.609585"><ele>3957</ele></trkpt>
      <trkpt lat="34.835372" lon="99.609806"><ele>3957</ele></trkpt>
      <trkpt lat="34.835299" lon="99.609903"><ele>3957</ele></trkpt>
      <trkpt lat="34.835216" lon="99.609988"><ele>3958</ele></trkpt>
      <trkpt lat="34.834972" lon="99.610194"><ele>3959</ele></trkpt>
      <trkpt lat="34.834761" lon="99.610439"><ele>3960</ele></trkpt>
      <trkpt lat="34.834681" lon="99.610517"><ele>3960</ele></trkpt>
      <trkpt lat="34.834358" lon="99.610784"><ele>3960</ele></trkpt>
      <trkpt lat="34.834217" lon="99.610949"><ele>3960</ele></trkpt>
      <trkpt lat="34.834162" lon="99.611046"><ele>3960</ele></trkpt>
      <trkpt lat="34.8341" lon="99.611128"><ele>3960</ele></trkpt>
      <trkpt lat="34.833809" lon="99.611441"><ele>3959</ele></trkpt>
      <trkpt lat="34.833166" lon="99.611991"><ele>3956</ele></trkpt>
      <trkpt lat="34.83264" lon="99.612419"><ele>3952</ele></trkpt>
      <trkpt lat="34.832454" lon="99.612553"><ele>3951</ele></trkpt>
      <trkpt lat="34.832191" lon="99.612773"><ele>3950</ele></trkpt>
      <trkpt lat="34.831927" lon="99.612976"><ele>3950</ele></trkpt>
      <trkpt lat="34.831837" lon="99.613039"><ele>3950</ele></trkpt>
      <trkpt lat="34.831748" lon="99.613087"><ele>3950</ele></trkpt>
      <trkpt lat="34.831351" lon="99.613462"><ele>3949</ele></trkpt>
      <trkpt lat="34.831175" lon="99.613574"><ele>3949</ele></trkpt>
      <trkpt lat="34.830876" lon="99.613643"><ele>3949</ele></trkpt>
      <trkpt lat="34.830695" lon="99.613741"><ele>3950</ele></trkpt>
      <trkpt lat="34.830532" lon="99.613854"><ele>3950</ele></trkpt>
      <trkpt lat="34.830102" lon="99.614327"><ele>3945</ele></trkpt>
      <trkpt lat="34.829861" lon="99.614569"><ele>3944</ele></trkpt>
      <trkpt lat="34.829709" lon="99.614753"><ele>3944</ele></trkpt>
      <trkpt lat="34.829589" lon="99.61539"><ele>3944</ele></trkpt>
      <trkpt lat="34.829506" lon="99.615751"><ele>3945</ele></trkpt>
      <trkpt lat="34.829484" lon="99.615995"><ele>3945</ele></trkpt>
      <trkpt lat="34.829445" lon="99.616111"><ele>3945</ele></trkpt>
      <trkpt lat="34.829256" lon="99.616394"><ele>3945</ele></trkpt>
      <trkpt lat="34.829099" lon="99.616712"><ele>3945</ele></trkpt>
      <trkpt lat="34.82897" lon="99.616898"><ele>3945</ele></trkpt>
      <trkpt lat="34.828912" lon="99.617"><ele>3945</ele></trkpt>
      <trkpt lat="34.828719" lon="99.617256"><ele>3945</ele></trkpt>
      <trkpt lat="34.828471" lon="99.617645"><ele>3946</ele></trkpt>
      <trkpt lat="34.82824" lon="99.617918"><ele>3947</ele></trkpt>
      <trkpt lat="34.828184" lon="99.618022"><ele>3947</ele></trkpt>
      <trkpt lat="34.828136" lon="99.618135"><ele>3947</ele></trkpt>
      <trkpt lat="34.828104" lon="99.618261"><ele>3948</ele></trkpt>
      <trkpt lat="34.8281" lon="99.618394"><ele>3948</ele></trkpt>
      <trkpt lat="34.82812" lon="99.618521"><ele>3948</ele></trkpt>
      <trkpt lat="34.828179" lon="99.618625"><ele>3948</ele></trkpt>
      <trkpt lat="34.828257" lon="99.618715"><ele>3948</ele></trkpt>
      <trkpt lat="34.828267" lon="99.618817"><ele>3947</ele></trkpt>
      <trkpt lat="34.828086" lon="99.619238"><ele>3945</ele></trkpt>
      <trkpt lat="34.82805" lon="99.619345"><ele>3944</ele></trkpt>
      <trkpt lat="34.828036" lon="99.619467"><ele>3944</ele></trkpt>
      <trkpt lat="34.828056" lon="99.619579"><ele>3943</ele></trkpt>
      <trkpt lat="34.828331" lon="99.620224"><ele>3940</ele></trkpt>
      <trkpt lat="34.828394" lon="99.620448"><ele>3939</ele></trkpt>
      <trkpt lat="34.82838" lon="99.620565"><ele>3940</ele></trkpt>
      <trkpt lat="34.828349" lon="99.620682"><ele>3942</ele></trkpt>
      <trkpt lat="34.828299" lon="99.620794"><ele>3944</ele></trkpt>
      <trkpt lat="34.828128" lon="99.62089"><ele>3947</ele></trkpt>
      <trkpt lat="34.828056" lon="99.62096"><ele>3949</ele></trkpt>
      <trkpt lat="34.828013" lon="99.621069"><ele>3950</ele></trkpt>
      <trkpt lat="34.827947" lon="99.621312"><ele>3954</ele></trkpt>
      <trkpt lat="34.827818" lon="99.621517"><ele>3956</ele></trkpt>
      <trkpt lat="34.827674" lon="99.621703"><ele>3957</ele></trkpt>
      <trkpt lat="34.827434" lon="99.622111"><ele>3958</ele></trkpt>
      <trkpt lat="34.827283" lon="99.62229"><ele>3958</ele></trkpt>
      <trkpt lat="34.827146" lon="99.622474"><ele>3958</ele></trkpt>
      <trkpt lat="34.827072" lon="99.622558"><ele>3959</ele></trkpt>
      <trkpt lat="34.826916" lon="99.62271"><ele>3959</ele></trkpt>
      <trkpt lat="34.82684" lon="99.6228"><ele>3959</ele></trkpt>
      <trkpt lat="34.826437" lon="99.62334"><ele>3957</ele></trkpt>
      <trkpt lat="34.826348" lon="99.623415"><ele>3957</ele></trkpt>
      <trkpt lat="34.826198" lon="99.623581"><ele>3957</ele></trkpt>
      <trkpt lat="34.826074" lon="99.623779"><ele>3957</ele></trkpt>
      <trkpt lat="34.825988" lon="99.623992"><ele>3957</ele></trkpt>
      <trkpt lat="34.82584" lon="99.624306"><ele>3956</ele></trkpt>
      <trkpt lat="34.825774" lon="99.624409"><ele>3955</ele></trkpt>
      <trkpt lat="34.825692" lon="99.624496"><ele>3954</ele></trkpt>
      <trkpt lat="34.825598" lon="99.624535"><ele>3954</ele></trkpt>
      <trkpt lat="34.825518" lon="99.624592"><ele>3953</ele></trkpt>
      <trkpt lat="34.825446" lon="99.624674"><ele>3953</ele></trkpt>
      <trkpt lat="34.825138" lon="99.625137"><ele>3951</ele></trkpt>
      <trkpt lat="34.824946" lon="99.625406"><ele>3949</ele></trkpt>
      <trkpt lat="34.824824" lon="99.625599"><ele>3948</ele></trkpt>
      <trkpt lat="34.824713" lon="99.625795"><ele>3946</ele></trkpt>
      <trkpt lat="34.824438" lon="99.62618"><ele>3944</ele></trkpt>
      <trkpt lat="34.824372" lon="99.626284"><ele>3943</ele></trkpt>
      <trkpt lat="34.82423" lon="99.626581"><ele>3940</ele></trkpt>
      <trkpt lat="34.824167" lon="99.626664"><ele>3940</ele></trkpt>
      <trkpt lat="34.824013" lon="99.626829"><ele>3940</ele></trkpt>
      <trkpt lat="34.823802" lon="99.6271"><ele>3938</ele></trkpt>
      <trkpt lat="34.82367" lon="99.627296"><ele>3937</ele></trkpt>
      <trkpt lat="34.823556" lon="99.627509"><ele>3937</ele></trkpt>
      <trkpt lat="34.823418" lon="99.627844"><ele>3937</ele></trkpt>
      <trkpt lat="34.823296" lon="99.628167"><ele>3936</ele></trkpt>
      <trkpt lat="34.823204" lon="99.62838"><ele>3936</ele></trkpt>
      <trkpt lat="34.823128" lon="99.628597"><ele>3936</ele></trkpt>
      <trkpt lat="34.822995" lon="99.628934"><ele>3935</ele></trkpt>
      <trkpt lat="34.822999" lon="99.628971"><ele>3934</ele></trkpt>
      <trkpt lat="34.822891" lon="99.629279"><ele>3932</ele></trkpt>
      <trkpt lat="34.822725" lon="99.629578"><ele>3931</ele></trkpt>
      <trkpt lat="34.822683" lon="99.629681"><ele>3930</ele></trkpt>
      <trkpt lat="34.822577" lon="99.630019"><ele>3927</ele></trkpt>
      <trkpt lat="34.822557" lon="99.630139"><ele>3925</ele></trkpt>
      <trkpt lat="34.822556" lon="99.630264"><ele>3923</ele></trkpt>
      <trkpt lat="34.82254" lon="99.630382"><ele>3921</ele></trkpt>
      <trkpt lat="34.822401" lon="99.63093"><ele>3923</ele></trkpt>
      <trkpt lat="34.822366" lon="99.631045"><ele>3924</ele></trkpt>
      <trkpt lat="34.822231" lon="99.631354"><ele>3926</ele></trkpt>
      <trkpt lat="34.822162" lon="99.631566"><ele>3928</ele></trkpt>
      <trkpt lat="34.82202" lon="99.632232"><ele>3928</ele></trkpt>
      <trkpt lat="34.821897" lon="99.632665"><ele>3925</ele></trkpt>
      <trkpt lat="34.821816" lon="99.632999"><ele>3923</ele></trkpt>
      <trkpt lat="34.82169" lon="99.633331"><ele>3920</ele></trkpt>
      <trkpt lat="34.821574" lon="99.633672"><ele>3916</ele></trkpt>
      <trkpt lat="34.8215" lon="99.633899"><ele>3913</ele></trkpt>
      <trkpt lat="34.821472" lon="99.634017"><ele>3911</ele></trkpt>
      <trkpt lat="34.821458" lon="99.63413"><ele>3910</ele></trkpt>
      <trkpt lat="34.82143" lon="99.634607"><ele>3908</ele></trkpt>
      <trkpt lat="34.821394" lon="99.634946"><ele>3909</ele></trkpt>
      <trkpt lat="34.82125" lon="99.635642"><ele>3909</ele></trkpt>
      <trkpt lat="34.821165" lon="99.636111"><ele>3910</ele></trkpt>
      <trkpt lat="34.821135" lon="99.636346"><ele>3910</ele></trkpt>
      <trkpt lat="34.821087" lon="99.636571"><ele>3910</ele></trkpt>
      <trkpt lat="34.821066" lon="99.637142"><ele>3911</ele></trkpt>
      <trkpt lat="34.821018" lon="99.637712"><ele>3909</ele></trkpt>
      <trkpt lat="34.820997" lon="99.638063"><ele>3909</ele></trkpt>
      <trkpt lat="34.82097" lon="99.638288"><ele>3908</ele></trkpt>
      <trkpt lat="34.820891" lon="99.638671"><ele>3907</ele></trkpt>
      <trkpt lat="34.820887" lon="99.638807"><ele>3907</ele></trkpt>
      <trkpt lat="34.820772" lon="99.639498"><ele>3906</ele></trkpt>
      <trkpt lat="34.820743" lon="99.639829"><ele>3906</ele></trkpt>
      <trkpt lat="34.82067" lon="99.640162"><ele>3904</ele></trkpt>
      <trkpt lat="34.820692" lon="99.640516"><ele>3902</ele></trkpt>
      <trkpt lat="34.820645" lon="99.640552"><ele>3901</ele></trkpt>
      <trkpt lat="34.820585" lon="99.640646"><ele>3897</ele></trkpt>
      <trkpt lat="34.820553" lon="99.640787"><ele>3894</ele></trkpt>
      <trkpt lat="34.820495" lon="99.641167"><ele>3890</ele></trkpt>
      <trkpt lat="34.820453" lon="99.641645"><ele>3887</ele></trkpt>
      <trkpt lat="34.820318" lon="99.6422"><ele>3887</ele></trkpt>
      <trkpt lat="34.82029" lon="99.64258"><ele>3887</ele></trkpt>
      <trkpt lat="34.820211" lon="99.643066"><ele>3885</ele></trkpt>
      <trkpt lat="34.820199" lon="99.643193"><ele>3885</ele></trkpt>
      <trkpt lat="34.820185" lon="99.643698"><ele>3884</ele></trkpt>
      <trkpt lat="34.82017" lon="99.64395"><ele>3883</ele></trkpt>
      <trkpt lat="34.820126" lon="99.644467"><ele>3882</ele></trkpt>
      <trkpt lat="34.820019" lon="99.645441"><ele>3877</ele></trkpt>
      <trkpt lat="34.819907" lon="99.646173"><ele>3873</ele></trkpt>
      <trkpt lat="34.819831" lon="99.646397"><ele>3872</ele></trkpt>
      <trkpt lat="34.819782" lon="99.646507"><ele>3874</ele></trkpt>
      <trkpt lat="34.819732" lon="99.646739"><ele>3872</ele></trkpt>
      <trkpt lat="34.81971" lon="99.646992"><ele>3868</ele></trkpt>
      <trkpt lat="34.819724" lon="99.647107"><ele>3866</ele></trkpt>
      <trkpt lat="34.819707" lon="99.64724"><ele>3865</ele></trkpt>
      <trkpt lat="34.819654" lon="99.647482"><ele>3866</ele></trkpt>
      <trkpt lat="34.819584" lon="99.647963"><ele>3869</ele></trkpt>
      <trkpt lat="34.819576" lon="99.648082"><ele>3869</ele></trkpt>
      <trkpt lat="34.819582" lon="99.648463"><ele>3869</ele></trkpt>
      <trkpt lat="34.81957" lon="99.648585"><ele>3869</ele></trkpt>
      <trkpt lat="34.819571" lon="99.648824"><ele>3868</ele></trkpt>
      <trkpt lat="34.819528" lon="99.649308"><ele>3866</ele></trkpt>
      <trkpt lat="34.819476" lon="99.649554"><ele>3864</ele></trkpt>
      <trkpt lat="34.819433" lon="99.649672"><ele>3863</ele></trkpt>
      <trkpt lat="34.819336" lon="99.650016"><ele>3860</ele></trkpt>
      <trkpt lat="34.819217" lon="99.650342"><ele>3857</ele></trkpt>
      <trkpt lat="34.819168" lon="99.650454"><ele>3856</ele></trkpt>
      <trkpt lat="34.81911" lon="99.650566"><ele>3855</ele></trkpt>
      <trkpt lat="34.81904" lon="99.650666"><ele>3855</ele></trkpt>
      <trkpt lat="34.818956" lon="99.650748"><ele>3854</ele></trkpt>
      <trkpt lat="34.818864" lon="99.650814"><ele>3853</ele></trkpt>
      <trkpt lat="34.818781" lon="99.6509"><ele>3852</ele></trkpt>
      <trkpt lat="34.818714" lon="99.650999"><ele>3851</ele></trkpt>
      <trkpt lat="34.818666" lon="99.651121"><ele>3849</ele></trkpt>
      <trkpt lat="34.81856" lon="99.651471"><ele>3847</ele></trkpt>
      <trkpt lat="34.818502" lon="99.651711"><ele>3845</ele></trkpt>
      <trkpt lat="34.818486" lon="99.651836"><ele>3844</ele></trkpt>
      <trkpt lat="34.818486" lon="99.651952"><ele>3843</ele></trkpt>
      <trkpt lat="34.818463" lon="99.652223"><ele>3841</ele></trkpt>
      <trkpt lat="34.818465" lon="99.652601"><ele>3838</ele></trkpt>
      <trkpt lat="34.818476" lon="99.65266"><ele>3838</ele></trkpt>
      <trkpt lat="34.818477" lon="99.652866"><ele>3836</ele></trkpt>
      <trkpt lat="34.818458" lon="99.653124"><ele>3836</ele></trkpt>
      <trkpt lat="34.818469" lon="99.653379"><ele>3836</ele></trkpt>
      <trkpt lat="34.818494" lon="99.653617"><ele>3836</ele></trkpt>
      <trkpt lat="34.818489" lon="99.653739"><ele>3836</ele></trkpt>
      <trkpt lat="34.818502" lon="99.653992"><ele>3836</ele></trkpt>
      <trkpt lat="34.81855" lon="99.654099"><ele>3836</ele></trkpt>
      <trkpt lat="34.818717" lon="99.654255"><ele>3835</ele></trkpt>
      <trkpt lat="34.818793" lon="99.654344"><ele>3835</ele></trkpt>
      <trkpt lat="34.81886" lon="99.654446"><ele>3836</ele></trkpt>
      <trkpt lat="34.818908" lon="99.654554"><ele>3836</ele></trkpt>
      <trkpt lat="34.819027" lon="99.654755"><ele>3835</ele></trkpt>
      <trkpt lat="34.819121" lon="99.65497"><ele>3833</ele></trkpt>
      <trkpt lat="34.819203" lon="99.65503"><ele>3832</ele></trkpt>
      <trkpt lat="34.819292" lon="99.655076"><ele>3831</ele></trkpt>
      <trkpt lat="34.81959" lon="99.654996"><ele>3827</ele></trkpt>
      <trkpt lat="34.819699" lon="99.654983"><ele>3825</ele></trkpt>
      <trkpt lat="34.819804" lon="99.654995"><ele>3823</ele></trkpt>
      <trkpt lat="34.819901" lon="99.654982"><ele>3821</ele></trkpt>
      <trkpt lat="34.820004" lon="99.654989"><ele>3818</ele></trkpt>
      <trkpt lat="34.820099" lon="99.654967"><ele>3815</ele></trkpt>
      <trkpt lat="34.820193" lon="99.654915"><ele>3812</ele></trkpt>
      <trkpt lat="34.82021" lon="99.654985"><ele>3809</ele></trkpt>
      <trkpt lat="34.820273" lon="99.654994"><ele>3805</ele></trkpt>
      <trkpt lat="34.820272" lon="99.655081"><ele>3802</ele></trkpt>
      <trkpt lat="34.820226" lon="99.65518"><ele>3797</ele></trkpt>
      <trkpt lat="34.820107" lon="99.655388"><ele>3790</ele></trkpt>
      <trkpt lat="34.82004" lon="99.655477"><ele>3786</ele></trkpt>
      <trkpt lat="34.819876" lon="99.655644"><ele>3780</ele></trkpt>
      <trkpt lat="34.819803" lon="99.655743"><ele>3777</ele></trkpt>
      <trkpt lat="34.819625" lon="99.656045"><ele>3770</ele></trkpt>
      <trkpt lat="34.819416" lon="99.656319"><ele>3766</ele></trkpt>
      <trkpt lat="34.819386" lon="99.656433"><ele>3765</ele></trkpt>
      <trkpt lat="34.819338" lon="99.656543"><ele>3764</ele></trkpt>
      <trkpt lat="34.819229" lon="99.656728"><ele>3760</ele></trkpt>
      <trkpt lat="34.819153" lon="99.656807"><ele>3759</ele></trkpt>
      <trkpt lat="34.818862" lon="99.657178"><ele>3759</ele></trkpt>
      <trkpt lat="34.818553" lon="99.657681"><ele>3759</ele></trkpt>
      <trkpt lat="34.818401" lon="99.658011"><ele>3757</ele></trkpt>
      <trkpt lat="34.818342" lon="99.658111"><ele>3757</ele></trkpt>
      <trkpt lat="34.818136" lon="99.6584"><ele>3754</ele></trkpt>
      <trkpt lat="34.818057" lon="99.658491"><ele>3753</ele></trkpt>
      <trkpt lat="34.817966" lon="99.65856"><ele>3751</ele></trkpt>
      <trkpt lat="34.817864" lon="99.658594"><ele>3750</ele></trkpt>
      <trkpt lat="34.817784" lon="99.658521"><ele>3749</ele></trkpt>
      <trkpt lat="34.817751" lon="99.658399"><ele>3749</ele></trkpt>
      <trkpt lat="34.81777" lon="99.658139"><ele>3747</ele></trkpt>
      <trkpt lat="34.817751" lon="99.657965"><ele>3747</ele></trkpt>
      <trkpt lat="34.817665" lon="99.658027"><ele>3748</ele></trkpt>
      <trkpt lat="34.817573" lon="99.65801"><ele>3748</ele></trkpt>
      <trkpt lat="34.817475" lon="99.658013"><ele>3749</ele></trkpt>
      <trkpt lat="34.817413" lon="99.658044"><ele>3749</ele></trkpt>
      <trkpt lat="34.81735" lon="99.658119"><ele>3749</ele></trkpt>
      <trkpt lat="34.817301" lon="99.658226"><ele>3748</ele></trkpt>
      <trkpt lat="34.817231" lon="99.65846"><ele>3746</ele></trkpt>
      <trkpt lat="34.817141" lon="99.658698"><ele>3747</ele></trkpt>
      <trkpt lat="34.81673" lon="99.659521"><ele>3742</ele></trkpt>
      <trkpt lat="34.816598" lon="99.659943"><ele>3740</ele></trkpt>
      <trkpt lat="34.816556" lon="99.660166"><ele>3739</ele></trkpt>
      <trkpt lat="34.81655" lon="99.660297"><ele>3739</ele></trkpt>
      <trkpt lat="34.816556" lon="99.660644"><ele>3742</ele></trkpt>
      <trkpt lat="34.816549" lon="99.660772"><ele>3742</ele></trkpt>
      <trkpt lat="34.816407" lon="99.662503"><ele>3744</ele></trkpt>
      <trkpt lat="34.816348" lon="99.66272"><ele>3744</ele></trkpt>
      <trkpt lat="34.816227" lon="99.663411"><ele>3743</ele></trkpt>
      <trkpt lat="34.816048" lon="99.66421"><ele>3740</ele></trkpt>
      <trkpt lat="34.815844" lon="99.664886"><ele>3739</ele></trkpt>
      <trkpt lat="34.815762" lon="99.665094"><ele>3738</ele></trkpt>
      <trkpt lat="34.815741" lon="99.665204"><ele>3737</ele></trkpt>
      <trkpt lat="34.815673" lon="99.665439"><ele>3736</ele></trkpt>
      <trkpt lat="34.815561" lon="99.665768"><ele>3737</ele></trkpt>
      <trkpt lat="34.815382" lon="99.666178"><ele>3738</ele></trkpt>
      <trkpt lat="34.814992" lon="99.666881"><ele>3736</ele></trkpt>
      <trkpt lat="34.814897" lon="99.667102"><ele>3736</ele></trkpt>
      <trkpt lat="34.81478" lon="99.667302"><ele>3736</ele></trkpt>
      <trkpt lat="34.814597" lon="99.667569"><ele>3736</ele></trkpt>
      <trkpt lat="34.814483" lon="99.667766"><ele>3735</ele></trkpt>
      <trkpt lat="34.814444" lon="99.667877"><ele>3734</ele></trkpt>
      <trkpt lat="34.814291" lon="99.668195"><ele>3734</ele></trkpt>
      <trkpt lat="34.813921" lon="99.668909"><ele>3731</ele></trkpt>
      <trkpt lat="34.813803" lon="99.66911"><ele>3730</ele></trkpt>
      <trkpt lat="34.813665" lon="99.669286"><ele>3728</ele></trkpt>
      <trkpt lat="34.813483" lon="99.669602"><ele>3727</ele></trkpt>
      <trkpt lat="34.813384" lon="99.669822"><ele>3726</ele></trkpt>
      <trkpt lat="34.813251" lon="99.670253"><ele>3724</ele></trkpt>
      <trkpt lat="34.813204" lon="99.67036"><ele>3723</ele></trkpt>
      <trkpt lat="34.813074" lon="99.670556"><ele>3724</ele></trkpt>
      <trkpt lat="34.812909" lon="99.670732"><ele>3724</ele></trkpt>
      <trkpt lat="34.812744" lon="99.670861"><ele>3723</ele></trkpt>
      <trkpt lat="34.81257" lon="99.67098"><ele>3722</ele></trkpt>
      <trkpt lat="34.812497" lon="99.671051"><ele>3721</ele></trkpt>
      <trkpt lat="34.81243" lon="99.671132"><ele>3720</ele></trkpt>
      <trkpt lat="34.812226" lon="99.671422"><ele>3719</ele></trkpt>
      <trkpt lat="34.812102" lon="99.671628"><ele>3721</ele></trkpt>
      <trkpt lat="34.811791" lon="99.672267"><ele>3720</ele></trkpt>
      <trkpt lat="34.81156" lon="99.672661"><ele>3719</ele></trkpt>
      <trkpt lat="34.811515" lon="99.672759"><ele>3719</ele></trkpt>
      <trkpt lat="34.811441" lon="99.672968"><ele>3717</ele></trkpt>
      <trkpt lat="34.811229" lon="99.67337"><ele>3715</ele></trkpt>
      <trkpt lat="34.810958" lon="99.673992"><ele>3717</ele></trkpt>
      <trkpt lat="34.81075" lon="99.674372"><ele>3715</ele></trkpt>
      <trkpt lat="34.810609" lon="99.674691"><ele>3715</ele></trkpt>
      <trkpt lat="34.81053" lon="99.674924"><ele>3714</ele></trkpt>
      <trkpt lat="34.81047" lon="99.675171"><ele>3714</ele></trkpt>
      <trkpt lat="34.810393" lon="99.675553"><ele>3714</ele></trkpt>
      <trkpt lat="34.810227" lon="99.676124"><ele>3712</ele></trkpt>
      <trkpt lat="34.810149" lon="99.676351"><ele>3712</ele></trkpt>
      <trkpt lat="34.8101" lon="99.676457"><ele>3712</ele></trkpt>
      <trkpt lat="34.809994" lon="99.67665"><ele>3710</ele></trkpt>
      <trkpt lat="34.809933" lon="99.67675"><ele>3709</ele></trkpt>
      <trkpt lat="34.809857" lon="99.67684"><ele>3709</ele></trkpt>
      <trkpt lat="34.809679" lon="99.676985"><ele>3709</ele></trkpt>
      <trkpt lat="34.809505" lon="99.677109"><ele>3709</ele></trkpt>
      <trkpt lat="34.809343" lon="99.677275"><ele>3709</ele></trkpt>
      <trkpt lat="34.809198" lon="99.677462"><ele>3708</ele></trkpt>
      <trkpt lat="34.809131" lon="99.677563"><ele>3708</ele></trkpt>
      <trkpt lat="34.809056" lon="99.677651"><ele>3708</ele></trkpt>
      <trkpt lat="34.808807" lon="99.678037"><ele>3705</ele></trkpt>
      <trkpt lat="34.808601" lon="99.678308"><ele>3704</ele></trkpt>
      <trkpt lat="34.808483" lon="99.678513"><ele>3704</ele></trkpt>
      <trkpt lat="34.80847" lon="99.678592"><ele>3705</ele></trkpt>
      <trkpt lat="34.808267" lon="99.678814"><ele>3705</ele></trkpt>
      <trkpt lat="34.808194" lon="99.678907"><ele>3705</ele></trkpt>
      <trkpt lat="34.808062" lon="99.679103"><ele>3705</ele></trkpt>
      <trkpt lat="34.807777" lon="99.679436"><ele>3706</ele></trkpt>
      <trkpt lat="34.807509" lon="99.67965"><ele>3704</ele></trkpt>
      <trkpt lat="34.807266" lon="99.679889"><ele>3704</ele></trkpt>
      <trkpt lat="34.807088" lon="99.680172"><ele>3702</ele></trkpt>
      <trkpt lat="34.806801" lon="99.680678"><ele>3700</ele></trkpt>
      <trkpt lat="34.806548" lon="99.681071"><ele>3697</ele></trkpt>
      <trkpt lat="34.806475" lon="99.681152"><ele>3697</ele></trkpt>
      <trkpt lat="34.806422" lon="99.681194"><ele>3697</ele></trkpt>
      <trkpt lat="34.806235" lon="99.681458"><ele>3697</ele></trkpt>
      <trkpt lat="34.806163" lon="99.681537"><ele>3696</ele></trkpt>
      <trkpt lat="34.80593" lon="99.681753"><ele>3693</ele></trkpt>
      <trkpt lat="34.805698" lon="99.681986"><ele>3690</ele></trkpt>
      <trkpt lat="34.805553" lon="99.682155"><ele>3689</ele></trkpt>
      <trkpt lat="34.80536" lon="99.682432"><ele>3686</ele></trkpt>
      <trkpt lat="34.805209" lon="99.682607"><ele>3685</ele></trkpt>
      <trkpt lat="34.804906" lon="99.682927"><ele>3683</ele></trkpt>
      <trkpt lat="34.804835" lon="99.683016"><ele>3683</ele></trkpt>
      <trkpt lat="34.804718" lon="99.683219"><ele>3682</ele></trkpt>
      <trkpt lat="34.804667" lon="99.683329"><ele>3682</ele></trkpt>
      <trkpt lat="34.804535" lon="99.683677"><ele>3683</ele></trkpt>
      <trkpt lat="34.804463" lon="99.683917"><ele>3684</ele></trkpt>
      <trkpt lat="34.804436" lon="99.684038"><ele>3685</ele></trkpt>
      <trkpt lat="34.804401" lon="99.684276"><ele>3685</ele></trkpt>
      <trkpt lat="34.804368" lon="99.684394"><ele>3685</ele></trkpt>
      <trkpt lat="34.804314" lon="99.684497"><ele>3685</ele></trkpt>
      <trkpt lat="34.804236" lon="99.684584"><ele>3684</ele></trkpt>
      <trkpt lat="34.804156" lon="99.684652"><ele>3683</ele></trkpt>
      <trkpt lat="34.803773" lon="99.684937"><ele>3679</ele></trkpt>
      <trkpt lat="34.803586" lon="99.68509"><ele>3677</ele></trkpt>
      <trkpt lat="34.803348" lon="99.685362"><ele>3676</ele></trkpt>
      <trkpt lat="34.80329" lon="99.685466"><ele>3676</ele></trkpt>
      <trkpt lat="34.803215" lon="99.685559"><ele>3677</ele></trkpt>
      <trkpt lat="34.803068" lon="99.685716"><ele>3677</ele></trkpt>
      <trkpt lat="34.803" lon="99.685806"><ele>3677</ele></trkpt>
      <trkpt lat="34.802939" lon="99.685908"><ele>3677</ele></trkpt>
      <trkpt lat="34.802663" lon="99.686442"><ele>3676</ele></trkpt>
      <trkpt lat="34.802477" lon="99.686875"><ele>3676</ele></trkpt>
      <trkpt lat="34.802257" lon="99.687292"><ele>3676</ele></trkpt>
      <trkpt lat="34.80214" lon="99.687487"><ele>3677</ele></trkpt>
      <trkpt lat="34.802087" lon="99.687599"><ele>3678</ele></trkpt>
      <trkpt lat="34.802023" lon="99.687832"><ele>3679</ele></trkpt>
      <trkpt lat="34.80195" lon="99.688304"><ele>3681</ele></trkpt>
      <trkpt lat="34.801906" lon="99.688421"><ele>3682</ele></trkpt>
      <trkpt lat="34.80183" lon="99.688514"><ele>3682</ele></trkpt>
      <trkpt lat="34.801577" lon="99.688705"><ele>3683</ele></trkpt>
      <trkpt lat="34.801418" lon="99.688848"><ele>3682</ele></trkpt>
      <trkpt lat="34.801268" lon="99.688992"><ele>3681</ele></trkpt>
      <trkpt lat="34.801127" lon="99.68915"><ele>3680</ele></trkpt>
      <trkpt lat="34.800867" lon="99.689528"><ele>3678</ele></trkpt>
      <trkpt lat="34.800632" lon="99.689906"><ele>3677</ele></trkpt>
      <trkpt lat="34.800372" lon="99.690258"><ele>3676</ele></trkpt>
      <trkpt lat="34.799706" lon="99.691295"><ele>3677</ele></trkpt>
      <trkpt lat="34.79958" lon="99.691454"><ele>3677</ele></trkpt>
      <trkpt lat="34.799045" lon="99.692054"><ele>3673</ele></trkpt>
      <trkpt lat="34.798728" lon="99.692365"><ele>3671</ele></trkpt>
      <trkpt lat="34.798158" lon="99.692877"><ele>3670</ele></trkpt>
      <trkpt lat="34.797921" lon="99.693121"><ele>3668</ele></trkpt>
      <trkpt lat="34.797774" lon="99.693288"><ele>3668</ele></trkpt>
      <trkpt lat="34.797503" lon="99.693638"><ele>3668</ele></trkpt>
      <trkpt lat="34.797374" lon="99.693831"><ele>3668</ele></trkpt>
      <trkpt lat="34.797256" lon="99.694029"><ele>3669</ele></trkpt>
      <trkpt lat="34.797126" lon="99.69421"><ele>3668</ele></trkpt>
      <trkpt lat="34.79695" lon="99.694352"><ele>3668</ele></trkpt>
      <trkpt lat="34.796726" lon="99.694557"><ele>3667</ele></trkpt>
      <trkpt lat="34.796556" lon="99.694661"><ele>3667</ele></trkpt>
      <trkpt lat="34.796365" lon="99.694739"><ele>3665</ele></trkpt>
      <trkpt lat="34.795901" lon="99.694884"><ele>3665</ele></trkpt>
      <trkpt lat="34.795803" lon="99.694897"><ele>3665</ele></trkpt>
      <trkpt lat="34.795711" lon="99.694896"><ele>3666</ele></trkpt>
      <trkpt lat="34.795624" lon="99.694929"><ele>3666</ele></trkpt>
      <trkpt lat="34.795434" lon="99.694978"><ele>3666</ele></trkpt>
      <trkpt lat="34.795213" lon="99.69502"><ele>3665</ele></trkpt>
      <trkpt lat="34.795007" lon="99.695083"><ele>3664</ele></trkpt>
      <trkpt lat="34.794505" lon="99.695177"><ele>3661</ele></trkpt>
      <trkpt lat="34.794213" lon="99.695257"><ele>3660</ele></trkpt>
      <trkpt lat="34.794019" lon="99.695331"><ele>3660</ele></trkpt>
      <trkpt lat="34.793738" lon="99.695493"><ele>3660</ele></trkpt>
      <trkpt lat="34.793653" lon="99.695557"><ele>3660</ele></trkpt>
      <trkpt lat="34.793566" lon="99.69564"><ele>3659</ele></trkpt>
      <trkpt lat="34.793412" lon="99.695824"><ele>3659</ele></trkpt>
      <trkpt lat="34.793062" lon="99.696311"><ele>3658</ele></trkpt>
      <trkpt lat="34.792728" lon="99.696797"><ele>3659</ele></trkpt>
      <trkpt lat="34.792615" lon="99.696999"><ele>3659</ele></trkpt>
      <trkpt lat="34.792415" lon="99.697286"><ele>3657</ele></trkpt>
      <trkpt lat="34.792188" lon="99.697573"><ele>3656</ele></trkpt>
      <trkpt lat="34.791965" lon="99.697806"><ele>3655</ele></trkpt>
      <trkpt lat="34.791907" lon="99.697907"><ele>3654</ele></trkpt>
      <trkpt lat="34.791829" lon="99.697994"><ele>3654</ele></trkpt>
      <trkpt lat="34.791742" lon="99.69807"><ele>3654</ele></trkpt>
      <trkpt lat="34.791038" lon="99.698584"><ele>3656</ele></trkpt>
      <trkpt lat="34.790715" lon="99.698843"><ele>3655</ele></trkpt>
      <trkpt lat="34.790475" lon="99.699054"><ele>3654</ele></trkpt>
      <trkpt lat="34.790286" lon="99.699182"><ele>3652</ele></trkpt>
      <trkpt lat="34.790094" lon="99.699297"><ele>3649</ele></trkpt>
      <trkpt lat="34.789756" lon="99.699535"><ele>3647</ele></trkpt>
      <trkpt lat="34.789492" lon="99.699739"><ele>3649</ele></trkpt>
      <trkpt lat="34.789253" lon="99.699953"><ele>3650</ele></trkpt>
      <trkpt lat="34.789165" lon="99.700044"><ele>3650</ele></trkpt>
      <trkpt lat="34.788975" lon="99.700159"><ele>3651</ele></trkpt>
      <trkpt lat="34.788892" lon="99.700221"><ele>3651</ele></trkpt>
      <trkpt lat="34.788809" lon="99.700292"><ele>3651</ele></trkpt>
      <trkpt lat="34.78857" lon="99.700541"><ele>3649</ele></trkpt>
      <trkpt lat="34.788333" lon="99.700772"><ele>3651</ele></trkpt>
      <trkpt lat="34.788109" lon="99.701014"><ele>3653</ele></trkpt>
      <trkpt lat="34.788037" lon="99.701105"><ele>3654</ele></trkpt>
      <trkpt lat="34.787949" lon="99.701178"><ele>3654</ele></trkpt>
      <trkpt lat="34.787862" lon="99.701226"><ele>3654</ele></trkpt>
      <trkpt lat="34.787798" lon="99.701299"><ele>3654</ele></trkpt>
      <trkpt lat="34.787718" lon="99.701357"><ele>3652</ele></trkpt>
      <trkpt lat="34.78763" lon="99.701341"><ele>3652</ele></trkpt>
      <trkpt lat="34.78756" lon="99.701269"><ele>3652</ele></trkpt>
      <trkpt lat="34.78748" lon="99.701137"><ele>3656</ele></trkpt>
      <trkpt lat="34.787378" lon="99.701185"><ele>3656</ele></trkpt>
      <trkpt lat="34.787281" lon="99.701214"><ele>3657</ele></trkpt>
      <trkpt lat="34.787194" lon="99.701275"><ele>3658</ele></trkpt>
      <trkpt lat="34.787068" lon="99.701442"><ele>3659</ele></trkpt>
      <trkpt lat="34.786853" lon="99.701702"><ele>3661</ele></trkpt>
      <trkpt lat="34.786558" lon="99.701997"><ele>3661</ele></trkpt>
      <trkpt lat="34.786471" lon="99.702072"><ele>3661</ele></trkpt>
      <trkpt lat="34.786376" lon="99.702137"><ele>3662</ele></trkpt>
      <trkpt lat="34.786186" lon="99.702255"><ele>3662</ele></trkpt>
      <trkpt lat="34.78606" lon="99.702313"><ele>3661</ele></trkpt>
      <trkpt lat="34.78595" lon="99.702123"><ele>3660</ele></trkpt>
      <trkpt lat="34.785859" lon="99.701824"><ele>3653</ele></trkpt>
      <trkpt lat="34.785848" lon="99.701723"><ele>3652</ele></trkpt>
      <trkpt lat="34.785816" lon="99.701615"><ele>3653</ele></trkpt>
      <trkpt lat="34.785767" lon="99.701509"><ele>3653</ele></trkpt>
      <trkpt lat="34.785697" lon="99.701408"><ele>3653</ele></trkpt>
      <trkpt lat="34.785635" lon="99.701296"><ele>3653</ele></trkpt>
      <trkpt lat="34.785551" lon="99.701296"><ele>3654</ele></trkpt>
      <trkpt lat="34.785236" lon="99.701371"><ele>3653</ele></trkpt>
      <trkpt lat="34.785125" lon="99.701406"><ele>3651</ele></trkpt>
      <trkpt lat="34.78503" lon="99.701366"><ele>3649</ele></trkpt>
      <trkpt lat="34.784966" lon="99.701281"><ele>3650</ele></trkpt>
      <trkpt lat="34.784826" lon="99.700974"><ele>3653</ele></trkpt>
      <trkpt lat="34.784742" lon="99.700746"><ele>3655</ele></trkpt>
      <trkpt lat="34.784707" lon="99.700617"><ele>3657</ele></trkpt>
      <trkpt lat="34.784666" lon="99.700363"><ele>3657</ele></trkpt>
      <trkpt lat="34.784659" lon="99.700248"><ele>3657</ele></trkpt>
      <trkpt lat="34.78471" lon="99.699922"><ele>3654</ele></trkpt>
      <trkpt lat="34.784734" lon="99.699547"><ele>3651</ele></trkpt>
      <trkpt lat="34.784733" lon="99.699424"><ele>3650</ele></trkpt>
      <trkpt lat="34.784713" lon="99.699295"><ele>3649</ele></trkpt>
      <trkpt lat="34.784681" lon="99.699178"><ele>3649</ele></trkpt>
      <trkpt lat="34.784594" lon="99.698938"><ele>3649</ele></trkpt>
      <trkpt lat="34.78448" lon="99.698718"><ele>3651</ele></trkpt>
      <trkpt lat="34.784415" lon="99.698641"><ele>3652</ele></trkpt>
      <trkpt lat="34.784334" lon="99.698581"><ele>3653</ele></trkpt>
      <trkpt lat="34.784244" lon="99.698565"><ele>3654</ele></trkpt>
      <trkpt lat="34.784054" lon="99.698578"><ele>3654</ele></trkpt>
      <trkpt lat="34.783958" lon="99.69854"><ele>3652</ele></trkpt>
      <trkpt lat="34.783874" lon="99.698464"><ele>3653</ele></trkpt>
      <trkpt lat="34.783728" lon="99.698304"><ele>3653</ele></trkpt>
      <trkpt lat="34.783637" lon="99.698243"><ele>3653</ele></trkpt>
      <trkpt lat="34.783541" lon="99.698204"><ele>3653</ele></trkpt>
      <trkpt lat="34.783221" lon="99.698147"><ele>3650</ele></trkpt>
      <trkpt lat="34.782825" lon="99.698028"><ele>3648</ele></trkpt>
      <trkpt lat="34.782733" lon="99.69799"><ele>3648</ele></trkpt>
      <trkpt lat="34.782544" lon="99.697881"><ele>3648</ele></trkpt>
      <trkpt lat="34.782461" lon="99.697822"><ele>3650</ele></trkpt>
      <trkpt lat="34.782385" lon="99.697748"><ele>3650</ele></trkpt>
      <trkpt lat="34.782318" lon="99.697656"><ele>3651</ele></trkpt>
      <trkpt lat="34.782196" lon="99.697458"><ele>3651</ele></trkpt>
      <trkpt lat="34.782094" lon="99.697249"><ele>3653</ele></trkpt>
      <trkpt lat="34.782058" lon="99.697131"><ele>3654</ele></trkpt>
      <trkpt lat="34.782039" lon="99.697013"><ele>3655</ele></trkpt>
      <trkpt lat="34.782004" lon="99.696616"><ele>3660</ele></trkpt>
      <trkpt lat="34.781968" lon="99.696505"><ele>3661</ele></trkpt>
      <trkpt lat="34.781914" lon="99.696414"><ele>3661</ele></trkpt>
      <trkpt lat="34.781782" lon="99.696258"><ele>3661</ele></trkpt>
      <trkpt lat="34.781675" lon="99.696071"><ele>3661</ele></trkpt>
      <trkpt lat="34.781611" lon="99.695989"><ele>3662</ele></trkpt>
      <trkpt lat="34.781532" lon="99.695923"><ele>3662</ele></trkpt>
      <trkpt lat="34.781273" lon="99.695801"><ele>3661</ele></trkpt>
      <trkpt lat="34.781089" lon="99.695688"><ele>3659</ele></trkpt>
      <trkpt lat="34.780991" lon="99.695658"><ele>3659</ele></trkpt>
      <trkpt lat="34.780701" lon="99.695617"><ele>3657</ele></trkpt>
      <trkpt lat="34.780607" lon="99.69557"><ele>3656</ele></trkpt>
      <trkpt lat="34.780428" lon="99.69544"><ele>3654</ele></trkpt>
      <trkpt lat="34.78019" lon="99.695209"><ele>3651</ele></trkpt>
      <trkpt lat="34.780026" lon="99.695097"><ele>3650</ele></trkpt>
      <trkpt lat="34.779939" lon="99.695023"><ele>3648</ele></trkpt>
      <trkpt lat="34.779455" lon="99.694578"><ele>3654</ele></trkpt>
      <trkpt lat="34.779305" lon="99.694415"><ele>3658</ele></trkpt>
      <trkpt lat="34.779134" lon="99.694272"><ele>3662</ele></trkpt>
      <trkpt lat="34.779055" lon="99.694184"><ele>3663</ele></trkpt>
      <trkpt lat="34.778782" lon="99.693839"><ele>3667</ele></trkpt>
      <trkpt lat="34.778483" lon="99.693504"><ele>3664</ele></trkpt>
      <trkpt lat="34.778114" lon="99.693048"><ele>3661</ele></trkpt>
      <trkpt lat="34.777873" lon="99.692694"><ele>3659</ele></trkpt>
      <trkpt lat="34.777797" lon="99.69262"><ele>3658</ele></trkpt>
      <trkpt lat="34.777629" lon="99.692495"><ele>3658</ele></trkpt>
      <trkpt lat="34.777355" lon="99.692354"><ele>3661</ele></trkpt>
      <trkpt lat="34.777275" lon="99.692287"><ele>3661</ele></trkpt>
      <trkpt lat="34.777133" lon="99.692103"><ele>3663</ele></trkpt>
      <trkpt lat="34.777058" lon="99.69202"><ele>3664</ele></trkpt>
      <trkpt lat="34.776964" lon="99.691972"><ele>3664</ele></trkpt>
      <trkpt lat="34.776865" lon="99.691949"><ele>3665</ele></trkpt>
      <trkpt lat="34.776579" lon="99.691937"><ele>3667</ele></trkpt>
      <trkpt lat="34.77648" lon="99.691898"><ele>3667</ele></trkpt>
      <trkpt lat="34.776396" lon="99.691816"><ele>3668</ele></trkpt>
      <trkpt lat="34.776265" lon="99.691449"><ele>3671</ele></trkpt>
      <trkpt lat="34.776198" lon="99.691357"><ele>3672</ele></trkpt>
      <trkpt lat="34.776116" lon="99.691305"><ele>3673</ele></trkpt>
      <trkpt lat="34.776009" lon="99.6913"><ele>3673</ele></trkpt>
      <trkpt lat="34.7758" lon="99.691345"><ele>3671</ele></trkpt>
      <trkpt lat="34.7757" lon="99.691352"><ele>3671</ele></trkpt>
      <trkpt lat="34.775603" lon="99.691323"><ele>3670</ele></trkpt>
      <trkpt lat="34.775421" lon="99.691245"><ele>3669</ele></trkpt>
      <trkpt lat="34.775323" lon="99.691222"><ele>3669</ele></trkpt>
      <trkpt lat="34.77504" lon="99.691252"><ele>3670</ele></trkpt>
      <trkpt lat="34.774937" lon="99.691243"><ele>3669</ele></trkpt>
      <trkpt lat="34.774727" lon="99.691201"><ele>3667</ele></trkpt>
      <trkpt lat="34.774637" lon="99.691166"><ele>3665</ele></trkpt>
      <trkpt lat="34.774557" lon="99.691097"><ele>3664</ele></trkpt>
      <trkpt lat="34.774489" lon="99.690994"><ele>3664</ele></trkpt>
      <trkpt lat="34.77441" lon="99.690933"><ele>3663</ele></trkpt>
      <trkpt lat="34.774231" lon="99.690855"><ele>3663</ele></trkpt>
      <trkpt lat="34.774153" lon="99.690787"><ele>3664</ele></trkpt>
      <trkpt lat="34.774011" lon="99.690612"><ele>3664</ele></trkpt>
      <trkpt lat="34.773907" lon="99.690378"><ele>3663</ele></trkpt>
      <trkpt lat="34.77378" lon="99.690039"><ele>3662</ele></trkpt>
      <trkpt lat="34.773726" lon="99.689934"><ele>3661</ele></trkpt>
      <trkpt lat="34.773668" lon="99.689845"><ele>3659</ele></trkpt>
      <trkpt lat="34.773597" lon="99.689778"><ele>3659</ele></trkpt>
      <trkpt lat="34.773503" lon="99.689745"><ele>3659</ele></trkpt>
      <trkpt lat="34.773403" lon="99.689747"><ele>3660</ele></trkpt>
      <trkpt lat="34.773301" lon="99.689773"><ele>3661</ele></trkpt>
      <trkpt lat="34.773201" lon="99.689816"><ele>3663</ele></trkpt>
      <trkpt lat="34.773105" lon="99.689877"><ele>3664</ele></trkpt>
      <trkpt lat="34.773013" lon="99.689952"><ele>3665</ele></trkpt>
      <trkpt lat="34.772947" lon="99.690047"><ele>3665</ele></trkpt>
      <trkpt lat="34.772903" lon="99.690162"><ele>3666</ele></trkpt>
      <trkpt lat="34.772881" lon="99.690252"><ele>3666</ele></trkpt>
      <trkpt lat="34.772922" lon="99.690365"><ele>3666</ele></trkpt>
      <trkpt lat="34.772912" lon="99.690485"><ele>3665</ele></trkpt>
      <trkpt lat="34.772926" lon="99.690602"><ele>3664</ele></trkpt>
      <trkpt lat="34.772927" lon="99.690719"><ele>3664</ele></trkpt>
      <trkpt lat="34.7729" lon="99.690979"><ele>3665</ele></trkpt>
      <trkpt lat="34.772864" lon="99.691104"><ele>3666</ele></trkpt>
      <trkpt lat="34.77279" lon="99.6912"><ele>3667</ele></trkpt>
      <trkpt lat="34.7727" lon="99.69125"><ele>3667</ele></trkpt>
      <trkpt lat="34.772596" lon="99.691275"><ele>3668</ele></trkpt>
      <trkpt lat="34.772378" lon="99.691302"><ele>3671</ele></trkpt>
      <trkpt lat="34.772088" lon="99.691274"><ele>3672</ele></trkpt>
      <trkpt lat="34.771895" lon="99.691272"><ele>3672</ele></trkpt>
      <trkpt lat="34.771604" lon="99.691293"><ele>3673</ele></trkpt>
      <trkpt lat="34.771326" lon="99.691339"><ele>3673</ele></trkpt>
      <trkpt lat="34.771231" lon="99.691376"><ele>3672</ele></trkpt>
      <trkpt lat="34.77113" lon="99.691401"><ele>3672</ele></trkpt>
      <trkpt lat="34.771021" lon="99.691419"><ele>3673</ele></trkpt>
      <trkpt lat="34.770829" lon="99.691431"><ele>3674</ele></trkpt>
      <trkpt lat="34.770729" lon="99.691419"><ele>3675</ele></trkpt>
      <trkpt lat="34.77047" lon="99.691269"><ele>3676</ele></trkpt>
      <trkpt lat="34.77037" lon="99.691236"><ele>3677</ele></trkpt>
      <trkpt lat="34.77006" lon="99.69125"><ele>3680</ele></trkpt>
      <trkpt lat="34.769962" lon="99.691246"><ele>3679</ele></trkpt>
      <trkpt lat="34.769764" lon="99.691183"><ele>3678</ele></trkpt>
      <trkpt lat="34.769662" lon="99.691162"><ele>3677</ele></trkpt>
      <trkpt lat="34.769444" lon="99.691134"><ele>3676</ele></trkpt>
      <trkpt lat="34.769329" lon="99.691133"><ele>3676</ele></trkpt>
      <trkpt lat="34.769018" lon="99.69118"><ele>3675</ele></trkpt>
      <trkpt lat="34.768718" lon="99.691254"><ele>3675</ele></trkpt>
      <trkpt lat="34.768616" lon="99.691299"><ele>3676</ele></trkpt>
      <trkpt lat="34.768419" lon="99.691413"><ele>3676</ele></trkpt>
      <trkpt lat="34.768318" lon="99.691454"><ele>3676</ele></trkpt>
      <trkpt lat="34.768217" lon="99.691466"><ele>3676</ele></trkpt>
      <trkpt lat="34.768113" lon="99.691453"><ele>3675</ele></trkpt>
      <trkpt lat="34.7678" lon="99.691381"><ele>3675</ele></trkpt>
      <trkpt lat="34.767511" lon="99.691298"><ele>3675</ele></trkpt>
      <trkpt lat="34.767419" lon="99.691282"><ele>3676</ele></trkpt>
      <trkpt lat="34.767321" lon="99.691278"><ele>3676</ele></trkpt>
      <trkpt lat="34.767228" lon="99.691295"><ele>3677</ele></trkpt>
      <trkpt lat="34.766934" lon="99.691437"><ele>3676</ele></trkpt>
      <trkpt lat="34.766838" lon="99.691473"><ele>3676</ele></trkpt>
      <trkpt lat="34.766633" lon="99.69152"><ele>3676</ele></trkpt>
      <trkpt lat="34.76624" lon="99.69152"><ele>3676</ele></trkpt>
      <trkpt lat="34.766029" lon="99.691511"><ele>3676</ele></trkpt>
      <trkpt lat="34.765924" lon="99.691493"><ele>3676</ele></trkpt>
      <trkpt lat="34.765833" lon="99.691458"><ele>3676</ele></trkpt>
      <trkpt lat="34.765655" lon="99.691341"><ele>3677</ele></trkpt>
      <trkpt lat="34.765559" lon="99.691298"><ele>3678</ele></trkpt>
      <trkpt lat="34.765341" lon="99.69127"><ele>3677</ele></trkpt>
      <trkpt lat="34.765238" lon="99.691245"><ele>3676</ele></trkpt>
      <trkpt lat="34.76514" lon="99.691186"><ele>3675</ele></trkpt>
      <trkpt lat="34.764984" lon="99.691032"><ele>3675</ele></trkpt>
      <trkpt lat="34.764892" lon="99.690983"><ele>3674</ele></trkpt>
      <trkpt lat="34.764795" lon="99.690986"><ele>3673</ele></trkpt>
      <trkpt lat="34.764464" lon="99.691134"><ele>3672</ele></trkpt>
      <trkpt lat="34.764179" lon="99.691278"><ele>3672</ele></trkpt>
      <trkpt lat="34.763549" lon="99.691668"><ele>3679</ele></trkpt>
      <trkpt lat="34.763349" lon="99.69175"><ele>3680</ele></trkpt>
      <trkpt lat="34.763091" lon="99.691878"><ele>3680</ele></trkpt>
      <trkpt lat="34.762826" lon="99.691989"><ele>3678</ele></trkpt>
      <trkpt lat="34.762631" lon="99.692082"><ele>3677</ele></trkpt>
      <trkpt lat="34.762451" lon="99.692181"><ele>3677</ele></trkpt>
      <trkpt lat="34.762263" lon="99.692255"><ele>3677</ele></trkpt>
      <trkpt lat="34.762062" lon="99.692281"><ele>3676</ele></trkpt>
      <trkpt lat="34.761961" lon="99.692305"><ele>3677</ele></trkpt>
      <trkpt lat="34.76159" lon="99.692433"><ele>3682</ele></trkpt>
      <trkpt lat="34.761205" lon="99.692531"><ele>3686</ele></trkpt>
      <trkpt lat="34.76101" lon="99.692539"><ele>3688</ele></trkpt>
      <trkpt lat="34.760722" lon="99.692429"><ele>3690</ele></trkpt>
      <trkpt lat="34.76062" lon="99.692415"><ele>3691</ele></trkpt>
      <trkpt lat="34.760511" lon="99.692442"><ele>3692</ele></trkpt>
      <trkpt lat="34.760423" lon="99.692506"><ele>3692</ele></trkpt>
      <trkpt lat="34.76036" lon="99.692603"><ele>3691</ele></trkpt>
      <trkpt lat="34.760303" lon="99.692719"><ele>3690</ele></trkpt>
      <trkpt lat="34.760231" lon="99.692824"><ele>3689</ele></trkpt>
      <trkpt lat="34.760152" lon="99.692907"><ele>3687</ele></trkpt>
      <trkpt lat="34.760059" lon="99.692945"><ele>3686</ele></trkpt>
      <trkpt lat="34.759957" lon="99.692954"><ele>3684</ele></trkpt>
      <trkpt lat="34.759853" lon="99.692982"><ele>3683</ele></trkpt>
      <trkpt lat="34.759769" lon="99.693051"><ele>3682</ele></trkpt>
      <trkpt lat="34.759577" lon="99.693322"><ele>3683</ele></trkpt>
      <trkpt lat="34.759495" lon="99.693385"><ele>3684</ele></trkpt>
      <trkpt lat="34.759313" lon="99.693454"><ele>3687</ele></trkpt>
      <trkpt lat="34.759123" lon="99.693494"><ele>3688</ele></trkpt>
      <trkpt lat="34.759028" lon="99.693492"><ele>3688</ele></trkpt>
      <trkpt lat="34.758831" lon="99.69344"><ele>3687</ele></trkpt>
      <trkpt lat="34.758539" lon="99.693316"><ele>3688</ele></trkpt>
      <trkpt lat="34.758263" lon="99.693285"><ele>3686</ele></trkpt>
      <trkpt lat="34.758168" lon="99.693244"><ele>3686</ele></trkpt>
      <trkpt lat="34.757904" lon="99.693066"><ele>3687</ele></trkpt>
      <trkpt lat="34.757808" lon="99.693015"><ele>3688</ele></trkpt>
      <trkpt lat="34.757715" lon="99.692987"><ele>3688</ele></trkpt>
      <trkpt lat="34.757533" lon="99.692953"><ele>3687</ele></trkpt>
      <trkpt lat="34.757438" lon="99.692959"><ele>3687</ele></trkpt>
      <trkpt lat="34.75716" lon="99.693032"><ele>3687</ele></trkpt>
      <trkpt lat="34.757069" lon="99.693042"><ele>3687</ele></trkpt>
      <trkpt lat="34.756979" lon="99.693022"><ele>3687</ele></trkpt>
      <trkpt lat="34.756794" lon="99.692891"><ele>3686</ele></trkpt>
      <trkpt lat="34.756709" lon="99.692808"><ele>3685</ele></trkpt>
      <trkpt lat="34.756495" lon="99.692535"><ele>3688</ele></trkpt>
      <trkpt lat="34.756345" lon="99.692369"><ele>3690</ele></trkpt>
      <trkpt lat="34.756263" lon="99.692302"><ele>3691</ele></trkpt>
      <trkpt lat="34.756174" lon="99.692261"><ele>3691</ele></trkpt>
      <trkpt lat="34.755978" lon="99.692239"><ele>3691</ele></trkpt>
      <trkpt lat="34.755881" lon="99.692248"><ele>3691</ele></trkpt>
      <trkpt lat="34.75579" lon="99.692274"><ele>3692</ele></trkpt>
      <trkpt lat="34.755691" lon="99.69232"><ele>3692</ele></trkpt>
      <trkpt lat="34.755601" lon="99.692388"><ele>3692</ele></trkpt>
      <trkpt lat="34.75543" lon="99.692549"><ele>3690</ele></trkpt>
      <trkpt lat="34.755338" lon="99.692601"><ele>3689</ele></trkpt>
      <trkpt lat="34.755247" lon="99.692602"><ele>3688</ele></trkpt>
      <trkpt lat="34.755147" lon="99.692554"><ele>3688</ele></trkpt>
      <trkpt lat="34.754975" lon="99.692433"><ele>3687</ele></trkpt>
      <trkpt lat="34.754703" lon="99.692272"><ele>3689</ele></trkpt>
      <trkpt lat="34.754669" lon="99.692241"><ele>3692</ele></trkpt>
      <trkpt lat="34.754614" lon="99.692167"><ele>3694</ele></trkpt>
      <trkpt lat="34.754542" lon="99.692103"><ele>3695</ele></trkpt>
      <trkpt lat="34.754459" lon="99.692052"><ele>3696</ele></trkpt>
      <trkpt lat="34.754278" lon="99.691917"><ele>3699</ele></trkpt>
      <trkpt lat="34.753935" lon="99.691537"><ele>3698</ele></trkpt>
      <trkpt lat="34.753762" lon="99.691399"><ele>3698</ele></trkpt>
      <trkpt lat="34.753672" lon="99.691357"><ele>3699</ele></trkpt>
      <trkpt lat="34.753566" lon="99.69135"><ele>3700</ele></trkpt>
      <trkpt lat="34.753461" lon="99.691384"><ele>3701</ele></trkpt>
      <trkpt lat="34.753375" lon="99.691447"><ele>3701</ele></trkpt>
      <trkpt lat="34.753313" lon="99.69154"><ele>3700</ele></trkpt>
      <trkpt lat="34.753265" lon="99.691647"><ele>3699</ele></trkpt>
      <trkpt lat="34.753132" lon="99.691996"><ele>3698</ele></trkpt>
      <trkpt lat="34.753039" lon="99.692202"><ele>3699</ele></trkpt>
      <trkpt lat="34.752965" lon="99.692294"><ele>3699</ele></trkpt>
      <trkpt lat="34.752888" lon="99.692371"><ele>3699</ele></trkpt>
      <trkpt lat="34.752728" lon="99.69249"><ele>3701</ele></trkpt>
      <trkpt lat="34.752648" lon="99.692566"><ele>3701</ele></trkpt>
      <trkpt lat="34.752581" lon="99.692667"><ele>3702</ele></trkpt>
      <trkpt lat="34.752493" lon="99.692873"><ele>3703</ele></trkpt>
      <trkpt lat="34.752438" lon="99.692959"><ele>3704</ele></trkpt>
      <trkpt lat="34.752362" lon="99.693021"><ele>3704</ele></trkpt>
      <trkpt lat="34.752274" lon="99.693051"><ele>3705</ele></trkpt>
      <trkpt lat="34.752179" lon="99.693069"><ele>3705</ele></trkpt>
      <trkpt lat="34.75197" lon="99.693078"><ele>3706</ele></trkpt>
      <trkpt lat="34.75178" lon="99.693069"><ele>3707</ele></trkpt>
      <trkpt lat="34.751687" lon="99.693084"><ele>3707</ele></trkpt>
      <trkpt lat="34.751402" lon="99.693161"><ele>3706</ele></trkpt>
      <trkpt lat="34.75121" lon="99.6932"><ele>3706</ele></trkpt>
      <trkpt lat="34.750902" lon="99.693195"><ele>3706</ele></trkpt>
      <trkpt lat="34.750382" lon="99.693163"><ele>3703</ele></trkpt>
      <trkpt lat="34.749889" lon="99.693158"><ele>3701</ele></trkpt>
      <trkpt lat="34.749698" lon="99.693171"><ele>3701</ele></trkpt>
      <trkpt lat="34.749597" lon="99.693203"><ele>3701</ele></trkpt>
      <trkpt lat="34.749207" lon="99.693383"><ele>3703</ele></trkpt>
      <trkpt lat="34.748935" lon="99.693556"><ele>3705</ele></trkpt>
      <trkpt lat="34.748663" lon="99.693691"><ele>3704</ele></trkpt>
      <trkpt lat="34.748576" lon="99.693749"><ele>3704</ele></trkpt>
      <trkpt lat="34.748409" lon="99.69389"><ele>3704</ele></trkpt>
      <trkpt lat="34.748333" lon="99.693975"><ele>3704</ele></trkpt>
      <trkpt lat="34.748254" lon="99.694043"><ele>3704</ele></trkpt>
      <trkpt lat="34.747645" lon="99.694393"><ele>3706</ele></trkpt>
      <trkpt lat="34.747556" lon="99.694424"><ele>3706</ele></trkpt>
      <trkpt lat="34.747261" lon="99.694463"><ele>3706</ele></trkpt>
      <trkpt lat="34.746978" lon="99.694547"><ele>3703</ele></trkpt>
      <trkpt lat="34.746874" lon="99.694549"><ele>3702</ele></trkpt>
      <trkpt lat="34.746788" lon="99.694506"><ele>3702</ele></trkpt>
      <trkpt lat="34.746648" lon="99.694314"><ele>3699</ele></trkpt>
      <trkpt lat="34.746457" lon="99.694006"><ele>3692</ele></trkpt>
      <trkpt lat="34.746128" lon="99.693558"><ele>3689</ele></trkpt>
      <trkpt lat="34.745959" lon="99.693268"><ele>3689</ele></trkpt>
      <trkpt lat="34.745893" lon="99.693181"><ele>3690</ele></trkpt>
      <trkpt lat="34.745812" lon="99.693102"><ele>3692</ele></trkpt>
      <trkpt lat="34.74572" lon="99.693058"><ele>3695</ele></trkpt>
      <trkpt lat="34.745524" lon="99.693066"><ele>3700</ele></trkpt>
      <trkpt lat="34.745431" lon="99.693091"><ele>3703</ele></trkpt>
      <trkpt lat="34.74534" lon="99.693138"><ele>3705</ele></trkpt>
      <trkpt lat="34.744711" lon="99.693532"><ele>3711</ele></trkpt>
      <trkpt lat="34.744619" lon="99.693585"><ele>3711</ele></trkpt>
      <trkpt lat="34.74451" lon="99.69363"><ele>3712</ele></trkpt>
      <trkpt lat="34.744408" lon="99.693648"><ele>3713</ele></trkpt>
      <trkpt lat="34.744204" lon="99.693659"><ele>3715</ele></trkpt>
      <trkpt lat="34.744112" lon="99.693657"><ele>3716</ele></trkpt>
      <trkpt lat="34.744013" lon="99.693639"><ele>3716</ele></trkpt>
      <trkpt lat="34.743837" lon="99.693556"><ele>3715</ele></trkpt>
      <trkpt lat="34.743759" lon="99.693472"><ele>3714</ele></trkpt>
      <trkpt lat="34.743625" lon="99.693275"><ele>3709</ele></trkpt>
      <trkpt lat="34.743547" lon="99.69318"><ele>3709</ele></trkpt>
      <trkpt lat="34.743468" lon="99.693111"><ele>3710</ele></trkpt>
      <trkpt lat="34.743374" lon="99.693065"><ele>3710</ele></trkpt>
      <trkpt lat="34.743272" lon="99.693056"><ele>3710</ele></trkpt>
      <trkpt lat="34.743171" lon="99.693062"><ele>3711</ele></trkpt>
      <trkpt lat="34.743076" lon="99.69308"><ele>3712</ele></trkpt>
      <trkpt lat="34.742591" lon="99.693284"><ele>3715</ele></trkpt>
      <trkpt lat="34.742493" lon="99.693301"><ele>3715</ele></trkpt>
      <trkpt lat="34.742294" lon="99.693359"><ele>3715</ele></trkpt>
      <trkpt lat="34.741877" lon="99.693453"><ele>3713</ele></trkpt>
      <trkpt lat="34.741591" lon="99.693563"><ele>3712</ele></trkpt>
      <trkpt lat="34.74129" lon="99.693662"><ele>3713</ele></trkpt>
      <trkpt lat="34.741193" lon="99.693699"><ele>3713</ele></trkpt>
      <trkpt lat="34.741001" lon="99.693795"><ele>3711</ele></trkpt>
      <trkpt lat="34.74047" lon="99.694091"><ele>3710</ele></trkpt>
      <trkpt lat="34.740289" lon="99.694179"><ele>3713</ele></trkpt>
      <trkpt lat="34.740196" lon="99.694214"><ele>3714</ele></trkpt>
      <trkpt lat="34.74009" lon="99.694227"><ele>3715</ele></trkpt>
      <trkpt lat="34.739775" lon="99.694217"><ele>3718</ele></trkpt>
      <trkpt lat="34.739683" lon="99.694224"><ele>3718</ele></trkpt>
      <trkpt lat="34.739503" lon="99.694258"><ele>3718</ele></trkpt>
      <trkpt lat="34.739411" lon="99.694254"><ele>3718</ele></trkpt>
      <trkpt lat="34.739092" lon="99.694273"><ele>3718</ele></trkpt>
      <trkpt lat="34.738777" lon="99.69431"><ele>3720</ele></trkpt>
      <trkpt lat="34.73856" lon="99.694353"><ele>3722</ele></trkpt>
      <trkpt lat="34.738463" lon="99.694358"><ele>3722</ele></trkpt>
      <trkpt lat="34.738271" lon="99.694344"><ele>3722</ele></trkpt>
      <trkpt lat="34.737775" lon="99.694389"><ele>3721</ele></trkpt>
      <trkpt lat="34.737673" lon="99.694375"><ele>3721</ele></trkpt>
      <trkpt lat="34.737579" lon="99.694344"><ele>3721</ele></trkpt>
      <trkpt lat="34.737304" lon="99.69416"><ele>3721</ele></trkpt>
      <trkpt lat="34.737213" lon="99.694143"><ele>3721</ele></trkpt>
      <trkpt lat="34.737122" lon="99.694174"><ele>3722</ele></trkpt>
      <trkpt lat="34.736589" lon="99.694558"><ele>3721</ele></trkpt>
      <trkpt lat="34.736422" lon="99.694652"><ele>3721</ele></trkpt>
      <trkpt lat="34.736043" lon="99.694888"><ele>3719</ele></trkpt>
      <trkpt lat="34.735874" lon="99.695007"><ele>3721</ele></trkpt>
      <trkpt lat="34.735567" lon="99.6951"><ele>3720</ele></trkpt>
      <trkpt lat="34.735375" lon="99.695144"><ele>3721</ele></trkpt>
      <trkpt lat="34.735282" lon="99.695136"><ele>3722</ele></trkpt>
      <trkpt lat="34.735095" lon="99.695074"><ele>3722</ele></trkpt>
      <trkpt lat="34.734992" lon="99.695026"><ele>3723</ele></trkpt>
      <trkpt lat="34.734904" lon="99.694964"><ele>3723</ele></trkpt>
      <trkpt lat="34.734829" lon="99.694896"><ele>3724</ele></trkpt>
      <trkpt lat="34.734753" lon="99.69481"><ele>3724</ele></trkpt>
      <trkpt lat="34.7347" lon="99.694715"><ele>3724</ele></trkpt>
      <trkpt lat="34.734627" lon="99.69464"><ele>3723</ele></trkpt>
      <trkpt lat="34.734485" lon="99.694456"><ele>3723</ele></trkpt>
      <trkpt lat="34.73444" lon="99.694361"><ele>3724</ele></trkpt>
      <trkpt lat="34.734367" lon="99.694132"><ele>3724</ele></trkpt>
      <trkpt lat="34.734305" lon="99.693901"><ele>3724</ele></trkpt>
      <trkpt lat="34.734231" lon="99.693678"><ele>3725</ele></trkpt>
      <trkpt lat="34.734173" lon="99.69345"><ele>3726</ele></trkpt>
      <trkpt lat="34.734157" lon="99.693335"><ele>3726</ele></trkpt>
      <trkpt lat="34.734138" lon="99.692969"><ele>3728</ele></trkpt>
      <trkpt lat="34.734115" lon="99.692851"><ele>3729</ele></trkpt>
      <trkpt lat="34.734079" lon="99.692728"><ele>3730</ele></trkpt>
      <trkpt lat="34.73397" lon="99.692507"><ele>3732</ele></trkpt>
      <trkpt lat="34.733772" lon="99.69219"><ele>3732</ele></trkpt>
      <trkpt lat="34.733696" lon="99.692094"><ele>3731</ele></trkpt>
      <trkpt lat="34.733515" lon="99.691933"><ele>3733</ele></trkpt>
      <trkpt lat="34.733201" lon="99.691602"><ele>3737</ele></trkpt>
      <trkpt lat="34.732868" lon="99.691387"><ele>3735</ele></trkpt>
      <trkpt lat="34.732775" lon="99.691347"><ele>3736</ele></trkpt>
      <trkpt lat="34.732071" lon="99.691209"><ele>3735</ele></trkpt>
      <trkpt lat="34.731786" lon="99.69113"><ele>3735</ele></trkpt>
      <trkpt lat="34.731516" lon="99.691022"><ele>3738</ele></trkpt>
      <trkpt lat="34.731336" lon="99.6909"><ele>3738</ele></trkpt>
      <trkpt lat="34.731255" lon="99.690819"><ele>3737</ele></trkpt>
      <trkpt lat="34.731105" lon="99.69063"><ele>3738</ele></trkpt>
      <trkpt lat="34.731043" lon="99.690539"><ele>3738</ele></trkpt>
      <trkpt lat="34.730859" lon="99.69024"><ele>3739</ele></trkpt>
      <trkpt lat="34.73059" lon="99.689745"><ele>3741</ele></trkpt>
      <trkpt lat="34.73053" lon="99.689664"><ele>3741</ele></trkpt>
      <trkpt lat="34.730419" lon="99.689479"><ele>3742</ele></trkpt>
      <trkpt lat="34.73037" lon="99.689363"><ele>3742</ele></trkpt>
      <trkpt lat="34.730338" lon="99.689247"><ele>3742</ele></trkpt>
      <trkpt lat="34.730323" lon="99.688975"><ele>3739</ele></trkpt>
      <trkpt lat="34.730305" lon="99.688854"><ele>3738</ele></trkpt>
      <trkpt lat="34.730274" lon="99.688749"><ele>3737</ele></trkpt>
      <trkpt lat="34.73023" lon="99.688628"><ele>3736</ele></trkpt>
      <trkpt lat="34.730169" lon="99.688538"><ele>3734</ele></trkpt>
      <trkpt lat="34.730081" lon="99.688463"><ele>3732</ele></trkpt>
      <trkpt lat="34.729994" lon="99.688407"><ele>3730</ele></trkpt>
      <trkpt lat="34.729818" lon="99.688317"><ele>3731</ele></trkpt>
      <trkpt lat="34.729529" lon="99.688213"><ele>3736</ele></trkpt>
      <trkpt lat="34.729053" lon="99.688004"><ele>3741</ele></trkpt>
      <trkpt lat="34.728941" lon="99.687977"><ele>3742</ele></trkpt>
      <trkpt lat="34.728237" lon="99.687723"><ele>3742</ele></trkpt>
      <trkpt lat="34.727647" lon="99.687539"><ele>3736</ele></trkpt>
      <trkpt lat="34.727374" lon="99.687438"><ele>3734</ele></trkpt>
      <trkpt lat="34.727282" lon="99.687393"><ele>3734</ele></trkpt>
      <trkpt lat="34.727029" lon="99.687238"><ele>3736</ele></trkpt>
      <trkpt lat="34.72684" lon="99.68717"><ele>3740</ele></trkpt>
      <trkpt lat="34.726652" lon="99.687086"><ele>3745</ele></trkpt>
      <trkpt lat="34.726486" lon="99.686948"><ele>3748</ele></trkpt>
      <trkpt lat="34.726409" lon="99.686839"><ele>3748</ele></trkpt>
      <trkpt lat="34.726349" lon="99.686721"><ele>3748</ele></trkpt>
      <trkpt lat="34.726204" lon="99.686358"><ele>3744</ele></trkpt>
      <trkpt lat="34.726142" lon="99.686277"><ele>3741</ele></trkpt>
      <trkpt lat="34.726056" lon="99.686231"><ele>3738</ele></trkpt>
      <trkpt lat="34.725961" lon="99.686242"><ele>3736</ele></trkpt>
      <trkpt lat="34.725865" lon="99.686291"><ele>3735</ele></trkpt>
      <trkpt lat="34.725682" lon="99.686441"><ele>3734</ele></trkpt>
      <trkpt lat="34.725485" lon="99.686547"><ele>3733</ele></trkpt>
      <trkpt lat="34.725386" lon="99.686581"><ele>3734</ele></trkpt>
      <trkpt lat="34.725288" lon="99.686596"><ele>3734</ele></trkpt>
      <trkpt lat="34.725184" lon="99.686598"><ele>3734</ele></trkpt>
      <trkpt lat="34.725086" lon="99.686577"><ele>3735</ele></trkpt>
      <trkpt lat="34.724988" lon="99.686538"><ele>3736</ele></trkpt>
      <trkpt lat="34.72481" lon="99.686424"><ele>3737</ele></trkpt>
      <trkpt lat="34.724732" lon="99.686352"><ele>3739</ele></trkpt>
      <trkpt lat="34.724664" lon="99.686268"><ele>3740</ele></trkpt>
      <trkpt lat="34.724611" lon="99.686176"><ele>3740</ele></trkpt>
      <trkpt lat="34.72454" lon="99.68608"><ele>3740</ele></trkpt>
      <trkpt lat="34.724421" lon="99.685876"><ele>3739</ele></trkpt>
      <trkpt lat="34.724353" lon="99.685788"><ele>3739</ele></trkpt>
      <trkpt lat="34.724256" lon="99.685733"><ele>3739</ele></trkpt>
      <trkpt lat="34.724148" lon="99.685707"><ele>3739</ele></trkpt>
      <trkpt lat="34.724049" lon="99.685698"><ele>3739</ele></trkpt>
      <trkpt lat="34.723742" lon="99.685697"><ele>3739</ele></trkpt>
      <trkpt lat="34.723646" lon="99.685674"><ele>3739</ele></trkpt>
      <trkpt lat="34.723451" lon="99.685609"><ele>3739</ele></trkpt>
      <trkpt lat="34.723354" lon="99.685549"><ele>3741</ele></trkpt>
      <trkpt lat="34.723272" lon="99.685469"><ele>3742</ele></trkpt>
      <trkpt lat="34.723204" lon="99.685363"><ele>3743</ele></trkpt>
      <trkpt lat="34.723143" lon="99.685245"><ele>3744</ele></trkpt>
      <trkpt lat="34.723108" lon="99.685119"><ele>3745</ele></trkpt>
      <trkpt lat="34.723096" lon="99.684992"><ele>3746</ele></trkpt>
      <trkpt lat="34.723099" lon="99.684873"><ele>3746</ele></trkpt>
      <trkpt lat="34.723133" lon="99.684501"><ele>3746</ele></trkpt>
      <trkpt lat="34.723124" lon="99.68438"><ele>3746</ele></trkpt>
      <trkpt lat="34.723052" lon="99.684308"><ele>3744</ele></trkpt>
      <trkpt lat="34.722947" lon="99.684266"><ele>3742</ele></trkpt>
      <trkpt lat="34.722832" lon="99.684256"><ele>3740</ele></trkpt>
      <trkpt lat="34.722521" lon="99.68429"><ele>3738</ele></trkpt>
      <trkpt lat="34.722334" lon="99.684291"><ele>3741</ele></trkpt>
      <trkpt lat="34.72205" lon="99.684219"><ele>3749</ele></trkpt>
      <trkpt lat="34.721467" lon="99.684002"><ele>3753</ele></trkpt>
      <trkpt lat="34.721179" lon="99.683928"><ele>3754</ele></trkpt>
      <trkpt lat="34.721072" lon="99.68391"><ele>3753</ele></trkpt>
      <trkpt lat="34.720963" lon="99.683905"><ele>3753</ele></trkpt>
      <trkpt lat="34.720523" lon="99.683913"><ele>3750</ele></trkpt>
      <trkpt lat="34.720328" lon="99.683906"><ele>3752</ele></trkpt>
      <trkpt lat="34.720232" lon="99.683891"><ele>3754</ele></trkpt>
      <trkpt lat="34.720043" lon="99.683837"><ele>3757</ele></trkpt>
      <trkpt lat="34.719755" lon="99.683776"><ele>3760</ele></trkpt>
      <trkpt lat="34.719666" lon="99.683733"><ele>3761</ele></trkpt>
      <trkpt lat="34.71958" lon="99.683667"><ele>3763</ele></trkpt>
      <trkpt lat="34.719499" lon="99.683586"><ele>3765</ele></trkpt>
      <trkpt lat="34.719219" lon="99.683258"><ele>3767</ele></trkpt>
      <trkpt lat="34.718976" lon="99.68304"><ele>3768</ele></trkpt>
      <trkpt lat="34.718905" lon="99.682947"><ele>3767</ele></trkpt>
      <trkpt lat="34.718856" lon="99.682847"><ele>3767</ele></trkpt>
      <trkpt lat="34.718732" lon="99.682382"><ele>3767</ele></trkpt>
      <trkpt lat="34.718501" lon="99.68131"><ele>3769</ele></trkpt>
      <trkpt lat="34.718463" lon="99.681202"><ele>3768</ele></trkpt>
      <trkpt lat="34.718408" lon="99.68111"><ele>3768</ele></trkpt>
      <trkpt lat="34.718333" lon="99.681029"><ele>3767</ele></trkpt>
      <trkpt lat="34.718246" lon="99.68096"><ele>3766</ele></trkpt>
      <trkpt lat="34.717305" lon="99.680503"><ele>3775</ele></trkpt>
      <trkpt lat="34.717219" lon="99.680439"><ele>3776</ele></trkpt>
      <trkpt lat="34.717064" lon="99.680281"><ele>3779</ele></trkpt>
      <trkpt lat="34.716986" lon="99.68019"><ele>3780</ele></trkpt>
      <trkpt lat="34.716922" lon="99.680098"><ele>3779</ele></trkpt>
      <trkpt lat="34.71688" lon="99.679984"><ele>3778</ele></trkpt>
      <trkpt lat="34.716866" lon="99.67986"><ele>3777</ele></trkpt>
      <trkpt lat="34.716878" lon="99.679738"><ele>3774</ele></trkpt>
      <trkpt lat="34.716944" lon="99.679519"><ele>3773</ele></trkpt>
      <trkpt lat="34.717136" lon="99.679062"><ele>3771</ele></trkpt>
      <trkpt lat="34.717171" lon="99.67895"><ele>3771</ele></trkpt>
      <trkpt lat="34.717182" lon="99.678714"><ele>3773</ele></trkpt>
      <trkpt lat="34.717151" lon="99.678609"><ele>3773</ele></trkpt>
      <trkpt lat="34.717105" lon="99.678511"><ele>3774</ele></trkpt>
      <trkpt lat="34.717042" lon="99.678421"><ele>3775</ele></trkpt>
      <trkpt lat="34.716967" lon="99.678342"><ele>3775</ele></trkpt>
      <trkpt lat="34.716801" lon="99.678174"><ele>3774</ele></trkpt>
      <trkpt lat="34.71671" lon="99.67811"><ele>3774</ele></trkpt>
      <trkpt lat="34.716308" lon="99.67801"><ele>3776</ele></trkpt>
      <trkpt lat="34.716009" lon="99.678011"><ele>3778</ele></trkpt>
      <trkpt lat="34.715898" lon="99.677997"><ele>3778</ele></trkpt>
      <trkpt lat="34.715804" lon="99.677963"><ele>3778</ele></trkpt>
      <trkpt lat="34.715714" lon="99.677909"><ele>3779</ele></trkpt>
      <trkpt lat="34.715635" lon="99.677843"><ele>3779</ele></trkpt>
      <trkpt lat="34.715567" lon="99.677761"><ele>3780</ele></trkpt>
      <trkpt lat="34.715466" lon="99.677562"><ele>3782</ele></trkpt>
      <trkpt lat="34.715435" lon="99.677442"><ele>3783</ele></trkpt>
      <trkpt lat="34.715476" lon="99.677189"><ele>3784</ele></trkpt>
      <trkpt lat="34.715505" lon="99.676684"><ele>3783</ele></trkpt>
      <trkpt lat="34.715493" lon="99.676565"><ele>3783</ele></trkpt>
      <trkpt lat="34.715462" lon="99.67645"><ele>3784</ele></trkpt>
      <trkpt lat="34.71542" lon="99.676343"><ele>3783</ele></trkpt>
      <trkpt lat="34.715357" lon="99.676255"><ele>3783</ele></trkpt>
      <trkpt lat="34.715271" lon="99.6762"><ele>3783</ele></trkpt>
      <trkpt lat="34.71517" lon="99.676189"><ele>3782</ele></trkpt>
      <trkpt lat="34.715071" lon="99.676214"><ele>3781</ele></trkpt>
      <trkpt lat="34.714965" lon="99.67626"><ele>3781</ele></trkpt>
      <trkpt lat="34.714867" lon="99.676264"><ele>3780</ele></trkpt>
      <trkpt lat="34.714779" lon="99.676234"><ele>3780</ele></trkpt>
      <trkpt lat="34.714684" lon="99.676191"><ele>3780</ele></trkpt>
      <trkpt lat="34.714428" lon="99.67599"><ele>3778</ele></trkpt>
      <trkpt lat="34.714349" lon="99.675921"><ele>3778</ele></trkpt>
      <trkpt lat="34.714279" lon="99.675844"><ele>3778</ele></trkpt>
      <trkpt lat="34.714234" lon="99.675738"><ele>3779</ele></trkpt>
      <trkpt lat="34.714208" lon="99.67562"><ele>3780</ele></trkpt>
      <trkpt lat="34.714171" lon="99.675372"><ele>3781</ele></trkpt>
      <trkpt lat="34.714035" lon="99.674672"><ele>3788</ele></trkpt>
      <trkpt lat="34.713971" lon="99.674439"><ele>3790</ele></trkpt>
      <trkpt lat="34.713873" lon="99.674236"><ele>3790</ele></trkpt>
      <trkpt lat="34.713816" lon="99.674148"><ele>3789</ele></trkpt>
      <trkpt lat="34.713424" lon="99.673601"><ele>3782</ele></trkpt>
      <trkpt lat="34.713355" lon="99.673523"><ele>3780</ele></trkpt>
      <trkpt lat="34.713276" lon="99.673456"><ele>3778</ele></trkpt>
      <trkpt lat="34.713189" lon="99.673422"><ele>3776</ele></trkpt>
      <trkpt lat="34.712997" lon="99.673403"><ele>3776</ele></trkpt>
      <trkpt lat="34.71289" lon="99.673433"><ele>3777</ele></trkpt>
      <trkpt lat="34.712793" lon="99.673489"><ele>3778</ele></trkpt>
      <trkpt lat="34.712612" lon="99.673617"><ele>3780</ele></trkpt>
      <trkpt lat="34.712533" lon="99.673684"><ele>3781</ele></trkpt>
      <trkpt lat="34.712449" lon="99.673736"><ele>3782</ele></trkpt>
      <trkpt lat="34.712362" lon="99.673766"><ele>3783</ele></trkpt>
      <trkpt lat="34.71227" lon="99.67378"><ele>3784</ele></trkpt>
      <trkpt lat="34.712168" lon="99.673764"><ele>3784</ele></trkpt>
      <trkpt lat="34.712069" lon="99.673733"><ele>3785</ele></trkpt>
      <trkpt lat="34.711978" lon="99.673689"><ele>3786</ele></trkpt>
      <trkpt lat="34.711816" lon="99.673548"><ele>3791</ele></trkpt>
      <trkpt lat="34.711736" lon="99.673461"><ele>3793</ele></trkpt>
      <trkpt lat="34.711647" lon="99.673389"><ele>3795</ele></trkpt>
      <trkpt lat="34.71137" lon="99.673211"><ele>3798</ele></trkpt>
      <trkpt lat="34.71128" lon="99.673133"><ele>3798</ele></trkpt>
      <trkpt lat="34.711234" lon="99.673027"><ele>3799</ele></trkpt>
      <trkpt lat="34.711099" lon="99.672535"><ele>3799</ele></trkpt>
      <trkpt lat="34.711052" lon="99.672425"><ele>3798</ele></trkpt>
      <trkpt lat="34.710936" lon="99.672228"><ele>3798</ele></trkpt>
      <trkpt lat="34.710777" lon="99.67191"><ele>3797</ele></trkpt>
      <trkpt lat="34.710648" lon="99.671733"><ele>3797</ele></trkpt>
      <trkpt lat="34.710575" lon="99.671662"><ele>3797</ele></trkpt>
      <trkpt lat="34.710426" lon="99.671488"><ele>3800</ele></trkpt>
      <trkpt lat="34.710343" lon="99.671419"><ele>3803</ele></trkpt>
      <trkpt lat="34.710051" lon="99.671122"><ele>3811</ele></trkpt>
      <trkpt lat="34.709839" lon="99.670867"><ele>3811</ele></trkpt>
      <trkpt lat="34.709679" lon="99.670716"><ele>3812</ele></trkpt>
      <trkpt lat="34.70946" lon="99.670468"><ele>3814</ele></trkpt>
      <trkpt lat="34.709384" lon="99.670389"><ele>3815</ele></trkpt>
      <trkpt lat="34.709359" lon="99.670376"><ele>3816</ele></trkpt>
      <trkpt lat="34.709346" lon="99.670284"><ele>3815</ele></trkpt>
      <trkpt lat="34.709303" lon="99.670192"><ele>3814</ele></trkpt>
      <trkpt lat="34.709087" lon="99.669921"><ele>3815</ele></trkpt>
      <trkpt lat="34.708917" lon="99.669608"><ele>3816</ele></trkpt>
      <trkpt lat="34.708849" lon="99.669502"><ele>3816</ele></trkpt>
      <trkpt lat="34.708774" lon="99.669415"><ele>3817</ele></trkpt>
      <trkpt lat="34.708601" lon="99.669277"><ele>3819</ele></trkpt>
      <trkpt lat="34.708524" lon="99.669199"><ele>3820</ele></trkpt>
      <trkpt lat="34.708465" lon="99.669112"><ele>3822</ele></trkpt>
      <trkpt lat="34.708339" lon="99.668786"><ele>3824</ele></trkpt>
      <trkpt lat="34.708273" lon="99.668685"><ele>3825</ele></trkpt>
      <trkpt lat="34.708194" lon="99.668592"><ele>3826</ele></trkpt>
      <trkpt lat="34.708012" lon="99.668439"><ele>3827</ele></trkpt>
      <trkpt lat="34.707696" lon="99.668311"><ele>3827</ele></trkpt>
      <trkpt lat="34.707324" lon="99.668122"><ele>3828</ele></trkpt>
      <trkpt lat="34.707139" lon="99.668007"><ele>3828</ele></trkpt>
      <trkpt lat="34.706846" lon="99.667871"><ele>3829</ele></trkpt>
      <trkpt lat="34.706759" lon="99.667835"><ele>3829</ele></trkpt>
      <trkpt lat="34.706554" lon="99.667772"><ele>3830</ele></trkpt>
      <trkpt lat="34.70637" lon="99.667694"><ele>3830</ele></trkpt>
      <trkpt lat="34.706346" lon="99.667693"><ele>3830</ele></trkpt>
      <trkpt lat="34.706244" lon="99.667528"><ele>3831</ele></trkpt>
      <trkpt lat="34.706167" lon="99.667438"><ele>3831</ele></trkpt>
      <trkpt lat="34.705995" lon="99.667285"><ele>3831</ele></trkpt>
      <trkpt lat="34.705555" lon="99.667014"><ele>3827</ele></trkpt>
      <trkpt lat="34.705376" lon="99.666915"><ele>3825</ele></trkpt>
      <trkpt lat="34.704993" lon="99.666745"><ele>3826</ele></trkpt>
      <trkpt lat="34.70481" lon="99.666651"><ele>3828</ele></trkpt>
      <trkpt lat="34.704733" lon="99.666581"><ele>3828</ele></trkpt>
      <trkpt lat="34.704667" lon="99.666501"><ele>3827</ele></trkpt>
      <trkpt lat="34.704593" lon="99.66643"><ele>3828</ele></trkpt>
      <trkpt lat="34.704509" lon="99.666374"><ele>3827</ele></trkpt>
      <trkpt lat="34.703814" lon="99.666126"><ele>3828</ele></trkpt>
      <trkpt lat="34.703518" lon="99.666055"><ele>3828</ele></trkpt>
      <trkpt lat="34.703313" lon="99.665986"><ele>3828</ele></trkpt>
      <trkpt lat="34.702819" lon="99.665857"><ele>3827</ele></trkpt>
      <trkpt lat="34.702637" lon="99.665797"><ele>3827</ele></trkpt>
      <trkpt lat="34.702545" lon="99.66578"><ele>3828</ele></trkpt>
      <trkpt lat="34.702439" lon="99.665774"><ele>3828</ele></trkpt>
      <trkpt lat="34.702331" lon="99.665786"><ele>3828</ele></trkpt>
      <trkpt lat="34.702113" lon="99.66584"><ele>3828</ele></trkpt>
      <trkpt lat="34.701555" lon="99.666077"><ele>3831</ele></trkpt>
      <trkpt lat="34.701448" lon="99.666107"><ele>3831</ele></trkpt>
      <trkpt lat="34.701353" lon="99.66612"><ele>3832</ele></trkpt>
      <trkpt lat="34.701146" lon="99.666126"><ele>3832</ele></trkpt>
      <trkpt lat="34.700944" lon="99.666108"><ele>3831</ele></trkpt>
      <trkpt lat="34.700744" lon="99.666077"><ele>3832</ele></trkpt>
      <trkpt lat="34.700349" lon="99.665989"><ele>3833</ele></trkpt>
      <trkpt lat="34.700136" lon="99.665984"><ele>3833</ele></trkpt>
      <trkpt lat="34.699926" lon="99.665999"><ele>3833</ele></trkpt>
      <trkpt lat="34.699628" lon="99.665993"><ele>3834</ele></trkpt>
      <trkpt lat="34.699537" lon="99.666002"><ele>3834</ele></trkpt>
      <trkpt lat="34.699435" lon="99.666026"><ele>3834</ele></trkpt>
      <trkpt lat="34.699156" lon="99.666168"><ele>3835</ele></trkpt>
      <trkpt lat="34.698787" lon="99.666344"><ele>3835</ele></trkpt>
      <trkpt lat="34.6987" lon="99.666377"><ele>3835</ele></trkpt>
      <trkpt lat="34.698601" lon="99.666384"><ele>3835</ele></trkpt>
      <trkpt lat="34.698493" lon="99.666354"><ele>3836</ele></trkpt>
      <trkpt lat="34.698214" lon="99.666233"><ele>3837</ele></trkpt>
      <trkpt lat="34.698016" lon="99.666204"><ele>3838</ele></trkpt>
      <trkpt lat="34.697827" lon="99.666241"><ele>3838</ele></trkpt>
      <trkpt lat="34.697251" lon="99.666442"><ele>3839</ele></trkpt>
      <trkpt lat="34.697147" lon="99.66646"><ele>3839</ele></trkpt>
      <trkpt lat="34.69694" lon="99.66644"><ele>3841</ele></trkpt>
      <trkpt lat="34.696747" lon="99.666384"><ele>3841</ele></trkpt>
      <trkpt lat="34.696662" lon="99.66632"><ele>3842</ele></trkpt>
      <trkpt lat="34.696533" lon="99.666136"><ele>3842</ele></trkpt>
      <trkpt lat="34.696385" lon="99.665994"><ele>3842</ele></trkpt>
      <trkpt lat="34.696226" lon="99.665878"><ele>3843</ele></trkpt>
      <trkpt lat="34.696137" lon="99.665825"><ele>3843</ele></trkpt>
      <trkpt lat="34.695942" lon="99.665718"><ele>3842</ele></trkpt>
      <trkpt lat="34.695848" lon="99.665679"><ele>3842</ele></trkpt>
      <trkpt lat="34.695745" lon="99.665674"><ele>3841</ele></trkpt>
      <trkpt lat="34.695637" lon="99.665697"><ele>3840</ele></trkpt>
      <trkpt lat="34.695356" lon="99.665808"><ele>3836</ele></trkpt>
      <trkpt lat="34.695166" lon="99.66587"><ele>3835</ele></trkpt>
      <trkpt lat="34.694876" lon="99.665945"><ele>3836</ele></trkpt>
      <trkpt lat="34.694778" lon="99.665952"><ele>3836</ele></trkpt>
      <trkpt lat="34.694682" lon="99.665947"><ele>3836</ele></trkpt>
      <trkpt lat="34.694578" lon="99.665926"><ele>3836</ele></trkpt>
      <trkpt lat="34.694478" lon="99.665902"><ele>3835</ele></trkpt>
      <trkpt lat="34.694288" lon="99.665826"><ele>3835</ele></trkpt>
      <trkpt lat="34.693999" lon="99.665769"><ele>3836</ele></trkpt>
      <trkpt lat="34.693706" lon="99.66574"><ele>3835</ele></trkpt>
      <trkpt lat="34.693519" lon="99.665739"><ele>3834</ele></trkpt>
      <trkpt lat="34.693323" lon="99.665783"><ele>3833</ele></trkpt>
      <trkpt lat="34.693132" lon="99.665862"><ele>3832</ele></trkpt>
      <trkpt lat="34.692867" lon="99.666029"><ele>3834</ele></trkpt>
      <trkpt lat="34.692578" lon="99.666196"><ele>3836</ele></trkpt>
      <trkpt lat="34.692189" lon="99.666378"><ele>3837</ele></trkpt>
      <trkpt lat="34.691925" lon="99.666528"><ele>3837</ele></trkpt>
      <trkpt lat="34.691741" lon="99.666604"><ele>3837</ele></trkpt>
      <trkpt lat="34.691648" lon="99.666629"><ele>3838</ele></trkpt>
      <trkpt lat="34.691442" lon="99.666648"><ele>3838</ele></trkpt>
      <trkpt lat="34.691237" lon="99.666606"><ele>3838</ele></trkpt>
      <trkpt lat="34.691047" lon="99.666594"><ele>3835</ele></trkpt>
      <trkpt lat="34.690851" lon="99.666595"><ele>3835</ele></trkpt>
      <trkpt lat="34.690759" lon="99.666622"><ele>3835</ele></trkpt>
      <trkpt lat="34.690662" lon="99.666675"><ele>3835</ele></trkpt>
      <trkpt lat="34.690574" lon="99.66676"><ele>3835</ele></trkpt>
      <trkpt lat="34.690196" lon="99.667171"><ele>3838</ele></trkpt>
      <trkpt lat="34.689803" lon="99.667572"><ele>3837</ele></trkpt>
      <trkpt lat="34.689714" lon="99.66764"><ele>3837</ele></trkpt>
      <trkpt lat="34.689638" lon="99.667715"><ele>3837</ele></trkpt>
      <trkpt lat="34.689565" lon="99.667805"><ele>3837</ele></trkpt>
      <trkpt lat="34.689471" lon="99.667839"><ele>3837</ele></trkpt>
      <trkpt lat="34.689373" lon="99.667846"><ele>3836</ele></trkpt>
      <trkpt lat="34.689273" lon="99.66782"><ele>3836</ele></trkpt>
      <trkpt lat="34.688795" lon="99.66766"><ele>3838</ele></trkpt>
      <trkpt lat="34.688495" lon="99.667583"><ele>3839</ele></trkpt>
      <trkpt lat="34.688295" lon="99.667513"><ele>3837</ele></trkpt>
      <trkpt lat="34.688105" lon="99.667492"><ele>3837</ele></trkpt>
      <trkpt lat="34.688007" lon="99.66749"><ele>3837</ele></trkpt>
      <trkpt lat="34.687907" lon="99.667504"><ele>3837</ele></trkpt>
      <trkpt lat="34.687713" lon="99.667555"><ele>3838</ele></trkpt>
      <trkpt lat="34.687624" lon="99.667595"><ele>3838</ele></trkpt>
      <trkpt lat="34.68755" lon="99.667631"><ele>3838</ele></trkpt>
      <trkpt lat="34.687292" lon="99.667792"><ele>3837</ele></trkpt>
      <trkpt lat="34.687008" lon="99.667928"><ele>3836</ele></trkpt>
      <trkpt lat="34.686828" lon="99.668033"><ele>3836</ele></trkpt>
      <trkpt lat="34.686626" lon="99.668135"><ele>3836</ele></trkpt>
      <trkpt lat="34.686532" lon="99.668168"><ele>3836</ele></trkpt>
      <trkpt lat="34.686033" lon="99.668231"><ele>3836</ele></trkpt>
      <trkpt lat="34.685656" lon="99.668251"><ele>3837</ele></trkpt>
      <trkpt lat="34.685448" lon="99.668275"><ele>3838</ele></trkpt>
      <trkpt lat="34.685029" lon="99.668356"><ele>3839</ele></trkpt>
      <trkpt lat="34.684935" lon="99.668365"><ele>3840</ele></trkpt>
      <trkpt lat="34.684636" lon="99.66843"><ele>3841</ele></trkpt>
      <trkpt lat="34.684333" lon="99.66844"><ele>3843</ele></trkpt>
      <trkpt lat="34.684039" lon="99.668484"><ele>3847</ele></trkpt>
      <trkpt lat="34.683844" lon="99.668531"><ele>3848</ele></trkpt>
      <trkpt lat="34.683298" lon="99.66874"><ele>3852</ele></trkpt>
      <trkpt lat="34.682998" lon="99.668841"><ele>3853</ele></trkpt>
      <trkpt lat="34.682733" lon="99.668994"><ele>3856</ele></trkpt>
      <trkpt lat="34.682532" lon="99.66908"><ele>3858</ele></trkpt>
      <trkpt lat="34.682237" lon="99.669188"><ele>3860</ele></trkpt>
      <trkpt lat="34.682181" lon="99.669194"><ele>3860</ele></trkpt>
      <trkpt lat="34.682037" lon="99.669284"><ele>3860</ele></trkpt>
      <trkpt lat="34.681483" lon="99.669541"><ele>3862</ele></trkpt>
      <trkpt lat="34.680813" lon="99.669799"><ele>3866</ele></trkpt>
      <trkpt lat="34.680623" lon="99.669861"><ele>3867</ele></trkpt>
      <trkpt lat="34.680225" lon="99.669947"><ele>3868</ele></trkpt>
      <trkpt lat="34.68002" lon="99.670001"><ele>3868</ele></trkpt>
      <trkpt lat="34.679813" lon="99.670024"><ele>3867</ele></trkpt>
      <trkpt lat="34.679535" lon="99.670073"><ele>3867</ele></trkpt>
      <trkpt lat="34.679431" lon="99.670083"><ele>3867</ele></trkpt>
      <trkpt lat="34.67938" lon="99.670022"><ele>3867</ele></trkpt>
      <trkpt lat="34.67933" lon="99.6701"><ele>3867</ele></trkpt>
      <trkpt lat="34.679021" lon="99.670071"><ele>3868</ele></trkpt>
      <trkpt lat="34.678922" lon="99.670053"><ele>3867</ele></trkpt>
      <trkpt lat="34.678821" lon="99.670017"><ele>3867</ele></trkpt>
      <trkpt lat="34.67855" lon="99.669878"><ele>3867</ele></trkpt>
      <trkpt lat="34.67846" lon="99.669841"><ele>3867</ele></trkpt>
      <trkpt lat="34.67837" lon="99.66982"><ele>3867</ele></trkpt>
      <trkpt lat="34.678266" lon="99.66983"><ele>3868</ele></trkpt>
      <trkpt lat="34.678178" lon="99.669878"><ele>3869</ele></trkpt>
      <trkpt lat="34.678105" lon="99.669956"><ele>3869</ele></trkpt>
      <trkpt lat="34.678036" lon="99.67004"><ele>3868</ele></trkpt>
      <trkpt lat="34.678019" lon="99.670095"><ele>3867</ele></trkpt>
      <trkpt lat="34.677974" lon="99.670177"><ele>3866</ele></trkpt>
      <trkpt lat="34.67791" lon="99.670261"><ele>3865</ele></trkpt>
      <trkpt lat="34.677601" lon="99.67055"><ele>3863</ele></trkpt>
      <trkpt lat="34.677139" lon="99.671019"><ele>3866</ele></trkpt>
      <trkpt lat="34.677067" lon="99.671104"><ele>3867</ele></trkpt>
      <trkpt lat="34.67686" lon="99.671388"><ele>3868</ele></trkpt>
      <trkpt lat="34.676606" lon="99.671882"><ele>3869</ele></trkpt>
      <trkpt lat="34.676541" lon="99.671967"><ele>3869</ele></trkpt>
      <trkpt lat="34.676465" lon="99.672037"><ele>3869</ele></trkpt>
      <trkpt lat="34.676375" lon="99.672102"><ele>3869</ele></trkpt>
      <trkpt lat="34.675889" lon="99.672392"><ele>3871</ele></trkpt>
      <trkpt lat="34.675726" lon="99.672513"><ele>3870</ele></trkpt>
      <trkpt lat="34.675567" lon="99.672657"><ele>3869</ele></trkpt>
      <trkpt lat="34.675278" lon="99.672976"><ele>3866</ele></trkpt>
      <trkpt lat="34.674934" lon="99.673414"><ele>3863</ele></trkpt>
      <trkpt lat="34.674778" lon="99.673599"><ele>3863</ele></trkpt>
      <trkpt lat="34.674211" lon="99.674368"><ele>3861</ele></trkpt>
      <trkpt lat="34.674016" lon="99.674655"><ele>3859</ele></trkpt>
      <trkpt lat="34.673797" lon="99.674928"><ele>3857</ele></trkpt>
      <trkpt lat="34.673571" lon="99.675177"><ele>3857</ele></trkpt>
      <trkpt lat="34.673124" lon="99.675508"><ele>3857</ele></trkpt>
      <trkpt lat="34.672747" lon="99.675741"><ele>3858</ele></trkpt>
      <trkpt lat="34.672652" lon="99.675785"><ele>3858</ele></trkpt>
      <trkpt lat="34.672447" lon="99.675827"><ele>3857</ele></trkpt>
      <trkpt lat="34.672044" lon="99.675988"><ele>3858</ele></trkpt>
      <trkpt lat="34.671846" lon="99.676099"><ele>3858</ele></trkpt>
      <trkpt lat="34.671693" lon="99.676239"><ele>3859</ele></trkpt>
      <trkpt lat="34.671484" lon="99.676482"><ele>3861</ele></trkpt>
      <trkpt lat="34.671421" lon="99.67657"><ele>3861</ele></trkpt>
      <trkpt lat="34.671171" lon="99.676949"><ele>3863</ele></trkpt>
      <trkpt lat="34.670991" lon="99.677253"><ele>3864</ele></trkpt>
      <trkpt lat="34.670736" lon="99.677651"><ele>3864</ele></trkpt>
      <trkpt lat="34.670614" lon="99.677862"><ele>3864</ele></trkpt>
      <trkpt lat="34.670554" lon="99.67795"><ele>3864</ele></trkpt>
      <trkpt lat="34.670481" lon="99.678028"><ele>3864</ele></trkpt>
      <trkpt lat="34.670385" lon="99.678037"><ele>3864</ele></trkpt>
      <trkpt lat="34.670167" lon="99.678021"><ele>3864</ele></trkpt>
      <trkpt lat="34.670059" lon="99.678023"><ele>3864</ele></trkpt>
      <trkpt lat="34.669964" lon="99.678057"><ele>3864</ele></trkpt>
      <trkpt lat="34.669866" lon="99.678111"><ele>3864</ele></trkpt>
      <trkpt lat="34.669772" lon="99.678173"><ele>3864</ele></trkpt>
      <trkpt lat="34.66969" lon="99.678245"><ele>3864</ele></trkpt>
      <trkpt lat="34.6696" lon="99.678282"><ele>3864</ele></trkpt>
      <trkpt lat="34.669409" lon="99.678328"><ele>3864</ele></trkpt>
      <trkpt lat="34.669311" lon="99.678369"><ele>3865</ele></trkpt>
      <trkpt lat="34.669258" lon="99.678457"><ele>3865</ele></trkpt>
      <trkpt lat="34.669253" lon="99.678572"><ele>3865</ele></trkpt>
      <trkpt lat="34.669287" lon="99.678699"><ele>3865</ele></trkpt>
      <trkpt lat="34.669382" lon="99.678958"><ele>3865</ele></trkpt>
      <trkpt lat="34.669393" lon="99.679084"><ele>3865</ele></trkpt>
      <trkpt lat="34.669373" lon="99.679212"><ele>3865</ele></trkpt>
      <trkpt lat="34.669297" lon="99.679296"><ele>3865</ele></trkpt>
      <trkpt lat="34.669201" lon="99.679338"><ele>3865</ele></trkpt>
      <trkpt lat="34.668798" lon="99.679428"><ele>3865</ele></trkpt>
      <trkpt lat="34.668705" lon="99.679462"><ele>3866</ele></trkpt>
      <trkpt lat="34.668614" lon="99.679509"><ele>3866</ele></trkpt>
      <trkpt lat="34.668526" lon="99.679574"><ele>3866</ele></trkpt>
      <trkpt lat="34.668456" lon="99.679654"><ele>3867</ele></trkpt>
      <trkpt lat="34.668333" lon="99.679852"><ele>3868</ele></trkpt>
      <trkpt lat="34.668238" lon="99.68006"><ele>3870</ele></trkpt>
      <trkpt lat="34.668157" lon="99.680281"><ele>3871</ele></trkpt>
      <trkpt lat="34.668062" lon="99.680489"><ele>3873</ele></trkpt>
      <trkpt lat="34.667975" lon="99.680705"><ele>3874</ele></trkpt>
      <trkpt lat="34.66786" lon="99.681033"><ele>3874</ele></trkpt>
      <trkpt lat="34.667759" lon="99.681363"><ele>3874</ele></trkpt>
      <trkpt lat="34.667712" lon="99.681474"><ele>3874</ele></trkpt>
      <trkpt lat="34.667655" lon="99.681567"><ele>3874</ele></trkpt>
      <trkpt lat="34.667477" lon="99.681837"><ele>3875</ele></trkpt>
      <trkpt lat="34.667222" lon="99.682188"><ele>3874</ele></trkpt>
      <trkpt lat="34.667083" lon="99.682353"><ele>3874</ele></trkpt>
      <trkpt lat="34.666614" lon="99.682963"><ele>3872</ele></trkpt>
      <trkpt lat="34.666396" lon="99.683195"><ele>3871</ele></trkpt>
      <trkpt lat="34.66632" lon="99.683257"><ele>3871</ele></trkpt>
      <trkpt lat="34.666018" lon="99.68355"><ele>3870</ele></trkpt>
      <trkpt lat="34.665769" lon="99.683724"><ele>3871</ele></trkpt>
      <trkpt lat="34.665595" lon="99.683826"><ele>3872</ele></trkpt>
      <trkpt lat="34.665154" lon="99.684136"><ele>3871</ele></trkpt>
      <trkpt lat="34.665076" lon="99.684198"><ele>3870</ele></trkpt>
      <trkpt lat="34.665017" lon="99.684278"><ele>3870</ele></trkpt>
      <trkpt lat="34.66493" lon="99.684341"><ele>3871</ele></trkpt>
      <trkpt lat="34.664738" lon="99.684452"><ele>3871</ele></trkpt>
      <trkpt lat="34.664656" lon="99.68453"><ele>3871</ele></trkpt>
      <trkpt lat="34.664558" lon="99.684586"><ele>3871</ele></trkpt>
      <trkpt lat="34.664381" lon="99.684663"><ele>3871</ele></trkpt>
      <trkpt lat="34.664215" lon="99.684764"><ele>3870</ele></trkpt>
      <trkpt lat="34.663798" lon="99.685111"><ele>3870</ele></trkpt>
      <trkpt lat="34.663628" lon="99.685228"><ele>3871</ele></trkpt>
      <trkpt lat="34.663346" lon="99.685401"><ele>3871</ele></trkpt>
      <trkpt lat="34.662574" lon="99.685778"><ele>3872</ele></trkpt>
      <trkpt lat="34.662294" lon="99.685873"><ele>3871</ele></trkpt>
      <trkpt lat="34.661978" lon="99.685957"><ele>3871</ele></trkpt>
      <trkpt lat="34.661792" lon="99.686026"><ele>3871</ele></trkpt>
      <trkpt lat="34.66151" lon="99.686113"><ele>3873</ele></trkpt>
      <trkpt lat="34.66132" lon="99.686156"><ele>3875</ele></trkpt>
      <trkpt lat="34.661114" lon="99.686192"><ele>3875</ele></trkpt>
      <trkpt lat="34.660599" lon="99.686175"><ele>3874</ele></trkpt>
      <trkpt lat="34.660497" lon="99.686195"><ele>3874</ele></trkpt>
      <trkpt lat="34.660198" lon="99.68628"><ele>3874</ele></trkpt>
      <trkpt lat="34.660023" lon="99.686348"><ele>3875</ele></trkpt>
      <trkpt lat="34.659605" lon="99.686469"><ele>3877</ele></trkpt>
      <trkpt lat="34.659408" lon="99.68656"><ele>3878</ele></trkpt>
      <trkpt lat="34.659221" lon="99.686629"><ele>3879</ele></trkpt>
      <trkpt lat="34.659128" lon="99.686685"><ele>3879</ele></trkpt>
      <trkpt lat="34.659061" lon="99.686764"><ele>3879</ele></trkpt>
      <trkpt lat="34.659008" lon="99.686855"><ele>3880</ele></trkpt>
      <trkpt lat="34.658965" lon="99.686959"><ele>3880</ele></trkpt>
      <trkpt lat="34.658888" lon="99.686995"><ele>3881</ele></trkpt>
      <trkpt lat="34.658798" lon="99.687019"><ele>3881</ele></trkpt>
      <trkpt lat="34.658708" lon="99.687071"><ele>3881</ele></trkpt>
      <trkpt lat="34.658644" lon="99.687154"><ele>3880</ele></trkpt>
      <trkpt lat="34.65859" lon="99.687248"><ele>3880</ele></trkpt>
      <trkpt lat="34.658494" lon="99.687449"><ele>3882</ele></trkpt>
      <trkpt lat="34.658458" lon="99.687554"><ele>3882</ele></trkpt>
      <trkpt lat="34.658405" lon="99.687643"><ele>3883</ele></trkpt>
      <trkpt lat="34.65836" lon="99.687584"><ele>3883</ele></trkpt>
      <trkpt lat="34.65838" lon="99.687468"><ele>3883</ele></trkpt>
      <trkpt lat="34.658446" lon="99.687369"><ele>3882</ele></trkpt>
      <trkpt lat="34.658549" lon="99.687127"><ele>3881</ele></trkpt>
      <trkpt lat="34.658617" lon="99.687034"><ele>3881</ele></trkpt>
      <trkpt lat="34.6586" lon="99.686935"><ele>3881</ele></trkpt>
    </trkseg>
  </trk>
</gpx>
