<?xml version="1.0" encoding="UTF-8"?>
<gpx version="1.1" creator="霞客 · 两步路轨迹" xmlns="http://www.topografix.com/GPX/1/1">
  <metadata><name>博格达大环线参考轨迹</name></metadata>
  <trk><name>博格达大环线</name>
    <trkseg>
      <trkpt lat="43.681061" lon="88.509324"><ele>2412</ele></trkpt>
      <trkpt lat="43.681147" lon="88.509261"><ele>2412</ele></trkpt>
      <trkpt lat="43.681234" lon="88.509218"><ele>2411</ele></trkpt>
      <trkpt lat="43.681331" lon="88.509222"><ele>2413</ele></trkpt>
      <trkpt lat="43.681425" lon="88.509246"><ele>2414</ele></trkpt>
      <trkpt lat="43.68152" lon="88.509262"><ele>2416</ele></trkpt>
      <trkpt lat="43.681616" lon="88.50929"><ele>2418</ele></trkpt>
      <trkpt lat="43.681705" lon="88.50933"><ele>2420</ele></trkpt>
      <trkpt lat="43.681794" lon="88.509363"><ele>2422</ele></trkpt>
      <trkpt lat="43.681889" lon="88.509344"><ele>2423</ele></trkpt>
      <trkpt lat="43.681961" lon="88.50927"><ele>2427</ele></trkpt>
      <trkpt lat="43.682032" lon="88.509192"><ele>2428</ele></trkpt>
      <trkpt lat="43.682101" lon="88.509113"><ele>2429</ele></trkpt>
      <trkpt lat="43.682175" lon="88.509038"><ele>2430</ele></trkpt>
      <trkpt lat="43.68226" lon="88.508986"><ele>2432</ele></trkpt>
      <trkpt lat="43.68235" lon="88.50897"><ele>2434</ele></trkpt>
      <trkpt lat="43.68244" lon="88.508973"><ele>2435</ele></trkpt>
      <trkpt lat="43.682533" lon="88.508991"><ele>2437</ele></trkpt>
      <trkpt lat="43.682629" lon="88.509009"><ele>2438</ele></trkpt>
      <trkpt lat="43.682722" lon="88.509007"><ele>2439</ele></trkpt>
      <trkpt lat="43.682814" lon="88.509012"><ele>2439</ele></trkpt>
      <trkpt lat="43.682907" lon="88.509004"><ele>2442</ele></trkpt>
      <trkpt lat="43.682999" lon="88.509001"><ele>2443</ele></trkpt>
      <trkpt lat="43.683091" lon="88.509023"><ele>2444</ele></trkpt>
      <trkpt lat="43.68318" lon="88.509059"><ele>2446</ele></trkpt>
      <trkpt lat="43.683273" lon="88.509087"><ele>2448</ele></trkpt>
      <trkpt lat="43.683366" lon="88.509119"><ele>2449</ele></trkpt>
      <trkpt lat="43.68345" lon="88.509172"><ele>2449</ele></trkpt>
      <trkpt lat="43.683539" lon="88.509213"><ele>2451</ele></trkpt>
      <trkpt lat="43.683632" lon="88.509246"><ele>2453</ele></trkpt>
      <trkpt lat="43.683723" lon="88.509271"><ele>2454</ele></trkpt>
      <trkpt lat="43.683811" lon="88.509311"><ele>2455</ele></trkpt>
      <trkpt lat="43.683899" lon="88.509342"><ele>2457</ele></trkpt>
      <trkpt lat="43.683993" lon="88.509369"><ele>2458</ele></trkpt>
      <trkpt lat="43.684085" lon="88.509417"><ele>2458</ele></trkpt>
      <trkpt lat="43.684177" lon="88.509451"><ele>2461</ele></trkpt>
      <trkpt lat="43.684266" lon="88.509489"><ele>2462</ele></trkpt>
      <trkpt lat="43.684359" lon="88.50952"><ele>2462</ele></trkpt>
      <trkpt lat="43.684445" lon="88.509568"><ele>2464</ele></trkpt>
      <trkpt lat="43.684533" lon="88.509597"><ele>2464</ele></trkpt>
      <trkpt lat="43.684624" lon="88.509638"><ele>2465</ele></trkpt>
      <trkpt lat="43.684714" lon="88.509683"><ele>2467</ele></trkpt>
      <trkpt lat="43.684795" lon="88.509742"><ele>2467</ele></trkpt>
      <trkpt lat="43.684851" lon="88.509844"><ele>2470</ele></trkpt>
      <trkpt lat="43.684885" lon="88.509962"><ele>2470</ele></trkpt>
      <trkpt lat="43.684946" lon="88.510058"><ele>2471</ele></trkpt>
      <trkpt lat="43.685014" lon="88.510142"><ele>2473</ele></trkpt>
      <trkpt lat="43.685095" lon="88.510206"><ele>2475</ele></trkpt>
      <trkpt lat="43.685182" lon="88.510258"><ele>2474</ele></trkpt>
      <trkpt lat="43.685276" lon="88.510274"><ele>2475</ele></trkpt>
      <trkpt lat="43.685366" lon="88.510258"><ele>2476</ele></trkpt>
      <trkpt lat="43.68546" lon="88.510236"><ele>2478</ele></trkpt>
      <trkpt lat="43.685553" lon="88.510235"><ele>2480</ele></trkpt>
      <trkpt lat="43.685648" lon="88.510207"><ele>2482</ele></trkpt>
      <trkpt lat="43.685743" lon="88.510216"><ele>2482</ele></trkpt>
      <trkpt lat="43.685838" lon="88.510223"><ele>2483</ele></trkpt>
      <trkpt lat="43.685929" lon="88.510232"><ele>2485</ele></trkpt>
      <trkpt lat="43.686024" lon="88.510259"><ele>2484</ele></trkpt>
      <trkpt lat="43.686115" lon="88.510269"><ele>2487</ele></trkpt>
      <trkpt lat="43.686206" lon="88.510315"><ele>2488</ele></trkpt>
      <trkpt lat="43.686299" lon="88.510347"><ele>2490</ele></trkpt>
      <trkpt lat="43.686393" lon="88.510375"><ele>2491</ele></trkpt>
      <trkpt lat="43.686474" lon="88.510443"><ele>2492</ele></trkpt>
      <trkpt lat="43.686568" lon="88.510452"><ele>2493</ele></trkpt>
      <trkpt lat="43.686663" lon="88.510478"><ele>2494</ele></trkpt>
      <trkpt lat="43.686752" lon="88.510507"><ele>2495</ele></trkpt>
      <trkpt lat="43.68684" lon="88.510548"><ele>2496</ele></trkpt>
      <trkpt lat="43.686932" lon="88.510598"><ele>2497</ele></trkpt>
      <trkpt lat="43.687021" lon="88.51063"><ele>2498</ele></trkpt>
      <trkpt lat="43.687112" lon="88.510645"><ele>2500</ele></trkpt>
      <trkpt lat="43.687207" lon="88.51067"><ele>2501</ele></trkpt>
      <trkpt lat="43.687297" lon="88.510683"><ele>2502</ele></trkpt>
      <trkpt lat="43.687386" lon="88.510701"><ele>2503</ele></trkpt>
      <trkpt lat="43.687467" lon="88.51077"><ele>2503</ele></trkpt>
      <trkpt lat="43.687508" lon="88.510884"><ele>2503</ele></trkpt>
      <trkpt lat="43.687513" lon="88.511013"><ele>2504</ele></trkpt>
      <trkpt lat="43.687542" lon="88.511136"><ele>2505</ele></trkpt>
      <trkpt lat="43.687617" lon="88.511215"><ele>2506</ele></trkpt>
      <trkpt lat="43.68767" lon="88.51132"><ele>2507</ele></trkpt>
      <trkpt lat="43.687734" lon="88.511408"><ele>2507</ele></trkpt>
      <trkpt lat="43.687809" lon="88.511488"><ele>2508</ele></trkpt>
      <trkpt lat="43.687885" lon="88.511579"><ele>2509</ele></trkpt>
      <trkpt lat="43.687946" lon="88.511683"><ele>2511</ele></trkpt>
      <trkpt lat="43.688015" lon="88.511782"><ele>2511</ele></trkpt>
      <trkpt lat="43.688087" lon="88.511867"><ele>2512</ele></trkpt>
      <trkpt lat="43.688156" lon="88.51195"><ele>2512</ele></trkpt>
      <trkpt lat="43.688227" lon="88.512036"><ele>2515</ele></trkpt>
      <trkpt lat="43.688303" lon="88.512122"><ele>2516</ele></trkpt>
      <trkpt lat="43.688375" lon="88.512196"><ele>2517</ele></trkpt>
      <trkpt lat="43.688456" lon="88.512277"><ele>2518</ele></trkpt>
      <trkpt lat="43.688525" lon="88.512372"><ele>2518</ele></trkpt>
      <trkpt lat="43.68859" lon="88.512467"><ele>2520</ele></trkpt>
      <trkpt lat="43.688652" lon="88.512562"><ele>2520</ele></trkpt>
      <trkpt lat="43.68872" lon="88.512643"><ele>2521</ele></trkpt>
      <trkpt lat="43.688795" lon="88.512724"><ele>2522</ele></trkpt>
      <trkpt lat="43.688874" lon="88.512795"><ele>2523</ele></trkpt>
      <trkpt lat="43.688961" lon="88.51286"><ele>2523</ele></trkpt>
      <trkpt lat="43.689036" lon="88.51294"><ele>2525</ele></trkpt>
      <trkpt lat="43.689106" lon="88.513025"><ele>2526</ele></trkpt>
      <trkpt lat="43.689183" lon="88.513102"><ele>2527</ele></trkpt>
      <trkpt lat="43.689258" lon="88.513184"><ele>2529</ele></trkpt>
      <trkpt lat="43.68932" lon="88.513274"><ele>2529</ele></trkpt>
      <trkpt lat="43.689397" lon="88.513353"><ele>2531</ele></trkpt>
      <trkpt lat="43.689474" lon="88.513438"><ele>2532</ele></trkpt>
      <trkpt lat="43.689537" lon="88.513534"><ele>2534</ele></trkpt>
      <trkpt lat="43.689604" lon="88.513623"><ele>2533</ele></trkpt>
      <trkpt lat="43.689679" lon="88.513692"><ele>2536</ele></trkpt>
      <trkpt lat="43.68976" lon="88.513759"><ele>2536</ele></trkpt>
      <trkpt lat="43.689847" lon="88.513815"><ele>2538</ele></trkpt>
      <trkpt lat="43.689938" lon="88.513851"><ele>2539</ele></trkpt>
      <trkpt lat="43.690027" lon="88.513875"><ele>2539</ele></trkpt>
      <trkpt lat="43.690117" lon="88.513909"><ele>2539</ele></trkpt>
      <trkpt lat="43.690201" lon="88.513954"><ele>2540</ele></trkpt>
      <trkpt lat="43.690289" lon="88.513996"><ele>2542</ele></trkpt>
      <trkpt lat="43.690378" lon="88.514033"><ele>2542</ele></trkpt>
      <trkpt lat="43.690471" lon="88.514076"><ele>2542</ele></trkpt>
      <trkpt lat="43.690559" lon="88.514136"><ele>2542</ele></trkpt>
      <trkpt lat="43.690615" lon="88.514234"><ele>2542</ele></trkpt>
      <trkpt lat="43.690681" lon="88.514319"><ele>2544</ele></trkpt>
      <trkpt lat="43.690732" lon="88.514424"><ele>2546</ele></trkpt>
      <trkpt lat="43.690797" lon="88.514516"><ele>2547</ele></trkpt>
      <trkpt lat="43.690885" lon="88.514546"><ele>2548</ele></trkpt>
      <trkpt lat="43.690976" lon="88.514556"><ele>2549</ele></trkpt>
      <trkpt lat="43.691067" lon="88.514583"><ele>2552</ele></trkpt>
      <trkpt lat="43.691149" lon="88.514637"><ele>2554</ele></trkpt>
      <trkpt lat="43.691239" lon="88.514669"><ele>2553</ele></trkpt>
      <trkpt lat="43.69133" lon="88.514691"><ele>2555</ele></trkpt>
      <trkpt lat="43.691418" lon="88.514719"><ele>2555</ele></trkpt>
      <trkpt lat="43.691506" lon="88.514747"><ele>2557</ele></trkpt>
      <trkpt lat="43.691596" lon="88.514781"><ele>2558</ele></trkpt>
      <trkpt lat="43.691688" lon="88.514796"><ele>2559</ele></trkpt>
      <trkpt lat="43.691782" lon="88.514824"><ele>2561</ele></trkpt>
      <trkpt lat="43.691871" lon="88.514845"><ele>2562</ele></trkpt>
      <trkpt lat="43.691958" lon="88.514881"><ele>2562</ele></trkpt>
      <trkpt lat="43.692056" lon="88.514904"><ele>2563</ele></trkpt>
      <trkpt lat="43.692146" lon="88.514956"><ele>2563</ele></trkpt>
      <trkpt lat="43.692234" lon="88.514993"><ele>2564</ele></trkpt>
      <trkpt lat="43.692328" lon="88.515032"><ele>2565</ele></trkpt>
      <trkpt lat="43.692415" lon="88.515075"><ele>2567</ele></trkpt>
      <trkpt lat="43.692504" lon="88.515099"><ele>2567</ele></trkpt>
      <trkpt lat="43.692594" lon="88.51511"><ele>2570</ele></trkpt>
      <trkpt lat="43.692689" lon="88.515117"><ele>2570</ele></trkpt>
      <trkpt lat="43.692782" lon="88.515134"><ele>2572</ele></trkpt>
      <trkpt lat="43.692872" lon="88.515178"><ele>2572</ele></trkpt>
      <trkpt lat="43.692961" lon="88.515198"><ele>2572</ele></trkpt>
      <trkpt lat="43.69305" lon="88.515218"><ele>2574</ele></trkpt>
      <trkpt lat="43.693136" lon="88.515259"><ele>2575</ele></trkpt>
      <trkpt lat="43.693226" lon="88.515286"><ele>2577</ele></trkpt>
      <trkpt lat="43.693318" lon="88.515315"><ele>2578</ele></trkpt>
      <trkpt lat="43.693407" lon="88.515337"><ele>2579</ele></trkpt>
      <trkpt lat="43.693501" lon="88.515345"><ele>2578</ele></trkpt>
      <trkpt lat="43.693591" lon="88.515366"><ele>2580</ele></trkpt>
      <trkpt lat="43.693682" lon="88.515384"><ele>2582</ele></trkpt>
      <trkpt lat="43.693774" lon="88.515398"><ele>2583</ele></trkpt>
      <trkpt lat="43.693866" lon="88.515407"><ele>2585</ele></trkpt>
      <trkpt lat="43.693955" lon="88.515444"><ele>2587</ele></trkpt>
      <trkpt lat="43.694043" lon="88.515472"><ele>2587</ele></trkpt>
      <trkpt lat="43.694135" lon="88.515497"><ele>2588</ele></trkpt>
      <trkpt lat="43.694227" lon="88.515501"><ele>2588</ele></trkpt>
      <trkpt lat="43.69432" lon="88.515518"><ele>2590</ele></trkpt>
      <trkpt lat="43.694404" lon="88.515582"><ele>2591</ele></trkpt>
      <trkpt lat="43.694497" lon="88.515607"><ele>2593</ele></trkpt>
      <trkpt lat="43.694591" lon="88.515617"><ele>2593</ele></trkpt>
      <trkpt lat="43.694673" lon="88.515669"><ele>2594</ele></trkpt>
      <trkpt lat="43.694768" lon="88.51566"><ele>2595</ele></trkpt>
      <trkpt lat="43.694856" lon="88.515616"><ele>2595</ele></trkpt>
      <trkpt lat="43.694942" lon="88.515563"><ele>2596</ele></trkpt>
      <trkpt lat="43.695027" lon="88.515515"><ele>2597</ele></trkpt>
      <trkpt lat="43.695113" lon="88.515477"><ele>2599</ele></trkpt>
      <trkpt lat="43.695198" lon="88.515414"><ele>2601</ele></trkpt>
      <trkpt lat="43.695292" lon="88.515383"><ele>2602</ele></trkpt>
      <trkpt lat="43.695377" lon="88.515328"><ele>2601</ele></trkpt>
      <trkpt lat="43.695468" lon="88.5153"><ele>2602</ele></trkpt>
      <trkpt lat="43.695553" lon="88.51525"><ele>2601</ele></trkpt>
      <trkpt lat="43.69563" lon="88.51518"><ele>2604</ele></trkpt>
      <trkpt lat="43.695726" lon="88.515148"><ele>2605</ele></trkpt>
      <trkpt lat="43.695805" lon="88.515076"><ele>2607</ele></trkpt>
      <trkpt lat="43.69588" lon="88.515"><ele>2608</ele></trkpt>
      <trkpt lat="43.695975" lon="88.514976"><ele>2609</ele></trkpt>
      <trkpt lat="43.696068" lon="88.514958"><ele>2610</ele></trkpt>
      <trkpt lat="43.696159" lon="88.514952"><ele>2610</ele></trkpt>
      <trkpt lat="43.696251" lon="88.514932"><ele>2611</ele></trkpt>
      <trkpt lat="43.696341" lon="88.514898"><ele>2612</ele></trkpt>
      <trkpt lat="43.696428" lon="88.51486"><ele>2615</ele></trkpt>
      <trkpt lat="43.696518" lon="88.514819"><ele>2615</ele></trkpt>
      <trkpt lat="43.696606" lon="88.514778"><ele>2616</ele></trkpt>
      <trkpt lat="43.696704" lon="88.514761"><ele>2618</ele></trkpt>
      <trkpt lat="43.696798" lon="88.514766"><ele>2619</ele></trkpt>
      <trkpt lat="43.696894" lon="88.514767"><ele>2620</ele></trkpt>
      <trkpt lat="43.69699" lon="88.514758"><ele>2621</ele></trkpt>
      <trkpt lat="43.697071" lon="88.514687"><ele>2622</ele></trkpt>
      <trkpt lat="43.697163" lon="88.514671"><ele>2625</ele></trkpt>
      <trkpt lat="43.697236" lon="88.514597"><ele>2626</ele></trkpt>
      <trkpt lat="43.697328" lon="88.514579"><ele>2626</ele></trkpt>
      <trkpt lat="43.69742" lon="88.514572"><ele>2627</ele></trkpt>
      <trkpt lat="43.697511" lon="88.51457"><ele>2628</ele></trkpt>
      <trkpt lat="43.697603" lon="88.514532"><ele>2631</ele></trkpt>
      <trkpt lat="43.697693" lon="88.514536"><ele>2631</ele></trkpt>
      <trkpt lat="43.697791" lon="88.514527"><ele>2633</ele></trkpt>
      <trkpt lat="43.697888" lon="88.514524"><ele>2633</ele></trkpt>
      <trkpt lat="43.697983" lon="88.514497"><ele>2634</ele></trkpt>
      <trkpt lat="43.698076" lon="88.514478"><ele>2635</ele></trkpt>
      <trkpt lat="43.698169" lon="88.514477"><ele>2636</ele></trkpt>
      <trkpt lat="43.698167" lon="88.514349"><ele>2639</ele></trkpt>
      <trkpt lat="43.698096" lon="88.514261"><ele>2641</ele></trkpt>
      <trkpt lat="43.698029" lon="88.514175"><ele>2642</ele></trkpt>
      <trkpt lat="43.697974" lon="88.514071"><ele>2646</ele></trkpt>
      <trkpt lat="43.697909" lon="88.513977"><ele>2648</ele></trkpt>
      <trkpt lat="43.697834" lon="88.513906"><ele>2651</ele></trkpt>
      <trkpt lat="43.69775" lon="88.513852"><ele>2652</ele></trkpt>
      <trkpt lat="43.697676" lon="88.513777"><ele>2653</ele></trkpt>
      <trkpt lat="43.697591" lon="88.51373"><ele>2655</ele></trkpt>
      <trkpt lat="43.697513" lon="88.513661"><ele>2656</ele></trkpt>
      <trkpt lat="43.697427" lon="88.51362"><ele>2659</ele></trkpt>
      <trkpt lat="43.697339" lon="88.513584"><ele>2660</ele></trkpt>
      <trkpt lat="43.69725" lon="88.513538"><ele>2662</ele></trkpt>
      <trkpt lat="43.69716" lon="88.513515"><ele>2664</ele></trkpt>
      <trkpt lat="43.697076" lon="88.513455"><ele>2667</ele></trkpt>
      <trkpt lat="43.69699" lon="88.513406"><ele>2669</ele></trkpt>
      <trkpt lat="43.696898" lon="88.513395"><ele>2671</ele></trkpt>
      <trkpt lat="43.696805" lon="88.513372"><ele>2674</ele></trkpt>
      <trkpt lat="43.696714" lon="88.513353"><ele>2676</ele></trkpt>
      <trkpt lat="43.69662" lon="88.513366"><ele>2678</ele></trkpt>
      <trkpt lat="43.696528" lon="88.513348"><ele>2679</ele></trkpt>
      <trkpt lat="43.696449" lon="88.513287"><ele>2680</ele></trkpt>
      <trkpt lat="43.696439" lon="88.513164"><ele>2681</ele></trkpt>
      <trkpt lat="43.696518" lon="88.513095"><ele>2683</ele></trkpt>
      <trkpt lat="43.696601" lon="88.513035"><ele>2684</ele></trkpt>
      <trkpt lat="43.696682" lon="88.51297"><ele>2684</ele></trkpt>
      <trkpt lat="43.696764" lon="88.512897"><ele>2686</ele></trkpt>
      <trkpt lat="43.696843" lon="88.512821"><ele>2686</ele></trkpt>
      <trkpt lat="43.696919" lon="88.51274"><ele>2687</ele></trkpt>
      <trkpt lat="43.696993" lon="88.512666"><ele>2687</ele></trkpt>
      <trkpt lat="43.697069" lon="88.512588"><ele>2689</ele></trkpt>
      <trkpt lat="43.697149" lon="88.512526"><ele>2690</ele></trkpt>
      <trkpt lat="43.697238" lon="88.512499"><ele>2691</ele></trkpt>
      <trkpt lat="43.697318" lon="88.512441"><ele>2692</ele></trkpt>
      <trkpt lat="43.697363" lon="88.51232"><ele>2692</ele></trkpt>
      <trkpt lat="43.69744" lon="88.512237"><ele>2692</ele></trkpt>
      <trkpt lat="43.697522" lon="88.512162"><ele>2692</ele></trkpt>
      <trkpt lat="43.697603" lon="88.512098"><ele>2692</ele></trkpt>
      <trkpt lat="43.697681" lon="88.512028"><ele>2693</ele></trkpt>
      <trkpt lat="43.697754" lon="88.51195"><ele>2693</ele></trkpt>
      <trkpt lat="43.697836" lon="88.511889"><ele>2693</ele></trkpt>
      <trkpt lat="43.697912" lon="88.511819"><ele>2694</ele></trkpt>
      <trkpt lat="43.697994" lon="88.511748"><ele>2695</ele></trkpt>
      <trkpt lat="43.698073" lon="88.511676"><ele>2695</ele></trkpt>
      <trkpt lat="43.698151" lon="88.511604"><ele>2695</ele></trkpt>
      <trkpt lat="43.698232" lon="88.511538"><ele>2697</ele></trkpt>
      <trkpt lat="43.698314" lon="88.511466"><ele>2698</ele></trkpt>
      <trkpt lat="43.698389" lon="88.511388"><ele>2697</ele></trkpt>
      <trkpt lat="43.698471" lon="88.511331"><ele>2699</ele></trkpt>
      <trkpt lat="43.698541" lon="88.511253"><ele>2699</ele></trkpt>
      <trkpt lat="43.698624" lon="88.511181"><ele>2698</ele></trkpt>
      <trkpt lat="43.698711" lon="88.511124"><ele>2698</ele></trkpt>
      <trkpt lat="43.698787" lon="88.511059"><ele>2699</ele></trkpt>
      <trkpt lat="43.698867" lon="88.510986"><ele>2698</ele></trkpt>
      <trkpt lat="43.698953" lon="88.51092"><ele>2696</ele></trkpt>
      <trkpt lat="43.699025" lon="88.510843"><ele>2696</ele></trkpt>
      <trkpt lat="43.699091" lon="88.510745"><ele>2699</ele></trkpt>
      <trkpt lat="43.69916" lon="88.510655"><ele>2699</ele></trkpt>
      <trkpt lat="43.699203" lon="88.510541"><ele>2698</ele></trkpt>
      <trkpt lat="43.699232" lon="88.510408"><ele>2698</ele></trkpt>
      <trkpt lat="43.699273" lon="88.510283"><ele>2699</ele></trkpt>
      <trkpt lat="43.699319" lon="88.510172"><ele>2699</ele></trkpt>
      <trkpt lat="43.699353" lon="88.510054"><ele>2700</ele></trkpt>
      <trkpt lat="43.6994" lon="88.509937"><ele>2700</ele></trkpt>
      <trkpt lat="43.699441" lon="88.509824"><ele>2702</ele></trkpt>
      <trkpt lat="43.699481" lon="88.509705"><ele>2704</ele></trkpt>
      <trkpt lat="43.699521" lon="88.50959"><ele>2704</ele></trkpt>
      <trkpt lat="43.699576" lon="88.509476"><ele>2703</ele></trkpt>
      <trkpt lat="43.699646" lon="88.509397"><ele>2701</ele></trkpt>
      <trkpt lat="43.699731" lon="88.509343"><ele>2699</ele></trkpt>
      <trkpt lat="43.699821" lon="88.509313"><ele>2699</ele></trkpt>
      <trkpt lat="43.699903" lon="88.50926"><ele>2698</ele></trkpt>
      <trkpt lat="43.69999" lon="88.509229"><ele>2697</ele></trkpt>
      <trkpt lat="43.700082" lon="88.509204"><ele>2697</ele></trkpt>
      <trkpt lat="43.700164" lon="88.509146"><ele>2698</ele></trkpt>
      <trkpt lat="43.700249" lon="88.509078"><ele>2697</ele></trkpt>
      <trkpt lat="43.700336" lon="88.509033"><ele>2696</ele></trkpt>
      <trkpt lat="43.700429" lon="88.508992"><ele>2695</ele></trkpt>
      <trkpt lat="43.700522" lon="88.508976"><ele>2694</ele></trkpt>
      <trkpt lat="43.700612" lon="88.508948"><ele>2695</ele></trkpt>
      <trkpt lat="43.700712" lon="88.508957"><ele>2694</ele></trkpt>
      <trkpt lat="43.700807" lon="88.508973"><ele>2694</ele></trkpt>
      <trkpt lat="43.700896" lon="88.509008"><ele>2695</ele></trkpt>
      <trkpt lat="43.700981" lon="88.50905"><ele>2695</ele></trkpt>
      <trkpt lat="43.701068" lon="88.509001"><ele>2695</ele></trkpt>
      <trkpt lat="43.701125" lon="88.508902"><ele>2695</ele></trkpt>
      <trkpt lat="43.701181" lon="88.508791"><ele>2695</ele></trkpt>
      <trkpt lat="43.701264" lon="88.508726"><ele>2695</ele></trkpt>
      <trkpt lat="43.701335" lon="88.508642"><ele>2695</ele></trkpt>
      <trkpt lat="43.701415" lon="88.508559"><ele>2694</ele></trkpt>
      <trkpt lat="43.701503" lon="88.508506"><ele>2694</ele></trkpt>
      <trkpt lat="43.701597" lon="88.508458"><ele>2692</ele></trkpt>
      <trkpt lat="43.701698" lon="88.508431"><ele>2689</ele></trkpt>
      <trkpt lat="43.701778" lon="88.508368"><ele>2691</ele></trkpt>
      <trkpt lat="43.701866" lon="88.508302"><ele>2690</ele></trkpt>
      <trkpt lat="43.701953" lon="88.508259"><ele>2690</ele></trkpt>
      <trkpt lat="43.702039" lon="88.508215"><ele>2689</ele></trkpt>
      <trkpt lat="43.702133" lon="88.508202"><ele>2689</ele></trkpt>
      <trkpt lat="43.702221" lon="88.508139"><ele>2689</ele></trkpt>
      <trkpt lat="43.70231" lon="88.508074"><ele>2690</ele></trkpt>
      <trkpt lat="43.702401" lon="88.508052"><ele>2687</ele></trkpt>
      <trkpt lat="43.702486" lon="88.507993"><ele>2687</ele></trkpt>
      <trkpt lat="43.702581" lon="88.507947"><ele>2686</ele></trkpt>
      <trkpt lat="43.702669" lon="88.50791"><ele>2686</ele></trkpt>
      <trkpt lat="43.702762" lon="88.507879"><ele>2686</ele></trkpt>
      <trkpt lat="43.702849" lon="88.507835"><ele>2685</ele></trkpt>
      <trkpt lat="43.702946" lon="88.507801"><ele>2685</ele></trkpt>
      <trkpt lat="43.703026" lon="88.507733"><ele>2685</ele></trkpt>
      <trkpt lat="43.703103" lon="88.507651"><ele>2684</ele></trkpt>
      <trkpt lat="43.703199" lon="88.507648"><ele>2685</ele></trkpt>
      <trkpt lat="43.703295" lon="88.507684"><ele>2684</ele></trkpt>
      <trkpt lat="43.703391" lon="88.507667"><ele>2684</ele></trkpt>
      <trkpt lat="43.703485" lon="88.50763"><ele>2684</ele></trkpt>
      <trkpt lat="43.703574" lon="88.507597"><ele>2684</ele></trkpt>
      <trkpt lat="43.70366" lon="88.507551"><ele>2685</ele></trkpt>
      <trkpt lat="43.703749" lon="88.507502"><ele>2686</ele></trkpt>
      <trkpt lat="43.703844" lon="88.507468"><ele>2686</ele></trkpt>
      <trkpt lat="43.703931" lon="88.507425"><ele>2687</ele></trkpt>
      <trkpt lat="43.704027" lon="88.507405"><ele>2687</ele></trkpt>
      <trkpt lat="43.704117" lon="88.507394"><ele>2688</ele></trkpt>
      <trkpt lat="43.704207" lon="88.507388"><ele>2689</ele></trkpt>
      <trkpt lat="43.704298" lon="88.507395"><ele>2689</ele></trkpt>
      <trkpt lat="43.704389" lon="88.507374"><ele>2691</ele></trkpt>
      <trkpt lat="43.704481" lon="88.507362"><ele>2692</ele></trkpt>
      <trkpt lat="43.704573" lon="88.507364"><ele>2692</ele></trkpt>
      <trkpt lat="43.704671" lon="88.507373"><ele>2692</ele></trkpt>
      <trkpt lat="43.70476" lon="88.50739"><ele>2693</ele></trkpt>
      <trkpt lat="43.704852" lon="88.50739"><ele>2693</ele></trkpt>
      <trkpt lat="43.704944" lon="88.507349"><ele>2693</ele></trkpt>
      <trkpt lat="43.705034" lon="88.507329"><ele>2692</ele></trkpt>
      <trkpt lat="43.705128" lon="88.507335"><ele>2693</ele></trkpt>
      <trkpt lat="43.705226" lon="88.507313"><ele>2691</ele></trkpt>
      <trkpt lat="43.705322" lon="88.507291"><ele>2691</ele></trkpt>
      <trkpt lat="43.705412" lon="88.507252"><ele>2691</ele></trkpt>
      <trkpt lat="43.705507" lon="88.507244"><ele>2689</ele></trkpt>
      <trkpt lat="43.705597" lon="88.507224"><ele>2692</ele></trkpt>
      <trkpt lat="43.705689" lon="88.507202"><ele>2692</ele></trkpt>
      <trkpt lat="43.705783" lon="88.507213"><ele>2690</ele></trkpt>
      <trkpt lat="43.705879" lon="88.507228"><ele>2690</ele></trkpt>
      <trkpt lat="43.705973" lon="88.507215"><ele>2689</ele></trkpt>
      <trkpt lat="43.706068" lon="88.507225"><ele>2690</ele></trkpt>
      <trkpt lat="43.706169" lon="88.507243"><ele>2690</ele></trkpt>
      <trkpt lat="43.706273" lon="88.507247"><ele>2688</ele></trkpt>
      <trkpt lat="43.70636" lon="88.507193"><ele>2688</ele></trkpt>
      <trkpt lat="43.706458" lon="88.507177"><ele>2689</ele></trkpt>
      <trkpt lat="43.706555" lon="88.507155"><ele>2689</ele></trkpt>
      <trkpt lat="43.706627" lon="88.507078"><ele>2691</ele></trkpt>
      <trkpt lat="43.706687" lon="88.506983"><ele>2692</ele></trkpt>
      <trkpt lat="43.706759" lon="88.506904"><ele>2691</ele></trkpt>
      <trkpt lat="43.706822" lon="88.506806"><ele>2693</ele></trkpt>
      <trkpt lat="43.706905" lon="88.506752"><ele>2692</ele></trkpt>
      <trkpt lat="43.706996" lon="88.506683"><ele>2691</ele></trkpt>
      <trkpt lat="43.707081" lon="88.506629"><ele>2693</ele></trkpt>
      <trkpt lat="43.707167" lon="88.506583"><ele>2693</ele></trkpt>
      <trkpt lat="43.70726" lon="88.506532"><ele>2692</ele></trkpt>
      <trkpt lat="43.70735" lon="88.506502"><ele>2692</ele></trkpt>
      <trkpt lat="43.707438" lon="88.506468"><ele>2693</ele></trkpt>
      <trkpt lat="43.707524" lon="88.506424"><ele>2694</ele></trkpt>
      <trkpt lat="43.707616" lon="88.506413"><ele>2695</ele></trkpt>
      <trkpt lat="43.707706" lon="88.506383"><ele>2694</ele></trkpt>
      <trkpt lat="43.707794" lon="88.50634"><ele>2694</ele></trkpt>
      <trkpt lat="43.707882" lon="88.506309"><ele>2694</ele></trkpt>
      <trkpt lat="43.707974" lon="88.506274"><ele>2694</ele></trkpt>
      <trkpt lat="43.708062" lon="88.506223"><ele>2695</ele></trkpt>
      <trkpt lat="43.708151" lon="88.50617"><ele>2695</ele></trkpt>
      <trkpt lat="43.70824" lon="88.506144"><ele>2697</ele></trkpt>
      <trkpt lat="43.708332" lon="88.506108"><ele>2695</ele></trkpt>
      <trkpt lat="43.708425" lon="88.506064"><ele>2695</ele></trkpt>
      <trkpt lat="43.708515" lon="88.506033"><ele>2697</ele></trkpt>
      <trkpt lat="43.708611" lon="88.506003"><ele>2697</ele></trkpt>
      <trkpt lat="43.708695" lon="88.50595"><ele>2699</ele></trkpt>
      <trkpt lat="43.708787" lon="88.505938"><ele>2700</ele></trkpt>
      <trkpt lat="43.708878" lon="88.505908"><ele>2699</ele></trkpt>
      <trkpt lat="43.708973" lon="88.505888"><ele>2700</ele></trkpt>
      <trkpt lat="43.709075" lon="88.505865"><ele>2702</ele></trkpt>
      <trkpt lat="43.709174" lon="88.505852"><ele>2701</ele></trkpt>
      <trkpt lat="43.709264" lon="88.505866"><ele>2703</ele></trkpt>
      <trkpt lat="43.70936" lon="88.505862"><ele>2704</ele></trkpt>
      <trkpt lat="43.709456" lon="88.505842"><ele>2704</ele></trkpt>
      <trkpt lat="43.709545" lon="88.505782"><ele>2704</ele></trkpt>
      <trkpt lat="43.709641" lon="88.505758"><ele>2707</ele></trkpt>
      <trkpt lat="43.70973" lon="88.505718"><ele>2707</ele></trkpt>
      <trkpt lat="43.70982" lon="88.50568"><ele>2705</ele></trkpt>
      <trkpt lat="43.709908" lon="88.505648"><ele>2706</ele></trkpt>
      <trkpt lat="43.710005" lon="88.505622"><ele>2709</ele></trkpt>
      <trkpt lat="43.710098" lon="88.505597"><ele>2708</ele></trkpt>
      <trkpt lat="43.710185" lon="88.505548"><ele>2707</ele></trkpt>
      <trkpt lat="43.71027" lon="88.505482"><ele>2709</ele></trkpt>
      <trkpt lat="43.710354" lon="88.505416"><ele>2709</ele></trkpt>
      <trkpt lat="43.710441" lon="88.505359"><ele>2711</ele></trkpt>
      <trkpt lat="43.710535" lon="88.505362"><ele>2710</ele></trkpt>
      <trkpt lat="43.710633" lon="88.505358"><ele>2711</ele></trkpt>
      <trkpt lat="43.710727" lon="88.505353"><ele>2710</ele></trkpt>
      <trkpt lat="43.710823" lon="88.505343"><ele>2713</ele></trkpt>
      <trkpt lat="43.710913" lon="88.505375"><ele>2713</ele></trkpt>
      <trkpt lat="43.711003" lon="88.505398"><ele>2714</ele></trkpt>
      <trkpt lat="43.711095" lon="88.505415"><ele>2713</ele></trkpt>
      <trkpt lat="43.711187" lon="88.505403"><ele>2714</ele></trkpt>
      <trkpt lat="43.711262" lon="88.505324"><ele>2715</ele></trkpt>
      <trkpt lat="43.711344" lon="88.505262"><ele>2716</ele></trkpt>
      <trkpt lat="43.711435" lon="88.50522"><ele>2716</ele></trkpt>
      <trkpt lat="43.711526" lon="88.505189"><ele>2716</ele></trkpt>
      <trkpt lat="43.711622" lon="88.50516"><ele>2716</ele></trkpt>
      <trkpt lat="43.711719" lon="88.505152"><ele>2717</ele></trkpt>
      <trkpt lat="43.71181" lon="88.505112"><ele>2718</ele></trkpt>
      <trkpt lat="43.711892" lon="88.505051"><ele>2722</ele></trkpt>
      <trkpt lat="43.711984" lon="88.505001"><ele>2724</ele></trkpt>
      <trkpt lat="43.712071" lon="88.504956"><ele>2724</ele></trkpt>
      <trkpt lat="43.712161" lon="88.504922"><ele>2725</ele></trkpt>
      <trkpt lat="43.712257" lon="88.504884"><ele>2726</ele></trkpt>
      <trkpt lat="43.712354" lon="88.504867"><ele>2727</ele></trkpt>
      <trkpt lat="43.712448" lon="88.504873"><ele>2726</ele></trkpt>
      <trkpt lat="43.712516" lon="88.504782"><ele>2726</ele></trkpt>
      <trkpt lat="43.7126" lon="88.504717"><ele>2728</ele></trkpt>
      <trkpt lat="43.712682" lon="88.504648"><ele>2729</ele></trkpt>
      <trkpt lat="43.712769" lon="88.504597"><ele>2731</ele></trkpt>
      <trkpt lat="43.71286" lon="88.504578"><ele>2730</ele></trkpt>
      <trkpt lat="43.712947" lon="88.504525"><ele>2729</ele></trkpt>
      <trkpt lat="43.713034" lon="88.504488"><ele>2733</ele></trkpt>
      <trkpt lat="43.713124" lon="88.504451"><ele>2733</ele></trkpt>
      <trkpt lat="43.713216" lon="88.504437"><ele>2734</ele></trkpt>
      <trkpt lat="43.713307" lon="88.504429"><ele>2735</ele></trkpt>
      <trkpt lat="43.7134" lon="88.504426"><ele>2735</ele></trkpt>
      <trkpt lat="43.713488" lon="88.504401"><ele>2736</ele></trkpt>
      <trkpt lat="43.713582" lon="88.504386"><ele>2738</ele></trkpt>
      <trkpt lat="43.71368" lon="88.504387"><ele>2738</ele></trkpt>
      <trkpt lat="43.713774" lon="88.504359"><ele>2738</ele></trkpt>
      <trkpt lat="43.713864" lon="88.504336"><ele>2738</ele></trkpt>
      <trkpt lat="43.71396" lon="88.504297"><ele>2741</ele></trkpt>
      <trkpt lat="43.714049" lon="88.504268"><ele>2742</ele></trkpt>
      <trkpt lat="43.714135" lon="88.504226"><ele>2744</ele></trkpt>
      <trkpt lat="43.714227" lon="88.504179"><ele>2746</ele></trkpt>
      <trkpt lat="43.714311" lon="88.504127"><ele>2746</ele></trkpt>
      <trkpt lat="43.714398" lon="88.504075"><ele>2746</ele></trkpt>
      <trkpt lat="43.714484" lon="88.504037"><ele>2748</ele></trkpt>
      <trkpt lat="43.71457" lon="88.503991"><ele>2749</ele></trkpt>
      <trkpt lat="43.714643" lon="88.503914"><ele>2750</ele></trkpt>
      <trkpt lat="43.714735" lon="88.503884"><ele>2750</ele></trkpt>
      <trkpt lat="43.71483" lon="88.503892"><ele>2751</ele></trkpt>
      <trkpt lat="43.714918" lon="88.503917"><ele>2752</ele></trkpt>
      <trkpt lat="43.714992" lon="88.503996"><ele>2751</ele></trkpt>
      <trkpt lat="43.715059" lon="88.504093"><ele>2749</ele></trkpt>
      <trkpt lat="43.715114" lon="88.504199"><ele>2748</ele></trkpt>
      <trkpt lat="43.715194" lon="88.504264"><ele>2746</ele></trkpt>
      <trkpt lat="43.715268" lon="88.504353"><ele>2743</ele></trkpt>
      <trkpt lat="43.715346" lon="88.50444"><ele>2742</ele></trkpt>
      <trkpt lat="43.715414" lon="88.504529"><ele>2741</ele></trkpt>
      <trkpt lat="43.715487" lon="88.504606"><ele>2739</ele></trkpt>
      <trkpt lat="43.715556" lon="88.504689"><ele>2738</ele></trkpt>
      <trkpt lat="43.715631" lon="88.504767"><ele>2740</ele></trkpt>
      <trkpt lat="43.715725" lon="88.50478"><ele>2740</ele></trkpt>
      <trkpt lat="43.715778" lon="88.504675"><ele>2740</ele></trkpt>
      <trkpt lat="43.715805" lon="88.504556"><ele>2739</ele></trkpt>
      <trkpt lat="43.715846" lon="88.504443"><ele>2739</ele></trkpt>
      <trkpt lat="43.715878" lon="88.504323"><ele>2739</ele></trkpt>
      <trkpt lat="43.715885" lon="88.504198"><ele>2742</ele></trkpt>
      <trkpt lat="43.715898" lon="88.504069"><ele>2744</ele></trkpt>
      <trkpt lat="43.715916" lon="88.503942"><ele>2746</ele></trkpt>
      <trkpt lat="43.715922" lon="88.503813"><ele>2748</ele></trkpt>
      <trkpt lat="43.716018" lon="88.503793"><ele>2746</ele></trkpt>
      <trkpt lat="43.716106" lon="88.503756"><ele>2743</ele></trkpt>
      <trkpt lat="43.716196" lon="88.503727"><ele>2746</ele></trkpt>
      <trkpt lat="43.716265" lon="88.503631"><ele>2747</ele></trkpt>
      <trkpt lat="43.716351" lon="88.50355"><ele>2746</ele></trkpt>
      <trkpt lat="43.716436" lon="88.503507"><ele>2746</ele></trkpt>
      <trkpt lat="43.716532" lon="88.503517"><ele>2744</ele></trkpt>
      <trkpt lat="43.716635" lon="88.503523"><ele>2742</ele></trkpt>
      <trkpt lat="43.716725" lon="88.503509"><ele>2741</ele></trkpt>
      <trkpt lat="43.716818" lon="88.503516"><ele>2742</ele></trkpt>
      <trkpt lat="43.716915" lon="88.503506"><ele>2744</ele></trkpt>
      <trkpt lat="43.717009" lon="88.503501"><ele>2746</ele></trkpt>
      <trkpt lat="43.717107" lon="88.503489"><ele>2746</ele></trkpt>
      <trkpt lat="43.717196" lon="88.503457"><ele>2745</ele></trkpt>
      <trkpt lat="43.717279" lon="88.503391"><ele>2746</ele></trkpt>
      <trkpt lat="43.717367" lon="88.503332"><ele>2747</ele></trkpt>
      <trkpt lat="43.717444" lon="88.503245"><ele>2745</ele></trkpt>
      <trkpt lat="43.717534" lon="88.50324"><ele>2745</ele></trkpt>
      <trkpt lat="43.717624" lon="88.503207"><ele>2746</ele></trkpt>
      <trkpt lat="43.717712" lon="88.503161"><ele>2743</ele></trkpt>
      <trkpt lat="43.717803" lon="88.503103"><ele>2744</ele></trkpt>
      <trkpt lat="43.71789" lon="88.503052"><ele>2742</ele></trkpt>
      <trkpt lat="43.717981" lon="88.503011"><ele>2741</ele></trkpt>
      <trkpt lat="43.718064" lon="88.502954"><ele>2742</ele></trkpt>
      <trkpt lat="43.718163" lon="88.502906"><ele>2743</ele></trkpt>
      <trkpt lat="43.718247" lon="88.502834"><ele>2745</ele></trkpt>
      <trkpt lat="43.718332" lon="88.502756"><ele>2746</ele></trkpt>
      <trkpt lat="43.718419" lon="88.502706"><ele>2745</ele></trkpt>
      <trkpt lat="43.718482" lon="88.502609"><ele>2747</ele></trkpt>
      <trkpt lat="43.71857" lon="88.502555"><ele>2747</ele></trkpt>
      <trkpt lat="43.718637" lon="88.502454"><ele>2748</ele></trkpt>
      <trkpt lat="43.718705" lon="88.502369"><ele>2748</ele></trkpt>
      <trkpt lat="43.718783" lon="88.502306"><ele>2749</ele></trkpt>
      <trkpt lat="43.718868" lon="88.502245"><ele>2751</ele></trkpt>
      <trkpt lat="43.718958" lon="88.502189"><ele>2751</ele></trkpt>
      <trkpt lat="43.71905" lon="88.502174"><ele>2754</ele></trkpt>
      <trkpt lat="43.719137" lon="88.502121"><ele>2753</ele></trkpt>
      <trkpt lat="43.719225" lon="88.502079"><ele>2754</ele></trkpt>
      <trkpt lat="43.719296" lon="88.50199"><ele>2755</ele></trkpt>
      <trkpt lat="43.719385" lon="88.501926"><ele>2756</ele></trkpt>
      <trkpt lat="43.719476" lon="88.501885"><ele>2757</ele></trkpt>
      <trkpt lat="43.71957" lon="88.501894"><ele>2756</ele></trkpt>
      <trkpt lat="43.719663" lon="88.501905"><ele>2757</ele></trkpt>
      <trkpt lat="43.719754" lon="88.501927"><ele>2757</ele></trkpt>
      <trkpt lat="43.719831" lon="88.501998"><ele>2754</ele></trkpt>
      <trkpt lat="43.719912" lon="88.502066"><ele>2753</ele></trkpt>
      <trkpt lat="43.719999" lon="88.502122"><ele>2754</ele></trkpt>
      <trkpt lat="43.720088" lon="88.502142"><ele>2757</ele></trkpt>
      <trkpt lat="43.720184" lon="88.502149"><ele>2757</ele></trkpt>
      <trkpt lat="43.720278" lon="88.502128"><ele>2759</ele></trkpt>
      <trkpt lat="43.720368" lon="88.502149"><ele>2761</ele></trkpt>
      <trkpt lat="43.720464" lon="88.502138"><ele>2764</ele></trkpt>
      <trkpt lat="43.72056" lon="88.502145"><ele>2764</ele></trkpt>
      <trkpt lat="43.720648" lon="88.502123"><ele>2764</ele></trkpt>
      <trkpt lat="43.720728" lon="88.50206"><ele>2767</ele></trkpt>
      <trkpt lat="43.720815" lon="88.502025"><ele>2769</ele></trkpt>
      <trkpt lat="43.720901" lon="88.501984"><ele>2771</ele></trkpt>
      <trkpt lat="43.720995" lon="88.501967"><ele>2772</ele></trkpt>
      <trkpt lat="43.721088" lon="88.501938"><ele>2775</ele></trkpt>
      <trkpt lat="43.72118" lon="88.501926"><ele>2778</ele></trkpt>
      <trkpt lat="43.721271" lon="88.501943"><ele>2778</ele></trkpt>
      <trkpt lat="43.721357" lon="88.502009"><ele>2779</ele></trkpt>
      <trkpt lat="43.721451" lon="88.502017"><ele>2783</ele></trkpt>
      <trkpt lat="43.721542" lon="88.502041"><ele>2783</ele></trkpt>
      <trkpt lat="43.721636" lon="88.502045"><ele>2783</ele></trkpt>
      <trkpt lat="43.721729" lon="88.50206"><ele>2783</ele></trkpt>
      <trkpt lat="43.721812" lon="88.502111"><ele>2785</ele></trkpt>
      <trkpt lat="43.721907" lon="88.502076"><ele>2785</ele></trkpt>
      <trkpt lat="43.721998" lon="88.502042"><ele>2786</ele></trkpt>
      <trkpt lat="43.722075" lon="88.50197"><ele>2786</ele></trkpt>
      <trkpt lat="43.722157" lon="88.501899"><ele>2786</ele></trkpt>
      <trkpt lat="43.72224" lon="88.501826"><ele>2787</ele></trkpt>
      <trkpt lat="43.72233" lon="88.50177"><ele>2787</ele></trkpt>
      <trkpt lat="43.722419" lon="88.501738"><ele>2789</ele></trkpt>
      <trkpt lat="43.722509" lon="88.501711"><ele>2792</ele></trkpt>
      <trkpt lat="43.722602" lon="88.501702"><ele>2793</ele></trkpt>
      <trkpt lat="43.722689" lon="88.501649"><ele>2794</ele></trkpt>
      <trkpt lat="43.72278" lon="88.501633"><ele>2794</ele></trkpt>
      <trkpt lat="43.722874" lon="88.501611"><ele>2793</ele></trkpt>
      <trkpt lat="43.722965" lon="88.501586"><ele>2794</ele></trkpt>
      <trkpt lat="43.723052" lon="88.501543"><ele>2797</ele></trkpt>
      <trkpt lat="43.72314" lon="88.50151"><ele>2799</ele></trkpt>
      <trkpt lat="43.723231" lon="88.501471"><ele>2799</ele></trkpt>
      <trkpt lat="43.723322" lon="88.501446"><ele>2801</ele></trkpt>
      <trkpt lat="43.72341" lon="88.501403"><ele>2797</ele></trkpt>
      <trkpt lat="43.723493" lon="88.501332"><ele>2797</ele></trkpt>
      <trkpt lat="43.723579" lon="88.501284"><ele>2798</ele></trkpt>
      <trkpt lat="43.723674" lon="88.501283"><ele>2799</ele></trkpt>
      <trkpt lat="43.723773" lon="88.501263"><ele>2800</ele></trkpt>
      <trkpt lat="43.723957" lon="88.501258"><ele>2802</ele></trkpt>
      <trkpt lat="43.724047" lon="88.501259"><ele>2802</ele></trkpt>
      <trkpt lat="43.724128" lon="88.5012"><ele>2804</ele></trkpt>
      <trkpt lat="43.724204" lon="88.501114"><ele>2804</ele></trkpt>
      <trkpt lat="43.724296" lon="88.501129"><ele>2808</ele></trkpt>
      <trkpt lat="43.72439" lon="88.501107"><ele>2809</ele></trkpt>
      <trkpt lat="43.724483" lon="88.501144"><ele>2809</ele></trkpt>
      <trkpt lat="43.724571" lon="88.501199"><ele>2810</ele></trkpt>
      <trkpt lat="43.72467" lon="88.50121"><ele>2810</ele></trkpt>
      <trkpt lat="43.724761" lon="88.501205"><ele>2811</ele></trkpt>
      <trkpt lat="43.724853" lon="88.50117"><ele>2811</ele></trkpt>
      <trkpt lat="43.724943" lon="88.501187"><ele>2813</ele></trkpt>
      <trkpt lat="43.725039" lon="88.501221"><ele>2814</ele></trkpt>
      <trkpt lat="43.725132" lon="88.501224"><ele>2815</ele></trkpt>
      <trkpt lat="43.725226" lon="88.50122"><ele>2816</ele></trkpt>
      <trkpt lat="43.72532" lon="88.501181"><ele>2818</ele></trkpt>
      <trkpt lat="43.725413" lon="88.501203"><ele>2818</ele></trkpt>
      <trkpt lat="43.725504" lon="88.501249"><ele>2820</ele></trkpt>
      <trkpt lat="43.725593" lon="88.501302"><ele>2820</ele></trkpt>
      <trkpt lat="43.725684" lon="88.501334"><ele>2822</ele></trkpt>
      <trkpt lat="43.725777" lon="88.501369"><ele>2824</ele></trkpt>
      <trkpt lat="43.725865" lon="88.501417"><ele>2825</ele></trkpt>
      <trkpt lat="43.725959" lon="88.501449"><ele>2825</ele></trkpt>
      <trkpt lat="43.726045" lon="88.501413"><ele>2826</ele></trkpt>
      <trkpt lat="43.726141" lon="88.501369"><ele>2828</ele></trkpt>
      <trkpt lat="43.726235" lon="88.501358"><ele>2829</ele></trkpt>
      <trkpt lat="43.726324" lon="88.501315"><ele>2828</ele></trkpt>
      <trkpt lat="43.726413" lon="88.501271"><ele>2829</ele></trkpt>
      <trkpt lat="43.726509" lon="88.501247"><ele>2829</ele></trkpt>
      <trkpt lat="43.726594" lon="88.5012"><ele>2829</ele></trkpt>
      <trkpt lat="43.72668" lon="88.50116"><ele>2831</ele></trkpt>
      <trkpt lat="43.726775" lon="88.501128"><ele>2831</ele></trkpt>
      <trkpt lat="43.726863" lon="88.501071"><ele>2833</ele></trkpt>
      <trkpt lat="43.726956" lon="88.501053"><ele>2834</ele></trkpt>
      <trkpt lat="43.727041" lon="88.501093"><ele>2835</ele></trkpt>
      <trkpt lat="43.727136" lon="88.501097"><ele>2837</ele></trkpt>
      <trkpt lat="43.727236" lon="88.501085"><ele>2838</ele></trkpt>
      <trkpt lat="43.72733" lon="88.50107"><ele>2839</ele></trkpt>
      <trkpt lat="43.727422" lon="88.501073"><ele>2840</ele></trkpt>
      <trkpt lat="43.727511" lon="88.501094"><ele>2842</ele></trkpt>
      <trkpt lat="43.727603" lon="88.501099"><ele>2842</ele></trkpt>
      <trkpt lat="43.727692" lon="88.501066"><ele>2843</ele></trkpt>
      <trkpt lat="43.727779" lon="88.501021"><ele>2844</ele></trkpt>
      <trkpt lat="43.727869" lon="88.500992"><ele>2846</ele></trkpt>
      <trkpt lat="43.727959" lon="88.500971"><ele>2846</ele></trkpt>
      <trkpt lat="43.728055" lon="88.500964"><ele>2847</ele></trkpt>
      <trkpt lat="43.728151" lon="88.500994"><ele>2850</ele></trkpt>
      <trkpt lat="43.728243" lon="88.501003"><ele>2850</ele></trkpt>
      <trkpt lat="43.728333" lon="88.50097"><ele>2852</ele></trkpt>
      <trkpt lat="43.728427" lon="88.500983"><ele>2852</ele></trkpt>
      <trkpt lat="43.728509" lon="88.501041"><ele>2852</ele></trkpt>
      <trkpt lat="43.728599" lon="88.501019"><ele>2854</ele></trkpt>
      <trkpt lat="43.728689" lon="88.50098"><ele>2855</ele></trkpt>
      <trkpt lat="43.728777" lon="88.500921"><ele>2855</ele></trkpt>
      <trkpt lat="43.728863" lon="88.500864"><ele>2858</ele></trkpt>
      <trkpt lat="43.728927" lon="88.500777"><ele>2860</ele></trkpt>
      <trkpt lat="43.72899" lon="88.500683"><ele>2859</ele></trkpt>
      <trkpt lat="43.729066" lon="88.500612"><ele>2860</ele></trkpt>
      <trkpt lat="43.729159" lon="88.500585"><ele>2861</ele></trkpt>
      <trkpt lat="43.72925" lon="88.50055"><ele>2861</ele></trkpt>
      <trkpt lat="43.729332" lon="88.500494"><ele>2862</ele></trkpt>
      <trkpt lat="43.729423" lon="88.500472"><ele>2863</ele></trkpt>
      <trkpt lat="43.729514" lon="88.500451"><ele>2865</ele></trkpt>
      <trkpt lat="43.729603" lon="88.50041"><ele>2866</ele></trkpt>
      <trkpt lat="43.729691" lon="88.500377"><ele>2866</ele></trkpt>
      <trkpt lat="43.729781" lon="88.50036"><ele>2868</ele></trkpt>
      <trkpt lat="43.729876" lon="88.500372"><ele>2868</ele></trkpt>
      <trkpt lat="43.72997" lon="88.500364"><ele>2867</ele></trkpt>
      <trkpt lat="43.730061" lon="88.500329"><ele>2867</ele></trkpt>
      <trkpt lat="43.730152" lon="88.500326"><ele>2868</ele></trkpt>
      <trkpt lat="43.730245" lon="88.500335"><ele>2869</ele></trkpt>
      <trkpt lat="43.730336" lon="88.500354"><ele>2872</ele></trkpt>
      <trkpt lat="43.730428" lon="88.50037"><ele>2872</ele></trkpt>
      <trkpt lat="43.730517" lon="88.500395"><ele>2873</ele></trkpt>
      <trkpt lat="43.730601" lon="88.500447"><ele>2874</ele></trkpt>
      <trkpt lat="43.73069" lon="88.500432"><ele>2875</ele></trkpt>
      <trkpt lat="43.730785" lon="88.500442"><ele>2875</ele></trkpt>
      <trkpt lat="43.73088" lon="88.50045"><ele>2873</ele></trkpt>
      <trkpt lat="43.730971" lon="88.500455"><ele>2872</ele></trkpt>
      <trkpt lat="43.731054" lon="88.500506"><ele>2871</ele></trkpt>
      <trkpt lat="43.731142" lon="88.500481"><ele>2870</ele></trkpt>
      <trkpt lat="43.73124" lon="88.500479"><ele>2871</ele></trkpt>
      <trkpt lat="43.731331" lon="88.500497"><ele>2871</ele></trkpt>
      <trkpt lat="43.731402" lon="88.500587"><ele>2871</ele></trkpt>
      <trkpt lat="43.731482" lon="88.500649"><ele>2871</ele></trkpt>
      <trkpt lat="43.731564" lon="88.500705"><ele>2871</ele></trkpt>
      <trkpt lat="43.731656" lon="88.500755"><ele>2873</ele></trkpt>
      <trkpt lat="43.731744" lon="88.500787"><ele>2875</ele></trkpt>
      <trkpt lat="43.731834" lon="88.500814"><ele>2876</ele></trkpt>
      <trkpt lat="43.731921" lon="88.500844"><ele>2875</ele></trkpt>
      <trkpt lat="43.732014" lon="88.500854"><ele>2875</ele></trkpt>
      <trkpt lat="43.73211" lon="88.500849"><ele>2878</ele></trkpt>
      <trkpt lat="43.732202" lon="88.500883"><ele>2878</ele></trkpt>
      <trkpt lat="43.732295" lon="88.500894"><ele>2877</ele></trkpt>
      <trkpt lat="43.732394" lon="88.500896"><ele>2879</ele></trkpt>
      <trkpt lat="43.732485" lon="88.500918"><ele>2878</ele></trkpt>
      <trkpt lat="43.732578" lon="88.500942"><ele>2879</ele></trkpt>
      <trkpt lat="43.732676" lon="88.500916"><ele>2878</ele></trkpt>
      <trkpt lat="43.732769" lon="88.500867"><ele>2878</ele></trkpt>
      <trkpt lat="43.73286" lon="88.500875"><ele>2878</ele></trkpt>
      <trkpt lat="43.732956" lon="88.500878"><ele>2880</ele></trkpt>
      <trkpt lat="43.733052" lon="88.500853"><ele>2882</ele></trkpt>
      <trkpt lat="43.733147" lon="88.500846"><ele>2883</ele></trkpt>
      <trkpt lat="43.733227" lon="88.50092"><ele>2884</ele></trkpt>
      <trkpt lat="43.733321" lon="88.500909"><ele>2888</ele></trkpt>
      <trkpt lat="43.73341" lon="88.500887"><ele>2888</ele></trkpt>
      <trkpt lat="43.733502" lon="88.500879"><ele>2889</ele></trkpt>
      <trkpt lat="43.733596" lon="88.500856"><ele>2891</ele></trkpt>
      <trkpt lat="43.733686" lon="88.50083"><ele>2893</ele></trkpt>
      <trkpt lat="43.733775" lon="88.500816"><ele>2894</ele></trkpt>
      <trkpt lat="43.73387" lon="88.500796"><ele>2892</ele></trkpt>
      <trkpt lat="43.733949" lon="88.500722"><ele>2893</ele></trkpt>
      <trkpt lat="43.734026" lon="88.500648"><ele>2893</ele></trkpt>
      <trkpt lat="43.734079" lon="88.500546"><ele>2895</ele></trkpt>
      <trkpt lat="43.734124" lon="88.50043"><ele>2897</ele></trkpt>
      <trkpt lat="43.734213" lon="88.500449"><ele>2897</ele></trkpt>
      <trkpt lat="43.734306" lon="88.500488"><ele>2896</ele></trkpt>
      <trkpt lat="43.734405" lon="88.500504"><ele>2895</ele></trkpt>
      <trkpt lat="43.734502" lon="88.500509"><ele>2895</ele></trkpt>
      <trkpt lat="43.734571" lon="88.500425"><ele>2895</ele></trkpt>
      <trkpt lat="43.734639" lon="88.500343"><ele>2899</ele></trkpt>
      <trkpt lat="43.734705" lon="88.500242"><ele>2898</ele></trkpt>
      <trkpt lat="43.734756" lon="88.50014"><ele>2898</ele></trkpt>
      <trkpt lat="43.734831" lon="88.500065"><ele>2900</ele></trkpt>
      <trkpt lat="43.734925" lon="88.500061"><ele>2901</ele></trkpt>
      <trkpt lat="43.735015" lon="88.500038"><ele>2904</ele></trkpt>
      <trkpt lat="43.735106" lon="88.500055"><ele>2907</ele></trkpt>
      <trkpt lat="43.735203" lon="88.50005"><ele>2906</ele></trkpt>
      <trkpt lat="43.735293" lon="88.500059"><ele>2909</ele></trkpt>
      <trkpt lat="43.735382" lon="88.500025"><ele>2911</ele></trkpt>
      <trkpt lat="43.735477" lon="88.500053"><ele>2910</ele></trkpt>
      <trkpt lat="43.735565" lon="88.500098"><ele>2912</ele></trkpt>
      <trkpt lat="43.735656" lon="88.500118"><ele>2914</ele></trkpt>
      <trkpt lat="43.735747" lon="88.500103"><ele>2916</ele></trkpt>
      <trkpt lat="43.735844" lon="88.500123"><ele>2918</ele></trkpt>
      <trkpt lat="43.735901" lon="88.500221"><ele>2919</ele></trkpt>
      <trkpt lat="43.735986" lon="88.500278"><ele>2920</ele></trkpt>
      <trkpt lat="43.736038" lon="88.500385"><ele>2919</ele></trkpt>
      <trkpt lat="43.736084" lon="88.500498"><ele>2922</ele></trkpt>
      <trkpt lat="43.736161" lon="88.50043"><ele>2924</ele></trkpt>
      <trkpt lat="43.736231" lon="88.500343"><ele>2923</ele></trkpt>
      <trkpt lat="43.736302" lon="88.500263"><ele>2922</ele></trkpt>
      <trkpt lat="43.736387" lon="88.500222"><ele>2922</ele></trkpt>
      <trkpt lat="43.736444" lon="88.500122"><ele>2920</ele></trkpt>
      <trkpt lat="43.7365" lon="88.500015"><ele>2918</ele></trkpt>
      <trkpt lat="43.736592" lon="88.499977"><ele>2915</ele></trkpt>
      <trkpt lat="43.736671" lon="88.499909"><ele>2918</ele></trkpt>
      <trkpt lat="43.736703" lon="88.499793"><ele>2920</ele></trkpt>
      <trkpt lat="43.736697" lon="88.499662"><ele>2923</ele></trkpt>
      <trkpt lat="43.736685" lon="88.499538"><ele>2923</ele></trkpt>
      <trkpt lat="43.736674" lon="88.499411"><ele>2927</ele></trkpt>
      <trkpt lat="43.736637" lon="88.499296"><ele>2927</ele></trkpt>
      <trkpt lat="43.736604" lon="88.49918"><ele>2927</ele></trkpt>
      <trkpt lat="43.736579" lon="88.499061"><ele>2929</ele></trkpt>
      <trkpt lat="43.736631" lon="88.498957"><ele>2929</ele></trkpt>
      <trkpt lat="43.736722" lon="88.498924"><ele>2930</ele></trkpt>
      <trkpt lat="43.73682" lon="88.49892"><ele>2930</ele></trkpt>
      <trkpt lat="43.736915" lon="88.498886"><ele>2930</ele></trkpt>
      <trkpt lat="43.737012" lon="88.498873"><ele>2931</ele></trkpt>
      <trkpt lat="43.737104" lon="88.498844"><ele>2930</ele></trkpt>
      <trkpt lat="43.737199" lon="88.498855"><ele>2930</ele></trkpt>
      <trkpt lat="43.737287" lon="88.498814"><ele>2930</ele></trkpt>
      <trkpt lat="43.737382" lon="88.498793"><ele>2930</ele></trkpt>
      <trkpt lat="43.73748" lon="88.498797"><ele>2930</ele></trkpt>
      <trkpt lat="43.737572" lon="88.498804"><ele>2929</ele></trkpt>
      <trkpt lat="43.737667" lon="88.498824"><ele>2929</ele></trkpt>
      <trkpt lat="43.737762" lon="88.498805"><ele>2930</ele></trkpt>
      <trkpt lat="43.737852" lon="88.498809"><ele>2929</ele></trkpt>
      <trkpt lat="43.737945" lon="88.498827"><ele>2929</ele></trkpt>
      <trkpt lat="43.738037" lon="88.498819"><ele>2929</ele></trkpt>
      <trkpt lat="43.738133" lon="88.498808"><ele>2928</ele></trkpt>
      <trkpt lat="43.738229" lon="88.498788"><ele>2929</ele></trkpt>
      <trkpt lat="43.738326" lon="88.49877"><ele>2928</ele></trkpt>
      <trkpt lat="43.73842" lon="88.498787"><ele>2928</ele></trkpt>
      <trkpt lat="43.738516" lon="88.4988"><ele>2928</ele></trkpt>
      <trkpt lat="43.738608" lon="88.498787"><ele>2929</ele></trkpt>
      <trkpt lat="43.738665" lon="88.49869"><ele>2929</ele></trkpt>
      <trkpt lat="43.738759" lon="88.498686"><ele>2927</ele></trkpt>
      <trkpt lat="43.738833" lon="88.498612"><ele>2927</ele></trkpt>
      <trkpt lat="43.738915" lon="88.498558"><ele>2928</ele></trkpt>
      <trkpt lat="43.739" lon="88.498512"><ele>2928</ele></trkpt>
      <trkpt lat="43.73909" lon="88.498522"><ele>2929</ele></trkpt>
      <trkpt lat="43.739177" lon="88.498483"><ele>2930</ele></trkpt>
      <trkpt lat="43.739254" lon="88.498412"><ele>2932</ele></trkpt>
      <trkpt lat="43.739332" lon="88.498337"><ele>2931</ele></trkpt>
      <trkpt lat="43.739416" lon="88.498277"><ele>2931</ele></trkpt>
      <trkpt lat="43.739507" lon="88.498243"><ele>2934</ele></trkpt>
      <trkpt lat="43.739595" lon="88.498196"><ele>2934</ele></trkpt>
      <trkpt lat="43.739689" lon="88.498154"><ele>2935</ele></trkpt>
      <trkpt lat="43.739778" lon="88.49812"><ele>2938</ele></trkpt>
      <trkpt lat="43.739869" lon="88.498109"><ele>2939</ele></trkpt>
      <trkpt lat="43.739958" lon="88.498073"><ele>2939</ele></trkpt>
      <trkpt lat="43.740051" lon="88.498057"><ele>2939</ele></trkpt>
      <trkpt lat="43.740144" lon="88.498084"><ele>2940</ele></trkpt>
      <trkpt lat="43.740244" lon="88.498071"><ele>2940</ele></trkpt>
      <trkpt lat="43.740338" lon="88.498047"><ele>2940</ele></trkpt>
      <trkpt lat="43.740434" lon="88.498017"><ele>2941</ele></trkpt>
      <trkpt lat="43.740529" lon="88.498012"><ele>2941</ele></trkpt>
      <trkpt lat="43.740617" lon="88.497967"><ele>2941</ele></trkpt>
      <trkpt lat="43.740707" lon="88.497935"><ele>2944</ele></trkpt>
      <trkpt lat="43.740799" lon="88.497923"><ele>2944</ele></trkpt>
      <trkpt lat="43.740886" lon="88.497889"><ele>2945</ele></trkpt>
      <trkpt lat="43.740984" lon="88.4979"><ele>2946</ele></trkpt>
      <trkpt lat="43.741081" lon="88.497887"><ele>2946</ele></trkpt>
      <trkpt lat="43.741151" lon="88.497969"><ele>2947</ele></trkpt>
      <trkpt lat="43.741236" lon="88.498012"><ele>2948</ele></trkpt>
      <trkpt lat="43.741329" lon="88.498047"><ele>2950</ele></trkpt>
      <trkpt lat="43.741414" lon="88.498095"><ele>2951</ele></trkpt>
      <trkpt lat="43.741508" lon="88.498137"><ele>2954</ele></trkpt>
      <trkpt lat="43.741596" lon="88.498177"><ele>2952</ele></trkpt>
      <trkpt lat="43.74168" lon="88.498243"><ele>2952</ele></trkpt>
      <trkpt lat="43.741768" lon="88.498284"><ele>2950</ele></trkpt>
      <trkpt lat="43.741846" lon="88.498349"><ele>2950</ele></trkpt>
      <trkpt lat="43.741935" lon="88.49838"><ele>2952</ele></trkpt>
      <trkpt lat="43.742011" lon="88.498312"><ele>2953</ele></trkpt>
      <trkpt lat="43.742039" lon="88.498188"><ele>2954</ele></trkpt>
      <trkpt lat="43.742057" lon="88.498056"><ele>2957</ele></trkpt>
      <trkpt lat="43.742108" lon="88.497951"><ele>2960</ele></trkpt>
      <trkpt lat="43.742199" lon="88.497904"><ele>2960</ele></trkpt>
      <trkpt lat="43.742292" lon="88.497885"><ele>2960</ele></trkpt>
      <trkpt lat="43.742387" lon="88.497898"><ele>2960</ele></trkpt>
      <trkpt lat="43.742477" lon="88.497879"><ele>2959</ele></trkpt>
      <trkpt lat="43.742566" lon="88.497834"><ele>2961</ele></trkpt>
      <trkpt lat="43.742641" lon="88.497762"><ele>2962</ele></trkpt>
      <trkpt lat="43.742736" lon="88.49776"><ele>2964</ele></trkpt>
      <trkpt lat="43.742823" lon="88.497725"><ele>2964</ele></trkpt>
      <trkpt lat="43.742913" lon="88.497741"><ele>2964</ele></trkpt>
      <trkpt lat="43.743005" lon="88.497747"><ele>2966</ele></trkpt>
      <trkpt lat="43.743095" lon="88.497753"><ele>2968</ele></trkpt>
      <trkpt lat="43.743185" lon="88.497731"><ele>2969</ele></trkpt>
      <trkpt lat="43.74327" lon="88.497676"><ele>2970</ele></trkpt>
      <trkpt lat="43.74335" lon="88.497617"><ele>2972</ele></trkpt>
      <trkpt lat="43.743449" lon="88.497626"><ele>2971</ele></trkpt>
      <trkpt lat="43.743546" lon="88.497629"><ele>2970</ele></trkpt>
      <trkpt lat="43.743641" lon="88.497641"><ele>2971</ele></trkpt>
      <trkpt lat="43.743736" lon="88.49766"><ele>2971</ele></trkpt>
      <trkpt lat="43.743801" lon="88.497574"><ele>2972</ele></trkpt>
      <trkpt lat="43.743892" lon="88.497519"><ele>2972</ele></trkpt>
      <trkpt lat="43.743983" lon="88.497524"><ele>2972</ele></trkpt>
      <trkpt lat="43.744069" lon="88.497469"><ele>2975</ele></trkpt>
      <trkpt lat="43.744158" lon="88.497445"><ele>2976</ele></trkpt>
      <trkpt lat="43.744248" lon="88.497427"><ele>2976</ele></trkpt>
      <trkpt lat="43.744345" lon="88.497407"><ele>2976</ele></trkpt>
      <trkpt lat="43.74444" lon="88.497399"><ele>2975</ele></trkpt>
      <trkpt lat="43.744527" lon="88.497354"><ele>2977</ele></trkpt>
      <trkpt lat="43.744616" lon="88.497368"><ele>2977</ele></trkpt>
      <trkpt lat="43.744707" lon="88.497401"><ele>2978</ele></trkpt>
      <trkpt lat="43.744786" lon="88.497323"><ele>2976</ele></trkpt>
      <trkpt lat="43.744883" lon="88.49734"><ele>2975</ele></trkpt>
      <trkpt lat="43.744969" lon="88.497276"><ele>2977</ele></trkpt>
      <trkpt lat="43.745056" lon="88.4972"><ele>2975</ele></trkpt>
      <trkpt lat="43.745137" lon="88.49714"><ele>2974</ele></trkpt>
      <trkpt lat="43.745219" lon="88.497077"><ele>2974</ele></trkpt>
      <trkpt lat="43.745307" lon="88.49703"><ele>2975</ele></trkpt>
      <trkpt lat="43.745403" lon="88.496995"><ele>2977</ele></trkpt>
      <trkpt lat="43.745495" lon="88.496993"><ele>2976</ele></trkpt>
      <trkpt lat="43.74559" lon="88.496965"><ele>2975</ele></trkpt>
      <trkpt lat="43.745671" lon="88.496911"><ele>2974</ele></trkpt>
      <trkpt lat="43.74576" lon="88.496868"><ele>2974</ele></trkpt>
      <trkpt lat="43.745841" lon="88.496794"><ele>2973</ele></trkpt>
      <trkpt lat="43.745914" lon="88.496717"><ele>2974</ele></trkpt>
      <trkpt lat="43.746009" lon="88.496697"><ele>2974</ele></trkpt>
      <trkpt lat="43.746082" lon="88.49662"><ele>2973</ele></trkpt>
      <trkpt lat="43.746176" lon="88.496663"><ele>2973</ele></trkpt>
      <trkpt lat="43.746279" lon="88.496673"><ele>2972</ele></trkpt>
      <trkpt lat="43.746372" lon="88.496664"><ele>2974</ele></trkpt>
      <trkpt lat="43.746464" lon="88.496666"><ele>2975</ele></trkpt>
      <trkpt lat="43.746549" lon="88.496609"><ele>2975</ele></trkpt>
      <trkpt lat="43.746645" lon="88.496608"><ele>2976</ele></trkpt>
      <trkpt lat="43.74674" lon="88.496602"><ele>2979</ele></trkpt>
      <trkpt lat="43.746807" lon="88.496517"><ele>2982</ele></trkpt>
      <trkpt lat="43.746895" lon="88.496467"><ele>2986</ele></trkpt>
      <trkpt lat="43.746985" lon="88.496452"><ele>2986</ele></trkpt>
      <trkpt lat="43.746889" lon="88.496472"><ele>2991</ele></trkpt>
      <trkpt lat="43.746947" lon="88.496376"><ele>2983</ele></trkpt>
      <trkpt lat="43.747033" lon="88.496341"><ele>2984</ele></trkpt>
      <trkpt lat="43.747122" lon="88.496308"><ele>2984</ele></trkpt>
      <trkpt lat="43.747211" lon="88.496272"><ele>2983</ele></trkpt>
      <trkpt lat="43.747314" lon="88.496259"><ele>2986</ele></trkpt>
      <trkpt lat="43.747408" lon="88.496292"><ele>2986</ele></trkpt>
      <trkpt lat="43.7475" lon="88.496311"><ele>2984</ele></trkpt>
      <trkpt lat="43.747583" lon="88.496373"><ele>2985</ele></trkpt>
      <trkpt lat="43.747662" lon="88.496434"><ele>2983</ele></trkpt>
      <trkpt lat="43.747743" lon="88.496488"><ele>2979</ele></trkpt>
      <trkpt lat="43.747839" lon="88.496503"><ele>2980</ele></trkpt>
      <trkpt lat="43.747936" lon="88.496499"><ele>2980</ele></trkpt>
      <trkpt lat="43.748026" lon="88.496513"><ele>2981</ele></trkpt>
      <trkpt lat="43.748117" lon="88.496514"><ele>2979</ele></trkpt>
      <trkpt lat="43.748206" lon="88.496567"><ele>2984</ele></trkpt>
      <trkpt lat="43.74828" lon="88.496651"><ele>2979</ele></trkpt>
      <trkpt lat="43.748373" lon="88.496661"><ele>2981</ele></trkpt>
      <trkpt lat="43.748466" lon="88.496657"><ele>2983</ele></trkpt>
      <trkpt lat="43.748557" lon="88.496667"><ele>2986</ele></trkpt>
      <trkpt lat="43.748644" lon="88.496633"><ele>2983</ele></trkpt>
      <trkpt lat="43.748734" lon="88.496656"><ele>2987</ele></trkpt>
      <trkpt lat="43.748829" lon="88.496686"><ele>2988</ele></trkpt>
      <trkpt lat="43.748919" lon="88.496723"><ele>2987</ele></trkpt>
      <trkpt lat="43.748992" lon="88.496801"><ele>2980</ele></trkpt>
      <trkpt lat="43.74906" lon="88.496889"><ele>2976</ele></trkpt>
      <trkpt lat="43.749141" lon="88.496942"><ele>2979</ele></trkpt>
      <trkpt lat="43.749218" lon="88.497015"><ele>2978</ele></trkpt>
      <trkpt lat="43.749312" lon="88.497042"><ele>2979</ele></trkpt>
      <trkpt lat="43.749398" lon="88.497005"><ele>2990</ele></trkpt>
      <trkpt lat="43.749477" lon="88.496937"><ele>2999</ele></trkpt>
      <trkpt lat="43.749561" lon="88.496882"><ele>2998</ele></trkpt>
      <trkpt lat="43.749652" lon="88.496873"><ele>3005</ele></trkpt>
      <trkpt lat="43.749739" lon="88.496833"><ele>3006</ele></trkpt>
      <trkpt lat="43.749829" lon="88.496804"><ele>3012</ele></trkpt>
      <trkpt lat="43.749921" lon="88.49678"><ele>3015</ele></trkpt>
      <trkpt lat="43.750009" lon="88.496816"><ele>3017</ele></trkpt>
      <trkpt lat="43.750101" lon="88.496803"><ele>3021</ele></trkpt>
      <trkpt lat="43.750192" lon="88.496802"><ele>3022</ele></trkpt>
      <trkpt lat="43.750283" lon="88.496769"><ele>3022</ele></trkpt>
      <trkpt lat="43.750376" lon="88.496755"><ele>3025</ele></trkpt>
      <trkpt lat="43.750463" lon="88.496709"><ele>3023</ele></trkpt>
      <trkpt lat="43.750548" lon="88.496628"><ele>3026</ele></trkpt>
      <trkpt lat="43.750636" lon="88.496552"><ele>3022</ele></trkpt>
      <trkpt lat="43.750717" lon="88.496488"><ele>3019</ele></trkpt>
      <trkpt lat="43.750808" lon="88.496462"><ele>3020</ele></trkpt>
      <trkpt lat="43.750901" lon="88.496422"><ele>3019</ele></trkpt>
      <trkpt lat="43.750993" lon="88.496388"><ele>3019</ele></trkpt>
      <trkpt lat="43.751074" lon="88.496326"><ele>3018</ele></trkpt>
      <trkpt lat="43.751155" lon="88.496267"><ele>3017</ele></trkpt>
      <trkpt lat="43.751246" lon="88.496212"><ele>3018</ele></trkpt>
      <trkpt lat="43.751328" lon="88.496152"><ele>3016</ele></trkpt>
      <trkpt lat="43.751417" lon="88.496102"><ele>3017</ele></trkpt>
      <trkpt lat="43.751501" lon="88.496039"><ele>3016</ele></trkpt>
      <trkpt lat="43.751587" lon="88.49598"><ele>3018</ele></trkpt>
      <trkpt lat="43.75167" lon="88.495907"><ele>3017</ele></trkpt>
      <trkpt lat="43.751749" lon="88.495827"><ele>3019</ele></trkpt>
      <trkpt lat="43.751839" lon="88.495812"><ele>3018</ele></trkpt>
      <trkpt lat="43.751928" lon="88.495762"><ele>3020</ele></trkpt>
      <trkpt lat="43.75202" lon="88.495774"><ele>3020</ele></trkpt>
      <trkpt lat="43.75211" lon="88.495768"><ele>3021</ele></trkpt>
      <trkpt lat="43.752198" lon="88.495797"><ele>3023</ele></trkpt>
      <trkpt lat="43.752295" lon="88.495818"><ele>3024</ele></trkpt>
      <trkpt lat="43.752382" lon="88.495861"><ele>3025</ele></trkpt>
      <trkpt lat="43.752474" lon="88.495866"><ele>3025</ele></trkpt>
      <trkpt lat="43.752565" lon="88.495885"><ele>3028</ele></trkpt>
      <trkpt lat="43.752656" lon="88.495909"><ele>3030</ele></trkpt>
      <trkpt lat="43.752746" lon="88.495933"><ele>3031</ele></trkpt>
      <trkpt lat="43.752838" lon="88.495927"><ele>3030</ele></trkpt>
      <trkpt lat="43.752925" lon="88.495968"><ele>3029</ele></trkpt>
      <trkpt lat="43.753025" lon="88.495969"><ele>3029</ele></trkpt>
      <trkpt lat="43.753117" lon="88.495947"><ele>3030</ele></trkpt>
      <trkpt lat="43.753209" lon="88.495951"><ele>3032</ele></trkpt>
      <trkpt lat="43.753304" lon="88.495928"><ele>3034</ele></trkpt>
      <trkpt lat="43.753396" lon="88.495897"><ele>3036</ele></trkpt>
      <trkpt lat="43.753492" lon="88.495907"><ele>3035</ele></trkpt>
      <trkpt lat="43.753581" lon="88.49589"><ele>3035</ele></trkpt>
      <trkpt lat="43.75368" lon="88.495873"><ele>3034</ele></trkpt>
      <trkpt lat="43.753771" lon="88.495843"><ele>3037</ele></trkpt>
      <trkpt lat="43.753867" lon="88.495825"><ele>3037</ele></trkpt>
      <trkpt lat="43.753955" lon="88.49579"><ele>3039</ele></trkpt>
      <trkpt lat="43.754048" lon="88.495782"><ele>3039</ele></trkpt>
      <trkpt lat="43.754145" lon="88.49576"><ele>3040</ele></trkpt>
      <trkpt lat="43.754237" lon="88.495739"><ele>3042</ele></trkpt>
      <trkpt lat="43.75433" lon="88.495697"><ele>3044</ele></trkpt>
      <trkpt lat="43.754426" lon="88.495685"><ele>3045</ele></trkpt>
      <trkpt lat="43.754521" lon="88.495704"><ele>3045</ele></trkpt>
      <trkpt lat="43.75461" lon="88.495687"><ele>3045</ele></trkpt>
      <trkpt lat="43.754677" lon="88.495592"><ele>3044</ele></trkpt>
      <trkpt lat="43.754753" lon="88.495512"><ele>3045</ele></trkpt>
      <trkpt lat="43.754848" lon="88.495491"><ele>3044</ele></trkpt>
      <trkpt lat="43.754933" lon="88.495441"><ele>3047</ele></trkpt>
      <trkpt lat="43.75502" lon="88.495396"><ele>3049</ele></trkpt>
      <trkpt lat="43.755106" lon="88.495359"><ele>3049</ele></trkpt>
      <trkpt lat="43.755198" lon="88.495344"><ele>3051</ele></trkpt>
      <trkpt lat="43.755281" lon="88.495291"><ele>3054</ele></trkpt>
      <trkpt lat="43.755368" lon="88.495255"><ele>3055</ele></trkpt>
      <trkpt lat="43.755449" lon="88.495191"><ele>3053</ele></trkpt>
      <trkpt lat="43.755512" lon="88.495096"><ele>3055</ele></trkpt>
      <trkpt lat="43.755594" lon="88.495042"><ele>3056</ele></trkpt>
      <trkpt lat="43.755678" lon="88.494986"><ele>3057</ele></trkpt>
      <trkpt lat="43.755772" lon="88.494986"><ele>3055</ele></trkpt>
      <trkpt lat="43.75583" lon="88.494887"><ele>3056</ele></trkpt>
      <trkpt lat="43.755908" lon="88.494822"><ele>3058</ele></trkpt>
      <trkpt lat="43.755966" lon="88.494725"><ele>3055</ele></trkpt>
      <trkpt lat="43.75603" lon="88.49463"><ele>3055</ele></trkpt>
      <trkpt lat="43.756111" lon="88.494577"><ele>3055</ele></trkpt>
      <trkpt lat="43.756169" lon="88.494476"><ele>3058</ele></trkpt>
      <trkpt lat="43.756226" lon="88.494375"><ele>3058</ele></trkpt>
      <trkpt lat="43.756278" lon="88.494263"><ele>3060</ele></trkpt>
      <trkpt lat="43.756364" lon="88.494195"><ele>3060</ele></trkpt>
      <trkpt lat="43.756435" lon="88.4941"><ele>3061</ele></trkpt>
      <trkpt lat="43.756512" lon="88.494034"><ele>3062</ele></trkpt>
      <trkpt lat="43.756585" lon="88.493957"><ele>3061</ele></trkpt>
      <trkpt lat="43.756669" lon="88.493909"><ele>3063</ele></trkpt>
      <trkpt lat="43.756761" lon="88.493894"><ele>3063</ele></trkpt>
      <trkpt lat="43.75685" lon="88.493868"><ele>3063</ele></trkpt>
      <trkpt lat="43.756943" lon="88.493859"><ele>3065</ele></trkpt>
      <trkpt lat="43.757033" lon="88.493832"><ele>3067</ele></trkpt>
      <trkpt lat="43.757106" lon="88.493746"><ele>3069</ele></trkpt>
      <trkpt lat="43.757169" lon="88.493656"><ele>3071</ele></trkpt>
      <trkpt lat="43.757253" lon="88.493606"><ele>3064</ele></trkpt>
      <trkpt lat="43.757327" lon="88.493521"><ele>3064</ele></trkpt>
      <trkpt lat="43.757415" lon="88.493492"><ele>3066</ele></trkpt>
      <trkpt lat="43.757503" lon="88.493469"><ele>3069</ele></trkpt>
      <trkpt lat="43.757593" lon="88.4935"><ele>3070</ele></trkpt>
      <trkpt lat="43.757673" lon="88.493442"><ele>3072</ele></trkpt>
      <trkpt lat="43.757768" lon="88.493432"><ele>3070</ele></trkpt>
      <trkpt lat="43.757866" lon="88.493404"><ele>3071</ele></trkpt>
      <trkpt lat="43.757955" lon="88.493434"><ele>3073</ele></trkpt>
      <trkpt lat="43.758046" lon="88.493446"><ele>3075</ele></trkpt>
      <trkpt lat="43.758141" lon="88.493459"><ele>3075</ele></trkpt>
      <trkpt lat="43.758231" lon="88.493462"><ele>3077</ele></trkpt>
      <trkpt lat="43.758326" lon="88.493487"><ele>3079</ele></trkpt>
      <trkpt lat="43.758416" lon="88.493468"><ele>3080</ele></trkpt>
      <trkpt lat="43.758509" lon="88.493451"><ele>3079</ele></trkpt>
      <trkpt lat="43.758608" lon="88.493486"><ele>3083</ele></trkpt>
      <trkpt lat="43.758705" lon="88.493484"><ele>3084</ele></trkpt>
      <trkpt lat="43.758796" lon="88.493492"><ele>3085</ele></trkpt>
      <trkpt lat="43.758887" lon="88.49352"><ele>3085</ele></trkpt>
      <trkpt lat="43.758974" lon="88.493555"><ele>3085</ele></trkpt>
      <trkpt lat="43.75906" lon="88.493599"><ele>3089</ele></trkpt>
      <trkpt lat="43.759148" lon="88.493648"><ele>3089</ele></trkpt>
      <trkpt lat="43.759238" lon="88.493684"><ele>3090</ele></trkpt>
      <trkpt lat="43.759326" lon="88.493724"><ele>3092</ele></trkpt>
      <trkpt lat="43.759389" lon="88.493817"><ele>3094</ele></trkpt>
      <trkpt lat="43.759473" lon="88.493873"><ele>3093</ele></trkpt>
      <trkpt lat="43.759566" lon="88.493918"><ele>3094</ele></trkpt>
      <trkpt lat="43.759637" lon="88.493994"><ele>3096</ele></trkpt>
      <trkpt lat="43.759721" lon="88.494049"><ele>3097</ele></trkpt>
      <trkpt lat="43.759811" lon="88.494029"><ele>3097</ele></trkpt>
      <trkpt lat="43.759871" lon="88.494136"><ele>3098</ele></trkpt>
      <trkpt lat="43.759943" lon="88.494218"><ele>3100</ele></trkpt>
      <trkpt lat="43.76003" lon="88.494266"><ele>3101</ele></trkpt>
      <trkpt lat="43.760106" lon="88.494334"><ele>3101</ele></trkpt>
      <trkpt lat="43.760188" lon="88.494394"><ele>3101</ele></trkpt>
      <trkpt lat="43.76027" lon="88.494461"><ele>3103</ele></trkpt>
      <trkpt lat="43.760334" lon="88.494554"><ele>3104</ele></trkpt>
      <trkpt lat="43.760387" lon="88.49466"><ele>3105</ele></trkpt>
      <trkpt lat="43.760462" lon="88.494737"><ele>3108</ele></trkpt>
      <trkpt lat="43.760529" lon="88.494829"><ele>3108</ele></trkpt>
      <trkpt lat="43.760602" lon="88.49491"><ele>3110</ele></trkpt>
      <trkpt lat="43.760679" lon="88.494979"><ele>3110</ele></trkpt>
      <trkpt lat="43.76076" lon="88.495051"><ele>3110</ele></trkpt>
      <trkpt lat="43.760802" lon="88.495169"><ele>3109</ele></trkpt>
      <trkpt lat="43.760852" lon="88.495273"><ele>3111</ele></trkpt>
      <trkpt lat="43.760925" lon="88.495347"><ele>3113</ele></trkpt>
      <trkpt lat="43.76101" lon="88.495411"><ele>3112</ele></trkpt>
      <trkpt lat="43.761095" lon="88.49546"><ele>3112</ele></trkpt>
      <trkpt lat="43.761176" lon="88.495523"><ele>3112</ele></trkpt>
      <trkpt lat="43.761256" lon="88.495588"><ele>3115</ele></trkpt>
      <trkpt lat="43.761338" lon="88.495656"><ele>3116</ele></trkpt>
      <trkpt lat="43.761427" lon="88.495699"><ele>3116</ele></trkpt>
      <trkpt lat="43.761514" lon="88.495732"><ele>3116</ele></trkpt>
      <trkpt lat="43.761573" lon="88.495826"><ele>3119</ele></trkpt>
      <trkpt lat="43.761635" lon="88.495927"><ele>3119</ele></trkpt>
      <trkpt lat="43.761711" lon="88.496014"><ele>3122</ele></trkpt>
      <trkpt lat="43.761776" lon="88.4961"><ele>3121</ele></trkpt>
      <trkpt lat="43.761854" lon="88.496172"><ele>3123</ele></trkpt>
      <trkpt lat="43.76193" lon="88.496246"><ele>3125</ele></trkpt>
      <trkpt lat="43.762015" lon="88.496298"><ele>3127</ele></trkpt>
      <trkpt lat="43.762097" lon="88.496357"><ele>3127</ele></trkpt>
      <trkpt lat="43.762192" lon="88.496375"><ele>3127</ele></trkpt>
      <trkpt lat="43.762284" lon="88.496396"><ele>3127</ele></trkpt>
      <trkpt lat="43.762377" lon="88.496411"><ele>3129</ele></trkpt>
      <trkpt lat="43.762467" lon="88.496441"><ele>3129</ele></trkpt>
      <trkpt lat="43.762559" lon="88.496474"><ele>3131</ele></trkpt>
      <trkpt lat="43.762648" lon="88.496517"><ele>3130</ele></trkpt>
      <trkpt lat="43.762733" lon="88.496563"><ele>3131</ele></trkpt>
      <trkpt lat="43.76281" lon="88.496641"><ele>3135</ele></trkpt>
      <trkpt lat="43.762897" lon="88.496679"><ele>3136</ele></trkpt>
      <trkpt lat="43.762971" lon="88.496761"><ele>3139</ele></trkpt>
      <trkpt lat="43.763059" lon="88.496806"><ele>3139</ele></trkpt>
      <trkpt lat="43.763141" lon="88.496861"><ele>3137</ele></trkpt>
      <trkpt lat="43.763195" lon="88.496964"><ele>3138</ele></trkpt>
      <trkpt lat="43.763263" lon="88.497048"><ele>3136</ele></trkpt>
      <trkpt lat="43.763307" lon="88.497161"><ele>3138</ele></trkpt>
      <trkpt lat="43.763343" lon="88.497277"><ele>3138</ele></trkpt>
      <trkpt lat="43.763432" lon="88.497243"><ele>3130</ele></trkpt>
      <trkpt lat="43.763399" lon="88.497362"><ele>3136</ele></trkpt>
      <trkpt lat="43.763444" lon="88.49725"><ele>3124</ele></trkpt>
      <trkpt lat="43.763512" lon="88.49734"><ele>3129</ele></trkpt>
      <trkpt lat="43.763584" lon="88.497416"><ele>3130</ele></trkpt>
      <trkpt lat="43.763652" lon="88.497332"><ele>3134</ele></trkpt>
      <trkpt lat="43.763736" lon="88.497284"><ele>3135</ele></trkpt>
      <trkpt lat="43.763826" lon="88.497244"><ele>3136</ele></trkpt>
      <trkpt lat="43.763918" lon="88.497259"><ele>3137</ele></trkpt>
      <trkpt lat="43.763978" lon="88.497352"><ele>3141</ele></trkpt>
      <trkpt lat="43.76407" lon="88.497402"><ele>3141</ele></trkpt>
      <trkpt lat="43.764132" lon="88.497492"><ele>3141</ele></trkpt>
      <trkpt lat="43.764214" lon="88.497557"><ele>3142</ele></trkpt>
      <trkpt lat="43.764291" lon="88.497627"><ele>3140</ele></trkpt>
      <trkpt lat="43.764333" lon="88.497737"><ele>3143</ele></trkpt>
      <trkpt lat="43.764398" lon="88.497825"><ele>3144</ele></trkpt>
      <trkpt lat="43.764467" lon="88.497923"><ele>3145</ele></trkpt>
      <trkpt lat="43.764537" lon="88.498003"><ele>3146</ele></trkpt>
      <trkpt lat="43.764612" lon="88.498076"><ele>3146</ele></trkpt>
      <trkpt lat="43.76469" lon="88.49814"><ele>3146</ele></trkpt>
      <trkpt lat="43.764756" lon="88.498227"><ele>3148</ele></trkpt>
      <trkpt lat="43.764836" lon="88.498285"><ele>3149</ele></trkpt>
      <trkpt lat="43.764927" lon="88.498305"><ele>3149</ele></trkpt>
      <trkpt lat="43.765018" lon="88.498322"><ele>3151</ele></trkpt>
      <trkpt lat="43.765114" lon="88.498334"><ele>3155</ele></trkpt>
      <trkpt lat="43.765204" lon="88.498351"><ele>3156</ele></trkpt>
      <trkpt lat="43.765295" lon="88.498337"><ele>3156</ele></trkpt>
      <trkpt lat="43.765389" lon="88.498323"><ele>3155</ele></trkpt>
      <trkpt lat="43.765483" lon="88.498312"><ele>3156</ele></trkpt>
      <trkpt lat="43.765578" lon="88.498329"><ele>3158</ele></trkpt>
      <trkpt lat="43.765671" lon="88.498336"><ele>3159</ele></trkpt>
      <trkpt lat="43.765764" lon="88.498359"><ele>3159</ele></trkpt>
      <trkpt lat="43.765854" lon="88.4984"><ele>3162</ele></trkpt>
      <trkpt lat="43.765941" lon="88.498441"><ele>3162</ele></trkpt>
      <trkpt lat="43.766036" lon="88.498454"><ele>3164</ele></trkpt>
      <trkpt lat="43.766104" lon="88.498536"><ele>3165</ele></trkpt>
      <trkpt lat="43.766199" lon="88.498581"><ele>3164</ele></trkpt>
      <trkpt lat="43.766274" lon="88.498653"><ele>3166</ele></trkpt>
      <trkpt lat="43.766363" lon="88.498684"><ele>3166</ele></trkpt>
      <trkpt lat="43.766435" lon="88.498763"><ele>3168</ele></trkpt>
      <trkpt lat="43.766512" lon="88.498847"><ele>3168</ele></trkpt>
      <trkpt lat="43.766591" lon="88.498915"><ele>3169</ele></trkpt>
      <trkpt lat="43.766674" lon="88.498969"><ele>3171</ele></trkpt>
      <trkpt lat="43.766742" lon="88.499058"><ele>3171</ele></trkpt>
      <trkpt lat="43.766828" lon="88.499094"><ele>3169</ele></trkpt>
      <trkpt lat="43.766915" lon="88.499149"><ele>3170</ele></trkpt>
      <trkpt lat="43.766987" lon="88.499239"><ele>3172</ele></trkpt>
      <trkpt lat="43.767064" lon="88.499305"><ele>3171</ele></trkpt>
      <trkpt lat="43.767146" lon="88.499364"><ele>3172</ele></trkpt>
      <trkpt lat="43.767231" lon="88.499426"><ele>3174</ele></trkpt>
      <trkpt lat="43.767313" lon="88.499481"><ele>3173</ele></trkpt>
      <trkpt lat="43.767403" lon="88.499529"><ele>3172</ele></trkpt>
      <trkpt lat="43.76747" lon="88.499617"><ele>3173</ele></trkpt>
      <trkpt lat="43.767554" lon="88.499677"><ele>3173</ele></trkpt>
      <trkpt lat="43.767634" lon="88.499743"><ele>3174</ele></trkpt>
      <trkpt lat="43.767715" lon="88.499814"><ele>3174</ele></trkpt>
      <trkpt lat="43.767799" lon="88.499863"><ele>3174</ele></trkpt>
      <trkpt lat="43.767868" lon="88.49995"><ele>3174</ele></trkpt>
      <trkpt lat="43.767934" lon="88.500041"><ele>3175</ele></trkpt>
      <trkpt lat="43.767999" lon="88.500132"><ele>3175</ele></trkpt>
      <trkpt lat="43.768082" lon="88.500183"><ele>3176</ele></trkpt>
      <trkpt lat="43.768164" lon="88.50025"><ele>3176</ele></trkpt>
      <trkpt lat="43.768258" lon="88.500272"><ele>3177</ele></trkpt>
      <trkpt lat="43.768347" lon="88.500323"><ele>3175</ele></trkpt>
      <trkpt lat="43.768438" lon="88.500353"><ele>3176</ele></trkpt>
      <trkpt lat="43.76852" lon="88.500414"><ele>3176</ele></trkpt>
      <trkpt lat="43.768598" lon="88.500485"><ele>3177</ele></trkpt>
      <trkpt lat="43.768668" lon="88.500565"><ele>3176</ele></trkpt>
      <trkpt lat="43.768735" lon="88.500652"><ele>3176</ele></trkpt>
      <trkpt lat="43.768811" lon="88.500728"><ele>3177</ele></trkpt>
      <trkpt lat="43.768892" lon="88.500795"><ele>3178</ele></trkpt>
      <trkpt lat="43.76897" lon="88.500869"><ele>3180</ele></trkpt>
      <trkpt lat="43.769035" lon="88.500965"><ele>3181</ele></trkpt>
      <trkpt lat="43.769108" lon="88.501047"><ele>3179</ele></trkpt>
      <trkpt lat="43.769195" lon="88.501099"><ele>3178</ele></trkpt>
      <trkpt lat="43.769273" lon="88.501177"><ele>3176</ele></trkpt>
      <trkpt lat="43.76934" lon="88.501265"><ele>3178</ele></trkpt>
      <trkpt lat="43.769391" lon="88.501369"><ele>3180</ele></trkpt>
      <trkpt lat="43.769482" lon="88.501396"><ele>3183</ele></trkpt>
      <trkpt lat="43.769553" lon="88.501481"><ele>3183</ele></trkpt>
      <trkpt lat="43.769622" lon="88.501561"><ele>3182</ele></trkpt>
      <trkpt lat="43.7697" lon="88.501627"><ele>3183</ele></trkpt>
      <trkpt lat="43.769774" lon="88.501701"><ele>3187</ele></trkpt>
      <trkpt lat="43.769853" lon="88.501775"><ele>3187</ele></trkpt>
      <trkpt lat="43.769929" lon="88.501853"><ele>3187</ele></trkpt>
      <trkpt lat="43.770005" lon="88.501929"><ele>3187</ele></trkpt>
      <trkpt lat="43.770098" lon="88.50196"><ele>3189</ele></trkpt>
      <trkpt lat="43.770186" lon="88.502011"><ele>3189</ele></trkpt>
      <trkpt lat="43.770271" lon="88.502068"><ele>3190</ele></trkpt>
      <trkpt lat="43.770357" lon="88.502108"><ele>3190</ele></trkpt>
      <trkpt lat="43.770444" lon="88.502166"><ele>3189</ele></trkpt>
      <trkpt lat="43.770527" lon="88.502221"><ele>3190</ele></trkpt>
      <trkpt lat="43.770614" lon="88.502272"><ele>3191</ele></trkpt>
      <trkpt lat="43.770703" lon="88.502314"><ele>3191</ele></trkpt>
      <trkpt lat="43.770791" lon="88.502365"><ele>3190</ele></trkpt>
      <trkpt lat="43.770875" lon="88.502421"><ele>3191</ele></trkpt>
      <trkpt lat="43.770967" lon="88.502456"><ele>3192</ele></trkpt>
      <trkpt lat="43.771055" lon="88.502517"><ele>3192</ele></trkpt>
      <trkpt lat="43.771144" lon="88.502551"><ele>3193</ele></trkpt>
      <trkpt lat="43.771231" lon="88.502592"><ele>3193</ele></trkpt>
      <trkpt lat="43.771309" lon="88.502657"><ele>3193</ele></trkpt>
      <trkpt lat="43.77137" lon="88.502752"><ele>3193</ele></trkpt>
      <trkpt lat="43.771449" lon="88.502814"><ele>3193</ele></trkpt>
      <trkpt lat="43.771542" lon="88.502826"><ele>3193</ele></trkpt>
      <trkpt lat="43.771637" lon="88.50284"><ele>3193</ele></trkpt>
      <trkpt lat="43.771729" lon="88.502851"><ele>3192</ele></trkpt>
      <trkpt lat="43.77182" lon="88.502877"><ele>3192</ele></trkpt>
      <trkpt lat="43.771907" lon="88.502938"><ele>3192</ele></trkpt>
      <trkpt lat="43.771997" lon="88.502971"><ele>3194</ele></trkpt>
      <trkpt lat="43.772085" lon="88.503017"><ele>3193</ele></trkpt>
      <trkpt lat="43.772175" lon="88.503051"><ele>3192</ele></trkpt>
      <trkpt lat="43.772263" lon="88.503115"><ele>3193</ele></trkpt>
      <trkpt lat="43.772349" lon="88.503153"><ele>3194</ele></trkpt>
      <trkpt lat="43.772438" lon="88.503203"><ele>3194</ele></trkpt>
      <trkpt lat="43.772529" lon="88.503195"><ele>3195</ele></trkpt>
      <trkpt lat="43.772613" lon="88.503138"><ele>3194</ele></trkpt>
      <trkpt lat="43.772697" lon="88.503188"><ele>3195</ele></trkpt>
      <trkpt lat="43.772771" lon="88.503269"><ele>3196</ele></trkpt>
      <trkpt lat="43.772866" lon="88.50327"><ele>3196</ele></trkpt>
      <trkpt lat="43.772956" lon="88.503301"><ele>3197</ele></trkpt>
      <trkpt lat="43.773029" lon="88.503378"><ele>3199</ele></trkpt>
      <trkpt lat="43.773118" lon="88.503411"><ele>3198</ele></trkpt>
      <trkpt lat="43.773213" lon="88.50342"><ele>3198</ele></trkpt>
      <trkpt lat="43.773281" lon="88.503501"><ele>3199</ele></trkpt>
      <trkpt lat="43.773351" lon="88.50359"><ele>3200</ele></trkpt>
      <trkpt lat="43.773433" lon="88.503641"><ele>3201</ele></trkpt>
      <trkpt lat="43.773529" lon="88.503625"><ele>3201</ele></trkpt>
      <trkpt lat="43.773606" lon="88.503692"><ele>3201</ele></trkpt>
      <trkpt lat="43.773691" lon="88.503759"><ele>3202</ele></trkpt>
      <trkpt lat="43.773778" lon="88.503807"><ele>3202</ele></trkpt>
      <trkpt lat="43.773836" lon="88.503905"><ele>3204</ele></trkpt>
      <trkpt lat="43.773924" lon="88.503977"><ele>3202</ele></trkpt>
      <trkpt lat="43.774013" lon="88.504012"><ele>3205</ele></trkpt>
      <trkpt lat="43.774099" lon="88.504051"><ele>3206</ele></trkpt>
      <trkpt lat="43.774155" lon="88.504152"><ele>3205</ele></trkpt>
      <trkpt lat="43.774238" lon="88.504209"><ele>3207</ele></trkpt>
      <trkpt lat="43.774331" lon="88.504232"><ele>3206</ele></trkpt>
      <trkpt lat="43.774397" lon="88.504317"><ele>3208</ele></trkpt>
      <trkpt lat="43.77447" lon="88.504391"><ele>3208</ele></trkpt>
      <trkpt lat="43.774561" lon="88.504439"><ele>3208</ele></trkpt>
      <trkpt lat="43.774645" lon="88.5045"><ele>3208</ele></trkpt>
      <trkpt lat="43.774734" lon="88.504562"><ele>3209</ele></trkpt>
      <trkpt lat="43.774821" lon="88.504628"><ele>3209</ele></trkpt>
      <trkpt lat="43.774905" lon="88.504675"><ele>3208</ele></trkpt>
      <trkpt lat="43.774991" lon="88.504711"><ele>3208</ele></trkpt>
      <trkpt lat="43.775067" lon="88.50478"><ele>3208</ele></trkpt>
      <trkpt lat="43.775133" lon="88.504866"><ele>3210</ele></trkpt>
      <trkpt lat="43.775219" lon="88.504906"><ele>3211</ele></trkpt>
      <trkpt lat="43.775308" lon="88.50494"><ele>3209</ele></trkpt>
      <trkpt lat="43.775391" lon="88.505006"><ele>3210</ele></trkpt>
      <trkpt lat="43.775485" lon="88.505035"><ele>3212</ele></trkpt>
      <trkpt lat="43.775567" lon="88.505098"><ele>3215</ele></trkpt>
      <trkpt lat="43.77566" lon="88.505097"><ele>3216</ele></trkpt>
      <trkpt lat="43.775751" lon="88.505115"><ele>3217</ele></trkpt>
      <trkpt lat="43.775844" lon="88.505117"><ele>3219</ele></trkpt>
      <trkpt lat="43.775934" lon="88.505139"><ele>3219</ele></trkpt>
      <trkpt lat="43.776024" lon="88.50516"><ele>3219</ele></trkpt>
      <trkpt lat="43.776111" lon="88.505202"><ele>3221</ele></trkpt>
      <trkpt lat="43.776198" lon="88.505241"><ele>3223</ele></trkpt>
      <trkpt lat="43.776285" lon="88.50529"><ele>3223</ele></trkpt>
      <trkpt lat="43.776366" lon="88.505363"><ele>3225</ele></trkpt>
      <trkpt lat="43.776456" lon="88.505383"><ele>3225</ele></trkpt>
      <trkpt lat="43.776551" lon="88.505422"><ele>3226</ele></trkpt>
      <trkpt lat="43.776645" lon="88.505446"><ele>3228</ele></trkpt>
      <trkpt lat="43.776728" lon="88.505503"><ele>3229</ele></trkpt>
      <trkpt lat="43.77681" lon="88.50556"><ele>3229</ele></trkpt>
      <trkpt lat="43.776895" lon="88.505603"><ele>3230</ele></trkpt>
      <trkpt lat="43.776979" lon="88.505652"><ele>3233</ele></trkpt>
      <trkpt lat="43.777073" lon="88.505684"><ele>3233</ele></trkpt>
      <trkpt lat="43.777166" lon="88.505691"><ele>3234</ele></trkpt>
      <trkpt lat="43.777249" lon="88.505743"><ele>3236</ele></trkpt>
      <trkpt lat="43.777335" lon="88.505782"><ele>3236</ele></trkpt>
      <trkpt lat="43.777425" lon="88.50582"><ele>3239</ele></trkpt>
      <trkpt lat="43.777518" lon="88.505833"><ele>3240</ele></trkpt>
      <trkpt lat="43.777608" lon="88.505858"><ele>3241</ele></trkpt>
      <trkpt lat="43.777692" lon="88.505907"><ele>3241</ele></trkpt>
      <trkpt lat="43.777784" lon="88.505923"><ele>3241</ele></trkpt>
      <trkpt lat="43.77788" lon="88.505935"><ele>3242</ele></trkpt>
      <trkpt lat="43.777968" lon="88.505983"><ele>3244</ele></trkpt>
      <trkpt lat="43.778023" lon="88.506082"><ele>3242</ele></trkpt>
      <trkpt lat="43.778093" lon="88.506164"><ele>3245</ele></trkpt>
      <trkpt lat="43.778175" lon="88.50623"><ele>3245</ele></trkpt>
      <trkpt lat="43.778252" lon="88.506307"><ele>3247</ele></trkpt>
      <trkpt lat="43.778324" lon="88.506393"><ele>3245</ele></trkpt>
      <trkpt lat="43.778393" lon="88.506473"><ele>3247</ele></trkpt>
      <trkpt lat="43.778473" lon="88.506539"><ele>3248</ele></trkpt>
      <trkpt lat="43.778557" lon="88.506598"><ele>3249</ele></trkpt>
      <trkpt lat="43.778622" lon="88.506693"><ele>3249</ele></trkpt>
      <trkpt lat="43.778709" lon="88.506738"><ele>3250</ele></trkpt>
      <trkpt lat="43.77879" lon="88.506792"><ele>3251</ele></trkpt>
      <trkpt lat="43.778884" lon="88.506785"><ele>3251</ele></trkpt>
      <trkpt lat="43.778972" lon="88.506826"><ele>3251</ele></trkpt>
      <trkpt lat="43.779046" lon="88.506902"><ele>3252</ele></trkpt>
      <trkpt lat="43.779129" lon="88.506966"><ele>3252</ele></trkpt>
      <trkpt lat="43.779208" lon="88.507036"><ele>3252</ele></trkpt>
      <trkpt lat="43.779291" lon="88.507102"><ele>3254</ele></trkpt>
      <trkpt lat="43.779378" lon="88.507154"><ele>3256</ele></trkpt>
      <trkpt lat="43.779455" lon="88.507228"><ele>3257</ele></trkpt>
      <trkpt lat="43.779537" lon="88.507289"><ele>3258</ele></trkpt>
      <trkpt lat="43.779614" lon="88.507355"><ele>3260</ele></trkpt>
      <trkpt lat="43.779706" lon="88.507352"><ele>3258</ele></trkpt>
      <trkpt lat="43.779768" lon="88.507445"><ele>3258</ele></trkpt>
      <trkpt lat="43.779839" lon="88.507529"><ele>3261</ele></trkpt>
      <trkpt lat="43.779931" lon="88.507568"><ele>3260</ele></trkpt>
      <trkpt lat="43.779998" lon="88.507654"><ele>3260</ele></trkpt>
      <trkpt lat="43.780065" lon="88.507741"><ele>3262</ele></trkpt>
      <trkpt lat="43.780135" lon="88.507822"><ele>3262</ele></trkpt>
      <trkpt lat="43.780185" lon="88.50793"><ele>3266</ele></trkpt>
      <trkpt lat="43.780232" lon="88.508037"><ele>3264</ele></trkpt>
      <trkpt lat="43.780286" lon="88.508136"><ele>3262</ele></trkpt>
      <trkpt lat="43.780376" lon="88.508178"><ele>3265</ele></trkpt>
      <trkpt lat="43.780462" lon="88.508221"><ele>3268</ele></trkpt>
      <trkpt lat="43.780541" lon="88.508298"><ele>3268</ele></trkpt>
      <trkpt lat="43.780604" lon="88.5084"><ele>3267</ele></trkpt>
      <trkpt lat="43.780676" lon="88.508476"><ele>3266</ele></trkpt>
      <trkpt lat="43.780765" lon="88.508496"><ele>3267</ele></trkpt>
      <trkpt lat="43.780854" lon="88.508475"><ele>3268</ele></trkpt>
      <trkpt lat="43.780944" lon="88.508494"><ele>3269</ele></trkpt>
      <trkpt lat="43.781012" lon="88.508577"><ele>3269</ele></trkpt>
      <trkpt lat="43.781097" lon="88.508644"><ele>3269</ele></trkpt>
      <trkpt lat="43.781173" lon="88.508715"><ele>3269</ele></trkpt>
      <trkpt lat="43.781254" lon="88.508779"><ele>3271</ele></trkpt>
      <trkpt lat="43.781338" lon="88.508834"><ele>3271</ele></trkpt>
      <trkpt lat="43.781428" lon="88.508889"><ele>3271</ele></trkpt>
      <trkpt lat="43.78151" lon="88.508948"><ele>3272</ele></trkpt>
      <trkpt lat="43.781593" lon="88.509016"><ele>3271</ele></trkpt>
      <trkpt lat="43.781666" lon="88.5091"><ele>3272</ele></trkpt>
      <trkpt lat="43.781752" lon="88.509157"><ele>3273</ele></trkpt>
      <trkpt lat="43.781837" lon="88.509215"><ele>3273</ele></trkpt>
      <trkpt lat="43.781913" lon="88.509303"><ele>3274</ele></trkpt>
      <trkpt lat="43.781956" lon="88.509414"><ele>3272</ele></trkpt>
      <trkpt lat="43.782024" lon="88.509502"><ele>3272</ele></trkpt>
      <trkpt lat="43.78209" lon="88.509599"><ele>3273</ele></trkpt>
      <trkpt lat="43.782163" lon="88.509683"><ele>3273</ele></trkpt>
      <trkpt lat="43.78223" lon="88.509766"><ele>3272</ele></trkpt>
      <trkpt lat="43.782289" lon="88.509863"><ele>3273</ele></trkpt>
      <trkpt lat="43.782366" lon="88.509956"><ele>3273</ele></trkpt>
      <trkpt lat="43.782434" lon="88.510046"><ele>3274</ele></trkpt>
      <trkpt lat="43.782493" lon="88.510145"><ele>3276</ele></trkpt>
      <trkpt lat="43.782574" lon="88.51021"><ele>3275</ele></trkpt>
      <trkpt lat="43.782645" lon="88.510291"><ele>3276</ele></trkpt>
      <trkpt lat="43.782729" lon="88.510355"><ele>3276</ele></trkpt>
      <trkpt lat="43.78281" lon="88.510425"><ele>3278</ele></trkpt>
      <trkpt lat="43.782894" lon="88.510477"><ele>3276</ele></trkpt>
      <trkpt lat="43.782975" lon="88.510533"><ele>3276</ele></trkpt>
      <trkpt lat="43.783053" lon="88.510611"><ele>3276</ele></trkpt>
      <trkpt lat="43.783143" lon="88.51064"><ele>3277</ele></trkpt>
      <trkpt lat="43.783232" lon="88.51068"><ele>3278</ele></trkpt>
      <trkpt lat="43.783317" lon="88.510742"><ele>3279</ele></trkpt>
      <trkpt lat="43.783405" lon="88.510774"><ele>3279</ele></trkpt>
      <trkpt lat="43.783487" lon="88.510827"><ele>3280</ele></trkpt>
      <trkpt lat="43.783557" lon="88.510911"><ele>3281</ele></trkpt>
      <trkpt lat="43.783645" lon="88.510936"><ele>3281</ele></trkpt>
      <trkpt lat="43.783732" lon="88.51099"><ele>3282</ele></trkpt>
      <trkpt lat="43.783788" lon="88.51109"><ele>3282</ele></trkpt>
      <trkpt lat="43.783877" lon="88.511118"><ele>3283</ele></trkpt>
      <trkpt lat="43.783965" lon="88.511145"><ele>3285</ele></trkpt>
      <trkpt lat="43.784044" lon="88.511213"><ele>3287</ele></trkpt>
      <trkpt lat="43.784092" lon="88.511325"><ele>3287</ele></trkpt>
      <trkpt lat="43.784176" lon="88.511374"><ele>3289</ele></trkpt>
      <trkpt lat="43.78427" lon="88.511413"><ele>3287</ele></trkpt>
      <trkpt lat="43.784364" lon="88.511425"><ele>3289</ele></trkpt>
      <trkpt lat="43.784444" lon="88.511491"><ele>3290</ele></trkpt>
      <trkpt lat="43.78452" lon="88.511569"><ele>3291</ele></trkpt>
      <trkpt lat="43.784601" lon="88.511627"><ele>3290</ele></trkpt>
      <trkpt lat="43.784673" lon="88.511702"><ele>3290</ele></trkpt>
      <trkpt lat="43.784642" lon="88.51183"><ele>3292</ele></trkpt>
      <trkpt lat="43.784739" lon="88.511846"><ele>3291</ele></trkpt>
      <trkpt lat="43.784832" lon="88.511862"><ele>3292</ele></trkpt>
      <trkpt lat="43.784928" lon="88.511858"><ele>3294</ele></trkpt>
      <trkpt lat="43.785014" lon="88.511898"><ele>3293</ele></trkpt>
      <trkpt lat="43.785104" lon="88.511921"><ele>3295</ele></trkpt>
      <trkpt lat="43.785181" lon="88.511992"><ele>3296</ele></trkpt>
      <trkpt lat="43.785275" lon="88.511977"><ele>3300</ele></trkpt>
      <trkpt lat="43.785369" lon="88.511993"><ele>3299</ele></trkpt>
      <trkpt lat="43.785464" lon="88.512012"><ele>3299</ele></trkpt>
      <trkpt lat="43.785524" lon="88.511917"><ele>3299</ele></trkpt>
      <trkpt lat="43.785617" lon="88.511909"><ele>3299</ele></trkpt>
      <trkpt lat="43.785697" lon="88.511839"><ele>3301</ele></trkpt>
      <trkpt lat="43.785786" lon="88.511817"><ele>3301</ele></trkpt>
      <trkpt lat="43.785876" lon="88.511787"><ele>3302</ele></trkpt>
      <trkpt lat="43.785972" lon="88.511784"><ele>3301</ele></trkpt>
      <trkpt lat="43.786044" lon="88.51171"><ele>3302</ele></trkpt>
      <trkpt lat="43.786143" lon="88.511706"><ele>3304</ele></trkpt>
      <trkpt lat="43.786234" lon="88.511724"><ele>3305</ele></trkpt>
      <trkpt lat="43.786313" lon="88.511789"><ele>3306</ele></trkpt>
      <trkpt lat="43.786377" lon="88.511699"><ele>3305</ele></trkpt>
      <trkpt lat="43.786445" lon="88.511616"><ele>3305</ele></trkpt>
      <trkpt lat="43.786535" lon="88.511599"><ele>3306</ele></trkpt>
      <trkpt lat="43.786621" lon="88.511556"><ele>3307</ele></trkpt>
      <trkpt lat="43.786713" lon="88.511533"><ele>3309</ele></trkpt>
      <trkpt lat="43.786791" lon="88.51147"><ele>3310</ele></trkpt>
      <trkpt lat="43.786883" lon="88.511434"><ele>3310</ele></trkpt>
      <trkpt lat="43.786968" lon="88.511372"><ele>3311</ele></trkpt>
      <trkpt lat="43.787045" lon="88.511298"><ele>3312</ele></trkpt>
      <trkpt lat="43.787125" lon="88.511227"><ele>3311</ele></trkpt>
      <trkpt lat="43.78721" lon="88.511168"><ele>3311</ele></trkpt>
      <trkpt lat="43.787301" lon="88.51112"><ele>3311</ele></trkpt>
      <trkpt lat="43.787397" lon="88.51111"><ele>3312</ele></trkpt>
      <trkpt lat="43.787491" lon="88.511082"><ele>3313</ele></trkpt>
      <trkpt lat="43.787577" lon="88.51104"><ele>3312</ele></trkpt>
      <trkpt lat="43.787664" lon="88.511004"><ele>3312</ele></trkpt>
      <trkpt lat="43.787691" lon="88.511129"><ele>3314</ele></trkpt>
      <trkpt lat="43.787621" lon="88.511046"><ele>3312</ele></trkpt>
      <trkpt lat="43.787631" lon="88.511059"><ele>3315</ele></trkpt>
      <trkpt lat="43.787828" lon="88.511114"><ele>3313</ele></trkpt>
      <trkpt lat="43.78791" lon="88.511166"><ele>3314</ele></trkpt>
      <trkpt lat="43.788" lon="88.51122"><ele>3315</ele></trkpt>
      <trkpt lat="43.788079" lon="88.511292"><ele>3317</ele></trkpt>
      <trkpt lat="43.788162" lon="88.511355"><ele>3318</ele></trkpt>
      <trkpt lat="43.788247" lon="88.511415"><ele>3317</ele></trkpt>
      <trkpt lat="43.788338" lon="88.511439"><ele>3318</ele></trkpt>
      <trkpt lat="43.788429" lon="88.511462"><ele>3318</ele></trkpt>
      <trkpt lat="43.78852" lon="88.511469"><ele>3319</ele></trkpt>
      <trkpt lat="43.788618" lon="88.511484"><ele>3320</ele></trkpt>
      <trkpt lat="43.788713" lon="88.511496"><ele>3319</ele></trkpt>
      <trkpt lat="43.788808" lon="88.511515"><ele>3320</ele></trkpt>
      <trkpt lat="43.788897" lon="88.511547"><ele>3321</ele></trkpt>
      <trkpt lat="43.788991" lon="88.51154"><ele>3320</ele></trkpt>
      <trkpt lat="43.78908" lon="88.511568"><ele>3318</ele></trkpt>
      <trkpt lat="43.789168" lon="88.5116"><ele>3320</ele></trkpt>
      <trkpt lat="43.789255" lon="88.511639"><ele>3320</ele></trkpt>
      <trkpt lat="43.789352" lon="88.511656"><ele>3318</ele></trkpt>
      <trkpt lat="43.78944" lon="88.511699"><ele>3318</ele></trkpt>
      <trkpt lat="43.789531" lon="88.511727"><ele>3319</ele></trkpt>
      <trkpt lat="43.789622" lon="88.511745"><ele>3318</ele></trkpt>
      <trkpt lat="43.789718" lon="88.511774"><ele>3318</ele></trkpt>
      <trkpt lat="43.789807" lon="88.51181"><ele>3317</ele></trkpt>
      <trkpt lat="43.789895" lon="88.511854"><ele>3317</ele></trkpt>
      <trkpt lat="43.78999" lon="88.511877"><ele>3317</ele></trkpt>
      <trkpt lat="43.790078" lon="88.51193"><ele>3316</ele></trkpt>
      <trkpt lat="43.790156" lon="88.512003"><ele>3316</ele></trkpt>
      <trkpt lat="43.790233" lon="88.512089"><ele>3314</ele></trkpt>
      <trkpt lat="43.790318" lon="88.512131"><ele>3316</ele></trkpt>
      <trkpt lat="43.790409" lon="88.512121"><ele>3317</ele></trkpt>
      <trkpt lat="43.790497" lon="88.512094"><ele>3316</ele></trkpt>
      <trkpt lat="43.790573" lon="88.512165"><ele>3318</ele></trkpt>
      <trkpt lat="43.79067" lon="88.512175"><ele>3318</ele></trkpt>
      <trkpt lat="43.790769" lon="88.512166"><ele>3319</ele></trkpt>
      <trkpt lat="43.790861" lon="88.512159"><ele>3317</ele></trkpt>
      <trkpt lat="43.790935" lon="88.51208"><ele>3318</ele></trkpt>
      <trkpt lat="43.791016" lon="88.511997"><ele>3317</ele></trkpt>
      <trkpt lat="43.791086" lon="88.511907"><ele>3317</ele></trkpt>
      <trkpt lat="43.791145" lon="88.511799"><ele>3317</ele></trkpt>
      <trkpt lat="43.791226" lon="88.511731"><ele>3316</ele></trkpt>
      <trkpt lat="43.791288" lon="88.511637"><ele>3315</ele></trkpt>
      <trkpt lat="43.791369" lon="88.511579"><ele>3315</ele></trkpt>
      <trkpt lat="43.79144" lon="88.511482"><ele>3316</ele></trkpt>
      <trkpt lat="43.791527" lon="88.511414"><ele>3316</ele></trkpt>
      <trkpt lat="43.791613" lon="88.511349"><ele>3316</ele></trkpt>
      <trkpt lat="43.791688" lon="88.511265"><ele>3317</ele></trkpt>
      <trkpt lat="43.79174" lon="88.511154"><ele>3316</ele></trkpt>
      <trkpt lat="43.791822" lon="88.511094"><ele>3315</ele></trkpt>
      <trkpt lat="43.791914" lon="88.511067"><ele>3316</ele></trkpt>
      <trkpt lat="43.791989" lon="88.510989"><ele>3317</ele></trkpt>
      <trkpt lat="43.792085" lon="88.510953"><ele>3317</ele></trkpt>
      <trkpt lat="43.79218" lon="88.510959"><ele>3317</ele></trkpt>
      <trkpt lat="43.792266" lon="88.510915"><ele>3317</ele></trkpt>
      <trkpt lat="43.7923" lon="88.510799"><ele>3317</ele></trkpt>
      <trkpt lat="43.792381" lon="88.510739"><ele>3319</ele></trkpt>
      <trkpt lat="43.792473" lon="88.5107"><ele>3317</ele></trkpt>
      <trkpt lat="43.792565" lon="88.510679"><ele>3319</ele></trkpt>
      <trkpt lat="43.792637" lon="88.510594"><ele>3319</ele></trkpt>
      <trkpt lat="43.792716" lon="88.510522"><ele>3319</ele></trkpt>
      <trkpt lat="43.792802" lon="88.510468"><ele>3320</ele></trkpt>
      <trkpt lat="43.792895" lon="88.510453"><ele>3320</ele></trkpt>
      <trkpt lat="43.792958" lon="88.510351"><ele>3319</ele></trkpt>
      <trkpt lat="43.793037" lon="88.510266"><ele>3320</ele></trkpt>
      <trkpt lat="43.793122" lon="88.510199"><ele>3320</ele></trkpt>
      <trkpt lat="43.793192" lon="88.510105"><ele>3318</ele></trkpt>
      <trkpt lat="43.793269" lon="88.51004"><ele>3319</ele></trkpt>
      <trkpt lat="43.793321" lon="88.509925"><ele>3319</ele></trkpt>
      <trkpt lat="43.793386" lon="88.509834"><ele>3318</ele></trkpt>
      <trkpt lat="43.793457" lon="88.509754"><ele>3318</ele></trkpt>
      <trkpt lat="43.793528" lon="88.509676"><ele>3316</ele></trkpt>
      <trkpt lat="43.7936" lon="88.509593"><ele>3317</ele></trkpt>
      <trkpt lat="43.79367" lon="88.50949"><ele>3318</ele></trkpt>
      <trkpt lat="43.793747" lon="88.509421"><ele>3318</ele></trkpt>
      <trkpt lat="43.793842" lon="88.509394"><ele>3318</ele></trkpt>
      <trkpt lat="43.79392" lon="88.509316"><ele>3318</ele></trkpt>
      <trkpt lat="43.794001" lon="88.509252"><ele>3317</ele></trkpt>
      <trkpt lat="43.794072" lon="88.509175"><ele>3317</ele></trkpt>
      <trkpt lat="43.794133" lon="88.509074"><ele>3318</ele></trkpt>
      <trkpt lat="43.794195" lon="88.508981"><ele>3317</ele></trkpt>
      <trkpt lat="43.794261" lon="88.508884"><ele>3318</ele></trkpt>
      <trkpt lat="43.794329" lon="88.508792"><ele>3318</ele></trkpt>
      <trkpt lat="43.794373" lon="88.508672"><ele>3320</ele></trkpt>
      <trkpt lat="43.794412" lon="88.508548"><ele>3320</ele></trkpt>
      <trkpt lat="43.794475" lon="88.508455"><ele>3319</ele></trkpt>
      <trkpt lat="43.794524" lon="88.50835"><ele>3321</ele></trkpt>
      <trkpt lat="43.794587" lon="88.508253"><ele>3320</ele></trkpt>
      <trkpt lat="43.794652" lon="88.508161"><ele>3321</ele></trkpt>
      <trkpt lat="43.794723" lon="88.508073"><ele>3320</ele></trkpt>
      <trkpt lat="43.7948" lon="88.508001"><ele>3321</ele></trkpt>
      <trkpt lat="43.794864" lon="88.507901"><ele>3321</ele></trkpt>
      <trkpt lat="43.794867" lon="88.507776"><ele>3321</ele></trkpt>
      <trkpt lat="43.794878" lon="88.507649"><ele>3320</ele></trkpt>
      <trkpt lat="43.794926" lon="88.507539"><ele>3320</ele></trkpt>
      <trkpt lat="43.794972" lon="88.507432"><ele>3321</ele></trkpt>
      <trkpt lat="43.795002" lon="88.507303"><ele>3323</ele></trkpt>
      <trkpt lat="43.795046" lon="88.50718"><ele>3322</ele></trkpt>
      <trkpt lat="43.795047" lon="88.507048"><ele>3322</ele></trkpt>
      <trkpt lat="43.795063" lon="88.506923"><ele>3320</ele></trkpt>
      <trkpt lat="43.795074" lon="88.506799"><ele>3320</ele></trkpt>
      <trkpt lat="43.795118" lon="88.506688"><ele>3319</ele></trkpt>
      <trkpt lat="43.795155" lon="88.506569"><ele>3319</ele></trkpt>
      <trkpt lat="43.79517" lon="88.506446"><ele>3321</ele></trkpt>
      <trkpt lat="43.795253" lon="88.506398"><ele>3321</ele></trkpt>
      <trkpt lat="43.795261" lon="88.506272"><ele>3322</ele></trkpt>
      <trkpt lat="43.79523" lon="88.506154"><ele>3322</ele></trkpt>
      <trkpt lat="43.795307" lon="88.50608"><ele>3323</ele></trkpt>
      <trkpt lat="43.795352" lon="88.505972"><ele>3324</ele></trkpt>
      <trkpt lat="43.795353" lon="88.505842"><ele>3323</ele></trkpt>
      <trkpt lat="43.79538" lon="88.505709"><ele>3326</ele></trkpt>
      <trkpt lat="43.795438" lon="88.50561"><ele>3326</ele></trkpt>
      <trkpt lat="43.795512" lon="88.505537"><ele>3328</ele></trkpt>
      <trkpt lat="43.795565" lon="88.505435"><ele>3327</ele></trkpt>
      <trkpt lat="43.795613" lon="88.505327"><ele>3327</ele></trkpt>
      <trkpt lat="43.795638" lon="88.505195"><ele>3328</ele></trkpt>
      <trkpt lat="43.795708" lon="88.505115"><ele>3330</ele></trkpt>
      <trkpt lat="43.795769" lon="88.505016"><ele>3331</ele></trkpt>
      <trkpt lat="43.795826" lon="88.504918"><ele>3332</ele></trkpt>
      <trkpt lat="43.795895" lon="88.504824"><ele>3333</ele></trkpt>
      <trkpt lat="43.79595" lon="88.504717"><ele>3334</ele></trkpt>
      <trkpt lat="43.796035" lon="88.504669"><ele>3334</ele></trkpt>
      <trkpt lat="43.796071" lon="88.504552"><ele>3332</ele></trkpt>
      <trkpt lat="43.796072" lon="88.504418"><ele>3332</ele></trkpt>
      <trkpt lat="43.796045" lon="88.504299"><ele>3329</ele></trkpt>
      <trkpt lat="43.796107" lon="88.504208"><ele>3331</ele></trkpt>
      <trkpt lat="43.796169" lon="88.504114"><ele>3331</ele></trkpt>
      <trkpt lat="43.796232" lon="88.504024"><ele>3331</ele></trkpt>
      <trkpt lat="43.796254" lon="88.503899"><ele>3331</ele></trkpt>
      <trkpt lat="43.79626" lon="88.503771"><ele>3331</ele></trkpt>
      <trkpt lat="43.79626" lon="88.503636"><ele>3330</ele></trkpt>
      <trkpt lat="43.796267" lon="88.5035"><ele>3329</ele></trkpt>
      <trkpt lat="43.796303" lon="88.503376"><ele>3329</ele></trkpt>
      <trkpt lat="43.796346" lon="88.503261"><ele>3331</ele></trkpt>
      <trkpt lat="43.796355" lon="88.503128"><ele>3329</ele></trkpt>
      <trkpt lat="43.796409" lon="88.503022"><ele>3329</ele></trkpt>
      <trkpt lat="43.796415" lon="88.502892"><ele>3329</ele></trkpt>
      <trkpt lat="43.796457" lon="88.502779"><ele>3329</ele></trkpt>
      <trkpt lat="43.796468" lon="88.502646"><ele>3331</ele></trkpt>
      <trkpt lat="43.796462" lon="88.502518"><ele>3333</ele></trkpt>
      <trkpt lat="43.796476" lon="88.502388"><ele>3332</ele></trkpt>
      <trkpt lat="43.796481" lon="88.50226"><ele>3333</ele></trkpt>
      <trkpt lat="43.796494" lon="88.502132"><ele>3333</ele></trkpt>
      <trkpt lat="43.796509" lon="88.502"><ele>3334</ele></trkpt>
      <trkpt lat="43.796495" lon="88.501868"><ele>3334</ele></trkpt>
      <trkpt lat="43.796527" lon="88.501743"><ele>3333</ele></trkpt>
      <trkpt lat="43.796531" lon="88.501618"><ele>3334</ele></trkpt>
      <trkpt lat="43.796542" lon="88.501485"><ele>3335</ele></trkpt>
      <trkpt lat="43.796556" lon="88.501357"><ele>3331</ele></trkpt>
      <trkpt lat="43.796559" lon="88.501232"><ele>3330</ele></trkpt>
      <trkpt lat="43.796588" lon="88.501111"><ele>3331</ele></trkpt>
      <trkpt lat="43.796593" lon="88.500978"><ele>3330</ele></trkpt>
      <trkpt lat="43.79661" lon="88.50085"><ele>3331</ele></trkpt>
      <trkpt lat="43.796664" lon="88.500744"><ele>3332</ele></trkpt>
      <trkpt lat="43.796707" lon="88.500627"><ele>3334</ele></trkpt>
      <trkpt lat="43.796743" lon="88.500512"><ele>3334</ele></trkpt>
      <trkpt lat="43.796792" lon="88.500399"><ele>3336</ele></trkpt>
      <trkpt lat="43.796853" lon="88.500305"><ele>3335</ele></trkpt>
      <trkpt lat="43.796906" lon="88.500195"><ele>3337</ele></trkpt>
      <trkpt lat="43.796983" lon="88.500127"><ele>3337</ele></trkpt>
      <trkpt lat="43.797033" lon="88.500015"><ele>3336</ele></trkpt>
      <trkpt lat="43.797108" lon="88.499942"><ele>3337</ele></trkpt>
      <trkpt lat="43.797196" lon="88.499907"><ele>3339</ele></trkpt>
      <trkpt lat="43.797284" lon="88.499876"><ele>3340</ele></trkpt>
      <trkpt lat="43.797364" lon="88.499807"><ele>3338</ele></trkpt>
      <trkpt lat="43.797455" lon="88.49981"><ele>3338</ele></trkpt>
      <trkpt lat="43.797545" lon="88.499807"><ele>3340</ele></trkpt>
      <trkpt lat="43.797572" lon="88.499687"><ele>3340</ele></trkpt>
      <trkpt lat="43.797669" lon="88.499689"><ele>3342</ele></trkpt>
      <trkpt lat="43.797758" lon="88.499659"><ele>3342</ele></trkpt>
      <trkpt lat="43.797807" lon="88.499545"><ele>3342</ele></trkpt>
      <trkpt lat="43.797842" lon="88.499423"><ele>3342</ele></trkpt>
      <trkpt lat="43.797897" lon="88.499313"><ele>3344</ele></trkpt>
      <trkpt lat="43.797899" lon="88.499188"><ele>3344</ele></trkpt>
      <trkpt lat="43.797892" lon="88.499052"><ele>3346</ele></trkpt>
      <trkpt lat="43.79786" lon="88.498935"><ele>3345</ele></trkpt>
      <trkpt lat="43.797824" lon="88.498812"><ele>3345</ele></trkpt>
      <trkpt lat="43.797814" lon="88.498686"><ele>3346</ele></trkpt>
      <trkpt lat="43.797787" lon="88.498567"><ele>3346</ele></trkpt>
      <trkpt lat="43.797751" lon="88.498444"><ele>3346</ele></trkpt>
      <trkpt lat="43.797747" lon="88.498314"><ele>3345</ele></trkpt>
      <trkpt lat="43.797757" lon="88.49819"><ele>3344</ele></trkpt>
      <trkpt lat="43.797776" lon="88.498059"><ele>3340</ele></trkpt>
      <trkpt lat="43.797809" lon="88.497935"><ele>3339</ele></trkpt>
      <trkpt lat="43.797851" lon="88.497824"><ele>3339</ele></trkpt>
      <trkpt lat="43.797859" lon="88.497697"><ele>3341</ele></trkpt>
      <trkpt lat="43.797863" lon="88.49757"><ele>3341</ele></trkpt>
      <trkpt lat="43.797861" lon="88.49744"><ele>3339</ele></trkpt>
      <trkpt lat="43.797808" lon="88.497322"><ele>3340</ele></trkpt>
      <trkpt lat="43.797835" lon="88.497199"><ele>3347</ele></trkpt>
      <trkpt lat="43.79789" lon="88.497101"><ele>3350</ele></trkpt>
      <trkpt lat="43.797875" lon="88.496976"><ele>3358</ele></trkpt>
      <trkpt lat="43.797886" lon="88.49685"><ele>3361</ele></trkpt>
      <trkpt lat="43.797844" lon="88.496736"><ele>3366</ele></trkpt>
      <trkpt lat="43.797765" lon="88.496665"><ele>3368</ele></trkpt>
      <trkpt lat="43.797776" lon="88.496541"><ele>3371</ele></trkpt>
      <trkpt lat="43.797693" lon="88.496488"><ele>3375</ele></trkpt>
      <trkpt lat="43.797598" lon="88.496545"><ele>3372</ele></trkpt>
      <trkpt lat="43.79751" lon="88.496574"><ele>3375</ele></trkpt>
      <trkpt lat="43.797425" lon="88.496621"><ele>3376</ele></trkpt>
      <trkpt lat="43.797371" lon="88.496724"><ele>3371</ele></trkpt>
      <trkpt lat="43.797345" lon="88.496847"><ele>3369</ele></trkpt>
      <trkpt lat="43.797415" lon="88.496931"><ele>3368</ele></trkpt>
      <trkpt lat="43.797473" lon="88.496829"><ele>3369</ele></trkpt>
      <trkpt lat="43.797528" lon="88.496716"><ele>3373</ele></trkpt>
      <trkpt lat="43.797599" lon="88.496635"><ele>3373</ele></trkpt>
      <trkpt lat="43.797675" lon="88.496559"><ele>3371</ele></trkpt>
      <trkpt lat="43.797748" lon="88.496486"><ele>3373</ele></trkpt>
      <trkpt lat="43.797729" lon="88.496364"><ele>3371</ele></trkpt>
      <trkpt lat="43.797645" lon="88.49631"><ele>3370</ele></trkpt>
      <trkpt lat="43.797632" lon="88.496186"><ele>3370</ele></trkpt>
      <trkpt lat="43.79762" lon="88.496061"><ele>3369</ele></trkpt>
      <trkpt lat="43.797601" lon="88.495939"><ele>3369</ele></trkpt>
      <trkpt lat="43.797584" lon="88.495817"><ele>3368</ele></trkpt>
      <trkpt lat="43.797626" lon="88.495697"><ele>3367</ele></trkpt>
      <trkpt lat="43.797603" lon="88.495577"><ele>3363</ele></trkpt>
      <trkpt lat="43.797647" lon="88.495464"><ele>3365</ele></trkpt>
      <trkpt lat="43.79767" lon="88.495339"><ele>3365</ele></trkpt>
      <trkpt lat="43.797669" lon="88.495207"><ele>3367</ele></trkpt>
      <trkpt lat="43.79769" lon="88.495084"><ele>3368</ele></trkpt>
      <trkpt lat="43.797725" lon="88.494968"><ele>3371</ele></trkpt>
      <trkpt lat="43.79767" lon="88.494868"><ele>3365</ele></trkpt>
      <trkpt lat="43.797605" lon="88.49478"><ele>3361</ele></trkpt>
      <trkpt lat="43.797557" lon="88.494671"><ele>3356</ele></trkpt>
      <trkpt lat="43.797584" lon="88.494552"><ele>3352</ele></trkpt>
      <trkpt lat="43.79764" lon="88.494448"><ele>3349</ele></trkpt>
      <trkpt lat="43.797679" lon="88.494334"><ele>3350</ele></trkpt>
      <trkpt lat="43.797732" lon="88.494221"><ele>3349</ele></trkpt>
      <trkpt lat="43.797769" lon="88.4941"><ele>3348</ele></trkpt>
      <trkpt lat="43.797831" lon="88.493997"><ele>3350</ele></trkpt>
      <trkpt lat="43.797902" lon="88.493914"><ele>3349</ele></trkpt>
      <trkpt lat="43.797973" lon="88.493823"><ele>3349</ele></trkpt>
      <trkpt lat="43.79802" lon="88.493711"><ele>3350</ele></trkpt>
      <trkpt lat="43.798014" lon="88.493579"><ele>3350</ele></trkpt>
      <trkpt lat="43.798015" lon="88.493445"><ele>3351</ele></trkpt>
      <trkpt lat="43.798062" lon="88.493334"><ele>3350</ele></trkpt>
      <trkpt lat="43.798119" lon="88.493237"><ele>3350</ele></trkpt>
      <trkpt lat="43.79811" lon="88.493097"><ele>3352</ele></trkpt>
      <trkpt lat="43.798073" lon="88.492979"><ele>3352</ele></trkpt>
      <trkpt lat="43.798066" lon="88.492854"><ele>3353</ele></trkpt>
      <trkpt lat="43.798053" lon="88.492728"><ele>3354</ele></trkpt>
      <trkpt lat="43.798093" lon="88.492615"><ele>3353</ele></trkpt>
      <trkpt lat="43.798106" lon="88.492485"><ele>3352</ele></trkpt>
      <trkpt lat="43.798131" lon="88.492361"><ele>3356</ele></trkpt>
      <trkpt lat="43.798219" lon="88.492323"><ele>3354</ele></trkpt>
      <trkpt lat="43.798307" lon="88.492276"><ele>3357</ele></trkpt>
      <trkpt lat="43.798356" lon="88.492171"><ele>3356</ele></trkpt>
      <trkpt lat="43.798346" lon="88.492041"><ele>3356</ele></trkpt>
      <trkpt lat="43.79835" lon="88.491908"><ele>3360</ele></trkpt>
      <trkpt lat="43.798353" lon="88.491784"><ele>3361</ele></trkpt>
      <trkpt lat="43.798357" lon="88.491659"><ele>3366</ele></trkpt>
      <trkpt lat="43.798372" lon="88.491535"><ele>3370</ele></trkpt>
      <trkpt lat="43.798413" lon="88.491424"><ele>3371</ele></trkpt>
      <trkpt lat="43.798452" lon="88.491302"><ele>3372</ele></trkpt>
      <trkpt lat="43.798487" lon="88.491185"><ele>3372</ele></trkpt>
      <trkpt lat="43.798503" lon="88.491059"><ele>3374</ele></trkpt>
      <trkpt lat="43.798508" lon="88.490935"><ele>3376</ele></trkpt>
      <trkpt lat="43.798527" lon="88.490813"><ele>3378</ele></trkpt>
      <trkpt lat="43.79857" lon="88.490696"><ele>3379</ele></trkpt>
      <trkpt lat="43.798647" lon="88.490621"><ele>3378</ele></trkpt>
      <trkpt lat="43.798675" lon="88.490501"><ele>3380</ele></trkpt>
      <trkpt lat="43.798645" lon="88.490383"><ele>3382</ele></trkpt>
      <trkpt lat="43.798707" lon="88.490287"><ele>3384</ele></trkpt>
      <trkpt lat="43.798713" lon="88.490157"><ele>3385</ele></trkpt>
      <trkpt lat="43.798767" lon="88.490057"><ele>3385</ele></trkpt>
      <trkpt lat="43.79878" lon="88.489932"><ele>3384</ele></trkpt>
      <trkpt lat="43.798784" lon="88.489799"><ele>3384</ele></trkpt>
      <trkpt lat="43.798807" lon="88.489678"><ele>3383</ele></trkpt>
      <trkpt lat="43.798754" lon="88.489571"><ele>3384</ele></trkpt>
      <trkpt lat="43.798756" lon="88.489444"><ele>3384</ele></trkpt>
      <trkpt lat="43.798789" lon="88.489321"><ele>3384</ele></trkpt>
      <trkpt lat="43.798798" lon="88.489197"><ele>3382</ele></trkpt>
      <trkpt lat="43.798821" lon="88.489073"><ele>3385</ele></trkpt>
      <trkpt lat="43.798825" lon="88.488938"><ele>3385</ele></trkpt>
      <trkpt lat="43.798864" lon="88.488824"><ele>3386</ele></trkpt>
      <trkpt lat="43.798916" lon="88.488719"><ele>3385</ele></trkpt>
      <trkpt lat="43.798957" lon="88.488601"><ele>3385</ele></trkpt>
      <trkpt lat="43.799009" lon="88.488498"><ele>3386</ele></trkpt>
      <trkpt lat="43.799069" lon="88.488393"><ele>3383</ele></trkpt>
      <trkpt lat="43.799149" lon="88.488335"><ele>3385</ele></trkpt>
      <trkpt lat="43.799212" lon="88.488245"><ele>3384</ele></trkpt>
      <trkpt lat="43.7993" lon="88.488193"><ele>3384</ele></trkpt>
      <trkpt lat="43.799376" lon="88.488109"><ele>3384</ele></trkpt>
      <trkpt lat="43.799473" lon="88.488099"><ele>3384</ele></trkpt>
      <trkpt lat="43.799554" lon="88.488037"><ele>3383</ele></trkpt>
      <trkpt lat="43.799626" lon="88.487962"><ele>3386</ele></trkpt>
      <trkpt lat="43.799669" lon="88.487851"><ele>3384</ele></trkpt>
      <trkpt lat="43.799695" lon="88.48773"><ele>3383</ele></trkpt>
      <trkpt lat="43.799697" lon="88.487603"><ele>3383</ele></trkpt>
      <trkpt lat="43.799642" lon="88.4875"><ele>3383</ele></trkpt>
      <trkpt lat="43.799645" lon="88.487373"><ele>3385</ele></trkpt>
      <trkpt lat="43.799654" lon="88.487248"><ele>3386</ele></trkpt>
      <trkpt lat="43.799666" lon="88.487123"><ele>3389</ele></trkpt>
      <trkpt lat="43.799683" lon="88.487"><ele>3390</ele></trkpt>
      <trkpt lat="43.7997" lon="88.486871"><ele>3390</ele></trkpt>
      <trkpt lat="43.799698" lon="88.486743"><ele>3389</ele></trkpt>
      <trkpt lat="43.799712" lon="88.486615"><ele>3393</ele></trkpt>
      <trkpt lat="43.799698" lon="88.486489"><ele>3395</ele></trkpt>
      <trkpt lat="43.799715" lon="88.48636"><ele>3399</ele></trkpt>
      <trkpt lat="43.799734" lon="88.486236"><ele>3401</ele></trkpt>
      <trkpt lat="43.799758" lon="88.486113"><ele>3401</ele></trkpt>
      <trkpt lat="43.799809" lon="88.486002"><ele>3404</ele></trkpt>
      <trkpt lat="43.799846" lon="88.485888"><ele>3405</ele></trkpt>
      <trkpt lat="43.799909" lon="88.485794"><ele>3406</ele></trkpt>
      <trkpt lat="43.799973" lon="88.485703"><ele>3404</ele></trkpt>
      <trkpt lat="43.800002" lon="88.485585"><ele>3408</ele></trkpt>
      <trkpt lat="43.80006" lon="88.485481"><ele>3410</ele></trkpt>
      <trkpt lat="43.800035" lon="88.485355"><ele>3411</ele></trkpt>
      <trkpt lat="43.799999" lon="88.485237"><ele>3410</ele></trkpt>
      <trkpt lat="43.800014" lon="88.485114"><ele>3409</ele></trkpt>
      <trkpt lat="43.800026" lon="88.484987"><ele>3408</ele></trkpt>
      <trkpt lat="43.80007" lon="88.484876"><ele>3411</ele></trkpt>
      <trkpt lat="43.79999" lon="88.484814"><ele>3405</ele></trkpt>
      <trkpt lat="43.799899" lon="88.48481"><ele>3404</ele></trkpt>
      <trkpt lat="43.79982" lon="88.484735"><ele>3402</ele></trkpt>
      <trkpt lat="43.79974" lon="88.484672"><ele>3405</ele></trkpt>
      <trkpt lat="43.7997" lon="88.484557"><ele>3405</ele></trkpt>
      <trkpt lat="43.799675" lon="88.484436"><ele>3407</ele></trkpt>
      <trkpt lat="43.799672" lon="88.484309"><ele>3411</ele></trkpt>
      <trkpt lat="43.799674" lon="88.484185"><ele>3415</ele></trkpt>
      <trkpt lat="43.799656" lon="88.484063"><ele>3418</ele></trkpt>
      <trkpt lat="43.799655" lon="88.483937"><ele>3418</ele></trkpt>
      <trkpt lat="43.799696" lon="88.483826"><ele>3421</ele></trkpt>
      <trkpt lat="43.79974" lon="88.48371"><ele>3432</ele></trkpt>
      <trkpt lat="43.799777" lon="88.483594"><ele>3436</ele></trkpt>
      <trkpt lat="43.79975" lon="88.483475"><ele>3435</ele></trkpt>
      <trkpt lat="43.799717" lon="88.483357"><ele>3438</ele></trkpt>
      <trkpt lat="43.799757" lon="88.483236"><ele>3439</ele></trkpt>
      <trkpt lat="43.799758" lon="88.483104"><ele>3436</ele></trkpt>
      <trkpt lat="43.799758" lon="88.482976"><ele>3440</ele></trkpt>
      <trkpt lat="43.79977" lon="88.482847"><ele>3439</ele></trkpt>
      <trkpt lat="43.799799" lon="88.482717"><ele>3447</ele></trkpt>
      <trkpt lat="43.799811" lon="88.482593"><ele>3455</ele></trkpt>
      <trkpt lat="43.799791" lon="88.482468"><ele>3455</ele></trkpt>
      <trkpt lat="43.799782" lon="88.482344"><ele>3455</ele></trkpt>
      <trkpt lat="43.799771" lon="88.482219"><ele>3461</ele></trkpt>
      <trkpt lat="43.799822" lon="88.482107"><ele>3466</ele></trkpt>
      <trkpt lat="43.799844" lon="88.481983"><ele>3461</ele></trkpt>
      <trkpt lat="43.799883" lon="88.481863"><ele>3461</ele></trkpt>
      <trkpt lat="43.799922" lon="88.48175"><ele>3460</ele></trkpt>
      <trkpt lat="43.799913" lon="88.481621"><ele>3461</ele></trkpt>
      <trkpt lat="43.799937" lon="88.481501"><ele>3466</ele></trkpt>
      <trkpt lat="43.799989" lon="88.481396"><ele>3464</ele></trkpt>
      <trkpt lat="43.799988" lon="88.481269"><ele>3463</ele></trkpt>
      <trkpt lat="43.799995" lon="88.481141"><ele>3465</ele></trkpt>
      <trkpt lat="43.800026" lon="88.481022"><ele>3469</ele></trkpt>
      <trkpt lat="43.800057" lon="88.480901"><ele>3473</ele></trkpt>
      <trkpt lat="43.800044" lon="88.48077"><ele>3476</ele></trkpt>
      <trkpt lat="43.800034" lon="88.480646"><ele>3475</ele></trkpt>
      <trkpt lat="43.800076" lon="88.480535"><ele>3474</ele></trkpt>
      <trkpt lat="43.800094" lon="88.480404"><ele>3474</ele></trkpt>
      <trkpt lat="43.800137" lon="88.480286"><ele>3475</ele></trkpt>
      <trkpt lat="43.800151" lon="88.48016"><ele>3476</ele></trkpt>
      <trkpt lat="43.800152" lon="88.480034"><ele>3477</ele></trkpt>
      <trkpt lat="43.80015" lon="88.479905"><ele>3478</ele></trkpt>
      <trkpt lat="43.800168" lon="88.479783"><ele>3481</ele></trkpt>
      <trkpt lat="43.800191" lon="88.479651"><ele>3483</ele></trkpt>
      <trkpt lat="43.800232" lon="88.479539"><ele>3482</ele></trkpt>
      <trkpt lat="43.800239" lon="88.479412"><ele>3486</ele></trkpt>
      <trkpt lat="43.800289" lon="88.479308"><ele>3489</ele></trkpt>
      <trkpt lat="43.80028" lon="88.479184"><ele>3488</ele></trkpt>
      <trkpt lat="43.800308" lon="88.479041"><ele>3489</ele></trkpt>
      <trkpt lat="43.800328" lon="88.478918"><ele>3488</ele></trkpt>
      <trkpt lat="43.800339" lon="88.478784"><ele>3489</ele></trkpt>
      <trkpt lat="43.800354" lon="88.478661"><ele>3491</ele></trkpt>
      <trkpt lat="43.800388" lon="88.478536"><ele>3493</ele></trkpt>
      <trkpt lat="43.8004" lon="88.478409"><ele>3491</ele></trkpt>
      <trkpt lat="43.800418" lon="88.478287"><ele>3490</ele></trkpt>
      <trkpt lat="43.800452" lon="88.478166"><ele>3493</ele></trkpt>
      <trkpt lat="43.800475" lon="88.478044"><ele>3493</ele></trkpt>
      <trkpt lat="43.800491" lon="88.477915"><ele>3494</ele></trkpt>
      <trkpt lat="43.800518" lon="88.477796"><ele>3497</ele></trkpt>
      <trkpt lat="43.800555" lon="88.47767"><ele>3497</ele></trkpt>
      <trkpt lat="43.800545" lon="88.477545"><ele>3496</ele></trkpt>
      <trkpt lat="43.800521" lon="88.477417"><ele>3496</ele></trkpt>
      <trkpt lat="43.800541" lon="88.477284"><ele>3497</ele></trkpt>
      <trkpt lat="43.800574" lon="88.477165"><ele>3500</ele></trkpt>
      <trkpt lat="43.800589" lon="88.477037"><ele>3501</ele></trkpt>
      <trkpt lat="43.800596" lon="88.476908"><ele>3500</ele></trkpt>
      <trkpt lat="43.800608" lon="88.476783"><ele>3501</ele></trkpt>
      <trkpt lat="43.800592" lon="88.476656"><ele>3502</ele></trkpt>
      <trkpt lat="43.800644" lon="88.47655"><ele>3500</ele></trkpt>
      <trkpt lat="43.800662" lon="88.476421"><ele>3505</ele></trkpt>
      <trkpt lat="43.800653" lon="88.476295"><ele>3509</ele></trkpt>
      <trkpt lat="43.800684" lon="88.476174"><ele>3506</ele></trkpt>
      <trkpt lat="43.800675" lon="88.476042"><ele>3507</ele></trkpt>
      <trkpt lat="43.800671" lon="88.475917"><ele>3509</ele></trkpt>
      <trkpt lat="43.800635" lon="88.475799"><ele>3510</ele></trkpt>
      <trkpt lat="43.800667" lon="88.475678"><ele>3512</ele></trkpt>
      <trkpt lat="43.800669" lon="88.475546"><ele>3510</ele></trkpt>
      <trkpt lat="43.80067" lon="88.475421"><ele>3512</ele></trkpt>
      <trkpt lat="43.800716" lon="88.475308"><ele>3513</ele></trkpt>
      <trkpt lat="43.800736" lon="88.47518"><ele>3513</ele></trkpt>
      <trkpt lat="43.80081" lon="88.475095"><ele>3514</ele></trkpt>
      <trkpt lat="43.800897" lon="88.475062"><ele>3514</ele></trkpt>
      <trkpt lat="43.800911" lon="88.474936"><ele>3513</ele></trkpt>
      <trkpt lat="43.800913" lon="88.474806"><ele>3517</ele></trkpt>
      <trkpt lat="43.800912" lon="88.474673"><ele>3518</ele></trkpt>
      <trkpt lat="43.800921" lon="88.474542"><ele>3520</ele></trkpt>
      <trkpt lat="43.800939" lon="88.474419"><ele>3520</ele></trkpt>
      <trkpt lat="43.800911" lon="88.474294"><ele>3520</ele></trkpt>
      <trkpt lat="43.800893" lon="88.474171"><ele>3520</ele></trkpt>
      <trkpt lat="43.800899" lon="88.474042"><ele>3522</ele></trkpt>
      <trkpt lat="43.800897" lon="88.473916"><ele>3524</ele></trkpt>
      <trkpt lat="43.80089" lon="88.47379"><ele>3527</ele></trkpt>
      <trkpt lat="43.800906" lon="88.47366"><ele>3525</ele></trkpt>
      <trkpt lat="43.800885" lon="88.47354"><ele>3527</ele></trkpt>
      <trkpt lat="43.800912" lon="88.473416"><ele>3528</ele></trkpt>
      <trkpt lat="43.800948" lon="88.473291"><ele>3529</ele></trkpt>
      <trkpt lat="43.800966" lon="88.473167"><ele>3531</ele></trkpt>
      <trkpt lat="43.801" lon="88.473042"><ele>3530</ele></trkpt>
      <trkpt lat="43.801007" lon="88.472913"><ele>3532</ele></trkpt>
      <trkpt lat="43.801023" lon="88.472787"><ele>3534</ele></trkpt>
      <trkpt lat="43.80106" lon="88.472673"><ele>3535</ele></trkpt>
      <trkpt lat="43.801045" lon="88.472547"><ele>3539</ele></trkpt>
      <trkpt lat="43.801008" lon="88.472428"><ele>3542</ele></trkpt>
      <trkpt lat="43.80098" lon="88.472307"><ele>3538</ele></trkpt>
      <trkpt lat="43.801033" lon="88.472202"><ele>3539</ele></trkpt>
      <trkpt lat="43.801091" lon="88.472106"><ele>3540</ele></trkpt>
      <trkpt lat="43.801124" lon="88.471989"><ele>3540</ele></trkpt>
      <trkpt lat="43.801155" lon="88.471865"><ele>3544</ele></trkpt>
      <trkpt lat="43.801165" lon="88.471738"><ele>3546</ele></trkpt>
      <trkpt lat="43.801184" lon="88.47161"><ele>3546</ele></trkpt>
      <trkpt lat="43.801196" lon="88.471482"><ele>3546</ele></trkpt>
      <trkpt lat="43.801195" lon="88.471353"><ele>3547</ele></trkpt>
      <trkpt lat="43.801191" lon="88.471226"><ele>3549</ele></trkpt>
      <trkpt lat="43.801196" lon="88.471098"><ele>3551</ele></trkpt>
      <trkpt lat="43.801196" lon="88.470973"><ele>3552</ele></trkpt>
      <trkpt lat="43.801221" lon="88.470853"><ele>3553</ele></trkpt>
      <trkpt lat="43.801217" lon="88.470726"><ele>3557</ele></trkpt>
      <trkpt lat="43.801206" lon="88.470593"><ele>3557</ele></trkpt>
      <trkpt lat="43.801212" lon="88.47046"><ele>3559</ele></trkpt>
      <trkpt lat="43.80121" lon="88.470324"><ele>3561</ele></trkpt>
      <trkpt lat="43.80121" lon="88.470196"><ele>3561</ele></trkpt>
      <trkpt lat="43.801204" lon="88.470072"><ele>3561</ele></trkpt>
      <trkpt lat="43.801214" lon="88.469943"><ele>3565</ele></trkpt>
      <trkpt lat="43.801224" lon="88.469819"><ele>3566</ele></trkpt>
      <trkpt lat="43.801216" lon="88.469695"><ele>3569</ele></trkpt>
      <trkpt lat="43.80121" lon="88.469571"><ele>3569</ele></trkpt>
      <trkpt lat="43.801213" lon="88.469444"><ele>3571</ele></trkpt>
      <trkpt lat="43.80123" lon="88.469315"><ele>3570</ele></trkpt>
      <trkpt lat="43.801228" lon="88.469181"><ele>3573</ele></trkpt>
      <trkpt lat="43.801207" lon="88.469056"><ele>3576</ele></trkpt>
      <trkpt lat="43.801186" lon="88.468932"><ele>3577</ele></trkpt>
      <trkpt lat="43.801174" lon="88.468808"><ele>3577</ele></trkpt>
      <trkpt lat="43.801175" lon="88.468679"><ele>3579</ele></trkpt>
      <trkpt lat="43.801176" lon="88.468548"><ele>3580</ele></trkpt>
      <trkpt lat="43.801171" lon="88.468421"><ele>3581</ele></trkpt>
      <trkpt lat="43.801175" lon="88.468292"><ele>3582</ele></trkpt>
      <trkpt lat="43.801195" lon="88.468171"><ele>3583</ele></trkpt>
      <trkpt lat="43.801181" lon="88.468048"><ele>3583</ele></trkpt>
      <trkpt lat="43.801169" lon="88.467911"><ele>3585</ele></trkpt>
      <trkpt lat="43.801128" lon="88.467793"><ele>3585</ele></trkpt>
      <trkpt lat="43.801093" lon="88.467678"><ele>3585</ele></trkpt>
      <trkpt lat="43.801097" lon="88.467548"><ele>3585</ele></trkpt>
      <trkpt lat="43.801094" lon="88.467419"><ele>3587</ele></trkpt>
      <trkpt lat="43.801086" lon="88.467291"><ele>3587</ele></trkpt>
      <trkpt lat="43.801087" lon="88.467166"><ele>3589</ele></trkpt>
      <trkpt lat="43.801093" lon="88.467039"><ele>3591</ele></trkpt>
      <trkpt lat="43.801095" lon="88.466907"><ele>3594</ele></trkpt>
      <trkpt lat="43.801107" lon="88.466783"><ele>3594</ele></trkpt>
      <trkpt lat="43.801109" lon="88.466657"><ele>3595</ele></trkpt>
      <trkpt lat="43.801112" lon="88.46653"><ele>3595</ele></trkpt>
      <trkpt lat="43.80109" lon="88.466407"><ele>3597</ele></trkpt>
      <trkpt lat="43.801082" lon="88.466278"><ele>3598</ele></trkpt>
      <trkpt lat="43.801084" lon="88.466146"><ele>3597</ele></trkpt>
      <trkpt lat="43.801058" lon="88.466023"><ele>3599</ele></trkpt>
      <trkpt lat="43.80106" lon="88.465896"><ele>3599</ele></trkpt>
      <trkpt lat="43.801059" lon="88.465771"><ele>3602</ele></trkpt>
      <trkpt lat="43.801043" lon="88.465642"><ele>3603</ele></trkpt>
      <trkpt lat="43.801049" lon="88.465515"><ele>3603</ele></trkpt>
      <trkpt lat="43.801028" lon="88.465388"><ele>3604</ele></trkpt>
      <trkpt lat="43.801034" lon="88.465254"><ele>3605</ele></trkpt>
      <trkpt lat="43.80103" lon="88.465126"><ele>3605</ele></trkpt>
      <trkpt lat="43.801012" lon="88.464995"><ele>3606</ele></trkpt>
      <trkpt lat="43.801021" lon="88.464868"><ele>3608</ele></trkpt>
      <trkpt lat="43.801044" lon="88.464741"><ele>3608</ele></trkpt>
      <trkpt lat="43.801046" lon="88.464602"><ele>3608</ele></trkpt>
      <trkpt lat="43.801054" lon="88.464477"><ele>3610</ele></trkpt>
      <trkpt lat="43.801051" lon="88.464352"><ele>3609</ele></trkpt>
      <trkpt lat="43.801043" lon="88.464228"><ele>3610</ele></trkpt>
      <trkpt lat="43.801039" lon="88.464099"><ele>3609</ele></trkpt>
      <trkpt lat="43.801025" lon="88.463965"><ele>3609</ele></trkpt>
      <trkpt lat="43.801034" lon="88.463838"><ele>3609</ele></trkpt>
      <trkpt lat="43.801019" lon="88.463709"><ele>3611</ele></trkpt>
      <trkpt lat="43.801015" lon="88.463585"><ele>3611</ele></trkpt>
      <trkpt lat="43.80101" lon="88.463459"><ele>3612</ele></trkpt>
      <trkpt lat="43.801" lon="88.463327"><ele>3613</ele></trkpt>
      <trkpt lat="43.801017" lon="88.463203"><ele>3613</ele></trkpt>
      <trkpt lat="43.801005" lon="88.463078"><ele>3613</ele></trkpt>
      <trkpt lat="43.801011" lon="88.462945"><ele>3614</ele></trkpt>
      <trkpt lat="43.80101" lon="88.462818"><ele>3616</ele></trkpt>
      <trkpt lat="43.801022" lon="88.462693"><ele>3614</ele></trkpt>
      <trkpt lat="43.801007" lon="88.462568"><ele>3614</ele></trkpt>
      <trkpt lat="43.800982" lon="88.462442"><ele>3614</ele></trkpt>
      <trkpt lat="43.80096" lon="88.46232"><ele>3614</ele></trkpt>
      <trkpt lat="43.800957" lon="88.462181"><ele>3617</ele></trkpt>
      <trkpt lat="43.800938" lon="88.462058"><ele>3616</ele></trkpt>
      <trkpt lat="43.800942" lon="88.46193"><ele>3614</ele></trkpt>
      <trkpt lat="43.800946" lon="88.461801"><ele>3616</ele></trkpt>
      <trkpt lat="43.800941" lon="88.461675"><ele>3616</ele></trkpt>
      <trkpt lat="43.800933" lon="88.461545"><ele>3616</ele></trkpt>
      <trkpt lat="43.80091" lon="88.461412"><ele>3618</ele></trkpt>
      <trkpt lat="43.800913" lon="88.46128"><ele>3617</ele></trkpt>
      <trkpt lat="43.800869" lon="88.46117"><ele>3618</ele></trkpt>
      <trkpt lat="43.800898" lon="88.461052"><ele>3617</ele></trkpt>
      <trkpt lat="43.800899" lon="88.460923"><ele>3618</ele></trkpt>
      <trkpt lat="43.800869" lon="88.460797"><ele>3619</ele></trkpt>
      <trkpt lat="43.800901" lon="88.460676"><ele>3619</ele></trkpt>
      <trkpt lat="43.80091" lon="88.460551"><ele>3620</ele></trkpt>
      <trkpt lat="43.800926" lon="88.460419"><ele>3621</ele></trkpt>
      <trkpt lat="43.800959" lon="88.460302"><ele>3621</ele></trkpt>
      <trkpt lat="43.80096" lon="88.460172"><ele>3622</ele></trkpt>
      <trkpt lat="43.800956" lon="88.460044"><ele>3622</ele></trkpt>
      <trkpt lat="43.800954" lon="88.459911"><ele>3622</ele></trkpt>
      <trkpt lat="43.800965" lon="88.459785"><ele>3623</ele></trkpt>
      <trkpt lat="43.800971" lon="88.459657"><ele>3624</ele></trkpt>
      <trkpt lat="43.800972" lon="88.459522"><ele>3625</ele></trkpt>
      <trkpt lat="43.800955" lon="88.4594"><ele>3624</ele></trkpt>
      <trkpt lat="43.801002" lon="88.459286"><ele>3625</ele></trkpt>
      <trkpt lat="43.801044" lon="88.459163"><ele>3625</ele></trkpt>
      <trkpt lat="43.801086" lon="88.459044"><ele>3625</ele></trkpt>
      <trkpt lat="43.801112" lon="88.458914"><ele>3626</ele></trkpt>
      <trkpt lat="43.801127" lon="88.458791"><ele>3627</ele></trkpt>
      <trkpt lat="43.801142" lon="88.458662"><ele>3628</ele></trkpt>
      <trkpt lat="43.801157" lon="88.458536"><ele>3629</ele></trkpt>
      <trkpt lat="43.801214" lon="88.458436"><ele>3627</ele></trkpt>
      <trkpt lat="43.801249" lon="88.458318"><ele>3627</ele></trkpt>
      <trkpt lat="43.801249" lon="88.458188"><ele>3629</ele></trkpt>
      <trkpt lat="43.801215" lon="88.458065"><ele>3631</ele></trkpt>
      <trkpt lat="43.801159" lon="88.457963"><ele>3633</ele></trkpt>
      <trkpt lat="43.801143" lon="88.457834"><ele>3632</ele></trkpt>
      <trkpt lat="43.801113" lon="88.457712"><ele>3635</ele></trkpt>
      <trkpt lat="43.801096" lon="88.457586"><ele>3634</ele></trkpt>
      <trkpt lat="43.801069" lon="88.457465"><ele>3634</ele></trkpt>
      <trkpt lat="43.801061" lon="88.457339"><ele>3636</ele></trkpt>
      <trkpt lat="43.801032" lon="88.457211"><ele>3636</ele></trkpt>
      <trkpt lat="43.801036" lon="88.457079"><ele>3636</ele></trkpt>
      <trkpt lat="43.801055" lon="88.456953"><ele>3636</ele></trkpt>
      <trkpt lat="43.801093" lon="88.456839"><ele>3639</ele></trkpt>
      <trkpt lat="43.801091" lon="88.456714"><ele>3639</ele></trkpt>
      <trkpt lat="43.801156" lon="88.456627"><ele>3640</ele></trkpt>
      <trkpt lat="43.801244" lon="88.456582"><ele>3641</ele></trkpt>
      <trkpt lat="43.801325" lon="88.456521"><ele>3640</ele></trkpt>
      <trkpt lat="43.801412" lon="88.456482"><ele>3641</ele></trkpt>
      <trkpt lat="43.801498" lon="88.456428"><ele>3643</ele></trkpt>
      <trkpt lat="43.801585" lon="88.456377"><ele>3643</ele></trkpt>
      <trkpt lat="43.801677" lon="88.456346"><ele>3642</ele></trkpt>
      <trkpt lat="43.80177" lon="88.45633"><ele>3643</ele></trkpt>
      <trkpt lat="43.801849" lon="88.456263"><ele>3644</ele></trkpt>
      <trkpt lat="43.801932" lon="88.456208"><ele>3644</ele></trkpt>
      <trkpt lat="43.802022" lon="88.456183"><ele>3643</ele></trkpt>
      <trkpt lat="43.802116" lon="88.456164"><ele>3643</ele></trkpt>
      <trkpt lat="43.802206" lon="88.456124"><ele>3645</ele></trkpt>
      <trkpt lat="43.802195" lon="88.455996"><ele>3644</ele></trkpt>
      <trkpt lat="43.802189" lon="88.455868"><ele>3643</ele></trkpt>
      <trkpt lat="43.802169" lon="88.455742"><ele>3645</ele></trkpt>
      <trkpt lat="43.802177" lon="88.455614"><ele>3648</ele></trkpt>
      <trkpt lat="43.802239" lon="88.455519"><ele>3648</ele></trkpt>
      <trkpt lat="43.802317" lon="88.455445"><ele>3648</ele></trkpt>
      <trkpt lat="43.802383" lon="88.455358"><ele>3649</ele></trkpt>
      <trkpt lat="43.802433" lon="88.455254"><ele>3651</ele></trkpt>
      <trkpt lat="43.802419" lon="88.45513"><ele>3651</ele></trkpt>
      <trkpt lat="43.802432" lon="88.455005"><ele>3652</ele></trkpt>
      <trkpt lat="43.80243" lon="88.454876"><ele>3656</ele></trkpt>
      <trkpt lat="43.802455" lon="88.454747"><ele>3654</ele></trkpt>
      <trkpt lat="43.802436" lon="88.454621"><ele>3655</ele></trkpt>
      <trkpt lat="43.802434" lon="88.45449"><ele>3655</ele></trkpt>
      <trkpt lat="43.802395" lon="88.454366"><ele>3665</ele></trkpt>
      <trkpt lat="43.802369" lon="88.454246"><ele>3671</ele></trkpt>
      <trkpt lat="43.802339" lon="88.454125"><ele>3673</ele></trkpt>
      <trkpt lat="43.802349" lon="88.453985"><ele>3673</ele></trkpt>
      <trkpt lat="43.802388" lon="88.45387"><ele>3675</ele></trkpt>
      <trkpt lat="43.802457" lon="88.453789"><ele>3675</ele></trkpt>
      <trkpt lat="43.802451" lon="88.453659"><ele>3675</ele></trkpt>
      <trkpt lat="43.802466" lon="88.453533"><ele>3676</ele></trkpt>
      <trkpt lat="43.802509" lon="88.453423"><ele>3675</ele></trkpt>
      <trkpt lat="43.80251" lon="88.453295"><ele>3680</ele></trkpt>
      <trkpt lat="43.802507" lon="88.453164"><ele>3684</ele></trkpt>
      <trkpt lat="43.802569" lon="88.453058"><ele>3683</ele></trkpt>
      <trkpt lat="43.802637" lon="88.452962"><ele>3683</ele></trkpt>
      <trkpt lat="43.802721" lon="88.452918"><ele>3682</ele></trkpt>
      <trkpt lat="43.802813" lon="88.452924"><ele>3679</ele></trkpt>
      <trkpt lat="43.802868" lon="88.452822"><ele>3681</ele></trkpt>
      <trkpt lat="43.802939" lon="88.452742"><ele>3680</ele></trkpt>
      <trkpt lat="43.803032" lon="88.452751"><ele>3680</ele></trkpt>
      <trkpt lat="43.803133" lon="88.452772"><ele>3677</ele></trkpt>
      <trkpt lat="43.803224" lon="88.452796"><ele>3675</ele></trkpt>
      <trkpt lat="43.80328" lon="88.452903"><ele>3675</ele></trkpt>
      <trkpt lat="43.803355" lon="88.452815"><ele>3676</ele></trkpt>
      <trkpt lat="43.803409" lon="88.452702"><ele>3678</ele></trkpt>
      <trkpt lat="43.803484" lon="88.452632"><ele>3678</ele></trkpt>
      <trkpt lat="43.803581" lon="88.452632"><ele>3677</ele></trkpt>
      <trkpt lat="43.803656" lon="88.452535"><ele>3677</ele></trkpt>
      <trkpt lat="43.803733" lon="88.452599"><ele>3670</ele></trkpt>
      <trkpt lat="43.803646" lon="88.452637"><ele>3673</ele></trkpt>
      <trkpt lat="43.803788" lon="88.452586"><ele>3665</ele></trkpt>
      <trkpt lat="43.803699" lon="88.452682"><ele>3669</ele></trkpt>
      <trkpt lat="43.80362" lon="88.452621"><ele>3677</ele></trkpt>
      <trkpt lat="43.803718" lon="88.452636"><ele>3673</ele></trkpt>
      <trkpt lat="43.803683" lon="88.452669"><ele>3670</ele></trkpt>
      <trkpt lat="43.80362" lon="88.452612"><ele>3674</ele></trkpt>
      <trkpt lat="43.803712" lon="88.452668"><ele>3671</ele></trkpt>
      <trkpt lat="43.803786" lon="88.452592"><ele>3671</ele></trkpt>
      <trkpt lat="43.803807" lon="88.452471"><ele>3675</ele></trkpt>
      <trkpt lat="43.803897" lon="88.452485"><ele>3672</ele></trkpt>
      <trkpt lat="43.803975" lon="88.45242"><ele>3679</ele></trkpt>
      <trkpt lat="43.804058" lon="88.452372"><ele>3677</ele></trkpt>
      <trkpt lat="43.804143" lon="88.452326"><ele>3672</ele></trkpt>
      <trkpt lat="43.804237" lon="88.452292"><ele>3670</ele></trkpt>
      <trkpt lat="43.804272" lon="88.452366"><ele>3679</ele></trkpt>
      <trkpt lat="43.804269" lon="88.452491"><ele>3685</ele></trkpt>
      <trkpt lat="43.804363" lon="88.452466"><ele>3691</ele></trkpt>
      <trkpt lat="43.804474" lon="88.452496"><ele>3695</ele></trkpt>
      <trkpt lat="43.804572" lon="88.452458"><ele>3697</ele></trkpt>
      <trkpt lat="43.80454" lon="88.452554"><ele>3705</ele></trkpt>
      <trkpt lat="43.804629" lon="88.452525"><ele>3705</ele></trkpt>
      <trkpt lat="43.804777" lon="88.452542"><ele>3702</ele></trkpt>
      <trkpt lat="43.80469" lon="88.452571"><ele>3720</ele></trkpt>
      <trkpt lat="43.804728" lon="88.452553"><ele>3708</ele></trkpt>
      <trkpt lat="43.804638" lon="88.452441"><ele>3719</ele></trkpt>
      <trkpt lat="43.804701" lon="88.452579"><ele>3713</ele></trkpt>
      <trkpt lat="43.804719" lon="88.452701"><ele>3708</ele></trkpt>
      <trkpt lat="43.804766" lon="88.452711"><ele>3709</ele></trkpt>
      <trkpt lat="43.804838" lon="88.452633"><ele>3719</ele></trkpt>
      <trkpt lat="43.804895" lon="88.452533"><ele>3729</ele></trkpt>
      <trkpt lat="43.804879" lon="88.452404"><ele>3741</ele></trkpt>
      <trkpt lat="43.804936" lon="88.45238"><ele>3745</ele></trkpt>
      <trkpt lat="43.80499" lon="88.452497"><ele>3731</ele></trkpt>
      <trkpt lat="43.805049" lon="88.4524"><ele>3725</ele></trkpt>
      <trkpt lat="43.80514" lon="88.452407"><ele>3725</ele></trkpt>
      <trkpt lat="43.805225" lon="88.452361"><ele>3731</ele></trkpt>
      <trkpt lat="43.805254" lon="88.452241"><ele>3747</ele></trkpt>
      <trkpt lat="43.805235" lon="88.452117"><ele>3766</ele></trkpt>
      <trkpt lat="43.805316" lon="88.452002"><ele>3782</ele></trkpt>
      <trkpt lat="43.805329" lon="88.452145"><ele>3781</ele></trkpt>
      <trkpt lat="43.805266" lon="88.452234"><ele>3783</ele></trkpt>
      <trkpt lat="43.80528" lon="88.452102"><ele>3796</ele></trkpt>
      <trkpt lat="43.805263" lon="88.452072"><ele>3800</ele></trkpt>
      <trkpt lat="43.805214" lon="88.451999"><ele>3813</ele></trkpt>
      <trkpt lat="43.805141" lon="88.452075"><ele>3810</ele></trkpt>
      <trkpt lat="43.805049" lon="88.452075"><ele>3815</ele></trkpt>
      <trkpt lat="43.804954" lon="88.452107"><ele>3817</ele></trkpt>
      <trkpt lat="43.805047" lon="88.452086"><ele>3818</ele></trkpt>
      <trkpt lat="43.805147" lon="88.452083"><ele>3813</ele></trkpt>
      <trkpt lat="43.805262" lon="88.452112"><ele>3794</ele></trkpt>
      <trkpt lat="43.805351" lon="88.452151"><ele>3788</ele></trkpt>
      <trkpt lat="43.805437" lon="88.452111"><ele>3788</ele></trkpt>
      <trkpt lat="43.805515" lon="88.452007"><ele>3802</ele></trkpt>
      <trkpt lat="43.805605" lon="88.452015"><ele>3799</ele></trkpt>
      <trkpt lat="43.80569" lon="88.452061"><ele>3800</ele></trkpt>
      <trkpt lat="43.805803" lon="88.452082"><ele>3799</ele></trkpt>
      <trkpt lat="43.805891" lon="88.452051"><ele>3800</ele></trkpt>
      <trkpt lat="43.80596" lon="88.452136"><ele>3810</ele></trkpt>
      <trkpt lat="43.80604" lon="88.452071"><ele>3809</ele></trkpt>
      <trkpt lat="43.806131" lon="88.452076"><ele>3807</ele></trkpt>
      <trkpt lat="43.806156" lon="88.452207"><ele>3820</ele></trkpt>
      <trkpt lat="43.806169" lon="88.452083"><ele>3806</ele></trkpt>
      <trkpt lat="43.80626" lon="88.452097"><ele>3791</ele></trkpt>
      <trkpt lat="43.806348" lon="88.452136"><ele>3787</ele></trkpt>
      <trkpt lat="43.806434" lon="88.452098"><ele>3779</ele></trkpt>
      <trkpt lat="43.806522" lon="88.452134"><ele>3772</ele></trkpt>
      <trkpt lat="43.806612" lon="88.452108"><ele>3761</ele></trkpt>
      <trkpt lat="43.806685" lon="88.452074"><ele>3756</ele></trkpt>
      <trkpt lat="43.806773" lon="88.4521"><ele>3755</ele></trkpt>
      <trkpt lat="43.806861" lon="88.452074"><ele>3748</ele></trkpt>
      <trkpt lat="43.806951" lon="88.45211"><ele>3743</ele></trkpt>
      <trkpt lat="43.807017" lon="88.452197"><ele>3739</ele></trkpt>
      <trkpt lat="43.807109" lon="88.452188"><ele>3732</ele></trkpt>
      <trkpt lat="43.807156" lon="88.452079"><ele>3729</ele></trkpt>
      <trkpt lat="43.807245" lon="88.452108"><ele>3722</ele></trkpt>
      <trkpt lat="43.80733" lon="88.452031"><ele>3718</ele></trkpt>
      <trkpt lat="43.80742" lon="88.452023"><ele>3717</ele></trkpt>
      <trkpt lat="43.807492" lon="88.452105"><ele>3716</ele></trkpt>
      <trkpt lat="43.807563" lon="88.452182"><ele>3712</ele></trkpt>
      <trkpt lat="43.807616" lon="88.452283"><ele>3710</ele></trkpt>
      <trkpt lat="43.807699" lon="88.452334"><ele>3707</ele></trkpt>
      <trkpt lat="43.807737" lon="88.452454"><ele>3707</ele></trkpt>
      <trkpt lat="43.80782" lon="88.452516"><ele>3707</ele></trkpt>
      <trkpt lat="43.807862" lon="88.452631"><ele>3704</ele></trkpt>
      <trkpt lat="43.807908" lon="88.452743"><ele>3705</ele></trkpt>
      <trkpt lat="43.807943" lon="88.45286"><ele>3704</ele></trkpt>
      <trkpt lat="43.808009" lon="88.452961"><ele>3702</ele></trkpt>
      <trkpt lat="43.808048" lon="88.453085"><ele>3701</ele></trkpt>
      <trkpt lat="43.808122" lon="88.453158"><ele>3699</ele></trkpt>
      <trkpt lat="43.808176" lon="88.453266"><ele>3699</ele></trkpt>
      <trkpt lat="43.808212" lon="88.453386"><ele>3699</ele></trkpt>
      <trkpt lat="43.808272" lon="88.453491"><ele>3699</ele></trkpt>
      <trkpt lat="43.808292" lon="88.453617"><ele>3701</ele></trkpt>
      <trkpt lat="43.808317" lon="88.453706"><ele>3699</ele></trkpt>
      <trkpt lat="43.808366" lon="88.453814"><ele>3700</ele></trkpt>
      <trkpt lat="43.808425" lon="88.45391"><ele>3699</ele></trkpt>
      <trkpt lat="43.80847" lon="88.454019"><ele>3699</ele></trkpt>
      <trkpt lat="43.808531" lon="88.454115"><ele>3699</ele></trkpt>
      <trkpt lat="43.80857" lon="88.454229"><ele>3701</ele></trkpt>
      <trkpt lat="43.808625" lon="88.454336"><ele>3700</ele></trkpt>
      <trkpt lat="43.808691" lon="88.454423"><ele>3700</ele></trkpt>
      <trkpt lat="43.808738" lon="88.454538"><ele>3699</ele></trkpt>
      <trkpt lat="43.808779" lon="88.454653"><ele>3700</ele></trkpt>
      <trkpt lat="43.808837" lon="88.454754"><ele>3700</ele></trkpt>
      <trkpt lat="43.808904" lon="88.454848"><ele>3700</ele></trkpt>
      <trkpt lat="43.808955" lon="88.454961"><ele>3700</ele></trkpt>
      <trkpt lat="43.808993" lon="88.455078"><ele>3700</ele></trkpt>
      <trkpt lat="43.809042" lon="88.455188"><ele>3699</ele></trkpt>
      <trkpt lat="43.809098" lon="88.455288"><ele>3700</ele></trkpt>
      <trkpt lat="43.809141" lon="88.455401"><ele>3699</ele></trkpt>
      <trkpt lat="43.809205" lon="88.455489"><ele>3699</ele></trkpt>
      <trkpt lat="43.809277" lon="88.455572"><ele>3699</ele></trkpt>
      <trkpt lat="43.809326" lon="88.45568"><ele>3699</ele></trkpt>
      <trkpt lat="43.809399" lon="88.45576"><ele>3699</ele></trkpt>
      <trkpt lat="43.809459" lon="88.455858"><ele>3698</ele></trkpt>
      <trkpt lat="43.809526" lon="88.455954"><ele>3698</ele></trkpt>
      <trkpt lat="43.809599" lon="88.45604"><ele>3698</ele></trkpt>
      <trkpt lat="43.809672" lon="88.456119"><ele>3698</ele></trkpt>
      <trkpt lat="43.809741" lon="88.456207"><ele>3698</ele></trkpt>
      <trkpt lat="43.809813" lon="88.456294"><ele>3699</ele></trkpt>
      <trkpt lat="43.809886" lon="88.45637"><ele>3699</ele></trkpt>
      <trkpt lat="43.809957" lon="88.456457"><ele>3698</ele></trkpt>
      <trkpt lat="43.810048" lon="88.456502"><ele>3698</ele></trkpt>
      <trkpt lat="43.810135" lon="88.456542"><ele>3697</ele></trkpt>
      <trkpt lat="43.810226" lon="88.456588"><ele>3696</ele></trkpt>
      <trkpt lat="43.810319" lon="88.456618"><ele>3695</ele></trkpt>
      <trkpt lat="43.81041" lon="88.456647"><ele>3694</ele></trkpt>
      <trkpt lat="43.810494" lon="88.456701"><ele>3692</ele></trkpt>
      <trkpt lat="43.810583" lon="88.456748"><ele>3691</ele></trkpt>
      <trkpt lat="43.81067" lon="88.456783"><ele>3690</ele></trkpt>
      <trkpt lat="43.810763" lon="88.456818"><ele>3689</ele></trkpt>
      <trkpt lat="43.810852" lon="88.456857"><ele>3686</ele></trkpt>
      <trkpt lat="43.810941" lon="88.456894"><ele>3683</ele></trkpt>
      <trkpt lat="43.811039" lon="88.4569"><ele>3680</ele></trkpt>
      <trkpt lat="43.811133" lon="88.456893"><ele>3676</ele></trkpt>
      <trkpt lat="43.811223" lon="88.456906"><ele>3676</ele></trkpt>
      <trkpt lat="43.811304" lon="88.456966"><ele>3675</ele></trkpt>
      <trkpt lat="43.811354" lon="88.45707"><ele>3675</ele></trkpt>
      <trkpt lat="43.811425" lon="88.457154"><ele>3673</ele></trkpt>
      <trkpt lat="43.811514" lon="88.45718"><ele>3671</ele></trkpt>
      <trkpt lat="43.811604" lon="88.457189"><ele>3670</ele></trkpt>
      <trkpt lat="43.811689" lon="88.457138"><ele>3668</ele></trkpt>
      <trkpt lat="43.811783" lon="88.457124"><ele>3666</ele></trkpt>
      <trkpt lat="43.811879" lon="88.457124"><ele>3664</ele></trkpt>
      <trkpt lat="43.811968" lon="88.457155"><ele>3663</ele></trkpt>
      <trkpt lat="43.812043" lon="88.457229"><ele>3660</ele></trkpt>
      <trkpt lat="43.812135" lon="88.457262"><ele>3659</ele></trkpt>
      <trkpt lat="43.812225" lon="88.457297"><ele>3659</ele></trkpt>
      <trkpt lat="43.812315" lon="88.457326"><ele>3659</ele></trkpt>
      <trkpt lat="43.812409" lon="88.457335"><ele>3658</ele></trkpt>
      <trkpt lat="43.812495" lon="88.45738"><ele>3657</ele></trkpt>
      <trkpt lat="43.812575" lon="88.457444"><ele>3656</ele></trkpt>
      <trkpt lat="43.812646" lon="88.45752"><ele>3656</ele></trkpt>
      <trkpt lat="43.81274" lon="88.45754"><ele>3654</ele></trkpt>
      <trkpt lat="43.812835" lon="88.457558"><ele>3652</ele></trkpt>
      <trkpt lat="43.81293" lon="88.457599"><ele>3652</ele></trkpt>
      <trkpt lat="43.813029" lon="88.457591"><ele>3650</ele></trkpt>
      <trkpt lat="43.813119" lon="88.457587"><ele>3650</ele></trkpt>
      <trkpt lat="43.813211" lon="88.457633"><ele>3649</ele></trkpt>
      <trkpt lat="43.813278" lon="88.457548"><ele>3648</ele></trkpt>
      <trkpt lat="43.813369" lon="88.457513"><ele>3645</ele></trkpt>
      <trkpt lat="43.813466" lon="88.457515"><ele>3644</ele></trkpt>
      <trkpt lat="43.813551" lon="88.457577"><ele>3644</ele></trkpt>
      <trkpt lat="43.813646" lon="88.457559"><ele>3644</ele></trkpt>
      <trkpt lat="43.813722" lon="88.457475"><ele>3644</ele></trkpt>
      <trkpt lat="43.813818" lon="88.457465"><ele>3643</ele></trkpt>
      <trkpt lat="43.8139" lon="88.457412"><ele>3643</ele></trkpt>
      <trkpt lat="43.813989" lon="88.457374"><ele>3642</ele></trkpt>
      <trkpt lat="43.814076" lon="88.457314"><ele>3639</ele></trkpt>
      <trkpt lat="43.814171" lon="88.457345"><ele>3639</ele></trkpt>
      <trkpt lat="43.814264" lon="88.457365"><ele>3637</ele></trkpt>
      <trkpt lat="43.814343" lon="88.457439"><ele>3639</ele></trkpt>
      <trkpt lat="43.814424" lon="88.457503"><ele>3637</ele></trkpt>
      <trkpt lat="43.814484" lon="88.457596"><ele>3635</ele></trkpt>
      <trkpt lat="43.81457" lon="88.457641"><ele>3634</ele></trkpt>
      <trkpt lat="43.814665" lon="88.457659"><ele>3632</ele></trkpt>
      <trkpt lat="43.814759" lon="88.457712"><ele>3632</ele></trkpt>
      <trkpt lat="43.814848" lon="88.457733"><ele>3632</ele></trkpt>
      <trkpt lat="43.814936" lon="88.457782"><ele>3631</ele></trkpt>
      <trkpt lat="43.815013" lon="88.45785"><ele>3630</ele></trkpt>
      <trkpt lat="43.815097" lon="88.457904"><ele>3631</ele></trkpt>
      <trkpt lat="43.815166" lon="88.457986"><ele>3629</ele></trkpt>
      <trkpt lat="43.815254" lon="88.458015"><ele>3630</ele></trkpt>
      <trkpt lat="43.815336" lon="88.458076"><ele>3630</ele></trkpt>
      <trkpt lat="43.815427" lon="88.458105"><ele>3630</ele></trkpt>
      <trkpt lat="43.815525" lon="88.458137"><ele>3626</ele></trkpt>
      <trkpt lat="43.815613" lon="88.458085"><ele>3624</ele></trkpt>
      <trkpt lat="43.815703" lon="88.458138"><ele>3624</ele></trkpt>
      <trkpt lat="43.815779" lon="88.458209"><ele>3623</ele></trkpt>
      <trkpt lat="43.815854" lon="88.45829"><ele>3624</ele></trkpt>
      <trkpt lat="43.815933" lon="88.458351"><ele>3620</ele></trkpt>
      <trkpt lat="43.816022" lon="88.458424"><ele>3620</ele></trkpt>
      <trkpt lat="43.816098" lon="88.458491"><ele>3622</ele></trkpt>
      <trkpt lat="43.816153" lon="88.458603"><ele>3622</ele></trkpt>
      <trkpt lat="43.816225" lon="88.458688"><ele>3621</ele></trkpt>
      <trkpt lat="43.816319" lon="88.458716"><ele>3620</ele></trkpt>
      <trkpt lat="43.816393" lon="88.45879"><ele>3621</ele></trkpt>
      <trkpt lat="43.816479" lon="88.458839"><ele>3620</ele></trkpt>
      <trkpt lat="43.816565" lon="88.458886"><ele>3621</ele></trkpt>
      <trkpt lat="43.816658" lon="88.458915"><ele>3621</ele></trkpt>
      <trkpt lat="43.816743" lon="88.458957"><ele>3621</ele></trkpt>
      <trkpt lat="43.816832" lon="88.459002"><ele>3620</ele></trkpt>
      <trkpt lat="43.816917" lon="88.458951"><ele>3619</ele></trkpt>
      <trkpt lat="43.817009" lon="88.458957"><ele>3618</ele></trkpt>
      <trkpt lat="43.8171" lon="88.458949"><ele>3621</ele></trkpt>
      <trkpt lat="43.817185" lon="88.458904"><ele>3621</ele></trkpt>
      <trkpt lat="43.817273" lon="88.458866"><ele>3619</ele></trkpt>
      <trkpt lat="43.817361" lon="88.45889"><ele>3618</ele></trkpt>
      <trkpt lat="43.817451" lon="88.458906"><ele>3617</ele></trkpt>
      <trkpt lat="43.817535" lon="88.458964"><ele>3617</ele></trkpt>
      <trkpt lat="43.817614" lon="88.459031"><ele>3618</ele></trkpt>
      <trkpt lat="43.817697" lon="88.459096"><ele>3618</ele></trkpt>
      <trkpt lat="43.817779" lon="88.459152"><ele>3617</ele></trkpt>
      <trkpt lat="43.817866" lon="88.459187"><ele>3616</ele></trkpt>
      <trkpt lat="43.817901" lon="88.459302"><ele>3612</ele></trkpt>
      <trkpt lat="43.817992" lon="88.459327"><ele>3614</ele></trkpt>
      <trkpt lat="43.818085" lon="88.459334"><ele>3613</ele></trkpt>
      <trkpt lat="43.818172" lon="88.459367"><ele>3612</ele></trkpt>
      <trkpt lat="43.818253" lon="88.459425"><ele>3612</ele></trkpt>
      <trkpt lat="43.81831" lon="88.459525"><ele>3611</ele></trkpt>
      <trkpt lat="43.81838" lon="88.459615"><ele>3609</ele></trkpt>
      <trkpt lat="43.81847" lon="88.459643"><ele>3608</ele></trkpt>
      <trkpt lat="43.818527" lon="88.459742"><ele>3606</ele></trkpt>
      <trkpt lat="43.818585" lon="88.459847"><ele>3606</ele></trkpt>
      <trkpt lat="43.818679" lon="88.459896"><ele>3604</ele></trkpt>
      <trkpt lat="43.818728" lon="88.460004"><ele>3604</ele></trkpt>
      <trkpt lat="43.818802" lon="88.460081"><ele>3597</ele></trkpt>
      <trkpt lat="43.818873" lon="88.460161"><ele>3593</ele></trkpt>
      <trkpt lat="43.818958" lon="88.460213"><ele>3589</ele></trkpt>
      <trkpt lat="43.818979" lon="88.460342"><ele>3591</ele></trkpt>
      <trkpt lat="43.819026" lon="88.460455"><ele>3581</ele></trkpt>
      <trkpt lat="43.818983" lon="88.460576"><ele>3578</ele></trkpt>
      <trkpt lat="43.819006" lon="88.460697"><ele>3577</ele></trkpt>
      <trkpt lat="43.819072" lon="88.460787"><ele>3575</ele></trkpt>
      <trkpt lat="43.819127" lon="88.4609"><ele>3574</ele></trkpt>
      <trkpt lat="43.819188" lon="88.460995"><ele>3572</ele></trkpt>
      <trkpt lat="43.819217" lon="88.461113"><ele>3570</ele></trkpt>
      <trkpt lat="43.819305" lon="88.461145"><ele>3569</ele></trkpt>
      <trkpt lat="43.819386" lon="88.461211"><ele>3566</ele></trkpt>
      <trkpt lat="43.819399" lon="88.461336"><ele>3565</ele></trkpt>
      <trkpt lat="43.819473" lon="88.461414"><ele>3564</ele></trkpt>
      <trkpt lat="43.819562" lon="88.461391"><ele>3564</ele></trkpt>
      <trkpt lat="43.819655" lon="88.461437"><ele>3563</ele></trkpt>
      <trkpt lat="43.819745" lon="88.461511"><ele>3563</ele></trkpt>
      <trkpt lat="43.819811" lon="88.461604"><ele>3561</ele></trkpt>
      <trkpt lat="43.819896" lon="88.461648"><ele>3559</ele></trkpt>
      <trkpt lat="43.819987" lon="88.46167"><ele>3558</ele></trkpt>
      <trkpt lat="43.820078" lon="88.461719"><ele>3558</ele></trkpt>
      <trkpt lat="43.820171" lon="88.461742"><ele>3559</ele></trkpt>
      <trkpt lat="43.820266" lon="88.461781"><ele>3558</ele></trkpt>
      <trkpt lat="43.820337" lon="88.461871"><ele>3558</ele></trkpt>
      <trkpt lat="43.820439" lon="88.461865"><ele>3558</ele></trkpt>
      <trkpt lat="43.820522" lon="88.461936"><ele>3558</ele></trkpt>
      <trkpt lat="43.820612" lon="88.461961"><ele>3557</ele></trkpt>
      <trkpt lat="43.820676" lon="88.462057"><ele>3558</ele></trkpt>
      <trkpt lat="43.820747" lon="88.462135"><ele>3556</ele></trkpt>
      <trkpt lat="43.820831" lon="88.462185"><ele>3558</ele></trkpt>
      <trkpt lat="43.820918" lon="88.462223"><ele>3558</ele></trkpt>
      <trkpt lat="43.820986" lon="88.462324"><ele>3557</ele></trkpt>
      <trkpt lat="43.821054" lon="88.462417"><ele>3558</ele></trkpt>
      <trkpt lat="43.821142" lon="88.462458"><ele>3557</ele></trkpt>
      <trkpt lat="43.821208" lon="88.462548"><ele>3557</ele></trkpt>
      <trkpt lat="43.821272" lon="88.462644"><ele>3555</ele></trkpt>
      <trkpt lat="43.821357" lon="88.462711"><ele>3555</ele></trkpt>
      <trkpt lat="43.82143" lon="88.462799"><ele>3556</ele></trkpt>
      <trkpt lat="43.82145" lon="88.462925"><ele>3556</ele></trkpt>
      <trkpt lat="43.821503" lon="88.463032"><ele>3555</ele></trkpt>
      <trkpt lat="43.821584" lon="88.463095"><ele>3555</ele></trkpt>
      <trkpt lat="43.821648" lon="88.463192"><ele>3556</ele></trkpt>
      <trkpt lat="43.821717" lon="88.463286"><ele>3553</ele></trkpt>
      <trkpt lat="43.821778" lon="88.463382"><ele>3553</ele></trkpt>
      <trkpt lat="43.821877" lon="88.463407"><ele>3553</ele></trkpt>
      <trkpt lat="43.821967" lon="88.463433"><ele>3554</ele></trkpt>
      <trkpt lat="43.822053" lon="88.463501"><ele>3555</ele></trkpt>
      <trkpt lat="43.822118" lon="88.46359"><ele>3554</ele></trkpt>
      <trkpt lat="43.822178" lon="88.463689"><ele>3553</ele></trkpt>
      <trkpt lat="43.822277" lon="88.463743"><ele>3550</ele></trkpt>
      <trkpt lat="43.822329" lon="88.463847"><ele>3552</ele></trkpt>
      <trkpt lat="43.822424" lon="88.463883"><ele>3553</ele></trkpt>
      <trkpt lat="43.822515" lon="88.463908"><ele>3553</ele></trkpt>
      <trkpt lat="43.822608" lon="88.4639"><ele>3553</ele></trkpt>
      <trkpt lat="43.822705" lon="88.463931"><ele>3552</ele></trkpt>
      <trkpt lat="43.822797" lon="88.463932"><ele>3552</ele></trkpt>
      <trkpt lat="43.822888" lon="88.463941"><ele>3551</ele></trkpt>
      <trkpt lat="43.822979" lon="88.46393"><ele>3550</ele></trkpt>
      <trkpt lat="43.823052" lon="88.464007"><ele>3548</ele></trkpt>
      <trkpt lat="43.823146" lon="88.464051"><ele>3549</ele></trkpt>
      <trkpt lat="43.823228" lon="88.464114"><ele>3548</ele></trkpt>
      <trkpt lat="43.823326" lon="88.464114"><ele>3546</ele></trkpt>
      <trkpt lat="43.823417" lon="88.464171"><ele>3544</ele></trkpt>
      <trkpt lat="43.82351" lon="88.464209"><ele>3542</ele></trkpt>
      <trkpt lat="43.823602" lon="88.464219"><ele>3541</ele></trkpt>
      <trkpt lat="43.823691" lon="88.464227"><ele>3540</ele></trkpt>
      <trkpt lat="43.823776" lon="88.464287"><ele>3539</ele></trkpt>
      <trkpt lat="43.823858" lon="88.464234"><ele>3535</ele></trkpt>
      <trkpt lat="43.823949" lon="88.464225"><ele>3535</ele></trkpt>
      <trkpt lat="43.824038" lon="88.46424"><ele>3531</ele></trkpt>
      <trkpt lat="43.824097" lon="88.464138"><ele>3531</ele></trkpt>
      <trkpt lat="43.82418" lon="88.464078"><ele>3529</ele></trkpt>
      <trkpt lat="43.824172" lon="88.463951"><ele>3528</ele></trkpt>
      <trkpt lat="43.824213" lon="88.463839"><ele>3526</ele></trkpt>
      <trkpt lat="43.824288" lon="88.463753"><ele>3526</ele></trkpt>
      <trkpt lat="43.824368" lon="88.463679"><ele>3526</ele></trkpt>
      <trkpt lat="43.824434" lon="88.463595"><ele>3526</ele></trkpt>
      <trkpt lat="43.824502" lon="88.463505"><ele>3524</ele></trkpt>
      <trkpt lat="43.82458" lon="88.463438"><ele>3526</ele></trkpt>
      <trkpt lat="43.82464" lon="88.463335"><ele>3522</ele></trkpt>
      <trkpt lat="43.82472" lon="88.463273"><ele>3522</ele></trkpt>
      <trkpt lat="43.824811" lon="88.463234"><ele>3522</ele></trkpt>
      <trkpt lat="43.824866" lon="88.463126"><ele>3516</ele></trkpt>
      <trkpt lat="43.824955" lon="88.463085"><ele>3515</ele></trkpt>
      <trkpt lat="43.825018" lon="88.462995"><ele>3512</ele></trkpt>
      <trkpt lat="43.825083" lon="88.462902"><ele>3510</ele></trkpt>
      <trkpt lat="43.825149" lon="88.462807"><ele>3510</ele></trkpt>
      <trkpt lat="43.825183" lon="88.462682"><ele>3509</ele></trkpt>
      <trkpt lat="43.82525" lon="88.462584"><ele>3506</ele></trkpt>
      <trkpt lat="43.82531" lon="88.462486"><ele>3508</ele></trkpt>
      <trkpt lat="43.825381" lon="88.462408"><ele>3506</ele></trkpt>
      <trkpt lat="43.825463" lon="88.462354"><ele>3505</ele></trkpt>
      <trkpt lat="43.82551" lon="88.462247"><ele>3502</ele></trkpt>
      <trkpt lat="43.825592" lon="88.462181"><ele>3502</ele></trkpt>
      <trkpt lat="43.825648" lon="88.462071"><ele>3501</ele></trkpt>
      <trkpt lat="43.825719" lon="88.461974"><ele>3501</ele></trkpt>
      <trkpt lat="43.825812" lon="88.461963"><ele>3500</ele></trkpt>
      <trkpt lat="43.825908" lon="88.461934"><ele>3500</ele></trkpt>
      <trkpt lat="43.825987" lon="88.461873"><ele>3498</ele></trkpt>
      <trkpt lat="43.826067" lon="88.461806"><ele>3499</ele></trkpt>
      <trkpt lat="43.82613" lon="88.461706"><ele>3498</ele></trkpt>
      <trkpt lat="43.826154" lon="88.461582"><ele>3499</ele></trkpt>
      <trkpt lat="43.826209" lon="88.461479"><ele>3499</ele></trkpt>
      <trkpt lat="43.826212" lon="88.46135"><ele>3497</ele></trkpt>
      <trkpt lat="43.826247" lon="88.461228"><ele>3497</ele></trkpt>
      <trkpt lat="43.826304" lon="88.461129"><ele>3495</ele></trkpt>
      <trkpt lat="43.826303" lon="88.461004"><ele>3494</ele></trkpt>
      <trkpt lat="43.826305" lon="88.460906"><ele>3491</ele></trkpt>
      <trkpt lat="43.826386" lon="88.460851"><ele>3488</ele></trkpt>
      <trkpt lat="43.826431" lon="88.460742"><ele>3482</ele></trkpt>
      <trkpt lat="43.826492" lon="88.460645"><ele>3479</ele></trkpt>
      <trkpt lat="43.826558" lon="88.460545"><ele>3477</ele></trkpt>
      <trkpt lat="43.826599" lon="88.460429"><ele>3476</ele></trkpt>
      <trkpt lat="43.826665" lon="88.460341"><ele>3476</ele></trkpt>
      <trkpt lat="43.826736" lon="88.460252"><ele>3475</ele></trkpt>
      <trkpt lat="43.826813" lon="88.460173"><ele>3474</ele></trkpt>
      <trkpt lat="43.826897" lon="88.460107"><ele>3473</ele></trkpt>
      <trkpt lat="43.826966" lon="88.460023"><ele>3471</ele></trkpt>
      <trkpt lat="43.82703" lon="88.45993"><ele>3471</ele></trkpt>
      <trkpt lat="43.82707" lon="88.459812"><ele>3469</ele></trkpt>
      <trkpt lat="43.827122" lon="88.459694"><ele>3469</ele></trkpt>
      <trkpt lat="43.827173" lon="88.459579"><ele>3467</ele></trkpt>
      <trkpt lat="43.827249" lon="88.4595"><ele>3468</ele></trkpt>
      <trkpt lat="43.827322" lon="88.459424"><ele>3466</ele></trkpt>
      <trkpt lat="43.827375" lon="88.459314"><ele>3465</ele></trkpt>
      <trkpt lat="43.827424" lon="88.4592"><ele>3463</ele></trkpt>
      <trkpt lat="43.827477" lon="88.459094"><ele>3461</ele></trkpt>
      <trkpt lat="43.827558" lon="88.459026"><ele>3462</ele></trkpt>
      <trkpt lat="43.827624" lon="88.458936"><ele>3462</ele></trkpt>
      <trkpt lat="43.827673" lon="88.458818"><ele>3459</ele></trkpt>
      <trkpt lat="43.827743" lon="88.458738"><ele>3459</ele></trkpt>
      <trkpt lat="43.827726" lon="88.45861"><ele>3459</ele></trkpt>
      <trkpt lat="43.82779" lon="88.458518"><ele>3460</ele></trkpt>
      <trkpt lat="43.827828" lon="88.458402"><ele>3460</ele></trkpt>
      <trkpt lat="43.827805" lon="88.458266"><ele>3458</ele></trkpt>
      <trkpt lat="43.827926" lon="88.458189"><ele>3458</ele></trkpt>
      <trkpt lat="43.827988" lon="88.458093"><ele>3457</ele></trkpt>
      <trkpt lat="43.828078" lon="88.458082"><ele>3456</ele></trkpt>
      <trkpt lat="43.828015" lon="88.457992"><ele>3456</ele></trkpt>
      <trkpt lat="43.827989" lon="88.458007"><ele>3459</ele></trkpt>
      <trkpt lat="43.827839" lon="88.457869"><ele>3458</ele></trkpt>
      <trkpt lat="43.827787" lon="88.457764"><ele>3458</ele></trkpt>
      <trkpt lat="43.827766" lon="88.457633"><ele>3456</ele></trkpt>
      <trkpt lat="43.827741" lon="88.457511"><ele>3458</ele></trkpt>
      <trkpt lat="43.827695" lon="88.457403"><ele>3459</ele></trkpt>
      <trkpt lat="43.82766" lon="88.457284"><ele>3462</ele></trkpt>
      <trkpt lat="43.827626" lon="88.457165"><ele>3464</ele></trkpt>
      <trkpt lat="43.827576" lon="88.457057"><ele>3469</ele></trkpt>
      <trkpt lat="43.827545" lon="88.456941"><ele>3473</ele></trkpt>
      <trkpt lat="43.827529" lon="88.456804"><ele>3478</ele></trkpt>
      <trkpt lat="43.827475" lon="88.456702"><ele>3482</ele></trkpt>
      <trkpt lat="43.827475" lon="88.456577"><ele>3487</ele></trkpt>
      <trkpt lat="43.827442" lon="88.456461"><ele>3492</ele></trkpt>
      <trkpt lat="43.827398" lon="88.456347"><ele>3494</ele></trkpt>
      <trkpt lat="43.82734" lon="88.456251"><ele>3502</ele></trkpt>
      <trkpt lat="43.827315" lon="88.456131"><ele>3504</ele></trkpt>
      <trkpt lat="43.827293" lon="88.456009"><ele>3508</ele></trkpt>
      <trkpt lat="43.827256" lon="88.455893"><ele>3512</ele></trkpt>
      <trkpt lat="43.827255" lon="88.455767"><ele>3515</ele></trkpt>
      <trkpt lat="43.827181" lon="88.455694"><ele>3520</ele></trkpt>
      <trkpt lat="43.827102" lon="88.455631"><ele>3520</ele></trkpt>
      <trkpt lat="43.8271" lon="88.455503"><ele>3523</ele></trkpt>
      <trkpt lat="43.827147" lon="88.455397"><ele>3525</ele></trkpt>
      <trkpt lat="43.827149" lon="88.455271"><ele>3527</ele></trkpt>
      <trkpt lat="43.827165" lon="88.455147"><ele>3532</ele></trkpt>
      <trkpt lat="43.827153" lon="88.455023"><ele>3533</ele></trkpt>
      <trkpt lat="43.827113" lon="88.454908"><ele>3533</ele></trkpt>
      <trkpt lat="43.827132" lon="88.45478"><ele>3532</ele></trkpt>
      <trkpt lat="43.827148" lon="88.454645"><ele>3532</ele></trkpt>
      <trkpt lat="43.827128" lon="88.454524"><ele>3531</ele></trkpt>
      <trkpt lat="43.827211" lon="88.454472"><ele>3532</ele></trkpt>
      <trkpt lat="43.827302" lon="88.454456"><ele>3536</ele></trkpt>
      <trkpt lat="43.827335" lon="88.454338"><ele>3535</ele></trkpt>
      <trkpt lat="43.82736" lon="88.454218"><ele>3538</ele></trkpt>
      <trkpt lat="43.827413" lon="88.454117"><ele>3545</ele></trkpt>
      <trkpt lat="43.827465" lon="88.454006"><ele>3543</ele></trkpt>
      <trkpt lat="43.827484" lon="88.453883"><ele>3541</ele></trkpt>
      <trkpt lat="43.827513" lon="88.453758"><ele>3543</ele></trkpt>
      <trkpt lat="43.827544" lon="88.45364"><ele>3545</ele></trkpt>
      <trkpt lat="43.827564" lon="88.453511"><ele>3545</ele></trkpt>
      <trkpt lat="43.8276" lon="88.453387"><ele>3543</ele></trkpt>
      <trkpt lat="43.827646" lon="88.453274"><ele>3542</ele></trkpt>
      <trkpt lat="43.827689" lon="88.453161"><ele>3543</ele></trkpt>
      <trkpt lat="43.827704" lon="88.453034"><ele>3542</ele></trkpt>
      <trkpt lat="43.827719" lon="88.452906"><ele>3542</ele></trkpt>
      <trkpt lat="43.827738" lon="88.452784"><ele>3542</ele></trkpt>
      <trkpt lat="43.827769" lon="88.452667"><ele>3541</ele></trkpt>
      <trkpt lat="43.827812" lon="88.452552"><ele>3540</ele></trkpt>
      <trkpt lat="43.827883" lon="88.452467"><ele>3542</ele></trkpt>
      <trkpt lat="43.827924" lon="88.452354"><ele>3541</ele></trkpt>
      <trkpt lat="43.827972" lon="88.452247"><ele>3542</ele></trkpt>
      <trkpt lat="43.828006" lon="88.452132"><ele>3542</ele></trkpt>
      <trkpt lat="43.828035" lon="88.452013"><ele>3546</ele></trkpt>
      <trkpt lat="43.82806" lon="88.451891"><ele>3552</ele></trkpt>
      <trkpt lat="43.828102" lon="88.45178"><ele>3560</ele></trkpt>
      <trkpt lat="43.828177" lon="88.451706"><ele>3562</ele></trkpt>
      <trkpt lat="43.828148" lon="88.451585"><ele>3564</ele></trkpt>
      <trkpt lat="43.828191" lon="88.451475"><ele>3568</ele></trkpt>
      <trkpt lat="43.828243" lon="88.451373"><ele>3571</ele></trkpt>
      <trkpt lat="43.828289" lon="88.451265"><ele>3574</ele></trkpt>
      <trkpt lat="43.828327" lon="88.451152"><ele>3577</ele></trkpt>
      <trkpt lat="43.828364" lon="88.451031"><ele>3581</ele></trkpt>
      <trkpt lat="43.828412" lon="88.450925"><ele>3584</ele></trkpt>
      <trkpt lat="43.828371" lon="88.450809"><ele>3587</ele></trkpt>
      <trkpt lat="43.82836" lon="88.450679"><ele>3588</ele></trkpt>
      <trkpt lat="43.82839" lon="88.450559"><ele>3592</ele></trkpt>
      <trkpt lat="43.828377" lon="88.450432"><ele>3593</ele></trkpt>
      <trkpt lat="43.828352" lon="88.45031"><ele>3594</ele></trkpt>
      <trkpt lat="43.828369" lon="88.450181"><ele>3593</ele></trkpt>
      <trkpt lat="43.828407" lon="88.450066"><ele>3593</ele></trkpt>
      <trkpt lat="43.828406" lon="88.449941"><ele>3594</ele></trkpt>
      <trkpt lat="43.82836" lon="88.449833"><ele>3595</ele></trkpt>
      <trkpt lat="43.828317" lon="88.449719"><ele>3597</ele></trkpt>
      <trkpt lat="43.828355" lon="88.449605"><ele>3598</ele></trkpt>
      <trkpt lat="43.828392" lon="88.449491"><ele>3601</ele></trkpt>
      <trkpt lat="43.828382" lon="88.449367"><ele>3603</ele></trkpt>
      <trkpt lat="43.828453" lon="88.44929"><ele>3605</ele></trkpt>
      <trkpt lat="43.828492" lon="88.449174"><ele>3607</ele></trkpt>
      <trkpt lat="43.828478" lon="88.449049"><ele>3611</ele></trkpt>
      <trkpt lat="43.828508" lon="88.448927"><ele>3613</ele></trkpt>
      <trkpt lat="43.828556" lon="88.448821"><ele>3615</ele></trkpt>
      <trkpt lat="43.828525" lon="88.448698"><ele>3618</ele></trkpt>
      <trkpt lat="43.828519" lon="88.448574"><ele>3625</ele></trkpt>
      <trkpt lat="43.828474" lon="88.448463"><ele>3627</ele></trkpt>
      <trkpt lat="43.828449" lon="88.448339"><ele>3628</ele></trkpt>
      <trkpt lat="43.828529" lon="88.44828"><ele>3632</ele></trkpt>
      <trkpt lat="43.828595" lon="88.448195"><ele>3636</ele></trkpt>
      <trkpt lat="43.828678" lon="88.448145"><ele>3638</ele></trkpt>
      <trkpt lat="43.828716" lon="88.448029"><ele>3643</ele></trkpt>
      <trkpt lat="43.828796" lon="88.447963"><ele>3645</ele></trkpt>
      <trkpt lat="43.828817" lon="88.447839"><ele>3646</ele></trkpt>
      <trkpt lat="43.828882" lon="88.447741"><ele>3652</ele></trkpt>
      <trkpt lat="43.828954" lon="88.447661"><ele>3656</ele></trkpt>
      <trkpt lat="43.829007" lon="88.447557"><ele>3657</ele></trkpt>
      <trkpt lat="43.829031" lon="88.447435"><ele>3659</ele></trkpt>
      <trkpt lat="43.829072" lon="88.447318"><ele>3662</ele></trkpt>
      <trkpt lat="43.829118" lon="88.447211"><ele>3664</ele></trkpt>
      <trkpt lat="43.829147" lon="88.447092"><ele>3667</ele></trkpt>
      <trkpt lat="43.829174" lon="88.44697"><ele>3670</ele></trkpt>
      <trkpt lat="43.829205" lon="88.446853"><ele>3674</ele></trkpt>
      <trkpt lat="43.829246" lon="88.44674"><ele>3675</ele></trkpt>
      <trkpt lat="43.829249" lon="88.446607"><ele>3675</ele></trkpt>
      <trkpt lat="43.829247" lon="88.446478"><ele>3677</ele></trkpt>
      <trkpt lat="43.829261" lon="88.446349"><ele>3674</ele></trkpt>
      <trkpt lat="43.829269" lon="88.446218"><ele>3676</ele></trkpt>
      <trkpt lat="43.829263" lon="88.446089"><ele>3676</ele></trkpt>
      <trkpt lat="43.829251" lon="88.445965"><ele>3675</ele></trkpt>
      <trkpt lat="43.829264" lon="88.445837"><ele>3678</ele></trkpt>
      <trkpt lat="43.829246" lon="88.445714"><ele>3681</ele></trkpt>
      <trkpt lat="43.829232" lon="88.445591"><ele>3681</ele></trkpt>
      <trkpt lat="43.82921" lon="88.445469"><ele>3682</ele></trkpt>
      <trkpt lat="43.829178" lon="88.445348"><ele>3684</ele></trkpt>
      <trkpt lat="43.829176" lon="88.445221"><ele>3688</ele></trkpt>
      <trkpt lat="43.829122" lon="88.445115"><ele>3692</ele></trkpt>
      <trkpt lat="43.829117" lon="88.444991"><ele>3695</ele></trkpt>
      <trkpt lat="43.829106" lon="88.444865"><ele>3697</ele></trkpt>
      <trkpt lat="43.829065" lon="88.44475"><ele>3702</ele></trkpt>
      <trkpt lat="43.829021" lon="88.444636"><ele>3705</ele></trkpt>
      <trkpt lat="43.829051" lon="88.444516"><ele>3710</ele></trkpt>
      <trkpt lat="43.829035" lon="88.444391"><ele>3715</ele></trkpt>
      <trkpt lat="43.829088" lon="88.444289"><ele>3719</ele></trkpt>
      <trkpt lat="43.829099" lon="88.444166"><ele>3723</ele></trkpt>
      <trkpt lat="43.829115" lon="88.444042"><ele>3726</ele></trkpt>
      <trkpt lat="43.829089" lon="88.443923"><ele>3729</ele></trkpt>
      <trkpt lat="43.829133" lon="88.44381"><ele>3730</ele></trkpt>
      <trkpt lat="43.829186" lon="88.443709"><ele>3732</ele></trkpt>
      <trkpt lat="43.829221" lon="88.443587"><ele>3736</ele></trkpt>
      <trkpt lat="43.829252" lon="88.443469"><ele>3736</ele></trkpt>
      <trkpt lat="43.829286" lon="88.443352"><ele>3738</ele></trkpt>
      <trkpt lat="43.829325" lon="88.443238"><ele>3739</ele></trkpt>
      <trkpt lat="43.829384" lon="88.443141"><ele>3739</ele></trkpt>
      <trkpt lat="43.829437" lon="88.443032"><ele>3739</ele></trkpt>
      <trkpt lat="43.829463" lon="88.442906"><ele>3740</ele></trkpt>
      <trkpt lat="43.829489" lon="88.442781"><ele>3739</ele></trkpt>
      <trkpt lat="43.829491" lon="88.442654"><ele>3739</ele></trkpt>
      <trkpt lat="43.82951" lon="88.442529"><ele>3741</ele></trkpt>
      <trkpt lat="43.829494" lon="88.442404"><ele>3744</ele></trkpt>
      <trkpt lat="43.829507" lon="88.442272"><ele>3743</ele></trkpt>
      <trkpt lat="43.829522" lon="88.442146"><ele>3743</ele></trkpt>
      <trkpt lat="43.829515" lon="88.442017"><ele>3744</ele></trkpt>
      <trkpt lat="43.829514" lon="88.441888"><ele>3745</ele></trkpt>
      <trkpt lat="43.829486" lon="88.441767"><ele>3745</ele></trkpt>
      <trkpt lat="43.829485" lon="88.44164"><ele>3747</ele></trkpt>
      <trkpt lat="43.829437" lon="88.441532"><ele>3750</ele></trkpt>
      <trkpt lat="43.829427" lon="88.441403"><ele>3751</ele></trkpt>
      <trkpt lat="43.829409" lon="88.441275"><ele>3750</ele></trkpt>
      <trkpt lat="43.829382" lon="88.441156"><ele>3752</ele></trkpt>
      <trkpt lat="43.829365" lon="88.441029"><ele>3752</ele></trkpt>
      <trkpt lat="43.82934" lon="88.440903"><ele>3756</ele></trkpt>
      <trkpt lat="43.829316" lon="88.440779"><ele>3756</ele></trkpt>
      <trkpt lat="43.829285" lon="88.440659"><ele>3758</ele></trkpt>
      <trkpt lat="43.829265" lon="88.440534"><ele>3759</ele></trkpt>
      <trkpt lat="43.829232" lon="88.440413"><ele>3760</ele></trkpt>
      <trkpt lat="43.829176" lon="88.440309"><ele>3761</ele></trkpt>
      <trkpt lat="43.829128" lon="88.4402"><ele>3764</ele></trkpt>
      <trkpt lat="43.82908" lon="88.440091"><ele>3766</ele></trkpt>
      <trkpt lat="43.829053" lon="88.43997"><ele>3766</ele></trkpt>
      <trkpt lat="43.829017" lon="88.439848"><ele>3769</ele></trkpt>
      <trkpt lat="43.828989" lon="88.439723"><ele>3769</ele></trkpt>
      <trkpt lat="43.828953" lon="88.439608"><ele>3772</ele></trkpt>
      <trkpt lat="43.828902" lon="88.439494"><ele>3774</ele></trkpt>
      <trkpt lat="43.828875" lon="88.439365"><ele>3776</ele></trkpt>
      <trkpt lat="43.828838" lon="88.439245"><ele>3777</ele></trkpt>
      <trkpt lat="43.828794" lon="88.439126"><ele>3778</ele></trkpt>
      <trkpt lat="43.828771" lon="88.439"><ele>3779</ele></trkpt>
      <trkpt lat="43.828752" lon="88.438878"><ele>3780</ele></trkpt>
      <trkpt lat="43.828715" lon="88.438759"><ele>3782</ele></trkpt>
      <trkpt lat="43.828674" lon="88.438644"><ele>3782</ele></trkpt>
      <trkpt lat="43.828637" lon="88.438527"><ele>3784</ele></trkpt>
      <trkpt lat="43.828615" lon="88.438405"><ele>3786</ele></trkpt>
      <trkpt lat="43.828589" lon="88.438285"><ele>3787</ele></trkpt>
      <trkpt lat="43.828562" lon="88.438163"><ele>3789</ele></trkpt>
      <trkpt lat="43.828536" lon="88.438041"><ele>3790</ele></trkpt>
      <trkpt lat="43.828485" lon="88.437938"><ele>3791</ele></trkpt>
      <trkpt lat="43.828474" lon="88.437809"><ele>3790</ele></trkpt>
      <trkpt lat="43.828469" lon="88.437683"><ele>3792</ele></trkpt>
      <trkpt lat="43.828443" lon="88.437556"><ele>3795</ele></trkpt>
      <trkpt lat="43.828402" lon="88.437445"><ele>3798</ele></trkpt>
      <trkpt lat="43.828387" lon="88.437316"><ele>3797</ele></trkpt>
      <trkpt lat="43.828342" lon="88.437207"><ele>3798</ele></trkpt>
      <trkpt lat="43.828303" lon="88.437087"><ele>3799</ele></trkpt>
      <trkpt lat="43.828266" lon="88.436968"><ele>3799</ele></trkpt>
      <trkpt lat="43.828229" lon="88.436848"><ele>3801</ele></trkpt>
      <trkpt lat="43.828201" lon="88.436728"><ele>3802</ele></trkpt>
      <trkpt lat="43.828167" lon="88.436613"><ele>3802</ele></trkpt>
      <trkpt lat="43.82815" lon="88.436488"><ele>3803</ele></trkpt>
      <trkpt lat="43.828128" lon="88.436361"><ele>3805</ele></trkpt>
      <trkpt lat="43.828108" lon="88.436238"><ele>3804</ele></trkpt>
      <trkpt lat="43.828087" lon="88.43611"><ele>3806</ele></trkpt>
      <trkpt lat="43.82807" lon="88.435979"><ele>3808</ele></trkpt>
      <trkpt lat="43.828041" lon="88.435852"><ele>3809</ele></trkpt>
      <trkpt lat="43.828028" lon="88.435723"><ele>3810</ele></trkpt>
      <trkpt lat="43.827994" lon="88.4356"><ele>3811</ele></trkpt>
      <trkpt lat="43.827974" lon="88.435476"><ele>3810</ele></trkpt>
      <trkpt lat="43.82794" lon="88.435347"><ele>3811</ele></trkpt>
      <trkpt lat="43.827928" lon="88.435221"><ele>3812</ele></trkpt>
      <trkpt lat="43.827904" lon="88.435096"><ele>3811</ele></trkpt>
      <trkpt lat="43.827879" lon="88.434972"><ele>3812</ele></trkpt>
      <trkpt lat="43.827837" lon="88.43486"><ele>3813</ele></trkpt>
      <trkpt lat="43.827814" lon="88.434736"><ele>3814</ele></trkpt>
      <trkpt lat="43.827769" lon="88.434627"><ele>3814</ele></trkpt>
      <trkpt lat="43.827746" lon="88.434502"><ele>3814</ele></trkpt>
      <trkpt lat="43.827697" lon="88.434398"><ele>3815</ele></trkpt>
      <trkpt lat="43.827768" lon="88.434474"><ele>3814</ele></trkpt>
      <trkpt lat="43.827682" lon="88.434432"><ele>3813</ele></trkpt>
      <trkpt lat="43.827653" lon="88.434314"><ele>3814</ele></trkpt>
      <trkpt lat="43.827633" lon="88.434183"><ele>3813</ele></trkpt>
      <trkpt lat="43.827599" lon="88.434064"><ele>3816</ele></trkpt>
      <trkpt lat="43.827581" lon="88.433935"><ele>3814</ele></trkpt>
      <trkpt lat="43.827522" lon="88.433826"><ele>3815</ele></trkpt>
      <trkpt lat="43.827488" lon="88.433703"><ele>3815</ele></trkpt>
      <trkpt lat="43.82744" lon="88.433595"><ele>3815</ele></trkpt>
      <trkpt lat="43.827403" lon="88.433481"><ele>3817</ele></trkpt>
      <trkpt lat="43.827365" lon="88.433367"><ele>3816</ele></trkpt>
      <trkpt lat="43.827321" lon="88.433255"><ele>3817</ele></trkpt>
      <trkpt lat="43.827278" lon="88.433139"><ele>3817</ele></trkpt>
      <trkpt lat="43.827256" lon="88.433016"><ele>3816</ele></trkpt>
      <trkpt lat="43.827208" lon="88.432905"><ele>3817</ele></trkpt>
      <trkpt lat="43.827175" lon="88.432784"><ele>3817</ele></trkpt>
      <trkpt lat="43.827167" lon="88.432653"><ele>3820</ele></trkpt>
      <trkpt lat="43.827092" lon="88.432575"><ele>3819</ele></trkpt>
      <trkpt lat="43.827024" lon="88.43248"><ele>3818</ele></trkpt>
      <trkpt lat="43.82697" lon="88.432372"><ele>3819</ele></trkpt>
      <trkpt lat="43.826949" lon="88.43225"><ele>3821</ele></trkpt>
      <trkpt lat="43.826962" lon="88.432123"><ele>3824</ele></trkpt>
      <trkpt lat="43.826956" lon="88.431997"><ele>3828</ele></trkpt>
      <trkpt lat="43.826969" lon="88.431869"><ele>3829</ele></trkpt>
      <trkpt lat="43.826936" lon="88.431751"><ele>3832</ele></trkpt>
      <trkpt lat="43.826914" lon="88.431629"><ele>3834</ele></trkpt>
      <trkpt lat="43.826892" lon="88.431508"><ele>3837</ele></trkpt>
      <trkpt lat="43.826872" lon="88.431386"><ele>3840</ele></trkpt>
      <trkpt lat="43.826848" lon="88.431263"><ele>3844</ele></trkpt>
      <trkpt lat="43.826858" lon="88.431139"><ele>3846</ele></trkpt>
      <trkpt lat="43.826836" lon="88.431015"><ele>3848</ele></trkpt>
      <trkpt lat="43.826817" lon="88.430891"><ele>3850</ele></trkpt>
      <trkpt lat="43.826811" lon="88.430763"><ele>3854</ele></trkpt>
      <trkpt lat="43.826779" lon="88.43064"><ele>3856</ele></trkpt>
      <trkpt lat="43.826738" lon="88.430525"><ele>3858</ele></trkpt>
      <trkpt lat="43.826735" lon="88.430399"><ele>3860</ele></trkpt>
      <trkpt lat="43.826702" lon="88.430283"><ele>3862</ele></trkpt>
      <trkpt lat="43.826652" lon="88.430179"><ele>3864</ele></trkpt>
      <trkpt lat="43.826636" lon="88.430056"><ele>3866</ele></trkpt>
      <trkpt lat="43.826577" lon="88.429961"><ele>3868</ele></trkpt>
      <trkpt lat="43.826542" lon="88.429844"><ele>3870</ele></trkpt>
      <trkpt lat="43.826521" lon="88.429723"><ele>3872</ele></trkpt>
      <trkpt lat="43.826485" lon="88.429602"><ele>3875</ele></trkpt>
      <trkpt lat="43.82649" lon="88.429473"><ele>3877</ele></trkpt>
      <trkpt lat="43.82645" lon="88.429357"><ele>3879</ele></trkpt>
      <trkpt lat="43.826419" lon="88.429239"><ele>3882</ele></trkpt>
      <trkpt lat="43.826375" lon="88.429125"><ele>3883</ele></trkpt>
      <trkpt lat="43.826339" lon="88.429008"><ele>3886</ele></trkpt>
      <trkpt lat="43.826306" lon="88.428893"><ele>3889</ele></trkpt>
      <trkpt lat="43.826291" lon="88.428767"><ele>3891</ele></trkpt>
      <trkpt lat="43.826239" lon="88.428662"><ele>3892</ele></trkpt>
      <trkpt lat="43.82621" lon="88.428534"><ele>3893</ele></trkpt>
      <trkpt lat="43.826173" lon="88.428415"><ele>3897</ele></trkpt>
      <trkpt lat="43.826129" lon="88.428303"><ele>3899</ele></trkpt>
      <trkpt lat="43.826083" lon="88.428185"><ele>3900</ele></trkpt>
      <trkpt lat="43.826026" lon="88.428076"><ele>3901</ele></trkpt>
      <trkpt lat="43.825993" lon="88.427957"><ele>3903</ele></trkpt>
      <trkpt lat="43.825926" lon="88.427871"><ele>3903</ele></trkpt>
      <trkpt lat="43.825874" lon="88.42777"><ele>3903</ele></trkpt>
      <trkpt lat="43.825814" lon="88.427672"><ele>3906</ele></trkpt>
      <trkpt lat="43.825748" lon="88.427573"><ele>3907</ele></trkpt>
      <trkpt lat="43.825696" lon="88.427461"><ele>3906</ele></trkpt>
      <trkpt lat="43.82566" lon="88.427341"><ele>3906</ele></trkpt>
      <trkpt lat="43.825641" lon="88.427208"><ele>3912</ele></trkpt>
      <trkpt lat="43.825565" lon="88.427139"><ele>3912</ele></trkpt>
      <trkpt lat="43.825493" lon="88.427062"><ele>3913</ele></trkpt>
      <trkpt lat="43.825406" lon="88.427023"><ele>3910</ele></trkpt>
      <trkpt lat="43.825311" lon="88.42702"><ele>3910</ele></trkpt>
      <trkpt lat="43.825229" lon="88.426959"><ele>3911</ele></trkpt>
      <trkpt lat="43.825325" lon="88.426946"><ele>3914</ele></trkpt>
      <trkpt lat="43.825378" lon="88.426845"><ele>3912</ele></trkpt>
      <trkpt lat="43.82538" lon="88.426719"><ele>3911</ele></trkpt>
      <trkpt lat="43.825384" lon="88.426594"><ele>3904</ele></trkpt>
      <trkpt lat="43.825383" lon="88.426467"><ele>3902</ele></trkpt>
      <trkpt lat="43.825407" lon="88.426344"><ele>3894</ele></trkpt>
      <trkpt lat="43.825357" lon="88.426229"><ele>3890</ele></trkpt>
      <trkpt lat="43.825304" lon="88.426123"><ele>3886</ele></trkpt>
      <trkpt lat="43.825297" lon="88.425999"><ele>3882</ele></trkpt>
      <trkpt lat="43.825248" lon="88.425883"><ele>3875</ele></trkpt>
      <trkpt lat="43.825263" lon="88.425757"><ele>3868</ele></trkpt>
      <trkpt lat="43.825299" lon="88.425642"><ele>3868</ele></trkpt>
      <trkpt lat="43.825225" lon="88.42556"><ele>3863</ele></trkpt>
      <trkpt lat="43.825207" lon="88.425429"><ele>3857</ele></trkpt>
      <trkpt lat="43.825267" lon="88.425328"><ele>3857</ele></trkpt>
      <trkpt lat="43.825323" lon="88.425229"><ele>3849</ele></trkpt>
      <trkpt lat="43.825353" lon="88.425111"><ele>3846</ele></trkpt>
      <trkpt lat="43.825339" lon="88.424985"><ele>3841</ele></trkpt>
      <trkpt lat="43.825363" lon="88.42486"><ele>3837</ele></trkpt>
      <trkpt lat="43.82537" lon="88.424733"><ele>3831</ele></trkpt>
      <trkpt lat="43.825331" lon="88.42462"><ele>3828</ele></trkpt>
      <trkpt lat="43.825278" lon="88.424518"><ele>3821</ele></trkpt>
      <trkpt lat="43.825253" lon="88.424394"><ele>3816</ele></trkpt>
      <trkpt lat="43.825247" lon="88.424262"><ele>3812</ele></trkpt>
      <trkpt lat="43.825204" lon="88.424146"><ele>3807</ele></trkpt>
      <trkpt lat="43.825222" lon="88.424011"><ele>3802</ele></trkpt>
      <trkpt lat="43.825183" lon="88.423897"><ele>3798</ele></trkpt>
      <trkpt lat="43.825151" lon="88.423776"><ele>3793</ele></trkpt>
      <trkpt lat="43.825136" lon="88.423653"><ele>3790</ele></trkpt>
      <trkpt lat="43.825109" lon="88.423531"><ele>3781</ele></trkpt>
      <trkpt lat="43.825064" lon="88.42342"><ele>3779</ele></trkpt>
      <trkpt lat="43.825017" lon="88.423313"><ele>3773</ele></trkpt>
      <trkpt lat="43.825008" lon="88.423178"><ele>3769</ele></trkpt>
      <trkpt lat="43.82495" lon="88.423082"><ele>3762</ele></trkpt>
      <trkpt lat="43.82494" lon="88.422957"><ele>3757</ele></trkpt>
      <trkpt lat="43.824917" lon="88.422834"><ele>3751</ele></trkpt>
      <trkpt lat="43.824863" lon="88.422733"><ele>3748</ele></trkpt>
      <trkpt lat="43.824868" lon="88.422598"><ele>3738</ele></trkpt>
      <trkpt lat="43.82482" lon="88.422492"><ele>3737</ele></trkpt>
      <trkpt lat="43.824795" lon="88.422364"><ele>3734</ele></trkpt>
      <trkpt lat="43.824839" lon="88.422254"><ele>3729</ele></trkpt>
      <trkpt lat="43.824811" lon="88.422129"><ele>3722</ele></trkpt>
      <trkpt lat="43.824756" lon="88.422012"><ele>3718</ele></trkpt>
      <trkpt lat="43.824733" lon="88.421886"><ele>3715</ele></trkpt>
      <trkpt lat="43.824681" lon="88.421782"><ele>3711</ele></trkpt>
      <trkpt lat="43.824606" lon="88.421707"><ele>3707</ele></trkpt>
      <trkpt lat="43.824598" lon="88.42157"><ele>3703</ele></trkpt>
      <trkpt lat="43.824605" lon="88.421434"><ele>3701</ele></trkpt>
      <trkpt lat="43.824634" lon="88.42131"><ele>3696</ele></trkpt>
      <trkpt lat="43.824604" lon="88.421191"><ele>3690</ele></trkpt>
      <trkpt lat="43.82461" lon="88.421067"><ele>3684</ele></trkpt>
      <trkpt lat="43.824621" lon="88.420937"><ele>3682</ele></trkpt>
      <trkpt lat="43.824624" lon="88.420811"><ele>3677</ele></trkpt>
      <trkpt lat="43.824617" lon="88.420676"><ele>3671</ele></trkpt>
      <trkpt lat="43.824561" lon="88.420577"><ele>3666</ele></trkpt>
      <trkpt lat="43.824524" lon="88.420458"><ele>3662</ele></trkpt>
      <trkpt lat="43.824558" lon="88.420342"><ele>3658</ele></trkpt>
      <trkpt lat="43.824542" lon="88.420216"><ele>3655</ele></trkpt>
      <trkpt lat="43.824539" lon="88.420083"><ele>3649</ele></trkpt>
      <trkpt lat="43.82449" lon="88.419967"><ele>3646</ele></trkpt>
      <trkpt lat="43.824518" lon="88.419842"><ele>3640</ele></trkpt>
      <trkpt lat="43.824472" lon="88.419733"><ele>3636</ele></trkpt>
      <trkpt lat="43.824417" lon="88.419633"><ele>3631</ele></trkpt>
      <trkpt lat="43.824396" lon="88.419505"><ele>3621</ele></trkpt>
      <trkpt lat="43.824398" lon="88.419381"><ele>3616</ele></trkpt>
      <trkpt lat="43.824325" lon="88.419301"><ele>3613</ele></trkpt>
      <trkpt lat="43.824283" lon="88.419186"><ele>3613</ele></trkpt>
      <trkpt lat="43.824194" lon="88.419127"><ele>3610</ele></trkpt>
      <trkpt lat="43.824161" lon="88.419011"><ele>3607</ele></trkpt>
      <trkpt lat="43.824141" lon="88.418889"><ele>3603</ele></trkpt>
      <trkpt lat="43.824143" lon="88.418759"><ele>3598</ele></trkpt>
      <trkpt lat="43.824119" lon="88.418637"><ele>3592</ele></trkpt>
      <trkpt lat="43.824123" lon="88.418509"><ele>3585</ele></trkpt>
      <trkpt lat="43.824143" lon="88.418387"><ele>3582</ele></trkpt>
      <trkpt lat="43.824136" lon="88.418258"><ele>3576</ele></trkpt>
      <trkpt lat="43.824101" lon="88.41814"><ele>3571</ele></trkpt>
      <trkpt lat="43.824076" lon="88.418011"><ele>3565</ele></trkpt>
      <trkpt lat="43.824034" lon="88.417896"><ele>3562</ele></trkpt>
      <trkpt lat="43.824004" lon="88.417779"><ele>3558</ele></trkpt>
      <trkpt lat="43.824006" lon="88.417644"><ele>3553</ele></trkpt>
      <trkpt lat="43.824045" lon="88.417516"><ele>3552</ele></trkpt>
      <trkpt lat="43.824024" lon="88.417395"><ele>3547</ele></trkpt>
      <trkpt lat="43.824043" lon="88.41727"><ele>3541</ele></trkpt>
      <trkpt lat="43.824049" lon="88.41714"><ele>3533</ele></trkpt>
      <trkpt lat="43.824092" lon="88.417029"><ele>3530</ele></trkpt>
      <trkpt lat="43.824042" lon="88.416919"><ele>3525</ele></trkpt>
      <trkpt lat="43.824007" lon="88.416796"><ele>3521</ele></trkpt>
      <trkpt lat="43.823961" lon="88.416686"><ele>3517</ele></trkpt>
      <trkpt lat="43.823942" lon="88.416563"><ele>3512</ele></trkpt>
      <trkpt lat="43.823946" lon="88.416435"><ele>3509</ele></trkpt>
      <trkpt lat="43.823929" lon="88.416304"><ele>3502</ele></trkpt>
      <trkpt lat="43.823934" lon="88.416175"><ele>3500</ele></trkpt>
      <trkpt lat="43.823969" lon="88.416057"><ele>3495</ele></trkpt>
      <trkpt lat="43.824014" lon="88.415948"><ele>3492</ele></trkpt>
      <trkpt lat="43.824035" lon="88.41582"><ele>3483</ele></trkpt>
      <trkpt lat="43.824059" lon="88.415694"><ele>3481</ele></trkpt>
      <trkpt lat="43.824111" lon="88.415584"><ele>3479</ele></trkpt>
      <trkpt lat="43.824066" lon="88.41547"><ele>3472</ele></trkpt>
      <trkpt lat="43.824051" lon="88.415342"><ele>3463</ele></trkpt>
      <trkpt lat="43.824077" lon="88.415221"><ele>3461</ele></trkpt>
      <trkpt lat="43.824091" lon="88.415093"><ele>3457</ele></trkpt>
      <trkpt lat="43.824089" lon="88.414963"><ele>3448</ele></trkpt>
      <trkpt lat="43.824151" lon="88.414867"><ele>3445</ele></trkpt>
      <trkpt lat="43.82415" lon="88.414731"><ele>3438</ele></trkpt>
      <trkpt lat="43.824168" lon="88.414602"><ele>3432</ele></trkpt>
      <trkpt lat="43.824147" lon="88.414477"><ele>3430</ele></trkpt>
      <trkpt lat="43.824213" lon="88.414379"><ele>3426</ele></trkpt>
      <trkpt lat="43.82424" lon="88.414255"><ele>3418</ele></trkpt>
      <trkpt lat="43.824194" lon="88.414143"><ele>3414</ele></trkpt>
      <trkpt lat="43.824168" lon="88.414015"><ele>3412</ele></trkpt>
      <trkpt lat="43.824132" lon="88.413894"><ele>3409</ele></trkpt>
      <trkpt lat="43.824146" lon="88.413763"><ele>3401</ele></trkpt>
      <trkpt lat="43.824169" lon="88.413639"><ele>3396</ele></trkpt>
      <trkpt lat="43.82422" lon="88.413532"><ele>3392</ele></trkpt>
      <trkpt lat="43.824214" lon="88.413407"><ele>3389</ele></trkpt>
      <trkpt lat="43.824191" lon="88.413286"><ele>3387</ele></trkpt>
      <trkpt lat="43.824219" lon="88.41316"><ele>3383</ele></trkpt>
      <trkpt lat="43.824291" lon="88.413083"><ele>3381</ele></trkpt>
      <trkpt lat="43.824363" lon="88.413006"><ele>3378</ele></trkpt>
      <trkpt lat="43.824449" lon="88.412962"><ele>3374</ele></trkpt>
      <trkpt lat="43.824512" lon="88.412868"><ele>3370</ele></trkpt>
      <trkpt lat="43.824604" lon="88.412861"><ele>3370</ele></trkpt>
      <trkpt lat="43.824658" lon="88.412757"><ele>3366</ele></trkpt>
      <trkpt lat="43.824709" lon="88.412645"><ele>3362</ele></trkpt>
      <trkpt lat="43.824754" lon="88.412538"><ele>3359</ele></trkpt>
      <trkpt lat="43.82484" lon="88.412487"><ele>3358</ele></trkpt>
      <trkpt lat="43.824892" lon="88.412383"><ele>3356</ele></trkpt>
      <trkpt lat="43.824968" lon="88.412303"><ele>3347</ele></trkpt>
      <trkpt lat="43.824877" lon="88.412287"><ele>3351</ele></trkpt>
      <trkpt lat="43.824789" lon="88.412062"><ele>3352</ele></trkpt>
      <trkpt lat="43.824796" lon="88.411935"><ele>3351</ele></trkpt>
      <trkpt lat="43.824819" lon="88.411814"><ele>3352</ele></trkpt>
      <trkpt lat="43.824864" lon="88.411706"><ele>3352</ele></trkpt>
      <trkpt lat="43.824891" lon="88.411586"><ele>3351</ele></trkpt>
      <trkpt lat="43.824874" lon="88.411464"><ele>3352</ele></trkpt>
      <trkpt lat="43.824872" lon="88.411335"><ele>3354</ele></trkpt>
      <trkpt lat="43.824903" lon="88.411212"><ele>3355</ele></trkpt>
      <trkpt lat="43.824863" lon="88.411099"><ele>3355</ele></trkpt>
      <trkpt lat="43.824909" lon="88.410987"><ele>3352</ele></trkpt>
      <trkpt lat="43.824829" lon="88.41084"><ele>3346</ele></trkpt>
      <trkpt lat="43.824742" lon="88.410803"><ele>3351</ele></trkpt>
      <trkpt lat="43.824793" lon="88.410699"><ele>3335</ele></trkpt>
      <trkpt lat="43.824884" lon="88.410696"><ele>3338</ele></trkpt>
      <trkpt lat="43.824976" lon="88.410712"><ele>3339</ele></trkpt>
      <trkpt lat="43.824936" lon="88.410599"><ele>3329</ele></trkpt>
      <trkpt lat="43.824853" lon="88.410548"><ele>3330</ele></trkpt>
      <trkpt lat="43.824803" lon="88.410442"><ele>3330</ele></trkpt>
      <trkpt lat="43.824716" lon="88.410409"><ele>3332</ele></trkpt>
      <trkpt lat="43.824632" lon="88.410356"><ele>3334</ele></trkpt>
      <trkpt lat="43.824555" lon="88.410284"><ele>3334</ele></trkpt>
      <trkpt lat="43.824476" lon="88.410225"><ele>3338</ele></trkpt>
      <trkpt lat="43.824392" lon="88.410177"><ele>3338</ele></trkpt>
      <trkpt lat="43.824303" lon="88.410152"><ele>3336</ele></trkpt>
      <trkpt lat="43.824208" lon="88.41012"><ele>3336</ele></trkpt>
      <trkpt lat="43.824147" lon="88.410081"><ele>3335</ele></trkpt>
      <trkpt lat="43.824051" lon="88.410069"><ele>3335</ele></trkpt>
      <trkpt lat="43.823959" lon="88.410064"><ele>3336</ele></trkpt>
      <trkpt lat="43.823861" lon="88.410067"><ele>3336</ele></trkpt>
      <trkpt lat="43.823765" lon="88.410066"><ele>3335</ele></trkpt>
      <trkpt lat="43.823672" lon="88.410098"><ele>3337</ele></trkpt>
      <trkpt lat="43.82358" lon="88.410117"><ele>3338</ele></trkpt>
      <trkpt lat="43.823489" lon="88.410086"><ele>3339</ele></trkpt>
      <trkpt lat="43.823398" lon="88.410081"><ele>3341</ele></trkpt>
      <trkpt lat="43.823308" lon="88.410077"><ele>3342</ele></trkpt>
      <trkpt lat="43.823222" lon="88.410027"><ele>3343</ele></trkpt>
      <trkpt lat="43.823141" lon="88.409971"><ele>3344</ele></trkpt>
      <trkpt lat="43.823046" lon="88.409982"><ele>3344</ele></trkpt>
      <trkpt lat="43.822956" lon="88.409999"><ele>3344</ele></trkpt>
      <trkpt lat="43.822869" lon="88.410032"><ele>3346</ele></trkpt>
      <trkpt lat="43.822789" lon="88.410095"><ele>3345</ele></trkpt>
      <trkpt lat="43.822701" lon="88.410131"><ele>3348</ele></trkpt>
      <trkpt lat="43.822717" lon="88.410008"><ele>3345</ele></trkpt>
      <trkpt lat="43.822712" lon="88.409882"><ele>3342</ele></trkpt>
      <trkpt lat="43.822713" lon="88.409755"><ele>3339</ele></trkpt>
      <trkpt lat="43.822622" lon="88.409755"><ele>3335</ele></trkpt>
      <trkpt lat="43.822533" lon="88.409732"><ele>3333</ele></trkpt>
      <trkpt lat="43.822455" lon="88.409798"><ele>3335</ele></trkpt>
      <trkpt lat="43.822361" lon="88.40981"><ele>3336</ele></trkpt>
      <trkpt lat="43.82229" lon="88.409719"><ele>3336</ele></trkpt>
      <trkpt lat="43.822236" lon="88.409609"><ele>3333</ele></trkpt>
      <trkpt lat="43.822181" lon="88.409505"><ele>3334</ele></trkpt>
      <trkpt lat="43.822093" lon="88.409452"><ele>3334</ele></trkpt>
      <trkpt lat="43.822004" lon="88.409407"><ele>3343</ele></trkpt>
      <trkpt lat="43.821915" lon="88.40939"><ele>3348</ele></trkpt>
      <trkpt lat="43.821824" lon="88.409425"><ele>3352</ele></trkpt>
      <trkpt lat="43.821885" lon="88.409323"><ele>3349</ele></trkpt>
      <trkpt lat="43.821791" lon="88.409297"><ele>3349</ele></trkpt>
      <trkpt lat="43.821698" lon="88.409309"><ele>3349</ele></trkpt>
      <trkpt lat="43.821607" lon="88.40931"><ele>3349</ele></trkpt>
      <trkpt lat="43.821527" lon="88.40938"><ele>3357</ele></trkpt>
      <trkpt lat="43.82144" lon="88.409421"><ele>3355</ele></trkpt>
      <trkpt lat="43.821348" lon="88.409419"><ele>3357</ele></trkpt>
      <trkpt lat="43.821259" lon="88.409393"><ele>3358</ele></trkpt>
      <trkpt lat="43.821253" lon="88.409268"><ele>3359</ele></trkpt>
      <trkpt lat="43.821235" lon="88.409144"><ele>3354</ele></trkpt>
      <trkpt lat="43.821144" lon="88.409131"><ele>3358</ele></trkpt>
      <trkpt lat="43.821055" lon="88.409096"><ele>3357</ele></trkpt>
      <trkpt lat="43.820974" lon="88.409026"><ele>3361</ele></trkpt>
      <trkpt lat="43.820927" lon="88.408918"><ele>3361</ele></trkpt>
      <trkpt lat="43.820878" lon="88.408813"><ele>3353</ele></trkpt>
      <trkpt lat="43.820858" lon="88.408683"><ele>3349</ele></trkpt>
      <trkpt lat="43.8208" lon="88.408581"><ele>3348</ele></trkpt>
      <trkpt lat="43.820768" lon="88.408455"><ele>3347</ele></trkpt>
      <trkpt lat="43.820685" lon="88.408377"><ele>3350</ele></trkpt>
      <trkpt lat="43.820641" lon="88.408263"><ele>3349</ele></trkpt>
      <trkpt lat="43.820606" lon="88.408147"><ele>3346</ele></trkpt>
      <trkpt lat="43.820567" lon="88.408032"><ele>3344</ele></trkpt>
      <trkpt lat="43.820559" lon="88.407906"><ele>3343</ele></trkpt>
      <trkpt lat="43.820594" lon="88.407785"><ele>3342</ele></trkpt>
      <trkpt lat="43.820643" lon="88.407678"><ele>3341</ele></trkpt>
      <trkpt lat="43.820662" lon="88.407553"><ele>3341</ele></trkpt>
      <trkpt lat="43.820713" lon="88.407441"><ele>3339</ele></trkpt>
      <trkpt lat="43.820751" lon="88.407327"><ele>3339</ele></trkpt>
      <trkpt lat="43.820818" lon="88.407245"><ele>3340</ele></trkpt>
      <trkpt lat="43.820879" lon="88.407149"><ele>3343</ele></trkpt>
      <trkpt lat="43.820909" lon="88.407021"><ele>3340</ele></trkpt>
      <trkpt lat="43.820936" lon="88.406902"><ele>3343</ele></trkpt>
      <trkpt lat="43.820909" lon="88.406766"><ele>3357</ele></trkpt>
      <trkpt lat="43.820927" lon="88.406642"><ele>3357</ele></trkpt>
      <trkpt lat="43.820984" lon="88.406536"><ele>3355</ele></trkpt>
      <trkpt lat="43.821064" lon="88.406475"><ele>3355</ele></trkpt>
      <trkpt lat="43.821119" lon="88.406362"><ele>3354</ele></trkpt>
      <trkpt lat="43.821205" lon="88.406313"><ele>3355</ele></trkpt>
      <trkpt lat="43.821132" lon="88.406235"><ele>3356</ele></trkpt>
      <trkpt lat="43.821156" lon="88.406113"><ele>3354</ele></trkpt>
      <trkpt lat="43.821215" lon="88.406018"><ele>3351</ele></trkpt>
      <trkpt lat="43.82129" lon="88.405936"><ele>3351</ele></trkpt>
      <trkpt lat="43.821201" lon="88.405898"><ele>3355</ele></trkpt>
      <trkpt lat="43.821295" lon="88.405661"><ele>3351</ele></trkpt>
      <trkpt lat="43.821325" lon="88.405538"><ele>3350</ele></trkpt>
      <trkpt lat="43.821346" lon="88.405407"><ele>3346</ele></trkpt>
      <trkpt lat="43.821359" lon="88.405273"><ele>3345</ele></trkpt>
      <trkpt lat="43.821359" lon="88.405148"><ele>3343</ele></trkpt>
      <trkpt lat="43.821441" lon="88.405093"><ele>3341</ele></trkpt>
      <trkpt lat="43.821527" lon="88.405044"><ele>3342</ele></trkpt>
      <trkpt lat="43.821576" lon="88.404934"><ele>3343</ele></trkpt>
      <trkpt lat="43.821716" lon="88.404777"><ele>3338</ele></trkpt>
      <trkpt lat="43.821787" lon="88.404694"><ele>3335</ele></trkpt>
      <trkpt lat="43.821855" lon="88.404611"><ele>3332</ele></trkpt>
      <trkpt lat="43.821895" lon="88.404496"><ele>3332</ele></trkpt>
      <trkpt lat="43.821939" lon="88.404384"><ele>3330</ele></trkpt>
      <trkpt lat="43.822011" lon="88.404305"><ele>3328</ele></trkpt>
      <trkpt lat="43.82208" lon="88.404213"><ele>3327</ele></trkpt>
      <trkpt lat="43.822141" lon="88.404117"><ele>3325</ele></trkpt>
      <trkpt lat="43.822214" lon="88.404024"><ele>3326</ele></trkpt>
      <trkpt lat="43.822295" lon="88.403954"><ele>3325</ele></trkpt>
      <trkpt lat="43.822382" lon="88.403904"><ele>3326</ele></trkpt>
      <trkpt lat="43.822436" lon="88.403803"><ele>3326</ele></trkpt>
      <trkpt lat="43.822515" lon="88.403738"><ele>3327</ele></trkpt>
      <trkpt lat="43.822606" lon="88.403706"><ele>3328</ele></trkpt>
      <trkpt lat="43.822684" lon="88.403639"><ele>3326</ele></trkpt>
      <trkpt lat="43.822748" lon="88.403547"><ele>3325</ele></trkpt>
      <trkpt lat="43.822833" lon="88.403474"><ele>3325</ele></trkpt>
      <trkpt lat="43.822919" lon="88.403421"><ele>3327</ele></trkpt>
      <trkpt lat="43.822998" lon="88.403346"><ele>3329</ele></trkpt>
      <trkpt lat="43.823085" lon="88.403296"><ele>3331</ele></trkpt>
      <trkpt lat="43.823157" lon="88.403211"><ele>3334</ele></trkpt>
      <trkpt lat="43.823231" lon="88.403109"><ele>3337</ele></trkpt>
      <trkpt lat="43.823298" lon="88.403016"><ele>3338</ele></trkpt>
      <trkpt lat="43.823362" lon="88.402926"><ele>3337</ele></trkpt>
      <trkpt lat="43.823424" lon="88.40283"><ele>3340</ele></trkpt>
      <trkpt lat="43.82348" lon="88.40273"><ele>3342</ele></trkpt>
      <trkpt lat="43.823527" lon="88.40262"><ele>3345</ele></trkpt>
      <trkpt lat="43.823545" lon="88.402485"><ele>3346</ele></trkpt>
      <trkpt lat="43.823515" lon="88.402366"><ele>3345</ele></trkpt>
      <trkpt lat="43.823498" lon="88.402241"><ele>3344</ele></trkpt>
      <trkpt lat="43.823508" lon="88.402115"><ele>3341</ele></trkpt>
      <trkpt lat="43.823515" lon="88.401988"><ele>3341</ele></trkpt>
      <trkpt lat="43.82353" lon="88.401861"><ele>3340</ele></trkpt>
      <trkpt lat="43.823538" lon="88.401726"><ele>3338</ele></trkpt>
      <trkpt lat="43.823614" lon="88.401657"><ele>3337</ele></trkpt>
      <trkpt lat="43.823616" lon="88.401492"><ele>3338</ele></trkpt>
      <trkpt lat="43.823624" lon="88.401359"><ele>3337</ele></trkpt>
      <trkpt lat="43.823655" lon="88.401235"><ele>3335</ele></trkpt>
      <trkpt lat="43.823627" lon="88.401106"><ele>3339</ele></trkpt>
      <trkpt lat="43.823646" lon="88.400978"><ele>3337</ele></trkpt>
      <trkpt lat="43.82365" lon="88.400849"><ele>3338</ele></trkpt>
      <trkpt lat="43.82371" lon="88.400748"><ele>3338</ele></trkpt>
      <trkpt lat="43.823784" lon="88.400658"><ele>3339</ele></trkpt>
      <trkpt lat="43.823852" lon="88.400574"><ele>3339</ele></trkpt>
      <trkpt lat="43.823885" lon="88.400455"><ele>3341</ele></trkpt>
      <trkpt lat="43.823864" lon="88.400323"><ele>3338</ele></trkpt>
      <trkpt lat="43.823845" lon="88.400193"><ele>3338</ele></trkpt>
      <trkpt lat="43.823806" lon="88.400076"><ele>3339</ele></trkpt>
      <trkpt lat="43.823815" lon="88.399951"><ele>3337</ele></trkpt>
      <trkpt lat="43.823852" lon="88.399828"><ele>3338</ele></trkpt>
      <trkpt lat="43.823838" lon="88.3997"><ele>3337</ele></trkpt>
      <trkpt lat="43.823774" lon="88.399607"><ele>3338</ele></trkpt>
      <trkpt lat="43.823802" lon="88.399485"><ele>3341</ele></trkpt>
      <trkpt lat="43.823755" lon="88.399378"><ele>3340</ele></trkpt>
      <trkpt lat="43.82369" lon="88.399282"><ele>3340</ele></trkpt>
      <trkpt lat="43.823627" lon="88.399194"><ele>3343</ele></trkpt>
      <trkpt lat="43.82356" lon="88.399101"><ele>3343</ele></trkpt>
      <trkpt lat="43.823477" lon="88.399035"><ele>3344</ele></trkpt>
      <trkpt lat="43.82339" lon="88.398993"><ele>3344</ele></trkpt>
      <trkpt lat="43.823378" lon="88.398869"><ele>3346</ele></trkpt>
      <trkpt lat="43.823318" lon="88.398775"><ele>3345</ele></trkpt>
      <trkpt lat="43.823262" lon="88.398665"><ele>3346</ele></trkpt>
      <trkpt lat="43.823204" lon="88.398561"><ele>3348</ele></trkpt>
      <trkpt lat="43.823167" lon="88.398447"><ele>3350</ele></trkpt>
      <trkpt lat="43.823111" lon="88.398349"><ele>3350</ele></trkpt>
      <trkpt lat="43.823048" lon="88.398258"><ele>3352</ele></trkpt>
      <trkpt lat="43.823016" lon="88.39814"><ele>3351</ele></trkpt>
      <trkpt lat="43.822929" lon="88.398099"><ele>3355</ele></trkpt>
      <trkpt lat="43.822887" lon="88.397986"><ele>3357</ele></trkpt>
      <trkpt lat="43.82287" lon="88.397862"><ele>3359</ele></trkpt>
      <trkpt lat="43.822827" lon="88.397752"><ele>3360</ele></trkpt>
      <trkpt lat="43.822744" lon="88.397704"><ele>3363</ele></trkpt>
      <trkpt lat="43.822765" lon="88.397581"><ele>3366</ele></trkpt>
      <trkpt lat="43.822803" lon="88.397468"><ele>3366</ele></trkpt>
      <trkpt lat="43.8228" lon="88.397325"><ele>3368</ele></trkpt>
      <trkpt lat="43.822767" lon="88.397203"><ele>3370</ele></trkpt>
      <trkpt lat="43.822783" lon="88.397074"><ele>3370</ele></trkpt>
      <trkpt lat="43.822803" lon="88.396953"><ele>3372</ele></trkpt>
      <trkpt lat="43.822777" lon="88.39683"><ele>3371</ele></trkpt>
      <trkpt lat="43.822749" lon="88.39671"><ele>3373</ele></trkpt>
      <trkpt lat="43.822787" lon="88.396592"><ele>3373</ele></trkpt>
      <trkpt lat="43.822754" lon="88.396467"><ele>3374</ele></trkpt>
      <trkpt lat="43.822755" lon="88.396338"><ele>3375</ele></trkpt>
      <trkpt lat="43.822754" lon="88.396208"><ele>3376</ele></trkpt>
      <trkpt lat="43.82276" lon="88.396079"><ele>3378</ele></trkpt>
      <trkpt lat="43.822767" lon="88.395943"><ele>3378</ele></trkpt>
      <trkpt lat="43.822813" lon="88.395827"><ele>3381</ele></trkpt>
      <trkpt lat="43.822844" lon="88.395703"><ele>3378</ele></trkpt>
      <trkpt lat="43.822869" lon="88.395578"><ele>3378</ele></trkpt>
      <trkpt lat="43.822908" lon="88.395462"><ele>3378</ele></trkpt>
      <trkpt lat="43.822893" lon="88.395336"><ele>3377</ele></trkpt>
      <trkpt lat="43.822959" lon="88.395247"><ele>3378</ele></trkpt>
      <trkpt lat="43.822984" lon="88.395122"><ele>3377</ele></trkpt>
      <trkpt lat="43.822925" lon="88.395025"><ele>3379</ele></trkpt>
      <trkpt lat="43.822946" lon="88.394898"><ele>3379</ele></trkpt>
      <trkpt lat="43.82291" lon="88.394783"><ele>3380</ele></trkpt>
      <trkpt lat="43.822837" lon="88.394709"><ele>3381</ele></trkpt>
      <trkpt lat="43.822767" lon="88.394616"><ele>3382</ele></trkpt>
      <trkpt lat="43.822709" lon="88.394516"><ele>3389</ele></trkpt>
      <trkpt lat="43.822654" lon="88.394408"><ele>3390</ele></trkpt>
      <trkpt lat="43.822659" lon="88.394281"><ele>3388</ele></trkpt>
      <trkpt lat="43.822591" lon="88.394186"><ele>3388</ele></trkpt>
      <trkpt lat="43.822566" lon="88.394066"><ele>3388</ele></trkpt>
      <trkpt lat="43.822548" lon="88.393943"><ele>3389</ele></trkpt>
      <trkpt lat="43.822566" lon="88.39382"><ele>3387</ele></trkpt>
      <trkpt lat="43.822626" lon="88.393724"><ele>3390</ele></trkpt>
      <trkpt lat="43.822678" lon="88.393619"><ele>3392</ele></trkpt>
      <trkpt lat="43.822692" lon="88.393491"><ele>3398</ele></trkpt>
      <trkpt lat="43.822715" lon="88.393367"><ele>3398</ele></trkpt>
      <trkpt lat="43.822721" lon="88.393237"><ele>3402</ele></trkpt>
      <trkpt lat="43.822692" lon="88.393116"><ele>3408</ele></trkpt>
      <trkpt lat="43.822684" lon="88.39299"><ele>3411</ele></trkpt>
      <trkpt lat="43.822647" lon="88.392856"><ele>3414</ele></trkpt>
      <trkpt lat="43.822594" lon="88.392753"><ele>3418</ele></trkpt>
      <trkpt lat="43.822557" lon="88.392639"><ele>3423</ele></trkpt>
      <trkpt lat="43.822576" lon="88.392517"><ele>3423</ele></trkpt>
      <trkpt lat="43.822607" lon="88.392398"><ele>3425</ele></trkpt>
      <trkpt lat="43.822648" lon="88.392279"><ele>3429</ele></trkpt>
      <trkpt lat="43.822672" lon="88.392151"><ele>3430</ele></trkpt>
      <trkpt lat="43.822725" lon="88.392042"><ele>3430</ele></trkpt>
      <trkpt lat="43.822723" lon="88.391916"><ele>3434</ele></trkpt>
      <trkpt lat="43.822753" lon="88.391797"><ele>3434</ele></trkpt>
      <trkpt lat="43.822768" lon="88.391672"><ele>3436</ele></trkpt>
      <trkpt lat="43.822772" lon="88.391542"><ele>3440</ele></trkpt>
      <trkpt lat="43.8228" lon="88.391417"><ele>3441</ele></trkpt>
      <trkpt lat="43.822795" lon="88.391286"><ele>3443</ele></trkpt>
      <trkpt lat="43.82273" lon="88.391188"><ele>3450</ele></trkpt>
      <trkpt lat="43.82274" lon="88.39106"><ele>3450</ele></trkpt>
      <trkpt lat="43.822699" lon="88.390946"><ele>3453</ele></trkpt>
      <trkpt lat="43.822666" lon="88.390829"><ele>3458</ele></trkpt>
      <trkpt lat="43.822629" lon="88.390713"><ele>3457</ele></trkpt>
      <trkpt lat="43.82262" lon="88.390588"><ele>3461</ele></trkpt>
      <trkpt lat="43.822586" lon="88.390471"><ele>3465</ele></trkpt>
      <trkpt lat="43.822561" lon="88.390348"><ele>3467</ele></trkpt>
      <trkpt lat="43.822545" lon="88.390223"><ele>3470</ele></trkpt>
      <trkpt lat="43.822591" lon="88.39011"><ele>3471</ele></trkpt>
      <trkpt lat="43.822667" lon="88.390036"><ele>3474</ele></trkpt>
      <trkpt lat="43.822666" lon="88.389902"><ele>3472</ele></trkpt>
      <trkpt lat="43.822658" lon="88.389773"><ele>3475</ele></trkpt>
      <trkpt lat="43.822623" lon="88.389657"><ele>3477</ele></trkpt>
      <trkpt lat="43.822605" lon="88.389529"><ele>3479</ele></trkpt>
      <trkpt lat="43.822682" lon="88.389454"><ele>3477</ele></trkpt>
      <trkpt lat="43.822732" lon="88.389348"><ele>3483</ele></trkpt>
      <trkpt lat="43.822804" lon="88.38926"><ele>3483</ele></trkpt>
      <trkpt lat="43.822869" lon="88.389166"><ele>3482</ele></trkpt>
      <trkpt lat="43.822923" lon="88.389059"><ele>3483</ele></trkpt>
      <trkpt lat="43.822997" lon="88.388983"><ele>3483</ele></trkpt>
      <trkpt lat="43.82307" lon="88.388909"><ele>3484</ele></trkpt>
      <trkpt lat="43.82313" lon="88.388813"><ele>3484</ele></trkpt>
      <trkpt lat="43.823208" lon="88.388727"><ele>3481</ele></trkpt>
      <trkpt lat="43.823282" lon="88.388641"><ele>3482</ele></trkpt>
      <trkpt lat="43.823362" lon="88.388576"><ele>3482</ele></trkpt>
      <trkpt lat="43.823439" lon="88.388499"><ele>3482</ele></trkpt>
      <trkpt lat="43.823486" lon="88.388392"><ele>3481</ele></trkpt>
      <trkpt lat="43.823512" lon="88.388268"><ele>3482</ele></trkpt>
      <trkpt lat="43.823579" lon="88.38818"><ele>3482</ele></trkpt>
      <trkpt lat="43.82362" lon="88.388068"><ele>3481</ele></trkpt>
      <trkpt lat="43.823568" lon="88.387962"><ele>3486</ele></trkpt>
      <trkpt lat="43.823552" lon="88.38784"><ele>3487</ele></trkpt>
      <trkpt lat="43.823534" lon="88.387712"><ele>3489</ele></trkpt>
      <trkpt lat="43.823528" lon="88.387585"><ele>3489</ele></trkpt>
      <trkpt lat="43.823503" lon="88.387458"><ele>3491</ele></trkpt>
      <trkpt lat="43.823463" lon="88.387337"><ele>3491</ele></trkpt>
      <trkpt lat="43.823438" lon="88.387218"><ele>3493</ele></trkpt>
      <trkpt lat="43.823455" lon="88.387092"><ele>3494</ele></trkpt>
      <trkpt lat="43.823464" lon="88.386962"><ele>3493</ele></trkpt>
      <trkpt lat="43.823478" lon="88.386836"><ele>3496</ele></trkpt>
      <trkpt lat="43.823477" lon="88.386708"><ele>3498</ele></trkpt>
      <trkpt lat="43.823465" lon="88.386582"><ele>3499</ele></trkpt>
      <trkpt lat="43.823463" lon="88.386452"><ele>3498</ele></trkpt>
      <trkpt lat="43.823478" lon="88.386321"><ele>3498</ele></trkpt>
      <trkpt lat="43.82346" lon="88.386194"><ele>3499</ele></trkpt>
      <trkpt lat="43.823413" lon="88.386085"><ele>3498</ele></trkpt>
      <trkpt lat="43.823363" lon="88.38598"><ele>3501</ele></trkpt>
      <trkpt lat="43.82333" lon="88.385858"><ele>3502</ele></trkpt>
      <trkpt lat="43.823332" lon="88.385729"><ele>3499</ele></trkpt>
      <trkpt lat="43.823317" lon="88.385604"><ele>3501</ele></trkpt>
      <trkpt lat="43.823329" lon="88.385477"><ele>3501</ele></trkpt>
      <trkpt lat="43.823307" lon="88.38535"><ele>3501</ele></trkpt>
      <trkpt lat="43.823351" lon="88.385238"><ele>3499</ele></trkpt>
      <trkpt lat="43.823405" lon="88.385126"><ele>3494</ele></trkpt>
      <trkpt lat="43.823395" lon="88.385002"><ele>3493</ele></trkpt>
      <trkpt lat="43.823436" lon="88.384887"><ele>3491</ele></trkpt>
      <trkpt lat="43.823528" lon="88.384895"><ele>3493</ele></trkpt>
      <trkpt lat="43.823615" lon="88.384943"><ele>3496</ele></trkpt>
      <trkpt lat="43.823687" lon="88.385026"><ele>3500</ele></trkpt>
      <trkpt lat="43.823735" lon="88.385136"><ele>3503</ele></trkpt>
      <trkpt lat="43.823804" lon="88.385216"><ele>3504</ele></trkpt>
      <trkpt lat="43.823882" lon="88.38528"><ele>3505</ele></trkpt>
      <trkpt lat="43.823922" lon="88.385395"><ele>3507</ele></trkpt>
      <trkpt lat="43.823969" lon="88.385509"><ele>3509</ele></trkpt>
      <trkpt lat="43.824027" lon="88.385615"><ele>3510</ele></trkpt>
      <trkpt lat="43.824045" lon="88.385739"><ele>3511</ele></trkpt>
      <trkpt lat="43.824083" lon="88.385851"><ele>3510</ele></trkpt>
      <trkpt lat="43.824106" lon="88.385994"><ele>3509</ele></trkpt>
      <trkpt lat="43.824152" lon="88.386114"><ele>3508</ele></trkpt>
      <trkpt lat="43.824194" lon="88.386227"><ele>3506</ele></trkpt>
      <trkpt lat="43.824235" lon="88.386341"><ele>3506</ele></trkpt>
      <trkpt lat="43.824301" lon="88.386432"><ele>3505</ele></trkpt>
      <trkpt lat="43.824368" lon="88.386523"><ele>3506</ele></trkpt>
      <trkpt lat="43.824422" lon="88.386634"><ele>3504</ele></trkpt>
      <trkpt lat="43.824477" lon="88.386741"><ele>3504</ele></trkpt>
      <trkpt lat="43.824561" lon="88.386803"><ele>3503</ele></trkpt>
      <trkpt lat="43.824638" lon="88.386897"><ele>3503</ele></trkpt>
      <trkpt lat="43.824696" lon="88.387004"><ele>3503</ele></trkpt>
      <trkpt lat="43.824768" lon="88.387083"><ele>3496</ele></trkpt>
      <trkpt lat="43.824849" lon="88.387153"><ele>3496</ele></trkpt>
      <trkpt lat="43.824927" lon="88.387225"><ele>3495</ele></trkpt>
      <trkpt lat="43.825011" lon="88.38727"><ele>3494</ele></trkpt>
      <trkpt lat="43.825106" lon="88.387292"><ele>3493</ele></trkpt>
      <trkpt lat="43.825199" lon="88.387311"><ele>3493</ele></trkpt>
      <trkpt lat="43.825291" lon="88.387321"><ele>3491</ele></trkpt>
      <trkpt lat="43.825388" lon="88.387326"><ele>3491</ele></trkpt>
      <trkpt lat="43.825487" lon="88.387316"><ele>3489</ele></trkpt>
      <trkpt lat="43.825582" lon="88.387316"><ele>3488</ele></trkpt>
      <trkpt lat="43.825671" lon="88.387342"><ele>3487</ele></trkpt>
      <trkpt lat="43.825766" lon="88.387339"><ele>3488</ele></trkpt>
      <trkpt lat="43.825867" lon="88.387346"><ele>3486</ele></trkpt>
      <trkpt lat="43.825968" lon="88.38734"><ele>3485</ele></trkpt>
      <trkpt lat="43.826068" lon="88.387336"><ele>3485</ele></trkpt>
      <trkpt lat="43.826169" lon="88.387348"><ele>3484</ele></trkpt>
      <trkpt lat="43.826266" lon="88.387368"><ele>3483</ele></trkpt>
      <trkpt lat="43.826362" lon="88.387367"><ele>3482</ele></trkpt>
      <trkpt lat="43.826406" lon="88.387479"><ele>3484</ele></trkpt>
      <trkpt lat="43.826499" lon="88.387494"><ele>3482</ele></trkpt>
      <trkpt lat="43.826596" lon="88.38747"><ele>3482</ele></trkpt>
      <trkpt lat="43.82669" lon="88.387489"><ele>3484</ele></trkpt>
      <trkpt lat="43.826776" lon="88.38754"><ele>3484</ele></trkpt>
      <trkpt lat="43.826845" lon="88.387625"><ele>3486</ele></trkpt>
      <trkpt lat="43.82691" lon="88.387714"><ele>3486</ele></trkpt>
      <trkpt lat="43.826984" lon="88.387794"><ele>3489</ele></trkpt>
      <trkpt lat="43.827008" lon="88.387919"><ele>3491</ele></trkpt>
      <trkpt lat="43.827057" lon="88.388026"><ele>3492</ele></trkpt>
      <trkpt lat="43.827089" lon="88.388143"><ele>3493</ele></trkpt>
      <trkpt lat="43.827121" lon="88.388261"><ele>3496</ele></trkpt>
      <trkpt lat="43.827189" lon="88.388164"><ele>3495</ele></trkpt>
      <trkpt lat="43.827211" lon="88.388037"><ele>3496</ele></trkpt>
      <trkpt lat="43.82723" lon="88.387909"><ele>3497</ele></trkpt>
      <trkpt lat="43.8272" lon="88.388033"><ele>3500</ele></trkpt>
      <trkpt lat="43.827206" lon="88.388069"><ele>3498</ele></trkpt>
      <trkpt lat="43.827257" lon="88.387828"><ele>3497</ele></trkpt>
      <trkpt lat="43.827288" lon="88.387699"><ele>3498</ele></trkpt>
      <trkpt lat="43.82735" lon="88.387601"><ele>3499</ele></trkpt>
      <trkpt lat="43.827432" lon="88.387546"><ele>3500</ele></trkpt>
      <trkpt lat="43.827502" lon="88.387457"><ele>3503</ele></trkpt>
      <trkpt lat="43.827473" lon="88.387339"><ele>3502</ele></trkpt>
      <trkpt lat="43.82744" lon="88.387222"><ele>3500</ele></trkpt>
      <trkpt lat="43.827403" lon="88.3871"><ele>3500</ele></trkpt>
      <trkpt lat="43.827418" lon="88.386969"><ele>3499</ele></trkpt>
      <trkpt lat="43.827394" lon="88.386849"><ele>3498</ele></trkpt>
      <trkpt lat="43.827305" lon="88.386806"><ele>3497</ele></trkpt>
      <trkpt lat="43.827213" lon="88.386789"><ele>3494</ele></trkpt>
      <trkpt lat="43.827132" lon="88.386846"><ele>3491</ele></trkpt>
      <trkpt lat="43.827056" lon="88.386912"><ele>3490</ele></trkpt>
      <trkpt lat="43.82697" lon="88.386863"><ele>3486</ele></trkpt>
      <trkpt lat="43.826875" lon="88.386858"><ele>3486</ele></trkpt>
      <trkpt lat="43.826791" lon="88.386903"><ele>3484</ele></trkpt>
      <trkpt lat="43.826699" lon="88.386953"><ele>3484</ele></trkpt>
      <trkpt lat="43.826664" lon="88.386834"><ele>3485</ele></trkpt>
      <trkpt lat="43.826692" lon="88.386715"><ele>3485</ele></trkpt>
      <trkpt lat="43.82667" lon="88.386584"><ele>3487</ele></trkpt>
      <trkpt lat="43.826688" lon="88.386459"><ele>3488</ele></trkpt>
      <trkpt lat="43.826647" lon="88.386343"><ele>3491</ele></trkpt>
      <trkpt lat="43.826648" lon="88.386209"><ele>3494</ele></trkpt>
      <trkpt lat="43.826685" lon="88.386092"><ele>3495</ele></trkpt>
      <trkpt lat="43.826702" lon="88.385968"><ele>3496</ele></trkpt>
      <trkpt lat="43.8267" lon="88.385838"><ele>3497</ele></trkpt>
      <trkpt lat="43.826698" lon="88.385701"><ele>3501</ele></trkpt>
      <trkpt lat="43.82668" lon="88.385577"><ele>3502</ele></trkpt>
      <trkpt lat="43.826652" lon="88.385458"><ele>3504</ele></trkpt>
      <trkpt lat="43.82666" lon="88.385334"><ele>3504</ele></trkpt>
      <trkpt lat="43.826707" lon="88.385224"><ele>3504</ele></trkpt>
      <trkpt lat="43.82676" lon="88.385123"><ele>3507</ele></trkpt>
      <trkpt lat="43.826832" lon="88.385046"><ele>3508</ele></trkpt>
      <trkpt lat="43.826901" lon="88.384952"><ele>3508</ele></trkpt>
      <trkpt lat="43.826975" lon="88.38488"><ele>3510</ele></trkpt>
      <trkpt lat="43.827045" lon="88.384801"><ele>3513</ele></trkpt>
      <trkpt lat="43.827077" lon="88.384683"><ele>3517</ele></trkpt>
      <trkpt lat="43.827089" lon="88.384559"><ele>3517</ele></trkpt>
      <trkpt lat="43.827109" lon="88.384435"><ele>3520</ele></trkpt>
      <trkpt lat="43.827185" lon="88.384363"><ele>3522</ele></trkpt>
      <trkpt lat="43.827239" lon="88.384261"><ele>3526</ele></trkpt>
      <trkpt lat="43.827257" lon="88.384136"><ele>3529</ele></trkpt>
      <trkpt lat="43.827262" lon="88.38401"><ele>3528</ele></trkpt>
      <trkpt lat="43.827298" lon="88.383895"><ele>3531</ele></trkpt>
      <trkpt lat="43.827337" lon="88.383783"><ele>3534</ele></trkpt>
      <trkpt lat="43.827367" lon="88.383662"><ele>3536</ele></trkpt>
      <trkpt lat="43.827361" lon="88.383533"><ele>3538</ele></trkpt>
      <trkpt lat="43.827404" lon="88.383421"><ele>3538</ele></trkpt>
      <trkpt lat="43.827458" lon="88.383309"><ele>3538</ele></trkpt>
      <trkpt lat="43.827459" lon="88.383181"><ele>3540</ele></trkpt>
      <trkpt lat="43.827515" lon="88.383069"><ele>3542</ele></trkpt>
      <trkpt lat="43.827591" lon="88.382999"><ele>3542</ele></trkpt>
      <trkpt lat="43.827638" lon="88.382891"><ele>3547</ele></trkpt>
      <trkpt lat="43.827655" lon="88.382763"><ele>3547</ele></trkpt>
      <trkpt lat="43.827726" lon="88.382679"><ele>3546</ele></trkpt>
      <trkpt lat="43.827809" lon="88.382609"><ele>3548</ele></trkpt>
      <trkpt lat="43.827884" lon="88.382532"><ele>3548</ele></trkpt>
      <trkpt lat="43.827884" lon="88.382405"><ele>3548</ele></trkpt>
      <trkpt lat="43.827936" lon="88.382289"><ele>3549</ele></trkpt>
      <trkpt lat="43.827969" lon="88.38217"><ele>3549</ele></trkpt>
      <trkpt lat="43.828039" lon="88.382082"><ele>3549</ele></trkpt>
      <trkpt lat="43.828081" lon="88.381972"><ele>3551</ele></trkpt>
      <trkpt lat="43.828154" lon="88.381893"><ele>3552</ele></trkpt>
      <trkpt lat="43.8282" lon="88.381774"><ele>3552</ele></trkpt>
      <trkpt lat="43.828269" lon="88.381689"><ele>3551</ele></trkpt>
      <trkpt lat="43.828346" lon="88.381614"><ele>3551</ele></trkpt>
      <trkpt lat="43.828401" lon="88.381507"><ele>3552</ele></trkpt>
      <trkpt lat="43.82846" lon="88.381395"><ele>3554</ele></trkpt>
      <trkpt lat="43.828511" lon="88.381281"><ele>3554</ele></trkpt>
      <trkpt lat="43.828564" lon="88.381177"><ele>3555</ele></trkpt>
      <trkpt lat="43.828619" lon="88.381075"><ele>3555</ele></trkpt>
      <trkpt lat="43.828683" lon="88.380976"><ele>3557</ele></trkpt>
      <trkpt lat="43.828736" lon="88.380869"><ele>3557</ele></trkpt>
      <trkpt lat="43.828801" lon="88.380778"><ele>3557</ele></trkpt>
      <trkpt lat="43.828861" lon="88.380676"><ele>3559</ele></trkpt>
      <trkpt lat="43.828937" lon="88.380601"><ele>3561</ele></trkpt>
      <trkpt lat="43.828971" lon="88.380481"><ele>3562</ele></trkpt>
      <trkpt lat="43.829018" lon="88.380373"><ele>3563</ele></trkpt>
      <trkpt lat="43.82908" lon="88.38028"><ele>3564</ele></trkpt>
      <trkpt lat="43.829111" lon="88.38016"><ele>3568</ele></trkpt>
      <trkpt lat="43.829175" lon="88.380059"><ele>3566</ele></trkpt>
      <trkpt lat="43.829241" lon="88.379965"><ele>3568</ele></trkpt>
      <trkpt lat="43.829301" lon="88.379869"><ele>3572</ele></trkpt>
      <trkpt lat="43.82936" lon="88.379772"><ele>3571</ele></trkpt>
      <trkpt lat="43.829413" lon="88.379666"><ele>3572</ele></trkpt>
      <trkpt lat="43.829474" lon="88.379573"><ele>3573</ele></trkpt>
      <trkpt lat="43.829518" lon="88.379459"><ele>3576</ele></trkpt>
      <trkpt lat="43.829577" lon="88.379363"><ele>3575</ele></trkpt>
      <trkpt lat="43.829614" lon="88.379245"><ele>3576</ele></trkpt>
      <trkpt lat="43.829665" lon="88.379142"><ele>3577</ele></trkpt>
      <trkpt lat="43.829738" lon="88.37906"><ele>3577</ele></trkpt>
      <trkpt lat="43.829792" lon="88.378953"><ele>3579</ele></trkpt>
      <trkpt lat="43.829851" lon="88.378859"><ele>3579</ele></trkpt>
      <trkpt lat="43.829919" lon="88.378767"><ele>3580</ele></trkpt>
      <trkpt lat="43.829965" lon="88.378657"><ele>3581</ele></trkpt>
      <trkpt lat="43.830006" lon="88.378535"><ele>3583</ele></trkpt>
      <trkpt lat="43.830067" lon="88.378438"><ele>3584</ele></trkpt>
      <trkpt lat="43.830103" lon="88.37832"><ele>3584</ele></trkpt>
      <trkpt lat="43.830136" lon="88.378201"><ele>3585</ele></trkpt>
      <trkpt lat="43.830197" lon="88.378106"><ele>3585</ele></trkpt>
      <trkpt lat="43.830261" lon="88.378015"><ele>3586</ele></trkpt>
      <trkpt lat="43.830305" lon="88.377899"><ele>3586</ele></trkpt>
      <trkpt lat="43.830346" lon="88.377787"><ele>3586</ele></trkpt>
      <trkpt lat="43.830391" lon="88.377678"><ele>3588</ele></trkpt>
      <trkpt lat="43.830425" lon="88.377559"><ele>3587</ele></trkpt>
      <trkpt lat="43.830476" lon="88.377448"><ele>3588</ele></trkpt>
      <trkpt lat="43.830502" lon="88.377328"><ele>3589</ele></trkpt>
      <trkpt lat="43.830547" lon="88.377212"><ele>3590</ele></trkpt>
      <trkpt lat="43.83059" lon="88.377102"><ele>3590</ele></trkpt>
      <trkpt lat="43.830629" lon="88.376977"><ele>3591</ele></trkpt>
      <trkpt lat="43.83065" lon="88.376856"><ele>3592</ele></trkpt>
      <trkpt lat="43.830697" lon="88.376745"><ele>3593</ele></trkpt>
      <trkpt lat="43.83074" lon="88.37663"><ele>3593</ele></trkpt>
      <trkpt lat="43.830772" lon="88.376513"><ele>3594</ele></trkpt>
      <trkpt lat="43.83083" lon="88.376406"><ele>3595</ele></trkpt>
      <trkpt lat="43.830851" lon="88.376279"><ele>3595</ele></trkpt>
      <trkpt lat="43.830892" lon="88.376159"><ele>3597</ele></trkpt>
      <trkpt lat="43.83094" lon="88.376052"><ele>3597</ele></trkpt>
      <trkpt lat="43.830978" lon="88.375934"><ele>3598</ele></trkpt>
      <trkpt lat="43.831034" lon="88.375828"><ele>3600</ele></trkpt>
      <trkpt lat="43.83107" lon="88.375712"><ele>3600</ele></trkpt>
      <trkpt lat="43.831108" lon="88.375591"><ele>3601</ele></trkpt>
      <trkpt lat="43.831138" lon="88.375467"><ele>3600</ele></trkpt>
      <trkpt lat="43.831135" lon="88.375339"><ele>3601</ele></trkpt>
      <trkpt lat="43.831156" lon="88.375211"><ele>3603</ele></trkpt>
      <trkpt lat="43.83117" lon="88.375082"><ele>3604</ele></trkpt>
      <trkpt lat="43.831172" lon="88.374951"><ele>3604</ele></trkpt>
      <trkpt lat="43.831206" lon="88.374833"><ele>3605</ele></trkpt>
      <trkpt lat="43.831206" lon="88.374702"><ele>3608</ele></trkpt>
      <trkpt lat="43.831192" lon="88.374571"><ele>3608</ele></trkpt>
      <trkpt lat="43.831195" lon="88.374442"><ele>3608</ele></trkpt>
      <trkpt lat="43.831212" lon="88.374311"><ele>3611</ele></trkpt>
      <trkpt lat="43.831233" lon="88.374189"><ele>3612</ele></trkpt>
      <trkpt lat="43.831229" lon="88.374063"><ele>3614</ele></trkpt>
      <trkpt lat="43.831237" lon="88.373933"><ele>3612</ele></trkpt>
      <trkpt lat="43.831231" lon="88.373807"><ele>3613</ele></trkpt>
      <trkpt lat="43.83125" lon="88.373684"><ele>3615</ele></trkpt>
      <trkpt lat="43.831241" lon="88.37356"><ele>3617</ele></trkpt>
      <trkpt lat="43.831241" lon="88.373436"><ele>3618</ele></trkpt>
      <trkpt lat="43.831265" lon="88.373312"><ele>3620</ele></trkpt>
      <trkpt lat="43.831268" lon="88.373187"><ele>3620</ele></trkpt>
      <trkpt lat="43.831295" lon="88.373067"><ele>3620</ele></trkpt>
      <trkpt lat="43.831293" lon="88.372939"><ele>3621</ele></trkpt>
      <trkpt lat="43.831309" lon="88.372816"><ele>3622</ele></trkpt>
      <trkpt lat="43.831328" lon="88.37269"><ele>3623</ele></trkpt>
      <trkpt lat="43.831295" lon="88.372571"><ele>3625</ele></trkpt>
      <trkpt lat="43.831308" lon="88.372443"><ele>3626</ele></trkpt>
      <trkpt lat="43.831296" lon="88.372312"><ele>3627</ele></trkpt>
      <trkpt lat="43.831284" lon="88.372186"><ele>3628</ele></trkpt>
      <trkpt lat="43.831268" lon="88.372063"><ele>3629</ele></trkpt>
      <trkpt lat="43.831262" lon="88.371937"><ele>3630</ele></trkpt>
      <trkpt lat="43.831216" lon="88.37182"><ele>3631</ele></trkpt>
      <trkpt lat="43.831157" lon="88.371724"><ele>3631</ele></trkpt>
      <trkpt lat="43.831138" lon="88.371601"><ele>3631</ele></trkpt>
      <trkpt lat="43.831126" lon="88.371474"><ele>3632</ele></trkpt>
      <trkpt lat="43.831106" lon="88.371347"><ele>3633</ele></trkpt>
      <trkpt lat="43.831109" lon="88.371217"><ele>3635</ele></trkpt>
      <trkpt lat="43.831125" lon="88.371093"><ele>3635</ele></trkpt>
      <trkpt lat="43.831093" lon="88.370973"><ele>3636</ele></trkpt>
      <trkpt lat="43.831105" lon="88.370844"><ele>3636</ele></trkpt>
      <trkpt lat="43.831052" lon="88.370735"><ele>3637</ele></trkpt>
      <trkpt lat="43.831064" lon="88.370611"><ele>3638</ele></trkpt>
      <trkpt lat="43.831045" lon="88.370488"><ele>3639</ele></trkpt>
      <trkpt lat="43.831042" lon="88.370363"><ele>3637</ele></trkpt>
      <trkpt lat="43.831032" lon="88.37023"><ele>3639</ele></trkpt>
      <trkpt lat="43.831045" lon="88.370105"><ele>3639</ele></trkpt>
      <trkpt lat="43.83103" lon="88.369982"><ele>3640</ele></trkpt>
      <trkpt lat="43.831009" lon="88.369854"><ele>3639</ele></trkpt>
      <trkpt lat="43.830988" lon="88.369733"><ele>3641</ele></trkpt>
      <trkpt lat="43.830992" lon="88.369596"><ele>3640</ele></trkpt>
      <trkpt lat="43.830982" lon="88.369471"><ele>3641</ele></trkpt>
      <trkpt lat="43.831008" lon="88.369343"><ele>3642</ele></trkpt>
      <trkpt lat="43.831008" lon="88.369216"><ele>3643</ele></trkpt>
      <trkpt lat="43.831003" lon="88.369084"><ele>3643</ele></trkpt>
      <trkpt lat="43.830987" lon="88.368961"><ele>3644</ele></trkpt>
      <trkpt lat="43.831004" lon="88.368833"><ele>3644</ele></trkpt>
      <trkpt lat="43.831005" lon="88.3687"><ele>3643</ele></trkpt>
      <trkpt lat="43.83103" lon="88.368577"><ele>3646</ele></trkpt>
      <trkpt lat="43.83099" lon="88.368464"><ele>3644</ele></trkpt>
      <trkpt lat="43.830991" lon="88.368339"><ele>3646</ele></trkpt>
      <trkpt lat="43.830975" lon="88.368209"><ele>3647</ele></trkpt>
      <trkpt lat="43.830924" lon="88.368103"><ele>3648</ele></trkpt>
      <trkpt lat="43.83088" lon="88.367985"><ele>3647</ele></trkpt>
      <trkpt lat="43.830849" lon="88.367857"><ele>3647</ele></trkpt>
      <trkpt lat="43.830846" lon="88.367728"><ele>3646</ele></trkpt>
      <trkpt lat="43.830868" lon="88.367605"><ele>3647</ele></trkpt>
      <trkpt lat="43.830871" lon="88.367478"><ele>3648</ele></trkpt>
      <trkpt lat="43.830838" lon="88.367357"><ele>3649</ele></trkpt>
      <trkpt lat="43.830825" lon="88.367227"><ele>3650</ele></trkpt>
      <trkpt lat="43.830798" lon="88.367099"><ele>3650</ele></trkpt>
      <trkpt lat="43.830787" lon="88.366969"><ele>3649</ele></trkpt>
      <trkpt lat="43.830765" lon="88.366842"><ele>3647</ele></trkpt>
      <trkpt lat="43.830746" lon="88.366714"><ele>3648</ele></trkpt>
      <trkpt lat="43.830729" lon="88.366591"><ele>3649</ele></trkpt>
      <trkpt lat="43.83071" lon="88.36646"><ele>3650</ele></trkpt>
      <trkpt lat="43.830704" lon="88.366331"><ele>3651</ele></trkpt>
      <trkpt lat="43.830664" lon="88.366208"><ele>3650</ele></trkpt>
      <trkpt lat="43.830611" lon="88.366103"><ele>3652</ele></trkpt>
      <trkpt lat="43.830575" lon="88.365983"><ele>3653</ele></trkpt>
      <trkpt lat="43.830549" lon="88.365861"><ele>3653</ele></trkpt>
      <trkpt lat="43.830505" lon="88.365751"><ele>3654</ele></trkpt>
      <trkpt lat="43.830465" lon="88.365629"><ele>3655</ele></trkpt>
      <trkpt lat="43.830418" lon="88.365521"><ele>3654</ele></trkpt>
      <trkpt lat="43.830378" lon="88.365409"><ele>3657</ele></trkpt>
      <trkpt lat="43.830368" lon="88.365283"><ele>3657</ele></trkpt>
      <trkpt lat="43.830347" lon="88.365162"><ele>3658</ele></trkpt>
      <trkpt lat="43.830344" lon="88.365036"><ele>3658</ele></trkpt>
      <trkpt lat="43.830343" lon="88.364912"><ele>3659</ele></trkpt>
      <trkpt lat="43.83032" lon="88.364792"><ele>3658</ele></trkpt>
      <trkpt lat="43.830253" lon="88.364704"><ele>3659</ele></trkpt>
      <trkpt lat="43.830194" lon="88.364599"><ele>3660</ele></trkpt>
      <trkpt lat="43.830133" lon="88.364505"><ele>3659</ele></trkpt>
      <trkpt lat="43.830092" lon="88.364382"><ele>3661</ele></trkpt>
      <trkpt lat="43.830049" lon="88.364269"><ele>3663</ele></trkpt>
      <trkpt lat="43.829995" lon="88.364162"><ele>3666</ele></trkpt>
      <trkpt lat="43.829979" lon="88.364039"><ele>3666</ele></trkpt>
      <trkpt lat="43.829923" lon="88.363933"><ele>3666</ele></trkpt>
      <trkpt lat="43.829878" lon="88.363826"><ele>3669</ele></trkpt>
      <trkpt lat="43.829832" lon="88.363709"><ele>3670</ele></trkpt>
      <trkpt lat="43.829776" lon="88.363606"><ele>3671</ele></trkpt>
      <trkpt lat="43.829725" lon="88.363501"><ele>3674</ele></trkpt>
      <trkpt lat="43.829666" lon="88.363402"><ele>3674</ele></trkpt>
      <trkpt lat="43.829606" lon="88.363308"><ele>3675</ele></trkpt>
      <trkpt lat="43.829559" lon="88.363192"><ele>3676</ele></trkpt>
      <trkpt lat="43.829559" lon="88.363063"><ele>3677</ele></trkpt>
      <trkpt lat="43.829597" lon="88.362946"><ele>3677</ele></trkpt>
      <trkpt lat="43.82962" lon="88.362825"><ele>3675</ele></trkpt>
      <trkpt lat="43.829696" lon="88.36275"><ele>3675</ele></trkpt>
      <trkpt lat="43.829713" lon="88.362624"><ele>3674</ele></trkpt>
      <trkpt lat="43.829789" lon="88.362551"><ele>3674</ele></trkpt>
      <trkpt lat="43.82987" lon="88.36249"><ele>3673</ele></trkpt>
      <trkpt lat="43.829901" lon="88.362373"><ele>3670</ele></trkpt>
      <trkpt lat="43.829956" lon="88.362274"><ele>3669</ele></trkpt>
      <trkpt lat="43.830043" lon="88.362224"><ele>3667</ele></trkpt>
      <trkpt lat="43.830088" lon="88.362115"><ele>3664</ele></trkpt>
      <trkpt lat="43.83015" lon="88.362019"><ele>3661</ele></trkpt>
      <trkpt lat="43.830234" lon="88.361967"><ele>3659</ele></trkpt>
      <trkpt lat="43.830291" lon="88.361871"><ele>3658</ele></trkpt>
      <trkpt lat="43.830333" lon="88.361752"><ele>3656</ele></trkpt>
      <trkpt lat="43.83042" lon="88.361703"><ele>3656</ele></trkpt>
      <trkpt lat="43.830512" lon="88.361674"><ele>3653</ele></trkpt>
      <trkpt lat="43.830581" lon="88.361594"><ele>3655</ele></trkpt>
      <trkpt lat="43.830669" lon="88.361523"><ele>3656</ele></trkpt>
      <trkpt lat="43.830674" lon="88.361399"><ele>3652</ele></trkpt>
      <trkpt lat="43.830685" lon="88.36127"><ele>3657</ele></trkpt>
      <trkpt lat="43.830641" lon="88.36116"><ele>3657</ele></trkpt>
      <trkpt lat="43.830663" lon="88.361033"><ele>3655</ele></trkpt>
      <trkpt lat="43.830708" lon="88.360923"><ele>3656</ele></trkpt>
      <trkpt lat="43.830753" lon="88.360809"><ele>3656</ele></trkpt>
      <trkpt lat="43.830775" lon="88.360683"><ele>3655</ele></trkpt>
      <trkpt lat="43.830735" lon="88.36057"><ele>3655</ele></trkpt>
      <trkpt lat="43.830727" lon="88.360437"><ele>3654</ele></trkpt>
      <trkpt lat="43.830737" lon="88.36031"><ele>3655</ele></trkpt>
      <trkpt lat="43.830681" lon="88.360206"><ele>3658</ele></trkpt>
      <trkpt lat="43.830615" lon="88.360117"><ele>3658</ele></trkpt>
      <trkpt lat="43.830553" lon="88.36002"><ele>3660</ele></trkpt>
      <trkpt lat="43.830489" lon="88.359926"><ele>3660</ele></trkpt>
      <trkpt lat="43.830439" lon="88.35982"><ele>3660</ele></trkpt>
      <trkpt lat="43.830381" lon="88.359721"><ele>3662</ele></trkpt>
      <trkpt lat="43.830337" lon="88.35961"><ele>3662</ele></trkpt>
      <trkpt lat="43.83027" lon="88.35952"><ele>3664</ele></trkpt>
      <trkpt lat="43.830212" lon="88.359421"><ele>3664</ele></trkpt>
      <trkpt lat="43.830165" lon="88.359312"><ele>3666</ele></trkpt>
      <trkpt lat="43.830097" lon="88.359219"><ele>3667</ele></trkpt>
      <trkpt lat="43.83007" lon="88.359098"><ele>3669</ele></trkpt>
      <trkpt lat="43.830024" lon="88.358984"><ele>3670</ele></trkpt>
      <trkpt lat="43.829963" lon="88.358891"><ele>3670</ele></trkpt>
      <trkpt lat="43.829903" lon="88.358797"><ele>3672</ele></trkpt>
      <trkpt lat="43.829841" lon="88.358705"><ele>3675</ele></trkpt>
      <trkpt lat="43.829779" lon="88.358612"><ele>3676</ele></trkpt>
      <trkpt lat="43.829721" lon="88.358515"><ele>3676</ele></trkpt>
      <trkpt lat="43.829672" lon="88.358406"><ele>3677</ele></trkpt>
      <trkpt lat="43.829619" lon="88.358304"><ele>3680</ele></trkpt>
      <trkpt lat="43.829562" lon="88.358202"><ele>3681</ele></trkpt>
      <trkpt lat="43.829505" lon="88.358104"><ele>3682</ele></trkpt>
      <trkpt lat="43.829456" lon="88.357998"><ele>3684</ele></trkpt>
      <trkpt lat="43.829411" lon="88.357886"><ele>3685</ele></trkpt>
      <trkpt lat="43.82938" lon="88.357768"><ele>3686</ele></trkpt>
      <trkpt lat="43.829323" lon="88.357669"><ele>3687</ele></trkpt>
      <trkpt lat="43.829247" lon="88.357594"><ele>3688</ele></trkpt>
      <trkpt lat="43.829279" lon="88.357475"><ele>3688</ele></trkpt>
      <trkpt lat="43.829247" lon="88.357354"><ele>3691</ele></trkpt>
      <trkpt lat="43.829209" lon="88.35724"><ele>3691</ele></trkpt>
      <trkpt lat="43.829185" lon="88.357117"><ele>3691</ele></trkpt>
      <trkpt lat="43.829153" lon="88.357001"><ele>3693</ele></trkpt>
      <trkpt lat="43.829138" lon="88.356874"><ele>3694</ele></trkpt>
      <trkpt lat="43.829095" lon="88.356763"><ele>3697</ele></trkpt>
      <trkpt lat="43.829052" lon="88.356649"><ele>3697</ele></trkpt>
      <trkpt lat="43.829017" lon="88.356533"><ele>3700</ele></trkpt>
      <trkpt lat="43.828973" lon="88.356425"><ele>3700</ele></trkpt>
      <trkpt lat="43.828942" lon="88.356307"><ele>3702</ele></trkpt>
      <trkpt lat="43.828892" lon="88.356203"><ele>3703</ele></trkpt>
      <trkpt lat="43.828829" lon="88.356114"><ele>3705</ele></trkpt>
      <trkpt lat="43.82878" lon="88.356003"><ele>3707</ele></trkpt>
      <trkpt lat="43.828719" lon="88.355908"><ele>3710</ele></trkpt>
      <trkpt lat="43.828658" lon="88.355813"><ele>3712</ele></trkpt>
      <trkpt lat="43.828624" lon="88.355695"><ele>3711</ele></trkpt>
      <trkpt lat="43.828597" lon="88.355573"><ele>3710</ele></trkpt>
      <trkpt lat="43.828669" lon="88.355494"><ele>3709</ele></trkpt>
      <trkpt lat="43.828696" lon="88.355373"><ele>3710</ele></trkpt>
      <trkpt lat="43.828689" lon="88.355247"><ele>3713</ele></trkpt>
      <trkpt lat="43.828659" lon="88.355121"><ele>3716</ele></trkpt>
      <trkpt lat="43.828652" lon="88.354996"><ele>3715</ele></trkpt>
      <trkpt lat="43.828654" lon="88.35487"><ele>3717</ele></trkpt>
      <trkpt lat="43.828626" lon="88.35475"><ele>3720</ele></trkpt>
      <trkpt lat="43.828608" lon="88.354625"><ele>3722</ele></trkpt>
      <trkpt lat="43.828588" lon="88.354501"><ele>3723</ele></trkpt>
      <trkpt lat="43.828565" lon="88.354377"><ele>3727</ele></trkpt>
      <trkpt lat="43.828561" lon="88.354251"><ele>3727</ele></trkpt>
      <trkpt lat="43.828546" lon="88.354127"><ele>3730</ele></trkpt>
      <trkpt lat="43.828538" lon="88.354003"><ele>3733</ele></trkpt>
      <trkpt lat="43.828531" lon="88.353877"><ele>3731</ele></trkpt>
      <trkpt lat="43.828504" lon="88.353757"><ele>3736</ele></trkpt>
      <trkpt lat="43.828482" lon="88.353637"><ele>3738</ele></trkpt>
      <trkpt lat="43.828455" lon="88.353517"><ele>3739</ele></trkpt>
      <trkpt lat="43.828454" lon="88.353392"><ele>3740</ele></trkpt>
      <trkpt lat="43.828422" lon="88.353276"><ele>3742</ele></trkpt>
      <trkpt lat="43.828424" lon="88.35315"><ele>3740</ele></trkpt>
      <trkpt lat="43.828385" lon="88.353032"><ele>3743</ele></trkpt>
      <trkpt lat="43.828367" lon="88.352909"><ele>3745</ele></trkpt>
      <trkpt lat="43.828351" lon="88.352785"><ele>3747</ele></trkpt>
      <trkpt lat="43.828337" lon="88.35266"><ele>3749</ele></trkpt>
      <trkpt lat="43.828311" lon="88.352538"><ele>3749</ele></trkpt>
      <trkpt lat="43.828292" lon="88.352412"><ele>3750</ele></trkpt>
      <trkpt lat="43.828282" lon="88.352286"><ele>3751</ele></trkpt>
      <trkpt lat="43.828273" lon="88.352152"><ele>3751</ele></trkpt>
      <trkpt lat="43.828267" lon="88.352026"><ele>3753</ele></trkpt>
      <trkpt lat="43.828251" lon="88.3519"><ele>3752</ele></trkpt>
      <trkpt lat="43.828231" lon="88.351778"><ele>3753</ele></trkpt>
      <trkpt lat="43.82823" lon="88.351643"><ele>3750</ele></trkpt>
      <trkpt lat="43.828208" lon="88.35151"><ele>3753</ele></trkpt>
      <trkpt lat="43.828197" lon="88.351381"><ele>3753</ele></trkpt>
      <trkpt lat="43.828192" lon="88.351255"><ele>3753</ele></trkpt>
      <trkpt lat="43.828156" lon="88.351137"><ele>3754</ele></trkpt>
      <trkpt lat="43.828131" lon="88.351016"><ele>3755</ele></trkpt>
      <trkpt lat="43.828129" lon="88.35089"><ele>3756</ele></trkpt>
      <trkpt lat="43.82811" lon="88.350763"><ele>3757</ele></trkpt>
      <trkpt lat="43.828108" lon="88.350634"><ele>3758</ele></trkpt>
      <trkpt lat="43.828104" lon="88.350503"><ele>3758</ele></trkpt>
      <trkpt lat="43.828083" lon="88.350374"><ele>3760</ele></trkpt>
      <trkpt lat="43.828087" lon="88.350248"><ele>3760</ele></trkpt>
      <trkpt lat="43.828078" lon="88.35012"><ele>3760</ele></trkpt>
      <trkpt lat="43.828069" lon="88.349995"><ele>3760</ele></trkpt>
      <trkpt lat="43.828059" lon="88.349864"><ele>3761</ele></trkpt>
      <trkpt lat="43.828044" lon="88.34974"><ele>3764</ele></trkpt>
      <trkpt lat="43.828022" lon="88.349614"><ele>3765</ele></trkpt>
      <trkpt lat="43.828029" lon="88.349481"><ele>3764</ele></trkpt>
      <trkpt lat="43.828008" lon="88.349354"><ele>3765</ele></trkpt>
      <trkpt lat="43.828002" lon="88.349225"><ele>3764</ele></trkpt>
      <trkpt lat="43.82791" lon="88.349187"><ele>3764</ele></trkpt>
      <trkpt lat="43.827845" lon="88.349098"><ele>3766</ele></trkpt>
      <trkpt lat="43.827792" lon="88.348993"><ele>3764</ele></trkpt>
      <trkpt lat="43.827762" lon="88.348872"><ele>3767</ele></trkpt>
      <trkpt lat="43.827694" lon="88.348789"><ele>3769</ele></trkpt>
      <trkpt lat="43.827635" lon="88.348686"><ele>3767</ele></trkpt>
      <trkpt lat="43.827592" lon="88.348562"><ele>3767</ele></trkpt>
      <trkpt lat="43.827552" lon="88.348442"><ele>3771</ele></trkpt>
      <trkpt lat="43.827521" lon="88.348325"><ele>3770</ele></trkpt>
      <trkpt lat="43.827454" lon="88.348226"><ele>3771</ele></trkpt>
      <trkpt lat="43.827409" lon="88.348117"><ele>3772</ele></trkpt>
      <trkpt lat="43.827354" lon="88.34801"><ele>3773</ele></trkpt>
      <trkpt lat="43.827304" lon="88.347905"><ele>3773</ele></trkpt>
      <trkpt lat="43.827251" lon="88.347801"><ele>3776</ele></trkpt>
      <trkpt lat="43.827203" lon="88.347693"><ele>3776</ele></trkpt>
      <trkpt lat="43.827155" lon="88.347587"><ele>3777</ele></trkpt>
      <trkpt lat="43.827105" lon="88.347472"><ele>3779</ele></trkpt>
      <trkpt lat="43.827051" lon="88.347362"><ele>3779</ele></trkpt>
      <trkpt lat="43.827004" lon="88.347255"><ele>3780</ele></trkpt>
      <trkpt lat="43.826951" lon="88.347146"><ele>3780</ele></trkpt>
      <trkpt lat="43.826899" lon="88.347045"><ele>3780</ele></trkpt>
      <trkpt lat="43.826868" lon="88.346925"><ele>3782</ele></trkpt>
      <trkpt lat="43.826803" lon="88.346838"><ele>3782</ele></trkpt>
      <trkpt lat="43.826739" lon="88.346746"><ele>3783</ele></trkpt>
      <trkpt lat="43.826678" lon="88.346646"><ele>3784</ele></trkpt>
      <trkpt lat="43.826617" lon="88.346551"><ele>3784</ele></trkpt>
      <trkpt lat="43.826562" lon="88.346441"><ele>3784</ele></trkpt>
      <trkpt lat="43.826502" lon="88.346343"><ele>3784</ele></trkpt>
      <trkpt lat="43.82645" lon="88.34624"><ele>3785</ele></trkpt>
      <trkpt lat="43.826394" lon="88.346141"><ele>3785</ele></trkpt>
      <trkpt lat="43.826321" lon="88.346057"><ele>3786</ele></trkpt>
      <trkpt lat="43.82626" lon="88.345956"><ele>3784</ele></trkpt>
      <trkpt lat="43.826216" lon="88.345846"><ele>3785</ele></trkpt>
      <trkpt lat="43.826146" lon="88.345749"><ele>3785</ele></trkpt>
      <trkpt lat="43.826063" lon="88.345694"><ele>3786</ele></trkpt>
      <trkpt lat="43.826051" lon="88.345569"><ele>3788</ele></trkpt>
      <trkpt lat="43.825961" lon="88.345541"><ele>3787</ele></trkpt>
      <trkpt lat="43.825892" lon="88.345459"><ele>3787</ele></trkpt>
      <trkpt lat="43.825819" lon="88.345379"><ele>3788</ele></trkpt>
      <trkpt lat="43.825739" lon="88.345316"><ele>3789</ele></trkpt>
      <trkpt lat="43.825655" lon="88.345265"><ele>3790</ele></trkpt>
      <trkpt lat="43.82558" lon="88.345194"><ele>3788</ele></trkpt>
      <trkpt lat="43.825518" lon="88.345103"><ele>3789</ele></trkpt>
      <trkpt lat="43.825465" lon="88.344998"><ele>3788</ele></trkpt>
      <trkpt lat="43.825407" lon="88.344898"><ele>3792</ele></trkpt>
      <trkpt lat="43.825345" lon="88.344803"><ele>3793</ele></trkpt>
      <trkpt lat="43.825296" lon="88.344692"><ele>3795</ele></trkpt>
      <trkpt lat="43.825218" lon="88.344621"><ele>3797</ele></trkpt>
      <trkpt lat="43.825131" lon="88.34459"><ele>3799</ele></trkpt>
      <trkpt lat="43.825042" lon="88.344565"><ele>3800</ele></trkpt>
      <trkpt lat="43.824949" lon="88.344532"><ele>3802</ele></trkpt>
      <trkpt lat="43.824849" lon="88.344532"><ele>3802</ele></trkpt>
      <trkpt lat="43.824757" lon="88.344558"><ele>3805</ele></trkpt>
      <trkpt lat="43.824669" lon="88.344511"><ele>3804</ele></trkpt>
      <trkpt lat="43.824583" lon="88.344463"><ele>3806</ele></trkpt>
      <trkpt lat="43.82449" lon="88.34444"><ele>3808</ele></trkpt>
      <trkpt lat="43.824405" lon="88.34439"><ele>3812</ele></trkpt>
      <trkpt lat="43.824324" lon="88.344329"><ele>3813</ele></trkpt>
      <trkpt lat="43.824242" lon="88.344271"><ele>3817</ele></trkpt>
      <trkpt lat="43.824157" lon="88.344216"><ele>3816</ele></trkpt>
      <trkpt lat="43.824086" lon="88.344127"><ele>3817</ele></trkpt>
      <trkpt lat="43.824049" lon="88.344011"><ele>3817</ele></trkpt>
      <trkpt lat="43.823976" lon="88.343931"><ele>3820</ele></trkpt>
      <trkpt lat="43.823882" lon="88.343902"><ele>3821</ele></trkpt>
      <trkpt lat="43.823801" lon="88.343851"><ele>3823</ele></trkpt>
      <trkpt lat="43.823711" lon="88.343838"><ele>3827</ele></trkpt>
      <trkpt lat="43.823629" lon="88.34378"><ele>3828</ele></trkpt>
      <trkpt lat="43.823542" lon="88.343734"><ele>3830</ele></trkpt>
      <trkpt lat="43.82345" lon="88.34373"><ele>3834</ele></trkpt>
      <trkpt lat="43.823374" lon="88.343659"><ele>3838</ele></trkpt>
      <trkpt lat="43.823292" lon="88.343593"><ele>3841</ele></trkpt>
      <trkpt lat="43.823212" lon="88.343526"><ele>3841</ele></trkpt>
      <trkpt lat="43.823141" lon="88.343449"><ele>3845</ele></trkpt>
      <trkpt lat="43.823079" lon="88.343356"><ele>3845</ele></trkpt>
      <trkpt lat="43.823003" lon="88.343284"><ele>3846</ele></trkpt>
      <trkpt lat="43.822917" lon="88.343241"><ele>3851</ele></trkpt>
      <trkpt lat="43.822838" lon="88.343174"><ele>3852</ele></trkpt>
      <trkpt lat="43.822755" lon="88.343114"><ele>3854</ele></trkpt>
      <trkpt lat="43.822673" lon="88.343056"><ele>3857</ele></trkpt>
      <trkpt lat="43.822607" lon="88.342969"><ele>3857</ele></trkpt>
      <trkpt lat="43.822552" lon="88.342861"><ele>3858</ele></trkpt>
      <trkpt lat="43.822475" lon="88.342796"><ele>3861</ele></trkpt>
      <trkpt lat="43.822413" lon="88.342699"><ele>3861</ele></trkpt>
      <trkpt lat="43.822334" lon="88.342633"><ele>3863</ele></trkpt>
      <trkpt lat="43.822268" lon="88.342541"><ele>3864</ele></trkpt>
      <trkpt lat="43.822218" lon="88.342437"><ele>3866</ele></trkpt>
      <trkpt lat="43.822156" lon="88.342341"><ele>3869</ele></trkpt>
      <trkpt lat="43.822108" lon="88.342232"><ele>3875</ele></trkpt>
      <trkpt lat="43.822061" lon="88.342118"><ele>3876</ele></trkpt>
      <trkpt lat="43.821996" lon="88.342026"><ele>3878</ele></trkpt>
      <trkpt lat="43.821948" lon="88.341921"><ele>3881</ele></trkpt>
      <trkpt lat="43.821869" lon="88.34186"><ele>3883</ele></trkpt>
      <trkpt lat="43.821837" lon="88.34174"><ele>3887</ele></trkpt>
      <trkpt lat="43.821808" lon="88.341623"><ele>3889</ele></trkpt>
      <trkpt lat="43.821719" lon="88.34159"><ele>3888</ele></trkpt>
      <trkpt lat="43.82166" lon="88.341492"><ele>3888</ele></trkpt>
      <trkpt lat="43.821582" lon="88.341425"><ele>3889</ele></trkpt>
      <trkpt lat="43.821523" lon="88.341327"><ele>3885</ele></trkpt>
      <trkpt lat="43.821433" lon="88.341347"><ele>3888</ele></trkpt>
      <trkpt lat="43.821338" lon="88.341333"><ele>3892</ele></trkpt>
      <trkpt lat="43.821248" lon="88.341296"><ele>3899</ele></trkpt>
      <trkpt lat="43.821205" lon="88.341183"><ele>3900</ele></trkpt>
      <trkpt lat="43.821233" lon="88.341061"><ele>3900</ele></trkpt>
      <trkpt lat="43.821188" lon="88.340952"><ele>3905</ele></trkpt>
      <trkpt lat="43.821113" lon="88.340882"><ele>3903</ele></trkpt>
      <trkpt lat="43.821051" lon="88.340789"><ele>3911</ele></trkpt>
      <trkpt lat="43.821009" lon="88.34068"><ele>3910</ele></trkpt>
      <trkpt lat="43.820945" lon="88.340589"><ele>3916</ele></trkpt>
      <trkpt lat="43.820857" lon="88.340548"><ele>3919</ele></trkpt>
      <trkpt lat="43.820821" lon="88.340433"><ele>3926</ele></trkpt>
      <trkpt lat="43.820795" lon="88.340312"><ele>3926</ele></trkpt>
      <trkpt lat="43.820721" lon="88.34024"><ele>3934</ele></trkpt>
      <trkpt lat="43.820631" lon="88.340213"><ele>3936</ele></trkpt>
      <trkpt lat="43.820544" lon="88.340163"><ele>3935</ele></trkpt>
      <trkpt lat="43.820564" lon="88.340042"><ele>3935</ele></trkpt>
      <trkpt lat="43.820523" lon="88.339931"><ele>3940</ele></trkpt>
      <trkpt lat="43.820501" lon="88.33981"><ele>3951</ele></trkpt>
      <trkpt lat="43.820487" lon="88.33968"><ele>3952</ele></trkpt>
      <trkpt lat="43.820463" lon="88.33956"><ele>3958</ele></trkpt>
      <trkpt lat="43.820465" lon="88.339434"><ele>3957</ele></trkpt>
      <trkpt lat="43.820462" lon="88.339307"><ele>3954</ele></trkpt>
      <trkpt lat="43.820481" lon="88.339173"><ele>3956</ele></trkpt>
      <trkpt lat="43.820418" lon="88.33908"><ele>3962</ele></trkpt>
      <trkpt lat="43.820407" lon="88.338946"><ele>3965</ele></trkpt>
      <trkpt lat="43.820381" lon="88.338824"><ele>3965</ele></trkpt>
      <trkpt lat="43.82035" lon="88.338701"><ele>3969</ele></trkpt>
      <trkpt lat="43.820328" lon="88.338577"><ele>3971</ele></trkpt>
      <trkpt lat="43.820298" lon="88.338453"><ele>3973</ele></trkpt>
      <trkpt lat="43.820292" lon="88.338325"><ele>3976</ele></trkpt>
      <trkpt lat="43.820282" lon="88.338191"><ele>3978</ele></trkpt>
      <trkpt lat="43.8202" lon="88.338126"><ele>3981</ele></trkpt>
      <trkpt lat="43.820154" lon="88.338009"><ele>3982</ele></trkpt>
      <trkpt lat="43.820133" lon="88.337882"><ele>3985</ele></trkpt>
      <trkpt lat="43.820145" lon="88.33775"><ele>3987</ele></trkpt>
      <trkpt lat="43.820134" lon="88.337625"><ele>3992</ele></trkpt>
      <trkpt lat="43.820221" lon="88.337592"><ele>3991</ele></trkpt>
      <trkpt lat="43.820166" lon="88.337478"><ele>3982</ele></trkpt>
      <trkpt lat="43.820128" lon="88.337592"><ele>3987</ele></trkpt>
      <trkpt lat="43.820104" lon="88.337471"><ele>3988</ele></trkpt>
      <trkpt lat="43.820066" lon="88.337355"><ele>3988</ele></trkpt>
      <trkpt lat="43.82005" lon="88.337225"><ele>3988</ele></trkpt>
      <trkpt lat="43.820026" lon="88.337103"><ele>3993</ele></trkpt>
      <trkpt lat="43.819972" lon="88.337002"><ele>3993</ele></trkpt>
      <trkpt lat="43.819922" lon="88.336898"><ele>3996</ele></trkpt>
      <trkpt lat="43.819884" lon="88.33678"><ele>4001</ele></trkpt>
      <trkpt lat="43.819872" lon="88.336653"><ele>4005</ele></trkpt>
      <trkpt lat="43.819809" lon="88.336549"><ele>4007</ele></trkpt>
      <trkpt lat="43.819766" lon="88.336434"><ele>4014</ele></trkpt>
      <trkpt lat="43.819711" lon="88.336333"><ele>4022</ele></trkpt>
      <trkpt lat="43.819662" lon="88.336217"><ele>4035</ele></trkpt>
      <trkpt lat="43.819577" lon="88.336174"><ele>4038</ele></trkpt>
      <trkpt lat="43.819557" lon="88.336049"><ele>4039</ele></trkpt>
      <trkpt lat="43.8195" lon="88.335953"><ele>4041</ele></trkpt>
      <trkpt lat="43.819439" lon="88.335858"><ele>4046</ele></trkpt>
      <trkpt lat="43.819405" lon="88.335742"><ele>4049</ele></trkpt>
      <trkpt lat="43.819338" lon="88.335652"><ele>4049</ele></trkpt>
      <trkpt lat="43.819277" lon="88.335561"><ele>4053</ele></trkpt>
      <trkpt lat="43.81919" lon="88.335496"><ele>4060</ele></trkpt>
      <trkpt lat="43.8191" lon="88.335484"><ele>4063</ele></trkpt>
      <trkpt lat="43.819008" lon="88.335486"><ele>4069</ele></trkpt>
      <trkpt lat="43.818929" lon="88.335407"><ele>4065</ele></trkpt>
      <trkpt lat="43.818834" lon="88.335413"><ele>4069</ele></trkpt>
      <trkpt lat="43.818744" lon="88.335427"><ele>4076</ele></trkpt>
      <trkpt lat="43.81865" lon="88.335447"><ele>4086</ele></trkpt>
      <trkpt lat="43.818558" lon="88.335427"><ele>4092</ele></trkpt>
      <trkpt lat="43.818483" lon="88.335358"><ele>4093</ele></trkpt>
      <trkpt lat="43.818402" lon="88.335286"><ele>4093</ele></trkpt>
      <trkpt lat="43.818311" lon="88.335284"><ele>4099</ele></trkpt>
      <trkpt lat="43.818225" lon="88.335236"><ele>4100</ele></trkpt>
      <trkpt lat="43.81813" lon="88.335247"><ele>4104</ele></trkpt>
      <trkpt lat="43.818046" lon="88.335197"><ele>4105</ele></trkpt>
      <trkpt lat="43.817956" lon="88.335183"><ele>4113</ele></trkpt>
      <trkpt lat="43.81788" lon="88.335095"><ele>4113</ele></trkpt>
      <trkpt lat="43.817784" lon="88.335073"><ele>4120</ele></trkpt>
      <trkpt lat="43.817724" lon="88.334974"><ele>4124</ele></trkpt>
      <trkpt lat="43.817655" lon="88.334892"><ele>4126</ele></trkpt>
      <trkpt lat="43.817567" lon="88.334921"><ele>4126</ele></trkpt>
      <trkpt lat="43.817581" lon="88.334789"><ele>4135</ele></trkpt>
      <trkpt lat="43.81759" lon="88.334665"><ele>4128</ele></trkpt>
      <trkpt lat="43.817542" lon="88.334554"><ele>4126</ele></trkpt>
      <trkpt lat="43.817532" lon="88.334428"><ele>4121</ele></trkpt>
      <trkpt lat="43.817544" lon="88.334304"><ele>4115</ele></trkpt>
      <trkpt lat="43.81749" lon="88.334197"><ele>4115</ele></trkpt>
      <trkpt lat="43.817426" lon="88.334098"><ele>4113</ele></trkpt>
      <trkpt lat="43.817381" lon="88.33398"><ele>4114</ele></trkpt>
      <trkpt lat="43.817344" lon="88.33386"><ele>4110</ele></trkpt>
      <trkpt lat="43.817394" lon="88.333756"><ele>4110</ele></trkpt>
      <trkpt lat="43.817484" lon="88.333741"><ele>4102</ele></trkpt>
      <trkpt lat="43.817494" lon="88.333617"><ele>4097</ele></trkpt>
      <trkpt lat="43.817434" lon="88.333519"><ele>4096</ele></trkpt>
      <trkpt lat="43.817376" lon="88.333417"><ele>4096</ele></trkpt>
      <trkpt lat="43.817465" lon="88.333401"><ele>4092</ele></trkpt>
      <trkpt lat="43.817556" lon="88.333431"><ele>4089</ele></trkpt>
      <trkpt lat="43.817645" lon="88.333459"><ele>4086</ele></trkpt>
      <trkpt lat="43.817706" lon="88.333362"><ele>4082</ele></trkpt>
      <trkpt lat="43.817795" lon="88.333339"><ele>4079</ele></trkpt>
      <trkpt lat="43.817765" lon="88.333215"><ele>4079</ele></trkpt>
      <trkpt lat="43.81784" lon="88.33313"><ele>4070</ele></trkpt>
      <trkpt lat="43.817867" lon="88.333011"><ele>4069</ele></trkpt>
      <trkpt lat="43.817874" lon="88.332886"><ele>4061</ele></trkpt>
      <trkpt lat="43.817918" lon="88.332776"><ele>4053</ele></trkpt>
      <trkpt lat="43.817962" lon="88.332665"><ele>4039</ele></trkpt>
      <trkpt lat="43.817999" lon="88.332546"><ele>4037</ele></trkpt>
      <trkpt lat="43.818071" lon="88.332462"><ele>4033</ele></trkpt>
      <trkpt lat="43.818055" lon="88.332336"><ele>4028</ele></trkpt>
      <trkpt lat="43.8181" lon="88.332228"><ele>4022</ele></trkpt>
      <trkpt lat="43.818121" lon="88.332106"><ele>4017</ele></trkpt>
      <trkpt lat="43.818191" lon="88.332021"><ele>4010</ele></trkpt>
      <trkpt lat="43.818247" lon="88.331918"><ele>4005</ele></trkpt>
      <trkpt lat="43.818288" lon="88.331805"><ele>3999</ele></trkpt>
      <trkpt lat="43.818266" lon="88.331682"><ele>4000</ele></trkpt>
      <trkpt lat="43.818229" lon="88.331565"><ele>3994</ele></trkpt>
      <trkpt lat="43.818272" lon="88.331455"><ele>3981</ele></trkpt>
      <trkpt lat="43.818302" lon="88.331337"><ele>3981</ele></trkpt>
      <trkpt lat="43.81833" lon="88.331218"><ele>3976</ele></trkpt>
      <trkpt lat="43.818354" lon="88.331091"><ele>3970</ele></trkpt>
      <trkpt lat="43.818373" lon="88.330967"><ele>3962</ele></trkpt>
      <trkpt lat="43.818398" lon="88.330842"><ele>3959</ele></trkpt>
      <trkpt lat="43.818405" lon="88.330716"><ele>3951</ele></trkpt>
      <trkpt lat="43.818432" lon="88.330596"><ele>3948</ele></trkpt>
      <trkpt lat="43.818471" lon="88.33048"><ele>3943</ele></trkpt>
      <trkpt lat="43.818537" lon="88.330389"><ele>3939</ele></trkpt>
      <trkpt lat="43.818526" lon="88.330263"><ele>3935</ele></trkpt>
      <trkpt lat="43.818516" lon="88.33013"><ele>3933</ele></trkpt>
      <trkpt lat="43.818458" lon="88.330021"><ele>3931</ele></trkpt>
      <trkpt lat="43.818456" lon="88.329888"><ele>3928</ele></trkpt>
      <trkpt lat="43.81845" lon="88.329759"><ele>3926</ele></trkpt>
      <trkpt lat="43.818468" lon="88.329634"><ele>3923</ele></trkpt>
      <trkpt lat="43.818423" lon="88.329523"><ele>3922</ele></trkpt>
      <trkpt lat="43.818372" lon="88.329417"><ele>3917</ele></trkpt>
      <trkpt lat="43.818414" lon="88.3293"><ele>3915</ele></trkpt>
      <trkpt lat="43.818397" lon="88.329171"><ele>3913</ele></trkpt>
      <trkpt lat="43.818419" lon="88.329043"><ele>3909</ele></trkpt>
      <trkpt lat="43.818363" lon="88.328935"><ele>3908</ele></trkpt>
      <trkpt lat="43.818349" lon="88.328812"><ele>3907</ele></trkpt>
      <trkpt lat="43.818295" lon="88.328704"><ele>3905</ele></trkpt>
      <trkpt lat="43.818265" lon="88.328572"><ele>3905</ele></trkpt>
      <trkpt lat="43.818244" lon="88.32843"><ele>3901</ele></trkpt>
      <trkpt lat="43.818241" lon="88.328299"><ele>3898</ele></trkpt>
      <trkpt lat="43.818278" lon="88.328174"><ele>3895</ele></trkpt>
      <trkpt lat="43.818333" lon="88.328069"><ele>3894</ele></trkpt>
      <trkpt lat="43.818354" lon="88.327938"><ele>3891</ele></trkpt>
      <trkpt lat="43.818351" lon="88.327811"><ele>3888</ele></trkpt>
      <trkpt lat="43.818392" lon="88.327699"><ele>3883</ele></trkpt>
      <trkpt lat="43.818421" lon="88.32757"><ele>3878</ele></trkpt>
      <trkpt lat="43.818428" lon="88.327445"><ele>3876</ele></trkpt>
      <trkpt lat="43.818431" lon="88.327318"><ele>3873</ele></trkpt>
      <trkpt lat="43.81841" lon="88.327194"><ele>3870</ele></trkpt>
      <trkpt lat="43.818378" lon="88.327073"><ele>3867</ele></trkpt>
      <trkpt lat="43.818368" lon="88.326942"><ele>3864</ele></trkpt>
      <trkpt lat="43.818378" lon="88.326817"><ele>3861</ele></trkpt>
      <trkpt lat="43.818339" lon="88.326695"><ele>3858</ele></trkpt>
      <trkpt lat="43.81829" lon="88.326586"><ele>3855</ele></trkpt>
      <trkpt lat="43.818271" lon="88.326464"><ele>3854</ele></trkpt>
      <trkpt lat="43.81823" lon="88.326351"><ele>3851</ele></trkpt>
      <trkpt lat="43.818207" lon="88.326229"><ele>3849</ele></trkpt>
      <trkpt lat="43.818153" lon="88.326116"><ele>3846</ele></trkpt>
      <trkpt lat="43.818129" lon="88.325989"><ele>3844</ele></trkpt>
      <trkpt lat="43.818075" lon="88.325884"><ele>3842</ele></trkpt>
      <trkpt lat="43.818061" lon="88.325757"><ele>3838</ele></trkpt>
      <trkpt lat="43.81799" lon="88.325645"><ele>3834</ele></trkpt>
      <trkpt lat="43.817938" lon="88.325533"><ele>3831</ele></trkpt>
      <trkpt lat="43.817913" lon="88.325409"><ele>3828</ele></trkpt>
      <trkpt lat="43.817838" lon="88.325322"><ele>3825</ele></trkpt>
      <trkpt lat="43.817789" lon="88.325207"><ele>3820</ele></trkpt>
      <trkpt lat="43.817728" lon="88.325094"><ele>3816</ele></trkpt>
      <trkpt lat="43.81772" lon="88.324964"><ele>3817</ele></trkpt>
      <trkpt lat="43.817662" lon="88.324862"><ele>3812</ele></trkpt>
      <trkpt lat="43.817619" lon="88.324747"><ele>3812</ele></trkpt>
      <trkpt lat="43.81755" lon="88.324659"><ele>3812</ele></trkpt>
      <trkpt lat="43.817635" lon="88.324594"><ele>3819</ele></trkpt>
      <trkpt lat="43.817523" lon="88.32464"><ele>3814</ele></trkpt>
      <trkpt lat="43.817494" lon="88.324518"><ele>3817</ele></trkpt>
      <trkpt lat="43.817475" lon="88.32445"><ele>3816</ele></trkpt>
      <trkpt lat="43.817477" lon="88.324325"><ele>3818</ele></trkpt>
      <trkpt lat="43.817441" lon="88.324206"><ele>3817</ele></trkpt>
      <trkpt lat="43.81747" lon="88.324084"><ele>3820</ele></trkpt>
      <trkpt lat="43.817462" lon="88.323955"><ele>3819</ele></trkpt>
      <trkpt lat="43.817412" lon="88.32385"><ele>3816</ele></trkpt>
      <trkpt lat="43.817365" lon="88.323743"><ele>3813</ele></trkpt>
      <trkpt lat="43.817299" lon="88.323648"><ele>3810</ele></trkpt>
      <trkpt lat="43.817324" lon="88.323516"><ele>3812</ele></trkpt>
      <trkpt lat="43.817341" lon="88.323388"><ele>3813</ele></trkpt>
      <trkpt lat="43.817332" lon="88.323261"><ele>3813</ele></trkpt>
      <trkpt lat="43.817272" lon="88.323164"><ele>3814</ele></trkpt>
      <trkpt lat="43.817259" lon="88.323036"><ele>3816</ele></trkpt>
      <trkpt lat="43.81727" lon="88.322911"><ele>3819</ele></trkpt>
      <trkpt lat="43.817225" lon="88.322801"><ele>3820</ele></trkpt>
      <trkpt lat="43.817159" lon="88.322714"><ele>3818</ele></trkpt>
      <trkpt lat="43.817168" lon="88.322587"><ele>3817</ele></trkpt>
      <trkpt lat="43.817095" lon="88.322513"><ele>3816</ele></trkpt>
      <trkpt lat="43.817086" lon="88.322382"><ele>3820</ele></trkpt>
      <trkpt lat="43.817109" lon="88.322256"><ele>3819</ele></trkpt>
      <trkpt lat="43.817052" lon="88.322153"><ele>3818</ele></trkpt>
      <trkpt lat="43.817076" lon="88.322032"><ele>3823</ele></trkpt>
      <trkpt lat="43.817091" lon="88.321908"><ele>3824</ele></trkpt>
      <trkpt lat="43.817082" lon="88.321777"><ele>3826</ele></trkpt>
      <trkpt lat="43.817059" lon="88.321654"><ele>3827</ele></trkpt>
      <trkpt lat="43.81702" lon="88.321533"><ele>3830</ele></trkpt>
      <trkpt lat="43.817009" lon="88.321408"><ele>3832</ele></trkpt>
      <trkpt lat="43.817" lon="88.321283"><ele>3831</ele></trkpt>
      <trkpt lat="43.816909" lon="88.321252"><ele>3835</ele></trkpt>
      <trkpt lat="43.816826" lon="88.321195"><ele>3833</ele></trkpt>
      <trkpt lat="43.81675" lon="88.321115"><ele>3835</ele></trkpt>
      <trkpt lat="43.816763" lon="88.320983"><ele>3838</ele></trkpt>
      <trkpt lat="43.816708" lon="88.32074"><ele>3841</ele></trkpt>
      <trkpt lat="43.816677" lon="88.320615"><ele>3841</ele></trkpt>
      <trkpt lat="43.816668" lon="88.320489"><ele>3841</ele></trkpt>
      <trkpt lat="43.816626" lon="88.320374"><ele>3843</ele></trkpt>
      <trkpt lat="43.816606" lon="88.320244"><ele>3843</ele></trkpt>
      <trkpt lat="43.816562" lon="88.320125"><ele>3845</ele></trkpt>
      <trkpt lat="43.816552" lon="88.319995"><ele>3843</ele></trkpt>
      <trkpt lat="43.816529" lon="88.319869"><ele>3843</ele></trkpt>
      <trkpt lat="43.816514" lon="88.319744"><ele>3843</ele></trkpt>
      <trkpt lat="43.816509" lon="88.319616"><ele>3844</ele></trkpt>
      <trkpt lat="43.816477" lon="88.319494"><ele>3843</ele></trkpt>
      <trkpt lat="43.816506" lon="88.319371"><ele>3840</ele></trkpt>
      <trkpt lat="43.8165" lon="88.319247"><ele>3840</ele></trkpt>
      <trkpt lat="43.816528" lon="88.31912"><ele>3840</ele></trkpt>
      <trkpt lat="43.816493" lon="88.319001"><ele>3838</ele></trkpt>
      <trkpt lat="43.816497" lon="88.318874"><ele>3838</ele></trkpt>
      <trkpt lat="43.816472" lon="88.318743"><ele>3839</ele></trkpt>
      <trkpt lat="43.816467" lon="88.318611"><ele>3838</ele></trkpt>
      <trkpt lat="43.816454" lon="88.318488"><ele>3837</ele></trkpt>
      <trkpt lat="43.816436" lon="88.318363"><ele>3837</ele></trkpt>
      <trkpt lat="43.816444" lon="88.31823"><ele>3836</ele></trkpt>
      <trkpt lat="43.816434" lon="88.318102"><ele>3835</ele></trkpt>
      <trkpt lat="43.816418" lon="88.317974"><ele>3835</ele></trkpt>
      <trkpt lat="43.816406" lon="88.317837"><ele>3835</ele></trkpt>
      <trkpt lat="43.816386" lon="88.317703"><ele>3834</ele></trkpt>
      <trkpt lat="43.816388" lon="88.317576"><ele>3833</ele></trkpt>
      <trkpt lat="43.816385" lon="88.317439"><ele>3832</ele></trkpt>
      <trkpt lat="43.816403" lon="88.317304"><ele>3831</ele></trkpt>
      <trkpt lat="43.81641" lon="88.317175"><ele>3831</ele></trkpt>
      <trkpt lat="43.81636" lon="88.317056"><ele>3830</ele></trkpt>
      <trkpt lat="43.816275" lon="88.317004"><ele>3829</ele></trkpt>
      <trkpt lat="43.816253" lon="88.316879"><ele>3829</ele></trkpt>
      <trkpt lat="43.816213" lon="88.316754"><ele>3827</ele></trkpt>
      <trkpt lat="43.816176" lon="88.316635"><ele>3826</ele></trkpt>
      <trkpt lat="43.816178" lon="88.31651"><ele>3824</ele></trkpt>
      <trkpt lat="43.816163" lon="88.316383"><ele>3824</ele></trkpt>
      <trkpt lat="43.816153" lon="88.316256"><ele>3823</ele></trkpt>
      <trkpt lat="43.816144" lon="88.316125"><ele>3822</ele></trkpt>
      <trkpt lat="43.816129" lon="88.315988"><ele>3820</ele></trkpt>
      <trkpt lat="43.8161" lon="88.315866"><ele>3818</ele></trkpt>
      <trkpt lat="43.8161" lon="88.31574"><ele>3816</ele></trkpt>
      <trkpt lat="43.816107" lon="88.315615"><ele>3815</ele></trkpt>
      <trkpt lat="43.816088" lon="88.315485"><ele>3813</ele></trkpt>
      <trkpt lat="43.816003" lon="88.315439"><ele>3812</ele></trkpt>
      <trkpt lat="43.815986" lon="88.315315"><ele>3809</ele></trkpt>
      <trkpt lat="43.81603" lon="88.315198"><ele>3809</ele></trkpt>
      <trkpt lat="43.816091" lon="88.31509"><ele>3808</ele></trkpt>
      <trkpt lat="43.816129" lon="88.314969"><ele>3806</ele></trkpt>
      <trkpt lat="43.816187" lon="88.314871"><ele>3805</ele></trkpt>
      <trkpt lat="43.816248" lon="88.314778"><ele>3804</ele></trkpt>
      <trkpt lat="43.816334" lon="88.314731"><ele>3803</ele></trkpt>
      <trkpt lat="43.816368" lon="88.31461"><ele>3801</ele></trkpt>
      <trkpt lat="43.816434" lon="88.314516"><ele>3799</ele></trkpt>
      <trkpt lat="43.816448" lon="88.314384"><ele>3796</ele></trkpt>
      <trkpt lat="43.816488" lon="88.314258"><ele>3793</ele></trkpt>
      <trkpt lat="43.816512" lon="88.314134"><ele>3793</ele></trkpt>
      <trkpt lat="43.816544" lon="88.314"><ele>3790</ele></trkpt>
      <trkpt lat="43.816562" lon="88.313873"><ele>3789</ele></trkpt>
      <trkpt lat="43.816605" lon="88.313746"><ele>3786</ele></trkpt>
      <trkpt lat="43.816673" lon="88.313646"><ele>3786</ele></trkpt>
      <trkpt lat="43.816755" lon="88.313583"><ele>3783</ele></trkpt>
      <trkpt lat="43.816831" lon="88.3135"><ele>3781</ele></trkpt>
      <trkpt lat="43.81687" lon="88.313387"><ele>3779</ele></trkpt>
      <trkpt lat="43.816879" lon="88.313264"><ele>3778</ele></trkpt>
      <trkpt lat="43.81694" lon="88.313164"><ele>3776</ele></trkpt>
      <trkpt lat="43.817035" lon="88.313131"><ele>3775</ele></trkpt>
      <trkpt lat="43.817103" lon="88.313046"><ele>3773</ele></trkpt>
      <trkpt lat="43.817084" lon="88.312912"><ele>3770</ele></trkpt>
      <trkpt lat="43.817126" lon="88.312796"><ele>3770</ele></trkpt>
      <trkpt lat="43.817159" lon="88.312671"><ele>3767</ele></trkpt>
      <trkpt lat="43.817156" lon="88.31254"><ele>3765</ele></trkpt>
      <trkpt lat="43.817196" lon="88.312419"><ele>3764</ele></trkpt>
      <trkpt lat="43.817239" lon="88.31228"><ele>3763</ele></trkpt>
      <trkpt lat="43.817279" lon="88.312167"><ele>3762</ele></trkpt>
      <trkpt lat="43.817314" lon="88.312045"><ele>3760</ele></trkpt>
      <trkpt lat="43.817315" lon="88.311916"><ele>3758</ele></trkpt>
      <trkpt lat="43.817326" lon="88.311783"><ele>3756</ele></trkpt>
      <trkpt lat="43.817299" lon="88.311656"><ele>3757</ele></trkpt>
      <trkpt lat="43.817206" lon="88.311612"><ele>3757</ele></trkpt>
      <trkpt lat="43.817121" lon="88.311558"><ele>3758</ele></trkpt>
      <trkpt lat="43.817024" lon="88.311511"><ele>3755</ele></trkpt>
      <trkpt lat="43.816929" lon="88.311505"><ele>3756</ele></trkpt>
      <trkpt lat="43.816835" lon="88.3115"><ele>3756</ele></trkpt>
      <trkpt lat="43.816741" lon="88.31153"><ele>3756</ele></trkpt>
      <trkpt lat="43.816651" lon="88.311549"><ele>3754</ele></trkpt>
      <trkpt lat="43.816568" lon="88.311495"><ele>3758</ele></trkpt>
      <trkpt lat="43.816527" lon="88.311375"><ele>3759</ele></trkpt>
      <trkpt lat="43.816522" lon="88.311243"><ele>3759</ele></trkpt>
      <trkpt lat="43.816528" lon="88.311112"><ele>3760</ele></trkpt>
      <trkpt lat="43.816508" lon="88.310986"><ele>3758</ele></trkpt>
      <trkpt lat="43.816513" lon="88.310858"><ele>3759</ele></trkpt>
      <trkpt lat="43.816511" lon="88.31073"><ele>3758</ele></trkpt>
      <trkpt lat="43.816535" lon="88.310604"><ele>3759</ele></trkpt>
      <trkpt lat="43.816488" lon="88.310495"><ele>3759</ele></trkpt>
      <trkpt lat="43.816497" lon="88.310361"><ele>3760</ele></trkpt>
      <trkpt lat="43.816493" lon="88.310233"><ele>3759</ele></trkpt>
      <trkpt lat="43.816494" lon="88.310098"><ele>3758</ele></trkpt>
      <trkpt lat="43.816514" lon="88.309976"><ele>3759</ele></trkpt>
      <trkpt lat="43.816499" lon="88.309843"><ele>3759</ele></trkpt>
      <trkpt lat="43.816464" lon="88.309727"><ele>3761</ele></trkpt>
      <trkpt lat="43.816494" lon="88.309609"><ele>3762</ele></trkpt>
      <trkpt lat="43.816471" lon="88.309487"><ele>3761</ele></trkpt>
      <trkpt lat="43.816464" lon="88.309355"><ele>3760</ele></trkpt>
      <trkpt lat="43.816471" lon="88.30923"><ele>3760</ele></trkpt>
      <trkpt lat="43.816488" lon="88.3091"><ele>3761</ele></trkpt>
      <trkpt lat="43.816486" lon="88.308966"><ele>3760</ele></trkpt>
      <trkpt lat="43.816531" lon="88.308849"><ele>3756</ele></trkpt>
      <trkpt lat="43.816564" lon="88.308728"><ele>3757</ele></trkpt>
      <trkpt lat="43.816647" lon="88.308669"><ele>3756</ele></trkpt>
      <trkpt lat="43.816679" lon="88.308549"><ele>3756</ele></trkpt>
      <trkpt lat="43.816694" lon="88.30842"><ele>3756</ele></trkpt>
      <trkpt lat="43.816726" lon="88.308296"><ele>3755</ele></trkpt>
      <trkpt lat="43.81675" lon="88.308173"><ele>3753</ele></trkpt>
      <trkpt lat="43.816756" lon="88.308041"><ele>3752</ele></trkpt>
      <trkpt lat="43.816798" lon="88.307925"><ele>3751</ele></trkpt>
      <trkpt lat="43.816761" lon="88.307798"><ele>3750</ele></trkpt>
      <trkpt lat="43.816777" lon="88.307662"><ele>3748</ele></trkpt>
      <trkpt lat="43.816804" lon="88.307541"><ele>3747</ele></trkpt>
      <trkpt lat="43.816831" lon="88.307422"><ele>3746</ele></trkpt>
      <trkpt lat="43.816858" lon="88.307295"><ele>3746</ele></trkpt>
      <trkpt lat="43.816886" lon="88.307162"><ele>3743</ele></trkpt>
      <trkpt lat="43.816879" lon="88.30703"><ele>3742</ele></trkpt>
      <trkpt lat="43.816885" lon="88.306902"><ele>3741</ele></trkpt>
      <trkpt lat="43.816874" lon="88.306776"><ele>3739</ele></trkpt>
      <trkpt lat="43.816829" lon="88.306654"><ele>3736</ele></trkpt>
      <trkpt lat="43.816822" lon="88.306523"><ele>3737</ele></trkpt>
      <trkpt lat="43.816795" lon="88.306399"><ele>3735</ele></trkpt>
      <trkpt lat="43.81676" lon="88.30628"><ele>3735</ele></trkpt>
      <trkpt lat="43.816757" lon="88.30615"><ele>3734</ele></trkpt>
      <trkpt lat="43.81673" lon="88.30603"><ele>3733</ele></trkpt>
      <trkpt lat="43.816701" lon="88.305913"><ele>3732</ele></trkpt>
      <trkpt lat="43.816678" lon="88.305785"><ele>3731</ele></trkpt>
      <trkpt lat="43.816661" lon="88.305658"><ele>3731</ele></trkpt>
      <trkpt lat="43.816656" lon="88.305533"><ele>3730</ele></trkpt>
      <trkpt lat="43.816613" lon="88.305421"><ele>3729</ele></trkpt>
      <trkpt lat="43.816618" lon="88.305288"><ele>3730</ele></trkpt>
      <trkpt lat="43.816594" lon="88.305158"><ele>3728</ele></trkpt>
      <trkpt lat="43.81659" lon="88.305024"><ele>3727</ele></trkpt>
      <trkpt lat="43.816543" lon="88.304913"><ele>3727</ele></trkpt>
      <trkpt lat="43.816536" lon="88.304786"><ele>3725</ele></trkpt>
      <trkpt lat="43.816622" lon="88.304735"><ele>3726</ele></trkpt>
      <trkpt lat="43.81665" lon="88.304609"><ele>3722</ele></trkpt>
      <trkpt lat="43.816721" lon="88.304518"><ele>3721</ele></trkpt>
      <trkpt lat="43.816733" lon="88.304389"><ele>3717</ele></trkpt>
      <trkpt lat="43.81676" lon="88.304266"><ele>3718</ele></trkpt>
      <trkpt lat="43.816792" lon="88.304149"><ele>3717</ele></trkpt>
      <trkpt lat="43.816877" lon="88.304093"><ele>3714</ele></trkpt>
      <trkpt lat="43.816912" lon="88.303969"><ele>3712</ele></trkpt>
      <trkpt lat="43.816931" lon="88.303828"><ele>3713</ele></trkpt>
      <trkpt lat="43.81688" lon="88.303707"><ele>3712</ele></trkpt>
      <trkpt lat="43.816872" lon="88.303566"><ele>3710</ele></trkpt>
      <trkpt lat="43.81683" lon="88.303446"><ele>3713</ele></trkpt>
      <trkpt lat="43.816738" lon="88.30339"><ele>3711</ele></trkpt>
      <trkpt lat="43.816718" lon="88.30326"><ele>3709</ele></trkpt>
      <trkpt lat="43.816717" lon="88.303126"><ele>3709</ele></trkpt>
      <trkpt lat="43.816664" lon="88.303025"><ele>3708</ele></trkpt>
      <trkpt lat="43.816629" lon="88.30291"><ele>3707</ele></trkpt>
      <trkpt lat="43.816607" lon="88.302778"><ele>3705</ele></trkpt>
      <trkpt lat="43.816598" lon="88.302653"><ele>3705</ele></trkpt>
      <trkpt lat="43.816565" lon="88.30252"><ele>3703</ele></trkpt>
      <trkpt lat="43.816518" lon="88.302411"><ele>3701</ele></trkpt>
      <trkpt lat="43.816477" lon="88.302294"><ele>3701</ele></trkpt>
      <trkpt lat="43.816444" lon="88.302164"><ele>3698</ele></trkpt>
      <trkpt lat="43.816403" lon="88.30205"><ele>3697</ele></trkpt>
      <trkpt lat="43.816322" lon="88.301974"><ele>3697</ele></trkpt>
      <trkpt lat="43.816251" lon="88.301889"><ele>3695</ele></trkpt>
      <trkpt lat="43.81618" lon="88.301798"><ele>3695</ele></trkpt>
      <trkpt lat="43.816141" lon="88.301673"><ele>3693</ele></trkpt>
      <trkpt lat="43.816138" lon="88.301547"><ele>3692</ele></trkpt>
      <trkpt lat="43.816083" lon="88.301443"><ele>3690</ele></trkpt>
      <trkpt lat="43.816029" lon="88.301341"><ele>3690</ele></trkpt>
      <trkpt lat="43.816025" lon="88.301212"><ele>3689</ele></trkpt>
      <trkpt lat="43.815988" lon="88.30109"><ele>3687</ele></trkpt>
      <trkpt lat="43.815985" lon="88.300966"><ele>3686</ele></trkpt>
      <trkpt lat="43.815982" lon="88.30084"><ele>3683</ele></trkpt>
      <trkpt lat="43.815942" lon="88.300715"><ele>3684</ele></trkpt>
      <trkpt lat="43.815995" lon="88.300608"><ele>3683</ele></trkpt>
      <trkpt lat="43.815993" lon="88.300475"><ele>3681</ele></trkpt>
      <trkpt lat="43.816005" lon="88.300345"><ele>3680</ele></trkpt>
      <trkpt lat="43.815999" lon="88.300209"><ele>3679</ele></trkpt>
      <trkpt lat="43.816" lon="88.300079"><ele>3677</ele></trkpt>
      <trkpt lat="43.816006" lon="88.299945"><ele>3686</ele></trkpt>
      <trkpt lat="43.815991" lon="88.299817"><ele>3687</ele></trkpt>
      <trkpt lat="43.815981" lon="88.299684"><ele>3690</ele></trkpt>
      <trkpt lat="43.815977" lon="88.29956"><ele>3689</ele></trkpt>
      <trkpt lat="43.815988" lon="88.299427"><ele>3686</ele></trkpt>
      <trkpt lat="43.816" lon="88.299291"><ele>3686</ele></trkpt>
      <trkpt lat="43.815997" lon="88.299156"><ele>3684</ele></trkpt>
      <trkpt lat="43.816027" lon="88.299038"><ele>3682</ele></trkpt>
      <trkpt lat="43.816091" lon="88.298938"><ele>3681</ele></trkpt>
      <trkpt lat="43.816142" lon="88.298821"><ele>3680</ele></trkpt>
      <trkpt lat="43.816162" lon="88.298689"><ele>3680</ele></trkpt>
      <trkpt lat="43.816146" lon="88.29856"><ele>3679</ele></trkpt>
      <trkpt lat="43.816195" lon="88.298452"><ele>3678</ele></trkpt>
      <trkpt lat="43.816172" lon="88.298331"><ele>3679</ele></trkpt>
      <trkpt lat="43.816144" lon="88.298205"><ele>3678</ele></trkpt>
      <trkpt lat="43.816184" lon="88.298089"><ele>3678</ele></trkpt>
      <trkpt lat="43.816215" lon="88.297967"><ele>3677</ele></trkpt>
      <trkpt lat="43.816217" lon="88.297831"><ele>3677</ele></trkpt>
      <trkpt lat="43.81626" lon="88.29772"><ele>3678</ele></trkpt>
      <trkpt lat="43.816217" lon="88.297597"><ele>3676</ele></trkpt>
      <trkpt lat="43.81617" lon="88.29748"><ele>3676</ele></trkpt>
      <trkpt lat="43.816202" lon="88.297363"><ele>3676</ele></trkpt>
      <trkpt lat="43.816204" lon="88.29722"><ele>3676</ele></trkpt>
      <trkpt lat="43.81622" lon="88.297091"><ele>3675</ele></trkpt>
      <trkpt lat="43.816251" lon="88.296974"><ele>3674</ele></trkpt>
      <trkpt lat="43.816266" lon="88.296847"><ele>3672</ele></trkpt>
      <trkpt lat="43.816284" lon="88.296709"><ele>3672</ele></trkpt>
      <trkpt lat="43.816287" lon="88.296574"><ele>3672</ele></trkpt>
      <trkpt lat="43.816296" lon="88.296444"><ele>3671</ele></trkpt>
      <trkpt lat="43.816285" lon="88.296318"><ele>3671</ele></trkpt>
      <trkpt lat="43.816221" lon="88.296228"><ele>3671</ele></trkpt>
      <trkpt lat="43.81616" lon="88.296116"><ele>3671</ele></trkpt>
      <trkpt lat="43.816105" lon="88.296016"><ele>3671</ele></trkpt>
      <trkpt lat="43.816023" lon="88.295965"><ele>3669</ele></trkpt>
      <trkpt lat="43.815979" lon="88.295838"><ele>3669</ele></trkpt>
      <trkpt lat="43.815905" lon="88.295758"><ele>3668</ele></trkpt>
      <trkpt lat="43.815857" lon="88.295864"><ele>3667</ele></trkpt>
      <trkpt lat="43.815827" lon="88.295985"><ele>3671</ele></trkpt>
      <trkpt lat="43.815742" lon="88.296043"><ele>3672</ele></trkpt>
      <trkpt lat="43.815654" lon="88.295996"><ele>3671</ele></trkpt>
      <trkpt lat="43.815574" lon="88.29593"><ele>3669</ele></trkpt>
      <trkpt lat="43.815492" lon="88.295862"><ele>3669</ele></trkpt>
      <trkpt lat="43.815339" lon="88.295719"><ele>3669</ele></trkpt>
      <trkpt lat="43.815246" lon="88.295664"><ele>3669</ele></trkpt>
      <trkpt lat="43.815173" lon="88.29559"><ele>3670</ele></trkpt>
      <trkpt lat="43.815102" lon="88.295513"><ele>3668</ele></trkpt>
      <trkpt lat="43.81504" lon="88.295423"><ele>3669</ele></trkpt>
      <trkpt lat="43.814964" lon="88.295351"><ele>3668</ele></trkpt>
      <trkpt lat="43.814876" lon="88.295293"><ele>3668</ele></trkpt>
      <trkpt lat="43.814784" lon="88.295248"><ele>3665</ele></trkpt>
      <trkpt lat="43.814716" lon="88.295158"><ele>3665</ele></trkpt>
      <trkpt lat="43.814623" lon="88.295187"><ele>3661</ele></trkpt>
      <trkpt lat="43.814532" lon="88.295131"><ele>3661</ele></trkpt>
      <trkpt lat="43.814447" lon="88.295086"><ele>3660</ele></trkpt>
      <trkpt lat="43.814344" lon="88.295073"><ele>3658</ele></trkpt>
      <trkpt lat="43.814253" lon="88.295061"><ele>3655</ele></trkpt>
      <trkpt lat="43.814162" lon="88.295079"><ele>3655</ele></trkpt>
      <trkpt lat="43.814131" lon="88.294957"><ele>3655</ele></trkpt>
      <trkpt lat="43.814093" lon="88.294835"><ele>3655</ele></trkpt>
      <trkpt lat="43.814078" lon="88.29471"><ele>3655</ele></trkpt>
      <trkpt lat="43.81409" lon="88.294843"><ele>3655</ele></trkpt>
      <trkpt lat="43.814059" lon="88.294967"><ele>3653</ele></trkpt>
      <trkpt lat="43.81405" lon="88.295103"><ele>3654</ele></trkpt>
      <trkpt lat="43.814063" lon="88.295227"><ele>3655</ele></trkpt>
      <trkpt lat="43.814025" lon="88.29534"><ele>3653</ele></trkpt>
      <trkpt lat="43.813944" lon="88.295419"><ele>3653</ele></trkpt>
      <trkpt lat="43.813868" lon="88.295351"><ele>3653</ele></trkpt>
      <trkpt lat="43.813839" lon="88.295226"><ele>3653</ele></trkpt>
      <trkpt lat="43.81379" lon="88.295108"><ele>3652</ele></trkpt>
      <trkpt lat="43.813726" lon="88.295009"><ele>3652</ele></trkpt>
      <trkpt lat="43.813689" lon="88.29489"><ele>3653</ele></trkpt>
      <trkpt lat="43.81368" lon="88.294759"><ele>3654</ele></trkpt>
      <trkpt lat="43.813636" lon="88.294637"><ele>3654</ele></trkpt>
      <trkpt lat="43.813622" lon="88.294511"><ele>3654</ele></trkpt>
      <trkpt lat="43.813617" lon="88.294378"><ele>3653</ele></trkpt>
      <trkpt lat="43.813602" lon="88.294246"><ele>3653</ele></trkpt>
      <trkpt lat="43.813614" lon="88.294118"><ele>3654</ele></trkpt>
      <trkpt lat="43.813634" lon="88.293984"><ele>3654</ele></trkpt>
      <trkpt lat="43.813641" lon="88.293851"><ele>3653</ele></trkpt>
      <trkpt lat="43.81365" lon="88.29372"><ele>3652</ele></trkpt>
      <trkpt lat="43.813654" lon="88.293596"><ele>3651</ele></trkpt>
      <trkpt lat="43.813656" lon="88.293469"><ele>3651</ele></trkpt>
      <trkpt lat="43.813667" lon="88.293332"><ele>3650</ele></trkpt>
      <trkpt lat="43.813692" lon="88.293194"><ele>3649</ele></trkpt>
      <trkpt lat="43.813688" lon="88.293063"><ele>3649</ele></trkpt>
      <trkpt lat="43.813697" lon="88.292928"><ele>3649</ele></trkpt>
      <trkpt lat="43.813725" lon="88.292806"><ele>3649</ele></trkpt>
      <trkpt lat="43.813741" lon="88.292677"><ele>3648</ele></trkpt>
      <trkpt lat="43.813754" lon="88.29255"><ele>3647</ele></trkpt>
      <trkpt lat="43.813755" lon="88.292414"><ele>3646</ele></trkpt>
      <trkpt lat="43.813767" lon="88.292285"><ele>3647</ele></trkpt>
      <trkpt lat="43.813773" lon="88.292158"><ele>3647</ele></trkpt>
      <trkpt lat="43.813819" lon="88.29205"><ele>3651</ele></trkpt>
      <trkpt lat="43.813827" lon="88.291926"><ele>3648</ele></trkpt>
      <trkpt lat="43.813794" lon="88.291809"><ele>3646</ele></trkpt>
      <trkpt lat="43.813805" lon="88.291682"><ele>3647</ele></trkpt>
      <trkpt lat="43.813799" lon="88.291543"><ele>3645</ele></trkpt>
      <trkpt lat="43.813828" lon="88.291418"><ele>3644</ele></trkpt>
      <trkpt lat="43.813836" lon="88.291292"><ele>3641</ele></trkpt>
      <trkpt lat="43.813883" lon="88.291169"><ele>3641</ele></trkpt>
      <trkpt lat="43.813873" lon="88.291034"><ele>3638</ele></trkpt>
      <trkpt lat="43.813889" lon="88.290901"><ele>3637</ele></trkpt>
      <trkpt lat="43.813893" lon="88.29077"><ele>3635</ele></trkpt>
      <trkpt lat="43.813876" lon="88.290647"><ele>3633</ele></trkpt>
      <trkpt lat="43.813902" lon="88.290516"><ele>3633</ele></trkpt>
      <trkpt lat="43.813908" lon="88.290386"><ele>3630</ele></trkpt>
      <trkpt lat="43.813901" lon="88.290258"><ele>3628</ele></trkpt>
      <trkpt lat="43.813915" lon="88.290128"><ele>3627</ele></trkpt>
      <trkpt lat="43.813922" lon="88.289994"><ele>3625</ele></trkpt>
      <trkpt lat="43.813906" lon="88.289864"><ele>3624</ele></trkpt>
      <trkpt lat="43.813916" lon="88.28973"><ele>3622</ele></trkpt>
      <trkpt lat="43.813924" lon="88.289605"><ele>3620</ele></trkpt>
      <trkpt lat="43.813927" lon="88.289471"><ele>3617</ele></trkpt>
      <trkpt lat="43.813949" lon="88.289338"><ele>3616</ele></trkpt>
      <trkpt lat="43.813939" lon="88.289207"><ele>3614</ele></trkpt>
      <trkpt lat="43.813935" lon="88.289076"><ele>3612</ele></trkpt>
      <trkpt lat="43.813947" lon="88.28895"><ele>3612</ele></trkpt>
      <trkpt lat="43.813949" lon="88.288821"><ele>3611</ele></trkpt>
      <trkpt lat="43.813973" lon="88.288694"><ele>3610</ele></trkpt>
      <trkpt lat="43.813978" lon="88.288564"><ele>3609</ele></trkpt>
      <trkpt lat="43.813999" lon="88.288438"><ele>3607</ele></trkpt>
      <trkpt lat="43.814008" lon="88.288308"><ele>3604</ele></trkpt>
      <trkpt lat="43.813991" lon="88.28818"><ele>3603</ele></trkpt>
      <trkpt lat="43.814007" lon="88.288051"><ele>3602</ele></trkpt>
      <trkpt lat="43.814018" lon="88.287918"><ele>3602</ele></trkpt>
      <trkpt lat="43.814065" lon="88.287808"><ele>3602</ele></trkpt>
      <trkpt lat="43.814132" lon="88.287721"><ele>3601</ele></trkpt>
      <trkpt lat="43.814198" lon="88.287637"><ele>3601</ele></trkpt>
      <trkpt lat="43.814232" lon="88.287502"><ele>3599</ele></trkpt>
      <trkpt lat="43.814307" lon="88.287417"><ele>3598</ele></trkpt>
      <trkpt lat="43.814371" lon="88.287314"><ele>3597</ele></trkpt>
      <trkpt lat="43.814415" lon="88.287201"><ele>3597</ele></trkpt>
      <trkpt lat="43.814457" lon="88.287078"><ele>3594</ele></trkpt>
      <trkpt lat="43.814523" lon="88.286973"><ele>3595</ele></trkpt>
      <trkpt lat="43.814582" lon="88.286874"><ele>3592</ele></trkpt>
      <trkpt lat="43.81462" lon="88.286748"><ele>3592</ele></trkpt>
      <trkpt lat="43.814685" lon="88.286654"><ele>3591</ele></trkpt>
      <trkpt lat="43.814757" lon="88.286578"><ele>3591</ele></trkpt>
      <trkpt lat="43.814796" lon="88.286457"><ele>3590</ele></trkpt>
      <trkpt lat="43.814803" lon="88.286328"><ele>3588</ele></trkpt>
      <trkpt lat="43.814803" lon="88.286191"><ele>3587</ele></trkpt>
      <trkpt lat="43.814798" lon="88.286058"><ele>3588</ele></trkpt>
      <trkpt lat="43.814763" lon="88.285936"><ele>3588</ele></trkpt>
      <trkpt lat="43.814766" lon="88.285801"><ele>3591</ele></trkpt>
      <trkpt lat="43.814811" lon="88.285688"><ele>3590</ele></trkpt>
      <trkpt lat="43.814816" lon="88.285556"><ele>3590</ele></trkpt>
      <trkpt lat="43.814786" lon="88.285429"><ele>3588</ele></trkpt>
      <trkpt lat="43.814733" lon="88.28532"><ele>3589</ele></trkpt>
      <trkpt lat="43.814706" lon="88.285201"><ele>3591</ele></trkpt>
      <trkpt lat="43.814664" lon="88.285079"><ele>3594</ele></trkpt>
      <trkpt lat="43.814631" lon="88.284959"><ele>3593</ele></trkpt>
      <trkpt lat="43.814588" lon="88.284838"><ele>3593</ele></trkpt>
      <trkpt lat="43.814538" lon="88.284731"><ele>3589</ele></trkpt>
      <trkpt lat="43.814501" lon="88.284611"><ele>3589</ele></trkpt>
      <trkpt lat="43.814472" lon="88.284485"><ele>3588</ele></trkpt>
      <trkpt lat="43.814439" lon="88.284369"><ele>3590</ele></trkpt>
      <trkpt lat="43.814415" lon="88.284235"><ele>3587</ele></trkpt>
      <trkpt lat="43.814425" lon="88.284105"><ele>3586</ele></trkpt>
      <trkpt lat="43.814491" lon="88.284009"><ele>3587</ele></trkpt>
      <trkpt lat="43.814536" lon="88.283881"><ele>3588</ele></trkpt>
      <trkpt lat="43.814517" lon="88.283756"><ele>3589</ele></trkpt>
      <trkpt lat="43.814431" lon="88.283711"><ele>3587</ele></trkpt>
      <trkpt lat="43.81437" lon="88.283615"><ele>3587</ele></trkpt>
      <trkpt lat="43.814349" lon="88.283489"><ele>3587</ele></trkpt>
      <trkpt lat="43.814372" lon="88.283364"><ele>3588</ele></trkpt>
      <trkpt lat="43.814364" lon="88.28323"><ele>3589</ele></trkpt>
      <trkpt lat="43.814331" lon="88.283107"><ele>3588</ele></trkpt>
      <trkpt lat="43.81428" lon="88.282995"><ele>3587</ele></trkpt>
      <trkpt lat="43.814264" lon="88.282867"><ele>3583</ele></trkpt>
      <trkpt lat="43.814216" lon="88.282756"><ele>3580</ele></trkpt>
      <trkpt lat="43.814142" lon="88.282677"><ele>3579</ele></trkpt>
      <trkpt lat="43.814153" lon="88.282543"><ele>3579</ele></trkpt>
      <trkpt lat="43.814134" lon="88.282414"><ele>3579</ele></trkpt>
      <trkpt lat="43.814114" lon="88.28229"><ele>3579</ele></trkpt>
      <trkpt lat="43.814103" lon="88.282165"><ele>3582</ele></trkpt>
      <trkpt lat="43.814087" lon="88.282042"><ele>3582</ele></trkpt>
      <trkpt lat="43.814075" lon="88.281918"><ele>3582</ele></trkpt>
      <trkpt lat="43.814061" lon="88.281789"><ele>3581</ele></trkpt>
      <trkpt lat="43.814075" lon="88.281662"><ele>3581</ele></trkpt>
      <trkpt lat="43.814073" lon="88.281533"><ele>3582</ele></trkpt>
      <trkpt lat="43.814058" lon="88.28141"><ele>3581</ele></trkpt>
      <trkpt lat="43.814062" lon="88.28128"><ele>3584</ele></trkpt>
      <trkpt lat="43.814067" lon="88.281156"><ele>3585</ele></trkpt>
      <trkpt lat="43.814037" lon="88.281038"><ele>3585</ele></trkpt>
      <trkpt lat="43.813989" lon="88.280927"><ele>3585</ele></trkpt>
      <trkpt lat="43.813981" lon="88.280803"><ele>3586</ele></trkpt>
      <trkpt lat="43.81394" lon="88.280692"><ele>3585</ele></trkpt>
      <trkpt lat="43.813947" lon="88.280566"><ele>3585</ele></trkpt>
      <trkpt lat="43.81396" lon="88.280436"><ele>3585</ele></trkpt>
      <trkpt lat="43.813947" lon="88.280305"><ele>3587</ele></trkpt>
      <trkpt lat="43.813887" lon="88.280197"><ele>3587</ele></trkpt>
      <trkpt lat="43.813856" lon="88.280076"><ele>3587</ele></trkpt>
      <trkpt lat="43.813856" lon="88.279947"><ele>3589</ele></trkpt>
      <trkpt lat="43.813837" lon="88.279824"><ele>3589</ele></trkpt>
      <trkpt lat="43.813786" lon="88.279717"><ele>3589</ele></trkpt>
      <trkpt lat="43.81373" lon="88.279619"><ele>3588</ele></trkpt>
      <trkpt lat="43.813681" lon="88.279512"><ele>3588</ele></trkpt>
      <trkpt lat="43.813677" lon="88.279378"><ele>3590</ele></trkpt>
      <trkpt lat="43.813676" lon="88.279251"><ele>3591</ele></trkpt>
      <trkpt lat="43.81369" lon="88.279116"><ele>3591</ele></trkpt>
      <trkpt lat="43.813644" lon="88.279007"><ele>3593</ele></trkpt>
      <trkpt lat="43.813638" lon="88.278875"><ele>3592</ele></trkpt>
      <trkpt lat="43.813632" lon="88.278748"><ele>3591</ele></trkpt>
      <trkpt lat="43.813591" lon="88.278628"><ele>3591</ele></trkpt>
      <trkpt lat="43.813606" lon="88.278499"><ele>3591</ele></trkpt>
      <trkpt lat="43.813652" lon="88.278388"><ele>3594</ele></trkpt>
      <trkpt lat="43.813621" lon="88.278267"><ele>3591</ele></trkpt>
      <trkpt lat="43.81362" lon="88.278137"><ele>3595</ele></trkpt>
      <trkpt lat="43.813613" lon="88.278012"><ele>3596</ele></trkpt>
      <trkpt lat="43.813587" lon="88.277889"><ele>3595</ele></trkpt>
      <trkpt lat="43.813538" lon="88.277776"><ele>3594</ele></trkpt>
      <trkpt lat="43.813539" lon="88.277646"><ele>3594</ele></trkpt>
      <trkpt lat="43.813498" lon="88.277526"><ele>3593</ele></trkpt>
      <trkpt lat="43.813485" lon="88.2774"><ele>3592</ele></trkpt>
      <trkpt lat="43.813446" lon="88.277286"><ele>3593</ele></trkpt>
      <trkpt lat="43.813404" lon="88.277169"><ele>3591</ele></trkpt>
      <trkpt lat="43.813386" lon="88.277041"><ele>3591</ele></trkpt>
      <trkpt lat="43.813355" lon="88.276922"><ele>3592</ele></trkpt>
      <trkpt lat="43.813308" lon="88.276808"><ele>3589</ele></trkpt>
      <trkpt lat="43.813275" lon="88.27669"><ele>3588</ele></trkpt>
      <trkpt lat="43.813235" lon="88.276576"><ele>3589</ele></trkpt>
      <trkpt lat="43.813196" lon="88.276453"><ele>3589</ele></trkpt>
      <trkpt lat="43.813128" lon="88.276371"><ele>3589</ele></trkpt>
      <trkpt lat="43.813041" lon="88.276304"><ele>3586</ele></trkpt>
      <trkpt lat="43.81296" lon="88.276237"><ele>3587</ele></trkpt>
      <trkpt lat="43.812873" lon="88.276193"><ele>3586</ele></trkpt>
      <trkpt lat="43.812777" lon="88.276181"><ele>3583</ele></trkpt>
      <trkpt lat="43.812699" lon="88.276101"><ele>3583</ele></trkpt>
      <trkpt lat="43.812621" lon="88.276024"><ele>3582</ele></trkpt>
      <trkpt lat="43.812555" lon="88.27593"><ele>3581</ele></trkpt>
      <trkpt lat="43.812503" lon="88.275818"><ele>3581</ele></trkpt>
      <trkpt lat="43.812438" lon="88.275721"><ele>3580</ele></trkpt>
      <trkpt lat="43.812385" lon="88.27562"><ele>3581</ele></trkpt>
      <trkpt lat="43.812316" lon="88.275532"><ele>3580</ele></trkpt>
      <trkpt lat="43.812273" lon="88.275422"><ele>3581</ele></trkpt>
      <trkpt lat="43.812222" lon="88.275313"><ele>3580</ele></trkpt>
      <trkpt lat="43.812159" lon="88.275206"><ele>3579</ele></trkpt>
      <trkpt lat="43.8121" lon="88.275098"><ele>3579</ele></trkpt>
      <trkpt lat="43.812063" lon="88.274975"><ele>3578</ele></trkpt>
      <trkpt lat="43.812021" lon="88.27486"><ele>3577</ele></trkpt>
      <trkpt lat="43.811999" lon="88.274728"><ele>3577</ele></trkpt>
      <trkpt lat="43.811956" lon="88.274599"><ele>3575</ele></trkpt>
      <trkpt lat="43.811922" lon="88.274479"><ele>3575</ele></trkpt>
      <trkpt lat="43.811892" lon="88.274357"><ele>3573</ele></trkpt>
      <trkpt lat="43.811866" lon="88.274225"><ele>3573</ele></trkpt>
      <trkpt lat="43.81186" lon="88.274096"><ele>3573</ele></trkpt>
      <trkpt lat="43.811798" lon="88.274005"><ele>3573</ele></trkpt>
      <trkpt lat="43.811712" lon="88.273942"><ele>3574</ele></trkpt>
      <trkpt lat="43.811653" lon="88.273842"><ele>3574</ele></trkpt>
      <trkpt lat="43.811559" lon="88.273809"><ele>3574</ele></trkpt>
      <trkpt lat="43.811497" lon="88.273717"><ele>3573</ele></trkpt>
      <trkpt lat="43.811422" lon="88.273644"><ele>3572</ele></trkpt>
      <trkpt lat="43.811347" lon="88.273574"><ele>3572</ele></trkpt>
      <trkpt lat="43.811294" lon="88.273471"><ele>3571</ele></trkpt>
      <trkpt lat="43.811228" lon="88.273377"><ele>3571</ele></trkpt>
      <trkpt lat="43.811149" lon="88.273306"><ele>3569</ele></trkpt>
      <trkpt lat="43.811083" lon="88.273209"><ele>3568</ele></trkpt>
      <trkpt lat="43.811013" lon="88.273119"><ele>3568</ele></trkpt>
      <trkpt lat="43.810924" lon="88.273097"><ele>3568</ele></trkpt>
      <trkpt lat="43.81084" lon="88.27305"><ele>3566</ele></trkpt>
      <trkpt lat="43.810792" lon="88.272941"><ele>3567</ele></trkpt>
      <trkpt lat="43.810738" lon="88.272825"><ele>3567</ele></trkpt>
      <trkpt lat="43.810736" lon="88.272696"><ele>3566</ele></trkpt>
      <trkpt lat="43.810722" lon="88.272563"><ele>3566</ele></trkpt>
      <trkpt lat="43.810705" lon="88.27244"><ele>3565</ele></trkpt>
      <trkpt lat="43.810669" lon="88.272319"><ele>3567</ele></trkpt>
      <trkpt lat="43.810651" lon="88.272191"><ele>3566</ele></trkpt>
      <trkpt lat="43.810643" lon="88.27206"><ele>3567</ele></trkpt>
      <trkpt lat="43.810649" lon="88.271933"><ele>3568</ele></trkpt>
      <trkpt lat="43.810623" lon="88.271805"><ele>3567</ele></trkpt>
      <trkpt lat="43.81059" lon="88.271689"><ele>3567</ele></trkpt>
      <trkpt lat="43.810533" lon="88.271582"><ele>3566</ele></trkpt>
      <trkpt lat="43.810457" lon="88.271509"><ele>3566</ele></trkpt>
      <trkpt lat="43.810368" lon="88.271482"><ele>3565</ele></trkpt>
      <trkpt lat="43.810277" lon="88.271479"><ele>3567</ele></trkpt>
      <trkpt lat="43.810183" lon="88.271485"><ele>3566</ele></trkpt>
      <trkpt lat="43.810112" lon="88.271405"><ele>3564</ele></trkpt>
      <trkpt lat="43.810022" lon="88.271375"><ele>3562</ele></trkpt>
      <trkpt lat="43.809954" lon="88.271285"><ele>3558</ele></trkpt>
      <trkpt lat="43.809884" lon="88.271205"><ele>3555</ele></trkpt>
      <trkpt lat="43.809802" lon="88.271147"><ele>3552</ele></trkpt>
      <trkpt lat="43.809731" lon="88.271045"><ele>3552</ele></trkpt>
      <trkpt lat="43.80964" lon="88.271037"><ele>3550</ele></trkpt>
      <trkpt lat="43.809578" lon="88.270936"><ele>3550</ele></trkpt>
      <trkpt lat="43.809478" lon="88.270926"><ele>3549</ele></trkpt>
      <trkpt lat="43.809393" lon="88.270885"><ele>3549</ele></trkpt>
      <trkpt lat="43.809306" lon="88.270834"><ele>3548</ele></trkpt>
      <trkpt lat="43.809222" lon="88.270778"><ele>3547</ele></trkpt>
      <trkpt lat="43.809149" lon="88.270697"><ele>3546</ele></trkpt>
      <trkpt lat="43.809094" lon="88.270598"><ele>3544</ele></trkpt>
      <trkpt lat="43.809026" lon="88.270509"><ele>3544</ele></trkpt>
      <trkpt lat="43.808961" lon="88.270418"><ele>3542</ele></trkpt>
      <trkpt lat="43.808895" lon="88.270331"><ele>3542</ele></trkpt>
      <trkpt lat="43.808815" lon="88.270258"><ele>3540</ele></trkpt>
      <trkpt lat="43.808738" lon="88.270194"><ele>3539</ele></trkpt>
      <trkpt lat="43.808647" lon="88.270166"><ele>3538</ele></trkpt>
      <trkpt lat="43.808579" lon="88.270253"><ele>3539</ele></trkpt>
      <trkpt lat="43.808431" lon="88.269993"><ele>3534</ele></trkpt>
      <trkpt lat="43.808432" lon="88.269867"><ele>3532</ele></trkpt>
      <trkpt lat="43.808354" lon="88.2698"><ele>3533</ele></trkpt>
      <trkpt lat="43.808262" lon="88.269763"><ele>3533</ele></trkpt>
      <trkpt lat="43.808175" lon="88.269719"><ele>3533</ele></trkpt>
      <trkpt lat="43.808092" lon="88.269672"><ele>3533</ele></trkpt>
      <trkpt lat="43.808018" lon="88.269582"><ele>3533</ele></trkpt>
      <trkpt lat="43.807959" lon="88.269474"><ele>3533</ele></trkpt>
      <trkpt lat="43.807914" lon="88.269361"><ele>3532</ele></trkpt>
      <trkpt lat="43.807845" lon="88.269276"><ele>3532</ele></trkpt>
      <trkpt lat="43.807776" lon="88.269177"><ele>3533</ele></trkpt>
      <trkpt lat="43.807685" lon="88.269124"><ele>3533</ele></trkpt>
      <trkpt lat="43.807596" lon="88.269071"><ele>3533</ele></trkpt>
      <trkpt lat="43.807512" lon="88.269021"><ele>3532</ele></trkpt>
      <trkpt lat="43.807423" lon="88.268998"><ele>3532</ele></trkpt>
      <trkpt lat="43.807339" lon="88.268949"><ele>3531</ele></trkpt>
      <trkpt lat="43.807249" lon="88.268937"><ele>3528</ele></trkpt>
      <trkpt lat="43.807159" lon="88.268909"><ele>3526</ele></trkpt>
      <trkpt lat="43.807068" lon="88.268918"><ele>3524</ele></trkpt>
      <trkpt lat="43.806978" lon="88.268915"><ele>3522</ele></trkpt>
      <trkpt lat="43.806888" lon="88.268921"><ele>3521</ele></trkpt>
      <trkpt lat="43.806791" lon="88.268944"><ele>3519</ele></trkpt>
      <trkpt lat="43.806692" lon="88.26896"><ele>3519</ele></trkpt>
      <trkpt lat="43.806596" lon="88.268992"><ele>3517</ele></trkpt>
      <trkpt lat="43.806525" lon="88.268912"><ele>3516</ele></trkpt>
      <trkpt lat="43.806483" lon="88.268801"><ele>3514</ele></trkpt>
      <trkpt lat="43.806403" lon="88.268731"><ele>3514</ele></trkpt>
      <trkpt lat="43.806334" lon="88.268651"><ele>3515</ele></trkpt>
      <trkpt lat="43.806262" lon="88.268566"><ele>3513</ele></trkpt>
      <trkpt lat="43.806176" lon="88.268516"><ele>3514</ele></trkpt>
      <trkpt lat="43.806096" lon="88.268444"><ele>3514</ele></trkpt>
      <trkpt lat="43.806005" lon="88.268393"><ele>3514</ele></trkpt>
      <trkpt lat="43.805929" lon="88.268325"><ele>3514</ele></trkpt>
      <trkpt lat="43.805846" lon="88.268247"><ele>3514</ele></trkpt>
      <trkpt lat="43.805772" lon="88.268163"><ele>3515</ele></trkpt>
      <trkpt lat="43.805688" lon="88.268095"><ele>3514</ele></trkpt>
      <trkpt lat="43.805615" lon="88.268017"><ele>3514</ele></trkpt>
      <trkpt lat="43.805538" lon="88.267938"><ele>3513</ele></trkpt>
      <trkpt lat="43.805455" lon="88.267884"><ele>3514</ele></trkpt>
      <trkpt lat="43.80537" lon="88.267822"><ele>3514</ele></trkpt>
      <trkpt lat="43.805283" lon="88.267787"><ele>3513</ele></trkpt>
      <trkpt lat="43.805191" lon="88.267766"><ele>3512</ele></trkpt>
      <trkpt lat="43.805098" lon="88.267777"><ele>3514</ele></trkpt>
      <trkpt lat="43.805013" lon="88.267717"><ele>3513</ele></trkpt>
      <trkpt lat="43.804923" lon="88.267684"><ele>3515</ele></trkpt>
      <trkpt lat="43.804844" lon="88.267604"><ele>3514</ele></trkpt>
      <trkpt lat="43.804765" lon="88.26753"><ele>3511</ele></trkpt>
      <trkpt lat="43.804704" lon="88.267438"><ele>3510</ele></trkpt>
      <trkpt lat="43.804627" lon="88.267367"><ele>3511</ele></trkpt>
      <trkpt lat="43.804539" lon="88.267327"><ele>3514</ele></trkpt>
      <trkpt lat="43.804448" lon="88.267349"><ele>3512</ele></trkpt>
      <trkpt lat="43.804359" lon="88.267317"><ele>3510</ele></trkpt>
      <trkpt lat="43.804266" lon="88.267287"><ele>3509</ele></trkpt>
      <trkpt lat="43.804185" lon="88.267233"><ele>3508</ele></trkpt>
      <trkpt lat="43.804096" lon="88.26718"><ele>3507</ele></trkpt>
      <trkpt lat="43.804015" lon="88.267115"><ele>3506</ele></trkpt>
      <trkpt lat="43.803921" lon="88.267074"><ele>3509</ele></trkpt>
      <trkpt lat="43.803829" lon="88.267046"><ele>3508</ele></trkpt>
      <trkpt lat="43.803735" lon="88.267032"><ele>3508</ele></trkpt>
      <trkpt lat="43.80365" lon="88.266983"><ele>3508</ele></trkpt>
      <trkpt lat="43.803555" lon="88.266979"><ele>3508</ele></trkpt>
      <trkpt lat="43.803463" lon="88.266975"><ele>3507</ele></trkpt>
      <trkpt lat="43.803369" lon="88.26693"><ele>3504</ele></trkpt>
      <trkpt lat="43.80328" lon="88.266891"><ele>3503</ele></trkpt>
      <trkpt lat="43.803188" lon="88.266876"><ele>3504</ele></trkpt>
      <trkpt lat="43.803099" lon="88.266821"><ele>3504</ele></trkpt>
      <trkpt lat="43.803004" lon="88.266784"><ele>3504</ele></trkpt>
      <trkpt lat="43.802927" lon="88.266717"><ele>3503</ele></trkpt>
      <trkpt lat="43.802841" lon="88.266677"><ele>3501</ele></trkpt>
      <trkpt lat="43.802755" lon="88.266603"><ele>3502</ele></trkpt>
      <trkpt lat="43.802676" lon="88.266531"><ele>3501</ele></trkpt>
      <trkpt lat="43.802609" lon="88.266441"><ele>3501</ele></trkpt>
      <trkpt lat="43.802539" lon="88.266347"><ele>3499</ele></trkpt>
      <trkpt lat="43.802455" lon="88.266296"><ele>3499</ele></trkpt>
      <trkpt lat="43.802369" lon="88.266252"><ele>3495</ele></trkpt>
      <trkpt lat="43.8023" lon="88.266162"><ele>3493</ele></trkpt>
      <trkpt lat="43.80221" lon="88.266135"><ele>3494</ele></trkpt>
      <trkpt lat="43.802135" lon="88.266057"><ele>3495</ele></trkpt>
      <trkpt lat="43.802042" lon="88.266064"><ele>3496</ele></trkpt>
      <trkpt lat="43.801962" lon="88.266004"><ele>3496</ele></trkpt>
      <trkpt lat="43.80187" lon="88.266006"><ele>3496</ele></trkpt>
      <trkpt lat="43.801773" lon="88.266014"><ele>3497</ele></trkpt>
      <trkpt lat="43.801686" lon="88.266049"><ele>3496</ele></trkpt>
      <trkpt lat="43.80161" lon="88.265958"><ele>3495</ele></trkpt>
      <trkpt lat="43.80153" lon="88.265878"><ele>3496</ele></trkpt>
      <trkpt lat="43.801438" lon="88.265893"><ele>3498</ele></trkpt>
      <trkpt lat="43.801354" lon="88.265962"><ele>3497</ele></trkpt>
      <trkpt lat="43.801286" lon="88.266046"><ele>3498</ele></trkpt>
      <trkpt lat="43.801189" lon="88.266056"><ele>3497</ele></trkpt>
      <trkpt lat="43.801098" lon="88.266068"><ele>3497</ele></trkpt>
      <trkpt lat="43.801006" lon="88.266101"><ele>3497</ele></trkpt>
      <trkpt lat="43.800917" lon="88.266072"><ele>3498</ele></trkpt>
      <trkpt lat="43.800834" lon="88.266006"><ele>3496</ele></trkpt>
      <trkpt lat="43.800741" lon="88.266029"><ele>3498</ele></trkpt>
      <trkpt lat="43.800646" lon="88.26601"><ele>3497</ele></trkpt>
      <trkpt lat="43.800556" lon="88.266005"><ele>3496</ele></trkpt>
      <trkpt lat="43.800482" lon="88.266076"><ele>3497</ele></trkpt>
      <trkpt lat="43.800399" lon="88.266131"><ele>3496</ele></trkpt>
      <trkpt lat="43.800314" lon="88.266087"><ele>3497</ele></trkpt>
      <trkpt lat="43.800244" lon="88.265997"><ele>3497</ele></trkpt>
      <trkpt lat="43.800158" lon="88.265929"><ele>3494</ele></trkpt>
      <trkpt lat="43.800067" lon="88.265934"><ele>3495</ele></trkpt>
      <trkpt lat="43.799977" lon="88.265918"><ele>3495</ele></trkpt>
      <trkpt lat="43.799898" lon="88.265984"><ele>3498</ele></trkpt>
      <trkpt lat="43.799819" lon="88.266049"><ele>3498</ele></trkpt>
      <trkpt lat="43.799737" lon="88.266112"><ele>3497</ele></trkpt>
      <trkpt lat="43.799655" lon="88.26617"><ele>3499</ele></trkpt>
      <trkpt lat="43.799563" lon="88.266168"><ele>3499</ele></trkpt>
      <trkpt lat="43.799481" lon="88.266222"><ele>3502</ele></trkpt>
      <trkpt lat="43.799389" lon="88.266233"><ele>3501</ele></trkpt>
      <trkpt lat="43.7993" lon="88.26621"><ele>3503</ele></trkpt>
      <trkpt lat="43.799204" lon="88.266256"><ele>3502</ele></trkpt>
      <trkpt lat="43.799113" lon="88.266245"><ele>3501</ele></trkpt>
      <trkpt lat="43.799033" lon="88.266302"><ele>3503</ele></trkpt>
      <trkpt lat="43.798957" lon="88.26637"><ele>3502</ele></trkpt>
      <trkpt lat="43.79888" lon="88.266461"><ele>3501</ele></trkpt>
      <trkpt lat="43.798805" lon="88.266555"><ele>3498</ele></trkpt>
      <trkpt lat="43.798741" lon="88.266664"><ele>3497</ele></trkpt>
      <trkpt lat="43.798695" lon="88.266786"><ele>3496</ele></trkpt>
      <trkpt lat="43.798607" lon="88.266846"><ele>3494</ele></trkpt>
      <trkpt lat="43.798516" lon="88.266902"><ele>3494</ele></trkpt>
      <trkpt lat="43.798434" lon="88.266963"><ele>3494</ele></trkpt>
      <trkpt lat="43.798345" lon="88.266998"><ele>3494</ele></trkpt>
      <trkpt lat="43.798246" lon="88.267036"><ele>3495</ele></trkpt>
      <trkpt lat="43.798169" lon="88.267102"><ele>3496</ele></trkpt>
      <trkpt lat="43.798102" lon="88.267186"><ele>3497</ele></trkpt>
      <trkpt lat="43.798057" lon="88.267299"><ele>3498</ele></trkpt>
      <trkpt lat="43.798018" lon="88.267418"><ele>3499</ele></trkpt>
      <trkpt lat="43.797943" lon="88.267508"><ele>3499</ele></trkpt>
      <trkpt lat="43.797914" lon="88.267629"><ele>3500</ele></trkpt>
      <trkpt lat="43.797857" lon="88.267734"><ele>3500</ele></trkpt>
      <trkpt lat="43.797788" lon="88.267825"><ele>3503</ele></trkpt>
      <trkpt lat="43.797729" lon="88.267918"><ele>3503</ele></trkpt>
      <trkpt lat="43.797691" lon="88.268033"><ele>3503</ele></trkpt>
      <trkpt lat="43.797646" lon="88.268149"><ele>3502</ele></trkpt>
      <trkpt lat="43.797603" lon="88.268268"><ele>3503</ele></trkpt>
      <trkpt lat="43.79757" lon="88.268395"><ele>3504</ele></trkpt>
      <trkpt lat="43.79755" lon="88.26852"><ele>3505</ele></trkpt>
      <trkpt lat="43.797534" lon="88.268649"><ele>3506</ele></trkpt>
      <trkpt lat="43.797512" lon="88.268771"><ele>3506</ele></trkpt>
      <trkpt lat="43.797449" lon="88.268881"><ele>3506</ele></trkpt>
      <trkpt lat="43.797431" lon="88.269017"><ele>3507</ele></trkpt>
      <trkpt lat="43.797401" lon="88.269139"><ele>3506</ele></trkpt>
      <trkpt lat="43.797391" lon="88.269264"><ele>3506</ele></trkpt>
      <trkpt lat="43.7973" lon="88.269307"><ele>3506</ele></trkpt>
      <trkpt lat="43.797217" lon="88.269365"><ele>3507</ele></trkpt>
      <trkpt lat="43.797129" lon="88.269417"><ele>3508</ele></trkpt>
      <trkpt lat="43.797041" lon="88.26945"><ele>3510</ele></trkpt>
      <trkpt lat="43.796962" lon="88.269524"><ele>3510</ele></trkpt>
      <trkpt lat="43.796905" lon="88.269629"><ele>3510</ele></trkpt>
      <trkpt lat="43.796847" lon="88.269736"><ele>3509</ele></trkpt>
      <trkpt lat="43.796765" lon="88.2698"><ele>3506</ele></trkpt>
      <trkpt lat="43.796699" lon="88.269891"><ele>3503</ele></trkpt>
      <trkpt lat="43.796624" lon="88.269974"><ele>3501</ele></trkpt>
      <trkpt lat="43.796638" lon="88.270109"><ele>3499</ele></trkpt>
      <trkpt lat="43.796561" lon="88.270178"><ele>3498</ele></trkpt>
      <trkpt lat="43.796547" lon="88.270301"><ele>3497</ele></trkpt>
      <trkpt lat="43.796494" lon="88.270419"><ele>3496</ele></trkpt>
      <trkpt lat="43.796518" lon="88.270554"><ele>3495</ele></trkpt>
      <trkpt lat="43.796485" lon="88.270675"><ele>3492</ele></trkpt>
      <trkpt lat="43.796418" lon="88.270758"><ele>3492</ele></trkpt>
      <trkpt lat="43.796372" lon="88.270873"><ele>3490</ele></trkpt>
      <trkpt lat="43.796288" lon="88.270923"><ele>3488</ele></trkpt>
      <trkpt lat="43.796196" lon="88.270936"><ele>3485</ele></trkpt>
      <trkpt lat="43.79612" lon="88.271012"><ele>3484</ele></trkpt>
      <trkpt lat="43.79606" lon="88.271109"><ele>3484</ele></trkpt>
      <trkpt lat="43.795985" lon="88.271195"><ele>3483</ele></trkpt>
      <trkpt lat="43.795903" lon="88.271264"><ele>3482</ele></trkpt>
      <trkpt lat="43.795841" lon="88.271356"><ele>3482</ele></trkpt>
      <trkpt lat="43.795758" lon="88.271416"><ele>3481</ele></trkpt>
      <trkpt lat="43.795672" lon="88.271467"><ele>3478</ele></trkpt>
      <trkpt lat="43.795683" lon="88.271598"><ele>3480</ele></trkpt>
      <trkpt lat="43.795625" lon="88.271695"><ele>3477</ele></trkpt>
      <trkpt lat="43.795681" lon="88.271813"><ele>3479</ele></trkpt>
      <trkpt lat="43.795642" lon="88.272098"><ele>3480</ele></trkpt>
      <trkpt lat="43.795608" lon="88.272213"><ele>3480</ele></trkpt>
      <trkpt lat="43.79558" lon="88.272336"><ele>3480</ele></trkpt>
      <trkpt lat="43.795541" lon="88.272449"><ele>3481</ele></trkpt>
      <trkpt lat="43.795475" lon="88.272554"><ele>3482</ele></trkpt>
      <trkpt lat="43.795433" lon="88.272676"><ele>3484</ele></trkpt>
      <trkpt lat="43.795482" lon="88.27279"><ele>3487</ele></trkpt>
      <trkpt lat="43.79554" lon="88.272895"><ele>3492</ele></trkpt>
      <trkpt lat="43.795619" lon="88.272961"><ele>3491</ele></trkpt>
      <trkpt lat="43.795698" lon="88.273028"><ele>3493</ele></trkpt>
      <trkpt lat="43.795695" lon="88.273155"><ele>3493</ele></trkpt>
      <trkpt lat="43.795667" lon="88.273276"><ele>3497</ele></trkpt>
      <trkpt lat="43.795714" lon="88.273386"><ele>3502</ele></trkpt>
      <trkpt lat="43.795712" lon="88.27351"><ele>3505</ele></trkpt>
      <trkpt lat="43.795645" lon="88.273603"><ele>3508</ele></trkpt>
      <trkpt lat="43.795583" lon="88.273704"><ele>3509</ele></trkpt>
      <trkpt lat="43.795561" lon="88.273829"><ele>3514</ele></trkpt>
      <trkpt lat="43.795626" lon="88.273923"><ele>3520</ele></trkpt>
      <trkpt lat="43.795687" lon="88.274021"><ele>3520</ele></trkpt>
      <trkpt lat="43.795649" lon="88.274134"><ele>3523</ele></trkpt>
      <trkpt lat="43.795574" lon="88.274203"><ele>3525</ele></trkpt>
      <trkpt lat="43.795483" lon="88.274212"><ele>3523</ele></trkpt>
      <trkpt lat="43.795401" lon="88.274262"><ele>3523</ele></trkpt>
      <trkpt lat="43.795319" lon="88.274323"><ele>3521</ele></trkpt>
      <trkpt lat="43.795253" lon="88.274414"><ele>3513</ele></trkpt>
      <trkpt lat="43.795163" lon="88.274445"><ele>3506</ele></trkpt>
      <trkpt lat="43.795076" lon="88.274398"><ele>3502</ele></trkpt>
      <trkpt lat="43.795071" lon="88.274526"><ele>3501</ele></trkpt>
      <trkpt lat="43.795" lon="88.274443"><ele>3498</ele></trkpt>
      <trkpt lat="43.794911" lon="88.274421"><ele>3493</ele></trkpt>
      <trkpt lat="43.794817" lon="88.274426"><ele>3489</ele></trkpt>
      <trkpt lat="43.794891" lon="88.274504"><ele>3490</ele></trkpt>
      <trkpt lat="43.794929" lon="88.274619"><ele>3490</ele></trkpt>
      <trkpt lat="43.794949" lon="88.274748"><ele>3492</ele></trkpt>
      <trkpt lat="43.79497" lon="88.274874"><ele>3493</ele></trkpt>
      <trkpt lat="43.794979" lon="88.274999"><ele>3495</ele></trkpt>
      <trkpt lat="43.794946" lon="88.275114"><ele>3496</ele></trkpt>
      <trkpt lat="43.794906" lon="88.275229"><ele>3493</ele></trkpt>
      <trkpt lat="43.794856" lon="88.275337"><ele>3493</ele></trkpt>
      <trkpt lat="43.794793" lon="88.275429"><ele>3492</ele></trkpt>
      <trkpt lat="43.794777" lon="88.275556"><ele>3492</ele></trkpt>
      <trkpt lat="43.794746" lon="88.27568"><ele>3492</ele></trkpt>
      <trkpt lat="43.794662" lon="88.275752"><ele>3490</ele></trkpt>
      <trkpt lat="43.794613" lon="88.275875"><ele>3489</ele></trkpt>
      <trkpt lat="43.794546" lon="88.275969"><ele>3492</ele></trkpt>
      <trkpt lat="43.794456" lon="88.276002"><ele>3492</ele></trkpt>
      <trkpt lat="43.794379" lon="88.276069"><ele>3491</ele></trkpt>
      <trkpt lat="43.794311" lon="88.276154"><ele>3489</ele></trkpt>
      <trkpt lat="43.794241" lon="88.276237"><ele>3488</ele></trkpt>
      <trkpt lat="43.794186" lon="88.27634"><ele>3489</ele></trkpt>
      <trkpt lat="43.794133" lon="88.276443"><ele>3486</ele></trkpt>
      <trkpt lat="43.794052" lon="88.276517"><ele>3485</ele></trkpt>
      <trkpt lat="43.794031" lon="88.276638"><ele>3485</ele></trkpt>
      <trkpt lat="43.794007" lon="88.276762"><ele>3485</ele></trkpt>
      <trkpt lat="43.793949" lon="88.276864"><ele>3484</ele></trkpt>
      <trkpt lat="43.793914" lon="88.276983"><ele>3483</ele></trkpt>
      <trkpt lat="43.793927" lon="88.277119"><ele>3483</ele></trkpt>
      <trkpt lat="43.793892" lon="88.277236"><ele>3482</ele></trkpt>
      <trkpt lat="43.793862" lon="88.277361"><ele>3482</ele></trkpt>
      <trkpt lat="43.793786" lon="88.277445"><ele>3480</ele></trkpt>
      <trkpt lat="43.793709" lon="88.277518"><ele>3481</ele></trkpt>
      <trkpt lat="43.793617" lon="88.277513"><ele>3480</ele></trkpt>
      <trkpt lat="43.793553" lon="88.277603"><ele>3480</ele></trkpt>
      <trkpt lat="43.793459" lon="88.277624"><ele>3480</ele></trkpt>
      <trkpt lat="43.793366" lon="88.277669"><ele>3479</ele></trkpt>
      <trkpt lat="43.793381" lon="88.2778"><ele>3477</ele></trkpt>
      <trkpt lat="43.793338" lon="88.27791"><ele>3480</ele></trkpt>
      <trkpt lat="43.793333" lon="88.278043"><ele>3477</ele></trkpt>
      <trkpt lat="43.793287" lon="88.278157"><ele>3480</ele></trkpt>
      <trkpt lat="43.793253" lon="88.278274"><ele>3478</ele></trkpt>
      <trkpt lat="43.793196" lon="88.278372"><ele>3480</ele></trkpt>
      <trkpt lat="43.793228" lon="88.278504"><ele>3484</ele></trkpt>
      <trkpt lat="43.793152" lon="88.278581"><ele>3484</ele></trkpt>
      <trkpt lat="43.793072" lon="88.278642"><ele>3483</ele></trkpt>
      <trkpt lat="43.793008" lon="88.278731"><ele>3481</ele></trkpt>
      <trkpt lat="43.79294" lon="88.278824"><ele>3479</ele></trkpt>
      <trkpt lat="43.792876" lon="88.278915"><ele>3477</ele></trkpt>
      <trkpt lat="43.792791" lon="88.278973"><ele>3478</ele></trkpt>
      <trkpt lat="43.792726" lon="88.279063"><ele>3478</ele></trkpt>
      <trkpt lat="43.792636" lon="88.279083"><ele>3479</ele></trkpt>
      <trkpt lat="43.792549" lon="88.279049"><ele>3477</ele></trkpt>
      <trkpt lat="43.792459" lon="88.279087"><ele>3478</ele></trkpt>
      <trkpt lat="43.792368" lon="88.279069"><ele>3480</ele></trkpt>
      <trkpt lat="43.792286" lon="88.279003"><ele>3479</ele></trkpt>
      <trkpt lat="43.792195" lon="88.278962"><ele>3480</ele></trkpt>
      <trkpt lat="43.792104" lon="88.278942"><ele>3479</ele></trkpt>
      <trkpt lat="43.792011" lon="88.278995"><ele>3478</ele></trkpt>
      <trkpt lat="43.791937" lon="88.278913"><ele>3479</ele></trkpt>
      <trkpt lat="43.791852" lon="88.278849"><ele>3480</ele></trkpt>
      <trkpt lat="43.791763" lon="88.278824"><ele>3478</ele></trkpt>
      <trkpt lat="43.791669" lon="88.278789"><ele>3479</ele></trkpt>
      <trkpt lat="43.791586" lon="88.278738"><ele>3479</ele></trkpt>
      <trkpt lat="43.791501" lon="88.278695"><ele>3481</ele></trkpt>
      <trkpt lat="43.791413" lon="88.278665"><ele>3482</ele></trkpt>
      <trkpt lat="43.791317" lon="88.278678"><ele>3481</ele></trkpt>
      <trkpt lat="43.791227" lon="88.278642"><ele>3482</ele></trkpt>
      <trkpt lat="43.791134" lon="88.278607"><ele>3484</ele></trkpt>
      <trkpt lat="43.791038" lon="88.278599"><ele>3487</ele></trkpt>
      <trkpt lat="43.790955" lon="88.278533"><ele>3486</ele></trkpt>
      <trkpt lat="43.790867" lon="88.278472"><ele>3487</ele></trkpt>
      <trkpt lat="43.790772" lon="88.278468"><ele>3486</ele></trkpt>
      <trkpt lat="43.790696" lon="88.278401"><ele>3486</ele></trkpt>
      <trkpt lat="43.790613" lon="88.278354"><ele>3483</ele></trkpt>
      <trkpt lat="43.790524" lon="88.278305"><ele>3481</ele></trkpt>
      <trkpt lat="43.790427" lon="88.278306"><ele>3482</ele></trkpt>
      <trkpt lat="43.790344" lon="88.278255"><ele>3484</ele></trkpt>
      <trkpt lat="43.790247" lon="88.278282"><ele>3484</ele></trkpt>
      <trkpt lat="43.790155" lon="88.27827"><ele>3484</ele></trkpt>
      <trkpt lat="43.790063" lon="88.27831"><ele>3483</ele></trkpt>
      <trkpt lat="43.789986" lon="88.278395"><ele>3480</ele></trkpt>
      <trkpt lat="43.789889" lon="88.2784"><ele>3479</ele></trkpt>
      <trkpt lat="43.78979" lon="88.278432"><ele>3478</ele></trkpt>
      <trkpt lat="43.789737" lon="88.278538"><ele>3477</ele></trkpt>
      <trkpt lat="43.789658" lon="88.278606"><ele>3476</ele></trkpt>
      <trkpt lat="43.789592" lon="88.278692"><ele>3479</ele></trkpt>
      <trkpt lat="43.789513" lon="88.278757"><ele>3479</ele></trkpt>
      <trkpt lat="43.789427" lon="88.278804"><ele>3477</ele></trkpt>
      <trkpt lat="43.789328" lon="88.278801"><ele>3475</ele></trkpt>
      <trkpt lat="43.78924" lon="88.278763"><ele>3474</ele></trkpt>
      <trkpt lat="43.789161" lon="88.278702"><ele>3471</ele></trkpt>
      <trkpt lat="43.78907" lon="88.278696"><ele>3465</ele></trkpt>
      <trkpt lat="43.788979" lon="88.2787"><ele>3462</ele></trkpt>
      <trkpt lat="43.788887" lon="88.278736"><ele>3459</ele></trkpt>
      <trkpt lat="43.788798" lon="88.278793"><ele>3456</ele></trkpt>
      <trkpt lat="43.788768" lon="88.278671"><ele>3455</ele></trkpt>
      <trkpt lat="43.788698" lon="88.278763"><ele>3447</ele></trkpt>
      <trkpt lat="43.78865" lon="88.278872"><ele>3449</ele></trkpt>
      <trkpt lat="43.788561" lon="88.278913"><ele>3447</ele></trkpt>
      <trkpt lat="43.788466" lon="88.27893"><ele>3444</ele></trkpt>
      <trkpt lat="43.788388" lon="88.278867"><ele>3440</ele></trkpt>
      <trkpt lat="43.788336" lon="88.278762"><ele>3432</ele></trkpt>
      <trkpt lat="43.788246" lon="88.278798"><ele>3433</ele></trkpt>
      <trkpt lat="43.788161" lon="88.278845"><ele>3429</ele></trkpt>
      <trkpt lat="43.78807" lon="88.278866"><ele>3427</ele></trkpt>
      <trkpt lat="43.787978" lon="88.278851"><ele>3423</ele></trkpt>
      <trkpt lat="43.78789" lon="88.278795"><ele>3421</ele></trkpt>
      <trkpt lat="43.787799" lon="88.278759"><ele>3417</ele></trkpt>
      <trkpt lat="43.787726" lon="88.278686"><ele>3412</ele></trkpt>
      <trkpt lat="43.78776" lon="88.278564"><ele>3407</ele></trkpt>
      <trkpt lat="43.78771" lon="88.27845"><ele>3402</ele></trkpt>
      <trkpt lat="43.787719" lon="88.278319"><ele>3400</ele></trkpt>
      <trkpt lat="43.787731" lon="88.278189"><ele>3398</ele></trkpt>
      <trkpt lat="43.787639" lon="88.27821"><ele>3395</ele></trkpt>
      <trkpt lat="43.787547" lon="88.278241"><ele>3393</ele></trkpt>
      <trkpt lat="43.78746" lon="88.278275"><ele>3394</ele></trkpt>
      <trkpt lat="43.787374" lon="88.27832"><ele>3389</ele></trkpt>
      <trkpt lat="43.787282" lon="88.278337"><ele>3390</ele></trkpt>
      <trkpt lat="43.787275" lon="88.278464"><ele>3391</ele></trkpt>
      <trkpt lat="43.787193" lon="88.278517"><ele>3394</ele></trkpt>
      <trkpt lat="43.787101" lon="88.278544"><ele>3387</ele></trkpt>
      <trkpt lat="43.787007" lon="88.27856"><ele>3386</ele></trkpt>
      <trkpt lat="43.786932" lon="88.278633"><ele>3385</ele></trkpt>
      <trkpt lat="43.786844" lon="88.278666"><ele>3386</ele></trkpt>
      <trkpt lat="43.786745" lon="88.278691"><ele>3385</ele></trkpt>
      <trkpt lat="43.786654" lon="88.278668"><ele>3385</ele></trkpt>
      <trkpt lat="43.78658" lon="88.278592"><ele>3385</ele></trkpt>
      <trkpt lat="43.786493" lon="88.278529"><ele>3382</ele></trkpt>
      <trkpt lat="43.786403" lon="88.278503"><ele>3381</ele></trkpt>
      <trkpt lat="43.786306" lon="88.278485"><ele>3382</ele></trkpt>
      <trkpt lat="43.786209" lon="88.278478"><ele>3377</ele></trkpt>
      <trkpt lat="43.786113" lon="88.278498"><ele>3378</ele></trkpt>
      <trkpt lat="43.786032" lon="88.278557"><ele>3381</ele></trkpt>
      <trkpt lat="43.785947" lon="88.278598"><ele>3382</ele></trkpt>
      <trkpt lat="43.785857" lon="88.278616"><ele>3380</ele></trkpt>
      <trkpt lat="43.785757" lon="88.278648"><ele>3381</ele></trkpt>
      <trkpt lat="43.785668" lon="88.278675"><ele>3379</ele></trkpt>
      <trkpt lat="43.785571" lon="88.27868"><ele>3377</ele></trkpt>
      <trkpt lat="43.785479" lon="88.278681"><ele>3376</ele></trkpt>
      <trkpt lat="43.785389" lon="88.278643"><ele>3375</ele></trkpt>
      <trkpt lat="43.785297" lon="88.278604"><ele>3376</ele></trkpt>
      <trkpt lat="43.785201" lon="88.278599"><ele>3375</ele></trkpt>
      <trkpt lat="43.785106" lon="88.278616"><ele>3375</ele></trkpt>
      <trkpt lat="43.785009" lon="88.278612"><ele>3375</ele></trkpt>
      <trkpt lat="43.784917" lon="88.27862"><ele>3372</ele></trkpt>
      <trkpt lat="43.784826" lon="88.278585"><ele>3371</ele></trkpt>
      <trkpt lat="43.784725" lon="88.278586"><ele>3372</ele></trkpt>
      <trkpt lat="43.784631" lon="88.278637"><ele>3372</ele></trkpt>
      <trkpt lat="43.784533" lon="88.278634"><ele>3371</ele></trkpt>
      <trkpt lat="43.784438" lon="88.27867"><ele>3370</ele></trkpt>
      <trkpt lat="43.784361" lon="88.278585"><ele>3368</ele></trkpt>
      <trkpt lat="43.78427" lon="88.278572"><ele>3368</ele></trkpt>
      <trkpt lat="43.784182" lon="88.278607"><ele>3370</ele></trkpt>
      <trkpt lat="43.784083" lon="88.278634"><ele>3370</ele></trkpt>
      <trkpt lat="43.783996" lon="88.278581"><ele>3370</ele></trkpt>
      <trkpt lat="43.783913" lon="88.27865"><ele>3370</ele></trkpt>
      <trkpt lat="43.783816" lon="88.278654"><ele>3370</ele></trkpt>
      <trkpt lat="43.78374" lon="88.278577"><ele>3367</ele></trkpt>
      <trkpt lat="43.78368" lon="88.27867"><ele>3367</ele></trkpt>
      <trkpt lat="43.783587" lon="88.278697"><ele>3369</ele></trkpt>
      <trkpt lat="43.783499" lon="88.27867"><ele>3366</ele></trkpt>
      <trkpt lat="43.783413" lon="88.27871"><ele>3366</ele></trkpt>
      <trkpt lat="43.783375" lon="88.27859"><ele>3366</ele></trkpt>
      <trkpt lat="43.783282" lon="88.27863"><ele>3364</ele></trkpt>
      <trkpt lat="43.783191" lon="88.278636"><ele>3364</ele></trkpt>
      <trkpt lat="43.783102" lon="88.278662"><ele>3367</ele></trkpt>
      <trkpt lat="43.783012" lon="88.278701"><ele>3366</ele></trkpt>
      <trkpt lat="43.782924" lon="88.278654"><ele>3366</ele></trkpt>
      <trkpt lat="43.78283" lon="88.278672"><ele>3364</ele></trkpt>
      <trkpt lat="43.782749" lon="88.278607"><ele>3363</ele></trkpt>
      <trkpt lat="43.782656" lon="88.278618"><ele>3363</ele></trkpt>
      <trkpt lat="43.782569" lon="88.27865"><ele>3362</ele></trkpt>
      <trkpt lat="43.782497" lon="88.27856"><ele>3360</ele></trkpt>
      <trkpt lat="43.782407" lon="88.278542"><ele>3359</ele></trkpt>
      <trkpt lat="43.782311" lon="88.278506"><ele>3357</ele></trkpt>
      <trkpt lat="43.782212" lon="88.278496"><ele>3355</ele></trkpt>
      <trkpt lat="43.782117" lon="88.278483"><ele>3354</ele></trkpt>
      <trkpt lat="43.782026" lon="88.278484"><ele>3351</ele></trkpt>
      <trkpt lat="43.78193" lon="88.278484"><ele>3350</ele></trkpt>
      <trkpt lat="43.781844" lon="88.278526"><ele>3348</ele></trkpt>
      <trkpt lat="43.781764" lon="88.278598"><ele>3347</ele></trkpt>
      <trkpt lat="43.781689" lon="88.278685"><ele>3343</ele></trkpt>
      <trkpt lat="43.781591" lon="88.278697"><ele>3341</ele></trkpt>
      <trkpt lat="43.781506" lon="88.278754"><ele>3340</ele></trkpt>
      <trkpt lat="43.781467" lon="88.278877"><ele>3338</ele></trkpt>
      <trkpt lat="43.781501" lon="88.278998"><ele>3340</ele></trkpt>
      <trkpt lat="43.781482" lon="88.279122"><ele>3342</ele></trkpt>
      <trkpt lat="43.781467" lon="88.279259"><ele>3344</ele></trkpt>
      <trkpt lat="43.78143" lon="88.279378"><ele>3346</ele></trkpt>
      <trkpt lat="43.78141" lon="88.279505"><ele>3345</ele></trkpt>
      <trkpt lat="43.781325" lon="88.279574"><ele>3345</ele></trkpt>
      <trkpt lat="43.781265" lon="88.279667"><ele>3345</ele></trkpt>
      <trkpt lat="43.781175" lon="88.279712"><ele>3343</ele></trkpt>
      <trkpt lat="43.781106" lon="88.279809"><ele>3343</ele></trkpt>
      <trkpt lat="43.781055" lon="88.279914"><ele>3339</ele></trkpt>
      <trkpt lat="43.780989" lon="88.280015"><ele>3339</ele></trkpt>
      <trkpt lat="43.780912" lon="88.280104"><ele>3336</ele></trkpt>
      <trkpt lat="43.780829" lon="88.280183"><ele>3335</ele></trkpt>
      <trkpt lat="43.78074" lon="88.2802"><ele>3334</ele></trkpt>
      <trkpt lat="43.780643" lon="88.280193"><ele>3333</ele></trkpt>
      <trkpt lat="43.78055" lon="88.280153"><ele>3330</ele></trkpt>
      <trkpt lat="43.78051" lon="88.280276"><ele>3329</ele></trkpt>
      <trkpt lat="43.780436" lon="88.280372"><ele>3329</ele></trkpt>
      <trkpt lat="43.78036" lon="88.280459"><ele>3328</ele></trkpt>
      <trkpt lat="43.780292" lon="88.28055"><ele>3328</ele></trkpt>
      <trkpt lat="43.780193" lon="88.280578"><ele>3326</ele></trkpt>
      <trkpt lat="43.780108" lon="88.280645"><ele>3325</ele></trkpt>
      <trkpt lat="43.780034" lon="88.280718"><ele>3324</ele></trkpt>
      <trkpt lat="43.779946" lon="88.280776"><ele>3324</ele></trkpt>
      <trkpt lat="43.779877" lon="88.280871"><ele>3323</ele></trkpt>
      <trkpt lat="43.779809" lon="88.280954"><ele>3324</ele></trkpt>
      <trkpt lat="43.779733" lon="88.281023"><ele>3325</ele></trkpt>
      <trkpt lat="43.779646" lon="88.28107"><ele>3324</ele></trkpt>
      <trkpt lat="43.779562" lon="88.281156"><ele>3324</ele></trkpt>
      <trkpt lat="43.779492" lon="88.281259"><ele>3323</ele></trkpt>
      <trkpt lat="43.779403" lon="88.281303"><ele>3322</ele></trkpt>
      <trkpt lat="43.779318" lon="88.281353"><ele>3322</ele></trkpt>
      <trkpt lat="43.779233" lon="88.281419"><ele>3321</ele></trkpt>
      <trkpt lat="43.779135" lon="88.281463"><ele>3319</ele></trkpt>
      <trkpt lat="43.779033" lon="88.281501"><ele>3317</ele></trkpt>
      <trkpt lat="43.778942" lon="88.281514"><ele>3314</ele></trkpt>
      <trkpt lat="43.778854" lon="88.281555"><ele>3314</ele></trkpt>
      <trkpt lat="43.778755" lon="88.281574"><ele>3310</ele></trkpt>
      <trkpt lat="43.778663" lon="88.281623"><ele>3311</ele></trkpt>
      <trkpt lat="43.778571" lon="88.281683"><ele>3312</ele></trkpt>
      <trkpt lat="43.778475" lon="88.281743"><ele>3311</ele></trkpt>
      <trkpt lat="43.778398" lon="88.281815"><ele>3308</ele></trkpt>
      <trkpt lat="43.778315" lon="88.281898"><ele>3306</ele></trkpt>
      <trkpt lat="43.778239" lon="88.28197"><ele>3302</ele></trkpt>
      <trkpt lat="43.778166" lon="88.282069"><ele>3301</ele></trkpt>
      <trkpt lat="43.778095" lon="88.282147"><ele>3299</ele></trkpt>
      <trkpt lat="43.778003" lon="88.282185"><ele>3299</ele></trkpt>
      <trkpt lat="43.777919" lon="88.28227"><ele>3298</ele></trkpt>
      <trkpt lat="43.777817" lon="88.282296"><ele>3296</ele></trkpt>
      <trkpt lat="43.777729" lon="88.282356"><ele>3295</ele></trkpt>
      <trkpt lat="43.777657" lon="88.282455"><ele>3294</ele></trkpt>
      <trkpt lat="43.7776" lon="88.28256"><ele>3294</ele></trkpt>
      <trkpt lat="43.777503" lon="88.282585"><ele>3294</ele></trkpt>
      <trkpt lat="43.777434" lon="88.282675"><ele>3293</ele></trkpt>
      <trkpt lat="43.777331" lon="88.282703"><ele>3290</ele></trkpt>
      <trkpt lat="43.777254" lon="88.282779"><ele>3292</ele></trkpt>
      <trkpt lat="43.777167" lon="88.282844"><ele>3290</ele></trkpt>
      <trkpt lat="43.777066" lon="88.282878"><ele>3288</ele></trkpt>
      <trkpt lat="43.776969" lon="88.282889"><ele>3287</ele></trkpt>
      <trkpt lat="43.776879" lon="88.282894"><ele>3287</ele></trkpt>
      <trkpt lat="43.776794" lon="88.282939"><ele>3287</ele></trkpt>
      <trkpt lat="43.776695" lon="88.282951"><ele>3287</ele></trkpt>
      <trkpt lat="43.776604" lon="88.282953"><ele>3287</ele></trkpt>
      <trkpt lat="43.776506" lon="88.28295"><ele>3286</ele></trkpt>
      <trkpt lat="43.776408" lon="88.282954"><ele>3285</ele></trkpt>
      <trkpt lat="43.776307" lon="88.282956"><ele>3283</ele></trkpt>
      <trkpt lat="43.776211" lon="88.282972"><ele>3281</ele></trkpt>
      <trkpt lat="43.776117" lon="88.282973"><ele>3284</ele></trkpt>
      <trkpt lat="43.776024" lon="88.283002"><ele>3281</ele></trkpt>
      <trkpt lat="43.775927" lon="88.283"><ele>3279</ele></trkpt>
      <trkpt lat="43.775849" lon="88.28307"><ele>3280</ele></trkpt>
      <trkpt lat="43.775754" lon="88.283083"><ele>3280</ele></trkpt>
      <trkpt lat="43.77566" lon="88.283091"><ele>3278</ele></trkpt>
      <trkpt lat="43.775569" lon="88.283098"><ele>3280</ele></trkpt>
      <trkpt lat="43.77548" lon="88.283139"><ele>3279</ele></trkpt>
      <trkpt lat="43.775382" lon="88.28317"><ele>3279</ele></trkpt>
      <trkpt lat="43.775295" lon="88.283218"><ele>3279</ele></trkpt>
      <trkpt lat="43.775228" lon="88.283306"><ele>3274</ele></trkpt>
      <trkpt lat="43.775143" lon="88.283356"><ele>3274</ele></trkpt>
      <trkpt lat="43.775046" lon="88.283398"><ele>3275</ele></trkpt>
      <trkpt lat="43.774953" lon="88.283413"><ele>3274</ele></trkpt>
      <trkpt lat="43.774856" lon="88.283446"><ele>3273</ele></trkpt>
      <trkpt lat="43.774747" lon="88.283468"><ele>3274</ele></trkpt>
      <trkpt lat="43.774646" lon="88.28344"><ele>3272</ele></trkpt>
      <trkpt lat="43.77455" lon="88.283455"><ele>3273</ele></trkpt>
      <trkpt lat="43.774467" lon="88.283503"><ele>3273</ele></trkpt>
      <trkpt lat="43.774377" lon="88.283566"><ele>3274</ele></trkpt>
      <trkpt lat="43.774287" lon="88.283603"><ele>3273</ele></trkpt>
      <trkpt lat="43.7742" lon="88.28366"><ele>3273</ele></trkpt>
      <trkpt lat="43.774144" lon="88.283766"><ele>3270</ele></trkpt>
      <trkpt lat="43.774083" lon="88.283871"><ele>3269</ele></trkpt>
      <trkpt lat="43.774008" lon="88.283952"><ele>3269</ele></trkpt>
      <trkpt lat="43.773914" lon="88.283995"><ele>3266</ele></trkpt>
      <trkpt lat="43.773888" lon="88.284127"><ele>3265</ele></trkpt>
      <trkpt lat="43.773906" lon="88.284257"><ele>3265</ele></trkpt>
      <trkpt lat="43.773853" lon="88.284378"><ele>3265</ele></trkpt>
      <trkpt lat="43.773777" lon="88.284447"><ele>3266</ele></trkpt>
      <trkpt lat="43.773703" lon="88.284526"><ele>3266</ele></trkpt>
      <trkpt lat="43.773605" lon="88.28451"><ele>3269</ele></trkpt>
      <trkpt lat="43.773509" lon="88.284486"><ele>3267</ele></trkpt>
      <trkpt lat="43.773411" lon="88.284499"><ele>3265</ele></trkpt>
      <trkpt lat="43.773326" lon="88.284545"><ele>3266</ele></trkpt>
      <trkpt lat="43.773226" lon="88.284581"><ele>3265</ele></trkpt>
      <trkpt lat="43.773136" lon="88.284597"><ele>3267</ele></trkpt>
      <trkpt lat="43.773036" lon="88.284627"><ele>3266</ele></trkpt>
      <trkpt lat="43.772934" lon="88.284663"><ele>3267</ele></trkpt>
      <trkpt lat="43.772842" lon="88.284689"><ele>3267</ele></trkpt>
      <trkpt lat="43.772744" lon="88.284701"><ele>3265</ele></trkpt>
      <trkpt lat="43.772648" lon="88.284729"><ele>3265</ele></trkpt>
      <trkpt lat="43.772569" lon="88.284808"><ele>3268</ele></trkpt>
      <trkpt lat="43.772487" lon="88.284878"><ele>3268</ele></trkpt>
      <trkpt lat="43.772402" lon="88.284937"><ele>3269</ele></trkpt>
      <trkpt lat="43.772316" lon="88.284986"><ele>3272</ele></trkpt>
      <trkpt lat="43.772236" lon="88.285062"><ele>3271</ele></trkpt>
      <trkpt lat="43.772151" lon="88.285134"><ele>3269</ele></trkpt>
      <trkpt lat="43.772079" lon="88.285212"><ele>3269</ele></trkpt>
      <trkpt lat="43.771991" lon="88.285248"><ele>3267</ele></trkpt>
      <trkpt lat="43.771905" lon="88.285288"><ele>3267</ele></trkpt>
      <trkpt lat="43.77183" lon="88.285363"><ele>3266</ele></trkpt>
      <trkpt lat="43.771741" lon="88.285389"><ele>3266</ele></trkpt>
      <trkpt lat="43.771652" lon="88.285429"><ele>3266</ele></trkpt>
      <trkpt lat="43.771556" lon="88.28541"><ele>3267</ele></trkpt>
      <trkpt lat="43.771465" lon="88.285376"><ele>3268</ele></trkpt>
      <trkpt lat="43.771406" lon="88.285471"><ele>3270</ele></trkpt>
      <trkpt lat="43.771329" lon="88.285538"><ele>3271</ele></trkpt>
      <trkpt lat="43.771239" lon="88.285559"><ele>3274</ele></trkpt>
      <trkpt lat="43.771146" lon="88.285517"><ele>3271</ele></trkpt>
      <trkpt lat="43.771057" lon="88.285543"><ele>3273</ele></trkpt>
      <trkpt lat="43.770962" lon="88.285572"><ele>3273</ele></trkpt>
      <trkpt lat="43.770869" lon="88.285624"><ele>3272</ele></trkpt>
      <trkpt lat="43.770765" lon="88.285657"><ele>3272</ele></trkpt>
      <trkpt lat="43.770663" lon="88.285671"><ele>3272</ele></trkpt>
      <trkpt lat="43.770573" lon="88.2857"><ele>3270</ele></trkpt>
      <trkpt lat="43.770474" lon="88.285733"><ele>3269</ele></trkpt>
      <trkpt lat="43.770384" lon="88.285765"><ele>3270</ele></trkpt>
      <trkpt lat="43.770285" lon="88.285781"><ele>3270</ele></trkpt>
      <trkpt lat="43.770192" lon="88.285798"><ele>3269</ele></trkpt>
      <trkpt lat="43.770106" lon="88.285838"><ele>3269</ele></trkpt>
      <trkpt lat="43.77002" lon="88.285886"><ele>3269</ele></trkpt>
      <trkpt lat="43.769939" lon="88.285951"><ele>3266</ele></trkpt>
      <trkpt lat="43.769865" lon="88.286031"><ele>3266</ele></trkpt>
      <trkpt lat="43.769799" lon="88.286116"><ele>3266</ele></trkpt>
      <trkpt lat="43.769734" lon="88.286222"><ele>3266</ele></trkpt>
      <trkpt lat="43.769665" lon="88.286308"><ele>3267</ele></trkpt>
      <trkpt lat="43.769571" lon="88.28638"><ele>3266</ele></trkpt>
      <trkpt lat="43.769493" lon="88.28645"><ele>3266</ele></trkpt>
      <trkpt lat="43.769397" lon="88.286496"><ele>3265</ele></trkpt>
      <trkpt lat="43.769322" lon="88.28657"><ele>3263</ele></trkpt>
      <trkpt lat="43.769249" lon="88.286671"><ele>3261</ele></trkpt>
      <trkpt lat="43.769153" lon="88.286709"><ele>3260</ele></trkpt>
      <trkpt lat="43.769065" lon="88.286766"><ele>3260</ele></trkpt>
      <trkpt lat="43.768967" lon="88.286771"><ele>3260</ele></trkpt>
      <trkpt lat="43.768889" lon="88.286836"><ele>3259</ele></trkpt>
      <trkpt lat="43.768811" lon="88.286903"><ele>3261</ele></trkpt>
      <trkpt lat="43.768757" lon="88.287023"><ele>3261</ele></trkpt>
      <trkpt lat="43.768717" lon="88.287143"><ele>3261</ele></trkpt>
      <trkpt lat="43.76869" lon="88.287261"><ele>3267</ele></trkpt>
      <trkpt lat="43.76867" lon="88.287383"><ele>3267</ele></trkpt>
      <trkpt lat="43.76864" lon="88.28751"><ele>3265</ele></trkpt>
      <trkpt lat="43.768636" lon="88.287634"><ele>3265</ele></trkpt>
      <trkpt lat="43.768591" lon="88.287755"><ele>3266</ele></trkpt>
      <trkpt lat="43.768545" lon="88.287863"><ele>3267</ele></trkpt>
      <trkpt lat="43.768533" lon="88.287996"><ele>3266</ele></trkpt>
      <trkpt lat="43.768541" lon="88.28812"><ele>3267</ele></trkpt>
      <trkpt lat="43.768533" lon="88.288248"><ele>3268</ele></trkpt>
      <trkpt lat="43.768524" lon="88.288391"><ele>3269</ele></trkpt>
      <trkpt lat="43.768495" lon="88.288517"><ele>3269</ele></trkpt>
      <trkpt lat="43.768458" lon="88.288641"><ele>3269</ele></trkpt>
      <trkpt lat="43.768413" lon="88.288756"><ele>3268</ele></trkpt>
      <trkpt lat="43.768331" lon="88.288821"><ele>3270</ele></trkpt>
      <trkpt lat="43.768253" lon="88.288884"><ele>3269</ele></trkpt>
      <trkpt lat="43.768176" lon="88.288949"><ele>3268</ele></trkpt>
      <trkpt lat="43.76809" lon="88.289001"><ele>3268</ele></trkpt>
      <trkpt lat="43.768012" lon="88.289098"><ele>3270</ele></trkpt>
      <trkpt lat="43.767952" lon="88.289193"><ele>3270</ele></trkpt>
      <trkpt lat="43.767877" lon="88.289265"><ele>3271</ele></trkpt>
      <trkpt lat="43.767771" lon="88.289297"><ele>3270</ele></trkpt>
      <trkpt lat="43.767677" lon="88.289332"><ele>3270</ele></trkpt>
      <trkpt lat="43.7676" lon="88.289398"><ele>3270</ele></trkpt>
      <trkpt lat="43.767535" lon="88.289488"><ele>3272</ele></trkpt>
      <trkpt lat="43.767473" lon="88.289592"><ele>3273</ele></trkpt>
      <trkpt lat="43.76738" lon="88.28961"><ele>3274</ele></trkpt>
      <trkpt lat="43.767294" lon="88.28968"><ele>3274</ele></trkpt>
      <trkpt lat="43.7672" lon="88.289725"><ele>3275</ele></trkpt>
      <trkpt lat="43.767116" lon="88.28978"><ele>3273</ele></trkpt>
      <trkpt lat="43.767031" lon="88.289856"><ele>3274</ele></trkpt>
      <trkpt lat="43.766954" lon="88.289932"><ele>3273</ele></trkpt>
      <trkpt lat="43.766878" lon="88.290006"><ele>3272</ele></trkpt>
      <trkpt lat="43.766799" lon="88.290098"><ele>3273</ele></trkpt>
      <trkpt lat="43.766751" lon="88.290215"><ele>3272</ele></trkpt>
      <trkpt lat="43.766699" lon="88.290323"><ele>3273</ele></trkpt>
      <trkpt lat="43.766612" lon="88.290401"><ele>3272</ele></trkpt>
      <trkpt lat="43.766533" lon="88.290471"><ele>3272</ele></trkpt>
      <trkpt lat="43.766536" lon="88.290601"><ele>3273</ele></trkpt>
      <trkpt lat="43.766496" lon="88.290715"><ele>3277</ele></trkpt>
      <trkpt lat="43.76644" lon="88.29082"><ele>3277</ele></trkpt>
      <trkpt lat="43.766389" lon="88.290926"><ele>3275</ele></trkpt>
      <trkpt lat="43.766325" lon="88.291019"><ele>3275</ele></trkpt>
      <trkpt lat="43.766245" lon="88.291093"><ele>3276</ele></trkpt>
      <trkpt lat="43.766175" lon="88.291181"><ele>3277</ele></trkpt>
      <trkpt lat="43.766152" lon="88.291303"><ele>3276</ele></trkpt>
      <trkpt lat="43.766142" lon="88.29143"><ele>3276</ele></trkpt>
      <trkpt lat="43.766088" lon="88.291531"><ele>3275</ele></trkpt>
      <trkpt lat="43.766007" lon="88.291603"><ele>3276</ele></trkpt>
      <trkpt lat="43.76595" lon="88.291708"><ele>3277</ele></trkpt>
      <trkpt lat="43.76588" lon="88.291787"><ele>3276</ele></trkpt>
      <trkpt lat="43.765808" lon="88.291864"><ele>3274</ele></trkpt>
      <trkpt lat="43.765727" lon="88.29193"><ele>3271</ele></trkpt>
      <trkpt lat="43.765657" lon="88.292015"><ele>3272</ele></trkpt>
      <trkpt lat="43.765579" lon="88.292081"><ele>3272</ele></trkpt>
      <trkpt lat="43.765493" lon="88.292138"><ele>3272</ele></trkpt>
      <trkpt lat="43.765398" lon="88.292205"><ele>3273</ele></trkpt>
      <trkpt lat="43.765305" lon="88.292246"><ele>3271</ele></trkpt>
      <trkpt lat="43.765206" lon="88.292237"><ele>3267</ele></trkpt>
      <trkpt lat="43.765112" lon="88.292261"><ele>3268</ele></trkpt>
      <trkpt lat="43.765015" lon="88.292284"><ele>3268</ele></trkpt>
      <trkpt lat="43.764926" lon="88.292319"><ele>3267</ele></trkpt>
      <trkpt lat="43.764831" lon="88.292353"><ele>3264</ele></trkpt>
      <trkpt lat="43.76474" lon="88.292401"><ele>3265</ele></trkpt>
      <trkpt lat="43.764668" lon="88.292489"><ele>3265</ele></trkpt>
      <trkpt lat="43.764616" lon="88.292599"><ele>3264</ele></trkpt>
      <trkpt lat="43.764552" lon="88.292696"><ele>3260</ele></trkpt>
      <trkpt lat="43.764501" lon="88.292804"><ele>3259</ele></trkpt>
      <trkpt lat="43.764402" lon="88.292823"><ele>3257</ele></trkpt>
      <trkpt lat="43.764318" lon="88.292892"><ele>3254</ele></trkpt>
      <trkpt lat="43.764242" lon="88.29297"><ele>3252</ele></trkpt>
      <trkpt lat="43.764149" lon="88.293028"><ele>3255</ele></trkpt>
      <trkpt lat="43.764057" lon="88.293064"><ele>3256</ele></trkpt>
      <trkpt lat="43.763969" lon="88.293132"><ele>3254</ele></trkpt>
      <trkpt lat="43.763878" lon="88.293177"><ele>3254</ele></trkpt>
      <trkpt lat="43.7638" lon="88.293263"><ele>3254</ele></trkpt>
      <trkpt lat="43.763729" lon="88.293348"><ele>3257</ele></trkpt>
      <trkpt lat="43.763657" lon="88.293423"><ele>3255</ele></trkpt>
      <trkpt lat="43.763588" lon="88.293509"><ele>3258</ele></trkpt>
      <trkpt lat="43.763506" lon="88.293567"><ele>3258</ele></trkpt>
      <trkpt lat="43.763423" lon="88.293618"><ele>3259</ele></trkpt>
      <trkpt lat="43.763361" lon="88.293711"><ele>3259</ele></trkpt>
      <trkpt lat="43.763275" lon="88.293754"><ele>3259</ele></trkpt>
      <trkpt lat="43.763204" lon="88.29384"><ele>3260</ele></trkpt>
      <trkpt lat="43.76313" lon="88.293916"><ele>3256</ele></trkpt>
      <trkpt lat="43.763051" lon="88.29398"><ele>3256</ele></trkpt>
      <trkpt lat="43.762985" lon="88.294067"><ele>3255</ele></trkpt>
      <trkpt lat="43.762908" lon="88.294152"><ele>3253</ele></trkpt>
      <trkpt lat="43.762826" lon="88.29421"><ele>3253</ele></trkpt>
      <trkpt lat="43.762736" lon="88.294231"><ele>3250</ele></trkpt>
      <trkpt lat="43.762676" lon="88.294331"><ele>3250</ele></trkpt>
      <trkpt lat="43.762617" lon="88.294432"><ele>3255</ele></trkpt>
      <trkpt lat="43.762585" lon="88.29456"><ele>3256</ele></trkpt>
      <trkpt lat="43.762518" lon="88.294645"><ele>3257</ele></trkpt>
      <trkpt lat="43.7625" lon="88.294769"><ele>3259</ele></trkpt>
      <trkpt lat="43.762467" lon="88.294885"><ele>3260</ele></trkpt>
      <trkpt lat="43.762421" lon="88.294995"><ele>3261</ele></trkpt>
      <trkpt lat="43.762359" lon="88.295096"><ele>3263</ele></trkpt>
      <trkpt lat="43.762301" lon="88.295194"><ele>3264</ele></trkpt>
      <trkpt lat="43.76228" lon="88.295323"><ele>3266</ele></trkpt>
      <trkpt lat="43.762269" lon="88.295447"><ele>3267</ele></trkpt>
      <trkpt lat="43.762216" lon="88.295557"><ele>3274</ele></trkpt>
      <trkpt lat="43.76216" lon="88.295655"><ele>3276</ele></trkpt>
      <trkpt lat="43.762072" lon="88.295622"><ele>3277</ele></trkpt>
      <trkpt lat="43.761982" lon="88.295655"><ele>3279</ele></trkpt>
      <trkpt lat="43.761885" lon="88.295655"><ele>3279</ele></trkpt>
      <trkpt lat="43.761786" lon="88.295679"><ele>3280</ele></trkpt>
      <trkpt lat="43.761711" lon="88.295754"><ele>3281</ele></trkpt>
      <trkpt lat="43.761621" lon="88.295769"><ele>3283</ele></trkpt>
      <trkpt lat="43.761572" lon="88.295883"><ele>3286</ele></trkpt>
      <trkpt lat="43.761537" lon="88.296001"><ele>3288</ele></trkpt>
      <trkpt lat="43.761463" lon="88.296076"><ele>3293</ele></trkpt>
      <trkpt lat="43.761397" lon="88.296167"><ele>3295</ele></trkpt>
      <trkpt lat="43.761309" lon="88.296208"><ele>3298</ele></trkpt>
      <trkpt lat="43.76122" lon="88.296246"><ele>3300</ele></trkpt>
      <trkpt lat="43.761199" lon="88.296382"><ele>3301</ele></trkpt>
      <trkpt lat="43.761232" lon="88.296498"><ele>3304</ele></trkpt>
      <trkpt lat="43.761203" lon="88.296619"><ele>3310</ele></trkpt>
      <trkpt lat="43.761147" lon="88.296722"><ele>3313</ele></trkpt>
      <trkpt lat="43.761178" lon="88.296844"><ele>3317</ele></trkpt>
      <trkpt lat="43.761097" lon="88.296908"><ele>3319</ele></trkpt>
      <trkpt lat="43.761007" lon="88.296916"><ele>3325</ele></trkpt>
      <trkpt lat="43.760928" lon="88.296977"><ele>3326</ele></trkpt>
      <trkpt lat="43.760869" lon="88.297074"><ele>3328</ele></trkpt>
      <trkpt lat="43.760862" lon="88.297207"><ele>3331</ele></trkpt>
      <trkpt lat="43.760839" lon="88.297329"><ele>3336</ele></trkpt>
      <trkpt lat="43.760785" lon="88.29743"><ele>3338</ele></trkpt>
      <trkpt lat="43.76077" lon="88.297558"><ele>3338</ele></trkpt>
      <trkpt lat="43.760744" lon="88.297681"><ele>3340</ele></trkpt>
      <trkpt lat="43.760709" lon="88.297796"><ele>3340</ele></trkpt>
      <trkpt lat="43.760695" lon="88.297919"><ele>3342</ele></trkpt>
      <trkpt lat="43.760668" lon="88.298045"><ele>3345</ele></trkpt>
      <trkpt lat="43.760649" lon="88.298169"><ele>3347</ele></trkpt>
      <trkpt lat="43.760607" lon="88.298292"><ele>3348</ele></trkpt>
      <trkpt lat="43.760586" lon="88.298417"><ele>3351</ele></trkpt>
      <trkpt lat="43.760553" lon="88.29855"><ele>3354</ele></trkpt>
      <trkpt lat="43.760524" lon="88.298671"><ele>3355</ele></trkpt>
      <trkpt lat="43.760523" lon="88.298806"><ele>3356</ele></trkpt>
      <trkpt lat="43.760511" lon="88.298929"><ele>3357</ele></trkpt>
      <trkpt lat="43.760473" lon="88.299044"><ele>3360</ele></trkpt>
      <trkpt lat="43.760424" lon="88.29915"><ele>3363</ele></trkpt>
      <trkpt lat="43.760376" lon="88.299257"><ele>3367</ele></trkpt>
      <trkpt lat="43.760346" lon="88.299374"><ele>3368</ele></trkpt>
      <trkpt lat="43.760338" lon="88.299503"><ele>3371</ele></trkpt>
      <trkpt lat="43.760289" lon="88.299617"><ele>3373</ele></trkpt>
      <trkpt lat="43.760246" lon="88.29973"><ele>3373</ele></trkpt>
      <trkpt lat="43.76022" lon="88.299856"><ele>3375</ele></trkpt>
      <trkpt lat="43.760187" lon="88.299976"><ele>3377</ele></trkpt>
      <trkpt lat="43.760144" lon="88.300085"><ele>3379</ele></trkpt>
      <trkpt lat="43.760126" lon="88.30021"><ele>3378</ele></trkpt>
      <trkpt lat="43.760139" lon="88.300339"><ele>3378</ele></trkpt>
      <trkpt lat="43.760102" lon="88.300459"><ele>3382</ele></trkpt>
      <trkpt lat="43.760102" lon="88.300597"><ele>3383</ele></trkpt>
      <trkpt lat="43.760141" lon="88.300727"><ele>3382</ele></trkpt>
      <trkpt lat="43.760131" lon="88.300858"><ele>3381</ele></trkpt>
      <trkpt lat="43.760162" lon="88.300979"><ele>3382</ele></trkpt>
      <trkpt lat="43.760187" lon="88.301111"><ele>3381</ele></trkpt>
      <trkpt lat="43.760232" lon="88.301225"><ele>3384</ele></trkpt>
      <trkpt lat="43.760247" lon="88.30135"><ele>3384</ele></trkpt>
      <trkpt lat="43.760262" lon="88.301479"><ele>3385</ele></trkpt>
      <trkpt lat="43.760238" lon="88.301599"><ele>3383</ele></trkpt>
      <trkpt lat="43.760218" lon="88.301723"><ele>3383</ele></trkpt>
      <trkpt lat="43.760194" lon="88.301848"><ele>3386</ele></trkpt>
      <trkpt lat="43.760164" lon="88.301977"><ele>3386</ele></trkpt>
      <trkpt lat="43.760126" lon="88.302094"><ele>3387</ele></trkpt>
      <trkpt lat="43.760156" lon="88.302222"><ele>3388</ele></trkpt>
      <trkpt lat="43.760138" lon="88.302351"><ele>3389</ele></trkpt>
      <trkpt lat="43.760172" lon="88.302477"><ele>3390</ele></trkpt>
      <trkpt lat="43.760156" lon="88.302611"><ele>3389</ele></trkpt>
      <trkpt lat="43.760161" lon="88.302736"><ele>3390</ele></trkpt>
      <trkpt lat="43.760174" lon="88.302868"><ele>3389</ele></trkpt>
      <trkpt lat="43.760184" lon="88.302999"><ele>3390</ele></trkpt>
      <trkpt lat="43.76019" lon="88.303127"><ele>3393</ele></trkpt>
      <trkpt lat="43.760178" lon="88.303251"><ele>3394</ele></trkpt>
      <trkpt lat="43.760129" lon="88.303358"><ele>3395</ele></trkpt>
      <trkpt lat="43.760084" lon="88.303472"><ele>3399</ele></trkpt>
      <trkpt lat="43.760023" lon="88.30357"><ele>3399</ele></trkpt>
      <trkpt lat="43.759989" lon="88.303698"><ele>3401</ele></trkpt>
      <trkpt lat="43.759943" lon="88.303811"><ele>3404</ele></trkpt>
      <trkpt lat="43.759946" lon="88.303941"><ele>3405</ele></trkpt>
      <trkpt lat="43.759953" lon="88.304066"><ele>3407</ele></trkpt>
      <trkpt lat="43.759951" lon="88.304191"><ele>3408</ele></trkpt>
      <trkpt lat="43.759949" lon="88.304316"><ele>3410</ele></trkpt>
      <trkpt lat="43.759964" lon="88.304441"><ele>3412</ele></trkpt>
      <trkpt lat="43.759994" lon="88.304559"><ele>3411</ele></trkpt>
      <trkpt lat="43.760022" lon="88.304679"><ele>3413</ele></trkpt>
      <trkpt lat="43.760055" lon="88.304804"><ele>3412</ele></trkpt>
      <trkpt lat="43.760051" lon="88.304934"><ele>3414</ele></trkpt>
      <trkpt lat="43.760079" lon="88.305054"><ele>3414</ele></trkpt>
      <trkpt lat="43.760078" lon="88.305189"><ele>3416</ele></trkpt>
      <trkpt lat="43.76007" lon="88.305318"><ele>3419</ele></trkpt>
      <trkpt lat="43.760079" lon="88.305443"><ele>3420</ele></trkpt>
      <trkpt lat="43.760086" lon="88.305569"><ele>3423</ele></trkpt>
      <trkpt lat="43.760171" lon="88.305618"><ele>3424</ele></trkpt>
      <trkpt lat="43.760249" lon="88.305681"><ele>3421</ele></trkpt>
      <trkpt lat="43.760325" lon="88.305759"><ele>3426</ele></trkpt>
      <trkpt lat="43.760391" lon="88.305853"><ele>3430</ele></trkpt>
      <trkpt lat="43.760422" lon="88.305971"><ele>3433</ele></trkpt>
      <trkpt lat="43.760473" lon="88.306078"><ele>3437</ele></trkpt>
      <trkpt lat="43.760541" lon="88.30617"><ele>3439</ele></trkpt>
      <trkpt lat="43.760608" lon="88.306254"><ele>3442</ele></trkpt>
      <trkpt lat="43.760662" lon="88.306359"><ele>3446</ele></trkpt>
      <trkpt lat="43.760717" lon="88.306458"><ele>3446</ele></trkpt>
      <trkpt lat="43.760751" lon="88.306573"><ele>3446</ele></trkpt>
      <trkpt lat="43.760773" lon="88.306695"><ele>3451</ele></trkpt>
      <trkpt lat="43.760735" lon="88.306814"><ele>3456</ele></trkpt>
      <trkpt lat="43.760717" lon="88.306939"><ele>3463</ele></trkpt>
      <trkpt lat="43.76074" lon="88.307062"><ele>3466</ele></trkpt>
      <trkpt lat="43.760741" lon="88.307189"><ele>3467</ele></trkpt>
      <trkpt lat="43.760751" lon="88.307314"><ele>3468</ele></trkpt>
      <trkpt lat="43.760718" lon="88.30743"><ele>3469</ele></trkpt>
      <trkpt lat="43.76071" lon="88.307558"><ele>3469</ele></trkpt>
      <trkpt lat="43.76076" lon="88.307666"><ele>3468</ele></trkpt>
      <trkpt lat="43.760778" lon="88.307789"><ele>3469</ele></trkpt>
      <trkpt lat="43.760778" lon="88.307919"><ele>3474</ele></trkpt>
      <trkpt lat="43.76083" lon="88.308028"><ele>3474</ele></trkpt>
      <trkpt lat="43.760873" lon="88.308143"><ele>3477</ele></trkpt>
      <trkpt lat="43.760926" lon="88.308248"><ele>3477</ele></trkpt>
      <trkpt lat="43.760978" lon="88.308365"><ele>3477</ele></trkpt>
      <trkpt lat="43.761024" lon="88.308482"><ele>3475</ele></trkpt>
      <trkpt lat="43.761021" lon="88.308609"><ele>3475</ele></trkpt>
      <trkpt lat="43.760999" lon="88.308746"><ele>3475</ele></trkpt>
      <trkpt lat="43.761037" lon="88.308864"><ele>3474</ele></trkpt>
      <trkpt lat="43.761078" lon="88.308976"><ele>3476</ele></trkpt>
      <trkpt lat="43.761068" lon="88.309108"><ele>3477</ele></trkpt>
      <trkpt lat="43.761097" lon="88.309234"><ele>3477</ele></trkpt>
      <trkpt lat="43.761105" lon="88.309367"><ele>3475</ele></trkpt>
      <trkpt lat="43.761137" lon="88.309505"><ele>3474</ele></trkpt>
      <trkpt lat="43.761132" lon="88.309637"><ele>3474</ele></trkpt>
      <trkpt lat="43.761108" lon="88.30976"><ele>3469</ele></trkpt>
      <trkpt lat="43.761125" lon="88.309891"><ele>3467</ele></trkpt>
      <trkpt lat="43.761145" lon="88.310019"><ele>3465</ele></trkpt>
      <trkpt lat="43.761149" lon="88.310144"><ele>3465</ele></trkpt>
      <trkpt lat="43.761193" lon="88.310259"><ele>3466</ele></trkpt>
      <trkpt lat="43.761152" lon="88.310372"><ele>3472</ele></trkpt>
      <trkpt lat="43.761201" lon="88.31048"><ele>3473</ele></trkpt>
      <trkpt lat="43.761262" lon="88.310572"><ele>3476</ele></trkpt>
      <trkpt lat="43.761285" lon="88.310695"><ele>3479</ele></trkpt>
      <trkpt lat="43.761366" lon="88.31076"><ele>3482</ele></trkpt>
      <trkpt lat="43.761413" lon="88.310873"><ele>3481</ele></trkpt>
      <trkpt lat="43.761471" lon="88.310974"><ele>3481</ele></trkpt>
      <trkpt lat="43.761544" lon="88.311052"><ele>3482</ele></trkpt>
      <trkpt lat="43.761615" lon="88.31114"><ele>3481</ele></trkpt>
      <trkpt lat="43.761699" lon="88.31109"><ele>3482</ele></trkpt>
      <trkpt lat="43.761792" lon="88.311123"><ele>3484</ele></trkpt>
      <trkpt lat="43.761876" lon="88.311176"><ele>3487</ele></trkpt>
      <trkpt lat="43.761913" lon="88.311289"><ele>3491</ele></trkpt>
      <trkpt lat="43.761993" lon="88.311348"><ele>3492</ele></trkpt>
      <trkpt lat="43.762061" lon="88.311433"><ele>3494</ele></trkpt>
      <trkpt lat="43.762126" lon="88.311532"><ele>3498</ele></trkpt>
      <trkpt lat="43.762151" lon="88.311655"><ele>3497</ele></trkpt>
      <trkpt lat="43.762206" lon="88.311759"><ele>3499</ele></trkpt>
      <trkpt lat="43.762265" lon="88.311854"><ele>3501</ele></trkpt>
      <trkpt lat="43.762286" lon="88.311981"><ele>3499</ele></trkpt>
      <trkpt lat="43.762331" lon="88.31209"><ele>3500</ele></trkpt>
      <trkpt lat="43.762379" lon="88.312194"><ele>3500</ele></trkpt>
      <trkpt lat="43.762442" lon="88.312286"><ele>3501</ele></trkpt>
      <trkpt lat="43.762514" lon="88.31237"><ele>3503</ele></trkpt>
      <trkpt lat="43.762523" lon="88.3125"><ele>3505</ele></trkpt>
      <trkpt lat="43.762498" lon="88.31238"><ele>3504</ele></trkpt>
      <trkpt lat="43.762486" lon="88.312249"><ele>3502</ele></trkpt>
      <trkpt lat="43.762504" lon="88.312127"><ele>3506</ele></trkpt>
      <trkpt lat="43.761608" lon="88.312727"><ele>3533</ele></trkpt>
      <trkpt lat="43.761515" lon="88.312757"><ele>3534</ele></trkpt>
      <trkpt lat="43.761441" lon="88.312831"><ele>3536</ele></trkpt>
      <trkpt lat="43.761376" lon="88.312928"><ele>3540</ele></trkpt>
      <trkpt lat="43.76132" lon="88.313027"><ele>3544</ele></trkpt>
      <trkpt lat="43.761231" lon="88.313006"><ele>3547</ele></trkpt>
      <trkpt lat="43.761142" lon="88.313028"><ele>3554</ele></trkpt>
      <trkpt lat="43.761058" lon="88.312974"><ele>3561</ele></trkpt>
      <trkpt lat="43.761004" lon="88.313075"><ele>3565</ele></trkpt>
      <trkpt lat="43.760929" lon="88.313147"><ele>3568</ele></trkpt>
      <trkpt lat="43.760865" lon="88.313236"><ele>3571</ele></trkpt>
      <trkpt lat="43.760822" lon="88.313349"><ele>3575</ele></trkpt>
      <trkpt lat="43.760799" lon="88.313473"><ele>3575</ele></trkpt>
      <trkpt lat="43.760781" lon="88.313595"><ele>3578</ele></trkpt>
      <trkpt lat="43.760779" lon="88.31372"><ele>3580</ele></trkpt>
      <trkpt lat="43.760791" lon="88.313843"><ele>3581</ele></trkpt>
      <trkpt lat="43.760795" lon="88.313973"><ele>3585</ele></trkpt>
      <trkpt lat="43.760828" lon="88.314088"><ele>3589</ele></trkpt>
      <trkpt lat="43.760832" lon="88.314216"><ele>3593</ele></trkpt>
      <trkpt lat="43.760805" lon="88.314336"><ele>3598</ele></trkpt>
      <trkpt lat="43.760828" lon="88.314459"><ele>3602</ele></trkpt>
      <trkpt lat="43.760793" lon="88.314575"><ele>3606</ele></trkpt>
      <trkpt lat="43.760752" lon="88.314693"><ele>3610</ele></trkpt>
      <trkpt lat="43.76068" lon="88.314774"><ele>3612</ele></trkpt>
      <trkpt lat="43.760642" lon="88.314893"><ele>3616</ele></trkpt>
      <trkpt lat="43.760603" lon="88.31501"><ele>3620</ele></trkpt>
      <trkpt lat="43.760555" lon="88.315118"><ele>3623</ele></trkpt>
      <trkpt lat="43.760517" lon="88.315236"><ele>3625</ele></trkpt>
      <trkpt lat="43.760482" lon="88.315356"><ele>3626</ele></trkpt>
      <trkpt lat="43.760473" lon="88.315483"><ele>3628</ele></trkpt>
      <trkpt lat="43.760469" lon="88.31561"><ele>3629</ele></trkpt>
      <trkpt lat="43.760487" lon="88.315737"><ele>3629</ele></trkpt>
      <trkpt lat="43.760484" lon="88.315862"><ele>3632</ele></trkpt>
      <trkpt lat="43.760492" lon="88.315992"><ele>3633</ele></trkpt>
      <trkpt lat="43.760508" lon="88.316115"><ele>3635</ele></trkpt>
      <trkpt lat="43.760479" lon="88.316233"><ele>3633</ele></trkpt>
      <trkpt lat="43.760496" lon="88.31636"><ele>3635</ele></trkpt>
      <trkpt lat="43.760483" lon="88.316485"><ele>3634</ele></trkpt>
      <trkpt lat="43.760441" lon="88.316608"><ele>3632</ele></trkpt>
      <trkpt lat="43.760382" lon="88.316713"><ele>3631</ele></trkpt>
      <trkpt lat="43.760351" lon="88.31683"><ele>3630</ele></trkpt>
      <trkpt lat="43.760416" lon="88.316917"><ele>3629</ele></trkpt>
      <trkpt lat="43.76042" lon="88.317044"><ele>3628</ele></trkpt>
      <trkpt lat="43.760414" lon="88.31718"><ele>3627</ele></trkpt>
      <trkpt lat="43.760412" lon="88.317309"><ele>3628</ele></trkpt>
      <trkpt lat="43.76037" lon="88.317423"><ele>3627</ele></trkpt>
      <trkpt lat="43.760329" lon="88.317537"><ele>3627</ele></trkpt>
      <trkpt lat="43.760297" lon="88.317657"><ele>3629</ele></trkpt>
      <trkpt lat="43.760251" lon="88.317766"><ele>3632</ele></trkpt>
      <trkpt lat="43.760202" lon="88.317874"><ele>3632</ele></trkpt>
      <trkpt lat="43.760154" lon="88.317983"><ele>3634</ele></trkpt>
      <trkpt lat="43.760115" lon="88.318095"><ele>3633</ele></trkpt>
      <trkpt lat="43.760102" lon="88.318223"><ele>3636</ele></trkpt>
      <trkpt lat="43.760122" lon="88.318349"><ele>3636</ele></trkpt>
      <trkpt lat="43.760092" lon="88.318472"><ele>3639</ele></trkpt>
      <trkpt lat="43.760079" lon="88.318598"><ele>3641</ele></trkpt>
      <trkpt lat="43.76011" lon="88.318721"><ele>3645</ele></trkpt>
      <trkpt lat="43.760044" lon="88.31881"><ele>3651</ele></trkpt>
      <trkpt lat="43.760032" lon="88.31894"><ele>3651</ele></trkpt>
      <trkpt lat="43.759987" lon="88.319051"><ele>3651</ele></trkpt>
      <trkpt lat="43.759956" lon="88.31917"><ele>3654</ele></trkpt>
      <trkpt lat="43.75994" lon="88.319293"><ele>3656</ele></trkpt>
      <trkpt lat="43.759885" lon="88.319392"><ele>3656</ele></trkpt>
      <trkpt lat="43.759821" lon="88.319491"><ele>3660</ele></trkpt>
      <trkpt lat="43.759784" lon="88.319607"><ele>3661</ele></trkpt>
      <trkpt lat="43.759761" lon="88.319734"><ele>3663</ele></trkpt>
      <trkpt lat="43.7598" lon="88.319847"><ele>3663</ele></trkpt>
      <trkpt lat="43.759813" lon="88.319974"><ele>3667</ele></trkpt>
      <trkpt lat="43.759755" lon="88.320069"><ele>3669</ele></trkpt>
      <trkpt lat="43.759671" lon="88.320121"><ele>3676</ele></trkpt>
      <trkpt lat="43.759718" lon="88.320228"><ele>3675</ele></trkpt>
      <trkpt lat="43.759767" lon="88.320334"><ele>3678</ele></trkpt>
      <trkpt lat="43.759741" lon="88.320457"><ele>3686</ele></trkpt>
      <trkpt lat="43.759685" lon="88.320557"><ele>3690</ele></trkpt>
      <trkpt lat="43.75971" lon="88.32068"><ele>3692</ele></trkpt>
      <trkpt lat="43.759678" lon="88.320796"><ele>3692</ele></trkpt>
      <trkpt lat="43.759657" lon="88.320917"><ele>3695</ele></trkpt>
      <trkpt lat="43.759608" lon="88.321022"><ele>3691</ele></trkpt>
      <trkpt lat="43.759606" lon="88.321151"><ele>3695</ele></trkpt>
      <trkpt lat="43.759614" lon="88.321279"><ele>3694</ele></trkpt>
      <trkpt lat="43.759638" lon="88.321403"><ele>3698</ele></trkpt>
      <trkpt lat="43.759633" lon="88.32153"><ele>3698</ele></trkpt>
      <trkpt lat="43.759622" lon="88.321654"><ele>3698</ele></trkpt>
      <trkpt lat="43.759619" lon="88.321785"><ele>3701</ele></trkpt>
      <trkpt lat="43.759574" lon="88.321893"><ele>3701</ele></trkpt>
      <trkpt lat="43.759526" lon="88.322"><ele>3703</ele></trkpt>
      <trkpt lat="43.759514" lon="88.322127"><ele>3705</ele></trkpt>
      <trkpt lat="43.759515" lon="88.322254"><ele>3710</ele></trkpt>
      <trkpt lat="43.759469" lon="88.322366"><ele>3709</ele></trkpt>
      <trkpt lat="43.759404" lon="88.322453"><ele>3706</ele></trkpt>
      <trkpt lat="43.759376" lon="88.322575"><ele>3706</ele></trkpt>
      <trkpt lat="43.759461" lon="88.322624"><ele>3709</ele></trkpt>
      <trkpt lat="43.759547" lon="88.322669"><ele>3710</ele></trkpt>
      <trkpt lat="43.759633" lon="88.322628"><ele>3714</ele></trkpt>
      <trkpt lat="43.759721" lon="88.322658"><ele>3721</ele></trkpt>
      <trkpt lat="43.75976" lon="88.322776"><ele>3724</ele></trkpt>
      <trkpt lat="43.759801" lon="88.32289"><ele>3728</ele></trkpt>
      <trkpt lat="43.759827" lon="88.323012"><ele>3727</ele></trkpt>
      <trkpt lat="43.759861" lon="88.323129"><ele>3729</ele></trkpt>
      <trkpt lat="43.759826" lon="88.32326"><ele>3733</ele></trkpt>
      <trkpt lat="43.759842" lon="88.323384"><ele>3736</ele></trkpt>
      <trkpt lat="43.759844" lon="88.323511"><ele>3740</ele></trkpt>
      <trkpt lat="43.75985" lon="88.323636"><ele>3739</ele></trkpt>
      <trkpt lat="43.759846" lon="88.323762"><ele>3739</ele></trkpt>
      <trkpt lat="43.759843" lon="88.32389"><ele>3743</ele></trkpt>
      <trkpt lat="43.759856" lon="88.324018"><ele>3743</ele></trkpt>
      <trkpt lat="43.759865" lon="88.324143"><ele>3745</ele></trkpt>
      <trkpt lat="43.759833" lon="88.32426"><ele>3747</ele></trkpt>
      <trkpt lat="43.759855" lon="88.324381"><ele>3749</ele></trkpt>
      <trkpt lat="43.759858" lon="88.324506"><ele>3752</ele></trkpt>
      <trkpt lat="43.759859" lon="88.324631"><ele>3752</ele></trkpt>
      <trkpt lat="43.759897" lon="88.324747"><ele>3757</ele></trkpt>
      <trkpt lat="43.759945" lon="88.324854"><ele>3762</ele></trkpt>
      <trkpt lat="43.759972" lon="88.324982"><ele>3766</ele></trkpt>
      <trkpt lat="43.760005" lon="88.325098"><ele>3763</ele></trkpt>
      <trkpt lat="43.759994" lon="88.325223"><ele>3765</ele></trkpt>
      <trkpt lat="43.760009" lon="88.325349"><ele>3764</ele></trkpt>
      <trkpt lat="43.760034" lon="88.325469"><ele>3765</ele></trkpt>
      <trkpt lat="43.760051" lon="88.325593"><ele>3763</ele></trkpt>
      <trkpt lat="43.76006" lon="88.325719"><ele>3761</ele></trkpt>
      <trkpt lat="43.760072" lon="88.325848"><ele>3759</ele></trkpt>
      <trkpt lat="43.760082" lon="88.325973"><ele>3760</ele></trkpt>
      <trkpt lat="43.760112" lon="88.326099"><ele>3766</ele></trkpt>
      <trkpt lat="43.760116" lon="88.326234"><ele>3765</ele></trkpt>
      <trkpt lat="43.76012" lon="88.326361"><ele>3764</ele></trkpt>
      <trkpt lat="43.76015" lon="88.326481"><ele>3765</ele></trkpt>
      <trkpt lat="43.760169" lon="88.326611"><ele>3764</ele></trkpt>
      <trkpt lat="43.760194" lon="88.326737"><ele>3766</ele></trkpt>
      <trkpt lat="43.760186" lon="88.326866"><ele>3764</ele></trkpt>
      <trkpt lat="43.760195" lon="88.326992"><ele>3766</ele></trkpt>
      <trkpt lat="43.76021" lon="88.327119"><ele>3770</ele></trkpt>
      <trkpt lat="43.760231" lon="88.327241"><ele>3773</ele></trkpt>
      <trkpt lat="43.760291" lon="88.327336"><ele>3775</ele></trkpt>
      <trkpt lat="43.760292" lon="88.327465"><ele>3772</ele></trkpt>
      <trkpt lat="43.760283" lon="88.327594"><ele>3770</ele></trkpt>
      <trkpt lat="43.760252" lon="88.327714"><ele>3772</ele></trkpt>
      <trkpt lat="43.760253" lon="88.327842"><ele>3775</ele></trkpt>
      <trkpt lat="43.760261" lon="88.32797"><ele>3785</ele></trkpt>
      <trkpt lat="43.760215" lon="88.328081"><ele>3787</ele></trkpt>
      <trkpt lat="43.760138" lon="88.328151"><ele>3777</ele></trkpt>
      <trkpt lat="43.760099" lon="88.328263"><ele>3774</ele></trkpt>
      <trkpt lat="43.760168" lon="88.328343"><ele>3781</ele></trkpt>
      <trkpt lat="43.760219" lon="88.328455"><ele>3787</ele></trkpt>
      <trkpt lat="43.760211" lon="88.328581"><ele>3793</ele></trkpt>
      <trkpt lat="43.760289" lon="88.328657"><ele>3797</ele></trkpt>
      <trkpt lat="43.760382" lon="88.32868"><ele>3803</ele></trkpt>
      <trkpt lat="43.760468" lon="88.328722"><ele>3807</ele></trkpt>
      <trkpt lat="43.760555" lon="88.328777"><ele>3808</ele></trkpt>
      <trkpt lat="43.760645" lon="88.328821"><ele>3805</ele></trkpt>
      <trkpt lat="43.760735" lon="88.328798"><ele>3823</ele></trkpt>
      <trkpt lat="43.760813" lon="88.328732"><ele>3824</ele></trkpt>
      <trkpt lat="43.7609" lon="88.328693"><ele>3827</ele></trkpt>
      <trkpt lat="43.76099" lon="88.328663"><ele>3828</ele></trkpt>
      <trkpt lat="43.761073" lon="88.328606"><ele>3833</ele></trkpt>
      <trkpt lat="43.76116" lon="88.328568"><ele>3835</ele></trkpt>
      <trkpt lat="43.761248" lon="88.328533"><ele>3838</ele></trkpt>
      <trkpt lat="43.761339" lon="88.328501"><ele>3842</ele></trkpt>
      <trkpt lat="43.761416" lon="88.328432"><ele>3843</ele></trkpt>
      <trkpt lat="43.761494" lon="88.328365"><ele>3845</ele></trkpt>
      <trkpt lat="43.761541" lon="88.328259"><ele>3844</ele></trkpt>
      <trkpt lat="43.761602" lon="88.328165"><ele>3840</ele></trkpt>
      <trkpt lat="43.761684" lon="88.32811"><ele>3843</ele></trkpt>
      <trkpt lat="43.761756" lon="88.328031"><ele>3843</ele></trkpt>
      <trkpt lat="43.761826" lon="88.32795"><ele>3847</ele></trkpt>
      <trkpt lat="43.761904" lon="88.327884"><ele>3850</ele></trkpt>
      <trkpt lat="43.761994" lon="88.327858"><ele>3850</ele></trkpt>
      <trkpt lat="43.762082" lon="88.327818"><ele>3853</ele></trkpt>
      <trkpt lat="43.76217" lon="88.327786"><ele>3854</ele></trkpt>
      <trkpt lat="43.762261" lon="88.327791"><ele>3853</ele></trkpt>
      <trkpt lat="43.762353" lon="88.327814"><ele>3856</ele></trkpt>
      <trkpt lat="43.762447" lon="88.327811"><ele>3856</ele></trkpt>
      <trkpt lat="43.762537" lon="88.327807"><ele>3858</ele></trkpt>
      <trkpt lat="43.762624" lon="88.327852"><ele>3859</ele></trkpt>
      <trkpt lat="43.76271" lon="88.327895"><ele>3859</ele></trkpt>
      <trkpt lat="43.762784" lon="88.327967"><ele>3860</ele></trkpt>
      <trkpt lat="43.762859" lon="88.328042"><ele>3863</ele></trkpt>
      <trkpt lat="43.762923" lon="88.328136"><ele>3863</ele></trkpt>
      <trkpt lat="43.763006" lon="88.328187"><ele>3860</ele></trkpt>
      <trkpt lat="43.763094" lon="88.328218"><ele>3863</ele></trkpt>
      <trkpt lat="43.763178" lon="88.328274"><ele>3861</ele></trkpt>
      <trkpt lat="43.763235" lon="88.328383"><ele>3862</ele></trkpt>
      <trkpt lat="43.763312" lon="88.328458"><ele>3865</ele></trkpt>
      <trkpt lat="43.763381" lon="88.328542"><ele>3866</ele></trkpt>
      <trkpt lat="43.763444" lon="88.328645"><ele>3867</ele></trkpt>
      <trkpt lat="43.763538" lon="88.328646"><ele>3871</ele></trkpt>
      <trkpt lat="43.763611" lon="88.328726"><ele>3870</ele></trkpt>
      <trkpt lat="43.763699" lon="88.328759"><ele>3872</ele></trkpt>
      <trkpt lat="43.763773" lon="88.328839"><ele>3875</ele></trkpt>
      <trkpt lat="43.763787" lon="88.328964"><ele>3876</ele></trkpt>
      <trkpt lat="43.763876" lon="88.329012"><ele>3877</ele></trkpt>
      <trkpt lat="43.763958" lon="88.329075"><ele>3879</ele></trkpt>
      <trkpt lat="43.763988" lon="88.329193"><ele>3883</ele></trkpt>
      <trkpt lat="43.763993" lon="88.329321"><ele>3890</ele></trkpt>
      <trkpt lat="43.764046" lon="88.329424"><ele>3891</ele></trkpt>
      <trkpt lat="43.764023" lon="88.329547"><ele>3897</ele></trkpt>
      <trkpt lat="43.764056" lon="88.329662"><ele>3898</ele></trkpt>
      <trkpt lat="43.764093" lon="88.329781"><ele>3904</ele></trkpt>
      <trkpt lat="43.76412" lon="88.329902"><ele>3907</ele></trkpt>
      <trkpt lat="43.764197" lon="88.329967"><ele>3909</ele></trkpt>
      <trkpt lat="43.764286" lon="88.329996"><ele>3910</ele></trkpt>
      <trkpt lat="43.764321" lon="88.330111"><ele>3918</ele></trkpt>
      <trkpt lat="43.764266" lon="88.330209"><ele>3921</ele></trkpt>
      <trkpt lat="43.764342" lon="88.330296"><ele>3922</ele></trkpt>
      <trkpt lat="43.764379" lon="88.330411"><ele>3924</ele></trkpt>
      <trkpt lat="43.764419" lon="88.330526"><ele>3927</ele></trkpt>
      <trkpt lat="43.764371" lon="88.330632"><ele>3930</ele></trkpt>
      <trkpt lat="43.764388" lon="88.330759"><ele>3934</ele></trkpt>
      <trkpt lat="43.764432" lon="88.330868"><ele>3940</ele></trkpt>
      <trkpt lat="43.764472" lon="88.33098"><ele>3939</ele></trkpt>
      <trkpt lat="43.764543" lon="88.331062"><ele>3945</ele></trkpt>
      <trkpt lat="43.76458" lon="88.331176"><ele>3951</ele></trkpt>
      <trkpt lat="43.764582" lon="88.331301"><ele>3955</ele></trkpt>
      <trkpt lat="43.764621" lon="88.331418"><ele>3960</ele></trkpt>
      <trkpt lat="43.764703" lon="88.331472"><ele>3963</ele></trkpt>
      <trkpt lat="43.764791" lon="88.331445"><ele>3964</ele></trkpt>
      <trkpt lat="43.764878" lon="88.331493"><ele>3966</ele></trkpt>
      <trkpt lat="43.764893" lon="88.331617"><ele>3975</ele></trkpt>
      <trkpt lat="43.764913" lon="88.33174"><ele>3973</ele></trkpt>
      <trkpt lat="43.764991" lon="88.331808"><ele>3978</ele></trkpt>
      <trkpt lat="43.765033" lon="88.331922"><ele>3984</ele></trkpt>
      <trkpt lat="43.765035" lon="88.33205"><ele>3990</ele></trkpt>
      <trkpt lat="43.765125" lon="88.332079"><ele>3989</ele></trkpt>
      <trkpt lat="43.765206" lon="88.332136"><ele>3995</ele></trkpt>
      <trkpt lat="43.765196" lon="88.332262"><ele>3997</ele></trkpt>
      <trkpt lat="43.765192" lon="88.332391"><ele>4001</ele></trkpt>
      <trkpt lat="43.765271" lon="88.332451"><ele>4007</ele></trkpt>
      <trkpt lat="43.765331" lon="88.332555"><ele>4008</ele></trkpt>
      <trkpt lat="43.76541" lon="88.332635"><ele>4011</ele></trkpt>
      <trkpt lat="43.765497" lon="88.332597"><ele>4011</ele></trkpt>
      <trkpt lat="43.765506" lon="88.332722"><ele>4018</ele></trkpt>
      <trkpt lat="43.765509" lon="88.332848"><ele>4023</ele></trkpt>
      <trkpt lat="43.765539" lon="88.332967"><ele>4024</ele></trkpt>
      <trkpt lat="43.765573" lon="88.333082"><ele>4028</ele></trkpt>
      <trkpt lat="43.765663" lon="88.333109"><ele>4032</ele></trkpt>
      <trkpt lat="43.765704" lon="88.33322"><ele>4035</ele></trkpt>
      <trkpt lat="43.765744" lon="88.33334"><ele>4041</ele></trkpt>
      <trkpt lat="43.765798" lon="88.333444"><ele>4046</ele></trkpt>
      <trkpt lat="43.765878" lon="88.333515"><ele>4048</ele></trkpt>
      <trkpt lat="43.765906" lon="88.333638"><ele>4052</ele></trkpt>
      <trkpt lat="43.765978" lon="88.33372"><ele>4058</ele></trkpt>
      <trkpt lat="43.766058" lon="88.33378"><ele>4063</ele></trkpt>
      <trkpt lat="43.766067" lon="88.333911"><ele>4065</ele></trkpt>
      <trkpt lat="43.766066" lon="88.334036"><ele>4068</ele></trkpt>
      <trkpt lat="43.766146" lon="88.334095"><ele>4073</ele></trkpt>
      <trkpt lat="43.766221" lon="88.33417"><ele>4079</ele></trkpt>
      <trkpt lat="43.766302" lon="88.334229"><ele>4087</ele></trkpt>
      <trkpt lat="43.766351" lon="88.334342"><ele>4088</ele></trkpt>
      <trkpt lat="43.766377" lon="88.334462"><ele>4091</ele></trkpt>
      <trkpt lat="43.766367" lon="88.334591"><ele>4098</ele></trkpt>
      <trkpt lat="43.766349" lon="88.334717"><ele>4109</ele></trkpt>
      <trkpt lat="43.766335" lon="88.334842"><ele>4111</ele></trkpt>
      <trkpt lat="43.76631" lon="88.334962"><ele>4116</ele></trkpt>
      <trkpt lat="43.766282" lon="88.335083"><ele>4122</ele></trkpt>
      <trkpt lat="43.76624" lon="88.335195"><ele>4126</ele></trkpt>
      <trkpt lat="43.766197" lon="88.335307"><ele>4129</ele></trkpt>
      <trkpt lat="43.76615" lon="88.335414"><ele>4132</ele></trkpt>
      <trkpt lat="43.766089" lon="88.335507"><ele>4136</ele></trkpt>
      <trkpt lat="43.766034" lon="88.335608"><ele>4140</ele></trkpt>
      <trkpt lat="43.765978" lon="88.335707"><ele>4143</ele></trkpt>
      <trkpt lat="43.765922" lon="88.33581"><ele>4149</ele></trkpt>
      <trkpt lat="43.765868" lon="88.335912"><ele>4151</ele></trkpt>
      <trkpt lat="43.765805" lon="88.336006"><ele>4155</ele></trkpt>
      <trkpt lat="43.765832" lon="88.336126"><ele>4157</ele></trkpt>
      <trkpt lat="43.765871" lon="88.336238"><ele>4159</ele></trkpt>
      <trkpt lat="43.765914" lon="88.336351"><ele>4162</ele></trkpt>
      <trkpt lat="43.765969" lon="88.33645"><ele>4164</ele></trkpt>
      <trkpt lat="43.766062" lon="88.336433"><ele>4165</ele></trkpt>
      <trkpt lat="43.766154" lon="88.336458"><ele>4169</ele></trkpt>
      <trkpt lat="43.766248" lon="88.336438"><ele>4170</ele></trkpt>
      <trkpt lat="43.766342" lon="88.336434"><ele>4171</ele></trkpt>
      <trkpt lat="43.76638" lon="88.336551"><ele>4161</ele></trkpt>
      <trkpt lat="43.766347" lon="88.336669"><ele>4156</ele></trkpt>
      <trkpt lat="43.766333" lon="88.336795"><ele>4149</ele></trkpt>
      <trkpt lat="43.766267" lon="88.336884"><ele>4148</ele></trkpt>
      <trkpt lat="43.766196" lon="88.336968"><ele>4147</ele></trkpt>
      <trkpt lat="43.76628" lon="88.337017"><ele>4141</ele></trkpt>
      <trkpt lat="43.766212" lon="88.337098"><ele>4137</ele></trkpt>
      <trkpt lat="43.7663" lon="88.337162"><ele>4132</ele></trkpt>
      <trkpt lat="43.766255" lon="88.337278"><ele>4127</ele></trkpt>
      <trkpt lat="43.766239" lon="88.337403"><ele>4122</ele></trkpt>
      <trkpt lat="43.766171" lon="88.337485"><ele>4118</ele></trkpt>
      <trkpt lat="43.76621" lon="88.3376"><ele>4113</ele></trkpt>
      <trkpt lat="43.766238" lon="88.337721"><ele>4106</ele></trkpt>
      <trkpt lat="43.766274" lon="88.337845"><ele>4102</ele></trkpt>
      <trkpt lat="43.766224" lon="88.337954"><ele>4097</ele></trkpt>
      <trkpt lat="43.766225" lon="88.33808"><ele>4093</ele></trkpt>
      <trkpt lat="43.766227" lon="88.338209"><ele>4086</ele></trkpt>
      <trkpt lat="43.766204" lon="88.33833"><ele>4081</ele></trkpt>
      <trkpt lat="43.766196" lon="88.338463"><ele>4076</ele></trkpt>
      <trkpt lat="43.766169" lon="88.338589"><ele>4071</ele></trkpt>
      <trkpt lat="43.766169" lon="88.338714"><ele>4068</ele></trkpt>
      <trkpt lat="43.766132" lon="88.338831"><ele>4059</ele></trkpt>
      <trkpt lat="43.766115" lon="88.338957"><ele>4054</ele></trkpt>
      <trkpt lat="43.766082" lon="88.339075"><ele>4049</ele></trkpt>
      <trkpt lat="43.766136" lon="88.339182"><ele>4047</ele></trkpt>
      <trkpt lat="43.766168" lon="88.339306"><ele>4043</ele></trkpt>
      <trkpt lat="43.766153" lon="88.339431"><ele>4036</ele></trkpt>
      <trkpt lat="43.766148" lon="88.339559"><ele>4033</ele></trkpt>
      <trkpt lat="43.766094" lon="88.33967"><ele>4024</ele></trkpt>
      <trkpt lat="43.766035" lon="88.339768"><ele>4020</ele></trkpt>
      <trkpt lat="43.766014" lon="88.33989"><ele>4014</ele></trkpt>
      <trkpt lat="43.765993" lon="88.340013"><ele>4007</ele></trkpt>
      <trkpt lat="43.765965" lon="88.340137"><ele>4004</ele></trkpt>
      <trkpt lat="43.765917" lon="88.340242"><ele>3999</ele></trkpt>
      <trkpt lat="43.765902" lon="88.340368"><ele>3994</ele></trkpt>
      <trkpt lat="43.765899" lon="88.340502"><ele>3987</ele></trkpt>
      <trkpt lat="43.76592" lon="88.340632"><ele>3983</ele></trkpt>
      <trkpt lat="43.765923" lon="88.340761"><ele>3975</ele></trkpt>
      <trkpt lat="43.765937" lon="88.340891"><ele>3973</ele></trkpt>
      <trkpt lat="43.765946" lon="88.341023"><ele>3969</ele></trkpt>
      <trkpt lat="43.765912" lon="88.341138"><ele>3964</ele></trkpt>
      <trkpt lat="43.765905" lon="88.341267"><ele>3961</ele></trkpt>
      <trkpt lat="43.765851" lon="88.341373"><ele>3956</ele></trkpt>
      <trkpt lat="43.765812" lon="88.341491"><ele>3951</ele></trkpt>
      <trkpt lat="43.765761" lon="88.341595"><ele>3947</ele></trkpt>
      <trkpt lat="43.765751" lon="88.341723"><ele>3943</ele></trkpt>
      <trkpt lat="43.765749" lon="88.34185"><ele>3938</ele></trkpt>
      <trkpt lat="43.765702" lon="88.341959"><ele>3934</ele></trkpt>
      <trkpt lat="43.765665" lon="88.342074"><ele>3932</ele></trkpt>
      <trkpt lat="43.765613" lon="88.342189"><ele>3918</ele></trkpt>
      <trkpt lat="43.76552" lon="88.342404"><ele>3919</ele></trkpt>
      <trkpt lat="43.765466" lon="88.342506"><ele>3913</ele></trkpt>
      <trkpt lat="43.765422" lon="88.342615"><ele>3906</ele></trkpt>
      <trkpt lat="43.76536" lon="88.342715"><ele>3901</ele></trkpt>
      <trkpt lat="43.765337" lon="88.342835"><ele>3902</ele></trkpt>
      <trkpt lat="43.765304" lon="88.342953"><ele>3898</ele></trkpt>
      <trkpt lat="43.765273" lon="88.343074"><ele>3892</ele></trkpt>
      <trkpt lat="43.765242" lon="88.343195"><ele>3887</ele></trkpt>
      <trkpt lat="43.76522" lon="88.34332"><ele>3884</ele></trkpt>
      <trkpt lat="43.765174" lon="88.343433"><ele>3877</ele></trkpt>
      <trkpt lat="43.765152" lon="88.343557"><ele>3874</ele></trkpt>
      <trkpt lat="43.765144" lon="88.343684"><ele>3868</ele></trkpt>
      <trkpt lat="43.765145" lon="88.343816"><ele>3864</ele></trkpt>
      <trkpt lat="43.76523" lon="88.343885"><ele>3862</ele></trkpt>
      <trkpt lat="43.765252" lon="88.344008"><ele>3856</ele></trkpt>
      <trkpt lat="43.765185" lon="88.344105"><ele>3849</ele></trkpt>
      <trkpt lat="43.765199" lon="88.344237"><ele>3844</ele></trkpt>
      <trkpt lat="43.765207" lon="88.344371"><ele>3840</ele></trkpt>
      <trkpt lat="43.765154" lon="88.344477"><ele>3834</ele></trkpt>
      <trkpt lat="43.765173" lon="88.344602"><ele>3832</ele></trkpt>
      <trkpt lat="43.76516" lon="88.344735"><ele>3828</ele></trkpt>
      <trkpt lat="43.765142" lon="88.344856"><ele>3823</ele></trkpt>
      <trkpt lat="43.765135" lon="88.344991"><ele>3818</ele></trkpt>
      <trkpt lat="43.765108" lon="88.345123"><ele>3814</ele></trkpt>
      <trkpt lat="43.765095" lon="88.345254"><ele>3810</ele></trkpt>
      <trkpt lat="43.765109" lon="88.345378"><ele>3806</ele></trkpt>
      <trkpt lat="43.765107" lon="88.345505"><ele>3801</ele></trkpt>
      <trkpt lat="43.76507" lon="88.345622"><ele>3797</ele></trkpt>
      <trkpt lat="43.765048" lon="88.345756"><ele>3792</ele></trkpt>
      <trkpt lat="43.765018" lon="88.345875"><ele>3787</ele></trkpt>
      <trkpt lat="43.765024" lon="88.346015"><ele>3784</ele></trkpt>
      <trkpt lat="43.764996" lon="88.346136"><ele>3781</ele></trkpt>
      <trkpt lat="43.764964" lon="88.346253"><ele>3776</ele></trkpt>
      <trkpt lat="43.764961" lon="88.346379"><ele>3771</ele></trkpt>
      <trkpt lat="43.764975" lon="88.346509"><ele>3767</ele></trkpt>
      <trkpt lat="43.764952" lon="88.346635"><ele>3762</ele></trkpt>
      <trkpt lat="43.764941" lon="88.346759"><ele>3759</ele></trkpt>
      <trkpt lat="43.764887" lon="88.346863"><ele>3755</ele></trkpt>
      <trkpt lat="43.764888" lon="88.346988"><ele>3751</ele></trkpt>
      <trkpt lat="43.764918" lon="88.347109"><ele>3748</ele></trkpt>
      <trkpt lat="43.764946" lon="88.347235"><ele>3745</ele></trkpt>
      <trkpt lat="43.764918" lon="88.347357"><ele>3737</ele></trkpt>
      <trkpt lat="43.764913" lon="88.347482"><ele>3733</ele></trkpt>
      <trkpt lat="43.764922" lon="88.347614"><ele>3727</ele></trkpt>
      <trkpt lat="43.764979" lon="88.347712"><ele>3725</ele></trkpt>
      <trkpt lat="43.764976" lon="88.347839"><ele>3720</ele></trkpt>
      <trkpt lat="43.76495" lon="88.347966"><ele>3711</ele></trkpt>
      <trkpt lat="43.764979" lon="88.348089"><ele>3708</ele></trkpt>
      <trkpt lat="43.764976" lon="88.348218"><ele>3703</ele></trkpt>
      <trkpt lat="43.765041" lon="88.348303"><ele>3701</ele></trkpt>
      <trkpt lat="43.765065" lon="88.348424"><ele>3698</ele></trkpt>
      <trkpt lat="43.765066" lon="88.348551"><ele>3691</ele></trkpt>
      <trkpt lat="43.765076" lon="88.348675"><ele>3686</ele></trkpt>
      <trkpt lat="43.765104" lon="88.348798"><ele>3681</ele></trkpt>
      <trkpt lat="43.765116" lon="88.348926"><ele>3677</ele></trkpt>
      <trkpt lat="43.765052" lon="88.349019"><ele>3671</ele></trkpt>
      <trkpt lat="43.764976" lon="88.34909"><ele>3664</ele></trkpt>
      <trkpt lat="43.764965" lon="88.349215"><ele>3658</ele></trkpt>
      <trkpt lat="43.764963" lon="88.349343"><ele>3653</ele></trkpt>
      <trkpt lat="43.764969" lon="88.349469"><ele>3650</ele></trkpt>
      <trkpt lat="43.764978" lon="88.349596"><ele>3645</ele></trkpt>
      <trkpt lat="43.764982" lon="88.349726"><ele>3640</ele></trkpt>
      <trkpt lat="43.765018" lon="88.349851"><ele>3636</ele></trkpt>
      <trkpt lat="43.764987" lon="88.349977"><ele>3634</ele></trkpt>
      <trkpt lat="43.764951" lon="88.350091"><ele>3633</ele></trkpt>
      <trkpt lat="43.764934" lon="88.350216"><ele>3633</ele></trkpt>
      <trkpt lat="43.764921" lon="88.350343"><ele>3632</ele></trkpt>
      <trkpt lat="43.765071" lon="88.350441"><ele>3635</ele></trkpt>
      <trkpt lat="43.765009" lon="88.350537"><ele>3639</ele></trkpt>
      <trkpt lat="43.764982" lon="88.35066"><ele>3636</ele></trkpt>
      <trkpt lat="43.765012" lon="88.350779"><ele>3634</ele></trkpt>
      <trkpt lat="43.765048" lon="88.350893"><ele>3632</ele></trkpt>
      <trkpt lat="43.765058" lon="88.351028"><ele>3635</ele></trkpt>
      <trkpt lat="43.765136" lon="88.351105"><ele>3633</ele></trkpt>
      <trkpt lat="43.765236" lon="88.351096"><ele>3631</ele></trkpt>
      <trkpt lat="43.765311" lon="88.351173"><ele>3629</ele></trkpt>
      <trkpt lat="43.76537" lon="88.351274"><ele>3629</ele></trkpt>
      <trkpt lat="43.76541" lon="88.351386"><ele>3627</ele></trkpt>
      <trkpt lat="43.765457" lon="88.351497"><ele>3624</ele></trkpt>
      <trkpt lat="43.765438" lon="88.351622"><ele>3622</ele></trkpt>
      <trkpt lat="43.765521" lon="88.351672"><ele>3616</ele></trkpt>
      <trkpt lat="43.765615" lon="88.351704"><ele>3621</ele></trkpt>
      <trkpt lat="43.765641" lon="88.351828"><ele>3615</ele></trkpt>
      <trkpt lat="43.765624" lon="88.351955"><ele>3613</ele></trkpt>
      <trkpt lat="43.765554" lon="88.352034"><ele>3607</ele></trkpt>
      <trkpt lat="43.765508" lon="88.352146"><ele>3607</ele></trkpt>
      <trkpt lat="43.76557" lon="88.352238"><ele>3605</ele></trkpt>
      <trkpt lat="43.765614" lon="88.352352"><ele>3600</ele></trkpt>
      <trkpt lat="43.765526" lon="88.352399"><ele>3598</ele></trkpt>
      <trkpt lat="43.765457" lon="88.352485"><ele>3597</ele></trkpt>
      <trkpt lat="43.765408" lon="88.352592"><ele>3593</ele></trkpt>
      <trkpt lat="43.765358" lon="88.352697"><ele>3591</ele></trkpt>
      <trkpt lat="43.76531" lon="88.352814"><ele>3590</ele></trkpt>
      <trkpt lat="43.765241" lon="88.35292"><ele>3586</ele></trkpt>
      <trkpt lat="43.765178" lon="88.353022"><ele>3585</ele></trkpt>
      <trkpt lat="43.76513" lon="88.35314"><ele>3584</ele></trkpt>
      <trkpt lat="43.765134" lon="88.353273"><ele>3577</ele></trkpt>
      <trkpt lat="43.765086" lon="88.353381"><ele>3574</ele></trkpt>
      <trkpt lat="43.765009" lon="88.353462"><ele>3575</ele></trkpt>
      <trkpt lat="43.764924" lon="88.35352"><ele>3570</ele></trkpt>
      <trkpt lat="43.764849" lon="88.353603"><ele>3571</ele></trkpt>
      <trkpt lat="43.764656" lon="88.353866"><ele>3571</ele></trkpt>
      <trkpt lat="43.764643" lon="88.354"><ele>3573</ele></trkpt>
      <trkpt lat="43.76456" lon="88.35406"><ele>3573</ele></trkpt>
      <trkpt lat="43.764475" lon="88.354125"><ele>3574</ele></trkpt>
      <trkpt lat="43.764384" lon="88.354125"><ele>3575</ele></trkpt>
      <trkpt lat="43.764292" lon="88.354128"><ele>3573</ele></trkpt>
      <trkpt lat="43.764281" lon="88.354252"><ele>3575</ele></trkpt>
      <trkpt lat="43.7642" lon="88.354319"><ele>3575</ele></trkpt>
      <trkpt lat="43.764134" lon="88.354408"><ele>3576</ele></trkpt>
      <trkpt lat="43.764104" lon="88.354534"><ele>3574</ele></trkpt>
      <trkpt lat="43.764054" lon="88.354649"><ele>3575</ele></trkpt>
      <trkpt lat="43.763986" lon="88.354742"><ele>3575</ele></trkpt>
      <trkpt lat="43.763957" lon="88.354873"><ele>3570</ele></trkpt>
      <trkpt lat="43.763879" lon="88.35494"><ele>3572</ele></trkpt>
      <trkpt lat="43.763804" lon="88.355031"><ele>3570</ele></trkpt>
      <trkpt lat="43.763741" lon="88.355127"><ele>3567</ele></trkpt>
      <trkpt lat="43.763678" lon="88.355224"><ele>3565</ele></trkpt>
      <trkpt lat="43.763644" lon="88.355348"><ele>3561</ele></trkpt>
      <trkpt lat="43.763621" lon="88.355479"><ele>3562</ele></trkpt>
      <trkpt lat="43.763649" lon="88.355602"><ele>3564</ele></trkpt>
      <trkpt lat="43.763648" lon="88.355743"><ele>3565</ele></trkpt>
      <trkpt lat="43.763585" lon="88.355839"><ele>3568</ele></trkpt>
      <trkpt lat="43.763523" lon="88.355947"><ele>3566</ele></trkpt>
      <trkpt lat="43.7635" lon="88.356073"><ele>3561</ele></trkpt>
      <trkpt lat="43.763435" lon="88.356165"><ele>3562</ele></trkpt>
      <trkpt lat="43.763342" lon="88.356174"><ele>3562</ele></trkpt>
      <trkpt lat="43.763306" lon="88.356289"><ele>3563</ele></trkpt>
      <trkpt lat="43.763248" lon="88.356391"><ele>3563</ele></trkpt>
      <trkpt lat="43.763179" lon="88.356479"><ele>3563</ele></trkpt>
      <trkpt lat="43.76312" lon="88.356575"><ele>3566</ele></trkpt>
      <trkpt lat="43.763082" lon="88.356697"><ele>3568</ele></trkpt>
      <trkpt lat="43.763008" lon="88.356785"><ele>3568</ele></trkpt>
      <trkpt lat="43.763025" lon="88.356911"><ele>3562</ele></trkpt>
      <trkpt lat="43.763118" lon="88.356934"><ele>3556</ele></trkpt>
      <trkpt lat="43.763208" lon="88.35692"><ele>3569</ele></trkpt>
      <trkpt lat="43.763195" lon="88.357043"><ele>3573</ele></trkpt>
      <trkpt lat="43.76316" lon="88.357179"><ele>3570</ele></trkpt>
      <trkpt lat="43.76308" lon="88.357236"><ele>3568</ele></trkpt>
      <trkpt lat="43.763001" lon="88.35731"><ele>3567</ele></trkpt>
      <trkpt lat="43.762949" lon="88.357411"><ele>3566</ele></trkpt>
      <trkpt lat="43.762877" lon="88.357494"><ele>3567</ele></trkpt>
      <trkpt lat="43.762814" lon="88.357589"><ele>3568</ele></trkpt>
      <trkpt lat="43.762738" lon="88.357659"><ele>3567</ele></trkpt>
      <trkpt lat="43.762707" lon="88.357788"><ele>3566</ele></trkpt>
      <trkpt lat="43.762667" lon="88.357906"><ele>3565</ele></trkpt>
      <trkpt lat="43.76259" lon="88.357972"><ele>3566</ele></trkpt>
      <trkpt lat="43.762533" lon="88.358084"><ele>3565</ele></trkpt>
      <trkpt lat="43.762461" lon="88.358158"><ele>3565</ele></trkpt>
      <trkpt lat="43.762475" lon="88.358285"><ele>3559</ele></trkpt>
      <trkpt lat="43.762548" lon="88.358363"><ele>3560</ele></trkpt>
      <trkpt lat="43.762536" lon="88.358489"><ele>3562</ele></trkpt>
      <trkpt lat="43.762543" lon="88.358614"><ele>3566</ele></trkpt>
      <trkpt lat="43.762461" lon="88.358671"><ele>3567</ele></trkpt>
      <trkpt lat="43.762395" lon="88.358756"><ele>3567</ele></trkpt>
      <trkpt lat="43.762384" lon="88.358894"><ele>3563</ele></trkpt>
      <trkpt lat="43.762415" lon="88.359017"><ele>3563</ele></trkpt>
      <trkpt lat="43.76239" lon="88.35915"><ele>3563</ele></trkpt>
      <trkpt lat="43.762426" lon="88.359274"><ele>3559</ele></trkpt>
      <trkpt lat="43.762476" lon="88.359389"><ele>3556</ele></trkpt>
      <trkpt lat="43.762522" lon="88.359495"><ele>3554</ele></trkpt>
      <trkpt lat="43.762601" lon="88.359583"><ele>3553</ele></trkpt>
      <trkpt lat="43.762643" lon="88.359706"><ele>3549</ele></trkpt>
      <trkpt lat="43.762648" lon="88.359839"><ele>3546</ele></trkpt>
      <trkpt lat="43.762565" lon="88.359891"><ele>3544</ele></trkpt>
      <trkpt lat="43.762469" lon="88.359875"><ele>3544</ele></trkpt>
      <trkpt lat="43.762374" lon="88.359879"><ele>3544</ele></trkpt>
      <trkpt lat="43.762278" lon="88.359885"><ele>3544</ele></trkpt>
      <trkpt lat="43.762184" lon="88.35991"><ele>3544</ele></trkpt>
      <trkpt lat="43.762092" lon="88.359961"><ele>3542</ele></trkpt>
      <trkpt lat="43.761997" lon="88.359986"><ele>3549</ele></trkpt>
      <trkpt lat="43.761907" lon="88.360039"><ele>3545</ele></trkpt>
      <trkpt lat="43.761866" lon="88.360154"><ele>3542</ele></trkpt>
      <trkpt lat="43.761785" lon="88.360208"><ele>3542</ele></trkpt>
      <trkpt lat="43.761691" lon="88.360235"><ele>3541</ele></trkpt>
      <trkpt lat="43.761606" lon="88.360275"><ele>3538</ele></trkpt>
      <trkpt lat="43.761515" lon="88.360283"><ele>3538</ele></trkpt>
      <trkpt lat="43.761425" lon="88.360306"><ele>3541</ele></trkpt>
      <trkpt lat="43.761434" lon="88.360433"><ele>3539</ele></trkpt>
      <trkpt lat="43.761504" lon="88.360527"><ele>3536</ele></trkpt>
      <trkpt lat="43.761588" lon="88.360572"><ele>3532</ele></trkpt>
      <trkpt lat="43.761526" lon="88.360662"><ele>3530</ele></trkpt>
      <trkpt lat="43.76149" lon="88.36079"><ele>3529</ele></trkpt>
      <trkpt lat="43.761463" lon="88.360911"><ele>3530</ele></trkpt>
      <trkpt lat="43.761406" lon="88.36101"><ele>3526</ele></trkpt>
      <trkpt lat="43.761491" lon="88.361064"><ele>3525</ele></trkpt>
      <trkpt lat="43.761424" lon="88.361162"><ele>3524</ele></trkpt>
      <trkpt lat="43.76135" lon="88.361233"><ele>3524</ele></trkpt>
      <trkpt lat="43.761259" lon="88.36123"><ele>3521</ele></trkpt>
      <trkpt lat="43.761179" lon="88.361295"><ele>3523</ele></trkpt>
      <trkpt lat="43.761089" lon="88.361329"><ele>3523</ele></trkpt>
      <trkpt lat="43.761001" lon="88.361375"><ele>3522</ele></trkpt>
      <trkpt lat="43.760957" lon="88.3615"><ele>3523</ele></trkpt>
      <trkpt lat="43.760888" lon="88.36161"><ele>3522</ele></trkpt>
      <trkpt lat="43.760857" lon="88.361732"><ele>3523</ele></trkpt>
      <trkpt lat="43.760824" lon="88.361858"><ele>3525</ele></trkpt>
      <trkpt lat="43.760732" lon="88.361933"><ele>3527</ele></trkpt>
      <trkpt lat="43.760712" lon="88.362055"><ele>3518</ele></trkpt>
      <trkpt lat="43.760644" lon="88.362144"><ele>3524</ele></trkpt>
      <trkpt lat="43.760555" lon="88.362181"><ele>3522</ele></trkpt>
      <trkpt lat="43.760531" lon="88.362303"><ele>3515</ele></trkpt>
      <trkpt lat="43.760454" lon="88.362375"><ele>3513</ele></trkpt>
      <trkpt lat="43.760456" lon="88.3625"><ele>3512</ele></trkpt>
      <trkpt lat="43.76036" lon="88.362496"><ele>3513</ele></trkpt>
      <trkpt lat="43.760266" lon="88.362525"><ele>3516</ele></trkpt>
      <trkpt lat="43.760195" lon="88.362608"><ele>3523</ele></trkpt>
      <trkpt lat="43.7601" lon="88.362625"><ele>3519</ele></trkpt>
      <trkpt lat="43.7601" lon="88.362752"><ele>3509</ele></trkpt>
      <trkpt lat="43.760073" lon="88.362876"><ele>3504</ele></trkpt>
      <trkpt lat="43.760034" lon="88.363002"><ele>3503</ele></trkpt>
      <trkpt lat="43.759974" lon="88.363119"><ele>3501</ele></trkpt>
      <trkpt lat="43.759937" lon="88.363236"><ele>3501</ele></trkpt>
      <trkpt lat="43.759908" lon="88.363354"><ele>3503</ele></trkpt>
      <trkpt lat="43.759894" lon="88.363478"><ele>3500</ele></trkpt>
      <trkpt lat="43.759854" lon="88.363601"><ele>3501</ele></trkpt>
      <trkpt lat="43.759802" lon="88.363721"><ele>3504</ele></trkpt>
      <trkpt lat="43.759795" lon="88.363853"><ele>3504</ele></trkpt>
      <trkpt lat="43.759766" lon="88.363993"><ele>3509</ele></trkpt>
      <trkpt lat="43.759738" lon="88.36412"><ele>3511</ele></trkpt>
      <trkpt lat="43.759655" lon="88.364189"><ele>3516</ele></trkpt>
      <trkpt lat="43.759598" lon="88.364286"><ele>3515</ele></trkpt>
      <trkpt lat="43.759531" lon="88.364372"><ele>3517</ele></trkpt>
      <trkpt lat="43.759487" lon="88.36448"><ele>3515</ele></trkpt>
      <trkpt lat="43.759424" lon="88.36457"><ele>3517</ele></trkpt>
      <trkpt lat="43.759325" lon="88.364577"><ele>3518</ele></trkpt>
      <trkpt lat="43.759235" lon="88.364616"><ele>3518</ele></trkpt>
      <trkpt lat="43.759144" lon="88.364665"><ele>3514</ele></trkpt>
      <trkpt lat="43.759076" lon="88.364748"><ele>3511</ele></trkpt>
      <trkpt lat="43.758988" lon="88.364793"><ele>3513</ele></trkpt>
      <trkpt lat="43.758911" lon="88.364872"><ele>3512</ele></trkpt>
      <trkpt lat="43.758853" lon="88.364974"><ele>3508</ele></trkpt>
      <trkpt lat="43.758774" lon="88.365049"><ele>3507</ele></trkpt>
      <trkpt lat="43.758692" lon="88.365109"><ele>3511</ele></trkpt>
      <trkpt lat="43.758615" lon="88.365187"><ele>3515</ele></trkpt>
      <trkpt lat="43.758526" lon="88.365202"><ele>3511</ele></trkpt>
      <trkpt lat="43.758442" lon="88.365259"><ele>3512</ele></trkpt>
      <trkpt lat="43.758347" lon="88.365311"><ele>3514</ele></trkpt>
      <trkpt lat="43.758262" lon="88.365356"><ele>3514</ele></trkpt>
      <trkpt lat="43.758175" lon="88.365412"><ele>3513</ele></trkpt>
      <trkpt lat="43.758082" lon="88.365391"><ele>3518</ele></trkpt>
      <trkpt lat="43.757989" lon="88.365382"><ele>3519</ele></trkpt>
      <trkpt lat="43.757896" lon="88.365371"><ele>3521</ele></trkpt>
      <trkpt lat="43.757804" lon="88.365361"><ele>3512</ele></trkpt>
      <trkpt lat="43.757709" lon="88.36534"><ele>3511</ele></trkpt>
      <trkpt lat="43.757641" lon="88.365257"><ele>3510</ele></trkpt>
      <trkpt lat="43.757565" lon="88.365189"><ele>3504</ele></trkpt>
      <trkpt lat="43.757484" lon="88.365122"><ele>3506</ele></trkpt>
      <trkpt lat="43.757428" lon="88.364999"><ele>3504</ele></trkpt>
      <trkpt lat="43.757337" lon="88.365014"><ele>3489</ele></trkpt>
      <trkpt lat="43.75726" lon="88.364944"><ele>3494</ele></trkpt>
      <trkpt lat="43.757186" lon="88.364863"><ele>3489</ele></trkpt>
      <trkpt lat="43.757093" lon="88.364834"><ele>3489</ele></trkpt>
      <trkpt lat="43.757004" lon="88.364791"><ele>3486</ele></trkpt>
      <trkpt lat="43.756924" lon="88.364729"><ele>3485</ele></trkpt>
      <trkpt lat="43.756851" lon="88.364644"><ele>3480</ele></trkpt>
      <trkpt lat="43.756811" lon="88.364532"><ele>3478</ele></trkpt>
      <trkpt lat="43.756808" lon="88.364406"><ele>3474</ele></trkpt>
      <trkpt lat="43.756749" lon="88.364309"><ele>3469</ele></trkpt>
      <trkpt lat="43.756824" lon="88.364218"><ele>3463</ele></trkpt>
      <trkpt lat="43.756838" lon="88.364091"><ele>3454</ele></trkpt>
      <trkpt lat="43.756815" lon="88.363968"><ele>3452</ele></trkpt>
      <trkpt lat="43.756782" lon="88.363849"><ele>3451</ele></trkpt>
      <trkpt lat="43.756739" lon="88.363739"><ele>3451</ele></trkpt>
      <trkpt lat="43.756689" lon="88.363632"><ele>3444</ele></trkpt>
      <trkpt lat="43.7566" lon="88.363653"><ele>3447</ele></trkpt>
      <trkpt lat="43.756513" lon="88.363604"><ele>3439</ele></trkpt>
      <trkpt lat="43.75643" lon="88.363659"><ele>3436</ele></trkpt>
      <trkpt lat="43.756342" lon="88.36371"><ele>3436</ele></trkpt>
      <trkpt lat="43.756247" lon="88.36369"><ele>3436</ele></trkpt>
      <trkpt lat="43.756188" lon="88.363793"><ele>3434</ele></trkpt>
      <trkpt lat="43.756096" lon="88.3638"><ele>3435</ele></trkpt>
      <trkpt lat="43.756006" lon="88.363765"><ele>3430</ele></trkpt>
      <trkpt lat="43.755928" lon="88.363832"><ele>3435</ele></trkpt>
      <trkpt lat="43.755838" lon="88.363854"><ele>3432</ele></trkpt>
      <trkpt lat="43.755827" lon="88.363724"><ele>3425</ele></trkpt>
      <trkpt lat="43.755754" lon="88.363639"><ele>3423</ele></trkpt>
      <trkpt lat="43.755663" lon="88.363645"><ele>3423</ele></trkpt>
      <trkpt lat="43.755574" lon="88.363705"><ele>3420</ele></trkpt>
      <trkpt lat="43.755483" lon="88.363724"><ele>3422</ele></trkpt>
      <trkpt lat="43.755508" lon="88.363601"><ele>3414</ele></trkpt>
      <trkpt lat="43.755445" lon="88.363608"><ele>3420</ele></trkpt>
      <trkpt lat="43.755354" lon="88.363617"><ele>3422</ele></trkpt>
      <trkpt lat="43.755267" lon="88.363568"><ele>3415</ele></trkpt>
      <trkpt lat="43.755193" lon="88.363481"><ele>3408</ele></trkpt>
      <trkpt lat="43.755144" lon="88.363368"><ele>3408</ele></trkpt>
      <trkpt lat="43.75506" lon="88.363317"><ele>3411</ele></trkpt>
      <trkpt lat="43.754979" lon="88.363256"><ele>3414</ele></trkpt>
      <trkpt lat="43.754898" lon="88.363191"><ele>3413</ele></trkpt>
      <trkpt lat="43.754812" lon="88.363143"><ele>3407</ele></trkpt>
      <trkpt lat="43.754722" lon="88.363146"><ele>3406</ele></trkpt>
      <trkpt lat="43.754662" lon="88.363046"><ele>3403</ele></trkpt>
      <trkpt lat="43.754572" lon="88.362999"><ele>3406</ele></trkpt>
      <trkpt lat="43.754486" lon="88.362941"><ele>3406</ele></trkpt>
      <trkpt lat="43.754395" lon="88.362927"><ele>3412</ele></trkpt>
      <trkpt lat="43.75431" lon="88.362879"><ele>3406</ele></trkpt>
      <trkpt lat="43.754227" lon="88.362813"><ele>3407</ele></trkpt>
      <trkpt lat="43.754136" lon="88.362774"><ele>3403</ele></trkpt>
      <trkpt lat="43.754044" lon="88.362748"><ele>3401</ele></trkpt>
      <trkpt lat="43.753972" lon="88.362672"><ele>3399</ele></trkpt>
      <trkpt lat="43.753881" lon="88.362642"><ele>3401</ele></trkpt>
      <trkpt lat="43.753801" lon="88.362573"><ele>3401</ele></trkpt>
      <trkpt lat="43.753708" lon="88.36257"><ele>3397</ele></trkpt>
      <trkpt lat="43.753618" lon="88.362637"><ele>3397</ele></trkpt>
      <trkpt lat="43.753538" lon="88.362704"><ele>3394</ele></trkpt>
      <trkpt lat="43.753439" lon="88.362726"><ele>3391</ele></trkpt>
      <trkpt lat="43.753345" lon="88.362734"><ele>3393</ele></trkpt>
      <trkpt lat="43.753343" lon="88.362863"><ele>3394</ele></trkpt>
      <trkpt lat="43.753276" lon="88.362948"><ele>3395</ele></trkpt>
      <trkpt lat="43.753181" lon="88.362937"><ele>3395</ele></trkpt>
      <trkpt lat="43.753095" lon="88.36289"><ele>3395</ele></trkpt>
      <trkpt lat="43.752912" lon="88.362858"><ele>3387</ele></trkpt>
      <trkpt lat="43.752835" lon="88.362784"><ele>3385</ele></trkpt>
      <trkpt lat="43.75274" lon="88.362774"><ele>3386</ele></trkpt>
      <trkpt lat="43.752649" lon="88.362747"><ele>3387</ele></trkpt>
      <trkpt lat="43.752581" lon="88.362656"><ele>3386</ele></trkpt>
      <trkpt lat="43.752497" lon="88.362613"><ele>3388</ele></trkpt>
      <trkpt lat="43.752411" lon="88.362566"><ele>3387</ele></trkpt>
      <trkpt lat="43.752327" lon="88.36252"><ele>3387</ele></trkpt>
      <trkpt lat="43.752233" lon="88.36251"><ele>3387</ele></trkpt>
      <trkpt lat="43.752156" lon="88.362584"><ele>3385</ele></trkpt>
      <trkpt lat="43.752066" lon="88.3626"><ele>3385</ele></trkpt>
      <trkpt lat="43.751972" lon="88.362605"><ele>3385</ele></trkpt>
      <trkpt lat="43.751881" lon="88.362578"><ele>3382</ele></trkpt>
      <trkpt lat="43.751789" lon="88.362586"><ele>3381</ele></trkpt>
      <trkpt lat="43.751686" lon="88.362607"><ele>3382</ele></trkpt>
      <trkpt lat="43.751606" lon="88.362677"><ele>3380</ele></trkpt>
      <trkpt lat="43.751509" lon="88.362694"><ele>3379</ele></trkpt>
      <trkpt lat="43.751418" lon="88.362719"><ele>3380</ele></trkpt>
      <trkpt lat="43.751322" lon="88.362751"><ele>3380</ele></trkpt>
      <trkpt lat="43.751228" lon="88.362771"><ele>3377</ele></trkpt>
      <trkpt lat="43.751145" lon="88.362833"><ele>3377</ele></trkpt>
      <trkpt lat="43.751053" lon="88.362881"><ele>3372</ele></trkpt>
      <trkpt lat="43.750989" lon="88.362972"><ele>3372</ele></trkpt>
      <trkpt lat="43.750946" lon="88.363084"><ele>3373</ele></trkpt>
      <trkpt lat="43.750869" lon="88.363151"><ele>3373</ele></trkpt>
      <trkpt lat="43.750782" lon="88.36318"><ele>3375</ele></trkpt>
      <trkpt lat="43.750688" lon="88.363192"><ele>3374</ele></trkpt>
      <trkpt lat="43.750633" lon="88.363083"><ele>3374</ele></trkpt>
      <trkpt lat="43.750558" lon="88.362982"><ele>3375</ele></trkpt>
      <trkpt lat="43.750463" lon="88.363007"><ele>3376</ele></trkpt>
      <trkpt lat="43.750364" lon="88.363027"><ele>3377</ele></trkpt>
      <trkpt lat="43.750283" lon="88.363095"><ele>3379</ele></trkpt>
      <trkpt lat="43.75019" lon="88.363121"><ele>3380</ele></trkpt>
      <trkpt lat="43.750097" lon="88.363162"><ele>3379</ele></trkpt>
      <trkpt lat="43.750048" lon="88.363269"><ele>3376</ele></trkpt>
      <trkpt lat="43.749962" lon="88.363333"><ele>3374</ele></trkpt>
      <trkpt lat="43.749919" lon="88.363452"><ele>3375</ele></trkpt>
      <trkpt lat="43.749832" lon="88.363495"><ele>3377</ele></trkpt>
      <trkpt lat="43.749735" lon="88.363498"><ele>3375</ele></trkpt>
      <trkpt lat="43.749638" lon="88.363464"><ele>3373</ele></trkpt>
      <trkpt lat="43.749542" lon="88.36347"><ele>3373</ele></trkpt>
      <trkpt lat="43.74945" lon="88.363506"><ele>3373</ele></trkpt>
      <trkpt lat="43.749359" lon="88.363513"><ele>3377</ele></trkpt>
      <trkpt lat="43.749264" lon="88.363526"><ele>3379</ele></trkpt>
      <trkpt lat="43.749174" lon="88.363507"><ele>3379</ele></trkpt>
      <trkpt lat="43.749083" lon="88.363459"><ele>3379</ele></trkpt>
      <trkpt lat="43.748975" lon="88.363474"><ele>3379</ele></trkpt>
      <trkpt lat="43.748879" lon="88.363456"><ele>3377</ele></trkpt>
      <trkpt lat="43.748783" lon="88.363453"><ele>3377</ele></trkpt>
      <trkpt lat="43.748691" lon="88.363501"><ele>3375</ele></trkpt>
      <trkpt lat="43.748596" lon="88.363487"><ele>3376</ele></trkpt>
      <trkpt lat="43.748499" lon="88.363481"><ele>3376</ele></trkpt>
      <trkpt lat="43.748408" lon="88.363448"><ele>3376</ele></trkpt>
      <trkpt lat="43.748315" lon="88.363452"><ele>3375</ele></trkpt>
      <trkpt lat="43.748234" lon="88.36339"><ele>3375</ele></trkpt>
      <trkpt lat="43.748141" lon="88.363368"><ele>3377</ele></trkpt>
      <trkpt lat="43.748052" lon="88.363331"><ele>3380</ele></trkpt>
      <trkpt lat="43.747978" lon="88.363248"><ele>3380</ele></trkpt>
      <trkpt lat="43.747936" lon="88.363132"><ele>3374</ele></trkpt>
      <trkpt lat="43.74786" lon="88.363053"><ele>3373</ele></trkpt>
      <trkpt lat="43.747768" lon="88.363011"><ele>3381</ele></trkpt>
      <trkpt lat="43.747681" lon="88.362958"><ele>3376</ele></trkpt>
      <trkpt lat="43.747591" lon="88.362914"><ele>3375</ele></trkpt>
      <trkpt lat="43.747501" lon="88.362866"><ele>3374</ele></trkpt>
      <trkpt lat="43.74741" lon="88.362811"><ele>3375</ele></trkpt>
      <trkpt lat="43.747304" lon="88.362789"><ele>3375</ele></trkpt>
      <trkpt lat="43.747209" lon="88.362789"><ele>3376</ele></trkpt>
      <trkpt lat="43.747117" lon="88.36281"><ele>3377</ele></trkpt>
      <trkpt lat="43.747028" lon="88.362758"><ele>3379</ele></trkpt>
      <trkpt lat="43.746936" lon="88.362725"><ele>3380</ele></trkpt>
      <trkpt lat="43.746844" lon="88.36271"><ele>3379</ele></trkpt>
      <trkpt lat="43.746754" lon="88.362698"><ele>3380</ele></trkpt>
      <trkpt lat="43.746658" lon="88.362657"><ele>3379</ele></trkpt>
      <trkpt lat="43.746563" lon="88.362667"><ele>3380</ele></trkpt>
      <trkpt lat="43.746466" lon="88.362651"><ele>3379</ele></trkpt>
      <trkpt lat="43.746373" lon="88.36262"><ele>3381</ele></trkpt>
      <trkpt lat="43.746281" lon="88.362605"><ele>3383</ele></trkpt>
      <trkpt lat="43.746191" lon="88.362573"><ele>3384</ele></trkpt>
      <trkpt lat="43.746097" lon="88.362594"><ele>3383</ele></trkpt>
      <trkpt lat="43.74601" lon="88.362533"><ele>3381</ele></trkpt>
      <trkpt lat="43.745918" lon="88.362539"><ele>3381</ele></trkpt>
      <trkpt lat="43.745827" lon="88.362535"><ele>3379</ele></trkpt>
      <trkpt lat="43.745746" lon="88.362464"><ele>3379</ele></trkpt>
      <trkpt lat="43.745659" lon="88.362408"><ele>3381</ele></trkpt>
      <trkpt lat="43.745705" lon="88.36229"><ele>3379</ele></trkpt>
      <trkpt lat="43.745619" lon="88.362215"><ele>3381</ele></trkpt>
      <trkpt lat="43.745528" lon="88.362174"><ele>3382</ele></trkpt>
      <trkpt lat="43.745438" lon="88.362214"><ele>3374</ele></trkpt>
      <trkpt lat="43.745337" lon="88.3622"><ele>3371</ele></trkpt>
      <trkpt lat="43.745247" lon="88.362227"><ele>3372</ele></trkpt>
      <trkpt lat="43.745157" lon="88.362214"><ele>3376</ele></trkpt>
      <trkpt lat="43.745081" lon="88.362283"><ele>3377</ele></trkpt>
      <trkpt lat="43.744987" lon="88.362313"><ele>3376</ele></trkpt>
      <trkpt lat="43.744899" lon="88.362279"><ele>3375</ele></trkpt>
      <trkpt lat="43.744807" lon="88.362269"><ele>3375</ele></trkpt>
      <trkpt lat="43.744712" lon="88.362295"><ele>3372</ele></trkpt>
      <trkpt lat="43.74462" lon="88.362358"><ele>3371</ele></trkpt>
      <trkpt lat="43.744531" lon="88.362346"><ele>3370</ele></trkpt>
      <trkpt lat="43.744439" lon="88.362348"><ele>3371</ele></trkpt>
      <trkpt lat="43.744342" lon="88.362376"><ele>3370</ele></trkpt>
      <trkpt lat="43.744254" lon="88.362346"><ele>3368</ele></trkpt>
      <trkpt lat="43.744166" lon="88.362382"><ele>3367</ele></trkpt>
      <trkpt lat="43.744078" lon="88.362454"><ele>3364</ele></trkpt>
      <trkpt lat="43.74399" lon="88.362485"><ele>3363</ele></trkpt>
      <trkpt lat="43.743892" lon="88.362539"><ele>3360</ele></trkpt>
      <trkpt lat="43.743796" lon="88.36256"><ele>3361</ele></trkpt>
      <trkpt lat="43.743696" lon="88.362573"><ele>3358</ele></trkpt>
      <trkpt lat="43.743595" lon="88.362573"><ele>3357</ele></trkpt>
      <trkpt lat="43.743536" lon="88.362668"><ele>3358</ele></trkpt>
      <trkpt lat="43.743444" lon="88.362687"><ele>3357</ele></trkpt>
      <trkpt lat="43.743372" lon="88.362596"><ele>3357</ele></trkpt>
      <trkpt lat="43.743287" lon="88.362547"><ele>3356</ele></trkpt>
      <trkpt lat="43.743195" lon="88.362488"><ele>3357</ele></trkpt>
      <trkpt lat="43.743104" lon="88.362485"><ele>3357</ele></trkpt>
      <trkpt lat="43.743025" lon="88.362408"><ele>3355</ele></trkpt>
      <trkpt lat="43.742939" lon="88.362354"><ele>3355</ele></trkpt>
      <trkpt lat="43.742821" lon="88.362347"><ele>3353</ele></trkpt>
      <trkpt lat="43.742744" lon="88.362273"><ele>3357</ele></trkpt>
      <trkpt lat="43.742651" lon="88.362264"><ele>3359</ele></trkpt>
      <trkpt lat="43.742565" lon="88.362215"><ele>3357</ele></trkpt>
      <trkpt lat="43.74247" lon="88.362168"><ele>3357</ele></trkpt>
      <trkpt lat="43.742376" lon="88.362178"><ele>3355</ele></trkpt>
      <trkpt lat="43.742286" lon="88.36222"><ele>3356</ele></trkpt>
      <trkpt lat="43.7422" lon="88.362294"><ele>3356</ele></trkpt>
      <trkpt lat="43.742118" lon="88.362349"><ele>3357</ele></trkpt>
      <trkpt lat="43.74203" lon="88.36239"><ele>3359</ele></trkpt>
      <trkpt lat="43.741936" lon="88.362411"><ele>3361</ele></trkpt>
      <trkpt lat="43.741824" lon="88.362401"><ele>3360</ele></trkpt>
      <trkpt lat="43.741731" lon="88.362435"><ele>3358</ele></trkpt>
      <trkpt lat="43.741643" lon="88.36246"><ele>3356</ele></trkpt>
      <trkpt lat="43.741534" lon="88.362491"><ele>3359</ele></trkpt>
      <trkpt lat="43.741434" lon="88.362466"><ele>3358</ele></trkpt>
      <trkpt lat="43.741345" lon="88.362446"><ele>3359</ele></trkpt>
      <trkpt lat="43.741386" lon="88.362653"><ele>3362</ele></trkpt>
      <trkpt lat="43.741368" lon="88.362523"><ele>3367</ele></trkpt>
      <trkpt lat="43.741424" lon="88.362328"><ele>3349</ele></trkpt>
      <trkpt lat="43.741271" lon="88.362369"><ele>3352</ele></trkpt>
      <trkpt lat="43.74118" lon="88.362321"><ele>3348</ele></trkpt>
      <trkpt lat="43.741092" lon="88.362286"><ele>3347</ele></trkpt>
      <trkpt lat="43.741009" lon="88.362339"><ele>3352</ele></trkpt>
      <trkpt lat="43.740923" lon="88.362267"><ele>3351</ele></trkpt>
      <trkpt lat="43.740834" lon="88.362307"><ele>3342</ele></trkpt>
      <trkpt lat="43.740747" lon="88.362249"><ele>3346</ele></trkpt>
      <trkpt lat="43.740652" lon="88.362249"><ele>3344</ele></trkpt>
      <trkpt lat="43.740561" lon="88.362258"><ele>3342</ele></trkpt>
      <trkpt lat="43.740467" lon="88.36226"><ele>3342</ele></trkpt>
      <trkpt lat="43.740391" lon="88.362328"><ele>3340</ele></trkpt>
      <trkpt lat="43.740316" lon="88.362256"><ele>3336</ele></trkpt>
      <trkpt lat="43.740214" lon="88.362224"><ele>3338</ele></trkpt>
      <trkpt lat="43.74014" lon="88.362304"><ele>3334</ele></trkpt>
      <trkpt lat="43.740031" lon="88.362354"><ele>3334</ele></trkpt>
      <trkpt lat="43.739938" lon="88.362377"><ele>3333</ele></trkpt>
      <trkpt lat="43.739852" lon="88.362462"><ele>3337</ele></trkpt>
      <trkpt lat="43.739767" lon="88.36251"><ele>3336</ele></trkpt>
      <trkpt lat="43.739666" lon="88.362571"><ele>3336</ele></trkpt>
      <trkpt lat="43.739581" lon="88.362618"><ele>3336</ele></trkpt>
      <trkpt lat="43.739484" lon="88.362653"><ele>3330</ele></trkpt>
      <trkpt lat="43.739376" lon="88.36262"><ele>3331</ele></trkpt>
      <trkpt lat="43.73929" lon="88.362668"><ele>3328</ele></trkpt>
      <trkpt lat="43.7392" lon="88.362728"><ele>3330</ele></trkpt>
      <trkpt lat="43.739116" lon="88.362815"><ele>3329</ele></trkpt>
      <trkpt lat="43.739036" lon="88.362876"><ele>3328</ele></trkpt>
      <trkpt lat="43.738941" lon="88.362832"><ele>3329</ele></trkpt>
      <trkpt lat="43.738843" lon="88.362834"><ele>3330</ele></trkpt>
      <trkpt lat="43.738742" lon="88.362868"><ele>3329</ele></trkpt>
      <trkpt lat="43.738644" lon="88.362896"><ele>3322</ele></trkpt>
      <trkpt lat="43.738536" lon="88.362875"><ele>3322</ele></trkpt>
      <trkpt lat="43.738443" lon="88.362893"><ele>3327</ele></trkpt>
      <trkpt lat="43.738348" lon="88.362888"><ele>3327</ele></trkpt>
      <trkpt lat="43.738246" lon="88.362863"><ele>3325</ele></trkpt>
      <trkpt lat="43.738195" lon="88.362748"><ele>3325</ele></trkpt>
      <trkpt lat="43.738095" lon="88.362716"><ele>3327</ele></trkpt>
      <trkpt lat="43.738002" lon="88.362704"><ele>3325</ele></trkpt>
      <trkpt lat="43.737904" lon="88.362706"><ele>3328</ele></trkpt>
      <trkpt lat="43.737812" lon="88.362696"><ele>3325</ele></trkpt>
      <trkpt lat="43.737719" lon="88.362697"><ele>3324</ele></trkpt>
      <trkpt lat="43.737622" lon="88.36267"><ele>3325</ele></trkpt>
      <trkpt lat="43.737533" lon="88.36265"><ele>3326</ele></trkpt>
      <trkpt lat="43.737442" lon="88.362662"><ele>3325</ele></trkpt>
      <trkpt lat="43.73735" lon="88.362662"><ele>3328</ele></trkpt>
      <trkpt lat="43.737262" lon="88.36262"><ele>3327</ele></trkpt>
      <trkpt lat="43.737158" lon="88.362587"><ele>3329</ele></trkpt>
      <trkpt lat="43.737068" lon="88.362534"><ele>3322</ele></trkpt>
      <trkpt lat="43.736971" lon="88.362504"><ele>3324</ele></trkpt>
      <trkpt lat="43.736884" lon="88.362445"><ele>3328</ele></trkpt>
      <trkpt lat="43.736788" lon="88.362382"><ele>3327</ele></trkpt>
      <trkpt lat="43.736697" lon="88.36239"><ele>3325</ele></trkpt>
      <trkpt lat="43.736613" lon="88.362345"><ele>3325</ele></trkpt>
      <trkpt lat="43.736522" lon="88.362344"><ele>3326</ele></trkpt>
      <trkpt lat="43.736423" lon="88.362327"><ele>3325</ele></trkpt>
      <trkpt lat="43.736333" lon="88.362398"><ele>3326</ele></trkpt>
      <trkpt lat="43.736246" lon="88.362459"><ele>3329</ele></trkpt>
      <trkpt lat="43.736147" lon="88.362478"><ele>3327</ele></trkpt>
      <trkpt lat="43.736052" lon="88.362501"><ele>3330</ele></trkpt>
      <trkpt lat="43.735961" lon="88.362496"><ele>3327</ele></trkpt>
      <trkpt lat="43.735871" lon="88.362489"><ele>3325</ele></trkpt>
      <trkpt lat="43.735781" lon="88.362499"><ele>3324</ele></trkpt>
      <trkpt lat="43.735684" lon="88.362454"><ele>3327</ele></trkpt>
      <trkpt lat="43.735587" lon="88.362442"><ele>3326</ele></trkpt>
      <trkpt lat="43.735499" lon="88.362489"><ele>3328</ele></trkpt>
      <trkpt lat="43.735402" lon="88.362542"><ele>3329</ele></trkpt>
      <trkpt lat="43.735309" lon="88.362519"><ele>3331</ele></trkpt>
      <trkpt lat="43.73522" lon="88.362547"><ele>3330</ele></trkpt>
      <trkpt lat="43.735125" lon="88.362541"><ele>3331</ele></trkpt>
      <trkpt lat="43.73503" lon="88.362576"><ele>3331</ele></trkpt>
      <trkpt lat="43.734932" lon="88.362592"><ele>3327</ele></trkpt>
      <trkpt lat="43.734834" lon="88.362595"><ele>3328</ele></trkpt>
      <trkpt lat="43.734741" lon="88.362589"><ele>3328</ele></trkpt>
      <trkpt lat="43.734647" lon="88.362591"><ele>3325</ele></trkpt>
      <trkpt lat="43.734558" lon="88.362571"><ele>3328</ele></trkpt>
      <trkpt lat="43.734463" lon="88.362577"><ele>3327</ele></trkpt>
      <trkpt lat="43.73438" lon="88.36264"><ele>3332</ele></trkpt>
      <trkpt lat="43.734279" lon="88.362657"><ele>3331</ele></trkpt>
      <trkpt lat="43.734186" lon="88.362705"><ele>3329</ele></trkpt>
      <trkpt lat="43.734092" lon="88.362713"><ele>3326</ele></trkpt>
      <trkpt lat="43.733996" lon="88.362748"><ele>3326</ele></trkpt>
      <trkpt lat="43.733902" lon="88.362743"><ele>3325</ele></trkpt>
      <trkpt lat="43.733795" lon="88.362743"><ele>3327</ele></trkpt>
      <trkpt lat="43.733704" lon="88.362705"><ele>3322</ele></trkpt>
      <trkpt lat="43.733614" lon="88.3627"><ele>3322</ele></trkpt>
      <trkpt lat="43.733515" lon="88.362678"><ele>3321</ele></trkpt>
      <trkpt lat="43.733435" lon="88.362611"><ele>3322</ele></trkpt>
      <trkpt lat="43.733334" lon="88.362567"><ele>3320</ele></trkpt>
      <trkpt lat="43.733237" lon="88.362553"><ele>3322</ele></trkpt>
      <trkpt lat="43.733144" lon="88.362581"><ele>3317</ele></trkpt>
      <trkpt lat="43.733052" lon="88.362622"><ele>3318</ele></trkpt>
      <trkpt lat="43.732962" lon="88.362638"><ele>3317</ele></trkpt>
      <trkpt lat="43.732862" lon="88.362641"><ele>3316</ele></trkpt>
      <trkpt lat="43.73277" lon="88.362635"><ele>3319</ele></trkpt>
      <trkpt lat="43.732669" lon="88.362643"><ele>3320</ele></trkpt>
      <trkpt lat="43.732575" lon="88.362643"><ele>3323</ele></trkpt>
      <trkpt lat="43.732477" lon="88.362657"><ele>3324</ele></trkpt>
      <trkpt lat="43.73238" lon="88.362628"><ele>3321</ele></trkpt>
      <trkpt lat="43.732293" lon="88.362584"><ele>3322</ele></trkpt>
      <trkpt lat="43.732203" lon="88.362556"><ele>3323</ele></trkpt>
      <trkpt lat="43.732112" lon="88.362549"><ele>3322</ele></trkpt>
      <trkpt lat="43.73202" lon="88.362554"><ele>3321</ele></trkpt>
      <trkpt lat="43.731927" lon="88.362508"><ele>3322</ele></trkpt>
      <trkpt lat="43.731845" lon="88.362435"><ele>3317</ele></trkpt>
      <trkpt lat="43.731743" lon="88.362456"><ele>3318</ele></trkpt>
      <trkpt lat="43.731649" lon="88.362403"><ele>3316</ele></trkpt>
      <trkpt lat="43.731555" lon="88.362411"><ele>3316</ele></trkpt>
      <trkpt lat="43.731477" lon="88.362331"><ele>3315</ele></trkpt>
      <trkpt lat="43.731382" lon="88.3623"><ele>3316</ele></trkpt>
      <trkpt lat="43.731299" lon="88.362251"><ele>3314</ele></trkpt>
      <trkpt lat="43.731218" lon="88.362191"><ele>3317</ele></trkpt>
      <trkpt lat="43.731128" lon="88.362178"><ele>3314</ele></trkpt>
      <trkpt lat="43.731039" lon="88.362145"><ele>3313</ele></trkpt>
      <trkpt lat="43.730942" lon="88.362125"><ele>3312</ele></trkpt>
      <trkpt lat="43.730847" lon="88.362105"><ele>3312</ele></trkpt>
      <trkpt lat="43.730757" lon="88.362081"><ele>3312</ele></trkpt>
      <trkpt lat="43.730662" lon="88.362091"><ele>3311</ele></trkpt>
      <trkpt lat="43.730569" lon="88.362066"><ele>3310</ele></trkpt>
      <trkpt lat="43.730476" lon="88.362085"><ele>3311</ele></trkpt>
      <trkpt lat="43.730383" lon="88.362071"><ele>3311</ele></trkpt>
      <trkpt lat="43.73029" lon="88.362095"><ele>3311</ele></trkpt>
      <trkpt lat="43.730189" lon="88.362075"><ele>3310</ele></trkpt>
      <trkpt lat="43.730094" lon="88.362073"><ele>3311</ele></trkpt>
      <trkpt lat="43.73" lon="88.362066"><ele>3312</ele></trkpt>
      <trkpt lat="43.729911" lon="88.36201"><ele>3312</ele></trkpt>
      <trkpt lat="43.729817" lon="88.362006"><ele>3311</ele></trkpt>
      <trkpt lat="43.729705" lon="88.362008"><ele>3313</ele></trkpt>
      <trkpt lat="43.729612" lon="88.362045"><ele>3311</ele></trkpt>
      <trkpt lat="43.729519" lon="88.362029"><ele>3309</ele></trkpt>
      <trkpt lat="43.729426" lon="88.362003"><ele>3309</ele></trkpt>
      <trkpt lat="43.729333" lon="88.361991"><ele>3309</ele></trkpt>
      <trkpt lat="43.729233" lon="88.361996"><ele>3308</ele></trkpt>
      <trkpt lat="43.729133" lon="88.36201"><ele>3308</ele></trkpt>
      <trkpt lat="43.729042" lon="88.361958"><ele>3310</ele></trkpt>
      <trkpt lat="43.728949" lon="88.361918"><ele>3304</ele></trkpt>
      <trkpt lat="43.728882" lon="88.361823"><ele>3304</ele></trkpt>
      <trkpt lat="43.728783" lon="88.361812"><ele>3307</ele></trkpt>
      <trkpt lat="43.72869" lon="88.361778"><ele>3311</ele></trkpt>
      <trkpt lat="43.7286" lon="88.361735"><ele>3310</ele></trkpt>
      <trkpt lat="43.728504" lon="88.36176"><ele>3309</ele></trkpt>
      <trkpt lat="43.728411" lon="88.361714"><ele>3308</ele></trkpt>
      <trkpt lat="43.728331" lon="88.361649"><ele>3311</ele></trkpt>
      <trkpt lat="43.728244" lon="88.361594"><ele>3310</ele></trkpt>
      <trkpt lat="43.728159" lon="88.361545"><ele>3312</ele></trkpt>
      <trkpt lat="43.72807" lon="88.361485"><ele>3311</ele></trkpt>
      <trkpt lat="43.727993" lon="88.361409"><ele>3312</ele></trkpt>
      <trkpt lat="43.72791" lon="88.361323"><ele>3312</ele></trkpt>
      <trkpt lat="43.727846" lon="88.361216"><ele>3311</ele></trkpt>
      <trkpt lat="43.727767" lon="88.361157"><ele>3313</ele></trkpt>
      <trkpt lat="43.727707" lon="88.361058"><ele>3310</ele></trkpt>
      <trkpt lat="43.727621" lon="88.361017"><ele>3312</ele></trkpt>
      <trkpt lat="43.727526" lon="88.360992"><ele>3311</ele></trkpt>
      <trkpt lat="43.727459" lon="88.360908"><ele>3315</ele></trkpt>
      <trkpt lat="43.727366" lon="88.36084"><ele>3316</ele></trkpt>
      <trkpt lat="43.727347" lon="88.360696"><ele>3311</ele></trkpt>
      <trkpt lat="43.72726" lon="88.36064"><ele>3308</ele></trkpt>
      <trkpt lat="43.727167" lon="88.360644"><ele>3309</ele></trkpt>
      <trkpt lat="43.727077" lon="88.360601"><ele>3307</ele></trkpt>
      <trkpt lat="43.726997" lon="88.360535"><ele>3307</ele></trkpt>
      <trkpt lat="43.726919" lon="88.360465"><ele>3305</ele></trkpt>
      <trkpt lat="43.726846" lon="88.360392"><ele>3305</ele></trkpt>
      <trkpt lat="43.726762" lon="88.360322"><ele>3304</ele></trkpt>
      <trkpt lat="43.726668" lon="88.360265"><ele>3301</ele></trkpt>
      <trkpt lat="43.726575" lon="88.360209"><ele>3299</ele></trkpt>
      <trkpt lat="43.7265" lon="88.360139"><ele>3303</ele></trkpt>
      <trkpt lat="43.726409" lon="88.360127"><ele>3306</ele></trkpt>
      <trkpt lat="43.726312" lon="88.360108"><ele>3309</ele></trkpt>
      <trkpt lat="43.72625" lon="88.360015"><ele>3307</ele></trkpt>
      <trkpt lat="43.726147" lon="88.359982"><ele>3306</ele></trkpt>
      <trkpt lat="43.726059" lon="88.359937"><ele>3304</ele></trkpt>
      <trkpt lat="43.725954" lon="88.359938"><ele>3305</ele></trkpt>
      <trkpt lat="43.725866" lon="88.359878"><ele>3305</ele></trkpt>
      <trkpt lat="43.725755" lon="88.359895"><ele>3305</ele></trkpt>
      <trkpt lat="43.72566" lon="88.359871"><ele>3305</ele></trkpt>
      <trkpt lat="43.725561" lon="88.359904"><ele>3308</ele></trkpt>
      <trkpt lat="43.725462" lon="88.359933"><ele>3308</ele></trkpt>
      <trkpt lat="43.725372" lon="88.359955"><ele>3308</ele></trkpt>
      <trkpt lat="43.725262" lon="88.359971"><ele>3306</ele></trkpt>
      <trkpt lat="43.72517" lon="88.359966"><ele>3305</ele></trkpt>
      <trkpt lat="43.725077" lon="88.359947"><ele>3305</ele></trkpt>
      <trkpt lat="43.724983" lon="88.359933"><ele>3305</ele></trkpt>
      <trkpt lat="43.724884" lon="88.359952"><ele>3303</ele></trkpt>
      <trkpt lat="43.724783" lon="88.359938"><ele>3303</ele></trkpt>
      <trkpt lat="43.724702" lon="88.359994"><ele>3302</ele></trkpt>
      <trkpt lat="43.724607" lon="88.360015"><ele>3306</ele></trkpt>
      <trkpt lat="43.724515" lon="88.360055"><ele>3302</ele></trkpt>
      <trkpt lat="43.724418" lon="88.360086"><ele>3304</ele></trkpt>
      <trkpt lat="43.724328" lon="88.360121"><ele>3301</ele></trkpt>
      <trkpt lat="43.724239" lon="88.360142"><ele>3301</ele></trkpt>
      <trkpt lat="43.724145" lon="88.360155"><ele>3300</ele></trkpt>
      <trkpt lat="43.724051" lon="88.360194"><ele>3299</ele></trkpt>
      <trkpt lat="43.723942" lon="88.36018"><ele>3296</ele></trkpt>
      <trkpt lat="43.723845" lon="88.360164"><ele>3297</ele></trkpt>
      <trkpt lat="43.723757" lon="88.360102"><ele>3295</ele></trkpt>
      <trkpt lat="43.723659" lon="88.36011"><ele>3295</ele></trkpt>
      <trkpt lat="43.72358" lon="88.360025"><ele>3295</ele></trkpt>
      <trkpt lat="43.723492" lon="88.359998"><ele>3294</ele></trkpt>
      <trkpt lat="43.723392" lon="88.359986"><ele>3292</ele></trkpt>
      <trkpt lat="43.723313" lon="88.359908"><ele>3293</ele></trkpt>
      <trkpt lat="43.723209" lon="88.359871"><ele>3293</ele></trkpt>
      <trkpt lat="43.723118" lon="88.359838"><ele>3292</ele></trkpt>
      <trkpt lat="43.723021" lon="88.359803"><ele>3292</ele></trkpt>
      <trkpt lat="43.722921" lon="88.359797"><ele>3293</ele></trkpt>
      <trkpt lat="43.722831" lon="88.35979"><ele>3289</ele></trkpt>
      <trkpt lat="43.722739" lon="88.359752"><ele>3289</ele></trkpt>
      <trkpt lat="43.722642" lon="88.359775"><ele>3291</ele></trkpt>
      <trkpt lat="43.722556" lon="88.359739"><ele>3290</ele></trkpt>
      <trkpt lat="43.722453" lon="88.359761"><ele>3288</ele></trkpt>
      <trkpt lat="43.722369" lon="88.359823"><ele>3291</ele></trkpt>
      <trkpt lat="43.722273" lon="88.359814"><ele>3291</ele></trkpt>
      <trkpt lat="43.722186" lon="88.359847"><ele>3290</ele></trkpt>
      <trkpt lat="43.722079" lon="88.359887"><ele>3290</ele></trkpt>
      <trkpt lat="43.721978" lon="88.359911"><ele>3291</ele></trkpt>
      <trkpt lat="43.721883" lon="88.359961"><ele>3290</ele></trkpt>
      <trkpt lat="43.721786" lon="88.35993"><ele>3289</ele></trkpt>
      <trkpt lat="43.721699" lon="88.359961"><ele>3288</ele></trkpt>
      <trkpt lat="43.72164" lon="88.359853"><ele>3292</ele></trkpt>
      <trkpt lat="43.721618" lon="88.359986"><ele>3287</ele></trkpt>
      <trkpt lat="43.72154" lon="88.360073"><ele>3287</ele></trkpt>
      <trkpt lat="43.721466" lon="88.360164"><ele>3286</ele></trkpt>
      <trkpt lat="43.721381" lon="88.360258"><ele>3285</ele></trkpt>
      <trkpt lat="43.721298" lon="88.360321"><ele>3285</ele></trkpt>
      <trkpt lat="43.72122" lon="88.360394"><ele>3286</ele></trkpt>
      <trkpt lat="43.721154" lon="88.360503"><ele>3285</ele></trkpt>
      <trkpt lat="43.721077" lon="88.360587"><ele>3282</ele></trkpt>
      <trkpt lat="43.72102" lon="88.36069"><ele>3279</ele></trkpt>
      <trkpt lat="43.72098" lon="88.360801"><ele>3280</ele></trkpt>
      <trkpt lat="43.720928" lon="88.360908"><ele>3279</ele></trkpt>
      <trkpt lat="43.720889" lon="88.361024"><ele>3276</ele></trkpt>
      <trkpt lat="43.720847" lon="88.361152"><ele>3275</ele></trkpt>
      <trkpt lat="43.720789" lon="88.361257"><ele>3277</ele></trkpt>
      <trkpt lat="43.720733" lon="88.361373"><ele>3273</ele></trkpt>
      <trkpt lat="43.72064" lon="88.361428"><ele>3272</ele></trkpt>
      <trkpt lat="43.720629" lon="88.361567"><ele>3270</ele></trkpt>
      <trkpt lat="43.720543" lon="88.361639"><ele>3266</ele></trkpt>
      <trkpt lat="43.720445" lon="88.361633"><ele>3269</ele></trkpt>
      <trkpt lat="43.720349" lon="88.361641"><ele>3265</ele></trkpt>
      <trkpt lat="43.720253" lon="88.361687"><ele>3265</ele></trkpt>
      <trkpt lat="43.720154" lon="88.361704"><ele>3267</ele></trkpt>
      <trkpt lat="43.720056" lon="88.361677"><ele>3267</ele></trkpt>
      <trkpt lat="43.719964" lon="88.361677"><ele>3266</ele></trkpt>
      <trkpt lat="43.719871" lon="88.361644"><ele>3264</ele></trkpt>
      <trkpt lat="43.719773" lon="88.361584"><ele>3262</ele></trkpt>
      <trkpt lat="43.719681" lon="88.361522"><ele>3260</ele></trkpt>
      <trkpt lat="43.719628" lon="88.361414"><ele>3261</ele></trkpt>
      <trkpt lat="43.719558" lon="88.361328"><ele>3258</ele></trkpt>
      <trkpt lat="43.719476" lon="88.36127"><ele>3256</ele></trkpt>
      <trkpt lat="43.719386" lon="88.361214"><ele>3253</ele></trkpt>
      <trkpt lat="43.719295" lon="88.361169"><ele>3252</ele></trkpt>
      <trkpt lat="43.719214" lon="88.361078"><ele>3252</ele></trkpt>
      <trkpt lat="43.719115" lon="88.361121"><ele>3252</ele></trkpt>
      <trkpt lat="43.719021" lon="88.361131"><ele>3252</ele></trkpt>
      <trkpt lat="43.718929" lon="88.361153"><ele>3253</ele></trkpt>
      <trkpt lat="43.71883" lon="88.361182"><ele>3250</ele></trkpt>
      <trkpt lat="43.718734" lon="88.361209"><ele>3249</ele></trkpt>
      <trkpt lat="43.718631" lon="88.361167"><ele>3247</ele></trkpt>
      <trkpt lat="43.718536" lon="88.361195"><ele>3248</ele></trkpt>
      <trkpt lat="43.718437" lon="88.361229"><ele>3249</ele></trkpt>
      <trkpt lat="43.71837" lon="88.361326"><ele>3249</ele></trkpt>
      <trkpt lat="43.718329" lon="88.361447"><ele>3249</ele></trkpt>
      <trkpt lat="43.718286" lon="88.361562"><ele>3248</ele></trkpt>
      <trkpt lat="43.718251" lon="88.361679"><ele>3249</ele></trkpt>
      <trkpt lat="43.718178" lon="88.361751"><ele>3252</ele></trkpt>
      <trkpt lat="43.718122" lon="88.36185"><ele>3252</ele></trkpt>
      <trkpt lat="43.718054" lon="88.361938"><ele>3253</ele></trkpt>
      <trkpt lat="43.717999" lon="88.362047"><ele>3250</ele></trkpt>
      <trkpt lat="43.717921" lon="88.362109"><ele>3250</ele></trkpt>
      <trkpt lat="43.717829" lon="88.362173"><ele>3249</ele></trkpt>
      <trkpt lat="43.717747" lon="88.362227"><ele>3249</ele></trkpt>
      <trkpt lat="43.71767" lon="88.362301"><ele>3251</ele></trkpt>
      <trkpt lat="43.717587" lon="88.362359"><ele>3251</ele></trkpt>
      <trkpt lat="43.717491" lon="88.362415"><ele>3250</ele></trkpt>
      <trkpt lat="43.717408" lon="88.362483"><ele>3249</ele></trkpt>
      <trkpt lat="43.717307" lon="88.362507"><ele>3249</ele></trkpt>
      <trkpt lat="43.717225" lon="88.362559"><ele>3248</ele></trkpt>
      <trkpt lat="43.717128" lon="88.362585"><ele>3248</ele></trkpt>
      <trkpt lat="43.717043" lon="88.36263"><ele>3249</ele></trkpt>
      <trkpt lat="43.716962" lon="88.362692"><ele>3252</ele></trkpt>
      <trkpt lat="43.716861" lon="88.362684"><ele>3252</ele></trkpt>
      <trkpt lat="43.716777" lon="88.362733"><ele>3251</ele></trkpt>
      <trkpt lat="43.716681" lon="88.362785"><ele>3249</ele></trkpt>
      <trkpt lat="43.716572" lon="88.362777"><ele>3247</ele></trkpt>
      <trkpt lat="43.716482" lon="88.362769"><ele>3244</ele></trkpt>
      <trkpt lat="43.716386" lon="88.362736"><ele>3240</ele></trkpt>
      <trkpt lat="43.716293" lon="88.362741"><ele>3236</ele></trkpt>
      <trkpt lat="43.716202" lon="88.362677"><ele>3231</ele></trkpt>
      <trkpt lat="43.716114" lon="88.362637"><ele>3227</ele></trkpt>
      <trkpt lat="43.716029" lon="88.362692"><ele>3221</ele></trkpt>
      <trkpt lat="43.715985" lon="88.362806"><ele>3224</ele></trkpt>
      <trkpt lat="43.715932" lon="88.362912"><ele>3222</ele></trkpt>
      <trkpt lat="43.715842" lon="88.362911"><ele>3219</ele></trkpt>
      <trkpt lat="43.715776" lon="88.363013"><ele>3216</ele></trkpt>
      <trkpt lat="43.71571" lon="88.363097"><ele>3214</ele></trkpt>
      <trkpt lat="43.715635" lon="88.363186"><ele>3211</ele></trkpt>
      <trkpt lat="43.715567" lon="88.36328"><ele>3207</ele></trkpt>
      <trkpt lat="43.715478" lon="88.363232"><ele>3206</ele></trkpt>
      <trkpt lat="43.715388" lon="88.363259"><ele>3203</ele></trkpt>
      <trkpt lat="43.715301" lon="88.363311"><ele>3199</ele></trkpt>
      <trkpt lat="43.715206" lon="88.36334"><ele>3198</ele></trkpt>
      <trkpt lat="43.715119" lon="88.363376"><ele>3198</ele></trkpt>
      <trkpt lat="43.715029" lon="88.363366"><ele>3198</ele></trkpt>
      <trkpt lat="43.714939" lon="88.363341"><ele>3196</ele></trkpt>
      <trkpt lat="43.714835" lon="88.363341"><ele>3196</ele></trkpt>
      <trkpt lat="43.71475" lon="88.363296"><ele>3196</ele></trkpt>
      <trkpt lat="43.714648" lon="88.363286"><ele>3196</ele></trkpt>
      <trkpt lat="43.714558" lon="88.363265"><ele>3195</ele></trkpt>
      <trkpt lat="43.714479" lon="88.363194"><ele>3192</ele></trkpt>
      <trkpt lat="43.714395" lon="88.3631"><ele>3190</ele></trkpt>
      <trkpt lat="43.714305" lon="88.363125"><ele>3192</ele></trkpt>
      <trkpt lat="43.714216" lon="88.363176"><ele>3195</ele></trkpt>
      <trkpt lat="43.714148" lon="88.363263"><ele>3196</ele></trkpt>
      <trkpt lat="43.714053" lon="88.363301"><ele>3197</ele></trkpt>
      <trkpt lat="43.713963" lon="88.363302"><ele>3197</ele></trkpt>
      <trkpt lat="43.713899" lon="88.3634"><ele>3198</ele></trkpt>
      <trkpt lat="43.713806" lon="88.363427"><ele>3198</ele></trkpt>
      <trkpt lat="43.713708" lon="88.363442"><ele>3199</ele></trkpt>
      <trkpt lat="43.713622" lon="88.363496"><ele>3200</ele></trkpt>
      <trkpt lat="43.713531" lon="88.363523"><ele>3201</ele></trkpt>
      <trkpt lat="43.713439" lon="88.36356"><ele>3198</ele></trkpt>
      <trkpt lat="43.71334" lon="88.363543"><ele>3199</ele></trkpt>
      <trkpt lat="43.713248" lon="88.363512"><ele>3199</ele></trkpt>
      <trkpt lat="43.713182" lon="88.363422"><ele>3199</ele></trkpt>
      <trkpt lat="43.713083" lon="88.363404"><ele>3197</ele></trkpt>
      <trkpt lat="43.712996" lon="88.363444"><ele>3198</ele></trkpt>
      <trkpt lat="43.712901" lon="88.363424"><ele>3196</ele></trkpt>
      <trkpt lat="43.712806" lon="88.363471"><ele>3194</ele></trkpt>
      <trkpt lat="43.712718" lon="88.363429"><ele>3192</ele></trkpt>
      <trkpt lat="43.71262" lon="88.363459"><ele>3189</ele></trkpt>
      <trkpt lat="43.712526" lon="88.363466"><ele>3187</ele></trkpt>
      <trkpt lat="43.712436" lon="88.363425"><ele>3188</ele></trkpt>
      <trkpt lat="43.712342" lon="88.363402"><ele>3187</ele></trkpt>
      <trkpt lat="43.712291" lon="88.363299"><ele>3184</ele></trkpt>
      <trkpt lat="43.712194" lon="88.363314"><ele>3180</ele></trkpt>
      <trkpt lat="43.71211" lon="88.363371"><ele>3181</ele></trkpt>
      <trkpt lat="43.712015" lon="88.363392"><ele>3179</ele></trkpt>
      <trkpt lat="43.711934" lon="88.363453"><ele>3181</ele></trkpt>
      <trkpt lat="43.711845" lon="88.363473"><ele>3180</ele></trkpt>
      <trkpt lat="43.711759" lon="88.363521"><ele>3179</ele></trkpt>
      <trkpt lat="43.711674" lon="88.363472"><ele>3177</ele></trkpt>
      <trkpt lat="43.711581" lon="88.363453"><ele>3173</ele></trkpt>
      <trkpt lat="43.711489" lon="88.363437"><ele>3172</ele></trkpt>
      <trkpt lat="43.711399" lon="88.363414"><ele>3173</ele></trkpt>
      <trkpt lat="43.711306" lon="88.36341"><ele>3171</ele></trkpt>
      <trkpt lat="43.711215" lon="88.363378"><ele>3170</ele></trkpt>
      <trkpt lat="43.711124" lon="88.363412"><ele>3169</ele></trkpt>
      <trkpt lat="43.711032" lon="88.36343"><ele>3170</ele></trkpt>
      <trkpt lat="43.710942" lon="88.363399"><ele>3168</ele></trkpt>
      <trkpt lat="43.710854" lon="88.363363"><ele>3165</ele></trkpt>
      <trkpt lat="43.710761" lon="88.363354"><ele>3161</ele></trkpt>
      <trkpt lat="43.710671" lon="88.36333"><ele>3159</ele></trkpt>
      <trkpt lat="43.710573" lon="88.363295"><ele>3159</ele></trkpt>
      <trkpt lat="43.710479" lon="88.363261"><ele>3158</ele></trkpt>
      <trkpt lat="43.71038" lon="88.363229"><ele>3157</ele></trkpt>
      <trkpt lat="43.710289" lon="88.36321"><ele>3154</ele></trkpt>
      <trkpt lat="43.71019" lon="88.363206"><ele>3156</ele></trkpt>
      <trkpt lat="43.710098" lon="88.363235"><ele>3157</ele></trkpt>
      <trkpt lat="43.70999" lon="88.363259"><ele>3156</ele></trkpt>
      <trkpt lat="43.709922" lon="88.363165"><ele>3155</ele></trkpt>
      <trkpt lat="43.709824" lon="88.363175"><ele>3153</ele></trkpt>
      <trkpt lat="43.709719" lon="88.363184"><ele>3152</ele></trkpt>
      <trkpt lat="43.709613" lon="88.363201"><ele>3150</ele></trkpt>
      <trkpt lat="43.709514" lon="88.363194"><ele>3150</ele></trkpt>
      <trkpt lat="43.709443" lon="88.363098"><ele>3148</ele></trkpt>
      <trkpt lat="43.709361" lon="88.363043"><ele>3144</ele></trkpt>
      <trkpt lat="43.709278" lon="88.362996"><ele>3143</ele></trkpt>
      <trkpt lat="43.709184" lon="88.363015"><ele>3142</ele></trkpt>
      <trkpt lat="43.709009" lon="88.362949"><ele>3134</ele></trkpt>
      <trkpt lat="43.708913" lon="88.362983"><ele>3133</ele></trkpt>
      <trkpt lat="43.708824" lon="88.362926"><ele>3130</ele></trkpt>
      <trkpt lat="43.708728" lon="88.36296"><ele>3130</ele></trkpt>
      <trkpt lat="43.708636" lon="88.362992"><ele>3130</ele></trkpt>
      <trkpt lat="43.708556" lon="88.362922"><ele>3131</ele></trkpt>
      <trkpt lat="43.708458" lon="88.362961"><ele>3129</ele></trkpt>
      <trkpt lat="43.708373" lon="88.362899"><ele>3129</ele></trkpt>
      <trkpt lat="43.708285" lon="88.36287"><ele>3127</ele></trkpt>
      <trkpt lat="43.708186" lon="88.362872"><ele>3125</ele></trkpt>
      <trkpt lat="43.708082" lon="88.362862"><ele>3123</ele></trkpt>
      <trkpt lat="43.707995" lon="88.362816"><ele>3116</ele></trkpt>
      <trkpt lat="43.707891" lon="88.362772"><ele>3118</ele></trkpt>
      <trkpt lat="43.707795" lon="88.362736"><ele>3114</ele></trkpt>
      <trkpt lat="43.707699" lon="88.362711"><ele>3118</ele></trkpt>
      <trkpt lat="43.707611" lon="88.362812"><ele>3116</ele></trkpt>
      <trkpt lat="43.707594" lon="88.362829"><ele>3114</ele></trkpt>
      <trkpt lat="43.70762" lon="88.362956"><ele>3124</ele></trkpt>
      <trkpt lat="43.707624" lon="88.362825"><ele>3129</ele></trkpt>
      <trkpt lat="43.707525" lon="88.362804"><ele>3127</ele></trkpt>
      <trkpt lat="43.707431" lon="88.362777"><ele>3126</ele></trkpt>
      <trkpt lat="43.707344" lon="88.362726"><ele>3126</ele></trkpt>
      <trkpt lat="43.707279" lon="88.362812"><ele>3123</ele></trkpt>
      <trkpt lat="43.707188" lon="88.362867"><ele>3121</ele></trkpt>
      <trkpt lat="43.707145" lon="88.362977"><ele>3119</ele></trkpt>
      <trkpt lat="43.707054" lon="88.363035"><ele>3118</ele></trkpt>
      <trkpt lat="43.706978" lon="88.363105"><ele>3115</ele></trkpt>
      <trkpt lat="43.706887" lon="88.363113"><ele>3116</ele></trkpt>
      <trkpt lat="43.706794" lon="88.363138"><ele>3115</ele></trkpt>
      <trkpt lat="43.70671" lon="88.363083"><ele>3114</ele></trkpt>
      <trkpt lat="43.706623" lon="88.363047"><ele>3115</ele></trkpt>
      <trkpt lat="43.706526" lon="88.363023"><ele>3117</ele></trkpt>
      <trkpt lat="43.706436" lon="88.363016"><ele>3118</ele></trkpt>
      <trkpt lat="43.706347" lon="88.363062"><ele>3117</ele></trkpt>
      <trkpt lat="43.706271" lon="88.362994"><ele>3115</ele></trkpt>
      <trkpt lat="43.706185" lon="88.362954"><ele>3110</ele></trkpt>
      <trkpt lat="43.706094" lon="88.362934"><ele>3111</ele></trkpt>
      <trkpt lat="43.705997" lon="88.362956"><ele>3112</ele></trkpt>
      <trkpt lat="43.705904" lon="88.36298"><ele>3113</ele></trkpt>
      <trkpt lat="43.705821" lon="88.363041"><ele>3109</ele></trkpt>
      <trkpt lat="43.705747" lon="88.362956"><ele>3103</ele></trkpt>
      <trkpt lat="43.70565" lon="88.362928"><ele>3103</ele></trkpt>
      <trkpt lat="43.705562" lon="88.3629"><ele>3103</ele></trkpt>
      <trkpt lat="43.70547" lon="88.362871"><ele>3100</ele></trkpt>
      <trkpt lat="43.705368" lon="88.362905"><ele>3101</ele></trkpt>
      <trkpt lat="43.70528" lon="88.362966"><ele>3101</ele></trkpt>
      <trkpt lat="43.705178" lon="88.363002"><ele>3100</ele></trkpt>
      <trkpt lat="43.705085" lon="88.363038"><ele>3100</ele></trkpt>
      <trkpt lat="43.704992" lon="88.3631"><ele>3099</ele></trkpt>
      <trkpt lat="43.704899" lon="88.363124"><ele>3099</ele></trkpt>
      <trkpt lat="43.704811" lon="88.363078"><ele>3095</ele></trkpt>
      <trkpt lat="43.704711" lon="88.363071"><ele>3096</ele></trkpt>
      <trkpt lat="43.704621" lon="88.363081"><ele>3095</ele></trkpt>
      <trkpt lat="43.704535" lon="88.363143"><ele>3093</ele></trkpt>
      <trkpt lat="43.704444" lon="88.363198"><ele>3091</ele></trkpt>
      <trkpt lat="43.704353" lon="88.36319"><ele>3089</ele></trkpt>
      <trkpt lat="43.704262" lon="88.363237"><ele>3086</ele></trkpt>
      <trkpt lat="43.704158" lon="88.363258"><ele>3084</ele></trkpt>
      <trkpt lat="43.704066" lon="88.363265"><ele>3084</ele></trkpt>
      <trkpt lat="43.704004" lon="88.363356"><ele>3084</ele></trkpt>
      <trkpt lat="43.703914" lon="88.363384"><ele>3082</ele></trkpt>
      <trkpt lat="43.703848" lon="88.363487"><ele>3085</ele></trkpt>
      <trkpt lat="43.703877" lon="88.363611"><ele>3078</ele></trkpt>
      <trkpt lat="43.703822" lon="88.363727"><ele>3082</ele></trkpt>
      <trkpt lat="43.703745" lon="88.363799"><ele>3079</ele></trkpt>
      <trkpt lat="43.703669" lon="88.363871"><ele>3083</ele></trkpt>
      <trkpt lat="43.703573" lon="88.363904"><ele>3082</ele></trkpt>
      <trkpt lat="43.703479" lon="88.363948"><ele>3081</ele></trkpt>
      <trkpt lat="43.703391" lon="88.363982"><ele>3083</ele></trkpt>
      <trkpt lat="43.703293" lon="88.364019"><ele>3082</ele></trkpt>
      <trkpt lat="43.703192" lon="88.364023"><ele>3081</ele></trkpt>
      <trkpt lat="43.703094" lon="88.364061"><ele>3082</ele></trkpt>
      <trkpt lat="43.702991" lon="88.364048"><ele>3079</ele></trkpt>
      <trkpt lat="43.702902" lon="88.364001"><ele>3076</ele></trkpt>
      <trkpt lat="43.702816" lon="88.364038"><ele>3076</ele></trkpt>
      <trkpt lat="43.702719" lon="88.364087"><ele>3077</ele></trkpt>
      <trkpt lat="43.702614" lon="88.364106"><ele>3075</ele></trkpt>
      <trkpt lat="43.702531" lon="88.36417"><ele>3071</ele></trkpt>
      <trkpt lat="43.702447" lon="88.364233"><ele>3072</ele></trkpt>
      <trkpt lat="43.702359" lon="88.364264"><ele>3070</ele></trkpt>
      <trkpt lat="43.702267" lon="88.364335"><ele>3072</ele></trkpt>
      <trkpt lat="43.70217" lon="88.364299"><ele>3068</ele></trkpt>
      <trkpt lat="43.702077" lon="88.36425"><ele>3066</ele></trkpt>
      <trkpt lat="43.701991" lon="88.364203"><ele>3063</ele></trkpt>
      <trkpt lat="43.701892" lon="88.36422"><ele>3064</ele></trkpt>
      <trkpt lat="43.701799" lon="88.364222"><ele>3063</ele></trkpt>
      <trkpt lat="43.701706" lon="88.364208"><ele>3062</ele></trkpt>
      <trkpt lat="43.701609" lon="88.364193"><ele>3061</ele></trkpt>
      <trkpt lat="43.70152" lon="88.364148"><ele>3055</ele></trkpt>
      <trkpt lat="43.701424" lon="88.364118"><ele>3053</ele></trkpt>
      <trkpt lat="43.701324" lon="88.364109"><ele>3054</ele></trkpt>
      <trkpt lat="43.701226" lon="88.364131"><ele>3054</ele></trkpt>
      <trkpt lat="43.701134" lon="88.364091"><ele>3051</ele></trkpt>
      <trkpt lat="43.701053" lon="88.364036"><ele>3048</ele></trkpt>
      <trkpt lat="43.700973" lon="88.36397"><ele>3046</ele></trkpt>
      <trkpt lat="43.700877" lon="88.363953"><ele>3044</ele></trkpt>
      <trkpt lat="43.700776" lon="88.363962"><ele>3044</ele></trkpt>
      <trkpt lat="43.700673" lon="88.363948"><ele>3039</ele></trkpt>
      <trkpt lat="43.700581" lon="88.363957"><ele>3038</ele></trkpt>
      <trkpt lat="43.700483" lon="88.363923"><ele>3036</ele></trkpt>
      <trkpt lat="43.700394" lon="88.363898"><ele>3036</ele></trkpt>
      <trkpt lat="43.700298" lon="88.363918"><ele>3034</ele></trkpt>
      <trkpt lat="43.700207" lon="88.363942"><ele>3032</ele></trkpt>
      <trkpt lat="43.700122" lon="88.363985"><ele>3031</ele></trkpt>
      <trkpt lat="43.700029" lon="88.364055"><ele>3030</ele></trkpt>
      <trkpt lat="43.699939" lon="88.364144"><ele>3031</ele></trkpt>
      <trkpt lat="43.699849" lon="88.364178"><ele>3028</ele></trkpt>
      <trkpt lat="43.699769" lon="88.364238"><ele>3028</ele></trkpt>
      <trkpt lat="43.699685" lon="88.364292"><ele>3029</ele></trkpt>
      <trkpt lat="43.699589" lon="88.364238"><ele>3026</ele></trkpt>
      <trkpt lat="43.699499" lon="88.364265"><ele>3023</ele></trkpt>
      <trkpt lat="43.699409" lon="88.3643"><ele>3022</ele></trkpt>
      <trkpt lat="43.69931" lon="88.364345"><ele>3021</ele></trkpt>
      <trkpt lat="43.699206" lon="88.364315"><ele>3020</ele></trkpt>
      <trkpt lat="43.699111" lon="88.3643"><ele>3020</ele></trkpt>
      <trkpt lat="43.699021" lon="88.364264"><ele>3018</ele></trkpt>
      <trkpt lat="43.69893" lon="88.364278"><ele>3017</ele></trkpt>
      <trkpt lat="43.698838" lon="88.364294"><ele>3016</ele></trkpt>
      <trkpt lat="43.698742" lon="88.364299"><ele>3018</ele></trkpt>
      <trkpt lat="43.698643" lon="88.364293"><ele>3018</ele></trkpt>
      <trkpt lat="43.698553" lon="88.364301"><ele>3017</ele></trkpt>
      <trkpt lat="43.698454" lon="88.364305"><ele>3014</ele></trkpt>
      <trkpt lat="43.698364" lon="88.364337"><ele>3017</ele></trkpt>
      <trkpt lat="43.698273" lon="88.364356"><ele>3017</ele></trkpt>
      <trkpt lat="43.698177" lon="88.364363"><ele>3016</ele></trkpt>
      <trkpt lat="43.698084" lon="88.364336"><ele>3012</ele></trkpt>
      <trkpt lat="43.697984" lon="88.364365"><ele>3012</ele></trkpt>
      <trkpt lat="43.697881" lon="88.364388"><ele>3011</ele></trkpt>
      <trkpt lat="43.69779" lon="88.364407"><ele>3009</ele></trkpt>
      <trkpt lat="43.69769" lon="88.364436"><ele>3008</ele></trkpt>
      <trkpt lat="43.697589" lon="88.364418"><ele>3006</ele></trkpt>
      <trkpt lat="43.697485" lon="88.364423"><ele>3005</ele></trkpt>
      <trkpt lat="43.697385" lon="88.364424"><ele>3004</ele></trkpt>
      <trkpt lat="43.697291" lon="88.364422"><ele>3003</ele></trkpt>
      <trkpt lat="43.697199" lon="88.364482"><ele>3003</ele></trkpt>
      <trkpt lat="43.697113" lon="88.36453"><ele>3002</ele></trkpt>
      <trkpt lat="43.697021" lon="88.364552"><ele>3000</ele></trkpt>
      <trkpt lat="43.696926" lon="88.364578"><ele>2997</ele></trkpt>
      <trkpt lat="43.696829" lon="88.364584"><ele>2997</ele></trkpt>
      <trkpt lat="43.696738" lon="88.364559"><ele>2996</ele></trkpt>
      <trkpt lat="43.696639" lon="88.364551"><ele>2996</ele></trkpt>
      <trkpt lat="43.696535" lon="88.364538"><ele>2995</ele></trkpt>
      <trkpt lat="43.696433" lon="88.36451"><ele>2993</ele></trkpt>
      <trkpt lat="43.696338" lon="88.364456"><ele>2991</ele></trkpt>
      <trkpt lat="43.696246" lon="88.364417"><ele>2988</ele></trkpt>
      <trkpt lat="43.696146" lon="88.364379"><ele>2985</ele></trkpt>
      <trkpt lat="43.696051" lon="88.364365"><ele>2985</ele></trkpt>
      <trkpt lat="43.695967" lon="88.364298"><ele>2982</ele></trkpt>
      <trkpt lat="43.69588" lon="88.364233"><ele>2980</ele></trkpt>
      <trkpt lat="43.695782" lon="88.36419"><ele>2979</ele></trkpt>
      <trkpt lat="43.695691" lon="88.364157"><ele>2978</ele></trkpt>
      <trkpt lat="43.695606" lon="88.364104"><ele>2977</ele></trkpt>
      <trkpt lat="43.695514" lon="88.364087"><ele>2976</ele></trkpt>
      <trkpt lat="43.695416" lon="88.364056"><ele>2976</ele></trkpt>
      <trkpt lat="43.695325" lon="88.364029"><ele>2973</ele></trkpt>
      <trkpt lat="43.695229" lon="88.364053"><ele>2971</ele></trkpt>
      <trkpt lat="43.695136" lon="88.364016"><ele>2970</ele></trkpt>
      <trkpt lat="43.69503" lon="88.364015"><ele>2970</ele></trkpt>
      <trkpt lat="43.694938" lon="88.363992"><ele>2968</ele></trkpt>
      <trkpt lat="43.694845" lon="88.363954"><ele>2967</ele></trkpt>
      <trkpt lat="43.694749" lon="88.363943"><ele>2964</ele></trkpt>
      <trkpt lat="43.694655" lon="88.363934"><ele>2963</ele></trkpt>
      <trkpt lat="43.694556" lon="88.363941"><ele>2961</ele></trkpt>
      <trkpt lat="43.694457" lon="88.363911"><ele>2959</ele></trkpt>
      <trkpt lat="43.694354" lon="88.36389"><ele>2959</ele></trkpt>
      <trkpt lat="43.694259" lon="88.363869"><ele>2957</ele></trkpt>
      <trkpt lat="43.694168" lon="88.363834"><ele>2956</ele></trkpt>
      <trkpt lat="43.694118" lon="88.363717"><ele>2954</ele></trkpt>
      <trkpt lat="43.694088" lon="88.363596"><ele>2953</ele></trkpt>
      <trkpt lat="43.694009" lon="88.363522"><ele>2952</ele></trkpt>
      <trkpt lat="43.693911" lon="88.363498"><ele>2950</ele></trkpt>
      <trkpt lat="43.693817" lon="88.3635"><ele>2948</ele></trkpt>
      <trkpt lat="43.693722" lon="88.363492"><ele>2945</ele></trkpt>
      <trkpt lat="43.693629" lon="88.363522"><ele>2945</ele></trkpt>
      <trkpt lat="43.693532" lon="88.363538"><ele>2943</ele></trkpt>
      <trkpt lat="43.693441" lon="88.363548"><ele>2942</ele></trkpt>
      <trkpt lat="43.693343" lon="88.363526"><ele>2942</ele></trkpt>
      <trkpt lat="43.693256" lon="88.363575"><ele>2941</ele></trkpt>
      <trkpt lat="43.693166" lon="88.363621"><ele>2940</ele></trkpt>
      <trkpt lat="43.693066" lon="88.363631"><ele>2938</ele></trkpt>
      <trkpt lat="43.692978" lon="88.363599"><ele>2937</ele></trkpt>
      <trkpt lat="43.692888" lon="88.363576"><ele>2936</ele></trkpt>
      <trkpt lat="43.692796" lon="88.363566"><ele>2935</ele></trkpt>
      <trkpt lat="43.692701" lon="88.363574"><ele>2935</ele></trkpt>
      <trkpt lat="43.692607" lon="88.363566"><ele>2935</ele></trkpt>
      <trkpt lat="43.692513" lon="88.363569"><ele>2933</ele></trkpt>
      <trkpt lat="43.69242" lon="88.363521"><ele>2931</ele></trkpt>
      <trkpt lat="43.692318" lon="88.363508"><ele>2927</ele></trkpt>
      <trkpt lat="43.692221" lon="88.363505"><ele>2925</ele></trkpt>
      <trkpt lat="43.69213" lon="88.363515"><ele>2924</ele></trkpt>
      <trkpt lat="43.692027" lon="88.363514"><ele>2924</ele></trkpt>
      <trkpt lat="43.691937" lon="88.363496"><ele>2922</ele></trkpt>
      <trkpt lat="43.69184" lon="88.363497"><ele>2923</ele></trkpt>
      <trkpt lat="43.691752" lon="88.363456"><ele>2921</ele></trkpt>
      <trkpt lat="43.691694" lon="88.363351"><ele>2919</ele></trkpt>
      <trkpt lat="43.691607" lon="88.363311"><ele>2918</ele></trkpt>
      <trkpt lat="43.691511" lon="88.363312"><ele>2916</ele></trkpt>
      <trkpt lat="43.691412" lon="88.363317"><ele>2915</ele></trkpt>
      <trkpt lat="43.691319" lon="88.363305"><ele>2914</ele></trkpt>
      <trkpt lat="43.691219" lon="88.36327"><ele>2913</ele></trkpt>
      <trkpt lat="43.691125" lon="88.363245"><ele>2911</ele></trkpt>
      <trkpt lat="43.691049" lon="88.363167"><ele>2910</ele></trkpt>
      <trkpt lat="43.690952" lon="88.363176"><ele>2910</ele></trkpt>
      <trkpt lat="43.690859" lon="88.363159"><ele>2909</ele></trkpt>
      <trkpt lat="43.690761" lon="88.363157"><ele>2908</ele></trkpt>
      <trkpt lat="43.69067" lon="88.363138"><ele>2907</ele></trkpt>
      <trkpt lat="43.690575" lon="88.363117"><ele>2905</ele></trkpt>
      <trkpt lat="43.690482" lon="88.363109"><ele>2904</ele></trkpt>
      <trkpt lat="43.690376" lon="88.363114"><ele>2902</ele></trkpt>
      <trkpt lat="43.690281" lon="88.363106"><ele>2902</ele></trkpt>
      <trkpt lat="43.690192" lon="88.363149"><ele>2900</ele></trkpt>
      <trkpt lat="43.690103" lon="88.363196"><ele>2898</ele></trkpt>
      <trkpt lat="43.690022" lon="88.363264"><ele>2898</ele></trkpt>
      <trkpt lat="43.689945" lon="88.363349"><ele>2896</ele></trkpt>
      <trkpt lat="43.689872" lon="88.363436"><ele>2894</ele></trkpt>
      <trkpt lat="43.689797" lon="88.363508"><ele>2893</ele></trkpt>
      <trkpt lat="43.689696" lon="88.363564"><ele>2891</ele></trkpt>
      <trkpt lat="43.689625" lon="88.363643"><ele>2889</ele></trkpt>
      <trkpt lat="43.689547" lon="88.363714"><ele>2890</ele></trkpt>
      <trkpt lat="43.689466" lon="88.363773"><ele>2890</ele></trkpt>
      <trkpt lat="43.68939" lon="88.363848"><ele>2889</ele></trkpt>
      <trkpt lat="43.689309" lon="88.363918"><ele>2886</ele></trkpt>
      <trkpt lat="43.689221" lon="88.363983"><ele>2884</ele></trkpt>
      <trkpt lat="43.689137" lon="88.364063"><ele>2883</ele></trkpt>
      <trkpt lat="43.689051" lon="88.364128"><ele>2882</ele></trkpt>
      <trkpt lat="43.688977" lon="88.364207"><ele>2882</ele></trkpt>
      <trkpt lat="43.688898" lon="88.364273"><ele>2880</ele></trkpt>
      <trkpt lat="43.688816" lon="88.364344"><ele>2881</ele></trkpt>
      <trkpt lat="43.688731" lon="88.36441"><ele>2880</ele></trkpt>
      <trkpt lat="43.68867" lon="88.364509"><ele>2880</ele></trkpt>
      <trkpt lat="43.688593" lon="88.364606"><ele>2881</ele></trkpt>
      <trkpt lat="43.688507" lon="88.364676"><ele>2880</ele></trkpt>
      <trkpt lat="43.688423" lon="88.364762"><ele>2878</ele></trkpt>
      <trkpt lat="43.688345" lon="88.364854"><ele>2876</ele></trkpt>
      <trkpt lat="43.688262" lon="88.364936"><ele>2876</ele></trkpt>
      <trkpt lat="43.688185" lon="88.36503"><ele>2875</ele></trkpt>
      <trkpt lat="43.688103" lon="88.365103"><ele>2873</ele></trkpt>
      <trkpt lat="43.688023" lon="88.365187"><ele>2873</ele></trkpt>
      <trkpt lat="43.687931" lon="88.365229"><ele>2871</ele></trkpt>
      <trkpt lat="43.687843" lon="88.365287"><ele>2869</ele></trkpt>
      <trkpt lat="43.687767" lon="88.365359"><ele>2867</ele></trkpt>
      <trkpt lat="43.687747" lon="88.365485"><ele>2864</ele></trkpt>
      <trkpt lat="43.687812" lon="88.365578"><ele>2861</ele></trkpt>
      <trkpt lat="43.687847" lon="88.3657"><ele>2861</ele></trkpt>
      <trkpt lat="43.687894" lon="88.365824"><ele>2860</ele></trkpt>
      <trkpt lat="43.687931" lon="88.365961"><ele>2860</ele></trkpt>
      <trkpt lat="43.687993" lon="88.366079"><ele>2859</ele></trkpt>
      <trkpt lat="43.68804" lon="88.366188"><ele>2858</ele></trkpt>
      <trkpt lat="43.688089" lon="88.366306"><ele>2857</ele></trkpt>
      <trkpt lat="43.688123" lon="88.366431"><ele>2856</ele></trkpt>
      <trkpt lat="43.688162" lon="88.366561"><ele>2854</ele></trkpt>
      <trkpt lat="43.688174" lon="88.366694"><ele>2853</ele></trkpt>
      <trkpt lat="43.688197" lon="88.366814"><ele>2852</ele></trkpt>
      <trkpt lat="43.688212" lon="88.366944"><ele>2851</ele></trkpt>
      <trkpt lat="43.688225" lon="88.367075"><ele>2851</ele></trkpt>
      <trkpt lat="43.688228" lon="88.367208"><ele>2851</ele></trkpt>
      <trkpt lat="43.688225" lon="88.367337"><ele>2851</ele></trkpt>
      <trkpt lat="43.688225" lon="88.367461"><ele>2852</ele></trkpt>
      <trkpt lat="43.688208" lon="88.367594"><ele>2852</ele></trkpt>
      <trkpt lat="43.688197" lon="88.367718"><ele>2853</ele></trkpt>
      <trkpt lat="43.688182" lon="88.367856"><ele>2854</ele></trkpt>
      <trkpt lat="43.688168" lon="88.367996"><ele>2853</ele></trkpt>
      <trkpt lat="43.688162" lon="88.368128"><ele>2854</ele></trkpt>
      <trkpt lat="43.688145" lon="88.368257"><ele>2853</ele></trkpt>
      <trkpt lat="43.688164" lon="88.368392"><ele>2853</ele></trkpt>
      <trkpt lat="43.688158" lon="88.368533"><ele>2852</ele></trkpt>
      <trkpt lat="43.688171" lon="88.368668"><ele>2851</ele></trkpt>
      <trkpt lat="43.688193" lon="88.368806"><ele>2850</ele></trkpt>
      <trkpt lat="43.688218" lon="88.36893"><ele>2851</ele></trkpt>
      <trkpt lat="43.688225" lon="88.369058"><ele>2850</ele></trkpt>
      <trkpt lat="43.688244" lon="88.369196"><ele>2849</ele></trkpt>
      <trkpt lat="43.688252" lon="88.36934"><ele>2848</ele></trkpt>
      <trkpt lat="43.688278" lon="88.369459"><ele>2849</ele></trkpt>
      <trkpt lat="43.688301" lon="88.369595"><ele>2848</ele></trkpt>
      <trkpt lat="43.688344" lon="88.369722"><ele>2849</ele></trkpt>
      <trkpt lat="43.688366" lon="88.369844"><ele>2847</ele></trkpt>
      <trkpt lat="43.688384" lon="88.369969"><ele>2845</ele></trkpt>
      <trkpt lat="43.688398" lon="88.370092"><ele>2845</ele></trkpt>
      <trkpt lat="43.688435" lon="88.37021"><ele>2845</ele></trkpt>
      <trkpt lat="43.68849" lon="88.37032"><ele>2845</ele></trkpt>
      <trkpt lat="43.688533" lon="88.37045"><ele>2844</ele></trkpt>
      <trkpt lat="43.688514" lon="88.370318"><ele>2844</ele></trkpt>
      <trkpt lat="43.688458" lon="88.370219"><ele>2845</ele></trkpt>
      <trkpt lat="43.688417" lon="88.370088"><ele>2848</ele></trkpt>
      <trkpt lat="43.688396" lon="88.369955"><ele>2849</ele></trkpt>
      <trkpt lat="43.688363" lon="88.369833"><ele>2847</ele></trkpt>
      <trkpt lat="43.688348" lon="88.369702"><ele>2849</ele></trkpt>
      <trkpt lat="43.688305" lon="88.369592"><ele>2849</ele></trkpt>
      <trkpt lat="43.688234" lon="88.369698"><ele>2846</ele></trkpt>
      <trkpt lat="43.688205" lon="88.369821"><ele>2843</ele></trkpt>
      <trkpt lat="43.688183" lon="88.369946"><ele>2841</ele></trkpt>
      <trkpt lat="43.688168" lon="88.370072"><ele>2839</ele></trkpt>
      <trkpt lat="43.68819" lon="88.370197"><ele>2838</ele></trkpt>
      <trkpt lat="43.688182" lon="88.370335"><ele>2835</ele></trkpt>
      <trkpt lat="43.688196" lon="88.370469"><ele>2833</ele></trkpt>
      <trkpt lat="43.688185" lon="88.370597"><ele>2831</ele></trkpt>
      <trkpt lat="43.688181" lon="88.370735"><ele>2829</ele></trkpt>
      <trkpt lat="43.688176" lon="88.370873"><ele>2827</ele></trkpt>
      <trkpt lat="43.688158" lon="88.371013"><ele>2825</ele></trkpt>
      <trkpt lat="43.688153" lon="88.371138"><ele>2822</ele></trkpt>
      <trkpt lat="43.688113" lon="88.371265"><ele>2821</ele></trkpt>
      <trkpt lat="43.688051" lon="88.371356"><ele>2822</ele></trkpt>
      <trkpt lat="43.688003" lon="88.371473"><ele>2818</ele></trkpt>
      <trkpt lat="43.687943" lon="88.371571"><ele>2814</ele></trkpt>
      <trkpt lat="43.687868" lon="88.37167"><ele>2810</ele></trkpt>
      <trkpt lat="43.687837" lon="88.371794"><ele>2807</ele></trkpt>
      <trkpt lat="43.687791" lon="88.371907"><ele>2804</ele></trkpt>
      <trkpt lat="43.687735" lon="88.372011"><ele>2803</ele></trkpt>
      <trkpt lat="43.687707" lon="88.37214"><ele>2800</ele></trkpt>
      <trkpt lat="43.687656" lon="88.372249"><ele>2798</ele></trkpt>
      <trkpt lat="43.687618" lon="88.372364"><ele>2796</ele></trkpt>
      <trkpt lat="43.687578" lon="88.372485"><ele>2794</ele></trkpt>
      <trkpt lat="43.687549" lon="88.372615"><ele>2790</ele></trkpt>
      <trkpt lat="43.687518" lon="88.372742"><ele>2791</ele></trkpt>
      <trkpt lat="43.687463" lon="88.372846"><ele>2788</ele></trkpt>
      <trkpt lat="43.687418" lon="88.372958"><ele>2786</ele></trkpt>
      <trkpt lat="43.687375" lon="88.373084"><ele>2785</ele></trkpt>
      <trkpt lat="43.687329" lon="88.373197"><ele>2783</ele></trkpt>
      <trkpt lat="43.687272" lon="88.373301"><ele>2781</ele></trkpt>
      <trkpt lat="43.687222" lon="88.373413"><ele>2780</ele></trkpt>
      <trkpt lat="43.687171" lon="88.373523"><ele>2777</ele></trkpt>
      <trkpt lat="43.687121" lon="88.373638"><ele>2776</ele></trkpt>
      <trkpt lat="43.687097" lon="88.373766"><ele>2775</ele></trkpt>
      <trkpt lat="43.687064" lon="88.373897"><ele>2773</ele></trkpt>
      <trkpt lat="43.687026" lon="88.374017"><ele>2770</ele></trkpt>
      <trkpt lat="43.687007" lon="88.374144"><ele>2768</ele></trkpt>
      <trkpt lat="43.686974" lon="88.374272"><ele>2767</ele></trkpt>
      <trkpt lat="43.686933" lon="88.37439"><ele>2766</ele></trkpt>
      <trkpt lat="43.686907" lon="88.374519"><ele>2764</ele></trkpt>
      <trkpt lat="43.686879" lon="88.374644"><ele>2764</ele></trkpt>
      <trkpt lat="43.686835" lon="88.374763"><ele>2761</ele></trkpt>
      <trkpt lat="43.686816" lon="88.374885"><ele>2760</ele></trkpt>
      <trkpt lat="43.686783" lon="88.375025"><ele>2758</ele></trkpt>
      <trkpt lat="43.686736" lon="88.375135"><ele>2755</ele></trkpt>
      <trkpt lat="43.68676" lon="88.37526"><ele>2755</ele></trkpt>
      <trkpt lat="43.686754" lon="88.375387"><ele>2754</ele></trkpt>
      <trkpt lat="43.686716" lon="88.375499"><ele>2750</ele></trkpt>
      <trkpt lat="43.686666" lon="88.375613"><ele>2748</ele></trkpt>
      <trkpt lat="43.686629" lon="88.375739"><ele>2745</ele></trkpt>
      <trkpt lat="43.686588" lon="88.375859"><ele>2742</ele></trkpt>
      <trkpt lat="43.68654" lon="88.375966"><ele>2739</ele></trkpt>
      <trkpt lat="43.686507" lon="88.376085"><ele>2738</ele></trkpt>
      <trkpt lat="43.686497" lon="88.376209"><ele>2737</ele></trkpt>
      <trkpt lat="43.686454" lon="88.376334"><ele>2734</ele></trkpt>
      <trkpt lat="43.686411" lon="88.376448"><ele>2733</ele></trkpt>
      <trkpt lat="43.68637" lon="88.376563"><ele>2731</ele></trkpt>
      <trkpt lat="43.686323" lon="88.376678"><ele>2730</ele></trkpt>
      <trkpt lat="43.686273" lon="88.376789"><ele>2728</ele></trkpt>
      <trkpt lat="43.686214" lon="88.376885"><ele>2725</ele></trkpt>
      <trkpt lat="43.686183" lon="88.377009"><ele>2722</ele></trkpt>
      <trkpt lat="43.686141" lon="88.37712"><ele>2721</ele></trkpt>
      <trkpt lat="43.68609" lon="88.377237"><ele>2717</ele></trkpt>
      <trkpt lat="43.686039" lon="88.377354"><ele>2717</ele></trkpt>
      <trkpt lat="43.685982" lon="88.377457"><ele>2716</ele></trkpt>
      <trkpt lat="43.685938" lon="88.377568"><ele>2715</ele></trkpt>
      <trkpt lat="43.685893" lon="88.377689"><ele>2714</ele></trkpt>
      <trkpt lat="43.685837" lon="88.377802"><ele>2712</ele></trkpt>
      <trkpt lat="43.685797" lon="88.377928"><ele>2712</ele></trkpt>
      <trkpt lat="43.685756" lon="88.378043"><ele>2707</ele></trkpt>
      <trkpt lat="43.685714" lon="88.378154"><ele>2705</ele></trkpt>
      <trkpt lat="43.685689" lon="88.378287"><ele>2703</ele></trkpt>
      <trkpt lat="43.685621" lon="88.378377"><ele>2701</ele></trkpt>
      <trkpt lat="43.68559" lon="88.378509"><ele>2699</ele></trkpt>
      <trkpt lat="43.685575" lon="88.378642"><ele>2698</ele></trkpt>
      <trkpt lat="43.685541" lon="88.378763"><ele>2697</ele></trkpt>
      <trkpt lat="43.685479" lon="88.378857"><ele>2695</ele></trkpt>
      <trkpt lat="43.685412" lon="88.378953"><ele>2692</ele></trkpt>
      <trkpt lat="43.685356" lon="88.379062"><ele>2688</ele></trkpt>
      <trkpt lat="43.685299" lon="88.379158"><ele>2687</ele></trkpt>
      <trkpt lat="43.685229" lon="88.379243"><ele>2683</ele></trkpt>
      <trkpt lat="43.685178" lon="88.379346"><ele>2680</ele></trkpt>
      <trkpt lat="43.685156" lon="88.379473"><ele>2676</ele></trkpt>
      <trkpt lat="43.685066" lon="88.37952"><ele>2673</ele></trkpt>
      <trkpt lat="43.684988" lon="88.379602"><ele>2671</ele></trkpt>
      <trkpt lat="43.684906" lon="88.379678"><ele>2668</ele></trkpt>
      <trkpt lat="43.684839" lon="88.379763"><ele>2664</ele></trkpt>
      <trkpt lat="43.684827" lon="88.379887"><ele>2660</ele></trkpt>
      <trkpt lat="43.684781" lon="88.380011"><ele>2656</ele></trkpt>
      <trkpt lat="43.684746" lon="88.380125"><ele>2653</ele></trkpt>
      <trkpt lat="43.684665" lon="88.380205"><ele>2649</ele></trkpt>
      <trkpt lat="43.684609" lon="88.380306"><ele>2645</ele></trkpt>
      <trkpt lat="43.684536" lon="88.380393"><ele>2641</ele></trkpt>
      <trkpt lat="43.684523" lon="88.380516"><ele>2637</ele></trkpt>
      <trkpt lat="43.684488" lon="88.38063"><ele>2634</ele></trkpt>
      <trkpt lat="43.684437" lon="88.380735"><ele>2630</ele></trkpt>
      <trkpt lat="43.684391" lon="88.380844"><ele>2628</ele></trkpt>
      <trkpt lat="43.684333" lon="88.38095"><ele>2626</ele></trkpt>
      <trkpt lat="43.684264" lon="88.381032"><ele>2623</ele></trkpt>
      <trkpt lat="43.684197" lon="88.381118"><ele>2620</ele></trkpt>
      <trkpt lat="43.684134" lon="88.381221"><ele>2618</ele></trkpt>
      <trkpt lat="43.684052" lon="88.381305"><ele>2617</ele></trkpt>
      <trkpt lat="43.683993" lon="88.38141"><ele>2616</ele></trkpt>
      <trkpt lat="43.68392" lon="88.381497"><ele>2613</ele></trkpt>
      <trkpt lat="43.68384" lon="88.381578"><ele>2614</ele></trkpt>
      <trkpt lat="43.683754" lon="88.381633"><ele>2611</ele></trkpt>
      <trkpt lat="43.683652" lon="88.381657"><ele>2608</ele></trkpt>
      <trkpt lat="43.683573" lon="88.381729"><ele>2608</ele></trkpt>
      <trkpt lat="43.683526" lon="88.381842"><ele>2607</ele></trkpt>
      <trkpt lat="43.683577" lon="88.381947"><ele>2608</ele></trkpt>
      <trkpt lat="43.683628" lon="88.382053"><ele>2608</ele></trkpt>
      <trkpt lat="43.683665" lon="88.382181"><ele>2611</ele></trkpt>
      <trkpt lat="43.683736" lon="88.382283"><ele>2612</ele></trkpt>
      <trkpt lat="43.683771" lon="88.382398"><ele>2612</ele></trkpt>
      <trkpt lat="43.683768" lon="88.382541"><ele>2612</ele></trkpt>
      <trkpt lat="43.683789" lon="88.38268"><ele>2611</ele></trkpt>
      <trkpt lat="43.683873" lon="88.382727"><ele>2611</ele></trkpt>
      <trkpt lat="43.683943" lon="88.38281"><ele>2611</ele></trkpt>
      <trkpt lat="43.684037" lon="88.382859"><ele>2612</ele></trkpt>
      <trkpt lat="43.684122" lon="88.382913"><ele>2613</ele></trkpt>
      <trkpt lat="43.68417" lon="88.38302"><ele>2615</ele></trkpt>
      <trkpt lat="43.684249" lon="88.383079"><ele>2616</ele></trkpt>
      <trkpt lat="43.684311" lon="88.38317"><ele>2616</ele></trkpt>
      <trkpt lat="43.684393" lon="88.383236"><ele>2618</ele></trkpt>
      <trkpt lat="43.684448" lon="88.383335"><ele>2620</ele></trkpt>
      <trkpt lat="43.684518" lon="88.38342"><ele>2618</ele></trkpt>
      <trkpt lat="43.684594" lon="88.383491"><ele>2620</ele></trkpt>
      <trkpt lat="43.684658" lon="88.383591"><ele>2621</ele></trkpt>
      <trkpt lat="43.684751" lon="88.383633"><ele>2619</ele></trkpt>
      <trkpt lat="43.684806" lon="88.383739"><ele>2621</ele></trkpt>
      <trkpt lat="43.684877" lon="88.383817"><ele>2623</ele></trkpt>
      <trkpt lat="43.684942" lon="88.383933"><ele>2623</ele></trkpt>
      <trkpt lat="43.684946" lon="88.384058"><ele>2619</ele></trkpt>
      <trkpt lat="43.684972" lon="88.384196"><ele>2617</ele></trkpt>
      <trkpt lat="43.684985" lon="88.384335"><ele>2614</ele></trkpt>
      <trkpt lat="43.68496" lon="88.384455"><ele>2613</ele></trkpt>
      <trkpt lat="43.684904" lon="88.384565"><ele>2609</ele></trkpt>
      <trkpt lat="43.684863" lon="88.384683"><ele>2610</ele></trkpt>
      <trkpt lat="43.68477" lon="88.384683"><ele>2610</ele></trkpt>
      <trkpt lat="43.684682" lon="88.38474"><ele>2611</ele></trkpt>
      <trkpt lat="43.684626" lon="88.384843"><ele>2612</ele></trkpt>
      <trkpt lat="43.684652" lon="88.384972"><ele>2611</ele></trkpt>
      <trkpt lat="43.684627" lon="88.385104"><ele>2613</ele></trkpt>
      <trkpt lat="43.684593" lon="88.384983"><ele>2610</ele></trkpt>
      <trkpt lat="43.684555" lon="88.384863"><ele>2610</ele></trkpt>
      <trkpt lat="43.684503" lon="88.384757"><ele>2611</ele></trkpt>
      <trkpt lat="43.684422" lon="88.384688"><ele>2609</ele></trkpt>
      <trkpt lat="43.684389" lon="88.384563"><ele>2608</ele></trkpt>
      <trkpt lat="43.684344" lon="88.384444"><ele>2607</ele></trkpt>
      <trkpt lat="43.684294" lon="88.384332"><ele>2605</ele></trkpt>
      <trkpt lat="43.684247" lon="88.384219"><ele>2605</ele></trkpt>
      <trkpt lat="43.684228" lon="88.384095"><ele>2604</ele></trkpt>
      <trkpt lat="43.684216" lon="88.383969"><ele>2603</ele></trkpt>
      <trkpt lat="43.684277" lon="88.38406"><ele>2604</ele></trkpt>
      <trkpt lat="43.684328" lon="88.383952"><ele>2603</ele></trkpt>
      <trkpt lat="43.684306" lon="88.383824"><ele>2602</ele></trkpt>
      <trkpt lat="43.684213" lon="88.383793"><ele>2602</ele></trkpt>
      <trkpt lat="43.684118" lon="88.383756"><ele>2600</ele></trkpt>
      <trkpt lat="43.68404" lon="88.383832"><ele>2601</ele></trkpt>
      <trkpt lat="43.683954" lon="88.383788"><ele>2602</ele></trkpt>
      <trkpt lat="43.683868" lon="88.383744"><ele>2601</ele></trkpt>
      <trkpt lat="43.683815" lon="88.383634"><ele>2600</ele></trkpt>
      <trkpt lat="43.683729" lon="88.383677"><ele>2600</ele></trkpt>
      <trkpt lat="43.683645" lon="88.383612"><ele>2600</ele></trkpt>
      <trkpt lat="43.683751" lon="88.383604"><ele>2599</ele></trkpt>
      <trkpt lat="43.683845" lon="88.383578"><ele>2601</ele></trkpt>
      <trkpt lat="43.683935" lon="88.3836"><ele>2601</ele></trkpt>
      <trkpt lat="43.683942" lon="88.383727"><ele>2600</ele></trkpt>
      <trkpt lat="43.684018" lon="88.383802"><ele>2601</ele></trkpt>
      <trkpt lat="43.684109" lon="88.383828"><ele>2601</ele></trkpt>
      <trkpt lat="43.684094" lon="88.383959"><ele>2602</ele></trkpt>
      <trkpt lat="43.684101" lon="88.384084"><ele>2604</ele></trkpt>
      <trkpt lat="43.684016" lon="88.384015"><ele>2603</ele></trkpt>
      <trkpt lat="43.684028" lon="88.384144"><ele>2603</ele></trkpt>
      <trkpt lat="43.684082" lon="88.384247"><ele>2605</ele></trkpt>
      <trkpt lat="43.684094" lon="88.38437"><ele>2605</ele></trkpt>
      <trkpt lat="43.684006" lon="88.384412"><ele>2604</ele></trkpt>
      <trkpt lat="43.683928" lon="88.384474"><ele>2606</ele></trkpt>
      <trkpt lat="43.68386" lon="88.384558"><ele>2608</ele></trkpt>
      <trkpt lat="43.683896" lon="88.384414"><ele>2608</ele></trkpt>
      <trkpt lat="43.683936" lon="88.384288"><ele>2606</ele></trkpt>
      <trkpt lat="43.684036" lon="88.384311"><ele>2605</ele></trkpt>
      <trkpt lat="43.684082" lon="88.3842"><ele>2607</ele></trkpt>
      <trkpt lat="43.684132" lon="88.384092"><ele>2606</ele></trkpt>
      <trkpt lat="43.684214" lon="88.384033"><ele>2606</ele></trkpt>
      <trkpt lat="43.684274" lon="88.383938"><ele>2606</ele></trkpt>
      <trkpt lat="43.684309" lon="88.383819"><ele>2606</ele></trkpt>
      <trkpt lat="43.684241" lon="88.383729"><ele>2604</ele></trkpt>
      <trkpt lat="43.684338" lon="88.383747"><ele>2605</ele></trkpt>
      <trkpt lat="43.684345" lon="88.383618"><ele>2605</ele></trkpt>
      <trkpt lat="43.684271" lon="88.383536"><ele>2605</ele></trkpt>
      <trkpt lat="43.684223" lon="88.383418"><ele>2608</ele></trkpt>
      <trkpt lat="43.684131" lon="88.383355"><ele>2608</ele></trkpt>
      <trkpt lat="43.684048" lon="88.383304"><ele>2607</ele></trkpt>
      <trkpt lat="43.683938" lon="88.383278"><ele>2606</ele></trkpt>
      <trkpt lat="43.683826" lon="88.383282"><ele>2603</ele></trkpt>
      <trkpt lat="43.683751" lon="88.383207"><ele>2603</ele></trkpt>
      <trkpt lat="43.683667" lon="88.383136"><ele>2602</ele></trkpt>
      <trkpt lat="43.683588" lon="88.383073"><ele>2601</ele></trkpt>
      <trkpt lat="43.683504" lon="88.382998"><ele>2600</ele></trkpt>
      <trkpt lat="43.683407" lon="88.382984"><ele>2598</ele></trkpt>
      <trkpt lat="43.68332" lon="88.382932"><ele>2597</ele></trkpt>
      <trkpt lat="43.683253" lon="88.382818"><ele>2596</ele></trkpt>
      <trkpt lat="43.683193" lon="88.382722"><ele>2597</ele></trkpt>
      <trkpt lat="43.683231" lon="88.382599"><ele>2596</ele></trkpt>
      <trkpt lat="43.68321" lon="88.382475"><ele>2596</ele></trkpt>
      <trkpt lat="43.683148" lon="88.382376"><ele>2597</ele></trkpt>
      <trkpt lat="43.6831" lon="88.382263"><ele>2597</ele></trkpt>
      <trkpt lat="43.683094" lon="88.382135"><ele>2597</ele></trkpt>
      <trkpt lat="43.683051" lon="88.382023"><ele>2597</ele></trkpt>
      <trkpt lat="43.682965" lon="88.38196"><ele>2595</ele></trkpt>
      <trkpt lat="43.682898" lon="88.381876"><ele>2595</ele></trkpt>
      <trkpt lat="43.682817" lon="88.381822"><ele>2594</ele></trkpt>
      <trkpt lat="43.682734" lon="88.381771"><ele>2594</ele></trkpt>
      <trkpt lat="43.682676" lon="88.381674"><ele>2595</ele></trkpt>
      <trkpt lat="43.682616" lon="88.381569"><ele>2593</ele></trkpt>
      <trkpt lat="43.682535" lon="88.381503"><ele>2592</ele></trkpt>
      <trkpt lat="43.68246" lon="88.381415"><ele>2590</ele></trkpt>
      <trkpt lat="43.682422" lon="88.381292"><ele>2589</ele></trkpt>
      <trkpt lat="43.682384" lon="88.381172"><ele>2589</ele></trkpt>
      <trkpt lat="43.68231" lon="88.3811"><ele>2589</ele></trkpt>
      <trkpt lat="43.682221" lon="88.381048"><ele>2588</ele></trkpt>
      <trkpt lat="43.682187" lon="88.380929"><ele>2586</ele></trkpt>
      <trkpt lat="43.68212" lon="88.380835"><ele>2587</ele></trkpt>
      <trkpt lat="43.682041" lon="88.380753"><ele>2587</ele></trkpt>
      <trkpt lat="43.68195" lon="88.380701"><ele>2586</ele></trkpt>
      <trkpt lat="43.68186" lon="88.380627"><ele>2584</ele></trkpt>
      <trkpt lat="43.681785" lon="88.380533"><ele>2582</ele></trkpt>
      <trkpt lat="43.681825" lon="88.380419"><ele>2583</ele></trkpt>
      <trkpt lat="43.681743" lon="88.380348"><ele>2584</ele></trkpt>
      <trkpt lat="43.681674" lon="88.380221"><ele>2584</ele></trkpt>
      <trkpt lat="43.681575" lon="88.380223"><ele>2584</ele></trkpt>
      <trkpt lat="43.681479" lon="88.380232"><ele>2582</ele></trkpt>
      <trkpt lat="43.681558" lon="88.380319"><ele>2580</ele></trkpt>
      <trkpt lat="43.681479" lon="88.38025"><ele>2579</ele></trkpt>
      <trkpt lat="43.681555" lon="88.380338"><ele>2578</ele></trkpt>
      <trkpt lat="43.681546" lon="88.380464"><ele>2579</ele></trkpt>
      <trkpt lat="43.681499" lon="88.380582"><ele>2579</ele></trkpt>
      <trkpt lat="43.681425" lon="88.380671"><ele>2579</ele></trkpt>
      <trkpt lat="43.681375" lon="88.380779"><ele>2579</ele></trkpt>
      <trkpt lat="43.681287" lon="88.380727"><ele>2579</ele></trkpt>
      <trkpt lat="43.681204" lon="88.380659"><ele>2578</ele></trkpt>
      <trkpt lat="43.681152" lon="88.380548"><ele>2578</ele></trkpt>
      <trkpt lat="43.681057" lon="88.380487"><ele>2578</ele></trkpt>
      <trkpt lat="43.680969" lon="88.380455"><ele>2577</ele></trkpt>
      <trkpt lat="43.680946" lon="88.380322"><ele>2578</ele></trkpt>
      <trkpt lat="43.680856" lon="88.380375"><ele>2577</ele></trkpt>
      <trkpt lat="43.680776" lon="88.380316"><ele>2577</ele></trkpt>
      <trkpt lat="43.680699" lon="88.380247"><ele>2576</ele></trkpt>
      <trkpt lat="43.680604" lon="88.380277"><ele>2574</ele></trkpt>
      <trkpt lat="43.680517" lon="88.380235"><ele>2572</ele></trkpt>
      <trkpt lat="43.680424" lon="88.380224"><ele>2572</ele></trkpt>
      <trkpt lat="43.680329" lon="88.380235"><ele>2571</ele></trkpt>
      <trkpt lat="43.680231" lon="88.380236"><ele>2571</ele></trkpt>
      <trkpt lat="43.68029" lon="88.380331"><ele>2571</ele></trkpt>
      <trkpt lat="43.680362" lon="88.380409"><ele>2572</ele></trkpt>
      <trkpt lat="43.680345" lon="88.380535"><ele>2572</ele></trkpt>
      <trkpt lat="43.6803" lon="88.380656"><ele>2572</ele></trkpt>
      <trkpt lat="43.68025" lon="88.380761"><ele>2572</ele></trkpt>
      <trkpt lat="43.680255" lon="88.380896"><ele>2573</ele></trkpt>
      <trkpt lat="43.680269" lon="88.38102"><ele>2573</ele></trkpt>
      <trkpt lat="43.680222" lon="88.381126"><ele>2573</ele></trkpt>
      <trkpt lat="43.680282" lon="88.381223"><ele>2575</ele></trkpt>
      <trkpt lat="43.680279" lon="88.381352"><ele>2575</ele></trkpt>
      <trkpt lat="43.680245" lon="88.381492"><ele>2576</ele></trkpt>
      <trkpt lat="43.68027" lon="88.38162"><ele>2576</ele></trkpt>
      <trkpt lat="43.680308" lon="88.381767"><ele>2578</ele></trkpt>
      <trkpt lat="43.680293" lon="88.381894"><ele>2578</ele></trkpt>
      <trkpt lat="43.680204" lon="88.381932"><ele>2577</ele></trkpt>
      <trkpt lat="43.680201" lon="88.382061"><ele>2578</ele></trkpt>
      <trkpt lat="43.680246" lon="88.382176"><ele>2578</ele></trkpt>
      <trkpt lat="43.680308" lon="88.382268"><ele>2579</ele></trkpt>
      <trkpt lat="43.680339" lon="88.382388"><ele>2579</ele></trkpt>
      <trkpt lat="43.680371" lon="88.382522"><ele>2580</ele></trkpt>
      <trkpt lat="43.680367" lon="88.382671"><ele>2581</ele></trkpt>
      <trkpt lat="43.680348" lon="88.382808"><ele>2582</ele></trkpt>
      <trkpt lat="43.68034" lon="88.38295"><ele>2582</ele></trkpt>
      <trkpt lat="43.680368" lon="88.383071"><ele>2584</ele></trkpt>
      <trkpt lat="43.680341" lon="88.383208"><ele>2584</ele></trkpt>
      <trkpt lat="43.680364" lon="88.383338"><ele>2585</ele></trkpt>
      <trkpt lat="43.680376" lon="88.383467"><ele>2584</ele></trkpt>
      <trkpt lat="43.680426" lon="88.383599"><ele>2587</ele></trkpt>
      <trkpt lat="43.680472" lon="88.383706"><ele>2586</ele></trkpt>
      <trkpt lat="43.680536" lon="88.383805"><ele>2588</ele></trkpt>
      <trkpt lat="43.680627" lon="88.383855"><ele>2590</ele></trkpt>
      <trkpt lat="43.680711" lon="88.383926"><ele>2591</ele></trkpt>
      <trkpt lat="43.680795" lon="88.38401"><ele>2591</ele></trkpt>
      <trkpt lat="43.680864" lon="88.384102"><ele>2592</ele></trkpt>
      <trkpt lat="43.680939" lon="88.384181"><ele>2593</ele></trkpt>
      <trkpt lat="43.681006" lon="88.38428"><ele>2592</ele></trkpt>
      <trkpt lat="43.681082" lon="88.384361"><ele>2591</ele></trkpt>
      <trkpt lat="43.681159" lon="88.384429"><ele>2592</ele></trkpt>
      <trkpt lat="43.68123" lon="88.384514"><ele>2592</ele></trkpt>
      <trkpt lat="43.681283" lon="88.384637"><ele>2593</ele></trkpt>
      <trkpt lat="43.681335" lon="88.384748"><ele>2596</ele></trkpt>
      <trkpt lat="43.681432" lon="88.384791"><ele>2597</ele></trkpt>
      <trkpt lat="43.681515" lon="88.384844"><ele>2597</ele></trkpt>
      <trkpt lat="43.681567" lon="88.384958"><ele>2598</ele></trkpt>
      <trkpt lat="43.681616" lon="88.385082"><ele>2596</ele></trkpt>
      <trkpt lat="43.681662" lon="88.385206"><ele>2597</ele></trkpt>
      <trkpt lat="43.681667" lon="88.385337"><ele>2598</ele></trkpt>
      <trkpt lat="43.681676" lon="88.385473"><ele>2599</ele></trkpt>
      <trkpt lat="43.681695" lon="88.385596"><ele>2600</ele></trkpt>
      <trkpt lat="43.681735" lon="88.385716"><ele>2602</ele></trkpt>
      <trkpt lat="43.681755" lon="88.385839"><ele>2601</ele></trkpt>
      <trkpt lat="43.681814" lon="88.385941"><ele>2602</ele></trkpt>
      <trkpt lat="43.681916" lon="88.386018"><ele>2605</ele></trkpt>
      <trkpt lat="43.681958" lon="88.386131"><ele>2604</ele></trkpt>
      <trkpt lat="43.682002" lon="88.386241"><ele>2604</ele></trkpt>
      <trkpt lat="43.682026" lon="88.386361"><ele>2605</ele></trkpt>
      <trkpt lat="43.682039" lon="88.386487"><ele>2605</ele></trkpt>
      <trkpt lat="43.68208" lon="88.386604"><ele>2607</ele></trkpt>
      <trkpt lat="43.682123" lon="88.38673"><ele>2609</ele></trkpt>
      <trkpt lat="43.682189" lon="88.386832"><ele>2609</ele></trkpt>
      <trkpt lat="43.682206" lon="88.386965"><ele>2609</ele></trkpt>
      <trkpt lat="43.682244" lon="88.387083"><ele>2611</ele></trkpt>
      <trkpt lat="43.682304" lon="88.387187"><ele>2610</ele></trkpt>
      <trkpt lat="43.682378" lon="88.38728"><ele>2611</ele></trkpt>
      <trkpt lat="43.682347" lon="88.387402"><ele>2612</ele></trkpt>
      <trkpt lat="43.682391" lon="88.387531"><ele>2610</ele></trkpt>
      <trkpt lat="43.682435" lon="88.387652"><ele>2612</ele></trkpt>
      <trkpt lat="43.682502" lon="88.387752"><ele>2614</ele></trkpt>
      <trkpt lat="43.682548" lon="88.387877"><ele>2614</ele></trkpt>
      <trkpt lat="43.68262" lon="88.387973"><ele>2616</ele></trkpt>
      <trkpt lat="43.682699" lon="88.38804"><ele>2616</ele></trkpt>
      <trkpt lat="43.682765" lon="88.388168"><ele>2616</ele></trkpt>
      <trkpt lat="43.682835" lon="88.388279"><ele>2617</ele></trkpt>
      <trkpt lat="43.682876" lon="88.3884"><ele>2615</ele></trkpt>
      <trkpt lat="43.682925" lon="88.388511"><ele>2616</ele></trkpt>
      <trkpt lat="43.682987" lon="88.388605"><ele>2615</ele></trkpt>
      <trkpt lat="43.683044" lon="88.388706"><ele>2616</ele></trkpt>
      <trkpt lat="43.683087" lon="88.38882"><ele>2618</ele></trkpt>
      <trkpt lat="43.683135" lon="88.388943"><ele>2619</ele></trkpt>
      <trkpt lat="43.683172" lon="88.389066"><ele>2620</ele></trkpt>
      <trkpt lat="43.683188" lon="88.389209"><ele>2620</ele></trkpt>
      <trkpt lat="43.683259" lon="88.389308"><ele>2620</ele></trkpt>
      <trkpt lat="43.683303" lon="88.389427"><ele>2620</ele></trkpt>
      <trkpt lat="43.683334" lon="88.389554"><ele>2621</ele></trkpt>
      <trkpt lat="43.683345" lon="88.389696"><ele>2621</ele></trkpt>
      <trkpt lat="43.683355" lon="88.38982"><ele>2621</ele></trkpt>
      <trkpt lat="43.683379" lon="88.389956"><ele>2622</ele></trkpt>
      <trkpt lat="43.683452" lon="88.390046"><ele>2621</ele></trkpt>
      <trkpt lat="43.683486" lon="88.390174"><ele>2622</ele></trkpt>
      <trkpt lat="43.683527" lon="88.390287"><ele>2624</ele></trkpt>
      <trkpt lat="43.683542" lon="88.390416"><ele>2624</ele></trkpt>
      <trkpt lat="43.683593" lon="88.390532"><ele>2626</ele></trkpt>
      <trkpt lat="43.683638" lon="88.39065"><ele>2626</ele></trkpt>
      <trkpt lat="43.683632" lon="88.390779"><ele>2626</ele></trkpt>
      <trkpt lat="43.683686" lon="88.390899"><ele>2626</ele></trkpt>
      <trkpt lat="43.68372" lon="88.391027"><ele>2626</ele></trkpt>
      <trkpt lat="43.683762" lon="88.391156"><ele>2629</ele></trkpt>
      <trkpt lat="43.683745" lon="88.391292"><ele>2628</ele></trkpt>
      <trkpt lat="43.683743" lon="88.39142"><ele>2630</ele></trkpt>
      <trkpt lat="43.683747" lon="88.391556"><ele>2630</ele></trkpt>
      <trkpt lat="43.683755" lon="88.391697"><ele>2631</ele></trkpt>
      <trkpt lat="43.683763" lon="88.391821"><ele>2631</ele></trkpt>
      <trkpt lat="43.683779" lon="88.391949"><ele>2632</ele></trkpt>
      <trkpt lat="43.683801" lon="88.392089"><ele>2632</ele></trkpt>
      <trkpt lat="43.683801" lon="88.392222"><ele>2633</ele></trkpt>
      <trkpt lat="43.683827" lon="88.392349"><ele>2633</ele></trkpt>
      <trkpt lat="43.683872" lon="88.392462"><ele>2633</ele></trkpt>
      <trkpt lat="43.683931" lon="88.392571"><ele>2633</ele></trkpt>
      <trkpt lat="43.683974" lon="88.392697"><ele>2634</ele></trkpt>
      <trkpt lat="43.683991" lon="88.392823"><ele>2634</ele></trkpt>
      <trkpt lat="43.684011" lon="88.392946"><ele>2636</ele></trkpt>
      <trkpt lat="43.684019" lon="88.39307"><ele>2636</ele></trkpt>
      <trkpt lat="43.684058" lon="88.393183"><ele>2638</ele></trkpt>
      <trkpt lat="43.68411" lon="88.393295"><ele>2640</ele></trkpt>
      <trkpt lat="43.684153" lon="88.393424"><ele>2641</ele></trkpt>
      <trkpt lat="43.684163" lon="88.393549"><ele>2643</ele></trkpt>
      <trkpt lat="43.684172" lon="88.393681"><ele>2645</ele></trkpt>
      <trkpt lat="43.684168" lon="88.39381"><ele>2646</ele></trkpt>
      <trkpt lat="43.684184" lon="88.393935"><ele>2646</ele></trkpt>
      <trkpt lat="43.684218" lon="88.394052"><ele>2647</ele></trkpt>
      <trkpt lat="43.684252" lon="88.394168"><ele>2649</ele></trkpt>
      <trkpt lat="43.684272" lon="88.39429"><ele>2651</ele></trkpt>
      <trkpt lat="43.68429" lon="88.394416"><ele>2652</ele></trkpt>
      <trkpt lat="43.684328" lon="88.394539"><ele>2655</ele></trkpt>
      <trkpt lat="43.684326" lon="88.394664"><ele>2655</ele></trkpt>
      <trkpt lat="43.684355" lon="88.394789"><ele>2656</ele></trkpt>
      <trkpt lat="43.684396" lon="88.394917"><ele>2657</ele></trkpt>
      <trkpt lat="43.684402" lon="88.395056"><ele>2658</ele></trkpt>
      <trkpt lat="43.684395" lon="88.39518"><ele>2658</ele></trkpt>
      <trkpt lat="43.684433" lon="88.395297"><ele>2658</ele></trkpt>
      <trkpt lat="43.684466" lon="88.395416"><ele>2659</ele></trkpt>
      <trkpt lat="43.684483" lon="88.395545"><ele>2660</ele></trkpt>
      <trkpt lat="43.68453" lon="88.395658"><ele>2664</ele></trkpt>
      <trkpt lat="43.684557" lon="88.395776"><ele>2666</ele></trkpt>
      <trkpt lat="43.684593" lon="88.395895"><ele>2667</ele></trkpt>
      <trkpt lat="43.684626" lon="88.396012"><ele>2668</ele></trkpt>
      <trkpt lat="43.684642" lon="88.396147"><ele>2668</ele></trkpt>
      <trkpt lat="43.684672" lon="88.396269"><ele>2670</ele></trkpt>
      <trkpt lat="43.684689" lon="88.396403"><ele>2671</ele></trkpt>
      <trkpt lat="43.684725" lon="88.396517"><ele>2671</ele></trkpt>
      <trkpt lat="43.684755" lon="88.396647"><ele>2671</ele></trkpt>
      <trkpt lat="43.684792" lon="88.396769"><ele>2673</ele></trkpt>
      <trkpt lat="43.684805" lon="88.396898"><ele>2674</ele></trkpt>
      <trkpt lat="43.684853" lon="88.397004"><ele>2675</ele></trkpt>
      <trkpt lat="43.684909" lon="88.397119"><ele>2676</ele></trkpt>
      <trkpt lat="43.684918" lon="88.397251"><ele>2679</ele></trkpt>
      <trkpt lat="43.684963" lon="88.397374"><ele>2680</ele></trkpt>
      <trkpt lat="43.684963" lon="88.39751"><ele>2679</ele></trkpt>
      <trkpt lat="43.684987" lon="88.397636"><ele>2680</ele></trkpt>
      <trkpt lat="43.685021" lon="88.39776"><ele>2680</ele></trkpt>
      <trkpt lat="43.685053" lon="88.397888"><ele>2682</ele></trkpt>
      <trkpt lat="43.685059" lon="88.398023"><ele>2683</ele></trkpt>
      <trkpt lat="43.685068" lon="88.398148"><ele>2685</ele></trkpt>
      <trkpt lat="43.685105" lon="88.398263"><ele>2685</ele></trkpt>
      <trkpt lat="43.685144" lon="88.398381"><ele>2688</ele></trkpt>
      <trkpt lat="43.685186" lon="88.398496"><ele>2689</ele></trkpt>
      <trkpt lat="43.685182" lon="88.398633"><ele>2690</ele></trkpt>
      <trkpt lat="43.685234" lon="88.398753"><ele>2691</ele></trkpt>
      <trkpt lat="43.685273" lon="88.39887"><ele>2693</ele></trkpt>
      <trkpt lat="43.68529" lon="88.398995"><ele>2693</ele></trkpt>
      <trkpt lat="43.685374" lon="88.399052"><ele>2696</ele></trkpt>
      <trkpt lat="43.685443" lon="88.399151"><ele>2699</ele></trkpt>
      <trkpt lat="43.685481" lon="88.399279"><ele>2701</ele></trkpt>
      <trkpt lat="43.685488" lon="88.399418"><ele>2699</ele></trkpt>
      <trkpt lat="43.685518" lon="88.399538"><ele>2700</ele></trkpt>
      <trkpt lat="43.685551" lon="88.399656"><ele>2702</ele></trkpt>
      <trkpt lat="43.685561" lon="88.399786"><ele>2703</ele></trkpt>
      <trkpt lat="43.685565" lon="88.399922"><ele>2705</ele></trkpt>
      <trkpt lat="43.685589" lon="88.400048"><ele>2706</ele></trkpt>
      <trkpt lat="43.685601" lon="88.400181"><ele>2707</ele></trkpt>
      <trkpt lat="43.68564" lon="88.400302"><ele>2710</ele></trkpt>
      <trkpt lat="43.685668" lon="88.400425"><ele>2713</ele></trkpt>
      <trkpt lat="43.685679" lon="88.400553"><ele>2716</ele></trkpt>
      <trkpt lat="43.685713" lon="88.400671"><ele>2719</ele></trkpt>
      <trkpt lat="43.685755" lon="88.40079"><ele>2719</ele></trkpt>
      <trkpt lat="43.685794" lon="88.400911"><ele>2721</ele></trkpt>
      <trkpt lat="43.685837" lon="88.401023"><ele>2723</ele></trkpt>
      <trkpt lat="43.685857" lon="88.401148"><ele>2725</ele></trkpt>
      <trkpt lat="43.685911" lon="88.401251"><ele>2727</ele></trkpt>
      <trkpt lat="43.685921" lon="88.401386"><ele>2729</ele></trkpt>
      <trkpt lat="43.685933" lon="88.401513"><ele>2726</ele></trkpt>
      <trkpt lat="43.685938" lon="88.401643"><ele>2727</ele></trkpt>
      <trkpt lat="43.685923" lon="88.401769"><ele>2725</ele></trkpt>
      <trkpt lat="43.685908" lon="88.401895"><ele>2723</ele></trkpt>
      <trkpt lat="43.68589" lon="88.402021"><ele>2723</ele></trkpt>
      <trkpt lat="43.685876" lon="88.402146"><ele>2721</ele></trkpt>
      <trkpt lat="43.685857" lon="88.402273"><ele>2721</ele></trkpt>
      <trkpt lat="43.685831" lon="88.402396"><ele>2720</ele></trkpt>
      <trkpt lat="43.685816" lon="88.402518"><ele>2718</ele></trkpt>
      <trkpt lat="43.685828" lon="88.402646"><ele>2717</ele></trkpt>
      <trkpt lat="43.685826" lon="88.402799"><ele>2717</ele></trkpt>
      <trkpt lat="43.685812" lon="88.402927"><ele>2717</ele></trkpt>
      <trkpt lat="43.685756" lon="88.403037"><ele>2717</ele></trkpt>
      <trkpt lat="43.685747" lon="88.403161"><ele>2717</ele></trkpt>
      <trkpt lat="43.685736" lon="88.403297"><ele>2716</ele></trkpt>
      <trkpt lat="43.685721" lon="88.403426"><ele>2716</ele></trkpt>
      <trkpt lat="43.685728" lon="88.403551"><ele>2717</ele></trkpt>
      <trkpt lat="43.685748" lon="88.403674"><ele>2717</ele></trkpt>
      <trkpt lat="43.685766" lon="88.403801"><ele>2717</ele></trkpt>
      <trkpt lat="43.685753" lon="88.403926"><ele>2718</ele></trkpt>
      <trkpt lat="43.685709" lon="88.404038"><ele>2717</ele></trkpt>
      <trkpt lat="43.685686" lon="88.404168"><ele>2717</ele></trkpt>
      <trkpt lat="43.685683" lon="88.404298"><ele>2718</ele></trkpt>
      <trkpt lat="43.685697" lon="88.404437"><ele>2720</ele></trkpt>
      <trkpt lat="43.68567" lon="88.404562"><ele>2721</ele></trkpt>
      <trkpt lat="43.685681" lon="88.404705"><ele>2723</ele></trkpt>
      <trkpt lat="43.68564" lon="88.40482"><ele>2723</ele></trkpt>
      <trkpt lat="43.685663" lon="88.404954"><ele>2722</ele></trkpt>
      <trkpt lat="43.68566" lon="88.40509"><ele>2723</ele></trkpt>
      <trkpt lat="43.68569" lon="88.405217"><ele>2724</ele></trkpt>
      <trkpt lat="43.685641" lon="88.405322"><ele>2725</ele></trkpt>
      <trkpt lat="43.685605" lon="88.405443"><ele>2727</ele></trkpt>
      <trkpt lat="43.685582" lon="88.405569"><ele>2728</ele></trkpt>
      <trkpt lat="43.685557" lon="88.405704"><ele>2729</ele></trkpt>
      <trkpt lat="43.685534" lon="88.405825"><ele>2729</ele></trkpt>
      <trkpt lat="43.685483" lon="88.405947"><ele>2730</ele></trkpt>
      <trkpt lat="43.685476" lon="88.406072"><ele>2730</ele></trkpt>
      <trkpt lat="43.685423" lon="88.406187"><ele>2731</ele></trkpt>
      <trkpt lat="43.685406" lon="88.406309"><ele>2732</ele></trkpt>
      <trkpt lat="43.685363" lon="88.406438"><ele>2733</ele></trkpt>
      <trkpt lat="43.685343" lon="88.406574"><ele>2733</ele></trkpt>
      <trkpt lat="43.685281" lon="88.406675"><ele>2735</ele></trkpt>
      <trkpt lat="43.685262" lon="88.4068"><ele>2735</ele></trkpt>
      <trkpt lat="43.685211" lon="88.406904"><ele>2737</ele></trkpt>
      <trkpt lat="43.685174" lon="88.407023"><ele>2739</ele></trkpt>
      <trkpt lat="43.685172" lon="88.40716"><ele>2739</ele></trkpt>
      <trkpt lat="43.685098" lon="88.407239"><ele>2739</ele></trkpt>
      <trkpt lat="43.685043" lon="88.407344"><ele>2739</ele></trkpt>
      <trkpt lat="43.68503" lon="88.40748"><ele>2739</ele></trkpt>
      <trkpt lat="43.685045" lon="88.407608"><ele>2740</ele></trkpt>
      <trkpt lat="43.685036" lon="88.407732"><ele>2742</ele></trkpt>
      <trkpt lat="43.685014" lon="88.407858"><ele>2744</ele></trkpt>
      <trkpt lat="43.684977" lon="88.407984"><ele>2746</ele></trkpt>
      <trkpt lat="43.685017" lon="88.408107"><ele>2744</ele></trkpt>
      <trkpt lat="43.685075" lon="88.408215"><ele>2745</ele></trkpt>
      <trkpt lat="43.685119" lon="88.408336"><ele>2746</ele></trkpt>
      <trkpt lat="43.685165" lon="88.408447"><ele>2748</ele></trkpt>
      <trkpt lat="43.685164" lon="88.408583"><ele>2749</ele></trkpt>
      <trkpt lat="43.685202" lon="88.408698"><ele>2751</ele></trkpt>
      <trkpt lat="43.68527" lon="88.408789"><ele>2749</ele></trkpt>
      <trkpt lat="43.685224" lon="88.408909"><ele>2751</ele></trkpt>
      <trkpt lat="43.685184" lon="88.409027"><ele>2751</ele></trkpt>
      <trkpt lat="43.685212" lon="88.409149"><ele>2751</ele></trkpt>
      <trkpt lat="43.685247" lon="88.409271"><ele>2751</ele></trkpt>
      <trkpt lat="43.685277" lon="88.409393"><ele>2750</ele></trkpt>
      <trkpt lat="43.68534" lon="88.40949"><ele>2749</ele></trkpt>
      <trkpt lat="43.685383" lon="88.4096"><ele>2750</ele></trkpt>
      <trkpt lat="43.685413" lon="88.409739"><ele>2751</ele></trkpt>
      <trkpt lat="43.68539" lon="88.409873"><ele>2752</ele></trkpt>
      <trkpt lat="43.685372" lon="88.409995"><ele>2754</ele></trkpt>
      <trkpt lat="43.685278" lon="88.410014"><ele>2755</ele></trkpt>
      <trkpt lat="43.685211" lon="88.410105"><ele>2756</ele></trkpt>
      <trkpt lat="43.685182" lon="88.410223"><ele>2755</ele></trkpt>
      <trkpt lat="43.685127" lon="88.410341"><ele>2757</ele></trkpt>
      <trkpt lat="43.68508" lon="88.410448"><ele>2758</ele></trkpt>
      <trkpt lat="43.685015" lon="88.410546"><ele>2760</ele></trkpt>
      <trkpt lat="43.684962" lon="88.410647"><ele>2760</ele></trkpt>
      <trkpt lat="43.684928" lon="88.410762"><ele>2761</ele></trkpt>
      <trkpt lat="43.684879" lon="88.410872"><ele>2761</ele></trkpt>
      <trkpt lat="43.684842" lon="88.410997"><ele>2761</ele></trkpt>
      <trkpt lat="43.684823" lon="88.411131"><ele>2763</ele></trkpt>
      <trkpt lat="43.684802" lon="88.411252"><ele>2764</ele></trkpt>
      <trkpt lat="43.684806" lon="88.411382"><ele>2764</ele></trkpt>
      <trkpt lat="43.684776" lon="88.411507"><ele>2765</ele></trkpt>
      <trkpt lat="43.68475" lon="88.411627"><ele>2765</ele></trkpt>
      <trkpt lat="43.684741" lon="88.411759"><ele>2765</ele></trkpt>
      <trkpt lat="43.68476" lon="88.411893"><ele>2766</ele></trkpt>
      <trkpt lat="43.684854" lon="88.411952"><ele>2766</ele></trkpt>
      <trkpt lat="43.684945" lon="88.411895"><ele>2766</ele></trkpt>
      <trkpt lat="43.68503" lon="88.411948"><ele>2765</ele></trkpt>
      <trkpt lat="43.685102" lon="88.412023"><ele>2767</ele></trkpt>
      <trkpt lat="43.68518" lon="88.41209"><ele>2769</ele></trkpt>
      <trkpt lat="43.685259" lon="88.412149"><ele>2772</ele></trkpt>
      <trkpt lat="43.685334" lon="88.412238"><ele>2772</ele></trkpt>
      <trkpt lat="43.685378" lon="88.412351"><ele>2773</ele></trkpt>
      <trkpt lat="43.68536" lon="88.412485"><ele>2773</ele></trkpt>
      <trkpt lat="43.68538" lon="88.412614"><ele>2774</ele></trkpt>
      <trkpt lat="43.685365" lon="88.412747"><ele>2776</ele></trkpt>
      <trkpt lat="43.685355" lon="88.412883"><ele>2776</ele></trkpt>
      <trkpt lat="43.685337" lon="88.413006"><ele>2778</ele></trkpt>
      <trkpt lat="43.685322" lon="88.413134"><ele>2778</ele></trkpt>
      <trkpt lat="43.68529" lon="88.413254"><ele>2780</ele></trkpt>
      <trkpt lat="43.685287" lon="88.41338"><ele>2782</ele></trkpt>
      <trkpt lat="43.685303" lon="88.413517"><ele>2782</ele></trkpt>
      <trkpt lat="43.685287" lon="88.413644"><ele>2783</ele></trkpt>
      <trkpt lat="43.685251" lon="88.413758"><ele>2782</ele></trkpt>
      <trkpt lat="43.685224" lon="88.413888"><ele>2783</ele></trkpt>
      <trkpt lat="43.685223" lon="88.414024"><ele>2783</ele></trkpt>
      <trkpt lat="43.685182" lon="88.414141"><ele>2784</ele></trkpt>
      <trkpt lat="43.685101" lon="88.414201"><ele>2785</ele></trkpt>
      <trkpt lat="43.685047" lon="88.414328"><ele>2786</ele></trkpt>
      <trkpt lat="43.685006" lon="88.414461"><ele>2788</ele></trkpt>
      <trkpt lat="43.684971" lon="88.414579"><ele>2788</ele></trkpt>
      <trkpt lat="43.684945" lon="88.4147"><ele>2787</ele></trkpt>
      <trkpt lat="43.684936" lon="88.414833"><ele>2789</ele></trkpt>
      <trkpt lat="43.684953" lon="88.414961"><ele>2792</ele></trkpt>
      <trkpt lat="43.684949" lon="88.415085"><ele>2792</ele></trkpt>
      <trkpt lat="43.68495" lon="88.415224"><ele>2792</ele></trkpt>
      <trkpt lat="43.684945" lon="88.415353"><ele>2794</ele></trkpt>
      <trkpt lat="43.684947" lon="88.415479"><ele>2795</ele></trkpt>
      <trkpt lat="43.684965" lon="88.41561"><ele>2795</ele></trkpt>
      <trkpt lat="43.684996" lon="88.415729"><ele>2797</ele></trkpt>
      <trkpt lat="43.685001" lon="88.415856"><ele>2798</ele></trkpt>
      <trkpt lat="43.684988" lon="88.415981"><ele>2798</ele></trkpt>
      <trkpt lat="43.684994" lon="88.416111"><ele>2799</ele></trkpt>
      <trkpt lat="43.685008" lon="88.416238"><ele>2799</ele></trkpt>
      <trkpt lat="43.685024" lon="88.416368"><ele>2801</ele></trkpt>
      <trkpt lat="43.685031" lon="88.416497"><ele>2801</ele></trkpt>
      <trkpt lat="43.685036" lon="88.416622"><ele>2803</ele></trkpt>
      <trkpt lat="43.685027" lon="88.416754"><ele>2804</ele></trkpt>
      <trkpt lat="43.684997" lon="88.416875"><ele>2804</ele></trkpt>
      <trkpt lat="43.684963" lon="88.417002"><ele>2803</ele></trkpt>
      <trkpt lat="43.684939" lon="88.417133"><ele>2805</ele></trkpt>
      <trkpt lat="43.684921" lon="88.417261"><ele>2805</ele></trkpt>
      <trkpt lat="43.684892" lon="88.417391"><ele>2806</ele></trkpt>
      <trkpt lat="43.684842" lon="88.417516"><ele>2806</ele></trkpt>
      <trkpt lat="43.684791" lon="88.417627"><ele>2807</ele></trkpt>
      <trkpt lat="43.684748" lon="88.417737"><ele>2808</ele></trkpt>
      <trkpt lat="43.684715" lon="88.417854"><ele>2810</ele></trkpt>
      <trkpt lat="43.684689" lon="88.41798"><ele>2810</ele></trkpt>
      <trkpt lat="43.684663" lon="88.4181"><ele>2811</ele></trkpt>
      <trkpt lat="43.684649" lon="88.418238"><ele>2811</ele></trkpt>
      <trkpt lat="43.684624" lon="88.418364"><ele>2811</ele></trkpt>
      <trkpt lat="43.684602" lon="88.418499"><ele>2812</ele></trkpt>
      <trkpt lat="43.684602" lon="88.418626"><ele>2812</ele></trkpt>
      <trkpt lat="43.684593" lon="88.418758"><ele>2813</ele></trkpt>
      <trkpt lat="43.684627" lon="88.418884"><ele>2815</ele></trkpt>
      <trkpt lat="43.68468" lon="88.41899"><ele>2817</ele></trkpt>
      <trkpt lat="43.68472" lon="88.419103"><ele>2818</ele></trkpt>
      <trkpt lat="43.684782" lon="88.419207"><ele>2820</ele></trkpt>
      <trkpt lat="43.684822" lon="88.419321"><ele>2821</ele></trkpt>
      <trkpt lat="43.684848" lon="88.419452"><ele>2821</ele></trkpt>
      <trkpt lat="43.684807" lon="88.419568"><ele>2822</ele></trkpt>
      <trkpt lat="43.684754" lon="88.419674"><ele>2822</ele></trkpt>
      <trkpt lat="43.68471" lon="88.419791"><ele>2821</ele></trkpt>
      <trkpt lat="43.68471" lon="88.419926"><ele>2823</ele></trkpt>
      <trkpt lat="43.68474" lon="88.420048"><ele>2825</ele></trkpt>
      <trkpt lat="43.684772" lon="88.420165"><ele>2826</ele></trkpt>
      <trkpt lat="43.684786" lon="88.420289"><ele>2828</ele></trkpt>
      <trkpt lat="43.684834" lon="88.420406"><ele>2828</ele></trkpt>
      <trkpt lat="43.684861" lon="88.420537"><ele>2828</ele></trkpt>
      <trkpt lat="43.684888" lon="88.420658"><ele>2830</ele></trkpt>
      <trkpt lat="43.684899" lon="88.420783"><ele>2831</ele></trkpt>
      <trkpt lat="43.68492" lon="88.420904"><ele>2833</ele></trkpt>
      <trkpt lat="43.684913" lon="88.421029"><ele>2833</ele></trkpt>
      <trkpt lat="43.684896" lon="88.421152"><ele>2834</ele></trkpt>
      <trkpt lat="43.684891" lon="88.421282"><ele>2834</ele></trkpt>
      <trkpt lat="43.684886" lon="88.421406"><ele>2836</ele></trkpt>
      <trkpt lat="43.684889" lon="88.421531"><ele>2838</ele></trkpt>
      <trkpt lat="43.684902" lon="88.421659"><ele>2837</ele></trkpt>
      <trkpt lat="43.684902" lon="88.421784"><ele>2839</ele></trkpt>
      <trkpt lat="43.684893" lon="88.42191"><ele>2841</ele></trkpt>
      <trkpt lat="43.684876" lon="88.422035"><ele>2842</ele></trkpt>
      <trkpt lat="43.684855" lon="88.422159"><ele>2843</ele></trkpt>
      <trkpt lat="43.684822" lon="88.422279"><ele>2844</ele></trkpt>
      <trkpt lat="43.684801" lon="88.422401"><ele>2845</ele></trkpt>
      <trkpt lat="43.684791" lon="88.422525"><ele>2846</ele></trkpt>
      <trkpt lat="43.684762" lon="88.422659"><ele>2847</ele></trkpt>
      <trkpt lat="43.684716" lon="88.422772"><ele>2848</ele></trkpt>
      <trkpt lat="43.684706" lon="88.422903"><ele>2849</ele></trkpt>
      <trkpt lat="43.684712" lon="88.423044"><ele>2852</ele></trkpt>
      <trkpt lat="43.684711" lon="88.423174"><ele>2854</ele></trkpt>
      <trkpt lat="43.684708" lon="88.423314"><ele>2855</ele></trkpt>
      <trkpt lat="43.684687" lon="88.423449"><ele>2855</ele></trkpt>
      <trkpt lat="43.684658" lon="88.423577"><ele>2855</ele></trkpt>
      <trkpt lat="43.684637" lon="88.423706"><ele>2856</ele></trkpt>
      <trkpt lat="43.68461" lon="88.423827"><ele>2857</ele></trkpt>
      <trkpt lat="43.684579" lon="88.423944"><ele>2859</ele></trkpt>
      <trkpt lat="43.684551" lon="88.424066"><ele>2861</ele></trkpt>
      <trkpt lat="43.684529" lon="88.424192"><ele>2862</ele></trkpt>
      <trkpt lat="43.684511" lon="88.424316"><ele>2864</ele></trkpt>
      <trkpt lat="43.684489" lon="88.424453"><ele>2864</ele></trkpt>
      <trkpt lat="43.684508" lon="88.424575"><ele>2865</ele></trkpt>
      <trkpt lat="43.684507" lon="88.4247"><ele>2866</ele></trkpt>
      <trkpt lat="43.684511" lon="88.424828"><ele>2867</ele></trkpt>
      <trkpt lat="43.684505" lon="88.424954"><ele>2868</ele></trkpt>
      <trkpt lat="43.684506" lon="88.42508"><ele>2869</ele></trkpt>
      <trkpt lat="43.684502" lon="88.425214"><ele>2870</ele></trkpt>
      <trkpt lat="43.684503" lon="88.42535"><ele>2870</ele></trkpt>
      <trkpt lat="43.684511" lon="88.425483"><ele>2873</ele></trkpt>
      <trkpt lat="43.684518" lon="88.42562"><ele>2875</ele></trkpt>
      <trkpt lat="43.684523" lon="88.425746"><ele>2876</ele></trkpt>
      <trkpt lat="43.68453" lon="88.425884"><ele>2877</ele></trkpt>
      <trkpt lat="43.68453" lon="88.426017"><ele>2879</ele></trkpt>
      <trkpt lat="43.684531" lon="88.426143"><ele>2881</ele></trkpt>
      <trkpt lat="43.684543" lon="88.42628"><ele>2882</ele></trkpt>
      <trkpt lat="43.684561" lon="88.426408"><ele>2882</ele></trkpt>
      <trkpt lat="43.684587" lon="88.42653"><ele>2883</ele></trkpt>
      <trkpt lat="43.684618" lon="88.426656"><ele>2885</ele></trkpt>
      <trkpt lat="43.684638" lon="88.426788"><ele>2887</ele></trkpt>
      <trkpt lat="43.684648" lon="88.426911"><ele>2889</ele></trkpt>
      <trkpt lat="43.684649" lon="88.427043"><ele>2889</ele></trkpt>
      <trkpt lat="43.684643" lon="88.427173"><ele>2890</ele></trkpt>
      <trkpt lat="43.684648" lon="88.427304"><ele>2892</ele></trkpt>
      <trkpt lat="43.684678" lon="88.427422"><ele>2893</ele></trkpt>
      <trkpt lat="43.684704" lon="88.427551"><ele>2895</ele></trkpt>
      <trkpt lat="43.68472" lon="88.427685"><ele>2895</ele></trkpt>
      <trkpt lat="43.684754" lon="88.427809"><ele>2895</ele></trkpt>
      <trkpt lat="43.684782" lon="88.427936"><ele>2896</ele></trkpt>
      <trkpt lat="43.684814" lon="88.428052"><ele>2898</ele></trkpt>
      <trkpt lat="43.684835" lon="88.428179"><ele>2900</ele></trkpt>
      <trkpt lat="43.68485" lon="88.428305"><ele>2902</ele></trkpt>
      <trkpt lat="43.68485" lon="88.428436"><ele>2903</ele></trkpt>
      <trkpt lat="43.684856" lon="88.428561"><ele>2905</ele></trkpt>
      <trkpt lat="43.68486" lon="88.428695"><ele>2906</ele></trkpt>
      <trkpt lat="43.684862" lon="88.42882"><ele>2908</ele></trkpt>
      <trkpt lat="43.684872" lon="88.428952"><ele>2907</ele></trkpt>
      <trkpt lat="43.684873" lon="88.429082"><ele>2909</ele></trkpt>
      <trkpt lat="43.684869" lon="88.429208"><ele>2910</ele></trkpt>
      <trkpt lat="43.684877" lon="88.429337"><ele>2912</ele></trkpt>
      <trkpt lat="43.684873" lon="88.429465"><ele>2913</ele></trkpt>
      <trkpt lat="43.684871" lon="88.429593"><ele>2913</ele></trkpt>
      <trkpt lat="43.684859" lon="88.429724"><ele>2915</ele></trkpt>
      <trkpt lat="43.684857" lon="88.429858"><ele>2915</ele></trkpt>
      <trkpt lat="43.684874" lon="88.429988"><ele>2918</ele></trkpt>
      <trkpt lat="43.684878" lon="88.430123"><ele>2919</ele></trkpt>
      <trkpt lat="43.684882" lon="88.430248"><ele>2921</ele></trkpt>
      <trkpt lat="43.684877" lon="88.430376"><ele>2922</ele></trkpt>
      <trkpt lat="43.684876" lon="88.430504"><ele>2923</ele></trkpt>
      <trkpt lat="43.684895" lon="88.430632"><ele>2924</ele></trkpt>
      <trkpt lat="43.684916" lon="88.430757"><ele>2924</ele></trkpt>
      <trkpt lat="43.68495" lon="88.430889"><ele>2927</ele></trkpt>
      <trkpt lat="43.684983" lon="88.431014"><ele>2927</ele></trkpt>
      <trkpt lat="43.685005" lon="88.431138"><ele>2927</ele></trkpt>
      <trkpt lat="43.685001" lon="88.431268"><ele>2926</ele></trkpt>
      <trkpt lat="43.684985" lon="88.431395"><ele>2929</ele></trkpt>
      <trkpt lat="43.684992" lon="88.43152"><ele>2927</ele></trkpt>
      <trkpt lat="43.685025" lon="88.431655"><ele>2930</ele></trkpt>
      <trkpt lat="43.685025" lon="88.431794"><ele>2931</ele></trkpt>
      <trkpt lat="43.685026" lon="88.431918"><ele>2932</ele></trkpt>
      <trkpt lat="43.685023" lon="88.432048"><ele>2933</ele></trkpt>
      <trkpt lat="43.685023" lon="88.432174"><ele>2934</ele></trkpt>
      <trkpt lat="43.685029" lon="88.43231"><ele>2936</ele></trkpt>
      <trkpt lat="43.685042" lon="88.432436"><ele>2936</ele></trkpt>
      <trkpt lat="43.685034" lon="88.432561"><ele>2936</ele></trkpt>
      <trkpt lat="43.68503" lon="88.432689"><ele>2937</ele></trkpt>
      <trkpt lat="43.685022" lon="88.432821"><ele>2937</ele></trkpt>
      <trkpt lat="43.685014" lon="88.432961"><ele>2937</ele></trkpt>
      <trkpt lat="43.68501" lon="88.433099"><ele>2938</ele></trkpt>
      <trkpt lat="43.685002" lon="88.433227"><ele>2939</ele></trkpt>
      <trkpt lat="43.684991" lon="88.433354"><ele>2941</ele></trkpt>
      <trkpt lat="43.68499" lon="88.433491"><ele>2942</ele></trkpt>
      <trkpt lat="43.684997" lon="88.433619"><ele>2943</ele></trkpt>
      <trkpt lat="43.685008" lon="88.433762"><ele>2946</ele></trkpt>
      <trkpt lat="43.685022" lon="88.4339"><ele>2947</ele></trkpt>
      <trkpt lat="43.685044" lon="88.434027"><ele>2948</ele></trkpt>
      <trkpt lat="43.685053" lon="88.434151"><ele>2948</ele></trkpt>
      <trkpt lat="43.685067" lon="88.434281"><ele>2948</ele></trkpt>
      <trkpt lat="43.685067" lon="88.434409"><ele>2950</ele></trkpt>
      <trkpt lat="43.685027" lon="88.434532"><ele>2951</ele></trkpt>
      <trkpt lat="43.684962" lon="88.434633"><ele>2952</ele></trkpt>
      <trkpt lat="43.684908" lon="88.434735"><ele>2954</ele></trkpt>
      <trkpt lat="43.684831" lon="88.434809"><ele>2955</ele></trkpt>
      <trkpt lat="43.684749" lon="88.434873"><ele>2956</ele></trkpt>
      <trkpt lat="43.684678" lon="88.434958"><ele>2955</ele></trkpt>
      <trkpt lat="43.684625" lon="88.435061"><ele>2955</ele></trkpt>
      <trkpt lat="43.684555" lon="88.435145"><ele>2956</ele></trkpt>
      <trkpt lat="43.684479" lon="88.435224"><ele>2957</ele></trkpt>
      <trkpt lat="43.684425" lon="88.435326"><ele>2958</ele></trkpt>
      <trkpt lat="43.684343" lon="88.435377"><ele>2960</ele></trkpt>
      <trkpt lat="43.684257" lon="88.435422"><ele>2963</ele></trkpt>
      <trkpt lat="43.684169" lon="88.435483"><ele>2963</ele></trkpt>
      <trkpt lat="43.68409" lon="88.435563"><ele>2965</ele></trkpt>
      <trkpt lat="43.684026" lon="88.435652"><ele>2966</ele></trkpt>
      <trkpt lat="43.684011" lon="88.435775"><ele>2966</ele></trkpt>
      <trkpt lat="43.683943" lon="88.435859"><ele>2970</ele></trkpt>
      <trkpt lat="43.683885" lon="88.435961"><ele>2971</ele></trkpt>
      <trkpt lat="43.683814" lon="88.436043"><ele>2973</ele></trkpt>
      <trkpt lat="43.683746" lon="88.43613"><ele>2974</ele></trkpt>
      <trkpt lat="43.683691" lon="88.436237"><ele>2976</ele></trkpt>
      <trkpt lat="43.683628" lon="88.436339"><ele>2978</ele></trkpt>
      <trkpt lat="43.683572" lon="88.436438"><ele>2980</ele></trkpt>
      <trkpt lat="43.683517" lon="88.436541"><ele>2981</ele></trkpt>
      <trkpt lat="43.683484" lon="88.436656"><ele>2981</ele></trkpt>
      <trkpt lat="43.683428" lon="88.436755"><ele>2981</ele></trkpt>
      <trkpt lat="43.683373" lon="88.43686"><ele>2983</ele></trkpt>
      <trkpt lat="43.68333" lon="88.436973"><ele>2985</ele></trkpt>
      <trkpt lat="43.683254" lon="88.437054"><ele>2988</ele></trkpt>
      <trkpt lat="43.683225" lon="88.437178"><ele>2989</ele></trkpt>
      <trkpt lat="43.683218" lon="88.437304"><ele>2991</ele></trkpt>
      <trkpt lat="43.683193" lon="88.437435"><ele>2994</ele></trkpt>
      <trkpt lat="43.683129" lon="88.43753"><ele>2997</ele></trkpt>
      <trkpt lat="43.683097" lon="88.437648"><ele>2997</ele></trkpt>
      <trkpt lat="43.683019" lon="88.437719"><ele>2997</ele></trkpt>
      <trkpt lat="43.682972" lon="88.437828"><ele>2998</ele></trkpt>
      <trkpt lat="43.682933" lon="88.437948"><ele>3000</ele></trkpt>
      <trkpt lat="43.682918" lon="88.438082"><ele>3001</ele></trkpt>
      <trkpt lat="43.682912" lon="88.438207"><ele>3004</ele></trkpt>
      <trkpt lat="43.682876" lon="88.438326"><ele>3006</ele></trkpt>
      <trkpt lat="43.682855" lon="88.438452"><ele>3007</ele></trkpt>
      <trkpt lat="43.682813" lon="88.438567"><ele>3008</ele></trkpt>
      <trkpt lat="43.682777" lon="88.438683"><ele>3008</ele></trkpt>
      <trkpt lat="43.682749" lon="88.43881"><ele>3010</ele></trkpt>
      <trkpt lat="43.682731" lon="88.438944"><ele>3012</ele></trkpt>
      <trkpt lat="43.682682" lon="88.439058"><ele>3016</ele></trkpt>
      <trkpt lat="43.682668" lon="88.439185"><ele>3018</ele></trkpt>
      <trkpt lat="43.682647" lon="88.439314"><ele>3020</ele></trkpt>
      <trkpt lat="43.68261" lon="88.43944"><ele>3021</ele></trkpt>
      <trkpt lat="43.682587" lon="88.439565"><ele>3024</ele></trkpt>
      <trkpt lat="43.68257" lon="88.439687"><ele>3025</ele></trkpt>
      <trkpt lat="43.682553" lon="88.439811"><ele>3026</ele></trkpt>
      <trkpt lat="43.682508" lon="88.439922"><ele>3028</ele></trkpt>
      <trkpt lat="43.682481" lon="88.440047"><ele>3030</ele></trkpt>
      <trkpt lat="43.682471" lon="88.440181"><ele>3032</ele></trkpt>
      <trkpt lat="43.682459" lon="88.440306"><ele>3034</ele></trkpt>
      <trkpt lat="43.682418" lon="88.440421"><ele>3035</ele></trkpt>
      <trkpt lat="43.682405" lon="88.44055"><ele>3037</ele></trkpt>
      <trkpt lat="43.682373" lon="88.440673"><ele>3038</ele></trkpt>
      <trkpt lat="43.682345" lon="88.440799"><ele>3040</ele></trkpt>
      <trkpt lat="43.682335" lon="88.440929"><ele>3041</ele></trkpt>
      <trkpt lat="43.682351" lon="88.44106"><ele>3043</ele></trkpt>
      <trkpt lat="43.682321" lon="88.441191"><ele>3046</ele></trkpt>
      <trkpt lat="43.682292" lon="88.441312"><ele>3049</ele></trkpt>
      <trkpt lat="43.682262" lon="88.441433"><ele>3051</ele></trkpt>
      <trkpt lat="43.682215" lon="88.44154"><ele>3053</ele></trkpt>
      <trkpt lat="43.682181" lon="88.441655"><ele>3056</ele></trkpt>
      <trkpt lat="43.682163" lon="88.441784"><ele>3059</ele></trkpt>
      <trkpt lat="43.682174" lon="88.441911"><ele>3061</ele></trkpt>
      <trkpt lat="43.682135" lon="88.442028"><ele>3064</ele></trkpt>
      <trkpt lat="43.682129" lon="88.442154"><ele>3067</ele></trkpt>
      <trkpt lat="43.682114" lon="88.442278"><ele>3069</ele></trkpt>
      <trkpt lat="43.682113" lon="88.442408"><ele>3073</ele></trkpt>
      <trkpt lat="43.682051" lon="88.442504"><ele>3076</ele></trkpt>
      <trkpt lat="43.68199" lon="88.4426"><ele>3081</ele></trkpt>
      <trkpt lat="43.68196" lon="88.442724"><ele>3083</ele></trkpt>
      <trkpt lat="43.681942" lon="88.442854"><ele>3086</ele></trkpt>
      <trkpt lat="43.681934" lon="88.442978"><ele>3089</ele></trkpt>
      <trkpt lat="43.681881" lon="88.443092"><ele>3093</ele></trkpt>
      <trkpt lat="43.681831" lon="88.443196"><ele>3098</ele></trkpt>
      <trkpt lat="43.681765" lon="88.443284"><ele>3100</ele></trkpt>
      <trkpt lat="43.681694" lon="88.443365"><ele>3102</ele></trkpt>
      <trkpt lat="43.681624" lon="88.443454"><ele>3103</ele></trkpt>
      <trkpt lat="43.681553" lon="88.443539"><ele>3104</ele></trkpt>
      <trkpt lat="43.68149" lon="88.443639"><ele>3104</ele></trkpt>
      <trkpt lat="43.681445" lon="88.443531"><ele>3103</ele></trkpt>
      <trkpt lat="43.681432" lon="88.443659"><ele>3101</ele></trkpt>
      <trkpt lat="43.681402" lon="88.443782"><ele>3101</ele></trkpt>
      <trkpt lat="43.681356" lon="88.443894"><ele>3099</ele></trkpt>
      <trkpt lat="43.681296" lon="88.443999"><ele>3098</ele></trkpt>
      <trkpt lat="43.681232" lon="88.444122"><ele>3097</ele></trkpt>
      <trkpt lat="43.681178" lon="88.444228"><ele>3095</ele></trkpt>
      <trkpt lat="43.681139" lon="88.444341"><ele>3091</ele></trkpt>
      <trkpt lat="43.681057" lon="88.444408"><ele>3088</ele></trkpt>
      <trkpt lat="43.680987" lon="88.444494"><ele>3084</ele></trkpt>
      <trkpt lat="43.68091" lon="88.444564"><ele>3081</ele></trkpt>
      <trkpt lat="43.68083" lon="88.444637"><ele>3077</ele></trkpt>
      <trkpt lat="43.680761" lon="88.44474"><ele>3073</ele></trkpt>
      <trkpt lat="43.680685" lon="88.444813"><ele>3072</ele></trkpt>
      <trkpt lat="43.680614" lon="88.444899"><ele>3069</ele></trkpt>
      <trkpt lat="43.680553" lon="88.444999"><ele>3068</ele></trkpt>
      <trkpt lat="43.680491" lon="88.445092"><ele>3066</ele></trkpt>
      <trkpt lat="43.680449" lon="88.445203"><ele>3063</ele></trkpt>
      <trkpt lat="43.680407" lon="88.445315"><ele>3060</ele></trkpt>
      <trkpt lat="43.680361" lon="88.445428"><ele>3059</ele></trkpt>
      <trkpt lat="43.680335" lon="88.44555"><ele>3056</ele></trkpt>
      <trkpt lat="43.680405" lon="88.44564"><ele>3052</ele></trkpt>
      <trkpt lat="43.680467" lon="88.445737"><ele>3050</ele></trkpt>
      <trkpt lat="43.680548" lon="88.44579"><ele>3046</ele></trkpt>
      <trkpt lat="43.680621" lon="88.445869"><ele>3045</ele></trkpt>
      <trkpt lat="43.680628" lon="88.445993"><ele>3043</ele></trkpt>
      <trkpt lat="43.68068" lon="88.446104"><ele>3037</ele></trkpt>
      <trkpt lat="43.680726" lon="88.446212"><ele>3033</ele></trkpt>
      <trkpt lat="43.680736" lon="88.446338"><ele>3031</ele></trkpt>
      <trkpt lat="43.680775" lon="88.446462"><ele>3028</ele></trkpt>
      <trkpt lat="43.680857" lon="88.44653"><ele>3026</ele></trkpt>
      <trkpt lat="43.680876" lon="88.446653"><ele>3023</ele></trkpt>
      <trkpt lat="43.680888" lon="88.446782"><ele>3021</ele></trkpt>
      <trkpt lat="43.680957" lon="88.446873"><ele>3018</ele></trkpt>
      <trkpt lat="43.68098" lon="88.447"><ele>3014</ele></trkpt>
      <trkpt lat="43.68101" lon="88.447124"><ele>3011</ele></trkpt>
      <trkpt lat="43.681049" lon="88.447237"><ele>3008</ele></trkpt>
      <trkpt lat="43.681085" lon="88.447355"><ele>3005</ele></trkpt>
      <trkpt lat="43.681108" lon="88.44749"><ele>3003</ele></trkpt>
      <trkpt lat="43.681194" lon="88.447537"><ele>3000</ele></trkpt>
      <trkpt lat="43.681277" lon="88.447595"><ele>3000</ele></trkpt>
      <trkpt lat="43.681315" lon="88.447713"><ele>2997</ele></trkpt>
      <trkpt lat="43.681348" lon="88.447831"><ele>2995</ele></trkpt>
      <trkpt lat="43.681355" lon="88.447956"><ele>2990</ele></trkpt>
      <trkpt lat="43.681335" lon="88.44809"><ele>2988</ele></trkpt>
      <trkpt lat="43.68136" lon="88.448213"><ele>2986</ele></trkpt>
      <trkpt lat="43.68136" lon="88.448339"><ele>2984</ele></trkpt>
      <trkpt lat="43.681373" lon="88.448465"><ele>2982</ele></trkpt>
      <trkpt lat="43.681385" lon="88.448591"><ele>2980</ele></trkpt>
      <trkpt lat="43.681464" lon="88.448669"><ele>2977</ele></trkpt>
      <trkpt lat="43.6815" lon="88.448787"><ele>2975</ele></trkpt>
      <trkpt lat="43.681535" lon="88.448913"><ele>2972</ele></trkpt>
      <trkpt lat="43.68156" lon="88.449034"><ele>2972</ele></trkpt>
      <trkpt lat="43.681569" lon="88.449168"><ele>2970</ele></trkpt>
      <trkpt lat="43.681595" lon="88.449294"><ele>2967</ele></trkpt>
      <trkpt lat="43.681623" lon="88.449418"><ele>2965</ele></trkpt>
      <trkpt lat="43.681663" lon="88.44953"><ele>2962</ele></trkpt>
      <trkpt lat="43.681684" lon="88.449654"><ele>2959</ele></trkpt>
      <trkpt lat="43.681683" lon="88.449788"><ele>2957</ele></trkpt>
      <trkpt lat="43.681703" lon="88.449919"><ele>2955</ele></trkpt>
      <trkpt lat="43.681688" lon="88.450048"><ele>2950</ele></trkpt>
      <trkpt lat="43.681709" lon="88.450178"><ele>2948</ele></trkpt>
      <trkpt lat="43.681739" lon="88.450301"><ele>2946</ele></trkpt>
      <trkpt lat="43.681753" lon="88.450424"><ele>2945</ele></trkpt>
      <trkpt lat="43.681803" lon="88.450539"><ele>2943</ele></trkpt>
      <trkpt lat="43.681894" lon="88.450544"><ele>2944</ele></trkpt>
      <trkpt lat="43.681803" lon="88.450549"><ele>2944</ele></trkpt>
      <trkpt lat="43.681861" lon="88.450649"><ele>2942</ele></trkpt>
      <trkpt lat="43.681894" lon="88.45078"><ele>2938</ele></trkpt>
      <trkpt lat="43.681918" lon="88.450901"><ele>2935</ele></trkpt>
      <trkpt lat="43.681954" lon="88.451018"><ele>2932</ele></trkpt>
      <trkpt lat="43.681987" lon="88.451148"><ele>2927</ele></trkpt>
      <trkpt lat="43.682068" lon="88.451207"><ele>2928</ele></trkpt>
      <trkpt lat="43.68208" lon="88.451339"><ele>2927</ele></trkpt>
      <trkpt lat="43.682086" lon="88.451465"><ele>2925</ele></trkpt>
      <trkpt lat="43.682141" lon="88.451578"><ele>2923</ele></trkpt>
      <trkpt lat="43.68222" lon="88.451659"><ele>2921</ele></trkpt>
      <trkpt lat="43.682274" lon="88.451765"><ele>2917</ele></trkpt>
      <trkpt lat="43.682306" lon="88.451894"><ele>2916</ele></trkpt>
      <trkpt lat="43.682373" lon="88.451984"><ele>2913</ele></trkpt>
      <trkpt lat="43.682478" lon="88.451989"><ele>2912</ele></trkpt>
      <trkpt lat="43.682565" lon="88.452039"><ele>2909</ele></trkpt>
      <trkpt lat="43.682654" lon="88.452085"><ele>2908</ele></trkpt>
      <trkpt lat="43.68273" lon="88.452156"><ele>2905</ele></trkpt>
      <trkpt lat="43.682813" lon="88.452225"><ele>2903</ele></trkpt>
      <trkpt lat="43.682905" lon="88.452248"><ele>2902</ele></trkpt>
      <trkpt lat="43.682966" lon="88.45235"><ele>2899</ele></trkpt>
      <trkpt lat="43.683038" lon="88.45245"><ele>2896</ele></trkpt>
      <trkpt lat="43.683118" lon="88.452526"><ele>2893</ele></trkpt>
      <trkpt lat="43.683201" lon="88.452605"><ele>2889</ele></trkpt>
      <trkpt lat="43.68329" lon="88.452625"><ele>2891</ele></trkpt>
      <trkpt lat="43.68335" lon="88.452755"><ele>2889</ele></trkpt>
      <trkpt lat="43.683405" lon="88.45289"><ele>2885</ele></trkpt>
      <trkpt lat="43.683498" lon="88.452943"><ele>2885</ele></trkpt>
      <trkpt lat="43.683513" lon="88.453072"><ele>2880</ele></trkpt>
      <trkpt lat="43.683553" lon="88.453184"><ele>2879</ele></trkpt>
      <trkpt lat="43.683575" lon="88.453319"><ele>2878</ele></trkpt>
      <trkpt lat="43.683588" lon="88.453452"><ele>2876</ele></trkpt>
      <trkpt lat="43.68364" lon="88.453577"><ele>2873</ele></trkpt>
      <trkpt lat="43.683618" lon="88.453703"><ele>2872</ele></trkpt>
      <trkpt lat="43.68363" lon="88.453847"><ele>2868</ele></trkpt>
      <trkpt lat="43.683587" lon="88.45396"><ele>2869</ele></trkpt>
      <trkpt lat="43.683635" lon="88.454075"><ele>2865</ele></trkpt>
      <trkpt lat="43.683616" lon="88.454203"><ele>2865</ele></trkpt>
      <trkpt lat="43.68366" lon="88.454329"><ele>2862</ele></trkpt>
      <trkpt lat="43.683638" lon="88.454466"><ele>2861</ele></trkpt>
      <trkpt lat="43.683687" lon="88.454572"><ele>2859</ele></trkpt>
      <trkpt lat="43.683706" lon="88.454703"><ele>2858</ele></trkpt>
      <trkpt lat="43.683726" lon="88.454846"><ele>2856</ele></trkpt>
      <trkpt lat="43.683732" lon="88.454986"><ele>2854</ele></trkpt>
      <trkpt lat="43.683787" lon="88.455086"><ele>2853</ele></trkpt>
      <trkpt lat="43.683798" lon="88.45521"><ele>2851</ele></trkpt>
      <trkpt lat="43.683834" lon="88.455335"><ele>2850</ele></trkpt>
      <trkpt lat="43.683862" lon="88.455458"><ele>2848</ele></trkpt>
      <trkpt lat="43.683902" lon="88.455587"><ele>2846</ele></trkpt>
      <trkpt lat="43.683904" lon="88.455715"><ele>2845</ele></trkpt>
      <trkpt lat="43.683933" lon="88.455835"><ele>2842</ele></trkpt>
      <trkpt lat="43.683983" lon="88.455938"><ele>2837</ele></trkpt>
      <trkpt lat="43.683984" lon="88.456063"><ele>2837</ele></trkpt>
      <trkpt lat="43.684028" lon="88.456192"><ele>2834</ele></trkpt>
      <trkpt lat="43.68405" lon="88.456319"><ele>2831</ele></trkpt>
      <trkpt lat="43.684034" lon="88.456445"><ele>2832</ele></trkpt>
      <trkpt lat="43.684058" lon="88.456588"><ele>2827</ele></trkpt>
      <trkpt lat="43.684056" lon="88.456734"><ele>2827</ele></trkpt>
      <trkpt lat="43.684094" lon="88.456848"><ele>2825</ele></trkpt>
      <trkpt lat="43.684111" lon="88.457001"><ele>2823</ele></trkpt>
      <trkpt lat="43.684111" lon="88.457139"><ele>2821</ele></trkpt>
      <trkpt lat="43.684143" lon="88.457276"><ele>2818</ele></trkpt>
      <trkpt lat="43.684156" lon="88.457412"><ele>2815</ele></trkpt>
      <trkpt lat="43.684152" lon="88.457538"><ele>2813</ele></trkpt>
      <trkpt lat="43.684149" lon="88.457664"><ele>2812</ele></trkpt>
      <trkpt lat="43.68415" lon="88.457801"><ele>2811</ele></trkpt>
      <trkpt lat="43.684137" lon="88.457933"><ele>2805</ele></trkpt>
      <trkpt lat="43.684125" lon="88.458059"><ele>2806</ele></trkpt>
      <trkpt lat="43.684171" lon="88.458168"><ele>2806</ele></trkpt>
      <trkpt lat="43.684128" lon="88.458285"><ele>2807</ele></trkpt>
      <trkpt lat="43.684168" lon="88.458406"><ele>2805</ele></trkpt>
      <trkpt lat="43.684194" lon="88.458552"><ele>2801</ele></trkpt>
      <trkpt lat="43.684264" lon="88.458667"><ele>2799</ele></trkpt>
      <trkpt lat="43.684254" lon="88.45879"><ele>2795</ele></trkpt>
      <trkpt lat="43.684328" lon="88.458877"><ele>2794</ele></trkpt>
      <trkpt lat="43.684339" lon="88.459015"><ele>2793</ele></trkpt>
      <trkpt lat="43.684345" lon="88.459155"><ele>2791</ele></trkpt>
      <trkpt lat="43.684363" lon="88.459284"><ele>2790</ele></trkpt>
      <trkpt lat="43.68435" lon="88.459412"><ele>2788</ele></trkpt>
      <trkpt lat="43.684354" lon="88.459563"><ele>2783</ele></trkpt>
      <trkpt lat="43.684329" lon="88.459716"><ele>2783</ele></trkpt>
      <trkpt lat="43.68435" lon="88.459848"><ele>2782</ele></trkpt>
      <trkpt lat="43.684375" lon="88.459998"><ele>2780</ele></trkpt>
      <trkpt lat="43.684359" lon="88.460124"><ele>2779</ele></trkpt>
      <trkpt lat="43.684286" lon="88.460206"><ele>2778</ele></trkpt>
      <trkpt lat="43.684274" lon="88.460345"><ele>2775</ele></trkpt>
      <trkpt lat="43.684238" lon="88.460478"><ele>2774</ele></trkpt>
      <trkpt lat="43.68424" lon="88.460606"><ele>2774</ele></trkpt>
      <trkpt lat="43.684281" lon="88.460769"><ele>2772</ele></trkpt>
      <trkpt lat="43.684282" lon="88.460923"><ele>2769</ele></trkpt>
      <trkpt lat="43.684313" lon="88.461052"><ele>2766</ele></trkpt>
      <trkpt lat="43.684406" lon="88.461127"><ele>2763</ele></trkpt>
      <trkpt lat="43.684498" lon="88.461186"><ele>2764</ele></trkpt>
      <trkpt lat="43.684407" lon="88.461219"><ele>2763</ele></trkpt>
      <trkpt lat="43.684508" lon="88.461247"><ele>2766</ele></trkpt>
      <trkpt lat="43.684417" lon="88.461247"><ele>2766</ele></trkpt>
      <trkpt lat="43.684522" lon="88.461291"><ele>2766</ele></trkpt>
      <trkpt lat="43.684426" lon="88.461281"><ele>2768</ele></trkpt>
      <trkpt lat="43.684427" lon="88.461146"><ele>2767</ele></trkpt>
      <trkpt lat="43.684313" lon="88.461146"><ele>2766</ele></trkpt>
    </trkseg>
  </trk>
</gpx>
