{
  "type": "FeatureCollection",
  "features": [
    {
      "type": "Feature",
      "properties": {
        "name": "苍山玉带路参考轨迹",
        "type": "hiking",
        "source": "两步路用户轨迹",
        "segments": 1
      },
      "geometry": {
        "type": "LineString",
        "coordinates": [
          [
            100.146162,
            25.690778
          ],
          [
            100.146102,
            25.690853
          ],
          [
            100.146038,
            25.690923
          ],
          [
            100.145971,
            25.690994
          ],
          [
            100.145918,
            25.691074
          ],
          [
            100.145858,
            25.691163
          ],
          [
            100.145751,
            25.69113
          ],
          [
            100.145666,
            25.691071
          ],
          [
            100.145563,
            25.691034
          ],
          [
            100.145471,
            25.690985
          ],
          [
            100.14537,
            25.690955
          ],
          [
            100.145272,
            25.690927
          ],
          [
            100.14518,
            25.690885
          ],
          [
            100.145107,
            25.69082
          ],
          [
            100.145025,
            25.690751
          ],
          [
            100.14495,
            25.690686
          ],
          [
            100.144852,
            25.69066
          ],
          [
            100.144747,
            25.690622
          ],
          [
            100.144667,
            25.690567
          ],
          [
            100.144581,
            25.690493
          ],
          [
            100.144467,
            25.690467
          ],
          [
            100.144398,
            25.6904
          ],
          [
            100.144296,
            25.690384
          ],
          [
            100.144225,
            25.690311
          ],
          [
            100.144142,
            25.690246
          ],
          [
            100.144034,
            25.690228
          ],
          [
            100.14394,
            25.690195
          ],
          [
            100.143841,
            25.690165
          ],
          [
            100.143741,
            25.690137
          ],
          [
            100.143645,
            25.690096
          ],
          [
            100.143545,
            25.690095
          ],
          [
            100.143437,
            25.690067
          ],
          [
            100.143342,
            25.690027
          ],
          [
            100.143264,
            25.689961
          ],
          [
            100.143178,
            25.689898
          ],
          [
            100.14308,
            25.689866
          ],
          [
            100.14298,
            25.689852
          ],
          [
            100.142877,
            25.689849
          ],
          [
            100.142782,
            25.689806
          ],
          [
            100.142685,
            25.68977
          ],
          [
            100.142574,
            25.689766
          ],
          [
            100.142468,
            25.689799
          ],
          [
            100.14237,
            25.689823
          ],
          [
            100.142262,
            25.689842
          ],
          [
            100.142171,
            25.689792
          ],
          [
            100.142074,
            25.689822
          ],
          [
            100.141986,
            25.689878
          ],
          [
            100.141882,
            25.689889
          ],
          [
            100.14178,
            25.689915
          ],
          [
            100.141686,
            25.689886
          ],
          [
            100.141582,
            25.68987
          ],
          [
            100.1415,
            25.689927
          ],
          [
            100.141416,
            25.689996
          ],
          [
            100.141329,
            25.690046
          ],
          [
            100.141282,
            25.69014
          ],
          [
            100.141222,
            25.690219
          ],
          [
            100.141248,
            25.690312
          ],
          [
            100.141344,
            25.690344
          ],
          [
            100.141318,
            25.69044
          ],
          [
            100.141277,
            25.69053
          ],
          [
            100.141241,
            25.690615
          ],
          [
            100.141193,
            25.690704
          ],
          [
            100.141091,
            25.690726
          ],
          [
            100.140985,
            25.690703
          ],
          [
            100.140883,
            25.690711
          ],
          [
            100.140829,
            25.690787
          ],
          [
            100.140736,
            25.690751
          ],
          [
            100.140638,
            25.690783
          ],
          [
            100.140553,
            25.690832
          ],
          [
            100.140452,
            25.69083
          ],
          [
            100.140357,
            25.690858
          ],
          [
            100.14025,
            25.690859
          ],
          [
            100.140151,
            25.690841
          ],
          [
            100.140049,
            25.690825
          ],
          [
            100.139954,
            25.690797
          ],
          [
            100.139854,
            25.690785
          ],
          [
            100.139752,
            25.690773
          ],
          [
            100.139654,
            25.690755
          ],
          [
            100.139559,
            25.690713
          ],
          [
            100.139455,
            25.690709
          ],
          [
            100.139355,
            25.690683
          ],
          [
            100.13927,
            25.690624
          ],
          [
            100.13917,
            25.69065
          ],
          [
            100.139064,
            25.690612
          ],
          [
            100.138976,
            25.690564
          ],
          [
            100.138876,
            25.690554
          ],
          [
            100.138812,
            25.690471
          ],
          [
            100.138732,
            25.690417
          ],
          [
            100.138641,
            25.690373
          ],
          [
            100.138534,
            25.690374
          ],
          [
            100.138478,
            25.690295
          ],
          [
            100.138398,
            25.69023
          ],
          [
            100.138353,
            25.690147
          ],
          [
            100.138374,
            25.690057
          ],
          [
            100.138399,
            25.689966
          ],
          [
            100.138364,
            25.689878
          ],
          [
            100.138343,
            25.689788
          ],
          [
            100.138341,
            25.689693
          ],
          [
            100.138351,
            25.689601
          ],
          [
            100.138276,
            25.689534
          ],
          [
            100.13823,
            25.689454
          ],
          [
            100.138167,
            25.689381
          ],
          [
            100.138075,
            25.689339
          ],
          [
            100.137985,
            25.689293
          ],
          [
            100.137897,
            25.68925
          ],
          [
            100.137802,
            25.689217
          ],
          [
            100.137705,
            25.689184
          ],
          [
            100.137613,
            25.689147
          ],
          [
            100.137529,
            25.689099
          ],
          [
            100.137441,
            25.689054
          ],
          [
            100.137365,
            25.688988
          ],
          [
            100.137268,
            25.688955
          ],
          [
            100.137171,
            25.68892
          ],
          [
            100.13707,
            25.688893
          ],
          [
            100.136967,
            25.688916
          ],
          [
            100.136867,
            25.688922
          ],
          [
            100.136766,
            25.688931
          ],
          [
            100.136663,
            25.688905
          ],
          [
            100.136566,
            25.688883
          ],
          [
            100.136476,
            25.688841
          ],
          [
            100.136375,
            25.688809
          ],
          [
            100.1363,
            25.688748
          ],
          [
            100.136224,
            25.688683
          ],
          [
            100.136141,
            25.688627
          ],
          [
            100.13607,
            25.68856
          ],
          [
            100.136064,
            25.688465
          ],
          [
            100.135976,
            25.688407
          ],
          [
            100.135925,
            25.688328
          ],
          [
            100.135904,
            25.688237
          ],
          [
            100.135878,
            25.688145
          ],
          [
            100.135773,
            25.688153
          ],
          [
            100.135674,
            25.688163
          ],
          [
            100.135584,
            25.688114
          ],
          [
            100.135487,
            25.688087
          ],
          [
            100.135405,
            25.688015
          ],
          [
            100.135297,
            25.688003
          ],
          [
            100.135199,
            25.688037
          ],
          [
            100.135105,
            25.688072
          ],
          [
            100.135,
            25.688073
          ],
          [
            100.134903,
            25.688103
          ],
          [
            100.134841,
            25.688176
          ],
          [
            100.134751,
            25.688225
          ],
          [
            100.134693,
            25.688301
          ],
          [
            100.134657,
            25.688394
          ],
          [
            100.134614,
            25.688477
          ],
          [
            100.134551,
            25.688556
          ],
          [
            100.134495,
            25.688634
          ],
          [
            100.134442,
            25.688716
          ],
          [
            100.134364,
            25.688773
          ],
          [
            100.134276,
            25.688818
          ],
          [
            100.134171,
            25.688877
          ],
          [
            100.134082,
            25.688917
          ],
          [
            100.134,
            25.688972
          ],
          [
            100.133898,
            25.688992
          ],
          [
            100.13379,
            25.688979
          ],
          [
            100.13369,
            25.688983
          ],
          [
            100.133588,
            25.689
          ],
          [
            100.133491,
            25.689039
          ],
          [
            100.133394,
            25.689074
          ],
          [
            100.133335,
            25.689151
          ],
          [
            100.133245,
            25.689191
          ],
          [
            100.133162,
            25.689244
          ],
          [
            100.133063,
            25.689264
          ],
          [
            100.133046,
            25.689356
          ],
          [
            100.133004,
            25.689441
          ],
          [
            100.13294,
            25.68951
          ],
          [
            100.132906,
            25.689595
          ],
          [
            100.132801,
            25.689614
          ],
          [
            100.132707,
            25.68957
          ],
          [
            100.132603,
            25.689602
          ],
          [
            100.132502,
            25.689639
          ],
          [
            100.132443,
            25.689715
          ],
          [
            100.13236,
            25.689767
          ],
          [
            100.132263,
            25.689805
          ],
          [
            100.132163,
            25.689797
          ],
          [
            100.132057,
            25.689774
          ],
          [
            100.131963,
            25.689735
          ],
          [
            100.1319,
            25.689664
          ],
          [
            100.131806,
            25.689628
          ],
          [
            100.131708,
            25.689656
          ],
          [
            100.131606,
            25.689672
          ],
          [
            100.131507,
            25.689682
          ],
          [
            100.131408,
            25.689649
          ],
          [
            100.131323,
            25.689598
          ],
          [
            100.131227,
            25.689572
          ],
          [
            100.131127,
            25.689583
          ],
          [
            100.131027,
            25.689596
          ],
          [
            100.130935,
            25.689635
          ],
          [
            100.130842,
            25.6896
          ],
          [
            100.130771,
            25.689535
          ],
          [
            100.13067,
            25.689553
          ],
          [
            100.130572,
            25.689525
          ],
          [
            100.130579,
            25.689432
          ],
          [
            100.130619,
            25.689348
          ],
          [
            100.130674,
            25.68927
          ],
          [
            100.130733,
            25.689189
          ],
          [
            100.130734,
            25.689094
          ],
          [
            100.130768,
            25.689008
          ],
          [
            100.130746,
            25.688915
          ],
          [
            100.130652,
            25.688866
          ],
          [
            100.130603,
            25.688776
          ],
          [
            100.130502,
            25.688819
          ],
          [
            100.130455,
            25.688739
          ],
          [
            100.130501,
            25.688656
          ],
          [
            100.130415,
            25.688608
          ],
          [
            100.130366,
            25.688529
          ],
          [
            100.130274,
            25.688494
          ],
          [
            100.130195,
            25.688433
          ],
          [
            100.13014,
            25.688357
          ],
          [
            100.130049,
            25.688316
          ],
          [
            100.129979,
            25.688248
          ],
          [
            100.129978,
            25.688149
          ],
          [
            100.129901,
            25.68809
          ],
          [
            100.129813,
            25.688039
          ],
          [
            100.129767,
            25.687948
          ],
          [
            100.129788,
            25.687853
          ],
          [
            100.129773,
            25.687761
          ],
          [
            100.129821,
            25.687678
          ],
          [
            100.129884,
            25.687598
          ],
          [
            100.129982,
            25.687621
          ],
          [
            100.130085,
            25.687643
          ],
          [
            100.130181,
            25.687681
          ],
          [
            100.130276,
            25.687711
          ],
          [
            100.130379,
            25.687699
          ],
          [
            100.130463,
            25.687648
          ],
          [
            100.130536,
            25.687585
          ],
          [
            100.13055,
            25.687493
          ],
          [
            100.130579,
            25.687405
          ],
          [
            100.130648,
            25.687335
          ],
          [
            100.130616,
            25.687242
          ],
          [
            100.130614,
            25.68715
          ],
          [
            100.130644,
            25.687059
          ],
          [
            100.130702,
            25.686967
          ],
          [
            100.130747,
            25.686883
          ],
          [
            100.130813,
            25.686812
          ],
          [
            100.130902,
            25.686755
          ],
          [
            100.130985,
            25.686808
          ],
          [
            100.131033,
            25.686725
          ],
          [
            100.131075,
            25.686617
          ],
          [
            100.131101,
            25.686748
          ],
          [
            100.130961,
            25.686753
          ],
          [
            100.131035,
            25.686689
          ],
          [
            100.130939,
            25.686639
          ],
          [
            100.130848,
            25.686595
          ],
          [
            100.130741,
            25.686583
          ],
          [
            100.130627,
            25.686608
          ],
          [
            100.130549,
            25.686666
          ],
          [
            100.130462,
            25.686713
          ],
          [
            100.130386,
            25.686798
          ],
          [
            100.13039,
            25.68689
          ],
          [
            100.130333,
            25.686967
          ],
          [
            100.130241,
            25.68702
          ],
          [
            100.130161,
            25.687075
          ],
          [
            100.130137,
            25.687196
          ],
          [
            100.129787,
            25.687161
          ],
          [
            100.129858,
            25.687066
          ],
          [
            100.130225,
            25.686983
          ],
          [
            100.130324,
            25.686929
          ],
          [
            100.130386,
            25.686856
          ],
          [
            100.130381,
            25.686761
          ],
          [
            100.130441,
            25.686683
          ],
          [
            100.130545,
            25.686664
          ],
          [
            100.130621,
            25.686603
          ],
          [
            100.13071,
            25.686552
          ],
          [
            100.130811,
            25.686566
          ],
          [
            100.130665,
            25.686507
          ],
          [
            100.130565,
            25.686492
          ],
          [
            100.130475,
            25.686445
          ],
          [
            100.13038,
            25.686412
          ],
          [
            100.13028,
            25.686408
          ],
          [
            100.130228,
            25.686331
          ],
          [
            100.13025,
            25.686232
          ],
          [
            100.130228,
            25.686141
          ],
          [
            100.130139,
            25.686078
          ],
          [
            100.130046,
            25.686023
          ],
          [
            100.130045,
            25.685931
          ],
          [
            100.130113,
            25.685857
          ],
          [
            100.130107,
            25.685762
          ],
          [
            100.130133,
            25.68567
          ],
          [
            100.130179,
            25.685581
          ],
          [
            100.13022,
            25.685498
          ],
          [
            100.13026,
            25.685412
          ],
          [
            100.130317,
            25.685329
          ],
          [
            100.130387,
            25.685239
          ],
          [
            100.130436,
            25.685146
          ],
          [
            100.130411,
            25.685054
          ],
          [
            100.130466,
            25.684968
          ],
          [
            100.130526,
            25.684891
          ],
          [
            100.130565,
            25.684806
          ],
          [
            100.130627,
            25.684734
          ],
          [
            100.130654,
            25.684639
          ],
          [
            100.130651,
            25.684537
          ],
          [
            100.130641,
            25.684437
          ],
          [
            100.130718,
            25.684365
          ],
          [
            100.13081,
            25.684311
          ],
          [
            100.130878,
            25.684243
          ],
          [
            100.130965,
            25.684179
          ],
          [
            100.131021,
            25.684104
          ],
          [
            100.131027,
            25.684002
          ],
          [
            100.131076,
            25.683917
          ],
          [
            100.131078,
            25.683825
          ],
          [
            100.13105,
            25.683735
          ],
          [
            100.130986,
            25.683655
          ],
          [
            100.130928,
            25.683579
          ],
          [
            100.130949,
            25.683478
          ],
          [
            100.130982,
            25.683393
          ],
          [
            100.131043,
            25.683317
          ],
          [
            100.131097,
            25.683229
          ],
          [
            100.131129,
            25.683137
          ],
          [
            100.131146,
            25.683045
          ],
          [
            100.131169,
            25.682954
          ],
          [
            100.131199,
            25.682866
          ],
          [
            100.131266,
            25.682783
          ],
          [
            100.131304,
            25.682689
          ],
          [
            100.131344,
            25.682595
          ],
          [
            100.131352,
            25.682504
          ],
          [
            100.131294,
            25.68243
          ],
          [
            100.13129,
            25.682337
          ],
          [
            100.131207,
            25.682281
          ],
          [
            100.131108,
            25.682269
          ],
          [
            100.131014,
            25.682233
          ],
          [
            100.131024,
            25.682138
          ],
          [
            100.130922,
            25.682116
          ],
          [
            100.13081,
            25.682194
          ],
          [
            100.130711,
            25.68221
          ],
          [
            100.130605,
            25.682198
          ],
          [
            100.130574,
            25.682111
          ],
          [
            100.130533,
            25.68202
          ],
          [
            100.13044,
            25.681973
          ],
          [
            100.130378,
            25.681902
          ],
          [
            100.130289,
            25.681861
          ],
          [
            100.130209,
            25.681806
          ],
          [
            100.130101,
            25.681814
          ],
          [
            100.129997,
            25.681835
          ],
          [
            100.129986,
            25.681741
          ],
          [
            100.129916,
            25.681659
          ],
          [
            100.12981,
            25.681629
          ],
          [
            100.129742,
            25.681559
          ],
          [
            100.12965,
            25.681502
          ],
          [
            100.129555,
            25.681472
          ],
          [
            100.129458,
            25.681423
          ],
          [
            100.129352,
            25.681399
          ],
          [
            100.129257,
            25.681367
          ],
          [
            100.129175,
            25.681311
          ],
          [
            100.129108,
            25.681234
          ],
          [
            100.129043,
            25.681156
          ],
          [
            100.129117,
            25.681078
          ],
          [
            100.129223,
            25.681083
          ],
          [
            100.12931,
            25.681132
          ],
          [
            100.129402,
            25.681174
          ],
          [
            100.129492,
            25.681218
          ],
          [
            100.129601,
            25.681223
          ],
          [
            100.129701,
            25.68125
          ],
          [
            100.129789,
            25.681301
          ],
          [
            100.129897,
            25.681291
          ],
          [
            100.12999,
            25.68133
          ],
          [
            100.130097,
            25.681338
          ],
          [
            100.130198,
            25.681349
          ],
          [
            100.130282,
            25.681406
          ],
          [
            100.130373,
            25.681361
          ],
          [
            100.13047,
            25.681382
          ],
          [
            100.13052,
            25.681461
          ],
          [
            100.130607,
            25.6814
          ],
          [
            100.130698,
            25.681351
          ],
          [
            100.130744,
            25.681268
          ],
          [
            100.130788,
            25.681178
          ],
          [
            100.130861,
            25.681112
          ],
          [
            100.130965,
            25.681082
          ],
          [
            100.131075,
            25.681087
          ],
          [
            100.131168,
            25.681136
          ],
          [
            100.131233,
            25.68121
          ],
          [
            100.131289,
            25.681296
          ],
          [
            100.131393,
            25.681318
          ],
          [
            100.131489,
            25.681289
          ],
          [
            100.131584,
            25.681336
          ],
          [
            100.131641,
            25.681416
          ],
          [
            100.131695,
            25.681506
          ],
          [
            100.131797,
            25.68154
          ],
          [
            100.131892,
            25.681582
          ],
          [
            100.131982,
            25.681535
          ],
          [
            100.13203,
            25.681445
          ],
          [
            100.132029,
            25.681348
          ],
          [
            100.132032,
            25.681257
          ],
          [
            100.132054,
            25.681161
          ],
          [
            100.132106,
            25.681082
          ],
          [
            100.13216,
            25.680996
          ],
          [
            100.132202,
            25.680912
          ],
          [
            100.132246,
            25.680828
          ],
          [
            100.132314,
            25.680756
          ],
          [
            100.132362,
            25.680677
          ],
          [
            100.132425,
            25.680592
          ],
          [
            100.13249,
            25.680522
          ],
          [
            100.132553,
            25.680444
          ],
          [
            100.132618,
            25.680371
          ],
          [
            100.132685,
            25.680299
          ],
          [
            100.132773,
            25.680245
          ],
          [
            100.132872,
            25.680229
          ],
          [
            100.132966,
            25.68019
          ],
          [
            100.133064,
            25.680169
          ],
          [
            100.133174,
            25.680159
          ],
          [
            100.133273,
            25.680145
          ],
          [
            100.133353,
            25.680082
          ],
          [
            100.133428,
            25.680017
          ],
          [
            100.133514,
            25.679958
          ],
          [
            100.133567,
            25.679877
          ],
          [
            100.133626,
            25.679793
          ],
          [
            100.133678,
            25.679714
          ],
          [
            100.133733,
            25.679632
          ],
          [
            100.1338,
            25.679559
          ],
          [
            100.133856,
            25.679478
          ],
          [
            100.13391,
            25.679395
          ],
          [
            100.133927,
            25.679305
          ],
          [
            100.133962,
            25.679217
          ],
          [
            100.134022,
            25.679143
          ],
          [
            100.134094,
            25.679076
          ],
          [
            100.134131,
            25.678991
          ],
          [
            100.134171,
            25.678907
          ],
          [
            100.13423,
            25.678817
          ],
          [
            100.134287,
            25.678733
          ],
          [
            100.134305,
            25.678641
          ],
          [
            100.134356,
            25.678554
          ],
          [
            100.134407,
            25.678474
          ],
          [
            100.134449,
            25.678384
          ],
          [
            100.134468,
            25.678295
          ],
          [
            100.134443,
            25.678197
          ],
          [
            100.13445,
            25.678104
          ],
          [
            100.134478,
            25.678009
          ],
          [
            100.134523,
            25.677914
          ],
          [
            100.13454,
            25.67782
          ],
          [
            100.134539,
            25.677723
          ],
          [
            100.134557,
            25.677628
          ],
          [
            100.134594,
            25.67754
          ],
          [
            100.134623,
            25.677453
          ],
          [
            100.134639,
            25.67736
          ],
          [
            100.13461,
            25.677271
          ],
          [
            100.13465,
            25.677181
          ],
          [
            100.134693,
            25.6771
          ],
          [
            100.134739,
            25.677015
          ],
          [
            100.134793,
            25.676923
          ],
          [
            100.134856,
            25.676849
          ],
          [
            100.13493,
            25.676779
          ],
          [
            100.134999,
            25.67671
          ],
          [
            100.135078,
            25.676646
          ],
          [
            100.135145,
            25.676577
          ],
          [
            100.13521,
            25.676498
          ],
          [
            100.135295,
            25.676445
          ],
          [
            100.13538,
            25.676375
          ],
          [
            100.135436,
            25.676293
          ],
          [
            100.135473,
            25.676205
          ],
          [
            100.135516,
            25.676117
          ],
          [
            100.13556,
            25.676029
          ],
          [
            100.135593,
            25.675941
          ],
          [
            100.135616,
            25.675843
          ],
          [
            100.135654,
            25.675751
          ],
          [
            100.135671,
            25.675655
          ],
          [
            100.13568,
            25.675556
          ],
          [
            100.135716,
            25.675462
          ],
          [
            100.135711,
            25.67537
          ],
          [
            100.135647,
            25.675299
          ],
          [
            100.135579,
            25.67523
          ],
          [
            100.135526,
            25.675142
          ],
          [
            100.135523,
            25.675046
          ],
          [
            100.13555,
            25.67495
          ],
          [
            100.135593,
            25.674857
          ],
          [
            100.135639,
            25.674767
          ],
          [
            100.13565,
            25.674676
          ],
          [
            100.135553,
            25.674654
          ],
          [
            100.1355,
            25.674654
          ],
          [
            100.135538,
            25.67468
          ],
          [
            100.135473,
            25.674609
          ],
          [
            100.135372,
            25.67458
          ],
          [
            100.135287,
            25.674519
          ],
          [
            100.135235,
            25.67444
          ],
          [
            100.135139,
            25.674409
          ],
          [
            100.135033,
            25.674386
          ],
          [
            100.134959,
            25.674319
          ],
          [
            100.134887,
            25.674246
          ],
          [
            100.13478,
            25.674234
          ],
          [
            100.134684,
            25.674262
          ],
          [
            100.134634,
            25.674341
          ],
          [
            100.134539,
            25.674386
          ],
          [
            100.134439,
            25.674418
          ],
          [
            100.134372,
            25.674345
          ],
          [
            100.134351,
            25.674242
          ],
          [
            100.134312,
            25.674155
          ],
          [
            100.134259,
            25.674073
          ],
          [
            100.134162,
            25.674048
          ],
          [
            100.1341,
            25.673975
          ],
          [
            100.134064,
            25.673868
          ],
          [
            100.134041,
            25.673773
          ],
          [
            100.133972,
            25.673699
          ],
          [
            100.133939,
            25.673604
          ],
          [
            100.133923,
            25.67351
          ],
          [
            100.133843,
            25.673453
          ],
          [
            100.133731,
            25.673441
          ],
          [
            100.133634,
            25.673486
          ],
          [
            100.133547,
            25.673546
          ],
          [
            100.133458,
            25.673588
          ],
          [
            100.133366,
            25.673645
          ],
          [
            100.133267,
            25.673665
          ],
          [
            100.133162,
            25.673674
          ],
          [
            100.133054,
            25.673692
          ],
          [
            100.132953,
            25.673701
          ],
          [
            100.132873,
            25.673755
          ],
          [
            100.13277,
            25.673792
          ],
          [
            100.13267,
            25.673839
          ],
          [
            100.132562,
            25.673847
          ],
          [
            100.132467,
            25.673879
          ],
          [
            100.132368,
            25.673863
          ],
          [
            100.132359,
            25.673772
          ],
          [
            100.132317,
            25.67369
          ],
          [
            100.132313,
            25.673597
          ],
          [
            100.132309,
            25.673503
          ],
          [
            100.132317,
            25.673404
          ],
          [
            100.13224,
            25.673342
          ],
          [
            100.13216,
            25.673273
          ],
          [
            100.132068,
            25.67322
          ],
          [
            100.131953,
            25.673212
          ],
          [
            100.131845,
            25.673179
          ],
          [
            100.131735,
            25.673195
          ],
          [
            100.131647,
            25.673248
          ],
          [
            100.131547,
            25.673202
          ],
          [
            100.131515,
            25.673111
          ],
          [
            100.131523,
            25.673019
          ],
          [
            100.131473,
            25.672937
          ],
          [
            100.131404,
            25.672864
          ],
          [
            100.131337,
            25.672798
          ],
          [
            100.131269,
            25.672718
          ],
          [
            100.131201,
            25.672652
          ],
          [
            100.131178,
            25.672555
          ],
          [
            100.131277,
            25.672522
          ],
          [
            100.131375,
            25.672484
          ],
          [
            100.131477,
            25.672463
          ],
          [
            100.131576,
            25.672497
          ],
          [
            100.131636,
            25.672422
          ],
          [
            100.131741,
            25.672378
          ],
          [
            100.131838,
            25.672426
          ],
          [
            100.131833,
            25.672516
          ],
          [
            100.13182,
            25.672612
          ],
          [
            100.131849,
            25.672705
          ],
          [
            100.131934,
            25.672763
          ],
          [
            100.132046,
            25.672766
          ],
          [
            100.132171,
            25.672786
          ],
          [
            100.132269,
            25.67275
          ],
          [
            100.132341,
            25.672672
          ],
          [
            100.132416,
            25.672603
          ],
          [
            100.1325,
            25.672555
          ],
          [
            100.132549,
            25.672469
          ],
          [
            100.132614,
            25.672388
          ],
          [
            100.132687,
            25.672324
          ],
          [
            100.132783,
            25.672279
          ],
          [
            100.132871,
            25.672234
          ],
          [
            100.132976,
            25.672192
          ],
          [
            100.133057,
            25.672123
          ],
          [
            100.133114,
            25.672048
          ],
          [
            100.133196,
            25.671993
          ],
          [
            100.133264,
            25.671924
          ],
          [
            100.133348,
            25.671874
          ],
          [
            100.133427,
            25.671816
          ],
          [
            100.133479,
            25.671728
          ],
          [
            100.133559,
            25.671674
          ],
          [
            100.133646,
            25.671625
          ],
          [
            100.133726,
            25.671569
          ],
          [
            100.133835,
            25.67159
          ],
          [
            100.133933,
            25.671613
          ],
          [
            100.134034,
            25.671631
          ],
          [
            100.134135,
            25.671602
          ],
          [
            100.134233,
            25.671572
          ],
          [
            100.134345,
            25.671579
          ],
          [
            100.13441,
            25.671648
          ],
          [
            100.134456,
            25.671729
          ],
          [
            100.134557,
            25.671701
          ],
          [
            100.13465,
            25.671653
          ],
          [
            100.134729,
            25.671593
          ],
          [
            100.134829,
            25.671558
          ],
          [
            100.13494,
            25.671533
          ],
          [
            100.135043,
            25.671515
          ],
          [
            100.135123,
            25.671458
          ],
          [
            100.135223,
            25.671459
          ],
          [
            100.135308,
            25.671519
          ],
          [
            100.135405,
            25.671546
          ],
          [
            100.135454,
            25.671625
          ],
          [
            100.135418,
            25.671717
          ],
          [
            100.13541,
            25.671816
          ],
          [
            100.135455,
            25.671901
          ],
          [
            100.135556,
            25.671914
          ],
          [
            100.135643,
            25.671867
          ],
          [
            100.135743,
            25.671865
          ],
          [
            100.135777,
            25.671962
          ],
          [
            100.135852,
            25.672035
          ],
          [
            100.135937,
            25.671982
          ],
          [
            100.136032,
            25.672023
          ],
          [
            100.136032,
            25.672131
          ],
          [
            100.136051,
            25.672231
          ],
          [
            100.136113,
            25.67231
          ],
          [
            100.136128,
            25.672404
          ],
          [
            100.136119,
            25.672496
          ],
          [
            100.136111,
            25.672589
          ],
          [
            100.136112,
            25.672686
          ],
          [
            100.136122,
            25.67278
          ],
          [
            100.136231,
            25.672786
          ],
          [
            100.136315,
            25.672733
          ],
          [
            100.136386,
            25.672656
          ],
          [
            100.136428,
            25.67257
          ],
          [
            100.136501,
            25.672503
          ],
          [
            100.13656,
            25.672431
          ],
          [
            100.136636,
            25.672364
          ],
          [
            100.136675,
            25.672276
          ],
          [
            100.136715,
            25.672193
          ],
          [
            100.136781,
            25.672114
          ],
          [
            100.136866,
            25.67205
          ],
          [
            100.136935,
            25.671977
          ],
          [
            100.137001,
            25.671907
          ],
          [
            100.13706,
            25.671832
          ],
          [
            100.137111,
            25.671745
          ],
          [
            100.137194,
            25.671693
          ],
          [
            100.137304,
            25.671679
          ],
          [
            100.1374,
            25.671703
          ],
          [
            100.137496,
            25.671727
          ],
          [
            100.137584,
            25.671684
          ],
          [
            100.137653,
            25.671617
          ],
          [
            100.137691,
            25.671532
          ],
          [
            100.137739,
            25.671444
          ],
          [
            100.137842,
            25.671418
          ],
          [
            100.137945,
            25.671402
          ],
          [
            100.138005,
            25.671322
          ],
          [
            100.138075,
            25.671248
          ],
          [
            100.13816,
            25.671182
          ],
          [
            100.138267,
            25.671212
          ],
          [
            100.138274,
            25.67106
          ],
          [
            100.138177,
            25.671105
          ],
          [
            100.138318,
            25.671078
          ],
          [
            100.138421,
            25.671044
          ],
          [
            100.138477,
            25.670967
          ],
          [
            100.138571,
            25.670924
          ],
          [
            100.138664,
            25.670883
          ],
          [
            100.13877,
            25.670853
          ],
          [
            100.138877,
            25.670821
          ],
          [
            100.138952,
            25.670759
          ],
          [
            100.139052,
            25.670721
          ],
          [
            100.139157,
            25.670693
          ],
          [
            100.139246,
            25.67065
          ],
          [
            100.139324,
            25.670591
          ],
          [
            100.139423,
            25.670557
          ],
          [
            100.13952,
            25.67052
          ],
          [
            100.139621,
            25.670486
          ],
          [
            100.139732,
            25.67046
          ],
          [
            100.139814,
            25.670407
          ],
          [
            100.139837,
            25.670317
          ],
          [
            100.139867,
            25.670222
          ],
          [
            100.139938,
            25.670154
          ],
          [
            100.139966,
            25.670067
          ],
          [
            100.140009,
            25.669982
          ],
          [
            100.14004,
            25.669885
          ],
          [
            100.1401,
            25.669801
          ],
          [
            100.140172,
            25.669733
          ],
          [
            100.14026,
            25.66969
          ],
          [
            100.140321,
            25.669607
          ],
          [
            100.140359,
            25.669523
          ],
          [
            100.140405,
            25.669436
          ],
          [
            100.140471,
            25.669357
          ],
          [
            100.140506,
            25.669265
          ],
          [
            100.140532,
            25.669172
          ],
          [
            100.140559,
            25.669071
          ],
          [
            100.140587,
            25.668974
          ],
          [
            100.140602,
            25.668877
          ],
          [
            100.140615,
            25.668781
          ],
          [
            100.140617,
            25.668683
          ],
          [
            100.140603,
            25.668585
          ],
          [
            100.140587,
            25.668483
          ],
          [
            100.140611,
            25.668388
          ],
          [
            100.140608,
            25.668295
          ],
          [
            100.140637,
            25.668182
          ],
          [
            100.140626,
            25.668072
          ],
          [
            100.140607,
            25.667973
          ],
          [
            100.140609,
            25.667878
          ],
          [
            100.140629,
            25.66778
          ],
          [
            100.140613,
            25.667684
          ],
          [
            100.1406,
            25.667585
          ],
          [
            100.140596,
            25.667493
          ],
          [
            100.140597,
            25.667394
          ],
          [
            100.140563,
            25.667299
          ],
          [
            100.1405,
            25.667211
          ],
          [
            100.140429,
            25.667137
          ],
          [
            100.140367,
            25.667062
          ],
          [
            100.140278,
            25.667011
          ],
          [
            100.140174,
            25.666994
          ],
          [
            100.140073,
            25.666973
          ],
          [
            100.140006,
            25.666895
          ],
          [
            100.139977,
            25.666794
          ],
          [
            100.13991,
            25.666723
          ],
          [
            100.139797,
            25.666721
          ],
          [
            100.139731,
            25.666639
          ],
          [
            100.139713,
            25.666538
          ],
          [
            100.139719,
            25.666442
          ],
          [
            100.139681,
            25.666347
          ],
          [
            100.139682,
            25.66625
          ],
          [
            100.13969,
            25.66615
          ],
          [
            100.139624,
            25.666075
          ],
          [
            100.139516,
            25.666046
          ],
          [
            100.139417,
            25.666009
          ],
          [
            100.139359,
            25.665926
          ],
          [
            100.139341,
            25.665834
          ],
          [
            100.13928,
            25.665761
          ],
          [
            100.139194,
            25.665704
          ],
          [
            100.139093,
            25.665736
          ],
          [
            100.138997,
            25.665699
          ],
          [
            100.13889,
            25.665681
          ],
          [
            100.138788,
            25.66571
          ],
          [
            100.138741,
            25.665621
          ],
          [
            100.138756,
            25.665524
          ],
          [
            100.13875,
            25.665419
          ],
          [
            100.138715,
            25.665323
          ],
          [
            100.138753,
            25.665235
          ],
          [
            100.138756,
            25.66514
          ],
          [
            100.138712,
            25.665053
          ],
          [
            100.138619,
            25.664994
          ],
          [
            100.138536,
            25.665048
          ],
          [
            100.138455,
            25.66511
          ],
          [
            100.138438,
            25.665009
          ],
          [
            100.138434,
            25.664915
          ],
          [
            100.13838,
            25.664829
          ],
          [
            100.138338,
            25.664743
          ],
          [
            100.138257,
            25.664682
          ],
          [
            100.138141,
            25.66466
          ],
          [
            100.138082,
            25.664586
          ],
          [
            100.138107,
            25.664489
          ],
          [
            100.138107,
            25.66439
          ],
          [
            100.138115,
            25.664289
          ],
          [
            100.138132,
            25.664195
          ],
          [
            100.138057,
            25.664131
          ],
          [
            100.13795,
            25.664144
          ],
          [
            100.137889,
            25.664063
          ],
          [
            100.137794,
            25.664032
          ],
          [
            100.137686,
            25.663998
          ],
          [
            100.137659,
            25.663905
          ],
          [
            100.137638,
            25.663807
          ],
          [
            100.137663,
            25.663714
          ],
          [
            100.137596,
            25.663647
          ],
          [
            100.137541,
            25.663571
          ],
          [
            100.137503,
            25.663486
          ],
          [
            100.137451,
            25.663395
          ],
          [
            100.137408,
            25.663304
          ],
          [
            100.137378,
            25.663214
          ],
          [
            100.137356,
            25.663114
          ],
          [
            100.137281,
            25.663044
          ],
          [
            100.137203,
            25.662982
          ],
          [
            100.137103,
            25.662992
          ],
          [
            100.137034,
            25.66306
          ],
          [
            100.136935,
            25.663091
          ],
          [
            100.13684,
            25.663138
          ],
          [
            100.136749,
            25.663196
          ],
          [
            100.136678,
            25.663265
          ],
          [
            100.136603,
            25.663325
          ],
          [
            100.13655,
            25.663404
          ],
          [
            100.136524,
            25.663502
          ],
          [
            100.136417,
            25.663504
          ],
          [
            100.136327,
            25.663549
          ],
          [
            100.136224,
            25.663574
          ],
          [
            100.136138,
            25.66351
          ],
          [
            100.13608,
            25.663434
          ],
          [
            100.136028,
            25.663351
          ],
          [
            100.136018,
            25.663259
          ],
          [
            100.135972,
            25.663177
          ],
          [
            100.13594,
            25.663091
          ],
          [
            100.135901,
            25.662997
          ],
          [
            100.135801,
            25.662972
          ],
          [
            100.135693,
            25.662952
          ],
          [
            100.135596,
            25.662916
          ],
          [
            100.135511,
            25.662863
          ],
          [
            100.135435,
            25.662798
          ],
          [
            100.135369,
            25.66273
          ],
          [
            100.135276,
            25.662678
          ],
          [
            100.135233,
            25.662586
          ],
          [
            100.135155,
            25.662511
          ],
          [
            100.135114,
            25.662424
          ],
          [
            100.135048,
            25.662349
          ],
          [
            100.134994,
            25.662266
          ],
          [
            100.134957,
            25.662173
          ],
          [
            100.134914,
            25.662091
          ],
          [
            100.134851,
            25.662014
          ],
          [
            100.134829,
            25.661911
          ],
          [
            100.13477,
            25.661829
          ],
          [
            100.134714,
            25.661744
          ],
          [
            100.134625,
            25.661697
          ],
          [
            100.134559,
            25.661626
          ],
          [
            100.134481,
            25.661563
          ],
          [
            100.134381,
            25.661512
          ],
          [
            100.134267,
            25.661519
          ],
          [
            100.134169,
            25.661543
          ],
          [
            100.134055,
            25.661545
          ],
          [
            100.133943,
            25.661531
          ],
          [
            100.133844,
            25.661486
          ],
          [
            100.133759,
            25.661429
          ],
          [
            100.133679,
            25.661374
          ],
          [
            100.133575,
            25.661343
          ],
          [
            100.133489,
            25.661393
          ],
          [
            100.133405,
            25.66134
          ],
          [
            100.133347,
            25.661249
          ],
          [
            100.133255,
            25.661201
          ],
          [
            100.133161,
            25.661166
          ],
          [
            100.133057,
            25.661148
          ],
          [
            100.13295,
            25.661108
          ],
          [
            100.132841,
            25.66112
          ],
          [
            100.132753,
            25.661075
          ],
          [
            100.132698,
            25.660992
          ],
          [
            100.132707,
            25.660898
          ],
          [
            100.132709,
            25.660806
          ],
          [
            100.132631,
            25.660736
          ],
          [
            100.132569,
            25.660655
          ],
          [
            100.132487,
            25.6606
          ],
          [
            100.132405,
            25.660534
          ],
          [
            100.132371,
            25.660439
          ],
          [
            100.132332,
            25.660353
          ],
          [
            100.132411,
            25.660291
          ],
          [
            100.132511,
            25.660294
          ],
          [
            100.132612,
            25.660318
          ],
          [
            100.132717,
            25.660351
          ],
          [
            100.132818,
            25.660379
          ],
          [
            100.132932,
            25.660381
          ],
          [
            100.133044,
            25.660364
          ],
          [
            100.132996,
            25.660449
          ],
          [
            100.133076,
            25.660394
          ],
          [
            100.132969,
            25.660388
          ],
          [
            100.132856,
            25.660379
          ],
          [
            100.132753,
            25.660353
          ],
          [
            100.132645,
            25.660332
          ],
          [
            100.132541,
            25.660309
          ],
          [
            100.132445,
            25.660344
          ],
          [
            100.132414,
            25.660432
          ],
          [
            100.132403,
            25.660525
          ],
          [
            100.132483,
            25.660597
          ],
          [
            100.132568,
            25.660648
          ],
          [
            100.132474,
            25.660613
          ],
          [
            100.132429,
            25.660522
          ],
          [
            100.132395,
            25.660433
          ],
          [
            100.132322,
            25.660357
          ],
          [
            100.132319,
            25.660452
          ],
          [
            100.132226,
            25.660494
          ],
          [
            100.132126,
            25.660492
          ],
          [
            100.132022,
            25.66046
          ],
          [
            100.131923,
            25.660449
          ],
          [
            100.131817,
            25.660459
          ],
          [
            100.131714,
            25.660469
          ],
          [
            100.131612,
            25.660482
          ],
          [
            100.131511,
            25.660467
          ],
          [
            100.131412,
            25.660444
          ],
          [
            100.13131,
            25.660441
          ],
          [
            100.131215,
            25.660395
          ],
          [
            100.131126,
            25.660336
          ],
          [
            100.131036,
            25.660312
          ],
          [
            100.130957,
            25.660247
          ],
          [
            100.130861,
            25.660282
          ],
          [
            100.130758,
            25.660276
          ],
          [
            100.130646,
            25.660286
          ],
          [
            100.130558,
            25.660234
          ],
          [
            100.130479,
            25.660298
          ],
          [
            100.130376,
            25.660297
          ],
          [
            100.130278,
            25.660321
          ],
          [
            100.130183,
            25.660293
          ],
          [
            100.130109,
            25.660223
          ],
          [
            100.130017,
            25.660189
          ],
          [
            100.130115,
            25.660207
          ],
          [
            100.130036,
            25.660266
          ],
          [
            100.12994,
            25.6603
          ],
          [
            100.12986,
            25.660241
          ],
          [
            100.129895,
            25.660331
          ],
          [
            100.129822,
            25.660395
          ],
          [
            100.129732,
            25.660437
          ],
          [
            100.129619,
            25.6604
          ],
          [
            100.129717,
            25.660383
          ],
          [
            100.129805,
            25.660434
          ],
          [
            100.129843,
            25.66035
          ],
          [
            100.129828,
            25.660254
          ],
          [
            100.129921,
            25.660289
          ],
          [
            100.130026,
            25.660256
          ],
          [
            100.13013,
            25.660264
          ],
          [
            100.13023,
            25.66029
          ],
          [
            100.130331,
            25.660274
          ],
          [
            100.130431,
            25.660262
          ],
          [
            100.130522,
            25.660226
          ],
          [
            100.130612,
            25.660266
          ],
          [
            100.130722,
            25.66026
          ],
          [
            100.130811,
            25.660219
          ],
          [
            100.130915,
            25.660213
          ],
          [
            100.131014,
            25.66024
          ],
          [
            100.131107,
            25.66029
          ],
          [
            100.131189,
            25.660356
          ],
          [
            100.131254,
            25.660425
          ],
          [
            100.131356,
            25.660433
          ],
          [
            100.131459,
            25.66043
          ],
          [
            100.131551,
            25.660469
          ],
          [
            100.13165,
            25.660484
          ],
          [
            100.131756,
            25.660472
          ],
          [
            100.131859,
            25.660474
          ],
          [
            100.131978,
            25.66046
          ],
          [
            100.132155,
            25.660521
          ],
          [
            100.132244,
            25.660475
          ],
          [
            100.132313,
            25.660407
          ],
          [
            100.132391,
            25.66035
          ],
          [
            100.132481,
            25.660309
          ],
          [
            100.132594,
            25.660338
          ],
          [
            100.132696,
            25.660365
          ],
          [
            100.132789,
            25.660401
          ],
          [
            100.132893,
            25.660393
          ],
          [
            100.133009,
            25.660385
          ],
          [
            100.133113,
            25.660394
          ],
          [
            100.13319,
            25.660469
          ],
          [
            100.133245,
            25.660547
          ],
          [
            100.133344,
            25.660587
          ],
          [
            100.133446,
            25.660576
          ],
          [
            100.133558,
            25.660591
          ],
          [
            100.133664,
            25.660557
          ],
          [
            100.133776,
            25.660573
          ],
          [
            100.133877,
            25.660549
          ],
          [
            100.133959,
            25.660486
          ],
          [
            100.134027,
            25.660414
          ],
          [
            100.134127,
            25.660413
          ],
          [
            100.134167,
            25.6605
          ],
          [
            100.134221,
            25.660578
          ],
          [
            100.134312,
            25.660616
          ],
          [
            100.134424,
            25.660632
          ],
          [
            100.13453,
            25.660674
          ],
          [
            100.134613,
            25.660727
          ],
          [
            100.13467,
            25.660801
          ],
          [
            100.134735,
            25.660872
          ],
          [
            100.134839,
            25.660891
          ],
          [
            100.13494,
            25.660899
          ],
          [
            100.135034,
            25.66093
          ],
          [
            100.135139,
            25.660922
          ],
          [
            100.13522,
            25.661005
          ],
          [
            100.135284,
            25.661086
          ],
          [
            100.135341,
            25.661167
          ],
          [
            100.135444,
            25.661157
          ],
          [
            100.135545,
            25.661134
          ],
          [
            100.135644,
            25.661076
          ],
          [
            100.135725,
            25.661013
          ],
          [
            100.13582,
            25.66097
          ],
          [
            100.13592,
            25.660948
          ],
          [
            100.135956,
            25.661034
          ],
          [
            100.136043,
            25.66109
          ],
          [
            100.136118,
            25.661151
          ],
          [
            100.136199,
            25.661214
          ],
          [
            100.136307,
            25.661206
          ],
          [
            100.136406,
            25.661189
          ],
          [
            100.136506,
            25.66119
          ],
          [
            100.136609,
            25.661217
          ],
          [
            100.136706,
            25.661245
          ],
          [
            100.136794,
            25.661296
          ],
          [
            100.136895,
            25.661292
          ],
          [
            100.136984,
            25.661371
          ],
          [
            100.137091,
            25.661377
          ],
          [
            100.137206,
            25.661386
          ],
          [
            100.137279,
            25.661322
          ],
          [
            100.137302,
            25.661233
          ],
          [
            100.137353,
            25.661155
          ],
          [
            100.137461,
            25.661171
          ],
          [
            100.137548,
            25.661236
          ],
          [
            100.137643,
            25.661273
          ],
          [
            100.137752,
            25.661291
          ],
          [
            100.137754,
            25.661386
          ],
          [
            100.137792,
            25.661471
          ],
          [
            100.137868,
            25.661403
          ],
          [
            100.137967,
            25.661382
          ],
          [
            100.137876,
            25.66143
          ],
          [
            100.137772,
            25.661472
          ],
          [
            100.137805,
            25.661566
          ],
          [
            100.137827,
            25.661659
          ],
          [
            100.137885,
            25.661738
          ],
          [
            100.137953,
            25.661804
          ],
          [
            100.138055,
            25.661806
          ],
          [
            100.138157,
            25.66186
          ],
          [
            100.138265,
            25.661865
          ],
          [
            100.138373,
            25.661853
          ],
          [
            100.138434,
            25.661768
          ],
          [
            100.13846,
            25.661677
          ],
          [
            100.138534,
            25.661608
          ],
          [
            100.138607,
            25.661533
          ],
          [
            100.138707,
            25.661479
          ],
          [
            100.138811,
            25.661465
          ],
          [
            100.138913,
            25.661475
          ],
          [
            100.13902,
            25.661472
          ],
          [
            100.139117,
            25.661441
          ],
          [
            100.139227,
            25.661431
          ],
          [
            100.139333,
            25.661436
          ],
          [
            100.139408,
            25.661372
          ],
          [
            100.139487,
            25.6613
          ],
          [
            100.139554,
            25.661225
          ],
          [
            100.139611,
            25.661143
          ],
          [
            100.139695,
            25.661209
          ],
          [
            100.139624,
            25.661285
          ],
          [
            100.13952,
            25.66131
          ],
          [
            100.139478,
            25.661399
          ],
          [
            100.139535,
            25.661492
          ],
          [
            100.1396,
            25.661561
          ],
          [
            100.139636,
            25.661648
          ],
          [
            100.139687,
            25.66173
          ],
          [
            100.139692,
            25.661825
          ],
          [
            100.139696,
            25.66192
          ],
          [
            100.139731,
            25.662015
          ],
          [
            100.139825,
            25.662044
          ],
          [
            100.139937,
            25.662061
          ],
          [
            100.140021,
            25.662007
          ],
          [
            100.140097,
            25.661942
          ],
          [
            100.140201,
            25.661896
          ],
          [
            100.140283,
            25.661845
          ],
          [
            100.140382,
            25.661866
          ],
          [
            100.140396,
            25.661957
          ],
          [
            100.140419,
            25.662049
          ],
          [
            100.14045,
            25.662135
          ],
          [
            100.140495,
            25.662217
          ],
          [
            100.140509,
            25.66231
          ],
          [
            100.140552,
            25.662396
          ],
          [
            100.140647,
            25.662427
          ],
          [
            100.140732,
            25.662489
          ],
          [
            100.140724,
            25.662588
          ],
          [
            100.140692,
            25.662701
          ],
          [
            100.140762,
            25.662768
          ],
          [
            100.140883,
            25.662675
          ],
          [
            100.140806,
            25.662742
          ],
          [
            100.140888,
            25.662799
          ],
          [
            100.140925,
            25.662887
          ],
          [
            100.140984,
            25.662964
          ],
          [
            100.141073,
            25.663009
          ],
          [
            100.141147,
            25.662948
          ],
          [
            100.141245,
            25.662891
          ],
          [
            100.141342,
            25.662869
          ],
          [
            100.14144,
            25.662903
          ],
          [
            100.141552,
            25.662902
          ],
          [
            100.14165,
            25.662876
          ],
          [
            100.141737,
            25.662936
          ],
          [
            100.141828,
            25.662979
          ],
          [
            100.141874,
            25.663076
          ],
          [
            100.141908,
            25.663162
          ],
          [
            100.141963,
            25.663256
          ],
          [
            100.142022,
            25.663333
          ],
          [
            100.142091,
            25.66341
          ],
          [
            100.142181,
            25.663452
          ],
          [
            100.142284,
            25.663461
          ],
          [
            100.142393,
            25.663465
          ],
          [
            100.142495,
            25.663488
          ],
          [
            100.142601,
            25.663484
          ],
          [
            100.142705,
            25.663482
          ],
          [
            100.142795,
            25.663416
          ],
          [
            100.142844,
            25.663328
          ],
          [
            100.142914,
            25.663255
          ],
          [
            100.142968,
            25.663161
          ],
          [
            100.143025,
            25.663087
          ],
          [
            100.143103,
            25.663014
          ],
          [
            100.143182,
            25.662936
          ],
          [
            100.143239,
            25.662858
          ],
          [
            100.143254,
            25.662768
          ],
          [
            100.143275,
            25.662668
          ],
          [
            100.143292,
            25.662575
          ],
          [
            100.143298,
            25.662475
          ],
          [
            100.143364,
            25.662402
          ],
          [
            100.143474,
            25.662406
          ],
          [
            100.143573,
            25.662391
          ],
          [
            100.143659,
            25.662332
          ],
          [
            100.143742,
            25.662273
          ],
          [
            100.143769,
            25.662167
          ],
          [
            100.143766,
            25.662075
          ],
          [
            100.143802,
            25.661981
          ],
          [
            100.143857,
            25.661902
          ],
          [
            100.143934,
            25.661838
          ],
          [
            100.144026,
            25.661785
          ],
          [
            100.144111,
            25.661734
          ],
          [
            100.144189,
            25.661677
          ],
          [
            100.144293,
            25.661665
          ],
          [
            100.144393,
            25.661686
          ],
          [
            100.144488,
            25.661651
          ],
          [
            100.144553,
            25.661582
          ],
          [
            100.144607,
            25.661499
          ],
          [
            100.144672,
            25.661426
          ],
          [
            100.14475,
            25.661365
          ],
          [
            100.144848,
            25.661325
          ],
          [
            100.144943,
            25.661273
          ],
          [
            100.145034,
            25.661219
          ],
          [
            100.1451,
            25.661147
          ],
          [
            100.145152,
            25.661065
          ],
          [
            100.14519,
            25.660973
          ],
          [
            100.145235,
            25.660886
          ],
          [
            100.145294,
            25.660812
          ],
          [
            100.145379,
            25.660749
          ],
          [
            100.145441,
            25.660663
          ],
          [
            100.145429,
            25.660566
          ],
          [
            100.145416,
            25.66047
          ],
          [
            100.145387,
            25.660384
          ],
          [
            100.145334,
            25.660307
          ],
          [
            100.145339,
            25.660211
          ],
          [
            100.145391,
            25.660129
          ],
          [
            100.145457,
            25.660043
          ],
          [
            100.14546,
            25.659937
          ],
          [
            100.145407,
            25.659843
          ],
          [
            100.14533,
            25.659775
          ],
          [
            100.145237,
            25.659732
          ],
          [
            100.145134,
            25.659693
          ],
          [
            100.145025,
            25.659685
          ],
          [
            100.144916,
            25.659648
          ],
          [
            100.144884,
            25.659549
          ],
          [
            100.144814,
            25.659476
          ],
          [
            100.144773,
            25.659393
          ],
          [
            100.144712,
            25.659321
          ],
          [
            100.1447,
            25.659224
          ],
          [
            100.144707,
            25.659133
          ],
          [
            100.144736,
            25.659044
          ],
          [
            100.14468,
            25.658962
          ],
          [
            100.144621,
            25.658879
          ],
          [
            100.144575,
            25.658789
          ],
          [
            100.144488,
            25.658736
          ],
          [
            100.144413,
            25.658667
          ],
          [
            100.144339,
            25.658601
          ],
          [
            100.144265,
            25.658536
          ],
          [
            100.144271,
            25.658444
          ],
          [
            100.144376,
            25.658429
          ],
          [
            100.144455,
            25.658371
          ],
          [
            100.144546,
            25.658333
          ],
          [
            100.144639,
            25.658294
          ],
          [
            100.144742,
            25.658285
          ],
          [
            100.144841,
            25.658255
          ],
          [
            100.14492,
            25.658195
          ],
          [
            100.14502,
            25.65816
          ],
          [
            100.145116,
            25.658113
          ],
          [
            100.145192,
            25.658054
          ],
          [
            100.145278,
            25.658004
          ],
          [
            100.145357,
            25.657946
          ],
          [
            100.145424,
            25.657859
          ],
          [
            100.145508,
            25.657803
          ],
          [
            100.145628,
            25.657782
          ],
          [
            100.145721,
            25.657823
          ],
          [
            100.145823,
            25.657821
          ],
          [
            100.145918,
            25.657765
          ],
          [
            100.146038,
            25.657756
          ],
          [
            100.146143,
            25.657763
          ],
          [
            100.146248,
            25.657745
          ],
          [
            100.146352,
            25.657756
          ],
          [
            100.146451,
            25.657776
          ],
          [
            100.146552,
            25.657764
          ],
          [
            100.146657,
            25.657769
          ],
          [
            100.146767,
            25.657743
          ],
          [
            100.14688,
            25.657719
          ],
          [
            100.146977,
            25.657668
          ],
          [
            100.147064,
            25.657616
          ],
          [
            100.147146,
            25.657552
          ],
          [
            100.147194,
            25.657466
          ],
          [
            100.147257,
            25.65739
          ],
          [
            100.147333,
            25.657324
          ],
          [
            100.14739,
            25.657241
          ],
          [
            100.147424,
            25.657141
          ],
          [
            100.14749,
            25.657057
          ],
          [
            100.147471,
            25.656966
          ],
          [
            100.147473,
            25.656864
          ],
          [
            100.147515,
            25.656779
          ],
          [
            100.147567,
            25.656691
          ],
          [
            100.147541,
            25.656593
          ],
          [
            100.14757,
            25.656503
          ],
          [
            100.147647,
            25.656429
          ],
          [
            100.147684,
            25.656342
          ],
          [
            100.147781,
            25.656261
          ],
          [
            100.147885,
            25.656248
          ],
          [
            100.147883,
            25.656155
          ],
          [
            100.147863,
            25.656049
          ],
          [
            100.147802,
            25.655969
          ],
          [
            100.147733,
            25.655902
          ],
          [
            100.147706,
            25.655809
          ],
          [
            100.147733,
            25.655721
          ],
          [
            100.147711,
            25.655631
          ],
          [
            100.147706,
            25.655538
          ],
          [
            100.147716,
            25.655441
          ],
          [
            100.147669,
            25.655359
          ],
          [
            100.147571,
            25.65532
          ],
          [
            100.147466,
            25.655292
          ],
          [
            100.147376,
            25.655248
          ],
          [
            100.1473,
            25.655188
          ],
          [
            100.14725,
            25.655099
          ],
          [
            100.147198,
            25.655011
          ],
          [
            100.147121,
            25.65495
          ],
          [
            100.147032,
            25.654903
          ],
          [
            100.146946,
            25.654856
          ],
          [
            100.147015,
            25.654783
          ],
          [
            100.14709,
            25.654708
          ],
          [
            100.147169,
            25.654649
          ],
          [
            100.147241,
            25.654583
          ],
          [
            100.147308,
            25.654512
          ],
          [
            100.147367,
            25.654438
          ],
          [
            100.147453,
            25.654375
          ],
          [
            100.147505,
            25.654287
          ],
          [
            100.147611,
            25.654261
          ],
          [
            100.147689,
            25.654188
          ],
          [
            100.147782,
            25.654143
          ],
          [
            100.147837,
            25.654066
          ],
          [
            100.147915,
            25.653992
          ],
          [
            100.14797,
            25.653913
          ],
          [
            100.147931,
            25.653827
          ],
          [
            100.147882,
            25.653739
          ],
          [
            100.147813,
            25.653671
          ],
          [
            100.147787,
            25.653583
          ],
          [
            100.14776,
            25.653492
          ],
          [
            100.147777,
            25.653389
          ],
          [
            100.147772,
            25.65329
          ],
          [
            100.147733,
            25.653196
          ],
          [
            100.147666,
            25.653125
          ],
          [
            100.147609,
            25.653041
          ],
          [
            100.147524,
            25.652984
          ],
          [
            100.147425,
            25.652971
          ],
          [
            100.147323,
            25.652982
          ],
          [
            100.147234,
            25.653033
          ],
          [
            100.147138,
            25.653089
          ],
          [
            100.147041,
            25.653122
          ],
          [
            100.14695,
            25.65317
          ],
          [
            100.146867,
            25.653234
          ],
          [
            100.146793,
            25.653295
          ],
          [
            100.146691,
            25.653339
          ],
          [
            100.146597,
            25.653305
          ],
          [
            100.14655,
            25.65322
          ],
          [
            100.146466,
            25.653162
          ],
          [
            100.146375,
            25.653107
          ],
          [
            100.146274,
            25.653089
          ],
          [
            100.146221,
            25.653005
          ],
          [
            100.146291,
            25.652937
          ],
          [
            100.146377,
            25.652886
          ],
          [
            100.146393,
            25.652796
          ],
          [
            100.146438,
            25.652713
          ],
          [
            100.14644,
            25.652614
          ],
          [
            100.146415,
            25.652519
          ],
          [
            100.146408,
            25.652426
          ],
          [
            100.146425,
            25.652328
          ],
          [
            100.146419,
            25.652226
          ],
          [
            100.146402,
            25.652134
          ],
          [
            100.146379,
            25.652026
          ],
          [
            100.146269,
            25.65199
          ],
          [
            100.146179,
            25.651925
          ],
          [
            100.1462,
            25.651823
          ],
          [
            100.146171,
            25.651735
          ],
          [
            100.146107,
            25.651655
          ],
          [
            100.146085,
            25.651559
          ],
          [
            100.146034,
            25.651474
          ],
          [
            100.146055,
            25.651386
          ],
          [
            100.14597,
            25.651337
          ],
          [
            100.145892,
            25.651277
          ],
          [
            100.145817,
            25.651216
          ],
          [
            100.145758,
            25.651131
          ],
          [
            100.145705,
            25.651051
          ],
          [
            100.14563,
            25.650985
          ],
          [
            100.145518,
            25.650939
          ],
          [
            100.145418,
            25.650894
          ],
          [
            100.145323,
            25.650866
          ],
          [
            100.145233,
            25.650801
          ],
          [
            100.145157,
            25.650725
          ],
          [
            100.145075,
            25.650663
          ],
          [
            100.144968,
            25.650628
          ],
          [
            100.144871,
            25.650604
          ],
          [
            100.144772,
            25.65059
          ],
          [
            100.144678,
            25.650637
          ],
          [
            100.144592,
            25.650686
          ],
          [
            100.144492,
            25.650668
          ],
          [
            100.144389,
            25.650664
          ],
          [
            100.144282,
            25.65064
          ],
          [
            100.144193,
            25.65059
          ],
          [
            100.144113,
            25.650518
          ],
          [
            100.144011,
            25.650498
          ],
          [
            100.143915,
            25.650471
          ],
          [
            100.143815,
            25.650434
          ],
          [
            100.143722,
            25.650394
          ],
          [
            100.143628,
            25.650344
          ],
          [
            100.143526,
            25.650265
          ],
          [
            100.143455,
            25.65019
          ],
          [
            100.143382,
            25.65012
          ],
          [
            100.143286,
            25.650061
          ],
          [
            100.143202,
            25.650009
          ],
          [
            100.143123,
            25.649942
          ],
          [
            100.143064,
            25.649868
          ],
          [
            100.142981,
            25.649802
          ],
          [
            100.142902,
            25.649745
          ],
          [
            100.142847,
            25.649657
          ],
          [
            100.142792,
            25.649577
          ],
          [
            100.142768,
            25.649488
          ],
          [
            100.142739,
            25.649395
          ],
          [
            100.142691,
            25.649304
          ],
          [
            100.142625,
            25.649224
          ],
          [
            100.142527,
            25.649193
          ],
          [
            100.142422,
            25.649188
          ],
          [
            100.14232,
            25.649154
          ],
          [
            100.142215,
            25.649128
          ],
          [
            100.142111,
            25.64913
          ],
          [
            100.142001,
            25.649142
          ],
          [
            100.141899,
            25.649167
          ],
          [
            100.141811,
            25.649112
          ],
          [
            100.141724,
            25.649066
          ],
          [
            100.141639,
            25.64901
          ],
          [
            100.141557,
            25.648953
          ],
          [
            100.141482,
            25.648891
          ],
          [
            100.141412,
            25.648817
          ],
          [
            100.141382,
            25.648727
          ],
          [
            100.141345,
            25.648637
          ],
          [
            100.141266,
            25.648566
          ],
          [
            100.141244,
            25.64847
          ],
          [
            100.141325,
            25.648408
          ],
          [
            100.141362,
            25.648319
          ],
          [
            100.141358,
            25.648215
          ],
          [
            100.141359,
            25.648113
          ],
          [
            100.14137,
            25.64802
          ],
          [
            100.141348,
            25.647931
          ],
          [
            100.141279,
            25.647866
          ],
          [
            100.141241,
            25.647773
          ],
          [
            100.141281,
            25.647685
          ],
          [
            100.141374,
            25.647639
          ],
          [
            100.14145,
            25.647579
          ],
          [
            100.141529,
            25.647519
          ],
          [
            100.14161,
            25.647462
          ],
          [
            100.141681,
            25.647397
          ],
          [
            100.141749,
            25.647324
          ],
          [
            100.141827,
            25.647266
          ],
          [
            100.141758,
            25.647332
          ],
          [
            100.141697,
            25.647408
          ],
          [
            100.141799,
            25.647425
          ],
          [
            100.141898,
            25.647409
          ],
          [
            100.142008,
            25.6474
          ],
          [
            100.142117,
            25.647407
          ],
          [
            100.142213,
            25.647446
          ],
          [
            100.142275,
            25.647523
          ],
          [
            100.142327,
            25.647601
          ],
          [
            100.142426,
            25.647582
          ],
          [
            100.142439,
            25.647679
          ],
          [
            100.142486,
            25.647766
          ],
          [
            100.142586,
            25.647764
          ],
          [
            100.142653,
            25.647695
          ],
          [
            100.142754,
            25.64766
          ],
          [
            100.142857,
            25.647637
          ],
          [
            100.142965,
            25.647645
          ],
          [
            100.143068,
            25.647626
          ],
          [
            100.143168,
            25.64763
          ],
          [
            100.143268,
            25.647617
          ],
          [
            100.143373,
            25.647607
          ],
          [
            100.143459,
            25.647539
          ],
          [
            100.143468,
            25.647635
          ],
          [
            100.143495,
            25.647725
          ],
          [
            100.143456,
            25.647815
          ],
          [
            100.143529,
            25.647878
          ],
          [
            100.143571,
            25.647963
          ],
          [
            100.143608,
            25.648049
          ],
          [
            100.143695,
            25.648096
          ],
          [
            100.143799,
            25.648109
          ],
          [
            100.143902,
            25.648116
          ],
          [
            100.144002,
            25.648088
          ],
          [
            100.144101,
            25.648104
          ],
          [
            100.1442,
            25.648122
          ],
          [
            100.144291,
            25.648162
          ],
          [
            100.144386,
            25.648192
          ],
          [
            100.144482,
            25.648221
          ],
          [
            100.144579,
            25.648256
          ],
          [
            100.144672,
            25.648305
          ],
          [
            100.144748,
            25.648241
          ],
          [
            100.144811,
            25.648315
          ],
          [
            100.144895,
            25.648367
          ],
          [
            100.144963,
            25.648435
          ],
          [
            100.145054,
            25.648481
          ],
          [
            100.145152,
            25.648514
          ],
          [
            100.145249,
            25.64856
          ],
          [
            100.145302,
            25.648483
          ],
          [
            100.14538,
            25.648424
          ],
          [
            100.145459,
            25.648353
          ],
          [
            100.145534,
            25.648423
          ],
          [
            100.145611,
            25.648495
          ],
          [
            100.145711,
            25.64847
          ],
          [
            100.145814,
            25.648494
          ],
          [
            100.1459,
            25.648554
          ],
          [
            100.145986,
            25.648622
          ],
          [
            100.14607,
            25.648671
          ],
          [
            100.146168,
            25.648714
          ],
          [
            100.146242,
            25.648782
          ],
          [
            100.146344,
            25.648823
          ],
          [
            100.146436,
            25.648878
          ],
          [
            100.146537,
            25.6489
          ],
          [
            100.146629,
            25.648946
          ],
          [
            100.146695,
            25.649015
          ],
          [
            100.146787,
            25.649056
          ],
          [
            100.146888,
            25.649065
          ],
          [
            100.146967,
            25.649127
          ],
          [
            100.147042,
            25.649188
          ],
          [
            100.147099,
            25.649267
          ],
          [
            100.147177,
            25.64934
          ],
          [
            100.147257,
            25.649399
          ],
          [
            100.147326,
            25.649465
          ],
          [
            100.147404,
            25.649521
          ],
          [
            100.147462,
            25.649597
          ],
          [
            100.147533,
            25.649664
          ],
          [
            100.1476,
            25.64974
          ],
          [
            100.147695,
            25.649775
          ],
          [
            100.1478,
            25.64978
          ],
          [
            100.147908,
            25.649808
          ],
          [
            100.148008,
            25.649827
          ],
          [
            100.148112,
            25.649833
          ],
          [
            100.14822,
            25.649846
          ],
          [
            100.148325,
            25.649855
          ],
          [
            100.148424,
            25.649897
          ],
          [
            100.148528,
            25.649917
          ],
          [
            100.148568,
            25.65
          ],
          [
            100.148672,
            25.65003
          ],
          [
            100.148705,
            25.650121
          ],
          [
            100.148689,
            25.65021
          ],
          [
            100.148749,
            25.650293
          ],
          [
            100.14883,
            25.650347
          ],
          [
            100.148938,
            25.650321
          ],
          [
            100.149026,
            25.650369
          ],
          [
            100.1491,
            25.650432
          ],
          [
            100.149166,
            25.650506
          ],
          [
            100.149255,
            25.650558
          ],
          [
            100.149288,
            25.650644
          ],
          [
            100.149382,
            25.650691
          ],
          [
            100.149481,
            25.650709
          ],
          [
            100.149586,
            25.650702
          ],
          [
            100.14967,
            25.650757
          ],
          [
            100.149779,
            25.650777
          ],
          [
            100.149877,
            25.650797
          ],
          [
            100.149979,
            25.650821
          ],
          [
            100.150079,
            25.650838
          ],
          [
            100.150162,
            25.650893
          ],
          [
            100.150234,
            25.65096
          ],
          [
            100.150316,
            25.651013
          ],
          [
            100.150421,
            25.651037
          ],
          [
            100.150518,
            25.651072
          ],
          [
            100.150621,
            25.651086
          ],
          [
            100.150735,
            25.651071
          ],
          [
            100.150826,
            25.651124
          ],
          [
            100.150926,
            25.651123
          ],
          [
            100.151035,
            25.651105
          ],
          [
            100.15112,
            25.65117
          ],
          [
            100.151141,
            25.651261
          ],
          [
            100.151203,
            25.651337
          ],
          [
            100.151306,
            25.651357
          ],
          [
            100.151382,
            25.651431
          ],
          [
            100.151441,
            25.651516
          ],
          [
            100.151548,
            25.651536
          ],
          [
            100.151648,
            25.651499
          ],
          [
            100.151714,
            25.651577
          ],
          [
            100.151791,
            25.651652
          ],
          [
            100.151897,
            25.651689
          ],
          [
            100.152009,
            25.651711
          ],
          [
            100.15211,
            25.651748
          ],
          [
            100.152205,
            25.651788
          ],
          [
            100.152305,
            25.651779
          ],
          [
            100.152408,
            25.651787
          ],
          [
            100.152499,
            25.651823
          ],
          [
            100.152629,
            25.651864
          ],
          [
            100.152726,
            25.651902
          ],
          [
            100.152818,
            25.651953
          ],
          [
            100.152901,
            25.651893
          ],
          [
            100.15299,
            25.651949
          ],
          [
            100.153093,
            25.651933
          ],
          [
            100.153195,
            25.651973
          ],
          [
            100.153302,
            25.651964
          ],
          [
            100.153402,
            25.651988
          ],
          [
            100.153501,
            25.652023
          ],
          [
            100.153606,
            25.652041
          ],
          [
            100.153702,
            25.652075
          ],
          [
            100.153809,
            25.65211
          ],
          [
            100.153918,
            25.652101
          ],
          [
            100.154024,
            25.652086
          ],
          [
            100.154135,
            25.652087
          ],
          [
            100.15424,
            25.652083
          ],
          [
            100.15434,
            25.652072
          ],
          [
            100.154458,
            25.652081
          ],
          [
            100.15456,
            25.652075
          ],
          [
            100.154656,
            25.652111
          ],
          [
            100.154757,
            25.652111
          ],
          [
            100.154873,
            25.652108
          ],
          [
            100.154982,
            25.652118
          ],
          [
            100.155087,
            25.652103
          ],
          [
            100.15519,
            25.652114
          ],
          [
            100.155293,
            25.652116
          ],
          [
            100.155398,
            25.652115
          ],
          [
            100.155508,
            25.652161
          ],
          [
            100.155606,
            25.652146
          ],
          [
            100.155722,
            25.652165
          ],
          [
            100.15584,
            25.65217
          ],
          [
            100.155944,
            25.652161
          ],
          [
            100.156044,
            25.652163
          ],
          [
            100.156158,
            25.652177
          ],
          [
            100.156258,
            25.652179
          ],
          [
            100.156364,
            25.652194
          ],
          [
            100.15646,
            25.652169
          ],
          [
            100.156558,
            25.652132
          ],
          [
            100.156649,
            25.652076
          ],
          [
            100.156737,
            25.652122
          ],
          [
            100.156803,
            25.652201
          ],
          [
            100.156879,
            25.652277
          ],
          [
            100.156941,
            25.652358
          ],
          [
            100.156945,
            25.652454
          ],
          [
            100.156971,
            25.652544
          ],
          [
            100.156999,
            25.652631
          ],
          [
            100.157091,
            25.652679
          ],
          [
            100.157123,
            25.652585
          ],
          [
            100.157193,
            25.652521
          ],
          [
            100.157225,
            25.652423
          ],
          [
            100.157306,
            25.652484
          ],
          [
            100.157414,
            25.652477
          ],
          [
            100.157444,
            25.652382
          ],
          [
            100.157485,
            25.652296
          ],
          [
            100.157529,
            25.652213
          ],
          [
            100.157608,
            25.652156
          ],
          [
            100.15767,
            25.652081
          ],
          [
            100.157731,
            25.652009
          ],
          [
            100.157825,
            25.651974
          ],
          [
            100.157934,
            25.65197
          ],
          [
            100.158035,
            25.651965
          ],
          [
            100.15814,
            25.651965
          ],
          [
            100.158242,
            25.651957
          ],
          [
            100.158354,
            25.651937
          ],
          [
            100.15847,
            25.651938
          ],
          [
            100.158568,
            25.651906
          ],
          [
            100.158669,
            25.65191
          ],
          [
            100.158766,
            25.651933
          ],
          [
            100.158837,
            25.651998
          ],
          [
            100.158914,
            25.652057
          ],
          [
            100.159018,
            25.652088
          ],
          [
            100.159099,
            25.652161
          ],
          [
            100.159197,
            25.6522
          ],
          [
            100.159257,
            25.65228
          ],
          [
            100.15931,
            25.652371
          ],
          [
            100.159401,
            25.65241
          ],
          [
            100.159499,
            25.652427
          ],
          [
            100.159596,
            25.652449
          ],
          [
            100.159686,
            25.652508
          ],
          [
            100.159772,
            25.652555
          ],
          [
            100.159818,
            25.652639
          ],
          [
            100.159911,
            25.652696
          ],
          [
            100.159959,
            25.652783
          ],
          [
            100.160061,
            25.652783
          ],
          [
            100.160156,
            25.652818
          ],
          [
            100.160255,
            25.652863
          ],
          [
            100.160316,
            25.652941
          ],
          [
            100.160388,
            25.653006
          ],
          [
            100.160471,
            25.653063
          ],
          [
            100.160573,
            25.65309
          ],
          [
            100.160678,
            25.653073
          ],
          [
            100.160787,
            25.653095
          ],
          [
            100.160875,
            25.653151
          ],
          [
            100.160956,
            25.653218
          ],
          [
            100.161061,
            25.65326
          ],
          [
            100.161145,
            25.653211
          ],
          [
            100.16119,
            25.653129
          ],
          [
            100.161211,
            25.653037
          ],
          [
            100.161192,
            25.652942
          ],
          [
            100.161178,
            25.652844
          ],
          [
            100.161179,
            25.652742
          ],
          [
            100.161197,
            25.652651
          ],
          [
            100.161232,
            25.652563
          ],
          [
            100.161226,
            25.652468
          ],
          [
            100.16127,
            25.652387
          ],
          [
            100.161349,
            25.652326
          ],
          [
            100.161418,
            25.652244
          ],
          [
            100.161471,
            25.652166
          ],
          [
            100.161522,
            25.652074
          ],
          [
            100.161557,
            25.651984
          ],
          [
            100.161632,
            25.651924
          ],
          [
            100.161736,
            25.651899
          ],
          [
            100.161832,
            25.651864
          ],
          [
            100.161932,
            25.651854
          ],
          [
            100.16203,
            25.651823
          ],
          [
            100.162127,
            25.651846
          ],
          [
            100.162224,
            25.651821
          ],
          [
            100.162325,
            25.651851
          ],
          [
            100.162415,
            25.651891
          ],
          [
            100.16249,
            25.65183
          ],
          [
            100.162569,
            25.651754
          ],
          [
            100.162534,
            25.651661
          ],
          [
            100.162481,
            25.651584
          ],
          [
            100.162583,
            25.65155
          ],
          [
            100.162686,
            25.651562
          ],
          [
            100.162762,
            25.651503
          ],
          [
            100.16283,
            25.651436
          ],
          [
            100.162918,
            25.651385
          ],
          [
            100.163005,
            25.651335
          ],
          [
            100.163091,
            25.651282
          ],
          [
            100.163172,
            25.651206
          ],
          [
            100.163235,
            25.651133
          ],
          [
            100.163293,
            25.651051
          ],
          [
            100.163331,
            25.650957
          ],
          [
            100.163348,
            25.650865
          ],
          [
            100.163386,
            25.65077
          ],
          [
            100.163465,
            25.65071
          ],
          [
            100.163541,
            25.650651
          ],
          [
            100.163601,
            25.650574
          ],
          [
            100.163653,
            25.650486
          ],
          [
            100.163701,
            25.650404
          ],
          [
            100.163741,
            25.650313
          ],
          [
            100.163796,
            25.650235
          ],
          [
            100.163812,
            25.650144
          ],
          [
            100.163825,
            25.650052
          ],
          [
            100.163843,
            25.649961
          ],
          [
            100.163852,
            25.649853
          ],
          [
            100.163855,
            25.649763
          ],
          [
            100.163892,
            25.649678
          ],
          [
            100.163899,
            25.649583
          ],
          [
            100.163948,
            25.649503
          ],
          [
            100.164018,
            25.649432
          ],
          [
            100.164073,
            25.649345
          ],
          [
            100.164154,
            25.649275
          ],
          [
            100.16417,
            25.64918
          ],
          [
            100.164181,
            25.649078
          ],
          [
            100.164234,
            25.648994
          ],
          [
            100.164279,
            25.648904
          ],
          [
            100.164279,
            25.648808
          ],
          [
            100.164263,
            25.648709
          ],
          [
            100.164306,
            25.648627
          ],
          [
            100.164395,
            25.648572
          ],
          [
            100.164466,
            25.648496
          ],
          [
            100.164537,
            25.648421
          ],
          [
            100.164554,
            25.64833
          ],
          [
            100.164649,
            25.64828
          ],
          [
            100.164739,
            25.648228
          ],
          [
            100.16474,
            25.648136
          ],
          [
            100.164687,
            25.648054
          ],
          [
            100.164633,
            25.647966
          ],
          [
            100.164601,
            25.647879
          ],
          [
            100.164546,
            25.647803
          ],
          [
            100.164511,
            25.647709
          ],
          [
            100.164445,
            25.647634
          ],
          [
            100.16436,
            25.647582
          ],
          [
            100.16426,
            25.647535
          ],
          [
            100.164156,
            25.647515
          ],
          [
            100.164087,
            25.647427
          ],
          [
            100.164107,
            25.647322
          ],
          [
            100.164149,
            25.647239
          ],
          [
            100.164175,
            25.647151
          ],
          [
            100.164205,
            25.647062
          ],
          [
            100.164185,
            25.64697
          ],
          [
            100.164184,
            25.646871
          ],
          [
            100.164218,
            25.646781
          ],
          [
            100.164233,
            25.646683
          ],
          [
            100.164323,
            25.646625
          ],
          [
            100.164396,
            25.646549
          ],
          [
            100.164449,
            25.646458
          ],
          [
            100.164467,
            25.646368
          ],
          [
            100.164516,
            25.646274
          ],
          [
            100.164556,
            25.646191
          ],
          [
            100.164663,
            25.64615
          ],
          [
            100.164713,
            25.646068
          ],
          [
            100.164755,
            25.646151
          ],
          [
            100.164842,
            25.646203
          ],
          [
            100.164846,
            25.646102
          ],
          [
            100.164945,
            25.646076
          ],
          [
            100.165049,
            25.646084
          ],
          [
            100.165132,
            25.646134
          ],
          [
            100.165223,
            25.646175
          ],
          [
            100.165328,
            25.646156
          ],
          [
            100.165377,
            25.646235
          ],
          [
            100.165471,
            25.646269
          ],
          [
            100.165562,
            25.646318
          ],
          [
            100.165668,
            25.646344
          ],
          [
            100.165762,
            25.646377
          ],
          [
            100.165853,
            25.646415
          ],
          [
            100.165958,
            25.646409
          ],
          [
            100.166033,
            25.646347
          ],
          [
            100.166135,
            25.646345
          ],
          [
            100.166187,
            25.646253
          ],
          [
            100.166221,
            25.646165
          ],
          [
            100.166293,
            25.646232
          ],
          [
            100.166398,
            25.64626
          ],
          [
            100.166497,
            25.646215
          ],
          [
            100.166581,
            25.646153
          ],
          [
            100.166608,
            25.646064
          ],
          [
            100.1667,
            25.646022
          ],
          [
            100.166732,
            25.645914
          ],
          [
            100.166789,
            25.645829
          ],
          [
            100.166864,
            25.64589
          ],
          [
            100.166888,
            25.64598
          ],
          [
            100.166845,
            25.64607
          ],
          [
            100.166809,
            25.646167
          ],
          [
            100.166825,
            25.646268
          ],
          [
            100.166852,
            25.646364
          ],
          [
            100.166896,
            25.646451
          ],
          [
            100.166886,
            25.646547
          ],
          [
            100.166884,
            25.646639
          ],
          [
            100.166883,
            25.64673
          ],
          [
            100.166916,
            25.646832
          ],
          [
            100.166938,
            25.646931
          ],
          [
            100.166964,
            25.647023
          ],
          [
            100.16707,
            25.64704
          ],
          [
            100.16717,
            25.647057
          ],
          [
            100.167253,
            25.647126
          ],
          [
            100.167354,
            25.647159
          ],
          [
            100.167454,
            25.647202
          ],
          [
            100.167552,
            25.647228
          ],
          [
            100.16765,
            25.647251
          ],
          [
            100.167755,
            25.647254
          ],
          [
            100.167843,
            25.647303
          ],
          [
            100.167961,
            25.64732
          ],
          [
            100.168055,
            25.647359
          ],
          [
            100.168151,
            25.647384
          ],
          [
            100.16826,
            25.647393
          ],
          [
            100.16836,
            25.647401
          ],
          [
            100.168458,
            25.647445
          ],
          [
            100.168568,
            25.647455
          ]
        ]
      }
    }
  ]
}
