{
  "type": "FeatureCollection",
  "features": [
    {
      "type": "Feature",
      "properties": {
        "name": "党岭—莫斯卡参考轨迹",
        "type": "hiking",
        "source": "两步路用户轨迹",
        "segments": 1
      },
      "geometry": {
        "type": "LineString",
        "coordinates": [
          [
            101.600926,
            31.344902
          ],
          [
            101.599347,
            31.347444
          ],
          [
            101.599149,
            31.34738
          ],
          [
            101.59885,
            31.347495
          ],
          [
            101.598672,
            31.347607
          ],
          [
            101.598243,
            31.347626
          ],
          [
            101.597942,
            31.34773
          ],
          [
            101.597738,
            31.34769
          ],
          [
            101.597524,
            31.347738
          ],
          [
            101.596953,
            31.347764
          ],
          [
            101.596404,
            31.347864
          ],
          [
            101.595859,
            31.347906
          ],
          [
            101.594982,
            31.347753
          ],
          [
            101.594672,
            31.347821
          ],
          [
            101.594569,
            31.347788
          ],
          [
            101.594527,
            31.347703
          ],
          [
            101.594352,
            31.347593
          ],
          [
            101.594228,
            31.34743
          ],
          [
            101.594026,
            31.347363
          ],
          [
            101.593695,
            31.347416
          ],
          [
            101.593365,
            31.347382
          ],
          [
            101.59315,
            31.347399
          ],
          [
            101.592836,
            31.347346
          ],
          [
            101.592754,
            31.347289
          ],
          [
            101.592649,
            31.347316
          ],
          [
            101.592625,
            31.347415
          ],
          [
            101.592797,
            31.347281
          ],
          [
            101.59269,
            31.347267
          ],
          [
            101.592618,
            31.347184
          ],
          [
            101.592166,
            31.346925
          ],
          [
            101.59214,
            31.346831
          ],
          [
            101.592062,
            31.346771
          ],
          [
            101.592068,
            31.346668
          ],
          [
            101.592026,
            31.346578
          ],
          [
            101.591813,
            31.34652
          ],
          [
            101.591455,
            31.346285
          ],
          [
            101.590737,
            31.346034
          ],
          [
            101.590506,
            31.346021
          ],
          [
            101.590173,
            31.345951
          ],
          [
            101.589843,
            31.345991
          ],
          [
            101.589432,
            31.345869
          ],
          [
            101.589101,
            31.345909
          ],
          [
            101.588798,
            31.346027
          ],
          [
            101.588612,
            31.346378
          ],
          [
            101.588615,
            31.346478
          ],
          [
            101.588809,
            31.346702
          ],
          [
            101.58878,
            31.346796
          ],
          [
            101.588851,
            31.346977
          ],
          [
            101.588683,
            31.347315
          ],
          [
            101.588895,
            31.347548
          ],
          [
            101.58887,
            31.347651
          ],
          [
            101.588899,
            31.347739
          ],
          [
            101.588991,
            31.347791
          ],
          [
            101.589207,
            31.347822
          ],
          [
            101.589416,
            31.347905
          ],
          [
            101.58979,
            31.348119
          ],
          [
            101.589903,
            31.348282
          ],
          [
            101.590114,
            31.348343
          ],
          [
            101.590192,
            31.348277
          ],
          [
            101.59031,
            31.348308
          ],
          [
            101.590398,
            31.348238
          ],
          [
            101.590507,
            31.348213
          ],
          [
            101.591252,
            31.347832
          ],
          [
            101.591472,
            31.347806
          ],
          [
            101.591671,
            31.34772
          ],
          [
            101.591913,
            31.347735
          ],
          [
            101.592136,
            31.347682
          ],
          [
            101.592733,
            31.347435
          ],
          [
            101.593403,
            31.347313
          ],
          [
            101.593735,
            31.347337
          ],
          [
            101.593838,
            31.347308
          ],
          [
            101.594261,
            31.347396
          ],
          [
            101.594574,
            31.347526
          ],
          [
            101.594799,
            31.34757
          ],
          [
            101.59513,
            31.347501
          ],
          [
            101.595664,
            31.347548
          ],
          [
            101.596547,
            31.347485
          ],
          [
            101.597536,
            31.347266
          ],
          [
            101.598201,
            31.347205
          ],
          [
            101.598515,
            31.347124
          ],
          [
            101.599051,
            31.347072
          ],
          [
            101.60001,
            31.346894
          ],
          [
            101.600409,
            31.34706
          ],
          [
            101.600514,
            31.347067
          ],
          [
            101.600601,
            31.347134
          ],
          [
            101.600826,
            31.347134
          ],
          [
            101.601035,
            31.347074
          ],
          [
            101.601413,
            31.346877
          ],
          [
            101.601519,
            31.346841
          ],
          [
            101.601638,
            31.346846
          ],
          [
            101.602553,
            31.346454
          ],
          [
            101.603395,
            31.346193
          ],
          [
            101.603688,
            31.346053
          ],
          [
            101.604107,
            31.345947
          ],
          [
            101.604519,
            31.345781
          ],
          [
            101.605159,
            31.345598
          ],
          [
            101.605345,
            31.345503
          ],
          [
            101.605667,
            31.345427
          ],
          [
            101.607452,
            31.344687
          ],
          [
            101.607509,
            31.344604
          ],
          [
            101.608192,
            31.344279
          ],
          [
            101.608412,
            31.344228
          ],
          [
            101.608913,
            31.344041
          ],
          [
            101.609,
            31.343974
          ],
          [
            101.609415,
            31.343815
          ],
          [
            101.610113,
            31.343485
          ],
          [
            101.610332,
            31.343422
          ],
          [
            101.610551,
            31.343421
          ],
          [
            101.61116,
            31.343194
          ],
          [
            101.61138,
            31.343178
          ],
          [
            101.611576,
            31.343105
          ],
          [
            101.612104,
            31.34301
          ],
          [
            101.612639,
            31.34286
          ],
          [
            101.613173,
            31.342925
          ],
          [
            101.613235,
            31.343001
          ],
          [
            101.613341,
            31.342989
          ],
          [
            101.613639,
            31.343089
          ],
          [
            101.613847,
            31.343065
          ],
          [
            101.613946,
            31.343113
          ],
          [
            101.614164,
            31.34315
          ],
          [
            101.614341,
            31.343253
          ],
          [
            101.614777,
            31.343319
          ],
          [
            101.614981,
            31.343234
          ],
          [
            101.615295,
            31.3432
          ],
          [
            101.615493,
            31.34311
          ],
          [
            101.61594,
            31.342992
          ],
          [
            101.616446,
            31.342776
          ],
          [
            101.616789,
            31.342541
          ],
          [
            101.616999,
            31.342463
          ],
          [
            101.617219,
            31.342463
          ],
          [
            101.617313,
            31.342422
          ],
          [
            101.617329,
            31.34233
          ],
          [
            101.617488,
            31.342201
          ],
          [
            101.617699,
            31.34212
          ],
          [
            101.617768,
            31.342043
          ],
          [
            101.617969,
            31.341983
          ],
          [
            101.618434,
            31.341702
          ],
          [
            101.618544,
            31.341681
          ],
          [
            101.619448,
            31.341117
          ],
          [
            101.619933,
            31.340722
          ],
          [
            101.620145,
            31.340693
          ],
          [
            101.621257,
            31.340207
          ],
          [
            101.621725,
            31.339948
          ],
          [
            101.621873,
            31.339801
          ],
          [
            101.62207,
            31.339727
          ],
          [
            101.62252,
            31.339725
          ],
          [
            101.62272,
            31.339637
          ],
          [
            101.622763,
            31.339552
          ],
          [
            101.622974,
            31.339465
          ],
          [
            101.623141,
            31.339346
          ],
          [
            101.623248,
            31.339327
          ],
          [
            101.623253,
            31.339236
          ],
          [
            101.623428,
            31.339138
          ],
          [
            101.623754,
            31.338644
          ],
          [
            101.624326,
            31.338207
          ],
          [
            101.624834,
            31.338036
          ],
          [
            101.625086,
            31.337851
          ],
          [
            101.625062,
            31.337761
          ],
          [
            101.625417,
            31.337278
          ],
          [
            101.625737,
            31.33732
          ],
          [
            101.625905,
            31.337195
          ],
          [
            101.626127,
            31.337204
          ],
          [
            101.626212,
            31.337149
          ],
          [
            101.626328,
            31.337164
          ],
          [
            101.626509,
            31.337058
          ],
          [
            101.626547,
            31.336871
          ],
          [
            101.626455,
            31.336595
          ],
          [
            101.626567,
            31.336429
          ],
          [
            101.626536,
            31.336333
          ],
          [
            101.62659,
            31.336052
          ],
          [
            101.626839,
            31.335734
          ],
          [
            101.627566,
            31.335312
          ],
          [
            101.62858,
            31.334926
          ],
          [
            101.628849,
            31.334748
          ],
          [
            101.628996,
            31.334317
          ],
          [
            101.62929,
            31.333643
          ],
          [
            101.629675,
            31.332899
          ],
          [
            101.629698,
            31.332523
          ],
          [
            101.629939,
            31.331504
          ],
          [
            101.630003,
            31.331427
          ],
          [
            101.629979,
            31.331518
          ],
          [
            101.630082,
            31.331243
          ],
          [
            101.630138,
            31.330263
          ],
          [
            101.630128,
            31.329259
          ],
          [
            101.630184,
            31.329035
          ],
          [
            101.630235,
            31.328236
          ],
          [
            101.630313,
            31.327924
          ],
          [
            101.630414,
            31.327189
          ],
          [
            101.630383,
            31.326723
          ],
          [
            101.630505,
            31.325993
          ],
          [
            101.630609,
            31.325659
          ],
          [
            101.630594,
            31.325438
          ],
          [
            101.630517,
            31.325205
          ],
          [
            101.630529,
            31.324967
          ],
          [
            101.630567,
            31.324752
          ],
          [
            101.63065,
            31.324674
          ],
          [
            101.630854,
            31.324593
          ],
          [
            101.63084,
            31.324304
          ],
          [
            101.63089,
            31.323833
          ],
          [
            101.631067,
            31.3232
          ],
          [
            101.631253,
            31.322969
          ],
          [
            101.631318,
            31.322744
          ],
          [
            101.631351,
            31.322302
          ],
          [
            101.631036,
            31.322173
          ],
          [
            101.631044,
            31.321989
          ],
          [
            101.631112,
            31.321817
          ],
          [
            101.631044,
            31.321541
          ],
          [
            101.630703,
            31.321549
          ],
          [
            101.630422,
            31.321698
          ],
          [
            101.630211,
            31.321769
          ],
          [
            101.630243,
            31.321856
          ],
          [
            101.630151,
            31.321917
          ],
          [
            101.630064,
            31.321864
          ],
          [
            101.62995,
            31.321846
          ],
          [
            101.629645,
            31.32195
          ],
          [
            101.629954,
            31.321841
          ],
          [
            101.630188,
            31.322255
          ],
          [
            101.630126,
            31.322429
          ],
          [
            101.629745,
            31.322631
          ],
          [
            101.629442,
            31.322747
          ],
          [
            101.629135,
            31.322654
          ],
          [
            101.628691,
            31.322596
          ],
          [
            101.628474,
            31.322632
          ],
          [
            101.628036,
            31.322636
          ],
          [
            101.628065,
            31.322546
          ],
          [
            101.628146,
            31.322486
          ],
          [
            101.628064,
            31.322427
          ],
          [
            101.628095,
            31.322335
          ],
          [
            101.628532,
            31.322314
          ],
          [
            101.628737,
            31.322252
          ],
          [
            101.628796,
            31.321978
          ],
          [
            101.62877,
            31.321889
          ],
          [
            101.628479,
            31.321496
          ],
          [
            101.628573,
            31.321433
          ],
          [
            101.62889,
            31.321359
          ],
          [
            101.629327,
            31.32135
          ],
          [
            101.629655,
            31.321383
          ],
          [
            101.629747,
            31.321448
          ],
          [
            101.629788,
            31.321538
          ],
          [
            101.629898,
            31.321551
          ],
          [
            101.629992,
            31.321494
          ],
          [
            101.6301,
            31.321481
          ],
          [
            101.630263,
            31.321609
          ],
          [
            101.630468,
            31.321569
          ],
          [
            101.630555,
            31.321483
          ],
          [
            101.630649,
            31.321543
          ],
          [
            101.630967,
            31.32155
          ],
          [
            101.631051,
            31.321606
          ],
          [
            101.631083,
            31.321883
          ],
          [
            101.631018,
            31.321958
          ],
          [
            101.63099,
            31.322145
          ],
          [
            101.631095,
            31.32215
          ],
          [
            101.63099,
            31.322186
          ],
          [
            101.631054,
            31.322106
          ],
          [
            101.631148,
            31.322158
          ],
          [
            101.631364,
            31.32218
          ],
          [
            101.63148,
            31.322012
          ],
          [
            101.631549,
            31.321811
          ],
          [
            101.631723,
            31.320989
          ],
          [
            101.631791,
            31.320475
          ],
          [
            101.63217,
            31.320255
          ],
          [
            101.632599,
            31.319782
          ],
          [
            101.632756,
            31.319422
          ],
          [
            101.633201,
            31.318684
          ],
          [
            101.633719,
            31.318156
          ],
          [
            101.634068,
            31.317905
          ],
          [
            101.634301,
            31.317423
          ],
          [
            101.635092,
            31.315307
          ],
          [
            101.63586,
            31.312914
          ],
          [
            101.635932,
            31.312601
          ],
          [
            101.635957,
            31.31225
          ],
          [
            101.635906,
            31.310712
          ],
          [
            101.635758,
            31.309828
          ],
          [
            101.635763,
            31.309673
          ],
          [
            101.63511,
            31.30678
          ],
          [
            101.635058,
            31.306189
          ],
          [
            101.635243,
            31.305482
          ],
          [
            101.635539,
            31.303185
          ],
          [
            101.635686,
            31.302627
          ],
          [
            101.635662,
            31.302149
          ],
          [
            101.635729,
            31.30099
          ],
          [
            101.63584,
            31.300738
          ],
          [
            101.636021,
            31.300462
          ],
          [
            101.636136,
            31.300415
          ],
          [
            101.636385,
            31.300029
          ],
          [
            101.636345,
            31.299853
          ],
          [
            101.63643,
            31.299719
          ],
          [
            101.636811,
            31.299259
          ],
          [
            101.636953,
            31.298994
          ],
          [
            101.63733,
            31.298515
          ],
          [
            101.637581,
            31.298096
          ],
          [
            101.637734,
            31.297377
          ],
          [
            101.637733,
            31.297244
          ],
          [
            101.637525,
            31.296484
          ],
          [
            101.637504,
            31.295664
          ],
          [
            101.637528,
            31.295487
          ],
          [
            101.637852,
            31.294363
          ],
          [
            101.638045,
            31.293936
          ],
          [
            101.638355,
            31.293551
          ],
          [
            101.638467,
            31.293492
          ],
          [
            101.638639,
            31.292995
          ],
          [
            101.63879,
            31.292814
          ],
          [
            101.638783,
            31.292691
          ],
          [
            101.638909,
            31.292205
          ],
          [
            101.638971,
            31.291759
          ],
          [
            101.639023,
            31.291679
          ],
          [
            101.639042,
            31.291239
          ],
          [
            101.638931,
            31.290393
          ],
          [
            101.639068,
            31.289205
          ],
          [
            101.63932,
            31.288632
          ],
          [
            101.639469,
            31.288075
          ],
          [
            101.639617,
            31.287872
          ],
          [
            101.639669,
            31.287741
          ],
          [
            101.639703,
            31.287611
          ],
          [
            101.639681,
            31.287431
          ],
          [
            101.639736,
            31.287222
          ],
          [
            101.639843,
            31.287052
          ],
          [
            101.640156,
            31.286695
          ],
          [
            101.640252,
            31.286624
          ],
          [
            101.640596,
            31.286498
          ],
          [
            101.640684,
            31.286413
          ],
          [
            101.640752,
            31.286096
          ],
          [
            101.640766,
            31.285283
          ],
          [
            101.641077,
            31.284543
          ],
          [
            101.641278,
            31.284224
          ],
          [
            101.641354,
            31.284129
          ],
          [
            101.641745,
            31.283892
          ],
          [
            101.642281,
            31.283444
          ],
          [
            101.642714,
            31.282727
          ],
          [
            101.643165,
            31.282222
          ],
          [
            101.643697,
            31.281914
          ],
          [
            101.644166,
            31.281704
          ],
          [
            101.644482,
            31.281499
          ],
          [
            101.644802,
            31.28102
          ],
          [
            101.644974,
            31.28055
          ],
          [
            101.645181,
            31.280294
          ],
          [
            101.645666,
            31.279222
          ],
          [
            101.645955,
            31.27887
          ],
          [
            101.646185,
            31.278513
          ],
          [
            101.646716,
            31.277963
          ],
          [
            101.646877,
            31.277552
          ],
          [
            101.647162,
            31.277115
          ],
          [
            101.647236,
            31.2769
          ],
          [
            101.647382,
            31.276704
          ],
          [
            101.647532,
            31.276345
          ],
          [
            101.647469,
            31.275172
          ],
          [
            101.647598,
            31.274803
          ],
          [
            101.647685,
            31.27427
          ],
          [
            101.647666,
            31.274157
          ],
          [
            101.64758,
            31.274095
          ],
          [
            101.647481,
            31.274179
          ],
          [
            101.64737,
            31.274423
          ],
          [
            101.647277,
            31.274467
          ],
          [
            101.647205,
            31.2744
          ],
          [
            101.647266,
            31.274089
          ],
          [
            101.6473,
            31.273974
          ],
          [
            101.648035,
            31.273015
          ],
          [
            101.648256,
            31.272803
          ],
          [
            101.648578,
            31.272601
          ],
          [
            101.649312,
            31.272256
          ],
          [
            101.650238,
            31.271727
          ],
          [
            101.650436,
            31.271583
          ],
          [
            101.651032,
            31.271048
          ],
          [
            101.651426,
            31.270457
          ],
          [
            101.651753,
            31.270118
          ],
          [
            101.651962,
            31.269798
          ],
          [
            101.652184,
            31.269342
          ],
          [
            101.652623,
            31.268831
          ],
          [
            101.652949,
            31.268368
          ],
          [
            101.653374,
            31.267929
          ],
          [
            101.65402,
            31.26749
          ],
          [
            101.654419,
            31.267172
          ],
          [
            101.65486,
            31.266999
          ],
          [
            101.655334,
            31.266692
          ],
          [
            101.65585,
            31.266435
          ],
          [
            101.656519,
            31.265785
          ],
          [
            101.656951,
            31.265578
          ],
          [
            101.657052,
            31.265485
          ],
          [
            101.657322,
            31.26489
          ],
          [
            101.657929,
            31.26452
          ],
          [
            101.658093,
            31.264324
          ],
          [
            101.658262,
            31.263969
          ],
          [
            101.658293,
            31.263728
          ],
          [
            101.658346,
            31.26362
          ],
          [
            101.658607,
            31.263242
          ],
          [
            101.658696,
            31.263004
          ],
          [
            101.658934,
            31.262704
          ],
          [
            101.65904,
            31.2624
          ],
          [
            101.659121,
            31.261935
          ],
          [
            101.659146,
            31.26151
          ],
          [
            101.659081,
            31.261183
          ],
          [
            101.659204,
            31.260219
          ],
          [
            101.659103,
            31.260011
          ],
          [
            101.658863,
            31.259782
          ],
          [
            101.658816,
            31.259197
          ],
          [
            101.658686,
            31.258889
          ],
          [
            101.658585,
            31.258764
          ],
          [
            101.658281,
            31.258564
          ],
          [
            101.657667,
            31.258353
          ],
          [
            101.657511,
            31.258121
          ],
          [
            101.657435,
            31.257797
          ],
          [
            101.657408,
            31.256665
          ],
          [
            101.657552,
            31.256419
          ],
          [
            101.657793,
            31.256226
          ],
          [
            101.65841,
            31.255832
          ],
          [
            101.658606,
            31.255654
          ],
          [
            101.658862,
            31.255327
          ],
          [
            101.658988,
            31.25526
          ],
          [
            101.659158,
            31.255228
          ],
          [
            101.659732,
            31.25525
          ],
          [
            101.659899,
            31.255202
          ],
          [
            101.660125,
            31.254986
          ],
          [
            101.660292,
            31.254907
          ],
          [
            101.66061,
            31.254867
          ],
          [
            101.660966,
            31.254723
          ],
          [
            101.661444,
            31.254279
          ],
          [
            101.661566,
            31.254119
          ],
          [
            101.66171,
            31.253737
          ],
          [
            101.661895,
            31.253502
          ],
          [
            101.66202,
            31.253412
          ],
          [
            101.662543,
            31.253178
          ],
          [
            101.66295,
            31.252917
          ],
          [
            101.66312,
            31.252848
          ],
          [
            101.663444,
            31.252735
          ],
          [
            101.663606,
            31.252714
          ],
          [
            101.663869,
            31.252593
          ],
          [
            101.664206,
            31.252537
          ],
          [
            101.664491,
            31.252437
          ],
          [
            101.665428,
            31.251855
          ],
          [
            101.665538,
            31.251769
          ],
          [
            101.665737,
            31.251267
          ],
          [
            101.665866,
            31.251051
          ],
          [
            101.666685,
            31.250616
          ],
          [
            101.666841,
            31.250321
          ],
          [
            101.66691,
            31.250038
          ],
          [
            101.666996,
            31.249936
          ],
          [
            101.667516,
            31.24967
          ],
          [
            101.667757,
            31.249132
          ],
          [
            101.667831,
            31.248709
          ],
          [
            101.667834,
            31.248477
          ],
          [
            101.668015,
            31.248086
          ],
          [
            101.668346,
            31.247756
          ],
          [
            101.668464,
            31.247705
          ],
          [
            101.668728,
            31.247713
          ],
          [
            101.668855,
            31.247633
          ],
          [
            101.668956,
            31.247505
          ],
          [
            101.668939,
            31.247212
          ],
          [
            101.669011,
            31.246922
          ],
          [
            101.669464,
            31.246421
          ],
          [
            101.669848,
            31.245754
          ],
          [
            101.669853,
            31.245596
          ],
          [
            101.669609,
            31.245219
          ],
          [
            101.669685,
            31.244967
          ],
          [
            101.669584,
            31.244181
          ],
          [
            101.669594,
            31.243815
          ],
          [
            101.669387,
            31.242873
          ],
          [
            101.669456,
            31.242637
          ],
          [
            101.669655,
            31.242331
          ],
          [
            101.669686,
            31.242005
          ],
          [
            101.669991,
            31.241325
          ],
          [
            101.670015,
            31.241059
          ],
          [
            101.670175,
            31.240654
          ],
          [
            101.670169,
            31.240503
          ],
          [
            101.670012,
            31.240259
          ],
          [
            101.670015,
            31.240144
          ],
          [
            101.670058,
            31.240021
          ],
          [
            101.670219,
            31.239792
          ],
          [
            101.670149,
            31.239571
          ],
          [
            101.670176,
            31.239468
          ],
          [
            101.670352,
            31.239301
          ],
          [
            101.67037,
            31.239188
          ],
          [
            101.670206,
            31.238826
          ],
          [
            101.669963,
            31.238461
          ],
          [
            101.669832,
            31.238168
          ],
          [
            101.669835,
            31.237643
          ],
          [
            101.669883,
            31.237555
          ],
          [
            101.670059,
            31.237401
          ],
          [
            101.670136,
            31.237155
          ],
          [
            101.670249,
            31.237048
          ],
          [
            101.670527,
            31.236614
          ],
          [
            101.670992,
            31.236136
          ],
          [
            101.671077,
            31.235983
          ],
          [
            101.671037,
            31.235727
          ],
          [
            101.671079,
            31.23561
          ],
          [
            101.671592,
            31.235058
          ],
          [
            101.67148,
            31.235063
          ],
          [
            101.671373,
            31.235115
          ],
          [
            101.671357,
            31.235025
          ],
          [
            101.671574,
            31.234851
          ],
          [
            101.672305,
            31.234006
          ],
          [
            101.672627,
            31.233785
          ],
          [
            101.672818,
            31.233567
          ],
          [
            101.673068,
            31.233358
          ],
          [
            101.673527,
            31.232818
          ],
          [
            101.673696,
            31.232517
          ],
          [
            101.673824,
            31.23242
          ],
          [
            101.674414,
            31.232196
          ],
          [
            101.67491,
            31.231864
          ],
          [
            101.675235,
            31.231804
          ],
          [
            101.675699,
            31.231467
          ],
          [
            101.676101,
            31.230994
          ],
          [
            101.676824,
            31.230415
          ],
          [
            101.678136,
            31.229612
          ],
          [
            101.678518,
            31.229458
          ],
          [
            101.679059,
            31.229171
          ],
          [
            101.679196,
            31.229148
          ],
          [
            101.680303,
            31.228526
          ],
          [
            101.680172,
            31.228336
          ],
          [
            101.680193,
            31.22823
          ],
          [
            101.680376,
            31.227957
          ],
          [
            101.680549,
            31.227498
          ],
          [
            101.680642,
            31.227349
          ],
          [
            101.680812,
            31.22684
          ],
          [
            101.680842,
            31.226431
          ],
          [
            101.680934,
            31.226116
          ],
          [
            101.680894,
            31.225794
          ],
          [
            101.680801,
            31.22554
          ],
          [
            101.680843,
            31.225227
          ],
          [
            101.680665,
            31.224635
          ],
          [
            101.680471,
            31.224311
          ],
          [
            101.680342,
            31.224201
          ],
          [
            101.679959,
            31.224138
          ],
          [
            101.679744,
            31.224032
          ],
          [
            101.679124,
            31.223924
          ],
          [
            101.678704,
            31.223797
          ],
          [
            101.678239,
            31.223742
          ],
          [
            101.678047,
            31.223644
          ],
          [
            101.677933,
            31.223478
          ],
          [
            101.677944,
            31.22329
          ],
          [
            101.677879,
            31.22278
          ],
          [
            101.67767,
            31.222358
          ],
          [
            101.677523,
            31.221767
          ],
          [
            101.677554,
            31.221665
          ],
          [
            101.677783,
            31.221311
          ],
          [
            101.677911,
            31.221212
          ],
          [
            101.678009,
            31.22107
          ],
          [
            101.678244,
            31.220551
          ],
          [
            101.678207,
            31.220222
          ],
          [
            101.677969,
            31.219721
          ],
          [
            101.678088,
            31.219171
          ],
          [
            101.67813,
            31.218653
          ],
          [
            101.678264,
            31.218195
          ],
          [
            101.678228,
            31.218067
          ],
          [
            101.678023,
            31.21764
          ],
          [
            101.677739,
            31.217276
          ],
          [
            101.677303,
            31.21698
          ],
          [
            101.677185,
            31.216854
          ],
          [
            101.677132,
            31.216715
          ],
          [
            101.676569,
            31.215992
          ],
          [
            101.676285,
            31.215761
          ],
          [
            101.675996,
            31.215614
          ],
          [
            101.675524,
            31.215204
          ],
          [
            101.675292,
            31.214781
          ],
          [
            101.675149,
            31.214464
          ],
          [
            101.675027,
            31.21393
          ],
          [
            101.674996,
            31.213723
          ],
          [
            101.67503,
            31.213276
          ],
          [
            101.674991,
            31.212973
          ],
          [
            101.674706,
            31.212358
          ],
          [
            101.674679,
            31.212132
          ],
          [
            101.674686,
            31.212005
          ],
          [
            101.674742,
            31.211874
          ],
          [
            101.67494,
            31.211565
          ],
          [
            101.674986,
            31.211366
          ],
          [
            101.674976,
            31.210967
          ],
          [
            101.674751,
            31.210694
          ],
          [
            101.674509,
            31.210538
          ],
          [
            101.674094,
            31.210347
          ],
          [
            101.673826,
            31.210309
          ],
          [
            101.673469,
            31.210162
          ],
          [
            101.673386,
            31.210101
          ],
          [
            101.673241,
            31.209848
          ],
          [
            101.673175,
            31.209636
          ],
          [
            101.673267,
            31.209063
          ],
          [
            101.673233,
            31.20886
          ],
          [
            101.673261,
            31.208636
          ],
          [
            101.673205,
            31.208377
          ],
          [
            101.673183,
            31.207982
          ],
          [
            101.673233,
            31.20776
          ],
          [
            101.673235,
            31.207528
          ],
          [
            101.673272,
            31.207312
          ],
          [
            101.673319,
            31.207229
          ],
          [
            101.673416,
            31.207171
          ],
          [
            101.673676,
            31.206622
          ],
          [
            101.673677,
            31.206497
          ],
          [
            101.673602,
            31.20628
          ],
          [
            101.673855,
            31.206163
          ],
          [
            101.673906,
            31.206059
          ],
          [
            101.673718,
            31.20566
          ],
          [
            101.673704,
            31.205507
          ],
          [
            101.673764,
            31.205161
          ],
          [
            101.673953,
            31.205045
          ],
          [
            101.673907,
            31.204822
          ],
          [
            101.673879,
            31.204709
          ],
          [
            101.673733,
            31.204475
          ],
          [
            101.673257,
            31.203901
          ],
          [
            101.672725,
            31.203431
          ],
          [
            101.672395,
            31.203193
          ],
          [
            101.672225,
            31.203118
          ],
          [
            101.67214,
            31.203018
          ],
          [
            101.672096,
            31.201944
          ],
          [
            101.672063,
            31.201813
          ],
          [
            101.671866,
            31.201488
          ],
          [
            101.671438,
            31.201022
          ],
          [
            101.67122,
            31.200638
          ],
          [
            101.671132,
            31.200402
          ],
          [
            101.671127,
            31.200173
          ],
          [
            101.671457,
            31.199697
          ],
          [
            101.671627,
            31.199339
          ],
          [
            101.671736,
            31.198514
          ],
          [
            101.671887,
            31.198109
          ],
          [
            101.671901,
            31.197828
          ],
          [
            101.671972,
            31.197737
          ],
          [
            101.67219,
            31.197646
          ],
          [
            101.672232,
            31.197524
          ],
          [
            101.672235,
            31.197249
          ],
          [
            101.672335,
            31.196938
          ],
          [
            101.672522,
            31.196628
          ],
          [
            101.672832,
            31.19624
          ],
          [
            101.673007,
            31.195855
          ],
          [
            101.673039,
            31.195491
          ],
          [
            101.672918,
            31.195188
          ],
          [
            101.672711,
            31.194931
          ],
          [
            101.672651,
            31.194787
          ],
          [
            101.672694,
            31.194483
          ],
          [
            101.672937,
            31.19407
          ],
          [
            101.673986,
            31.193108
          ],
          [
            101.674067,
            31.192984
          ],
          [
            101.674098,
            31.192881
          ],
          [
            101.674055,
            31.192643
          ],
          [
            101.673919,
            31.192294
          ],
          [
            101.674182,
            31.191762
          ],
          [
            101.674324,
            31.191138
          ],
          [
            101.674487,
            31.190849
          ],
          [
            101.674525,
            31.190611
          ],
          [
            101.674612,
            31.190559
          ],
          [
            101.674535,
            31.189846
          ],
          [
            101.674549,
            31.189732
          ],
          [
            101.67475,
            31.189298
          ],
          [
            101.67482,
            31.188992
          ],
          [
            101.674788,
            31.188894
          ],
          [
            101.67482,
            31.188781
          ],
          [
            101.674964,
            31.188618
          ],
          [
            101.675354,
            31.188363
          ],
          [
            101.675684,
            31.188272
          ],
          [
            101.676009,
            31.188128
          ],
          [
            101.676231,
            31.187864
          ],
          [
            101.67631,
            31.187712
          ],
          [
            101.676338,
            31.187269
          ],
          [
            101.676307,
            31.187069
          ],
          [
            101.676276,
            31.186974
          ],
          [
            101.675962,
            31.186632
          ],
          [
            101.675884,
            31.186398
          ],
          [
            101.675937,
            31.186152
          ],
          [
            101.676001,
            31.186234
          ],
          [
            101.676112,
            31.186072
          ],
          [
            101.676034,
            31.186146
          ],
          [
            101.676093,
            31.186056
          ],
          [
            101.676028,
            31.185982
          ],
          [
            101.675923,
            31.18594
          ],
          [
            101.675844,
            31.185834
          ],
          [
            101.67582,
            31.185637
          ],
          [
            101.67569,
            31.185617
          ],
          [
            101.67555,
            31.185542
          ],
          [
            101.67541,
            31.185384
          ],
          [
            101.675308,
            31.185185
          ],
          [
            101.675249,
            31.184982
          ],
          [
            101.675234,
            31.184693
          ],
          [
            101.675036,
            31.184328
          ],
          [
            101.675008,
            31.184208
          ],
          [
            101.675076,
            31.183975
          ],
          [
            101.674925,
            31.183028
          ],
          [
            101.674945,
            31.182867
          ],
          [
            101.674887,
            31.18273
          ],
          [
            101.674788,
            31.182615
          ],
          [
            101.674558,
            31.182447
          ],
          [
            101.67438,
            31.182173
          ],
          [
            101.674326,
            31.182015
          ],
          [
            101.674155,
            31.181831
          ],
          [
            101.673996,
            31.181444
          ],
          [
            101.673743,
            31.180981
          ],
          [
            101.673704,
            31.180823
          ],
          [
            101.673715,
            31.180523
          ],
          [
            101.673555,
            31.179999
          ],
          [
            101.673526,
            31.179557
          ],
          [
            101.673337,
            31.178815
          ],
          [
            101.673121,
            31.178197
          ],
          [
            101.673006,
            31.178032
          ],
          [
            101.672686,
            31.177672
          ],
          [
            101.67256,
            31.177601
          ],
          [
            101.672309,
            31.177353
          ],
          [
            101.672135,
            31.177137
          ],
          [
            101.671817,
            31.176922
          ],
          [
            101.671337,
            31.176482
          ],
          [
            101.670553,
            31.175585
          ],
          [
            101.6703,
            31.175348
          ],
          [
            101.670033,
            31.175156
          ],
          [
            101.66916,
            31.175
          ],
          [
            101.668533,
            31.174707
          ],
          [
            101.668108,
            31.174404
          ],
          [
            101.667922,
            31.174023
          ],
          [
            101.667269,
            31.173495
          ],
          [
            101.666941,
            31.173367
          ],
          [
            101.666664,
            31.173209
          ],
          [
            101.666308,
            31.173065
          ],
          [
            101.665754,
            31.173051
          ],
          [
            101.665309,
            31.172851
          ],
          [
            101.664994,
            31.172804
          ],
          [
            101.664581,
            31.172614
          ],
          [
            101.664171,
            31.172305
          ],
          [
            101.664063,
            31.172173
          ],
          [
            101.663847,
            31.171629
          ],
          [
            101.663656,
            31.171415
          ],
          [
            101.663626,
            31.171316
          ],
          [
            101.663671,
            31.171029
          ],
          [
            101.66363,
            31.170767
          ],
          [
            101.663716,
            31.170619
          ],
          [
            101.663752,
            31.170468
          ],
          [
            101.663695,
            31.170005
          ],
          [
            101.663717,
            31.169697
          ],
          [
            101.663503,
            31.169181
          ],
          [
            101.663477,
            31.169018
          ],
          [
            101.6635,
            31.168668
          ],
          [
            101.663392,
            31.16823
          ],
          [
            101.663329,
            31.167046
          ],
          [
            101.66337,
            31.166856
          ],
          [
            101.663585,
            31.166429
          ],
          [
            101.66366,
            31.166365
          ],
          [
            101.664081,
            31.166287
          ],
          [
            101.664225,
            31.166308
          ],
          [
            101.66436,
            31.166277
          ],
          [
            101.665191,
            31.165851
          ],
          [
            101.665606,
            31.165389
          ],
          [
            101.665644,
            31.165298
          ],
          [
            101.665753,
            31.165232
          ],
          [
            101.666104,
            31.164873
          ],
          [
            101.666337,
            31.164721
          ],
          [
            101.666507,
            31.164511
          ],
          [
            101.666989,
            31.164186
          ],
          [
            101.667281,
            31.163619
          ],
          [
            101.667853,
            31.163084
          ],
          [
            101.668025,
            31.162993
          ],
          [
            101.66849,
            31.162891
          ],
          [
            101.668748,
            31.162712
          ],
          [
            101.669115,
            31.162201
          ],
          [
            101.66902,
            31.161591
          ],
          [
            101.669071,
            31.161466
          ],
          [
            101.669496,
            31.161186
          ],
          [
            101.669566,
            31.161106
          ],
          [
            101.669707,
            31.160626
          ],
          [
            101.669969,
            31.160163
          ],
          [
            101.670397,
            31.159592
          ],
          [
            101.670717,
            31.159236
          ],
          [
            101.670898,
            31.158947
          ],
          [
            101.670918,
            31.158854
          ],
          [
            101.670872,
            31.158938
          ],
          [
            101.670806,
            31.159134
          ],
          [
            101.670614,
            31.15925
          ],
          [
            101.670788,
            31.159084
          ],
          [
            101.671008,
            31.158644
          ],
          [
            101.670979,
            31.158456
          ],
          [
            101.670891,
            31.158352
          ],
          [
            101.670683,
            31.158253
          ],
          [
            101.670648,
            31.158003
          ],
          [
            101.670666,
            31.157728
          ],
          [
            101.670591,
            31.157449
          ],
          [
            101.670516,
            31.15735
          ],
          [
            101.670148,
            31.157048
          ],
          [
            101.670006,
            31.156494
          ],
          [
            101.669431,
            31.155796
          ],
          [
            101.669328,
            31.155463
          ],
          [
            101.668988,
            31.154968
          ],
          [
            101.668758,
            31.1547
          ],
          [
            101.668775,
            31.154417
          ],
          [
            101.668686,
            31.153712
          ],
          [
            101.668787,
            31.15344
          ],
          [
            101.668792,
            31.153308
          ],
          [
            101.668642,
            31.152754
          ],
          [
            101.66864,
            31.152309
          ],
          [
            101.668691,
            31.15203
          ],
          [
            101.668612,
            31.151452
          ],
          [
            101.668655,
            31.151305
          ],
          [
            101.668789,
            31.151193
          ],
          [
            101.669136,
            31.150647
          ],
          [
            101.669508,
            31.150485
          ],
          [
            101.670272,
            31.150033
          ],
          [
            101.67066,
            31.150104
          ],
          [
            101.670816,
            31.15008
          ],
          [
            101.670953,
            31.150013
          ],
          [
            101.67113,
            31.149757
          ],
          [
            101.67135,
            31.149268
          ],
          [
            101.671574,
            31.14911
          ],
          [
            101.671758,
            31.149078
          ],
          [
            101.671856,
            31.149017
          ],
          [
            101.671916,
            31.148901
          ],
          [
            101.671895,
            31.148804
          ],
          [
            101.672033,
            31.148614
          ],
          [
            101.672351,
            31.148514
          ],
          [
            101.672723,
            31.148465
          ],
          [
            101.673133,
            31.148277
          ],
          [
            101.673744,
            31.148054
          ],
          [
            101.673895,
            31.147625
          ],
          [
            101.674347,
            31.147065
          ],
          [
            101.674489,
            31.14679
          ],
          [
            101.674642,
            31.14646
          ],
          [
            101.674747,
            31.145917
          ],
          [
            101.674683,
            31.145529
          ],
          [
            101.674578,
            31.145338
          ],
          [
            101.674572,
            31.145173
          ],
          [
            101.674663,
            31.144765
          ],
          [
            101.67474,
            31.144615
          ],
          [
            101.67512,
            31.144118
          ],
          [
            101.675565,
            31.143599
          ],
          [
            101.675621,
            31.143442
          ],
          [
            101.675696,
            31.142667
          ],
          [
            101.675927,
            31.142411
          ],
          [
            101.67614,
            31.142021
          ],
          [
            101.676184,
            31.14185
          ],
          [
            101.676189,
            31.141402
          ],
          [
            101.676506,
            31.140993
          ],
          [
            101.676474,
            31.140563
          ],
          [
            101.676268,
            31.140226
          ],
          [
            101.676232,
            31.140106
          ],
          [
            101.676327,
            31.13963
          ],
          [
            101.676459,
            31.139398
          ],
          [
            101.676686,
            31.13877
          ],
          [
            101.677064,
            31.138156
          ],
          [
            101.67719,
            31.137829
          ],
          [
            101.677229,
            31.137534
          ],
          [
            101.677186,
            31.137145
          ],
          [
            101.67726,
            31.136533
          ],
          [
            101.677132,
            31.136082
          ],
          [
            101.677222,
            31.135635
          ],
          [
            101.677232,
            31.135189
          ],
          [
            101.677293,
            31.13509
          ],
          [
            101.677422,
            31.135029
          ],
          [
            101.677875,
            31.134891
          ],
          [
            101.678045,
            31.134711
          ],
          [
            101.678281,
            31.134005
          ],
          [
            101.678518,
            31.133096
          ],
          [
            101.678546,
            31.132878
          ],
          [
            101.678502,
            31.132488
          ],
          [
            101.678629,
            31.132234
          ],
          [
            101.678655,
            31.131792
          ],
          [
            101.67844,
            31.131363
          ],
          [
            101.678028,
            31.131004
          ],
          [
            101.678079,
            31.130919
          ],
          [
            101.678516,
            31.130747
          ],
          [
            101.678817,
            31.130488
          ],
          [
            101.678935,
            31.130255
          ],
          [
            101.678876,
            31.12988
          ],
          [
            101.678938,
            31.129806
          ],
          [
            101.678961,
            31.129698
          ],
          [
            101.678875,
            31.129306
          ],
          [
            101.678731,
            31.128957
          ],
          [
            101.678763,
            31.128715
          ],
          [
            101.67865,
            31.128364
          ],
          [
            101.678633,
            31.128138
          ],
          [
            101.678381,
            31.127793
          ],
          [
            101.678173,
            31.127085
          ],
          [
            101.678139,
            31.126942
          ],
          [
            101.678167,
            31.126684
          ],
          [
            101.678125,
            31.126393
          ],
          [
            101.678088,
            31.126299
          ],
          [
            101.677999,
            31.126218
          ],
          [
            101.677892,
            31.126148
          ],
          [
            101.67766,
            31.126081
          ],
          [
            101.677609,
            31.125991
          ],
          [
            101.677813,
            31.125497
          ],
          [
            101.677857,
            31.125028
          ],
          [
            101.677741,
            31.12442
          ],
          [
            101.677798,
            31.123932
          ],
          [
            101.677545,
            31.123028
          ],
          [
            101.677423,
            31.122825
          ],
          [
            101.677343,
            31.122735
          ],
          [
            101.677251,
            31.122691
          ],
          [
            101.677025,
            31.121969
          ],
          [
            101.676963,
            31.121861
          ],
          [
            101.676887,
            31.121779
          ],
          [
            101.676524,
            31.121574
          ],
          [
            101.676474,
            31.121468
          ],
          [
            101.676267,
            31.121233
          ],
          [
            101.676112,
            31.120822
          ],
          [
            101.675913,
            31.120506
          ],
          [
            101.675805,
            31.120017
          ],
          [
            101.675881,
            31.119582
          ],
          [
            101.675914,
            31.119059
          ],
          [
            101.675866,
            31.118875
          ],
          [
            101.675621,
            31.118706
          ],
          [
            101.675552,
            31.118461
          ],
          [
            101.675418,
            31.118247
          ],
          [
            101.674387,
            31.117118
          ],
          [
            101.674355,
            31.116922
          ],
          [
            101.674075,
            31.116247
          ],
          [
            101.673825,
            31.115076
          ],
          [
            101.673701,
            31.114853
          ],
          [
            101.673293,
            31.114506
          ],
          [
            101.673152,
            31.114145
          ],
          [
            101.673267,
            31.11372
          ],
          [
            101.673216,
            31.113441
          ],
          [
            101.672656,
            31.112469
          ],
          [
            101.67232,
            31.111724
          ],
          [
            101.672437,
            31.110843
          ],
          [
            101.672534,
            31.107654
          ],
          [
            101.672584,
            31.107171
          ],
          [
            101.672455,
            31.105552
          ],
          [
            101.672518,
            31.105091
          ],
          [
            101.672699,
            31.104482
          ],
          [
            101.67275,
            31.104102
          ],
          [
            101.672713,
            31.102231
          ],
          [
            101.672722,
            31.102136
          ],
          [
            101.67281,
            31.102008
          ],
          [
            101.672736,
            31.101833
          ],
          [
            101.672747,
            31.101562
          ],
          [
            101.672957,
            31.099875
          ],
          [
            101.672784,
            31.099332
          ],
          [
            101.672025,
            31.098306
          ],
          [
            101.671763,
            31.096897
          ],
          [
            101.671587,
            31.096686
          ],
          [
            101.671326,
            31.096265
          ],
          [
            101.671258,
            31.09594
          ],
          [
            101.671258,
            31.095546
          ],
          [
            101.671472,
            31.094968
          ],
          [
            101.671521,
            31.094623
          ],
          [
            101.671484,
            31.09433
          ],
          [
            101.67138,
            31.094113
          ],
          [
            101.670817,
            31.093334
          ],
          [
            101.670693,
            31.092871
          ],
          [
            101.670906,
            31.092765
          ],
          [
            101.670853,
            31.092476
          ],
          [
            101.670572,
            31.091913
          ],
          [
            101.670475,
            31.091344
          ],
          [
            101.670529,
            31.091174
          ],
          [
            101.670667,
            31.090998
          ],
          [
            101.670793,
            31.090702
          ],
          [
            101.670842,
            31.090485
          ],
          [
            101.670895,
            31.08955
          ],
          [
            101.670968,
            31.089011
          ],
          [
            101.670946,
            31.088693
          ],
          [
            101.671,
            31.088448
          ],
          [
            101.671091,
            31.088329
          ],
          [
            101.671097,
            31.088183
          ],
          [
            101.671055,
            31.088016
          ],
          [
            101.670814,
            31.087675
          ],
          [
            101.670292,
            31.087029
          ],
          [
            101.669971,
            31.086775
          ],
          [
            101.669592,
            31.086518
          ],
          [
            101.669198,
            31.086379
          ],
          [
            101.668637,
            31.086255
          ],
          [
            101.66848,
            31.086125
          ],
          [
            101.668444,
            31.085679
          ],
          [
            101.668224,
            31.085426
          ],
          [
            101.667881,
            31.08512
          ],
          [
            101.667758,
            31.084948
          ],
          [
            101.667721,
            31.084739
          ],
          [
            101.667817,
            31.083936
          ],
          [
            101.667798,
            31.083672
          ],
          [
            101.667716,
            31.083286
          ],
          [
            101.667594,
            31.083067
          ],
          [
            101.667019,
            31.082389
          ],
          [
            101.666885,
            31.08228
          ],
          [
            101.666576,
            31.082148
          ],
          [
            101.666055,
            31.082024
          ],
          [
            101.665867,
            31.081943
          ],
          [
            101.665337,
            31.08154
          ],
          [
            101.66472,
            31.081232
          ],
          [
            101.664026,
            31.080797
          ],
          [
            101.663628,
            31.080641
          ],
          [
            101.663257,
            31.08045
          ],
          [
            101.66283,
            31.080097
          ],
          [
            101.662485,
            31.080033
          ],
          [
            101.66237,
            31.079979
          ],
          [
            101.662162,
            31.079847
          ],
          [
            101.661931,
            31.079552
          ],
          [
            101.66175,
            31.079392
          ],
          [
            101.661282,
            31.079186
          ],
          [
            101.660628,
            31.078453
          ],
          [
            101.660137,
            31.078253
          ],
          [
            101.659755,
            31.078021
          ],
          [
            101.659058,
            31.077721
          ],
          [
            101.658063,
            31.077178
          ],
          [
            101.65785,
            31.076973
          ],
          [
            101.657491,
            31.076509
          ],
          [
            101.657425,
            31.076378
          ],
          [
            101.657395,
            31.076129
          ],
          [
            101.657278,
            31.076032
          ],
          [
            101.657152,
            31.076011
          ],
          [
            101.656948,
            31.075891
          ],
          [
            101.656075,
            31.075263
          ],
          [
            101.655695,
            31.075042
          ],
          [
            101.655576,
            31.074816
          ],
          [
            101.655522,
            31.074168
          ],
          [
            101.655478,
            31.074063
          ],
          [
            101.655222,
            31.073796
          ],
          [
            101.655096,
            31.073587
          ],
          [
            101.654912,
            31.073485
          ],
          [
            101.654652,
            31.073459
          ],
          [
            101.654547,
            31.07338
          ],
          [
            101.654376,
            31.073113
          ],
          [
            101.654143,
            31.072895
          ],
          [
            101.65368,
            31.072697
          ],
          [
            101.653517,
            31.072672
          ],
          [
            101.653208,
            31.072703
          ],
          [
            101.653095,
            31.072793
          ],
          [
            101.652185,
            31.072909
          ],
          [
            101.652033,
            31.072883
          ],
          [
            101.651966,
            31.072793
          ],
          [
            101.652381,
            31.072663
          ],
          [
            101.652347,
            31.072565
          ],
          [
            101.652271,
            31.07263
          ],
          [
            101.65207,
            31.072675
          ],
          [
            101.651022,
            31.072684
          ],
          [
            101.651032,
            31.072414
          ],
          [
            101.65146,
            31.072365
          ],
          [
            101.652044,
            31.072011
          ],
          [
            101.652197,
            31.071881
          ],
          [
            101.65238,
            31.071499
          ],
          [
            101.652578,
            31.071284
          ],
          [
            101.652565,
            31.071182
          ],
          [
            101.652234,
            31.071111
          ],
          [
            101.651897,
            31.070821
          ],
          [
            101.651428,
            31.070531
          ],
          [
            101.651789,
            31.070733
          ],
          [
            101.65138,
            31.070513
          ],
          [
            101.650814,
            31.070105
          ],
          [
            101.650354,
            31.069845
          ],
          [
            101.649472,
            31.069163
          ],
          [
            101.64855,
            31.068603
          ],
          [
            101.648309,
            31.068423
          ],
          [
            101.647706,
            31.068177
          ],
          [
            101.647535,
            31.068054
          ],
          [
            101.647434,
            31.067911
          ],
          [
            101.647301,
            31.067659
          ],
          [
            101.647222,
            31.067391
          ],
          [
            101.646212,
            31.066616
          ],
          [
            101.646123,
            31.066336
          ],
          [
            101.645871,
            31.066077
          ],
          [
            101.645969,
            31.065687
          ],
          [
            101.645917,
            31.065258
          ],
          [
            101.64581,
            31.064952
          ],
          [
            101.645822,
            31.064732
          ],
          [
            101.645781,
            31.064449
          ],
          [
            101.645698,
            31.0642
          ],
          [
            101.645446,
            31.063883
          ],
          [
            101.645046,
            31.063644
          ],
          [
            101.644712,
            31.063512
          ],
          [
            101.64457,
            31.063415
          ],
          [
            101.644491,
            31.063274
          ],
          [
            101.644295,
            31.062731
          ],
          [
            101.644232,
            31.062024
          ],
          [
            101.6438,
            31.060656
          ],
          [
            101.64372,
            31.060304
          ],
          [
            101.642671,
            31.059469
          ],
          [
            101.640955,
            31.057872
          ],
          [
            101.63958,
            31.056508
          ],
          [
            101.639187,
            31.056052
          ],
          [
            101.639005,
            31.055662
          ],
          [
            101.638933,
            31.055304
          ],
          [
            101.638983,
            31.055203
          ],
          [
            101.638853,
            31.054472
          ],
          [
            101.638648,
            31.05396
          ],
          [
            101.638319,
            31.053463
          ],
          [
            101.637522,
            31.051916
          ],
          [
            101.637147,
            31.051641
          ],
          [
            101.636789,
            31.051219
          ],
          [
            101.636653,
            31.050973
          ],
          [
            101.636455,
            31.050382
          ],
          [
            101.636433,
            31.050011
          ],
          [
            101.636291,
            31.049638
          ],
          [
            101.636295,
            31.049191
          ],
          [
            101.636164,
            31.049175
          ],
          [
            101.635621,
            31.049536
          ],
          [
            101.635455,
            31.049612
          ],
          [
            101.635086,
            31.049576
          ],
          [
            101.634037,
            31.049345
          ],
          [
            101.633843,
            31.049256
          ],
          [
            101.633516,
            31.048989
          ],
          [
            101.633272,
            31.048727
          ],
          [
            101.633114,
            31.048638
          ],
          [
            101.632362,
            31.048444
          ],
          [
            101.63208,
            31.048423
          ],
          [
            101.631593,
            31.04851
          ],
          [
            101.631474,
            31.048474
          ],
          [
            101.63139,
            31.048382
          ],
          [
            101.631371,
            31.048266
          ],
          [
            101.631461,
            31.047735
          ],
          [
            101.631415,
            31.047651
          ],
          [
            101.630683,
            31.047496
          ],
          [
            101.629698,
            31.047481
          ],
          [
            101.62958,
            31.047455
          ],
          [
            101.627873,
            31.046695
          ],
          [
            101.62747,
            31.046623
          ],
          [
            101.626765,
            31.046665
          ],
          [
            101.626409,
            31.046734
          ],
          [
            101.625098,
            31.047276
          ],
          [
            101.624886,
            31.047434
          ],
          [
            101.624763,
            31.047862
          ],
          [
            101.624688,
            31.047932
          ],
          [
            101.624551,
            31.047966
          ],
          [
            101.623982,
            31.047726
          ],
          [
            101.623762,
            31.047747
          ],
          [
            101.62336,
            31.047931
          ],
          [
            101.623141,
            31.047989
          ],
          [
            101.622455,
            31.048006
          ],
          [
            101.621905,
            31.048095
          ],
          [
            101.621481,
            31.048081
          ],
          [
            101.621112,
            31.048121
          ],
          [
            101.620936,
            31.048052
          ],
          [
            101.620493,
            31.047791
          ],
          [
            101.620377,
            31.047785
          ],
          [
            101.620307,
            31.047857
          ],
          [
            101.620337,
            31.047961
          ],
          [
            101.620762,
            31.048234
          ],
          [
            101.620861,
            31.048364
          ],
          [
            101.620816,
            31.048528
          ],
          [
            101.620538,
            31.048401
          ],
          [
            101.620461,
            31.048234
          ],
          [
            101.620251,
            31.048017
          ],
          [
            101.619335,
            31.047855
          ],
          [
            101.618835,
            31.047615
          ],
          [
            101.618482,
            31.047622
          ],
          [
            101.617807,
            31.047451
          ],
          [
            101.617442,
            31.047453
          ],
          [
            101.617074,
            31.047516
          ],
          [
            101.616565,
            31.047838
          ],
          [
            101.616323,
            31.047896
          ],
          [
            101.616191,
            31.047888
          ],
          [
            101.611738,
            31.046981
          ],
          [
            101.608927,
            31.046714
          ],
          [
            101.608227,
            31.046579
          ],
          [
            101.607455,
            31.046275
          ],
          [
            101.60672,
            31.046318
          ],
          [
            101.606479,
            31.046239
          ],
          [
            101.605671,
            31.045779
          ],
          [
            101.605254,
            31.04564
          ],
          [
            101.604958,
            31.045614
          ],
          [
            101.604476,
            31.045668
          ],
          [
            101.604056,
            31.045666
          ],
          [
            101.603829,
            31.045558
          ],
          [
            101.603652,
            31.045406
          ],
          [
            101.603207,
            31.045237
          ],
          [
            101.602441,
            31.044792
          ],
          [
            101.602146,
            31.044732
          ],
          [
            101.601329,
            31.044954
          ],
          [
            101.600713,
            31.04519
          ],
          [
            101.600435,
            31.045204
          ],
          [
            101.600013,
            31.045163
          ],
          [
            101.599234,
            31.045011
          ],
          [
            101.598798,
            31.045096
          ],
          [
            101.597608,
            31.045213
          ],
          [
            101.59738,
            31.045288
          ],
          [
            101.597202,
            31.04543
          ],
          [
            101.597072,
            31.045608
          ],
          [
            101.596879,
            31.046033
          ],
          [
            101.596724,
            31.046209
          ],
          [
            101.596623,
            31.046264
          ],
          [
            101.596113,
            31.046367
          ],
          [
            101.595227,
            31.046456
          ],
          [
            101.59495,
            31.046527
          ],
          [
            101.594693,
            31.046528
          ],
          [
            101.594184,
            31.046366
          ],
          [
            101.593153,
            31.046128
          ],
          [
            101.592348,
            31.045664
          ],
          [
            101.591281,
            31.045157
          ],
          [
            101.590489,
            31.044649
          ],
          [
            101.590084,
            31.044449
          ],
          [
            101.589263,
            31.044076
          ],
          [
            101.588805,
            31.044041
          ],
          [
            101.588501,
            31.043928
          ],
          [
            101.588225,
            31.043717
          ],
          [
            101.587735,
            31.042967
          ],
          [
            101.587536,
            31.04277
          ],
          [
            101.587421,
            31.042784
          ],
          [
            101.587018,
            31.043118
          ],
          [
            101.586608,
            31.04336
          ],
          [
            101.585814,
            31.044397
          ],
          [
            101.585455,
            31.044787
          ],
          [
            101.584409,
            31.045318
          ],
          [
            101.583385,
            31.045572
          ],
          [
            101.583049,
            31.045597
          ],
          [
            101.582684,
            31.04557
          ],
          [
            101.582148,
            31.045637
          ],
          [
            101.581871,
            31.045629
          ],
          [
            101.581426,
            31.04547
          ],
          [
            101.581093,
            31.045394
          ],
          [
            101.579049,
            31.045239
          ],
          [
            101.578224,
            31.045075
          ],
          [
            101.577899,
            31.045042
          ],
          [
            101.577265,
            31.04506
          ],
          [
            101.576473,
            31.0452
          ],
          [
            101.575317,
            31.045183
          ],
          [
            101.574926,
            31.045263
          ],
          [
            101.574445,
            31.045463
          ],
          [
            101.574219,
            31.045593
          ],
          [
            101.573442,
            31.04615
          ],
          [
            101.572939,
            31.04644
          ],
          [
            101.572605,
            31.0467
          ],
          [
            101.57205,
            31.046924
          ],
          [
            101.571325,
            31.047129
          ],
          [
            101.570774,
            31.047124
          ],
          [
            101.570062,
            31.04697
          ],
          [
            101.569825,
            31.04699
          ],
          [
            101.56972,
            31.047032
          ],
          [
            101.569434,
            31.047226
          ],
          [
            101.56899,
            31.047687
          ],
          [
            101.568616,
            31.048681
          ],
          [
            101.568447,
            31.048973
          ],
          [
            101.568097,
            31.049136
          ],
          [
            101.567872,
            31.049169
          ],
          [
            101.567764,
            31.049161
          ],
          [
            101.567036,
            31.048917
          ],
          [
            101.566556,
            31.048879
          ],
          [
            101.566421,
            31.049037
          ],
          [
            101.565551,
            31.049327
          ],
          [
            101.565162,
            31.049523
          ],
          [
            101.564913,
            31.049716
          ],
          [
            101.564516,
            31.050107
          ],
          [
            101.563317,
            31.05091
          ],
          [
            101.562971,
            31.051289
          ],
          [
            101.562855,
            31.051494
          ],
          [
            101.562467,
            31.051966
          ],
          [
            101.562203,
            31.052385
          ],
          [
            101.561598,
            31.053182
          ],
          [
            101.561106,
            31.053667
          ],
          [
            101.560573,
            31.0545
          ],
          [
            101.560098,
            31.055051
          ],
          [
            101.559899,
            31.055342
          ],
          [
            101.559673,
            31.055774
          ],
          [
            101.559376,
            31.05621
          ],
          [
            101.559257,
            31.056283
          ],
          [
            101.558464,
            31.057084
          ],
          [
            101.558123,
            31.057355
          ],
          [
            101.558003,
            31.057578
          ],
          [
            101.557837,
            31.058174
          ],
          [
            101.55751,
            31.058935
          ],
          [
            101.557144,
            31.059514
          ],
          [
            101.556888,
            31.060047
          ],
          [
            101.556337,
            31.060623
          ],
          [
            101.55613,
            31.061042
          ],
          [
            101.556035,
            31.06129
          ],
          [
            101.555979,
            31.06185
          ],
          [
            101.555756,
            31.062606
          ],
          [
            101.555658,
            31.063143
          ],
          [
            101.555426,
            31.063644
          ],
          [
            101.554976,
            31.064252
          ],
          [
            101.554584,
            31.064591
          ],
          [
            101.554157,
            31.06503
          ],
          [
            101.553743,
            31.065614
          ],
          [
            101.552858,
            31.066356
          ],
          [
            101.552763,
            31.066486
          ],
          [
            101.552648,
            31.066785
          ],
          [
            101.552171,
            31.067525
          ],
          [
            101.552059,
            31.067719
          ],
          [
            101.552,
            31.067911
          ],
          [
            101.551799,
            31.068225
          ],
          [
            101.55113,
            31.068707
          ],
          [
            101.550377,
            31.069038
          ],
          [
            101.549603,
            31.069626
          ],
          [
            101.549092,
            31.069835
          ],
          [
            101.548658,
            31.070056
          ],
          [
            101.547733,
            31.070798
          ],
          [
            101.54751,
            31.070924
          ],
          [
            101.546533,
            31.071315
          ],
          [
            101.545598,
            31.072011
          ],
          [
            101.544929,
            31.072274
          ],
          [
            101.544083,
            31.072512
          ],
          [
            101.543328,
            31.072632
          ],
          [
            101.543116,
            31.072723
          ],
          [
            101.542735,
            31.072976
          ],
          [
            101.542376,
            31.07313
          ],
          [
            101.542087,
            31.0732
          ],
          [
            101.541369,
            31.073276
          ],
          [
            101.540964,
            31.073381
          ],
          [
            101.540712,
            31.073574
          ],
          [
            101.540529,
            31.073788
          ],
          [
            101.539897,
            31.074748
          ],
          [
            101.539696,
            31.074891
          ],
          [
            101.538981,
            31.075162
          ],
          [
            101.538639,
            31.075563
          ],
          [
            101.538161,
            31.076013
          ],
          [
            101.537846,
            31.076244
          ],
          [
            101.536916,
            31.077152
          ],
          [
            101.536326,
            31.077463
          ],
          [
            101.535474,
            31.078292
          ],
          [
            101.535194,
            31.078785
          ],
          [
            101.534959,
            31.079586
          ],
          [
            101.534936,
            31.080015
          ],
          [
            101.5349,
            31.080126
          ],
          [
            101.535028,
            31.080773
          ],
          [
            101.535353,
            31.081858
          ],
          [
            101.535503,
            31.082052
          ],
          [
            101.535719,
            31.082521
          ],
          [
            101.536025,
            31.082989
          ],
          [
            101.535939,
            31.083546
          ],
          [
            101.536016,
            31.083831
          ],
          [
            101.536089,
            31.083917
          ],
          [
            101.536257,
            31.083976
          ],
          [
            101.536407,
            31.084143
          ],
          [
            101.536554,
            31.084582
          ],
          [
            101.537039,
            31.085567
          ],
          [
            101.537426,
            31.086566
          ],
          [
            101.537763,
            31.087298
          ],
          [
            101.537918,
            31.087834
          ],
          [
            101.537896,
            31.088061
          ],
          [
            101.537594,
            31.088764
          ],
          [
            101.537044,
            31.089549
          ],
          [
            101.537028,
            31.089638
          ],
          [
            101.537106,
            31.09007
          ],
          [
            101.537008,
            31.090421
          ],
          [
            101.536893,
            31.090664
          ],
          [
            101.536731,
            31.090836
          ],
          [
            101.53651,
            31.090978
          ],
          [
            101.535485,
            31.091419
          ],
          [
            101.53514,
            31.091608
          ],
          [
            101.534414,
            31.092225
          ],
          [
            101.534208,
            31.092352
          ],
          [
            101.533642,
            31.09257
          ],
          [
            101.533327,
            31.092637
          ],
          [
            101.53287,
            31.09268
          ],
          [
            101.532376,
            31.092825
          ],
          [
            101.532229,
            31.092922
          ],
          [
            101.532086,
            31.093145
          ],
          [
            101.531932,
            31.0933
          ],
          [
            101.530628,
            31.094302
          ],
          [
            101.530432,
            31.094379
          ],
          [
            101.529768,
            31.094505
          ],
          [
            101.52953,
            31.09466
          ],
          [
            101.529408,
            31.095171
          ],
          [
            101.529273,
            31.095328
          ],
          [
            101.528535,
            31.095696
          ],
          [
            101.527955,
            31.095826
          ],
          [
            101.527779,
            31.095912
          ],
          [
            101.527348,
            31.096375
          ],
          [
            101.526917,
            31.096992
          ],
          [
            101.526749,
            31.097154
          ],
          [
            101.525338,
            31.097802
          ],
          [
            101.524857,
            31.098299
          ],
          [
            101.524553,
            31.098502
          ],
          [
            101.524197,
            31.098633
          ],
          [
            101.523573,
            31.09879
          ],
          [
            101.522379,
            31.098697
          ],
          [
            101.522314,
            31.098596
          ],
          [
            101.522276,
            31.098337
          ],
          [
            101.52216,
            31.098242
          ],
          [
            101.521835,
            31.098161
          ],
          [
            101.521467,
            31.097949
          ],
          [
            101.520658,
            31.09763
          ],
          [
            101.520331,
            31.097587
          ],
          [
            101.51939,
            31.097649
          ],
          [
            101.519024,
            31.097513
          ],
          [
            101.518557,
            31.097251
          ],
          [
            101.517326,
            31.096909
          ],
          [
            101.515154,
            31.096722
          ],
          [
            101.514735,
            31.096596
          ],
          [
            101.514068,
            31.096311
          ],
          [
            101.51368,
            31.096011
          ],
          [
            101.513493,
            31.095604
          ],
          [
            101.513292,
            31.095368
          ],
          [
            101.512622,
            31.094883
          ],
          [
            101.512333,
            31.094319
          ],
          [
            101.512083,
            31.093929
          ],
          [
            101.511874,
            31.093677
          ],
          [
            101.511671,
            31.093288
          ],
          [
            101.511239,
            31.092991
          ],
          [
            101.511001,
            31.0926
          ],
          [
            101.510464,
            31.092046
          ],
          [
            101.509898,
            31.091675
          ],
          [
            101.50951,
            31.091377
          ],
          [
            101.509318,
            31.091282
          ],
          [
            101.508758,
            31.09113
          ],
          [
            101.507737,
            31.090667
          ],
          [
            101.506977,
            31.090532
          ],
          [
            101.50649,
            31.090294
          ],
          [
            101.506278,
            31.090256
          ],
          [
            101.505837,
            31.090256
          ],
          [
            101.505643,
            31.090197
          ],
          [
            101.505127,
            31.0899
          ],
          [
            101.504696,
            31.089755
          ],
          [
            101.504335,
            31.089548
          ],
          [
            101.502987,
            31.088932
          ],
          [
            101.502527,
            31.088828
          ],
          [
            101.502188,
            31.08886
          ],
          [
            101.501965,
            31.088843
          ],
          [
            101.500781,
            31.088302
          ],
          [
            101.50051,
            31.088212
          ],
          [
            101.498351,
            31.087745
          ],
          [
            101.49764,
            31.087783
          ],
          [
            101.496907,
            31.087491
          ],
          [
            101.496339,
            31.087464
          ],
          [
            101.495494,
            31.087349
          ],
          [
            101.495033,
            31.087027
          ],
          [
            101.494207,
            31.086557
          ],
          [
            101.493477,
            31.086309
          ],
          [
            101.492775,
            31.086193
          ],
          [
            101.492449,
            31.086098
          ],
          [
            101.49122,
            31.085474
          ],
          [
            101.490151,
            31.085089
          ],
          [
            101.489612,
            31.084794
          ],
          [
            101.488912,
            31.084345
          ],
          [
            101.48847,
            31.083807
          ],
          [
            101.48836,
            31.083502
          ],
          [
            101.488254,
            31.083322
          ],
          [
            101.488092,
            31.08319
          ],
          [
            101.487726,
            31.083018
          ],
          [
            101.487589,
            31.082909
          ],
          [
            101.487492,
            31.082767
          ],
          [
            101.487247,
            31.081988
          ],
          [
            101.486718,
            31.081179
          ],
          [
            101.485749,
            31.079818
          ],
          [
            101.485412,
            31.079427
          ],
          [
            101.485084,
            31.079168
          ],
          [
            101.4848,
            31.078978
          ],
          [
            101.483652,
            31.078414
          ],
          [
            101.482509,
            31.077696
          ],
          [
            101.482126,
            31.077215
          ],
          [
            101.481878,
            31.077009
          ],
          [
            101.481537,
            31.0769
          ],
          [
            101.481161,
            31.076835
          ],
          [
            101.480312,
            31.076865
          ],
          [
            101.480135,
            31.076792
          ],
          [
            101.479761,
            31.076509
          ],
          [
            101.479534,
            31.076197
          ],
          [
            101.479362,
            31.076034
          ],
          [
            101.478863,
            31.07588
          ],
          [
            101.478564,
            31.075729
          ],
          [
            101.478096,
            31.075606
          ],
          [
            101.477758,
            31.075412
          ],
          [
            101.477235,
            31.07527
          ],
          [
            101.476465,
            31.074824
          ],
          [
            101.476037,
            31.074512
          ],
          [
            101.475707,
            31.074383
          ],
          [
            101.475488,
            31.074343
          ],
          [
            101.474547,
            31.074341
          ],
          [
            101.473616,
            31.074887
          ],
          [
            101.473547,
            31.07501
          ],
          [
            101.473524,
            31.075305
          ],
          [
            101.473458,
            31.075443
          ],
          [
            101.473343,
            31.075597
          ],
          [
            101.472759,
            31.076151
          ],
          [
            101.472538,
            31.076554
          ],
          [
            101.472375,
            31.077014
          ],
          [
            101.472062,
            31.077396
          ],
          [
            101.471996,
            31.077525
          ],
          [
            101.472046,
            31.077928
          ],
          [
            101.471972,
            31.078279
          ],
          [
            101.471613,
            31.079113
          ],
          [
            101.471406,
            31.079408
          ],
          [
            101.471184,
            31.079571
          ],
          [
            101.470715,
            31.07974
          ],
          [
            101.47032,
            31.079744
          ],
          [
            101.469932,
            31.079675
          ],
          [
            101.469621,
            31.079573
          ],
          [
            101.46919,
            31.079534
          ],
          [
            101.468313,
            31.079071
          ],
          [
            101.468018,
            31.078987
          ],
          [
            101.467573,
            31.07897
          ],
          [
            101.467196,
            31.07889
          ],
          [
            101.466285,
            31.078471
          ],
          [
            101.4659,
            31.078125
          ],
          [
            101.465327,
            31.077476
          ],
          [
            101.46424,
            31.076497
          ],
          [
            101.463508,
            31.07567
          ],
          [
            101.462168,
            31.074336
          ],
          [
            101.46166,
            31.073743
          ],
          [
            101.460721,
            31.072856
          ],
          [
            101.460275,
            31.072337
          ],
          [
            101.458657,
            31.071088
          ],
          [
            101.458232,
            31.070833
          ],
          [
            101.457887,
            31.070734
          ],
          [
            101.456621,
            31.070706
          ],
          [
            101.455812,
            31.070649
          ],
          [
            101.455377,
            31.070681
          ],
          [
            101.454553,
            31.070891
          ],
          [
            101.453437,
            31.071357
          ],
          [
            101.452686,
            31.07156
          ],
          [
            101.452147,
            31.071612
          ],
          [
            101.451566,
            31.071538
          ],
          [
            101.451227,
            31.071417
          ],
          [
            101.450838,
            31.071147
          ],
          [
            101.450559,
            31.070779
          ],
          [
            101.450382,
            31.07064
          ],
          [
            101.450103,
            31.070532
          ],
          [
            101.449868,
            31.070517
          ],
          [
            101.449209,
            31.07073
          ],
          [
            101.448999,
            31.07077
          ],
          [
            101.448111,
            31.070858
          ],
          [
            101.447151,
            31.071045
          ],
          [
            101.446493,
            31.071056
          ],
          [
            101.446243,
            31.071099
          ],
          [
            101.44578,
            31.071288
          ],
          [
            101.44519,
            31.071466
          ],
          [
            101.444373,
            31.071822
          ],
          [
            101.44405,
            31.071917
          ],
          [
            101.443826,
            31.071938
          ],
          [
            101.441821,
            31.0717
          ],
          [
            101.44148,
            31.071563
          ],
          [
            101.441106,
            31.071275
          ],
          [
            101.44082,
            31.071119
          ],
          [
            101.439908,
            31.070749
          ],
          [
            101.43919,
            31.070656
          ],
          [
            101.438747,
            31.07054
          ],
          [
            101.438378,
            31.070562
          ],
          [
            101.438097,
            31.070692
          ],
          [
            101.437748,
            31.071062
          ],
          [
            101.437592,
            31.071166
          ],
          [
            101.43741,
            31.071215
          ],
          [
            101.43695,
            31.071246
          ],
          [
            101.436762,
            31.071295
          ],
          [
            101.436651,
            31.071415
          ],
          [
            101.436555,
            31.071735
          ],
          [
            101.436555,
            31.072716
          ],
          [
            101.436436,
            31.073031
          ],
          [
            101.436325,
            31.073242
          ],
          [
            101.436166,
            31.073441
          ],
          [
            101.435839,
            31.073712
          ],
          [
            101.43558,
            31.07385
          ],
          [
            101.43484,
            31.074081
          ],
          [
            101.434707,
            31.074097
          ],
          [
            101.433774,
            31.074036
          ],
          [
            101.433552,
            31.074061
          ],
          [
            101.433343,
            31.074125
          ],
          [
            101.4329,
            31.074356
          ],
          [
            101.432651,
            31.07456
          ],
          [
            101.432207,
            31.075024
          ],
          [
            101.431824,
            31.075273
          ],
          [
            101.431265,
            31.075354
          ],
          [
            101.430688,
            31.075534
          ],
          [
            101.430285,
            31.075612
          ],
          [
            101.429643,
            31.075956
          ],
          [
            101.429111,
            31.07618
          ],
          [
            101.4284,
            31.076755
          ],
          [
            101.427832,
            31.077064
          ],
          [
            101.42769,
            31.077103
          ],
          [
            101.427446,
            31.077142
          ],
          [
            101.427153,
            31.077106
          ],
          [
            101.426923,
            31.077012
          ],
          [
            101.426639,
            31.076818
          ],
          [
            101.426355,
            31.076731
          ],
          [
            101.424844,
            31.076485
          ],
          [
            101.424526,
            31.076475
          ],
          [
            101.424359,
            31.076523
          ],
          [
            101.423894,
            31.077002
          ],
          [
            101.422883,
            31.077929
          ],
          [
            101.422699,
            31.078028
          ],
          [
            101.422078,
            31.078249
          ],
          [
            101.421749,
            31.078333
          ],
          [
            101.42054,
            31.078289
          ],
          [
            101.419434,
            31.078364
          ],
          [
            101.418199,
            31.078156
          ],
          [
            101.417295,
            31.077957
          ],
          [
            101.416023,
            31.077392
          ],
          [
            101.415614,
            31.077108
          ],
          [
            101.415223,
            31.076584
          ],
          [
            101.415052,
            31.076446
          ],
          [
            101.414356,
            31.076053
          ],
          [
            101.413855,
            31.075816
          ],
          [
            101.413637,
            31.075752
          ],
          [
            101.41353,
            31.075759
          ],
          [
            101.413493,
            31.075887
          ],
          [
            101.413487,
            31.076721
          ],
          [
            101.413777,
            31.077584
          ],
          [
            101.413733,
            31.077691
          ],
          [
            101.413557,
            31.077854
          ],
          [
            101.413232,
            31.07804
          ],
          [
            101.413085,
            31.07808
          ],
          [
            101.412396,
            31.077977
          ],
          [
            101.411868,
            31.077842
          ],
          [
            101.4112,
            31.077962
          ],
          [
            101.410757,
            31.077961
          ],
          [
            101.410605,
            31.078
          ],
          [
            101.410435,
            31.077998
          ],
          [
            101.409525,
            31.077771
          ],
          [
            101.408397,
            31.077699
          ],
          [
            101.407865,
            31.07757
          ],
          [
            101.407494,
            31.077575
          ],
          [
            101.406918,
            31.077649
          ],
          [
            101.405976,
            31.077657
          ],
          [
            101.405075,
            31.077343
          ],
          [
            101.404643,
            31.077117
          ],
          [
            101.404458,
            31.077054
          ],
          [
            101.403438,
            31.076959
          ],
          [
            101.403333,
            31.076891
          ],
          [
            101.403387,
            31.076791
          ],
          [
            101.403815,
            31.07639
          ],
          [
            101.403944,
            31.076193
          ],
          [
            101.404321,
            31.075189
          ],
          [
            101.404742,
            31.074402
          ],
          [
            101.404905,
            31.073697
          ],
          [
            101.404881,
            31.073564
          ],
          [
            101.404956,
            31.072825
          ],
          [
            101.404822,
            31.072969
          ],
          [
            101.404903,
            31.072902
          ],
          [
            101.404808,
            31.072861
          ],
          [
            101.404909,
            31.073037
          ],
          [
            101.404843,
            31.07311
          ],
          [
            101.405041,
            31.073126
          ],
          [
            101.404716,
            31.073241
          ],
          [
            101.404663,
            31.073148
          ],
          [
            101.404518,
            31.073124
          ],
          [
            101.404601,
            31.073064
          ],
          [
            101.404667,
            31.073152
          ],
          [
            101.404629,
            31.073085
          ],
          [
            101.404565,
            31.073092
          ],
          [
            101.404664,
            31.073128
          ],
          [
            101.404633,
            31.073217
          ],
          [
            101.404703,
            31.073027
          ],
          [
            101.404779,
            31.073203
          ],
          [
            101.404675,
            31.073178
          ]
        ]
      }
    }
  ]
}
