<?xml version="1.0" encoding="UTF-8"?>
<gpx version="1.1" creator="霞客 · 两步路轨迹" xmlns="http://www.topografix.com/GPX/1/1">
  <metadata><name>大嵛山岛参考轨迹</name></metadata>
  <trk><name>大嵛山岛</name>
    <trkseg>
      <trkpt lat="26.959481" lon="120.320136"><ele>8</ele></trkpt>
      <trkpt lat="26.959455" lon="120.320176"><ele>8</ele></trkpt>
      <trkpt lat="26.959439" lon="120.320208"><ele>8</ele></trkpt>
      <trkpt lat="26.959423" lon="120.320244"><ele>8</ele></trkpt>
      <trkpt lat="26.95941" lon="120.320276"><ele>7</ele></trkpt>
      <trkpt lat="26.959401" lon="120.320303"><ele>7</ele></trkpt>
      <trkpt lat="26.959394" lon="120.320328"><ele>7</ele></trkpt>
      <trkpt lat="26.959386" lon="120.320348"><ele>7</ele></trkpt>
      <trkpt lat="26.959378" lon="120.320368"><ele>7</ele></trkpt>
      <trkpt lat="26.959369" lon="120.320385"><ele>7</ele></trkpt>
      <trkpt lat="26.959362" lon="120.320402"><ele>7</ele></trkpt>
      <trkpt lat="26.959355" lon="120.320418"><ele>7</ele></trkpt>
      <trkpt lat="26.959348" lon="120.320437"><ele>8</ele></trkpt>
      <trkpt lat="26.959343" lon="120.320455"><ele>8</ele></trkpt>
      <trkpt lat="26.959338" lon="120.320475"><ele>8</ele></trkpt>
      <trkpt lat="26.959328" lon="120.320495"><ele>8</ele></trkpt>
      <trkpt lat="26.959316" lon="120.320513"><ele>9</ele></trkpt>
      <trkpt lat="26.9593" lon="120.320535"><ele>9</ele></trkpt>
      <trkpt lat="26.959286" lon="120.32056"><ele>9</ele></trkpt>
      <trkpt lat="26.959275" lon="120.320585"><ele>9</ele></trkpt>
      <trkpt lat="26.959272" lon="120.320597"><ele>9</ele></trkpt>
      <trkpt lat="26.959273" lon="120.3206"><ele>10</ele></trkpt>
      <trkpt lat="26.959262" lon="120.32056"><ele>10</ele></trkpt>
      <trkpt lat="26.959262" lon="120.320537"><ele>10</ele></trkpt>
      <trkpt lat="26.95927" lon="120.320505"><ele>10</ele></trkpt>
      <trkpt lat="26.959281" lon="120.320484"><ele>10</ele></trkpt>
      <trkpt lat="26.959295" lon="120.320461"><ele>10</ele></trkpt>
      <trkpt lat="26.95931" lon="120.320437"><ele>9</ele></trkpt>
      <trkpt lat="26.959326" lon="120.320411"><ele>9</ele></trkpt>
      <trkpt lat="26.959339" lon="120.320383"><ele>9</ele></trkpt>
      <trkpt lat="26.959352" lon="120.320354"><ele>9</ele></trkpt>
      <trkpt lat="26.959364" lon="120.320323"><ele>8</ele></trkpt>
      <trkpt lat="26.959375" lon="120.320294"><ele>8</ele></trkpt>
      <trkpt lat="26.959385" lon="120.320268"><ele>8</ele></trkpt>
      <trkpt lat="26.959393" lon="120.320247"><ele>8</ele></trkpt>
      <trkpt lat="26.959399" lon="120.320234"><ele>8</ele></trkpt>
      <trkpt lat="26.9594" lon="120.320235"><ele>8</ele></trkpt>
      <trkpt lat="26.959448" lon="120.320239"><ele>8</ele></trkpt>
      <trkpt lat="26.959453" lon="120.320242"><ele>8</ele></trkpt>
      <trkpt lat="26.959453" lon="120.320243"><ele>8</ele></trkpt>
      <trkpt lat="26.959452" lon="120.320307"><ele>8</ele></trkpt>
      <trkpt lat="26.959415" lon="120.320283"><ele>8</ele></trkpt>
      <trkpt lat="26.959407" lon="120.320304"><ele>8</ele></trkpt>
      <trkpt lat="26.959406" lon="120.320305"><ele>8</ele></trkpt>
      <trkpt lat="26.959401" lon="120.320301"><ele>8</ele></trkpt>
      <trkpt lat="26.959378" lon="120.320272"><ele>8</ele></trkpt>
      <trkpt lat="26.959366" lon="120.32025"><ele>8</ele></trkpt>
      <trkpt lat="26.959359" lon="120.320233"><ele>8</ele></trkpt>
      <trkpt lat="26.959356" lon="120.320223"><ele>8</ele></trkpt>
      <trkpt lat="26.959354" lon="120.320223"><ele>8</ele></trkpt>
      <trkpt lat="26.959399" lon="120.320234"><ele>9</ele></trkpt>
      <trkpt lat="26.95944" lon="120.320245"><ele>9</ele></trkpt>
      <trkpt lat="26.95944" lon="120.320245"><ele>9</ele></trkpt>
      <trkpt lat="26.95944" lon="120.320245"><ele>9</ele></trkpt>
      <trkpt lat="26.959427" lon="120.320298"><ele>8</ele></trkpt>
      <trkpt lat="26.959419" lon="120.320328"><ele>8</ele></trkpt>
      <trkpt lat="26.959411" lon="120.320355"><ele>8</ele></trkpt>
      <trkpt lat="26.959401" lon="120.320382"><ele>8</ele></trkpt>
      <trkpt lat="26.959389" lon="120.320412"><ele>8</ele></trkpt>
      <trkpt lat="26.959372" lon="120.320442"><ele>8</ele></trkpt>
      <trkpt lat="26.959352" lon="120.320473"><ele>8</ele></trkpt>
      <trkpt lat="26.959331" lon="120.320504"><ele>8</ele></trkpt>
      <trkpt lat="26.959308" lon="120.320534"><ele>8</ele></trkpt>
      <trkpt lat="26.95929" lon="120.320565"><ele>9</ele></trkpt>
      <trkpt lat="26.959276" lon="120.320594"><ele>9</ele></trkpt>
      <trkpt lat="26.959265" lon="120.320626"><ele>10</ele></trkpt>
      <trkpt lat="26.959255" lon="120.320658"><ele>10</ele></trkpt>
      <trkpt lat="26.959245" lon="120.320689"><ele>11</ele></trkpt>
      <trkpt lat="26.959236" lon="120.320721"><ele>11</ele></trkpt>
      <trkpt lat="26.959228" lon="120.320753"><ele>11</ele></trkpt>
      <trkpt lat="26.959218" lon="120.320784"><ele>11</ele></trkpt>
      <trkpt lat="26.959208" lon="120.320814"><ele>11</ele></trkpt>
      <trkpt lat="26.959197" lon="120.320841"><ele>11</ele></trkpt>
      <trkpt lat="26.959187" lon="120.320867"><ele>11</ele></trkpt>
      <trkpt lat="26.95918" lon="120.320892"><ele>11</ele></trkpt>
      <trkpt lat="26.959175" lon="120.320915"><ele>11</ele></trkpt>
      <trkpt lat="26.959172" lon="120.320935"><ele>11</ele></trkpt>
      <trkpt lat="26.959168" lon="120.320953"><ele>11</ele></trkpt>
      <trkpt lat="26.95916" lon="120.320975"><ele>11</ele></trkpt>
      <trkpt lat="26.95915" lon="120.320991"><ele>12</ele></trkpt>
      <trkpt lat="26.959135" lon="120.321011"><ele>12</ele></trkpt>
      <trkpt lat="26.959123" lon="120.321025"><ele>12</ele></trkpt>
      <trkpt lat="26.959112" lon="120.321038"><ele>12</ele></trkpt>
      <trkpt lat="26.959099" lon="120.321055"><ele>12</ele></trkpt>
      <trkpt lat="26.959085" lon="120.321074"><ele>11</ele></trkpt>
      <trkpt lat="26.959073" lon="120.321091"><ele>11</ele></trkpt>
      <trkpt lat="26.959062" lon="120.321108"><ele>11</ele></trkpt>
      <trkpt lat="26.959052" lon="120.321128"><ele>11</ele></trkpt>
      <trkpt lat="26.959043" lon="120.321147"><ele>11</ele></trkpt>
      <trkpt lat="26.959034" lon="120.321164"><ele>11</ele></trkpt>
      <trkpt lat="26.959024" lon="120.321176"><ele>11</ele></trkpt>
      <trkpt lat="26.959018" lon="120.321187"><ele>11</ele></trkpt>
      <trkpt lat="26.959006" lon="120.321216"><ele>11</ele></trkpt>
      <trkpt lat="26.959001" lon="120.321233"><ele>11</ele></trkpt>
      <trkpt lat="26.958998" lon="120.321255"><ele>11</ele></trkpt>
      <trkpt lat="26.958994" lon="120.321278"><ele>11</ele></trkpt>
      <trkpt lat="26.958987" lon="120.321301"><ele>11</ele></trkpt>
      <trkpt lat="26.958978" lon="120.321324"><ele>11</ele></trkpt>
      <trkpt lat="26.958968" lon="120.321347"><ele>11</ele></trkpt>
      <trkpt lat="26.958958" lon="120.321369"><ele>11</ele></trkpt>
      <trkpt lat="26.958947" lon="120.321391"><ele>12</ele></trkpt>
      <trkpt lat="26.958935" lon="120.321414"><ele>12</ele></trkpt>
      <trkpt lat="26.958923" lon="120.321436"><ele>12</ele></trkpt>
      <trkpt lat="26.958912" lon="120.321457"><ele>12</ele></trkpt>
      <trkpt lat="26.958901" lon="120.321477"><ele>13</ele></trkpt>
      <trkpt lat="26.95889" lon="120.321498"><ele>13</ele></trkpt>
      <trkpt lat="26.958879" lon="120.321518"><ele>13</ele></trkpt>
      <trkpt lat="26.958867" lon="120.321536"><ele>13</ele></trkpt>
      <trkpt lat="26.958856" lon="120.321554"><ele>13</ele></trkpt>
      <trkpt lat="26.958844" lon="120.321573"><ele>13</ele></trkpt>
      <trkpt lat="26.958833" lon="120.321593"><ele>14</ele></trkpt>
      <trkpt lat="26.958821" lon="120.321616"><ele>14</ele></trkpt>
      <trkpt lat="26.958811" lon="120.32164"><ele>14</ele></trkpt>
      <trkpt lat="26.958799" lon="120.321664"><ele>14</ele></trkpt>
      <trkpt lat="26.958788" lon="120.321687"><ele>15</ele></trkpt>
      <trkpt lat="26.958777" lon="120.321711"><ele>15</ele></trkpt>
      <trkpt lat="26.958765" lon="120.321736"><ele>15</ele></trkpt>
      <trkpt lat="26.958755" lon="120.32176"><ele>15</ele></trkpt>
      <trkpt lat="26.958747" lon="120.321782"><ele>16</ele></trkpt>
      <trkpt lat="26.958737" lon="120.321804"><ele>16</ele></trkpt>
      <trkpt lat="26.958728" lon="120.321824"><ele>16</ele></trkpt>
      <trkpt lat="26.958718" lon="120.321845"><ele>16</ele></trkpt>
      <trkpt lat="26.958709" lon="120.321866"><ele>16</ele></trkpt>
      <trkpt lat="26.958699" lon="120.321887"><ele>16</ele></trkpt>
      <trkpt lat="26.95869" lon="120.321907"><ele>16</ele></trkpt>
      <trkpt lat="26.95868" lon="120.321929"><ele>16</ele></trkpt>
      <trkpt lat="26.958669" lon="120.321951"><ele>16</ele></trkpt>
      <trkpt lat="26.958659" lon="120.321973"><ele>16</ele></trkpt>
      <trkpt lat="26.958651" lon="120.321994"><ele>16</ele></trkpt>
      <trkpt lat="26.958643" lon="120.322016"><ele>16</ele></trkpt>
      <trkpt lat="26.958636" lon="120.322036"><ele>17</ele></trkpt>
      <trkpt lat="26.958629" lon="120.322056"><ele>17</ele></trkpt>
      <trkpt lat="26.958622" lon="120.322075"><ele>17</ele></trkpt>
      <trkpt lat="26.958614" lon="120.322095"><ele>17</ele></trkpt>
      <trkpt lat="26.958605" lon="120.322115"><ele>17</ele></trkpt>
      <trkpt lat="26.958594" lon="120.322137"><ele>17</ele></trkpt>
      <trkpt lat="26.958584" lon="120.322161"><ele>17</ele></trkpt>
      <trkpt lat="26.958574" lon="120.322184"><ele>17</ele></trkpt>
      <trkpt lat="26.958566" lon="120.322205"><ele>17</ele></trkpt>
      <trkpt lat="26.958558" lon="120.322227"><ele>17</ele></trkpt>
      <trkpt lat="26.958551" lon="120.322251"><ele>17</ele></trkpt>
      <trkpt lat="26.958545" lon="120.322274"><ele>17</ele></trkpt>
      <trkpt lat="26.958538" lon="120.322296"><ele>17</ele></trkpt>
      <trkpt lat="26.958529" lon="120.322319"><ele>17</ele></trkpt>
      <trkpt lat="26.958518" lon="120.322342"><ele>17</ele></trkpt>
      <trkpt lat="26.958505" lon="120.322365"><ele>17</ele></trkpt>
      <trkpt lat="26.958492" lon="120.322387"><ele>17</ele></trkpt>
      <trkpt lat="26.958475" lon="120.32241"><ele>17</ele></trkpt>
      <trkpt lat="26.95846" lon="120.322432"><ele>17</ele></trkpt>
      <trkpt lat="26.958446" lon="120.322454"><ele>17</ele></trkpt>
      <trkpt lat="26.958434" lon="120.322478"><ele>17</ele></trkpt>
      <trkpt lat="26.958423" lon="120.322503"><ele>17</ele></trkpt>
      <trkpt lat="26.958416" lon="120.322528"><ele>17</ele></trkpt>
      <trkpt lat="26.958412" lon="120.32255"><ele>17</ele></trkpt>
      <trkpt lat="26.958407" lon="120.322572"><ele>18</ele></trkpt>
      <trkpt lat="26.958401" lon="120.322595"><ele>18</ele></trkpt>
      <trkpt lat="26.958394" lon="120.322618"><ele>18</ele></trkpt>
      <trkpt lat="26.958386" lon="120.322641"><ele>18</ele></trkpt>
      <trkpt lat="26.958376" lon="120.322662"><ele>18</ele></trkpt>
      <trkpt lat="26.958365" lon="120.322682"><ele>18</ele></trkpt>
      <trkpt lat="26.958353" lon="120.322702"><ele>18</ele></trkpt>
      <trkpt lat="26.958343" lon="120.32272"><ele>17</ele></trkpt>
      <trkpt lat="26.958332" lon="120.322738"><ele>17</ele></trkpt>
      <trkpt lat="26.958322" lon="120.322754"><ele>17</ele></trkpt>
      <trkpt lat="26.958312" lon="120.322772"><ele>17</ele></trkpt>
      <trkpt lat="26.958301" lon="120.32279"><ele>17</ele></trkpt>
      <trkpt lat="26.958291" lon="120.322809"><ele>17</ele></trkpt>
      <trkpt lat="26.958282" lon="120.32283"><ele>17</ele></trkpt>
      <trkpt lat="26.958269" lon="120.322843"><ele>17</ele></trkpt>
      <trkpt lat="26.958258" lon="120.322849"><ele>17</ele></trkpt>
      <trkpt lat="26.958243" lon="120.322858"><ele>17</ele></trkpt>
      <trkpt lat="26.958227" lon="120.322872"><ele>17</ele></trkpt>
      <trkpt lat="26.958212" lon="120.32289"><ele>16</ele></trkpt>
      <trkpt lat="26.958197" lon="120.322912"><ele>16</ele></trkpt>
      <trkpt lat="26.958182" lon="120.322935"><ele>16</ele></trkpt>
      <trkpt lat="26.958167" lon="120.322959"><ele>16</ele></trkpt>
      <trkpt lat="26.958154" lon="120.32298"><ele>16</ele></trkpt>
      <trkpt lat="26.958143" lon="120.323"><ele>16</ele></trkpt>
      <trkpt lat="26.958131" lon="120.323019"><ele>16</ele></trkpt>
      <trkpt lat="26.958119" lon="120.32303"><ele>16</ele></trkpt>
      <trkpt lat="26.958109" lon="120.323036"><ele>16</ele></trkpt>
      <trkpt lat="26.958109" lon="120.323038"><ele>16</ele></trkpt>
      <trkpt lat="26.9581" lon="120.323008"><ele>16</ele></trkpt>
      <trkpt lat="26.958093" lon="120.322983"><ele>16</ele></trkpt>
      <trkpt lat="26.958093" lon="120.322983"><ele>16</ele></trkpt>
      <trkpt lat="26.958104" lon="120.323079"><ele>16</ele></trkpt>
      <trkpt lat="26.958102" lon="120.323098"><ele>17</ele></trkpt>
      <trkpt lat="26.958094" lon="120.323126"><ele>17</ele></trkpt>
      <trkpt lat="26.958084" lon="120.323154"><ele>18</ele></trkpt>
      <trkpt lat="26.958072" lon="120.323182"><ele>18</ele></trkpt>
      <trkpt lat="26.958056" lon="120.32321"><ele>18</ele></trkpt>
      <trkpt lat="26.958037" lon="120.323237"><ele>18</ele></trkpt>
      <trkpt lat="26.958017" lon="120.323258"><ele>19</ele></trkpt>
      <trkpt lat="26.957996" lon="120.323275"><ele>19</ele></trkpt>
      <trkpt lat="26.957974" lon="120.323286"><ele>19</ele></trkpt>
      <trkpt lat="26.957952" lon="120.323289"><ele>19</ele></trkpt>
      <trkpt lat="26.957929" lon="120.323285"><ele>20</ele></trkpt>
      <trkpt lat="26.957911" lon="120.323273"><ele>20</ele></trkpt>
      <trkpt lat="26.957894" lon="120.323256"><ele>20</ele></trkpt>
      <trkpt lat="26.957879" lon="120.323234"><ele>20</ele></trkpt>
      <trkpt lat="26.957867" lon="120.32321"><ele>20</ele></trkpt>
      <trkpt lat="26.957854" lon="120.323187"><ele>20</ele></trkpt>
      <trkpt lat="26.957839" lon="120.323168"><ele>20</ele></trkpt>
      <trkpt lat="26.957824" lon="120.323151"><ele>20</ele></trkpt>
      <trkpt lat="26.957808" lon="120.323133"><ele>20</ele></trkpt>
      <trkpt lat="26.957791" lon="120.323113"><ele>20</ele></trkpt>
      <trkpt lat="26.957774" lon="120.323095"><ele>19</ele></trkpt>
      <trkpt lat="26.957757" lon="120.323075"><ele>18</ele></trkpt>
      <trkpt lat="26.957741" lon="120.323054"><ele>18</ele></trkpt>
      <trkpt lat="26.957726" lon="120.323034"><ele>18</ele></trkpt>
      <trkpt lat="26.957713" lon="120.323014"><ele>18</ele></trkpt>
      <trkpt lat="26.9577" lon="120.322998"><ele>18</ele></trkpt>
      <trkpt lat="26.957684" lon="120.322985"><ele>18</ele></trkpt>
      <trkpt lat="26.957666" lon="120.322974"><ele>18</ele></trkpt>
      <trkpt lat="26.957645" lon="120.322964"><ele>18</ele></trkpt>
      <trkpt lat="26.957624" lon="120.322959"><ele>18</ele></trkpt>
      <trkpt lat="26.957598" lon="120.322954"><ele>18</ele></trkpt>
      <trkpt lat="26.957573" lon="120.322951"><ele>18</ele></trkpt>
      <trkpt lat="26.957546" lon="120.32295"><ele>18</ele></trkpt>
      <trkpt lat="26.957518" lon="120.322951"><ele>18</ele></trkpt>
      <trkpt lat="26.957491" lon="120.32295"><ele>19</ele></trkpt>
      <trkpt lat="26.957471" lon="120.322946"><ele>19</ele></trkpt>
      <trkpt lat="26.957448" lon="120.322943"><ele>19</ele></trkpt>
      <trkpt lat="26.95743" lon="120.322941"><ele>20</ele></trkpt>
      <trkpt lat="26.957413" lon="120.322941"><ele>20</ele></trkpt>
      <trkpt lat="26.957397" lon="120.322937"><ele>20</ele></trkpt>
      <trkpt lat="26.957382" lon="120.322934"><ele>21</ele></trkpt>
      <trkpt lat="26.957341" lon="120.322926"><ele>21</ele></trkpt>
      <trkpt lat="26.957341" lon="120.322926"><ele>21</ele></trkpt>
      <trkpt lat="26.957192" lon="120.32293"><ele>20</ele></trkpt>
      <trkpt lat="26.957147" lon="120.322928"><ele>20</ele></trkpt>
      <trkpt lat="26.957117" lon="120.322929"><ele>20</ele></trkpt>
      <trkpt lat="26.957084" lon="120.322933"><ele>20</ele></trkpt>
      <trkpt lat="26.957054" lon="120.322936"><ele>20</ele></trkpt>
      <trkpt lat="26.95703" lon="120.322937"><ele>20</ele></trkpt>
      <trkpt lat="26.957007" lon="120.322939"><ele>20</ele></trkpt>
      <trkpt lat="26.956981" lon="120.322941"><ele>20</ele></trkpt>
      <trkpt lat="26.956953" lon="120.322945"><ele>20</ele></trkpt>
      <trkpt lat="26.956922" lon="120.322952"><ele>20</ele></trkpt>
      <trkpt lat="26.956889" lon="120.322956"><ele>20</ele></trkpt>
      <trkpt lat="26.956855" lon="120.322955"><ele>21</ele></trkpt>
      <trkpt lat="26.956821" lon="120.322952"><ele>21</ele></trkpt>
      <trkpt lat="26.956787" lon="120.322952"><ele>21</ele></trkpt>
      <trkpt lat="26.956753" lon="120.322954"><ele>21</ele></trkpt>
      <trkpt lat="26.95672" lon="120.322959"><ele>21</ele></trkpt>
      <trkpt lat="26.956689" lon="120.322967"><ele>22</ele></trkpt>
      <trkpt lat="26.956658" lon="120.322979"><ele>22</ele></trkpt>
      <trkpt lat="26.956629" lon="120.322992"><ele>23</ele></trkpt>
      <trkpt lat="26.956599" lon="120.323003"><ele>23</ele></trkpt>
      <trkpt lat="26.956574" lon="120.323003"><ele>24</ele></trkpt>
      <trkpt lat="26.956548" lon="120.322999"><ele>24</ele></trkpt>
      <trkpt lat="26.956535" lon="120.322988"><ele>24</ele></trkpt>
      <trkpt lat="26.956518" lon="120.322966"><ele>25</ele></trkpt>
      <trkpt lat="26.956502" lon="120.322936"><ele>25</ele></trkpt>
      <trkpt lat="26.956494" lon="120.322913"><ele>26</ele></trkpt>
      <trkpt lat="26.956489" lon="120.322893"><ele>26</ele></trkpt>
      <trkpt lat="26.956486" lon="120.322847"><ele>26</ele></trkpt>
      <trkpt lat="26.956484" lon="120.322821"><ele>26</ele></trkpt>
      <trkpt lat="26.956481" lon="120.322798"><ele>26</ele></trkpt>
      <trkpt lat="26.956475" lon="120.322777"><ele>26</ele></trkpt>
      <trkpt lat="26.956467" lon="120.322759"><ele>26</ele></trkpt>
      <trkpt lat="26.956456" lon="120.322739"><ele>26</ele></trkpt>
      <trkpt lat="26.956444" lon="120.322721"><ele>26</ele></trkpt>
      <trkpt lat="26.956429" lon="120.322703"><ele>25</ele></trkpt>
      <trkpt lat="26.956414" lon="120.322686"><ele>25</ele></trkpt>
      <trkpt lat="26.956399" lon="120.322672"><ele>24</ele></trkpt>
      <trkpt lat="26.956382" lon="120.322659"><ele>24</ele></trkpt>
      <trkpt lat="26.956365" lon="120.322647"><ele>23</ele></trkpt>
      <trkpt lat="26.956347" lon="120.322636"><ele>23</ele></trkpt>
      <trkpt lat="26.956328" lon="120.322625"><ele>22</ele></trkpt>
      <trkpt lat="26.956308" lon="120.322615"><ele>22</ele></trkpt>
      <trkpt lat="26.956286" lon="120.322608"><ele>22</ele></trkpt>
      <trkpt lat="26.956264" lon="120.322604"><ele>22</ele></trkpt>
      <trkpt lat="26.956241" lon="120.322603"><ele>21</ele></trkpt>
      <trkpt lat="26.956218" lon="120.322605"><ele>21</ele></trkpt>
      <trkpt lat="26.956195" lon="120.322613"><ele>21</ele></trkpt>
      <trkpt lat="26.956173" lon="120.322625"><ele>20</ele></trkpt>
      <trkpt lat="26.95615" lon="120.322643"><ele>20</ele></trkpt>
      <trkpt lat="26.956128" lon="120.322663"><ele>19</ele></trkpt>
      <trkpt lat="26.956109" lon="120.322685"><ele>19</ele></trkpt>
      <trkpt lat="26.956092" lon="120.322706"><ele>19</ele></trkpt>
      <trkpt lat="26.956077" lon="120.322728"><ele>19</ele></trkpt>
      <trkpt lat="26.956062" lon="120.322749"><ele>19</ele></trkpt>
      <trkpt lat="26.956047" lon="120.322771"><ele>19</ele></trkpt>
      <trkpt lat="26.95603" lon="120.322793"><ele>19</ele></trkpt>
      <trkpt lat="26.956012" lon="120.322816"><ele>19</ele></trkpt>
      <trkpt lat="26.955994" lon="120.322835"><ele>19</ele></trkpt>
      <trkpt lat="26.955974" lon="120.322851"><ele>19</ele></trkpt>
      <trkpt lat="26.955953" lon="120.322862"><ele>20</ele></trkpt>
      <trkpt lat="26.95593" lon="120.322868"><ele>20</ele></trkpt>
      <trkpt lat="26.955907" lon="120.322868"><ele>20</ele></trkpt>
      <trkpt lat="26.955884" lon="120.322862"><ele>21</ele></trkpt>
      <trkpt lat="26.955863" lon="120.32285"><ele>21</ele></trkpt>
      <trkpt lat="26.955843" lon="120.322832"><ele>21</ele></trkpt>
      <trkpt lat="26.955829" lon="120.32281"><ele>21</ele></trkpt>
      <trkpt lat="26.955817" lon="120.322783"><ele>21</ele></trkpt>
      <trkpt lat="26.955808" lon="120.322752"><ele>21</ele></trkpt>
      <trkpt lat="26.955804" lon="120.322723"><ele>21</ele></trkpt>
      <trkpt lat="26.955803" lon="120.322694"><ele>21</ele></trkpt>
      <trkpt lat="26.955803" lon="120.322664"><ele>21</ele></trkpt>
      <trkpt lat="26.955805" lon="120.322636"><ele>21</ele></trkpt>
      <trkpt lat="26.955807" lon="120.322609"><ele>21</ele></trkpt>
      <trkpt lat="26.955808" lon="120.32258"><ele>21</ele></trkpt>
      <trkpt lat="26.955808" lon="120.32255"><ele>20</ele></trkpt>
      <trkpt lat="26.955807" lon="120.322521"><ele>20</ele></trkpt>
      <trkpt lat="26.955804" lon="120.322498"><ele>20</ele></trkpt>
      <trkpt lat="26.9558" lon="120.322475"><ele>19</ele></trkpt>
      <trkpt lat="26.955796" lon="120.322453"><ele>19</ele></trkpt>
      <trkpt lat="26.955791" lon="120.322431"><ele>19</ele></trkpt>
      <trkpt lat="26.955784" lon="120.322408"><ele>19</ele></trkpt>
      <trkpt lat="26.955776" lon="120.322387"><ele>19</ele></trkpt>
      <trkpt lat="26.955767" lon="120.322367"><ele>19</ele></trkpt>
      <trkpt lat="26.955757" lon="120.322346"><ele>19</ele></trkpt>
      <trkpt lat="26.955747" lon="120.322326"><ele>19</ele></trkpt>
      <trkpt lat="26.955736" lon="120.322305"><ele>19</ele></trkpt>
      <trkpt lat="26.955722" lon="120.322284"><ele>19</ele></trkpt>
      <trkpt lat="26.955706" lon="120.322263"><ele>19</ele></trkpt>
      <trkpt lat="26.95569" lon="120.322243"><ele>19</ele></trkpt>
      <trkpt lat="26.955671" lon="120.322226"><ele>18</ele></trkpt>
      <trkpt lat="26.955651" lon="120.322212"><ele>18</ele></trkpt>
      <trkpt lat="26.955629" lon="120.3222"><ele>18</ele></trkpt>
      <trkpt lat="26.955605" lon="120.322189"><ele>18</ele></trkpt>
      <trkpt lat="26.955583" lon="120.322179"><ele>18</ele></trkpt>
      <trkpt lat="26.955566" lon="120.322173"><ele>18</ele></trkpt>
      <trkpt lat="26.95555" lon="120.322167"><ele>18</ele></trkpt>
      <trkpt lat="26.955536" lon="120.322161"><ele>18</ele></trkpt>
      <trkpt lat="26.955525" lon="120.322156"><ele>18</ele></trkpt>
      <trkpt lat="26.955516" lon="120.322153"><ele>18</ele></trkpt>
      <trkpt lat="26.955512" lon="120.322155"><ele>18</ele></trkpt>
      <trkpt lat="26.955501" lon="120.322169"><ele>19</ele></trkpt>
      <trkpt lat="26.955494" lon="120.322177"><ele>20</ele></trkpt>
      <trkpt lat="26.955479" lon="120.322196"><ele>20</ele></trkpt>
      <trkpt lat="26.955384" lon="120.322108"><ele>20</ele></trkpt>
      <trkpt lat="26.955384" lon="120.322108"><ele>21</ele></trkpt>
      <trkpt lat="26.955382" lon="120.322104"><ele>22</ele></trkpt>
      <trkpt lat="26.955341" lon="120.322031"><ele>23</ele></trkpt>
      <trkpt lat="26.955328" lon="120.322007"><ele>24</ele></trkpt>
      <trkpt lat="26.955314" lon="120.321983"><ele>24</ele></trkpt>
      <trkpt lat="26.9553" lon="120.321963"><ele>24</ele></trkpt>
      <trkpt lat="26.955287" lon="120.321943"><ele>24</ele></trkpt>
      <trkpt lat="26.955274" lon="120.321925"><ele>24</ele></trkpt>
      <trkpt lat="26.955261" lon="120.321906"><ele>24</ele></trkpt>
      <trkpt lat="26.955249" lon="120.321887"><ele>24</ele></trkpt>
      <trkpt lat="26.955238" lon="120.321866"><ele>24</ele></trkpt>
      <trkpt lat="26.955226" lon="120.321848"><ele>24</ele></trkpt>
      <trkpt lat="26.955215" lon="120.32183"><ele>24</ele></trkpt>
      <trkpt lat="26.955201" lon="120.321812"><ele>24</ele></trkpt>
      <trkpt lat="26.955186" lon="120.321793"><ele>24</ele></trkpt>
      <trkpt lat="26.95517" lon="120.321775"><ele>24</ele></trkpt>
      <trkpt lat="26.955152" lon="120.321759"><ele>24</ele></trkpt>
      <trkpt lat="26.955133" lon="120.321748"><ele>24</ele></trkpt>
      <trkpt lat="26.955113" lon="120.32174"><ele>24</ele></trkpt>
      <trkpt lat="26.95509" lon="120.321735"><ele>24</ele></trkpt>
      <trkpt lat="26.955066" lon="120.321731"><ele>24</ele></trkpt>
      <trkpt lat="26.95504" lon="120.321729"><ele>24</ele></trkpt>
      <trkpt lat="26.955012" lon="120.321728"><ele>23</ele></trkpt>
      <trkpt lat="26.954989" lon="120.32173"><ele>23</ele></trkpt>
      <trkpt lat="26.954971" lon="120.321736"><ele>23</ele></trkpt>
      <trkpt lat="26.954953" lon="120.321746"><ele>22</ele></trkpt>
      <trkpt lat="26.954935" lon="120.321761"><ele>22</ele></trkpt>
      <trkpt lat="26.954919" lon="120.321778"><ele>22</ele></trkpt>
      <trkpt lat="26.954903" lon="120.321798"><ele>21</ele></trkpt>
      <trkpt lat="26.954888" lon="120.321819"><ele>21</ele></trkpt>
      <trkpt lat="26.954876" lon="120.321838"><ele>20</ele></trkpt>
      <trkpt lat="26.954863" lon="120.321855"><ele>20</ele></trkpt>
      <trkpt lat="26.95485" lon="120.321876"><ele>20</ele></trkpt>
      <trkpt lat="26.954838" lon="120.321894"><ele>19</ele></trkpt>
      <trkpt lat="26.954825" lon="120.321916"><ele>19</ele></trkpt>
      <trkpt lat="26.954812" lon="120.321937"><ele>18</ele></trkpt>
      <trkpt lat="26.954797" lon="120.32196"><ele>17</ele></trkpt>
      <trkpt lat="26.954783" lon="120.321985"><ele>17</ele></trkpt>
      <trkpt lat="26.954769" lon="120.32201"><ele>17</ele></trkpt>
      <trkpt lat="26.954755" lon="120.322034"><ele>17</ele></trkpt>
      <trkpt lat="26.954741" lon="120.322057"><ele>17</ele></trkpt>
      <trkpt lat="26.954727" lon="120.322076"><ele>17</ele></trkpt>
      <trkpt lat="26.954713" lon="120.322097"><ele>17</ele></trkpt>
      <trkpt lat="26.954698" lon="120.322116"><ele>17</ele></trkpt>
      <trkpt lat="26.954683" lon="120.322135"><ele>17</ele></trkpt>
      <trkpt lat="26.954668" lon="120.322155"><ele>17</ele></trkpt>
      <trkpt lat="26.954652" lon="120.322176"><ele>17</ele></trkpt>
      <trkpt lat="26.954637" lon="120.322196"><ele>17</ele></trkpt>
      <trkpt lat="26.954622" lon="120.322217"><ele>17</ele></trkpt>
      <trkpt lat="26.954609" lon="120.322236"><ele>17</ele></trkpt>
      <trkpt lat="26.954595" lon="120.322257"><ele>17</ele></trkpt>
      <trkpt lat="26.954582" lon="120.322278"><ele>17</ele></trkpt>
      <trkpt lat="26.95457" lon="120.322296"><ele>17</ele></trkpt>
      <trkpt lat="26.954556" lon="120.322318"><ele>17</ele></trkpt>
      <trkpt lat="26.95454" lon="120.322342"><ele>16</ele></trkpt>
      <trkpt lat="26.954525" lon="120.322365"><ele>16</ele></trkpt>
      <trkpt lat="26.95451" lon="120.322388"><ele>16</ele></trkpt>
      <trkpt lat="26.954496" lon="120.322408"><ele>16</ele></trkpt>
      <trkpt lat="26.95448" lon="120.322431"><ele>15</ele></trkpt>
      <trkpt lat="26.954462" lon="120.322454"><ele>15</ele></trkpt>
      <trkpt lat="26.954444" lon="120.322475"><ele>15</ele></trkpt>
      <trkpt lat="26.954426" lon="120.322495"><ele>15</ele></trkpt>
      <trkpt lat="26.954406" lon="120.322515"><ele>16</ele></trkpt>
      <trkpt lat="26.954387" lon="120.322532"><ele>16</ele></trkpt>
      <trkpt lat="26.954366" lon="120.322548"><ele>16</ele></trkpt>
      <trkpt lat="26.954344" lon="120.322562"><ele>16</ele></trkpt>
      <trkpt lat="26.954321" lon="120.322575"><ele>16</ele></trkpt>
      <trkpt lat="26.954297" lon="120.322585"><ele>16</ele></trkpt>
      <trkpt lat="26.954272" lon="120.322594"><ele>17</ele></trkpt>
      <trkpt lat="26.954246" lon="120.322601"><ele>17</ele></trkpt>
      <trkpt lat="26.954219" lon="120.322604"><ele>17</ele></trkpt>
      <trkpt lat="26.954193" lon="120.322603"><ele>17</ele></trkpt>
      <trkpt lat="26.954168" lon="120.322596"><ele>17</ele></trkpt>
      <trkpt lat="26.95415" lon="120.322586"><ele>17</ele></trkpt>
      <trkpt lat="26.954132" lon="120.322575"><ele>18</ele></trkpt>
      <trkpt lat="26.954119" lon="120.322561"><ele>18</ele></trkpt>
      <trkpt lat="26.954107" lon="120.322544"><ele>18</ele></trkpt>
      <trkpt lat="26.954097" lon="120.322522"><ele>18</ele></trkpt>
      <trkpt lat="26.954088" lon="120.322499"><ele>18</ele></trkpt>
      <trkpt lat="26.954081" lon="120.322473"><ele>18</ele></trkpt>
      <trkpt lat="26.954076" lon="120.32245"><ele>18</ele></trkpt>
      <trkpt lat="26.954072" lon="120.322425"><ele>19</ele></trkpt>
      <trkpt lat="26.95407" lon="120.3224"><ele>19</ele></trkpt>
      <trkpt lat="26.954069" lon="120.322374"><ele>19</ele></trkpt>
      <trkpt lat="26.954069" lon="120.32235"><ele>19</ele></trkpt>
      <trkpt lat="26.954071" lon="120.322328"><ele>19</ele></trkpt>
      <trkpt lat="26.954071" lon="120.322306"><ele>19</ele></trkpt>
      <trkpt lat="26.954071" lon="120.322284"><ele>19</ele></trkpt>
      <trkpt lat="26.95407" lon="120.322264"><ele>19</ele></trkpt>
      <trkpt lat="26.954069" lon="120.32224"><ele>19</ele></trkpt>
      <trkpt lat="26.954068" lon="120.322216"><ele>19</ele></trkpt>
      <trkpt lat="26.954068" lon="120.32219"><ele>19</ele></trkpt>
      <trkpt lat="26.954069" lon="120.322167"><ele>19</ele></trkpt>
      <trkpt lat="26.95407" lon="120.322142"><ele>20</ele></trkpt>
      <trkpt lat="26.954071" lon="120.322119"><ele>20</ele></trkpt>
      <trkpt lat="26.954073" lon="120.322097"><ele>20</ele></trkpt>
      <trkpt lat="26.954077" lon="120.322072"><ele>20</ele></trkpt>
      <trkpt lat="26.954079" lon="120.322059"><ele>20</ele></trkpt>
      <trkpt lat="26.95408" lon="120.322051"><ele>20</ele></trkpt>
      <trkpt lat="26.954079" lon="120.322024"><ele>21</ele></trkpt>
      <trkpt lat="26.954079" lon="120.322008"><ele>21</ele></trkpt>
      <trkpt lat="26.954078" lon="120.321987"><ele>21</ele></trkpt>
      <trkpt lat="26.954079" lon="120.321964"><ele>21</ele></trkpt>
      <trkpt lat="26.954079" lon="120.32194"><ele>21</ele></trkpt>
      <trkpt lat="26.954079" lon="120.321917"><ele>21</ele></trkpt>
      <trkpt lat="26.95408" lon="120.321893"><ele>21</ele></trkpt>
      <trkpt lat="26.95408" lon="120.321869"><ele>21</ele></trkpt>
      <trkpt lat="26.954079" lon="120.321844"><ele>22</ele></trkpt>
      <trkpt lat="26.954078" lon="120.32182"><ele>22</ele></trkpt>
      <trkpt lat="26.954077" lon="120.321796"><ele>22</ele></trkpt>
      <trkpt lat="26.954075" lon="120.321773"><ele>22</ele></trkpt>
      <trkpt lat="26.954074" lon="120.321751"><ele>22</ele></trkpt>
      <trkpt lat="26.954073" lon="120.321728"><ele>22</ele></trkpt>
      <trkpt lat="26.954069" lon="120.321704"><ele>21</ele></trkpt>
      <trkpt lat="26.954065" lon="120.321682"><ele>21</ele></trkpt>
      <trkpt lat="26.954059" lon="120.321657"><ele>21</ele></trkpt>
      <trkpt lat="26.954053" lon="120.321632"><ele>21</ele></trkpt>
      <trkpt lat="26.954047" lon="120.321611"><ele>21</ele></trkpt>
      <trkpt lat="26.954043" lon="120.321591"><ele>21</ele></trkpt>
      <trkpt lat="26.954038" lon="120.32157"><ele>22</ele></trkpt>
      <trkpt lat="26.954032" lon="120.32155"><ele>22</ele></trkpt>
      <trkpt lat="26.954025" lon="120.321526"><ele>22</ele></trkpt>
      <trkpt lat="26.954019" lon="120.321502"><ele>22</ele></trkpt>
      <trkpt lat="26.954012" lon="120.32148"><ele>22</ele></trkpt>
      <trkpt lat="26.954005" lon="120.321457"><ele>22</ele></trkpt>
      <trkpt lat="26.953998" lon="120.321434"><ele>22</ele></trkpt>
      <trkpt lat="26.953991" lon="120.321413"><ele>22</ele></trkpt>
      <trkpt lat="26.953983" lon="120.321387"><ele>23</ele></trkpt>
      <trkpt lat="26.953976" lon="120.321361"><ele>23</ele></trkpt>
      <trkpt lat="26.953969" lon="120.321336"><ele>23</ele></trkpt>
      <trkpt lat="26.953961" lon="120.32131"><ele>23</ele></trkpt>
      <trkpt lat="26.953952" lon="120.321287"><ele>24</ele></trkpt>
      <trkpt lat="26.953944" lon="120.321266"><ele>24</ele></trkpt>
      <trkpt lat="26.953936" lon="120.321244"><ele>25</ele></trkpt>
      <trkpt lat="26.953933" lon="120.321232"><ele>25</ele></trkpt>
      <trkpt lat="26.953932" lon="120.321229"><ele>25</ele></trkpt>
      <trkpt lat="26.953923" lon="120.321192"><ele>25</ele></trkpt>
      <trkpt lat="26.953923" lon="120.321192"><ele>25</ele></trkpt>
      <trkpt lat="26.953921" lon="120.321186"><ele>26</ele></trkpt>
      <trkpt lat="26.953901" lon="120.321128"><ele>26</ele></trkpt>
      <trkpt lat="26.953889" lon="120.321097"><ele>26</ele></trkpt>
      <trkpt lat="26.953879" lon="120.321067"><ele>26</ele></trkpt>
      <trkpt lat="26.953869" lon="120.321042"><ele>26</ele></trkpt>
      <trkpt lat="26.953859" lon="120.321018"><ele>26</ele></trkpt>
      <trkpt lat="26.95385" lon="120.320995"><ele>26</ele></trkpt>
      <trkpt lat="26.953843" lon="120.320973"><ele>27</ele></trkpt>
      <trkpt lat="26.953836" lon="120.320949"><ele>27</ele></trkpt>
      <trkpt lat="26.953828" lon="120.320926"><ele>27</ele></trkpt>
      <trkpt lat="26.953819" lon="120.320904"><ele>27</ele></trkpt>
      <trkpt lat="26.95381" lon="120.320881"><ele>27</ele></trkpt>
      <trkpt lat="26.953802" lon="120.320858"><ele>27</ele></trkpt>
      <trkpt lat="26.953796" lon="120.320837"><ele>27</ele></trkpt>
      <trkpt lat="26.953789" lon="120.320816"><ele>27</ele></trkpt>
      <trkpt lat="26.953782" lon="120.320795"><ele>27</ele></trkpt>
      <trkpt lat="26.953776" lon="120.320775"><ele>28</ele></trkpt>
      <trkpt lat="26.953771" lon="120.320755"><ele>28</ele></trkpt>
      <trkpt lat="26.953765" lon="120.320735"><ele>28</ele></trkpt>
      <trkpt lat="26.953758" lon="120.320713"><ele>28</ele></trkpt>
      <trkpt lat="26.953751" lon="120.320694"><ele>28</ele></trkpt>
      <trkpt lat="26.953744" lon="120.320673"><ele>28</ele></trkpt>
      <trkpt lat="26.953734" lon="120.320649"><ele>28</ele></trkpt>
      <trkpt lat="26.953726" lon="120.320626"><ele>28</ele></trkpt>
      <trkpt lat="26.953718" lon="120.3206"><ele>28</ele></trkpt>
      <trkpt lat="26.953708" lon="120.320575"><ele>28</ele></trkpt>
      <trkpt lat="26.953698" lon="120.320553"><ele>29</ele></trkpt>
      <trkpt lat="26.953686" lon="120.320534"><ele>29</ele></trkpt>
      <trkpt lat="26.953673" lon="120.320515"><ele>29</ele></trkpt>
      <trkpt lat="26.95366" lon="120.320501"><ele>29</ele></trkpt>
      <trkpt lat="26.953645" lon="120.320487"><ele>29</ele></trkpt>
      <trkpt lat="26.953627" lon="120.320477"><ele>29</ele></trkpt>
      <trkpt lat="26.95361" lon="120.320471"><ele>29</ele></trkpt>
      <trkpt lat="26.953589" lon="120.320466"><ele>29</ele></trkpt>
      <trkpt lat="26.953566" lon="120.320462"><ele>29</ele></trkpt>
      <trkpt lat="26.953544" lon="120.320459"><ele>29</ele></trkpt>
      <trkpt lat="26.953519" lon="120.320457"><ele>29</ele></trkpt>
      <trkpt lat="26.953494" lon="120.320457"><ele>29</ele></trkpt>
      <trkpt lat="26.953469" lon="120.320458"><ele>29</ele></trkpt>
      <trkpt lat="26.953444" lon="120.320459"><ele>29</ele></trkpt>
      <trkpt lat="26.95342" lon="120.320461"><ele>29</ele></trkpt>
      <trkpt lat="26.953392" lon="120.320463"><ele>29</ele></trkpt>
      <trkpt lat="26.953367" lon="120.320466"><ele>30</ele></trkpt>
      <trkpt lat="26.953345" lon="120.320467"><ele>30</ele></trkpt>
      <trkpt lat="26.95332" lon="120.320469"><ele>30</ele></trkpt>
      <trkpt lat="26.953295" lon="120.320469"><ele>31</ele></trkpt>
      <trkpt lat="26.953271" lon="120.320471"><ele>31</ele></trkpt>
      <trkpt lat="26.953253" lon="120.320472"><ele>32</ele></trkpt>
      <trkpt lat="26.953231" lon="120.320476"><ele>32</ele></trkpt>
      <trkpt lat="26.953208" lon="120.32048"><ele>33</ele></trkpt>
      <trkpt lat="26.953186" lon="120.320484"><ele>33</ele></trkpt>
      <trkpt lat="26.953163" lon="120.320489"><ele>34</ele></trkpt>
      <trkpt lat="26.953138" lon="120.320497"><ele>34</ele></trkpt>
      <trkpt lat="26.953112" lon="120.320506"><ele>34</ele></trkpt>
      <trkpt lat="26.953089" lon="120.320514"><ele>34</ele></trkpt>
      <trkpt lat="26.953066" lon="120.320522"><ele>35</ele></trkpt>
      <trkpt lat="26.953043" lon="120.320529"><ele>35</ele></trkpt>
      <trkpt lat="26.953023" lon="120.320534"><ele>36</ele></trkpt>
      <trkpt lat="26.953" lon="120.320539"><ele>36</ele></trkpt>
      <trkpt lat="26.952978" lon="120.320543"><ele>37</ele></trkpt>
      <trkpt lat="26.952955" lon="120.320548"><ele>37</ele></trkpt>
      <trkpt lat="26.952934" lon="120.320553"><ele>38</ele></trkpt>
      <trkpt lat="26.952914" lon="120.320559"><ele>38</ele></trkpt>
      <trkpt lat="26.952894" lon="120.320565"><ele>38</ele></trkpt>
      <trkpt lat="26.952872" lon="120.320571"><ele>38</ele></trkpt>
      <trkpt lat="26.95285" lon="120.320577"><ele>38</ele></trkpt>
      <trkpt lat="26.952829" lon="120.320581"><ele>38</ele></trkpt>
      <trkpt lat="26.952805" lon="120.320586"><ele>38</ele></trkpt>
      <trkpt lat="26.952784" lon="120.320591"><ele>38</ele></trkpt>
      <trkpt lat="26.952761" lon="120.320596"><ele>38</ele></trkpt>
      <trkpt lat="26.952737" lon="120.320602"><ele>38</ele></trkpt>
      <trkpt lat="26.952714" lon="120.320608"><ele>38</ele></trkpt>
      <trkpt lat="26.952689" lon="120.320613"><ele>38</ele></trkpt>
      <trkpt lat="26.952663" lon="120.320618"><ele>38</ele></trkpt>
      <trkpt lat="26.952637" lon="120.320621"><ele>38</ele></trkpt>
      <trkpt lat="26.952612" lon="120.320625"><ele>38</ele></trkpt>
      <trkpt lat="26.952588" lon="120.320628"><ele>38</ele></trkpt>
      <trkpt lat="26.952563" lon="120.320631"><ele>38</ele></trkpt>
      <trkpt lat="26.952537" lon="120.320635"><ele>38</ele></trkpt>
      <trkpt lat="26.952511" lon="120.320639"><ele>38</ele></trkpt>
      <trkpt lat="26.952485" lon="120.320643"><ele>38</ele></trkpt>
      <trkpt lat="26.952459" lon="120.320648"><ele>39</ele></trkpt>
      <trkpt lat="26.952435" lon="120.320651"><ele>39</ele></trkpt>
      <trkpt lat="26.952414" lon="120.320654"><ele>39</ele></trkpt>
      <trkpt lat="26.952392" lon="120.320658"><ele>39</ele></trkpt>
      <trkpt lat="26.952368" lon="120.320663"><ele>39</ele></trkpt>
      <trkpt lat="26.952344" lon="120.320668"><ele>39</ele></trkpt>
      <trkpt lat="26.95232" lon="120.320672"><ele>39</ele></trkpt>
      <trkpt lat="26.952297" lon="120.320678"><ele>39</ele></trkpt>
      <trkpt lat="26.952277" lon="120.320684"><ele>39</ele></trkpt>
      <trkpt lat="26.952256" lon="120.320692"><ele>39</ele></trkpt>
      <trkpt lat="26.952234" lon="120.320701"><ele>39</ele></trkpt>
      <trkpt lat="26.952214" lon="120.320711"><ele>39</ele></trkpt>
      <trkpt lat="26.952191" lon="120.320723"><ele>39</ele></trkpt>
      <trkpt lat="26.952172" lon="120.32074"><ele>39</ele></trkpt>
      <trkpt lat="26.952154" lon="120.320759"><ele>38</ele></trkpt>
      <trkpt lat="26.952146" lon="120.320771"><ele>38</ele></trkpt>
      <trkpt lat="26.952143" lon="120.32078"><ele>38</ele></trkpt>
      <trkpt lat="26.95214" lon="120.320789"><ele>38</ele></trkpt>
      <trkpt lat="26.952133" lon="120.320803"><ele>38</ele></trkpt>
      <trkpt lat="26.952124" lon="120.32082"><ele>38</ele></trkpt>
      <trkpt lat="26.952114" lon="120.320838"><ele>38</ele></trkpt>
      <trkpt lat="26.952102" lon="120.32086"><ele>38</ele></trkpt>
      <trkpt lat="26.952091" lon="120.320883"><ele>38</ele></trkpt>
      <trkpt lat="26.952081" lon="120.320907"><ele>38</ele></trkpt>
      <trkpt lat="26.952071" lon="120.32093"><ele>38</ele></trkpt>
      <trkpt lat="26.952063" lon="120.320954"><ele>38</ele></trkpt>
      <trkpt lat="26.952055" lon="120.320979"><ele>38</ele></trkpt>
      <trkpt lat="26.952047" lon="120.321003"><ele>38</ele></trkpt>
      <trkpt lat="26.952038" lon="120.321028"><ele>38</ele></trkpt>
      <trkpt lat="26.95203" lon="120.321054"><ele>38</ele></trkpt>
      <trkpt lat="26.952023" lon="120.321078"><ele>37</ele></trkpt>
      <trkpt lat="26.952018" lon="120.321102"><ele>37</ele></trkpt>
      <trkpt lat="26.952014" lon="120.321126"><ele>37</ele></trkpt>
      <trkpt lat="26.95201" lon="120.321151"><ele>37</ele></trkpt>
      <trkpt lat="26.952005" lon="120.321175"><ele>37</ele></trkpt>
      <trkpt lat="26.952002" lon="120.321201"><ele>37</ele></trkpt>
      <trkpt lat="26.951999" lon="120.321227"><ele>37</ele></trkpt>
      <trkpt lat="26.951997" lon="120.321249"><ele>37</ele></trkpt>
      <trkpt lat="26.951994" lon="120.321271"><ele>37</ele></trkpt>
      <trkpt lat="26.951989" lon="120.321293"><ele>38</ele></trkpt>
      <trkpt lat="26.951983" lon="120.321315"><ele>38</ele></trkpt>
      <trkpt lat="26.951977" lon="120.32134"><ele>38</ele></trkpt>
      <trkpt lat="26.951971" lon="120.321364"><ele>38</ele></trkpt>
      <trkpt lat="26.951965" lon="120.321391"><ele>38</ele></trkpt>
      <trkpt lat="26.951958" lon="120.321417"><ele>38</ele></trkpt>
      <trkpt lat="26.95195" lon="120.321445"><ele>38</ele></trkpt>
      <trkpt lat="26.951942" lon="120.32147"><ele>38</ele></trkpt>
      <trkpt lat="26.951936" lon="120.321494"><ele>38</ele></trkpt>
      <trkpt lat="26.95193" lon="120.321523"><ele>38</ele></trkpt>
      <trkpt lat="26.951923" lon="120.32155"><ele>38</ele></trkpt>
      <trkpt lat="26.951915" lon="120.321578"><ele>38</ele></trkpt>
      <trkpt lat="26.951907" lon="120.321608"><ele>38</ele></trkpt>
      <trkpt lat="26.951898" lon="120.321637"><ele>38</ele></trkpt>
      <trkpt lat="26.951889" lon="120.321668"><ele>38</ele></trkpt>
      <trkpt lat="26.951879" lon="120.321697"><ele>38</ele></trkpt>
      <trkpt lat="26.95187" lon="120.321727"><ele>39</ele></trkpt>
      <trkpt lat="26.951861" lon="120.321757"><ele>39</ele></trkpt>
      <trkpt lat="26.951851" lon="120.321786"><ele>39</ele></trkpt>
      <trkpt lat="26.951841" lon="120.321815"><ele>39</ele></trkpt>
      <trkpt lat="26.951831" lon="120.321844"><ele>39</ele></trkpt>
      <trkpt lat="26.951821" lon="120.321871"><ele>39</ele></trkpt>
      <trkpt lat="26.951813" lon="120.321896"><ele>39</ele></trkpt>
      <trkpt lat="26.951808" lon="120.321917"><ele>39</ele></trkpt>
      <trkpt lat="26.951802" lon="120.32194"><ele>39</ele></trkpt>
      <trkpt lat="26.951794" lon="120.321965"><ele>39</ele></trkpt>
      <trkpt lat="26.951785" lon="120.321993"><ele>39</ele></trkpt>
      <trkpt lat="26.951775" lon="120.322022"><ele>39</ele></trkpt>
      <trkpt lat="26.951764" lon="120.322051"><ele>39</ele></trkpt>
      <trkpt lat="26.951754" lon="120.32208"><ele>39</ele></trkpt>
      <trkpt lat="26.951747" lon="120.322108"><ele>39</ele></trkpt>
      <trkpt lat="26.951741" lon="120.322136"><ele>39</ele></trkpt>
      <trkpt lat="26.951734" lon="120.322163"><ele>39</ele></trkpt>
      <trkpt lat="26.951728" lon="120.322191"><ele>39</ele></trkpt>
      <trkpt lat="26.951722" lon="120.32222"><ele>39</ele></trkpt>
      <trkpt lat="26.951713" lon="120.32225"><ele>39</ele></trkpt>
      <trkpt lat="26.951702" lon="120.322279"><ele>39</ele></trkpt>
      <trkpt lat="26.951691" lon="120.322307"><ele>39</ele></trkpt>
      <trkpt lat="26.951681" lon="120.322336"><ele>39</ele></trkpt>
      <trkpt lat="26.951671" lon="120.32236"><ele>39</ele></trkpt>
      <trkpt lat="26.951663" lon="120.322384"><ele>39</ele></trkpt>
      <trkpt lat="26.951658" lon="120.322402"><ele>38</ele></trkpt>
      <trkpt lat="26.951652" lon="120.322423"><ele>38</ele></trkpt>
      <trkpt lat="26.951647" lon="120.322445"><ele>38</ele></trkpt>
      <trkpt lat="26.951645" lon="120.322462"><ele>38</ele></trkpt>
      <trkpt lat="26.95164" lon="120.322482"><ele>38</ele></trkpt>
      <trkpt lat="26.951635" lon="120.322507"><ele>38</ele></trkpt>
      <trkpt lat="26.951631" lon="120.322534"><ele>38</ele></trkpt>
      <trkpt lat="26.951626" lon="120.322562"><ele>37</ele></trkpt>
      <trkpt lat="26.951619" lon="120.322588"><ele>37</ele></trkpt>
      <trkpt lat="26.951613" lon="120.322614"><ele>37</ele></trkpt>
      <trkpt lat="26.951606" lon="120.32264"><ele>37</ele></trkpt>
      <trkpt lat="26.951598" lon="120.322667"><ele>37</ele></trkpt>
      <trkpt lat="26.95159" lon="120.322693"><ele>37</ele></trkpt>
      <trkpt lat="26.951582" lon="120.32272"><ele>37</ele></trkpt>
      <trkpt lat="26.951575" lon="120.322746"><ele>37</ele></trkpt>
      <trkpt lat="26.951567" lon="120.322773"><ele>37</ele></trkpt>
      <trkpt lat="26.951557" lon="120.322802"><ele>38</ele></trkpt>
      <trkpt lat="26.951545" lon="120.322831"><ele>38</ele></trkpt>
      <trkpt lat="26.951532" lon="120.32286"><ele>39</ele></trkpt>
      <trkpt lat="26.95152" lon="120.322888"><ele>39</ele></trkpt>
      <trkpt lat="26.951509" lon="120.322917"><ele>39</ele></trkpt>
      <trkpt lat="26.951499" lon="120.322946"><ele>39</ele></trkpt>
      <trkpt lat="26.951487" lon="120.322974"><ele>39</ele></trkpt>
      <trkpt lat="26.951474" lon="120.323001"><ele>39</ele></trkpt>
      <trkpt lat="26.951463" lon="120.323023"><ele>39</ele></trkpt>
      <trkpt lat="26.951452" lon="120.323045"><ele>39</ele></trkpt>
      <trkpt lat="26.951441" lon="120.323069"><ele>39</ele></trkpt>
      <trkpt lat="26.951431" lon="120.323094"><ele>39</ele></trkpt>
      <trkpt lat="26.95142" lon="120.323121"><ele>39</ele></trkpt>
      <trkpt lat="26.951407" lon="120.323148"><ele>39</ele></trkpt>
      <trkpt lat="26.951396" lon="120.323177"><ele>39</ele></trkpt>
      <trkpt lat="26.951386" lon="120.323206"><ele>38</ele></trkpt>
      <trkpt lat="26.951374" lon="120.323232"><ele>38</ele></trkpt>
      <trkpt lat="26.951359" lon="120.323258"><ele>38</ele></trkpt>
      <trkpt lat="26.951343" lon="120.323285"><ele>37</ele></trkpt>
      <trkpt lat="26.951327" lon="120.323313"><ele>37</ele></trkpt>
      <trkpt lat="26.951311" lon="120.323341"><ele>37</ele></trkpt>
      <trkpt lat="26.951297" lon="120.323367"><ele>37</ele></trkpt>
      <trkpt lat="26.951286" lon="120.323393"><ele>37</ele></trkpt>
      <trkpt lat="26.951273" lon="120.32342"><ele>37</ele></trkpt>
      <trkpt lat="26.951256" lon="120.323446"><ele>37</ele></trkpt>
      <trkpt lat="26.951238" lon="120.323472"><ele>37</ele></trkpt>
      <trkpt lat="26.95122" lon="120.323499"><ele>37</ele></trkpt>
      <trkpt lat="26.951201" lon="120.323523"><ele>37</ele></trkpt>
      <trkpt lat="26.951181" lon="120.323546"><ele>37</ele></trkpt>
      <trkpt lat="26.951161" lon="120.323568"><ele>37</ele></trkpt>
      <trkpt lat="26.95114" lon="120.323587"><ele>37</ele></trkpt>
      <trkpt lat="26.95112" lon="120.323601"><ele>37</ele></trkpt>
      <trkpt lat="26.9511" lon="120.323611"><ele>37</ele></trkpt>
      <trkpt lat="26.951073" lon="120.323621"><ele>37</ele></trkpt>
      <trkpt lat="26.951043" lon="120.323628"><ele>37</ele></trkpt>
      <trkpt lat="26.95101" lon="120.32363"><ele>37</ele></trkpt>
      <trkpt lat="26.950975" lon="120.323629"><ele>37</ele></trkpt>
      <trkpt lat="26.950939" lon="120.323624"><ele>37</ele></trkpt>
      <trkpt lat="26.950904" lon="120.323616"><ele>37</ele></trkpt>
      <trkpt lat="26.950872" lon="120.3236"><ele>37</ele></trkpt>
      <trkpt lat="26.950843" lon="120.323578"><ele>37</ele></trkpt>
      <trkpt lat="26.950816" lon="120.323549"><ele>37</ele></trkpt>
      <trkpt lat="26.950791" lon="120.323519"><ele>38</ele></trkpt>
      <trkpt lat="26.950766" lon="120.32349"><ele>39</ele></trkpt>
      <trkpt lat="26.950745" lon="120.32346"><ele>40</ele></trkpt>
      <trkpt lat="26.95073" lon="120.323429"><ele>40</ele></trkpt>
      <trkpt lat="26.950722" lon="120.323397"><ele>40</ele></trkpt>
      <trkpt lat="26.950713" lon="120.32336"><ele>41</ele></trkpt>
      <trkpt lat="26.950704" lon="120.323323"><ele>41</ele></trkpt>
      <trkpt lat="26.950694" lon="120.323289"><ele>41</ele></trkpt>
      <trkpt lat="26.950681" lon="120.323256"><ele>42</ele></trkpt>
      <trkpt lat="26.95067" lon="120.323222"><ele>43</ele></trkpt>
      <trkpt lat="26.950663" lon="120.323188"><ele>43</ele></trkpt>
      <trkpt lat="26.950658" lon="120.323153"><ele>43</ele></trkpt>
      <trkpt lat="26.950651" lon="120.323118"><ele>43</ele></trkpt>
      <trkpt lat="26.950645" lon="120.323087"><ele>43</ele></trkpt>
      <trkpt lat="26.950638" lon="120.323059"><ele>43</ele></trkpt>
      <trkpt lat="26.950632" lon="120.323041"><ele>43</ele></trkpt>
      <trkpt lat="26.950616" lon="120.322997"><ele>43</ele></trkpt>
      <trkpt lat="26.950607" lon="120.322972"><ele>42</ele></trkpt>
      <trkpt lat="26.950597" lon="120.322944"><ele>42</ele></trkpt>
      <trkpt lat="26.950585" lon="120.322916"><ele>42</ele></trkpt>
      <trkpt lat="26.950573" lon="120.32289"><ele>41</ele></trkpt>
      <trkpt lat="26.950559" lon="120.322865"><ele>41</ele></trkpt>
      <trkpt lat="26.950545" lon="120.322841"><ele>40</ele></trkpt>
      <trkpt lat="26.950529" lon="120.322816"><ele>40</ele></trkpt>
      <trkpt lat="26.950513" lon="120.322791"><ele>40</ele></trkpt>
      <trkpt lat="26.950497" lon="120.322768"><ele>40</ele></trkpt>
      <trkpt lat="26.95048" lon="120.322746"><ele>40</ele></trkpt>
      <trkpt lat="26.950463" lon="120.322725"><ele>39</ele></trkpt>
      <trkpt lat="26.950445" lon="120.322705"><ele>39</ele></trkpt>
      <trkpt lat="26.950431" lon="120.322691"><ele>39</ele></trkpt>
      <trkpt lat="26.950419" lon="120.322678"><ele>39</ele></trkpt>
      <trkpt lat="26.950394" lon="120.32265"><ele>39</ele></trkpt>
      <trkpt lat="26.95038" lon="120.322632"><ele>39</ele></trkpt>
      <trkpt lat="26.950366" lon="120.322613"><ele>39</ele></trkpt>
      <trkpt lat="26.950354" lon="120.322596"><ele>38</ele></trkpt>
      <trkpt lat="26.95034" lon="120.322577"><ele>38</ele></trkpt>
      <trkpt lat="26.950328" lon="120.322561"><ele>37</ele></trkpt>
      <trkpt lat="26.950313" lon="120.322538"><ele>37</ele></trkpt>
      <trkpt lat="26.950295" lon="120.322518"><ele>37</ele></trkpt>
      <trkpt lat="26.950277" lon="120.322498"><ele>37</ele></trkpt>
      <trkpt lat="26.950258" lon="120.322476"><ele>37</ele></trkpt>
      <trkpt lat="26.950244" lon="120.322453"><ele>38</ele></trkpt>
      <trkpt lat="26.950232" lon="120.322428"><ele>38</ele></trkpt>
      <trkpt lat="26.950221" lon="120.322403"><ele>38</ele></trkpt>
      <trkpt lat="26.950209" lon="120.32238"><ele>38</ele></trkpt>
      <trkpt lat="26.950197" lon="120.322355"><ele>38</ele></trkpt>
      <trkpt lat="26.950183" lon="120.322329"><ele>39</ele></trkpt>
      <trkpt lat="26.950169" lon="120.322302"><ele>39</ele></trkpt>
      <trkpt lat="26.950153" lon="120.322274"><ele>39</ele></trkpt>
      <trkpt lat="26.950137" lon="120.322247"><ele>38</ele></trkpt>
      <trkpt lat="26.950121" lon="120.32222"><ele>38</ele></trkpt>
      <trkpt lat="26.950104" lon="120.322194"><ele>38</ele></trkpt>
      <trkpt lat="26.950088" lon="120.322169"><ele>38</ele></trkpt>
      <trkpt lat="26.950073" lon="120.322145"><ele>38</ele></trkpt>
      <trkpt lat="26.950057" lon="120.322122"><ele>38</ele></trkpt>
      <trkpt lat="26.950042" lon="120.322097"><ele>38</ele></trkpt>
      <trkpt lat="26.950027" lon="120.322071"><ele>38</ele></trkpt>
      <trkpt lat="26.950013" lon="120.322044"><ele>38</ele></trkpt>
      <trkpt lat="26.949997" lon="120.322018"><ele>38</ele></trkpt>
      <trkpt lat="26.949981" lon="120.321993"><ele>38</ele></trkpt>
      <trkpt lat="26.949966" lon="120.321967"><ele>38</ele></trkpt>
      <trkpt lat="26.949949" lon="120.321943"><ele>38</ele></trkpt>
      <trkpt lat="26.949934" lon="120.32192"><ele>38</ele></trkpt>
      <trkpt lat="26.949921" lon="120.321895"><ele>38</ele></trkpt>
      <trkpt lat="26.949908" lon="120.321869"><ele>38</ele></trkpt>
      <trkpt lat="26.9499" lon="120.321841"><ele>38</ele></trkpt>
      <trkpt lat="26.94989" lon="120.321812"><ele>38</ele></trkpt>
      <trkpt lat="26.949881" lon="120.321783"><ele>38</ele></trkpt>
      <trkpt lat="26.94987" lon="120.321755"><ele>38</ele></trkpt>
      <trkpt lat="26.94986" lon="120.321725"><ele>38</ele></trkpt>
      <trkpt lat="26.94985" lon="120.321695"><ele>39</ele></trkpt>
      <trkpt lat="26.949839" lon="120.321666"><ele>39</ele></trkpt>
      <trkpt lat="26.949831" lon="120.321639"><ele>39</ele></trkpt>
      <trkpt lat="26.949823" lon="120.321615"><ele>39</ele></trkpt>
      <trkpt lat="26.949816" lon="120.321592"><ele>39</ele></trkpt>
      <trkpt lat="26.949808" lon="120.321575"><ele>39</ele></trkpt>
      <trkpt lat="26.9498" lon="120.321558"><ele>39</ele></trkpt>
      <trkpt lat="26.949793" lon="120.32154"><ele>39</ele></trkpt>
      <trkpt lat="26.949785" lon="120.321523"><ele>39</ele></trkpt>
      <trkpt lat="26.949778" lon="120.321506"><ele>39</ele></trkpt>
      <trkpt lat="26.949769" lon="120.321488"><ele>39</ele></trkpt>
      <trkpt lat="26.949761" lon="120.321476"><ele>39</ele></trkpt>
      <trkpt lat="26.949752" lon="120.321464"><ele>39</ele></trkpt>
      <trkpt lat="26.94974" lon="120.32145"><ele>39</ele></trkpt>
      <trkpt lat="26.949727" lon="120.321435"><ele>39</ele></trkpt>
      <trkpt lat="26.949714" lon="120.321418"><ele>38</ele></trkpt>
      <trkpt lat="26.949699" lon="120.3214"><ele>38</ele></trkpt>
      <trkpt lat="26.949684" lon="120.321379"><ele>37</ele></trkpt>
      <trkpt lat="26.949674" lon="120.321357"><ele>37</ele></trkpt>
      <trkpt lat="26.949671" lon="120.321353"><ele>36</ele></trkpt>
      <trkpt lat="26.949647" lon="120.321319"><ele>36</ele></trkpt>
      <trkpt lat="26.949647" lon="120.321319"><ele>36</ele></trkpt>
      <trkpt lat="26.949644" lon="120.321314"><ele>36</ele></trkpt>
      <trkpt lat="26.949631" lon="120.321293"><ele>36</ele></trkpt>
      <trkpt lat="26.94961" lon="120.321259"><ele>35</ele></trkpt>
      <trkpt lat="26.949589" lon="120.321225"><ele>35</ele></trkpt>
      <trkpt lat="26.949571" lon="120.321194"><ele>35</ele></trkpt>
      <trkpt lat="26.949555" lon="120.321167"><ele>35</ele></trkpt>
      <trkpt lat="26.94954" lon="120.321142"><ele>35</ele></trkpt>
      <trkpt lat="26.949526" lon="120.32112"><ele>35</ele></trkpt>
      <trkpt lat="26.949512" lon="120.321099"><ele>35</ele></trkpt>
      <trkpt lat="26.949499" lon="120.321079"><ele>35</ele></trkpt>
      <trkpt lat="26.949485" lon="120.321059"><ele>35</ele></trkpt>
      <trkpt lat="26.949469" lon="120.321036"><ele>35</ele></trkpt>
      <trkpt lat="26.949455" lon="120.321013"><ele>35</ele></trkpt>
      <trkpt lat="26.949443" lon="120.320991"><ele>35</ele></trkpt>
      <trkpt lat="26.94943" lon="120.320967"><ele>34</ele></trkpt>
      <trkpt lat="26.949417" lon="120.320943"><ele>34</ele></trkpt>
      <trkpt lat="26.949403" lon="120.320921"><ele>34</ele></trkpt>
      <trkpt lat="26.949388" lon="120.320899"><ele>34</ele></trkpt>
      <trkpt lat="26.949374" lon="120.320878"><ele>34</ele></trkpt>
      <trkpt lat="26.94936" lon="120.320863"><ele>34</ele></trkpt>
      <trkpt lat="26.949344" lon="120.320847"><ele>33</ele></trkpt>
      <trkpt lat="26.949326" lon="120.320831"><ele>33</ele></trkpt>
      <trkpt lat="26.949307" lon="120.320818"><ele>32</ele></trkpt>
      <trkpt lat="26.949287" lon="120.320809"><ele>31</ele></trkpt>
      <trkpt lat="26.949264" lon="120.320803"><ele>31</ele></trkpt>
      <trkpt lat="26.949239" lon="120.320801"><ele>30</ele></trkpt>
      <trkpt lat="26.949213" lon="120.320802"><ele>30</ele></trkpt>
      <trkpt lat="26.949186" lon="120.320806"><ele>29</ele></trkpt>
      <trkpt lat="26.949159" lon="120.320812"><ele>28</ele></trkpt>
      <trkpt lat="26.949133" lon="120.320819"><ele>28</ele></trkpt>
      <trkpt lat="26.949106" lon="120.320825"><ele>27</ele></trkpt>
      <trkpt lat="26.94908" lon="120.32083"><ele>27</ele></trkpt>
      <trkpt lat="26.949055" lon="120.320836"><ele>27</ele></trkpt>
      <trkpt lat="26.949031" lon="120.320839"><ele>27</ele></trkpt>
      <trkpt lat="26.949008" lon="120.320841"><ele>27</ele></trkpt>
      <trkpt lat="26.948985" lon="120.320842"><ele>27</ele></trkpt>
      <trkpt lat="26.948962" lon="120.320842"><ele>27</ele></trkpt>
      <trkpt lat="26.948936" lon="120.320841"><ele>28</ele></trkpt>
      <trkpt lat="26.948908" lon="120.320841"><ele>28</ele></trkpt>
      <trkpt lat="26.948879" lon="120.320839"><ele>28</ele></trkpt>
      <trkpt lat="26.948851" lon="120.320836"><ele>29</ele></trkpt>
      <trkpt lat="26.948825" lon="120.320832"><ele>29</ele></trkpt>
      <trkpt lat="26.948799" lon="120.320827"><ele>29</ele></trkpt>
      <trkpt lat="26.948774" lon="120.320823"><ele>30</ele></trkpt>
      <trkpt lat="26.948749" lon="120.32082"><ele>31</ele></trkpt>
      <trkpt lat="26.948725" lon="120.320817"><ele>31</ele></trkpt>
      <trkpt lat="26.9487" lon="120.320815"><ele>31</ele></trkpt>
      <trkpt lat="26.948675" lon="120.320812"><ele>31</ele></trkpt>
      <trkpt lat="26.94865" lon="120.320807"><ele>31</ele></trkpt>
      <trkpt lat="26.948626" lon="120.3208"><ele>31</ele></trkpt>
      <trkpt lat="26.948601" lon="120.320793"><ele>32</ele></trkpt>
      <trkpt lat="26.948578" lon="120.320784"><ele>32</ele></trkpt>
      <trkpt lat="26.948555" lon="120.320776"><ele>32</ele></trkpt>
      <trkpt lat="26.948532" lon="120.320767"><ele>32</ele></trkpt>
      <trkpt lat="26.948509" lon="120.32076"><ele>32</ele></trkpt>
      <trkpt lat="26.948486" lon="120.320752"><ele>32</ele></trkpt>
      <trkpt lat="26.948463" lon="120.320746"><ele>32</ele></trkpt>
      <trkpt lat="26.948438" lon="120.320739"><ele>31</ele></trkpt>
      <trkpt lat="26.948414" lon="120.320733"><ele>31</ele></trkpt>
      <trkpt lat="26.94839" lon="120.320727"><ele>30</ele></trkpt>
      <trkpt lat="26.948365" lon="120.320719"><ele>30</ele></trkpt>
      <trkpt lat="26.94834" lon="120.32071"><ele>29</ele></trkpt>
      <trkpt lat="26.948316" lon="120.320701"><ele>29</ele></trkpt>
      <trkpt lat="26.948292" lon="120.320691"><ele>28</ele></trkpt>
      <trkpt lat="26.948269" lon="120.320681"><ele>28</ele></trkpt>
      <trkpt lat="26.948246" lon="120.320671"><ele>28</ele></trkpt>
      <trkpt lat="26.948224" lon="120.32066"><ele>27</ele></trkpt>
      <trkpt lat="26.9482" lon="120.32065"><ele>27</ele></trkpt>
      <trkpt lat="26.948176" lon="120.320639"><ele>27</ele></trkpt>
      <trkpt lat="26.948152" lon="120.320628"><ele>26</ele></trkpt>
      <trkpt lat="26.948129" lon="120.320617"><ele>26</ele></trkpt>
      <trkpt lat="26.948106" lon="120.320605"><ele>25</ele></trkpt>
      <trkpt lat="26.948084" lon="120.320593"><ele>25</ele></trkpt>
      <trkpt lat="26.948062" lon="120.320579"><ele>25</ele></trkpt>
      <trkpt lat="26.94804" lon="120.320567"><ele>24</ele></trkpt>
      <trkpt lat="26.948018" lon="120.320554"><ele>24</ele></trkpt>
      <trkpt lat="26.947997" lon="120.320541"><ele>24</ele></trkpt>
      <trkpt lat="26.947976" lon="120.320527"><ele>23</ele></trkpt>
      <trkpt lat="26.947957" lon="120.320511"><ele>23</ele></trkpt>
      <trkpt lat="26.947938" lon="120.320495"><ele>22</ele></trkpt>
      <trkpt lat="26.947918" lon="120.320479"><ele>22</ele></trkpt>
      <trkpt lat="26.947898" lon="120.320465"><ele>22</ele></trkpt>
      <trkpt lat="26.947879" lon="120.32045"><ele>21</ele></trkpt>
      <trkpt lat="26.94786" lon="120.320434"><ele>21</ele></trkpt>
      <trkpt lat="26.947843" lon="120.320414"><ele>20</ele></trkpt>
      <trkpt lat="26.94783" lon="120.32039"><ele>20</ele></trkpt>
      <trkpt lat="26.947824" lon="120.32037"><ele>19</ele></trkpt>
      <trkpt lat="26.947819" lon="120.320365"><ele>19</ele></trkpt>
      <trkpt lat="26.947804" lon="120.320351"><ele>19</ele></trkpt>
      <trkpt lat="26.947754" lon="120.320301"><ele>18</ele></trkpt>
      <trkpt lat="26.947754" lon="120.320301"><ele>18</ele></trkpt>
      <trkpt lat="26.94775" lon="120.320294"><ele>18</ele></trkpt>
      <trkpt lat="26.947738" lon="120.320267"><ele>18</ele></trkpt>
      <trkpt lat="26.94772" lon="120.320227"><ele>17</ele></trkpt>
      <trkpt lat="26.947703" lon="120.320188"><ele>16</ele></trkpt>
      <trkpt lat="26.947689" lon="120.320157"><ele>16</ele></trkpt>
      <trkpt lat="26.947677" lon="120.320128"><ele>16</ele></trkpt>
      <trkpt lat="26.947667" lon="120.320102"><ele>16</ele></trkpt>
      <trkpt lat="26.947657" lon="120.320077"><ele>15</ele></trkpt>
      <trkpt lat="26.947649" lon="120.320053"><ele>15</ele></trkpt>
      <trkpt lat="26.947642" lon="120.32003"><ele>15</ele></trkpt>
      <trkpt lat="26.947636" lon="120.320005"><ele>14</ele></trkpt>
      <trkpt lat="26.947631" lon="120.319978"><ele>14</ele></trkpt>
      <trkpt lat="26.947627" lon="120.319951"><ele>14</ele></trkpt>
      <trkpt lat="26.947622" lon="120.319923"><ele>14</ele></trkpt>
      <trkpt lat="26.947617" lon="120.319894"><ele>14</ele></trkpt>
      <trkpt lat="26.947614" lon="120.319865"><ele>13</ele></trkpt>
      <trkpt lat="26.947612" lon="120.319838"><ele>13</ele></trkpt>
      <trkpt lat="26.947611" lon="120.31981"><ele>12</ele></trkpt>
      <trkpt lat="26.947611" lon="120.319782"><ele>12</ele></trkpt>
      <trkpt lat="26.947611" lon="120.319755"><ele>12</ele></trkpt>
      <trkpt lat="26.94761" lon="120.31973"><ele>12</ele></trkpt>
      <trkpt lat="26.94761" lon="120.319706"><ele>12</ele></trkpt>
      <trkpt lat="26.947609" lon="120.319684"><ele>12</ele></trkpt>
      <trkpt lat="26.947608" lon="120.319663"><ele>12</ele></trkpt>
      <trkpt lat="26.947606" lon="120.319645"><ele>12</ele></trkpt>
      <trkpt lat="26.947604" lon="120.319628"><ele>12</ele></trkpt>
      <trkpt lat="26.947603" lon="120.319612"><ele>12</ele></trkpt>
      <trkpt lat="26.947602" lon="120.319597"><ele>12</ele></trkpt>
      <trkpt lat="26.947602" lon="120.31959"><ele>13</ele></trkpt>
      <trkpt lat="26.947604" lon="120.319566"><ele>13</ele></trkpt>
      <trkpt lat="26.947603" lon="120.319566"><ele>13</ele></trkpt>
      <trkpt lat="26.947603" lon="120.31956"><ele>13</ele></trkpt>
      <trkpt lat="26.947599" lon="120.319536"><ele>14</ele></trkpt>
      <trkpt lat="26.947593" lon="120.319501"><ele>14</ele></trkpt>
      <trkpt lat="26.947585" lon="120.319466"><ele>15</ele></trkpt>
      <trkpt lat="26.947575" lon="120.319438"><ele>15</ele></trkpt>
      <trkpt lat="26.947565" lon="120.319415"><ele>15</ele></trkpt>
      <trkpt lat="26.947557" lon="120.319397"><ele>15</ele></trkpt>
      <trkpt lat="26.94755" lon="120.319382"><ele>16</ele></trkpt>
      <trkpt lat="26.94754" lon="120.319366"><ele>16</ele></trkpt>
      <trkpt lat="26.947529" lon="120.31935"><ele>16</ele></trkpt>
      <trkpt lat="26.947526" lon="120.319352"><ele>16</ele></trkpt>
      <trkpt lat="26.947452" lon="120.31938"><ele>16</ele></trkpt>
      <trkpt lat="26.94741" lon="120.319271"><ele>16</ele></trkpt>
      <trkpt lat="26.94741" lon="120.319271"><ele>16</ele></trkpt>
      <trkpt lat="26.947415" lon="120.319255"><ele>16</ele></trkpt>
      <trkpt lat="26.947237" lon="120.319272"><ele>16</ele></trkpt>
      <trkpt lat="26.947237" lon="120.319272"><ele>16</ele></trkpt>
      <trkpt lat="26.947232" lon="120.319276"><ele>15</ele></trkpt>
      <trkpt lat="26.947179" lon="120.31933"><ele>15</ele></trkpt>
      <trkpt lat="26.947171" lon="120.319346"><ele>14</ele></trkpt>
      <trkpt lat="26.947159" lon="120.319361"><ele>14</ele></trkpt>
      <trkpt lat="26.947116" lon="120.319407"><ele>14</ele></trkpt>
      <trkpt lat="26.947099" lon="120.31942"><ele>13</ele></trkpt>
      <trkpt lat="26.947073" lon="120.319438"><ele>13</ele></trkpt>
      <trkpt lat="26.94704" lon="120.319458"><ele>13</ele></trkpt>
      <trkpt lat="26.947005" lon="120.319474"><ele>13</ele></trkpt>
      <trkpt lat="26.94697" lon="120.319491"><ele>13</ele></trkpt>
      <trkpt lat="26.946938" lon="120.319509"><ele>14</ele></trkpt>
      <trkpt lat="26.946908" lon="120.31953"><ele>14</ele></trkpt>
      <trkpt lat="26.946884" lon="120.319553"><ele>14</ele></trkpt>
      <trkpt lat="26.946858" lon="120.31957"><ele>14</ele></trkpt>
      <trkpt lat="26.94683" lon="120.319585"><ele>15</ele></trkpt>
      <trkpt lat="26.946802" lon="120.319594"><ele>15</ele></trkpt>
      <trkpt lat="26.946776" lon="120.319604"><ele>15</ele></trkpt>
      <trkpt lat="26.946745" lon="120.319614"><ele>15</ele></trkpt>
      <trkpt lat="26.946712" lon="120.319626"><ele>15</ele></trkpt>
      <trkpt lat="26.946682" lon="120.319641"><ele>15</ele></trkpt>
      <trkpt lat="26.946653" lon="120.319657"><ele>15</ele></trkpt>
      <trkpt lat="26.946624" lon="120.319669"><ele>15</ele></trkpt>
      <trkpt lat="26.946599" lon="120.319666"><ele>15</ele></trkpt>
      <trkpt lat="26.946584" lon="120.319664"><ele>15</ele></trkpt>
      <trkpt lat="26.9466" lon="120.319611"><ele>15</ele></trkpt>
      <trkpt lat="26.946605" lon="120.319605"><ele>14</ele></trkpt>
      <trkpt lat="26.946614" lon="120.319604"><ele>14</ele></trkpt>
      <trkpt lat="26.946682" lon="120.319595"><ele>14</ele></trkpt>
      <trkpt lat="26.946685" lon="120.319598"><ele>14</ele></trkpt>
      <trkpt lat="26.94658" lon="120.319508"><ele>14</ele></trkpt>
      <trkpt lat="26.946564" lon="120.319492"><ele>14</ele></trkpt>
      <trkpt lat="26.946547" lon="120.319474"><ele>13</ele></trkpt>
      <trkpt lat="26.946467" lon="120.319524"><ele>13</ele></trkpt>
      <trkpt lat="26.946467" lon="120.319525"><ele>13</ele></trkpt>
      <trkpt lat="26.946463" lon="120.319529"><ele>13</ele></trkpt>
      <trkpt lat="26.946421" lon="120.319574"><ele>12</ele></trkpt>
      <trkpt lat="26.946421" lon="120.319574"><ele>10</ele></trkpt>
      <trkpt lat="26.946421" lon="120.319576"><ele>8</ele></trkpt>
      <trkpt lat="26.946411" lon="120.319642"><ele>8</ele></trkpt>
      <trkpt lat="26.946411" lon="120.319642"><ele>8</ele></trkpt>
      <trkpt lat="26.946412" lon="120.319641"><ele>8</ele></trkpt>
      <trkpt lat="26.946454" lon="120.319586"><ele>8</ele></trkpt>
      <trkpt lat="26.946473" lon="120.319568"><ele>8</ele></trkpt>
      <trkpt lat="26.946492" lon="120.319554"><ele>8</ele></trkpt>
      <trkpt lat="26.946515" lon="120.31954"><ele>8</ele></trkpt>
      <trkpt lat="26.946536" lon="120.319529"><ele>8</ele></trkpt>
      <trkpt lat="26.946557" lon="120.31952"><ele>8</ele></trkpt>
      <trkpt lat="26.946568" lon="120.319519"><ele>8</ele></trkpt>
      <trkpt lat="26.94658" lon="120.319522"><ele>7</ele></trkpt>
      <trkpt lat="26.946596" lon="120.319528"><ele>7</ele></trkpt>
      <trkpt lat="26.946615" lon="120.319533"><ele>7</ele></trkpt>
      <trkpt lat="26.946636" lon="120.319538"><ele>7</ele></trkpt>
      <trkpt lat="26.946657" lon="120.319542"><ele>7</ele></trkpt>
      <trkpt lat="26.946677" lon="120.319544"><ele>8</ele></trkpt>
      <trkpt lat="26.946691" lon="120.319543"><ele>8</ele></trkpt>
      <trkpt lat="26.946695" lon="120.319541"><ele>9</ele></trkpt>
      <trkpt lat="26.946644" lon="120.319568"><ele>10</ele></trkpt>
      <trkpt lat="26.946638" lon="120.31957"><ele>11</ele></trkpt>
      <trkpt lat="26.946634" lon="120.319576"><ele>11</ele></trkpt>
      <trkpt lat="26.946627" lon="120.3196"><ele>12</ele></trkpt>
      <trkpt lat="26.946619" lon="120.319612"><ele>12</ele></trkpt>
      <trkpt lat="26.946581" lon="120.319665"><ele>13</ele></trkpt>
      <trkpt lat="26.94657" lon="120.319678"><ele>13</ele></trkpt>
      <trkpt lat="26.946556" lon="120.31969"><ele>13</ele></trkpt>
      <trkpt lat="26.946541" lon="120.319701"><ele>13</ele></trkpt>
      <trkpt lat="26.946529" lon="120.319709"><ele>13</ele></trkpt>
      <trkpt lat="26.946514" lon="120.319717"><ele>13</ele></trkpt>
      <trkpt lat="26.946501" lon="120.319725"><ele>13</ele></trkpt>
      <trkpt lat="26.946493" lon="120.319738"><ele>13</ele></trkpt>
      <trkpt lat="26.94649" lon="120.319752"><ele>13</ele></trkpt>
      <trkpt lat="26.946491" lon="120.319768"><ele>13</ele></trkpt>
      <trkpt lat="26.946495" lon="120.319788"><ele>13</ele></trkpt>
      <trkpt lat="26.946502" lon="120.319806"><ele>13</ele></trkpt>
      <trkpt lat="26.946509" lon="120.319826"><ele>13</ele></trkpt>
      <trkpt lat="26.946515" lon="120.319842"><ele>13</ele></trkpt>
      <trkpt lat="26.94652" lon="120.319856"><ele>13</ele></trkpt>
      <trkpt lat="26.946528" lon="120.319873"><ele>13</ele></trkpt>
      <trkpt lat="26.946535" lon="120.31989"><ele>13</ele></trkpt>
      <trkpt lat="26.946543" lon="120.319905"><ele>13</ele></trkpt>
      <trkpt lat="26.94655" lon="120.319922"><ele>13</ele></trkpt>
      <trkpt lat="26.946557" lon="120.319941"><ele>13</ele></trkpt>
      <trkpt lat="26.946564" lon="120.319958"><ele>13</ele></trkpt>
      <trkpt lat="26.946571" lon="120.319978"><ele>14</ele></trkpt>
      <trkpt lat="26.946578" lon="120.319998"><ele>14</ele></trkpt>
      <trkpt lat="26.946582" lon="120.320017"><ele>14</ele></trkpt>
      <trkpt lat="26.946582" lon="120.320035"><ele>15</ele></trkpt>
      <trkpt lat="26.946582" lon="120.320052"><ele>15</ele></trkpt>
      <trkpt lat="26.946583" lon="120.320065"><ele>15</ele></trkpt>
      <trkpt lat="26.946583" lon="120.320083"><ele>16</ele></trkpt>
      <trkpt lat="26.946583" lon="120.3201"><ele>16</ele></trkpt>
      <trkpt lat="26.946583" lon="120.320116"><ele>16</ele></trkpt>
      <trkpt lat="26.946583" lon="120.320136"><ele>16</ele></trkpt>
      <trkpt lat="26.946582" lon="120.320157"><ele>16</ele></trkpt>
      <trkpt lat="26.946579" lon="120.320173"><ele>16</ele></trkpt>
      <trkpt lat="26.946571" lon="120.320189"><ele>16</ele></trkpt>
      <trkpt lat="26.946562" lon="120.320206"><ele>17</ele></trkpt>
      <trkpt lat="26.946554" lon="120.32022"><ele>17</ele></trkpt>
      <trkpt lat="26.946545" lon="120.320239"><ele>17</ele></trkpt>
      <trkpt lat="26.94654" lon="120.32026"><ele>17</ele></trkpt>
      <trkpt lat="26.946536" lon="120.320287"><ele>17</ele></trkpt>
      <trkpt lat="26.946535" lon="120.320307"><ele>17</ele></trkpt>
      <trkpt lat="26.946535" lon="120.320325"><ele>17</ele></trkpt>
      <trkpt lat="26.946534" lon="120.320353"><ele>16</ele></trkpt>
      <trkpt lat="26.946534" lon="120.320378"><ele>16</ele></trkpt>
      <trkpt lat="26.946534" lon="120.320401"><ele>16</ele></trkpt>
      <trkpt lat="26.946537" lon="120.320422"><ele>16</ele></trkpt>
      <trkpt lat="26.946541" lon="120.320442"><ele>16</ele></trkpt>
      <trkpt lat="26.94655" lon="120.320465"><ele>16</ele></trkpt>
      <trkpt lat="26.94656" lon="120.320491"><ele>16</ele></trkpt>
      <trkpt lat="26.94657" lon="120.320516"><ele>17</ele></trkpt>
      <trkpt lat="26.946576" lon="120.32054"><ele>17</ele></trkpt>
      <trkpt lat="26.94658" lon="120.320564"><ele>17</ele></trkpt>
      <trkpt lat="26.946581" lon="120.320586"><ele>18</ele></trkpt>
      <trkpt lat="26.946581" lon="120.320586"><ele>18</ele></trkpt>
      <trkpt lat="26.946508" lon="120.320592"><ele>18</ele></trkpt>
      <trkpt lat="26.946508" lon="120.320592"><ele>19</ele></trkpt>
      <trkpt lat="26.946503" lon="120.320593"><ele>19</ele></trkpt>
      <trkpt lat="26.94645" lon="120.320605"><ele>20</ele></trkpt>
      <trkpt lat="26.946424" lon="120.320614"><ele>20</ele></trkpt>
      <trkpt lat="26.9464" lon="120.320625"><ele>21</ele></trkpt>
      <trkpt lat="26.946381" lon="120.320638"><ele>21</ele></trkpt>
      <trkpt lat="26.946364" lon="120.320651"><ele>21</ele></trkpt>
      <trkpt lat="26.946344" lon="120.320665"><ele>21</ele></trkpt>
      <trkpt lat="26.946329" lon="120.320674"><ele>21</ele></trkpt>
      <trkpt lat="26.946313" lon="120.32068"><ele>22</ele></trkpt>
      <trkpt lat="26.946298" lon="120.320683"><ele>22</ele></trkpt>
      <trkpt lat="26.946287" lon="120.320683"><ele>22</ele></trkpt>
      <trkpt lat="26.946276" lon="120.32068"><ele>22</ele></trkpt>
      <trkpt lat="26.946257" lon="120.320679"><ele>23</ele></trkpt>
      <trkpt lat="26.946246" lon="120.320681"><ele>23</ele></trkpt>
      <trkpt lat="26.946231" lon="120.320684"><ele>24</ele></trkpt>
      <trkpt lat="26.946222" lon="120.32069"><ele>24</ele></trkpt>
      <trkpt lat="26.946214" lon="120.320699"><ele>24</ele></trkpt>
      <trkpt lat="26.946203" lon="120.320711"><ele>24</ele></trkpt>
      <trkpt lat="26.946189" lon="120.320726"><ele>24</ele></trkpt>
      <trkpt lat="26.94618" lon="120.320738"><ele>24</ele></trkpt>
      <trkpt lat="26.946174" lon="120.320752"><ele>25</ele></trkpt>
      <trkpt lat="26.94617" lon="120.320765"><ele>25</ele></trkpt>
      <trkpt lat="26.946168" lon="120.320777"><ele>25</ele></trkpt>
      <trkpt lat="26.946165" lon="120.320789"><ele>26</ele></trkpt>
      <trkpt lat="26.94616" lon="120.320802"><ele>26</ele></trkpt>
      <trkpt lat="26.946157" lon="120.320813"><ele>26</ele></trkpt>
      <trkpt lat="26.946157" lon="120.320822"><ele>26</ele></trkpt>
      <trkpt lat="26.946161" lon="120.320836"><ele>26</ele></trkpt>
      <trkpt lat="26.946174" lon="120.320883"><ele>26</ele></trkpt>
      <trkpt lat="26.946174" lon="120.320883"><ele>27</ele></trkpt>
      <trkpt lat="26.946174" lon="120.320884"><ele>27</ele></trkpt>
      <trkpt lat="26.946161" lon="120.320925"><ele>27</ele></trkpt>
      <trkpt lat="26.946156" lon="120.320947"><ele>28</ele></trkpt>
      <trkpt lat="26.946153" lon="120.32097"><ele>28</ele></trkpt>
      <trkpt lat="26.946151" lon="120.320992"><ele>28</ele></trkpt>
      <trkpt lat="26.946148" lon="120.321013"><ele>28</ele></trkpt>
      <trkpt lat="26.946146" lon="120.32103"><ele>28</ele></trkpt>
      <trkpt lat="26.946144" lon="120.321044"><ele>29</ele></trkpt>
      <trkpt lat="26.946144" lon="120.321058"><ele>29</ele></trkpt>
      <trkpt lat="26.946146" lon="120.321069"><ele>30</ele></trkpt>
      <trkpt lat="26.946148" lon="120.32108"><ele>30</ele></trkpt>
      <trkpt lat="26.94615" lon="120.321089"><ele>30</ele></trkpt>
      <trkpt lat="26.94615" lon="120.321098"><ele>30</ele></trkpt>
      <trkpt lat="26.94615" lon="120.321115"><ele>30</ele></trkpt>
      <trkpt lat="26.946146" lon="120.321121"><ele>30</ele></trkpt>
      <trkpt lat="26.946145" lon="120.32112"><ele>31</ele></trkpt>
      <trkpt lat="26.946099" lon="120.3211"><ele>31</ele></trkpt>
      <trkpt lat="26.946099" lon="120.3211"><ele>31</ele></trkpt>
      <trkpt lat="26.946094" lon="120.321098"><ele>31</ele></trkpt>
      <trkpt lat="26.946046" lon="120.321081"><ele>31</ele></trkpt>
      <trkpt lat="26.94602" lon="120.321071"><ele>31</ele></trkpt>
      <trkpt lat="26.945996" lon="120.321063"><ele>31</ele></trkpt>
      <trkpt lat="26.945975" lon="120.321057"><ele>31</ele></trkpt>
      <trkpt lat="26.945958" lon="120.32105"><ele>31</ele></trkpt>
      <trkpt lat="26.945943" lon="120.321042"><ele>31</ele></trkpt>
      <trkpt lat="26.945927" lon="120.321034"><ele>31</ele></trkpt>
      <trkpt lat="26.94591" lon="120.321025"><ele>31</ele></trkpt>
      <trkpt lat="26.945892" lon="120.321013"><ele>31</ele></trkpt>
      <trkpt lat="26.945873" lon="120.321"><ele>31</ele></trkpt>
      <trkpt lat="26.945856" lon="120.320988"><ele>31</ele></trkpt>
      <trkpt lat="26.945842" lon="120.320977"><ele>32</ele></trkpt>
      <trkpt lat="26.945832" lon="120.320967"><ele>32</ele></trkpt>
      <trkpt lat="26.945823" lon="120.320954"><ele>32</ele></trkpt>
      <trkpt lat="26.945816" lon="120.320943"><ele>32</ele></trkpt>
      <trkpt lat="26.945815" lon="120.320939"><ele>33</ele></trkpt>
      <trkpt lat="26.945814" lon="120.320919"><ele>33</ele></trkpt>
      <trkpt lat="26.945815" lon="120.320911"><ele>34</ele></trkpt>
      <trkpt lat="26.945815" lon="120.320906"><ele>35</ele></trkpt>
      <trkpt lat="26.945813" lon="120.320884"><ele>35</ele></trkpt>
      <trkpt lat="26.945813" lon="120.320884"><ele>35</ele></trkpt>
      <trkpt lat="26.945786" lon="120.32083"><ele>35</ele></trkpt>
      <trkpt lat="26.945786" lon="120.32083"><ele>35</ele></trkpt>
      <trkpt lat="26.945787" lon="120.32083"><ele>35</ele></trkpt>
      <trkpt lat="26.945761" lon="120.320842"><ele>36</ele></trkpt>
      <trkpt lat="26.945761" lon="120.320873"><ele>36</ele></trkpt>
      <trkpt lat="26.945759" lon="120.320903"><ele>36</ele></trkpt>
      <trkpt lat="26.945759" lon="120.320917"><ele>36</ele></trkpt>
      <trkpt lat="26.945759" lon="120.320917"><ele>36</ele></trkpt>
      <trkpt lat="26.945769" lon="120.320804"><ele>36</ele></trkpt>
      <trkpt lat="26.945769" lon="120.320804"><ele>36</ele></trkpt>
      <trkpt lat="26.945768" lon="120.320808"><ele>36</ele></trkpt>
      <trkpt lat="26.945752" lon="120.320889"><ele>36</ele></trkpt>
      <trkpt lat="26.945752" lon="120.32089"><ele>37</ele></trkpt>
      <trkpt lat="26.945752" lon="120.320893"><ele>37</ele></trkpt>
      <trkpt lat="26.945739" lon="120.320968"><ele>37</ele></trkpt>
      <trkpt lat="26.945736" lon="120.32098"><ele>37</ele></trkpt>
      <trkpt lat="26.945735" lon="120.320991"><ele>38</ele></trkpt>
      <trkpt lat="26.945729" lon="120.321044"><ele>38</ele></trkpt>
      <trkpt lat="26.945728" lon="120.321062"><ele>39</ele></trkpt>
      <trkpt lat="26.945729" lon="120.321082"><ele>39</ele></trkpt>
      <trkpt lat="26.945731" lon="120.321101"><ele>40</ele></trkpt>
      <trkpt lat="26.945729" lon="120.321117"><ele>41</ele></trkpt>
      <trkpt lat="26.945723" lon="120.321147"><ele>42</ele></trkpt>
      <trkpt lat="26.945718" lon="120.321162"><ele>42</ele></trkpt>
      <trkpt lat="26.945719" lon="120.321162"><ele>42</ele></trkpt>
      <trkpt lat="26.945679" lon="120.321131"><ele>43</ele></trkpt>
      <trkpt lat="26.945674" lon="120.321124"><ele>43</ele></trkpt>
      <trkpt lat="26.945672" lon="120.321118"><ele>44</ele></trkpt>
      <trkpt lat="26.945667" lon="120.321085"><ele>45</ele></trkpt>
      <trkpt lat="26.94567" lon="120.32107"><ele>46</ele></trkpt>
      <trkpt lat="26.945668" lon="120.32106"><ele>47</ele></trkpt>
      <trkpt lat="26.945661" lon="120.321039"><ele>47</ele></trkpt>
      <trkpt lat="26.945652" lon="120.32102"><ele>47</ele></trkpt>
      <trkpt lat="26.945643" lon="120.321"><ele>47</ele></trkpt>
      <trkpt lat="26.945634" lon="120.32098"><ele>47</ele></trkpt>
      <trkpt lat="26.945626" lon="120.320961"><ele>47</ele></trkpt>
      <trkpt lat="26.945618" lon="120.320942"><ele>47</ele></trkpt>
      <trkpt lat="26.94561" lon="120.320925"><ele>47</ele></trkpt>
      <trkpt lat="26.945601" lon="120.320909"><ele>47</ele></trkpt>
      <trkpt lat="26.945591" lon="120.32089"><ele>47</ele></trkpt>
      <trkpt lat="26.94558" lon="120.320873"><ele>47</ele></trkpt>
      <trkpt lat="26.945568" lon="120.320856"><ele>47</ele></trkpt>
      <trkpt lat="26.945554" lon="120.32084"><ele>47</ele></trkpt>
      <trkpt lat="26.94554" lon="120.320826"><ele>47</ele></trkpt>
      <trkpt lat="26.945526" lon="120.320813"><ele>47</ele></trkpt>
      <trkpt lat="26.945512" lon="120.320801"><ele>47</ele></trkpt>
      <trkpt lat="26.945498" lon="120.320791"><ele>47</ele></trkpt>
      <trkpt lat="26.945482" lon="120.320781"><ele>48</ele></trkpt>
      <trkpt lat="26.945464" lon="120.320773"><ele>48</ele></trkpt>
      <trkpt lat="26.945447" lon="120.320769"><ele>48</ele></trkpt>
      <trkpt lat="26.945428" lon="120.320769"><ele>48</ele></trkpt>
      <trkpt lat="26.94541" lon="120.320771"><ele>48</ele></trkpt>
      <trkpt lat="26.94539" lon="120.320772"><ele>48</ele></trkpt>
      <trkpt lat="26.945372" lon="120.320773"><ele>48</ele></trkpt>
      <trkpt lat="26.945354" lon="120.320773"><ele>49</ele></trkpt>
      <trkpt lat="26.945335" lon="120.320772"><ele>49</ele></trkpt>
      <trkpt lat="26.945315" lon="120.320769"><ele>49</ele></trkpt>
      <trkpt lat="26.945294" lon="120.320762"><ele>49</ele></trkpt>
      <trkpt lat="26.945273" lon="120.320751"><ele>50</ele></trkpt>
      <trkpt lat="26.945254" lon="120.320738"><ele>50</ele></trkpt>
      <trkpt lat="26.945237" lon="120.320723"><ele>50</ele></trkpt>
      <trkpt lat="26.945219" lon="120.320706"><ele>50</ele></trkpt>
      <trkpt lat="26.945201" lon="120.320689"><ele>50</ele></trkpt>
      <trkpt lat="26.945187" lon="120.320672"><ele>50</ele></trkpt>
      <trkpt lat="26.945178" lon="120.32066"><ele>51</ele></trkpt>
      <trkpt lat="26.945173" lon="120.320659"><ele>51</ele></trkpt>
      <trkpt lat="26.94513" lon="120.320649"><ele>51</ele></trkpt>
      <trkpt lat="26.94513" lon="120.320649"><ele>51</ele></trkpt>
      <trkpt lat="26.945124" lon="120.320646"><ele>51</ele></trkpt>
      <trkpt lat="26.945106" lon="120.320635"><ele>51</ele></trkpt>
      <trkpt lat="26.94508" lon="120.32062"><ele>51</ele></trkpt>
      <trkpt lat="26.94506" lon="120.320607"><ele>51</ele></trkpt>
      <trkpt lat="26.945051" lon="120.320601"><ele>51</ele></trkpt>
      <trkpt lat="26.945049" lon="120.320601"><ele>51</ele></trkpt>
      <trkpt lat="26.944993" lon="120.320606"><ele>51</ele></trkpt>
      <trkpt lat="26.944993" lon="120.320606"><ele>51</ele></trkpt>
      <trkpt lat="26.944988" lon="120.320605"><ele>51</ele></trkpt>
      <trkpt lat="26.944933" lon="120.320592"><ele>51</ele></trkpt>
      <trkpt lat="26.944901" lon="120.320584"><ele>51</ele></trkpt>
      <trkpt lat="26.94487" lon="120.320579"><ele>50</ele></trkpt>
      <trkpt lat="26.944843" lon="120.320575"><ele>50</ele></trkpt>
      <trkpt lat="26.944817" lon="120.320572"><ele>50</ele></trkpt>
      <trkpt lat="26.944794" lon="120.320569"><ele>50</ele></trkpt>
      <trkpt lat="26.944769" lon="120.320568"><ele>50</ele></trkpt>
      <trkpt lat="26.944745" lon="120.32057"><ele>50</ele></trkpt>
      <trkpt lat="26.944719" lon="120.320572"><ele>50</ele></trkpt>
      <trkpt lat="26.944694" lon="120.320577"><ele>51</ele></trkpt>
      <trkpt lat="26.944669" lon="120.32058"><ele>51</ele></trkpt>
      <trkpt lat="26.944647" lon="120.320582"><ele>51</ele></trkpt>
      <trkpt lat="26.944624" lon="120.320584"><ele>51</ele></trkpt>
      <trkpt lat="26.944602" lon="120.320587"><ele>51</ele></trkpt>
      <trkpt lat="26.944579" lon="120.320592"><ele>52</ele></trkpt>
      <trkpt lat="26.944555" lon="120.320599"><ele>52</ele></trkpt>
      <trkpt lat="26.944532" lon="120.320605"><ele>52</ele></trkpt>
      <trkpt lat="26.944508" lon="120.320612"><ele>52</ele></trkpt>
      <trkpt lat="26.944483" lon="120.320616"><ele>52</ele></trkpt>
      <trkpt lat="26.94446" lon="120.320619"><ele>52</ele></trkpt>
      <trkpt lat="26.944437" lon="120.320622"><ele>51</ele></trkpt>
      <trkpt lat="26.944413" lon="120.320626"><ele>51</ele></trkpt>
      <trkpt lat="26.944389" lon="120.32063"><ele>50</ele></trkpt>
      <trkpt lat="26.944363" lon="120.320634"><ele>50</ele></trkpt>
      <trkpt lat="26.944339" lon="120.320639"><ele>50</ele></trkpt>
      <trkpt lat="26.944315" lon="120.320643"><ele>50</ele></trkpt>
      <trkpt lat="26.944292" lon="120.320647"><ele>50</ele></trkpt>
      <trkpt lat="26.944267" lon="120.320649"><ele>50</ele></trkpt>
      <trkpt lat="26.944243" lon="120.320653"><ele>50</ele></trkpt>
      <trkpt lat="26.944218" lon="120.320661"><ele>50</ele></trkpt>
      <trkpt lat="26.944191" lon="120.320671"><ele>50</ele></trkpt>
      <trkpt lat="26.944164" lon="120.32068"><ele>50</ele></trkpt>
      <trkpt lat="26.944138" lon="120.320689"><ele>50</ele></trkpt>
      <trkpt lat="26.944114" lon="120.320697"><ele>51</ele></trkpt>
      <trkpt lat="26.94409" lon="120.320704"><ele>51</ele></trkpt>
      <trkpt lat="26.944064" lon="120.320712"><ele>51</ele></trkpt>
      <trkpt lat="26.944039" lon="120.320719"><ele>51</ele></trkpt>
      <trkpt lat="26.944014" lon="120.320726"><ele>51</ele></trkpt>
      <trkpt lat="26.943989" lon="120.320733"><ele>51</ele></trkpt>
      <trkpt lat="26.943964" lon="120.320742"><ele>51</ele></trkpt>
      <trkpt lat="26.943939" lon="120.32075"><ele>51</ele></trkpt>
      <trkpt lat="26.943913" lon="120.320758"><ele>51</ele></trkpt>
      <trkpt lat="26.943888" lon="120.320767"><ele>51</ele></trkpt>
      <trkpt lat="26.943874" lon="120.320773"><ele>51</ele></trkpt>
      <trkpt lat="26.943874" lon="120.320776"><ele>50</ele></trkpt>
      <trkpt lat="26.943864" lon="120.320792"><ele>50</ele></trkpt>
      <trkpt lat="26.943847" lon="120.320819"><ele>50</ele></trkpt>
      <trkpt lat="26.943845" lon="120.32082"><ele>50</ele></trkpt>
      <trkpt lat="26.94384" lon="120.320823"><ele>50</ele></trkpt>
      <trkpt lat="26.943819" lon="120.320831"><ele>50</ele></trkpt>
      <trkpt lat="26.943786" lon="120.320842"><ele>50</ele></trkpt>
      <trkpt lat="26.943755" lon="120.320853"><ele>50</ele></trkpt>
      <trkpt lat="26.943724" lon="120.320864"><ele>50</ele></trkpt>
      <trkpt lat="26.943698" lon="120.320871"><ele>50</ele></trkpt>
      <trkpt lat="26.943682" lon="120.320875"><ele>50</ele></trkpt>
      <trkpt lat="26.943676" lon="120.320878"><ele>51</ele></trkpt>
      <trkpt lat="26.943777" lon="120.320838"><ele>51</ele></trkpt>
      <trkpt lat="26.943777" lon="120.320838"><ele>51</ele></trkpt>
      <trkpt lat="26.943783" lon="120.320836"><ele>51</ele></trkpt>
      <trkpt lat="26.943806" lon="120.320829"><ele>51</ele></trkpt>
      <trkpt lat="26.94384" lon="120.320819"><ele>51</ele></trkpt>
      <trkpt lat="26.943877" lon="120.32081"><ele>52</ele></trkpt>
      <trkpt lat="26.94391" lon="120.320801"><ele>52</ele></trkpt>
      <trkpt lat="26.943939" lon="120.320793"><ele>52</ele></trkpt>
      <trkpt lat="26.943965" lon="120.320789"><ele>52</ele></trkpt>
      <trkpt lat="26.943986" lon="120.320787"><ele>52</ele></trkpt>
      <trkpt lat="26.944" lon="120.320789"><ele>52</ele></trkpt>
      <trkpt lat="26.944003" lon="120.320784"><ele>52</ele></trkpt>
      <trkpt lat="26.943967" lon="120.320819"><ele>52</ele></trkpt>
      <trkpt lat="26.943951" lon="120.320829"><ele>52</ele></trkpt>
      <trkpt lat="26.943933" lon="120.320838"><ele>52</ele></trkpt>
      <trkpt lat="26.943915" lon="120.320846"><ele>52</ele></trkpt>
      <trkpt lat="26.943897" lon="120.320855"><ele>52</ele></trkpt>
      <trkpt lat="26.943882" lon="120.320863"><ele>53</ele></trkpt>
      <trkpt lat="26.943867" lon="120.320872"><ele>54</ele></trkpt>
      <trkpt lat="26.94385" lon="120.320883"><ele>54</ele></trkpt>
      <trkpt lat="26.943835" lon="120.320892"><ele>54</ele></trkpt>
      <trkpt lat="26.94382" lon="120.320902"><ele>55</ele></trkpt>
      <trkpt lat="26.943804" lon="120.320912"><ele>55</ele></trkpt>
      <trkpt lat="26.94379" lon="120.320921"><ele>55</ele></trkpt>
      <trkpt lat="26.943783" lon="120.320926"><ele>55</ele></trkpt>
      <trkpt lat="26.94378" lon="120.320929"><ele>55</ele></trkpt>
      <trkpt lat="26.943737" lon="120.320966"><ele>55</ele></trkpt>
      <trkpt lat="26.943737" lon="120.320967"><ele>56</ele></trkpt>
      <trkpt lat="26.943735" lon="120.320969"><ele>56</ele></trkpt>
      <trkpt lat="26.943711" lon="120.320996"><ele>56</ele></trkpt>
      <trkpt lat="26.9437" lon="120.321013"><ele>56</ele></trkpt>
      <trkpt lat="26.943695" lon="120.321029"><ele>56</ele></trkpt>
      <trkpt lat="26.943697" lon="120.32104"><ele>56</ele></trkpt>
      <trkpt lat="26.943699" lon="120.32105"><ele>57</ele></trkpt>
      <trkpt lat="26.943695" lon="120.321063"><ele>57</ele></trkpt>
      <trkpt lat="26.943681" lon="120.321111"><ele>57</ele></trkpt>
      <trkpt lat="26.943681" lon="120.321111"><ele>58</ele></trkpt>
      <trkpt lat="26.94368" lon="120.321116"><ele>58</ele></trkpt>
      <trkpt lat="26.943669" lon="120.321161"><ele>59</ele></trkpt>
      <trkpt lat="26.943663" lon="120.321186"><ele>59</ele></trkpt>
      <trkpt lat="26.943656" lon="120.321213"><ele>60</ele></trkpt>
      <trkpt lat="26.943649" lon="120.321238"><ele>60</ele></trkpt>
      <trkpt lat="26.943642" lon="120.321259"><ele>61</ele></trkpt>
      <trkpt lat="26.943636" lon="120.32128"><ele>61</ele></trkpt>
      <trkpt lat="26.943629" lon="120.3213"><ele>62</ele></trkpt>
      <trkpt lat="26.943624" lon="120.321319"><ele>62</ele></trkpt>
      <trkpt lat="26.94362" lon="120.321343"><ele>63</ele></trkpt>
      <trkpt lat="26.943617" lon="120.321363"><ele>63</ele></trkpt>
      <trkpt lat="26.943616" lon="120.321383"><ele>63</ele></trkpt>
      <trkpt lat="26.943615" lon="120.321402"><ele>63</ele></trkpt>
      <trkpt lat="26.943616" lon="120.32142"><ele>63</ele></trkpt>
      <trkpt lat="26.943617" lon="120.32144"><ele>63</ele></trkpt>
      <trkpt lat="26.943619" lon="120.321461"><ele>63</ele></trkpt>
      <trkpt lat="26.943621" lon="120.321482"><ele>64</ele></trkpt>
      <trkpt lat="26.943624" lon="120.321503"><ele>64</ele></trkpt>
      <trkpt lat="26.943626" lon="120.321511"><ele>64</ele></trkpt>
      <trkpt lat="26.943627" lon="120.321513"><ele>64</ele></trkpt>
      <trkpt lat="26.943641" lon="120.321546"><ele>65</ele></trkpt>
      <trkpt lat="26.943647" lon="120.321559"><ele>65</ele></trkpt>
      <trkpt lat="26.943655" lon="120.321581"><ele>65</ele></trkpt>
      <trkpt lat="26.94366" lon="120.321603"><ele>65</ele></trkpt>
      <trkpt lat="26.943665" lon="120.321635"><ele>66</ele></trkpt>
      <trkpt lat="26.943665" lon="120.321671"><ele>66</ele></trkpt>
      <trkpt lat="26.943661" lon="120.3217"><ele>67</ele></trkpt>
      <trkpt lat="26.943655" lon="120.321725"><ele>67</ele></trkpt>
      <trkpt lat="26.943647" lon="120.321748"><ele>67</ele></trkpt>
      <trkpt lat="26.943635" lon="120.32177"><ele>67</ele></trkpt>
      <trkpt lat="26.943619" lon="120.321794"><ele>68</ele></trkpt>
      <trkpt lat="26.943604" lon="120.321813"><ele>68</ele></trkpt>
      <trkpt lat="26.94359" lon="120.321832"><ele>68</ele></trkpt>
      <trkpt lat="26.943575" lon="120.321854"><ele>68</ele></trkpt>
      <trkpt lat="26.943562" lon="120.321874"><ele>68</ele></trkpt>
      <trkpt lat="26.94355" lon="120.321896"><ele>68</ele></trkpt>
      <trkpt lat="26.943539" lon="120.321919"><ele>68</ele></trkpt>
      <trkpt lat="26.94353" lon="120.32194"><ele>69</ele></trkpt>
      <trkpt lat="26.943522" lon="120.321963"><ele>69</ele></trkpt>
      <trkpt lat="26.943512" lon="120.321987"><ele>69</ele></trkpt>
      <trkpt lat="26.943502" lon="120.32201"><ele>69</ele></trkpt>
      <trkpt lat="26.943492" lon="120.322031"><ele>69</ele></trkpt>
      <trkpt lat="26.94348" lon="120.322052"><ele>69</ele></trkpt>
      <trkpt lat="26.943468" lon="120.322069"><ele>69</ele></trkpt>
      <trkpt lat="26.943453" lon="120.322087"><ele>68</ele></trkpt>
      <trkpt lat="26.943438" lon="120.322103"><ele>68</ele></trkpt>
      <trkpt lat="26.943424" lon="120.322121"><ele>68</ele></trkpt>
      <trkpt lat="26.94341" lon="120.322139"><ele>68</ele></trkpt>
      <trkpt lat="26.943397" lon="120.322158"><ele>68</ele></trkpt>
      <trkpt lat="26.943385" lon="120.32218"><ele>68</ele></trkpt>
      <trkpt lat="26.943376" lon="120.322204"><ele>67</ele></trkpt>
      <trkpt lat="26.943369" lon="120.322229"><ele>67</ele></trkpt>
      <trkpt lat="26.943364" lon="120.322253"><ele>67</ele></trkpt>
      <trkpt lat="26.943363" lon="120.322277"><ele>67</ele></trkpt>
      <trkpt lat="26.943365" lon="120.322301"><ele>67</ele></trkpt>
      <trkpt lat="26.943369" lon="120.322326"><ele>67</ele></trkpt>
      <trkpt lat="26.943374" lon="120.322352"><ele>67</ele></trkpt>
      <trkpt lat="26.943377" lon="120.322367"><ele>67</ele></trkpt>
      <trkpt lat="26.943381" lon="120.322383"><ele>67</ele></trkpt>
      <trkpt lat="26.943388" lon="120.322399"><ele>67</ele></trkpt>
      <trkpt lat="26.943396" lon="120.322417"><ele>67</ele></trkpt>
      <trkpt lat="26.943405" lon="120.322439"><ele>67</ele></trkpt>
      <trkpt lat="26.943413" lon="120.322463"><ele>67</ele></trkpt>
      <trkpt lat="26.943419" lon="120.322487"><ele>67</ele></trkpt>
      <trkpt lat="26.943424" lon="120.322509"><ele>67</ele></trkpt>
      <trkpt lat="26.943428" lon="120.322531"><ele>67</ele></trkpt>
      <trkpt lat="26.943433" lon="120.322554"><ele>67</ele></trkpt>
      <trkpt lat="26.943439" lon="120.322577"><ele>67</ele></trkpt>
      <trkpt lat="26.943447" lon="120.322601"><ele>68</ele></trkpt>
      <trkpt lat="26.943457" lon="120.322623"><ele>68</ele></trkpt>
      <trkpt lat="26.943468" lon="120.322644"><ele>68</ele></trkpt>
      <trkpt lat="26.943479" lon="120.322665"><ele>68</ele></trkpt>
      <trkpt lat="26.943489" lon="120.322685"><ele>68</ele></trkpt>
      <trkpt lat="26.9435" lon="120.322706"><ele>68</ele></trkpt>
      <trkpt lat="26.943511" lon="120.322725"><ele>68</ele></trkpt>
      <trkpt lat="26.943523" lon="120.322748"><ele>68</ele></trkpt>
      <trkpt lat="26.943533" lon="120.322771"><ele>68</ele></trkpt>
      <trkpt lat="26.943543" lon="120.322793"><ele>68</ele></trkpt>
      <trkpt lat="26.943551" lon="120.322814"><ele>69</ele></trkpt>
      <trkpt lat="26.943558" lon="120.322834"><ele>69</ele></trkpt>
      <trkpt lat="26.943563" lon="120.32285"><ele>69</ele></trkpt>
      <trkpt lat="26.943566" lon="120.322869"><ele>69</ele></trkpt>
      <trkpt lat="26.943566" lon="120.322885"><ele>69</ele></trkpt>
      <trkpt lat="26.943565" lon="120.322901"><ele>69</ele></trkpt>
      <trkpt lat="26.943566" lon="120.322919"><ele>70</ele></trkpt>
      <trkpt lat="26.943565" lon="120.322938"><ele>70</ele></trkpt>
      <trkpt lat="26.943564" lon="120.322962"><ele>70</ele></trkpt>
      <trkpt lat="26.943562" lon="120.322987"><ele>71</ele></trkpt>
      <trkpt lat="26.943558" lon="120.323013"><ele>71</ele></trkpt>
      <trkpt lat="26.943552" lon="120.323037"><ele>71</ele></trkpt>
      <trkpt lat="26.943547" lon="120.323061"><ele>71</ele></trkpt>
      <trkpt lat="26.94354" lon="120.323087"><ele>71</ele></trkpt>
      <trkpt lat="26.943532" lon="120.323111"><ele>71</ele></trkpt>
      <trkpt lat="26.943521" lon="120.323134"><ele>71</ele></trkpt>
      <trkpt lat="26.943509" lon="120.32315"><ele>72</ele></trkpt>
      <trkpt lat="26.943494" lon="120.323165"><ele>72</ele></trkpt>
      <trkpt lat="26.943478" lon="120.323177"><ele>72</ele></trkpt>
      <trkpt lat="26.94346" lon="120.323188"><ele>72</ele></trkpt>
      <trkpt lat="26.943441" lon="120.323198"><ele>72</ele></trkpt>
      <trkpt lat="26.94342" lon="120.323207"><ele>72</ele></trkpt>
      <trkpt lat="26.943398" lon="120.323214"><ele>72</ele></trkpt>
      <trkpt lat="26.943375" lon="120.323216"><ele>72</ele></trkpt>
      <trkpt lat="26.943354" lon="120.323215"><ele>72</ele></trkpt>
      <trkpt lat="26.94333" lon="120.323211"><ele>73</ele></trkpt>
      <trkpt lat="26.943306" lon="120.323206"><ele>73</ele></trkpt>
      <trkpt lat="26.943286" lon="120.3232"><ele>73</ele></trkpt>
      <trkpt lat="26.943266" lon="120.323193"><ele>73</ele></trkpt>
      <trkpt lat="26.94325" lon="120.323186"><ele>73</ele></trkpt>
      <trkpt lat="26.943237" lon="120.323181"><ele>73</ele></trkpt>
      <trkpt lat="26.943219" lon="120.323175"><ele>72</ele></trkpt>
      <trkpt lat="26.943206" lon="120.323172"><ele>72</ele></trkpt>
      <trkpt lat="26.943196" lon="120.32317"><ele>71</ele></trkpt>
      <trkpt lat="26.943195" lon="120.323171"><ele>71</ele></trkpt>
      <trkpt lat="26.943175" lon="120.323183"><ele>70</ele></trkpt>
      <trkpt lat="26.943175" lon="120.323183"><ele>70</ele></trkpt>
      <trkpt lat="26.943141" lon="120.323224"><ele>70</ele></trkpt>
      <trkpt lat="26.943141" lon="120.323224"><ele>70</ele></trkpt>
      <trkpt lat="26.943142" lon="120.323224"><ele>70</ele></trkpt>
      <trkpt lat="26.943176" lon="120.323244"><ele>70</ele></trkpt>
      <trkpt lat="26.94319" lon="120.323248"><ele>71</ele></trkpt>
      <trkpt lat="26.943222" lon="120.323257"><ele>71</ele></trkpt>
      <trkpt lat="26.943222" lon="120.323257"><ele>71</ele></trkpt>
      <trkpt lat="26.943234" lon="120.323283"><ele>72</ele></trkpt>
      <trkpt lat="26.943318" lon="120.323288"><ele>72</ele></trkpt>
      <trkpt lat="26.943319" lon="120.323288"><ele>73</ele></trkpt>
      <trkpt lat="26.943324" lon="120.323287"><ele>73</ele></trkpt>
      <trkpt lat="26.943344" lon="120.323288"><ele>74</ele></trkpt>
      <trkpt lat="26.943377" lon="120.32329"><ele>74</ele></trkpt>
      <trkpt lat="26.943409" lon="120.323293"><ele>74</ele></trkpt>
      <trkpt lat="26.943441" lon="120.323299"><ele>74</ele></trkpt>
      <trkpt lat="26.943464" lon="120.323302"><ele>75</ele></trkpt>
      <trkpt lat="26.943483" lon="120.323303"><ele>75</ele></trkpt>
      <trkpt lat="26.943504" lon="120.323302"><ele>75</ele></trkpt>
      <trkpt lat="26.943522" lon="120.323299"><ele>75</ele></trkpt>
      <trkpt lat="26.943541" lon="120.323295"><ele>75</ele></trkpt>
      <trkpt lat="26.943558" lon="120.323288"><ele>75</ele></trkpt>
      <trkpt lat="26.943576" lon="120.323278"><ele>75</ele></trkpt>
      <trkpt lat="26.943593" lon="120.323267"><ele>76</ele></trkpt>
      <trkpt lat="26.943609" lon="120.323256"><ele>76</ele></trkpt>
      <trkpt lat="26.943621" lon="120.323243"><ele>76</ele></trkpt>
      <trkpt lat="26.943633" lon="120.323227"><ele>76</ele></trkpt>
      <trkpt lat="26.943645" lon="120.323208"><ele>76</ele></trkpt>
      <trkpt lat="26.943654" lon="120.323187"><ele>76</ele></trkpt>
      <trkpt lat="26.943664" lon="120.323161"><ele>76</ele></trkpt>
      <trkpt lat="26.943672" lon="120.323135"><ele>76</ele></trkpt>
      <trkpt lat="26.943679" lon="120.323108"><ele>76</ele></trkpt>
      <trkpt lat="26.943686" lon="120.323081"><ele>76</ele></trkpt>
      <trkpt lat="26.943692" lon="120.323056"><ele>76</ele></trkpt>
      <trkpt lat="26.943699" lon="120.323031"><ele>76</ele></trkpt>
      <trkpt lat="26.943703" lon="120.323012"><ele>76</ele></trkpt>
      <trkpt lat="26.943706" lon="120.323007"><ele>76</ele></trkpt>
      <trkpt lat="26.943719" lon="120.322989"><ele>76</ele></trkpt>
      <trkpt lat="26.943726" lon="120.322975"><ele>76</ele></trkpt>
      <trkpt lat="26.943732" lon="120.322955"><ele>76</ele></trkpt>
      <trkpt lat="26.94374" lon="120.32292"><ele>76</ele></trkpt>
      <trkpt lat="26.943747" lon="120.322884"><ele>76</ele></trkpt>
      <trkpt lat="26.943751" lon="120.322854"><ele>77</ele></trkpt>
      <trkpt lat="26.94375" lon="120.322826"><ele>77</ele></trkpt>
      <trkpt lat="26.943745" lon="120.322804"><ele>77</ele></trkpt>
      <trkpt lat="26.943736" lon="120.322782"><ele>77</ele></trkpt>
      <trkpt lat="26.943724" lon="120.322758"><ele>77</ele></trkpt>
      <trkpt lat="26.943708" lon="120.322735"><ele>77</ele></trkpt>
      <trkpt lat="26.943692" lon="120.322713"><ele>77</ele></trkpt>
      <trkpt lat="26.943675" lon="120.322691"><ele>77</ele></trkpt>
      <trkpt lat="26.943657" lon="120.322668"><ele>77</ele></trkpt>
      <trkpt lat="26.943642" lon="120.322644"><ele>77</ele></trkpt>
      <trkpt lat="26.943635" lon="120.322619"><ele>77</ele></trkpt>
      <trkpt lat="26.943635" lon="120.322598"><ele>77</ele></trkpt>
      <trkpt lat="26.943641" lon="120.32258"><ele>77</ele></trkpt>
      <trkpt lat="26.94365" lon="120.322564"><ele>77</ele></trkpt>
      <trkpt lat="26.943662" lon="120.322546"><ele>77</ele></trkpt>
      <trkpt lat="26.943672" lon="120.322531"><ele>77</ele></trkpt>
      <trkpt lat="26.943683" lon="120.322521"><ele>77</ele></trkpt>
      <trkpt lat="26.943696" lon="120.322512"><ele>77</ele></trkpt>
      <trkpt lat="26.943705" lon="120.322503"><ele>77</ele></trkpt>
      <trkpt lat="26.943713" lon="120.322492"><ele>77</ele></trkpt>
      <trkpt lat="26.943717" lon="120.322479"><ele>78</ele></trkpt>
      <trkpt lat="26.943723" lon="120.322461"><ele>78</ele></trkpt>
      <trkpt lat="26.943729" lon="120.322455"><ele>78</ele></trkpt>
      <trkpt lat="26.943731" lon="120.322455"><ele>78</ele></trkpt>
      <trkpt lat="26.943756" lon="120.322467"><ele>78</ele></trkpt>
      <trkpt lat="26.943769" lon="120.322475"><ele>79</ele></trkpt>
      <trkpt lat="26.943783" lon="120.322489"><ele>79</ele></trkpt>
      <trkpt lat="26.943795" lon="120.322503"><ele>79</ele></trkpt>
      <trkpt lat="26.943809" lon="120.322521"><ele>79</ele></trkpt>
      <trkpt lat="26.943825" lon="120.322534"><ele>79</ele></trkpt>
      <trkpt lat="26.943837" lon="120.322538"><ele>80</ele></trkpt>
      <trkpt lat="26.943848" lon="120.322537"><ele>80</ele></trkpt>
      <trkpt lat="26.943864" lon="120.322536"><ele>80</ele></trkpt>
      <trkpt lat="26.943879" lon="120.322535"><ele>81</ele></trkpt>
      <trkpt lat="26.943894" lon="120.322535"><ele>81</ele></trkpt>
      <trkpt lat="26.943912" lon="120.322537"><ele>82</ele></trkpt>
      <trkpt lat="26.94393" lon="120.32254"><ele>83</ele></trkpt>
      <trkpt lat="26.943946" lon="120.322546"><ele>83</ele></trkpt>
      <trkpt lat="26.943961" lon="120.322552"><ele>84</ele></trkpt>
      <trkpt lat="26.943974" lon="120.322557"><ele>84</ele></trkpt>
      <trkpt lat="26.943983" lon="120.322561"><ele>85</ele></trkpt>
      <trkpt lat="26.943987" lon="120.322564"><ele>85</ele></trkpt>
      <trkpt lat="26.943997" lon="120.322568"><ele>86</ele></trkpt>
      <trkpt lat="26.944044" lon="120.322591"><ele>87</ele></trkpt>
      <trkpt lat="26.944045" lon="120.322591"><ele>87</ele></trkpt>
      <trkpt lat="26.944047" lon="120.322591"><ele>87</ele></trkpt>
      <trkpt lat="26.944086" lon="120.322597"><ele>87</ele></trkpt>
      <trkpt lat="26.944099" lon="120.3226"><ele>88</ele></trkpt>
      <trkpt lat="26.944112" lon="120.322603"><ele>90</ele></trkpt>
      <trkpt lat="26.944127" lon="120.322607"><ele>90</ele></trkpt>
      <trkpt lat="26.944139" lon="120.32261"><ele>91</ele></trkpt>
      <trkpt lat="26.944147" lon="120.322613"><ele>91</ele></trkpt>
      <trkpt lat="26.944155" lon="120.322615"><ele>92</ele></trkpt>
      <trkpt lat="26.944164" lon="120.322614"><ele>92</ele></trkpt>
      <trkpt lat="26.94417" lon="120.322617"><ele>92</ele></trkpt>
      <trkpt lat="26.944192" lon="120.322628"><ele>93</ele></trkpt>
      <trkpt lat="26.944211" lon="120.322639"><ele>93</ele></trkpt>
      <trkpt lat="26.944213" lon="120.322639"><ele>93</ele></trkpt>
      <trkpt lat="26.944213" lon="120.32264"><ele>94</ele></trkpt>
      <trkpt lat="26.944241" lon="120.322656"><ele>94</ele></trkpt>
      <trkpt lat="26.944247" lon="120.322658"><ele>95</ele></trkpt>
      <trkpt lat="26.944254" lon="120.322658"><ele>95</ele></trkpt>
      <trkpt lat="26.944273" lon="120.322656"><ele>95</ele></trkpt>
      <trkpt lat="26.944287" lon="120.322648"><ele>96</ele></trkpt>
      <trkpt lat="26.944294" lon="120.322648"><ele>96</ele></trkpt>
      <trkpt lat="26.944391" lon="120.322649"><ele>97</ele></trkpt>
      <trkpt lat="26.944391" lon="120.322649"><ele>97</ele></trkpt>
      <trkpt lat="26.944391" lon="120.322649"><ele>97</ele></trkpt>
      <trkpt lat="26.944418" lon="120.322657"><ele>98</ele></trkpt>
      <trkpt lat="26.944418" lon="120.322657"><ele>100</ele></trkpt>
      <trkpt lat="26.944419" lon="120.322659"><ele>101</ele></trkpt>
      <trkpt lat="26.944439" lon="120.32272"><ele>101</ele></trkpt>
      <trkpt lat="26.944439" lon="120.322721"><ele>102</ele></trkpt>
      <trkpt lat="26.944441" lon="120.322722"><ele>102</ele></trkpt>
      <trkpt lat="26.944461" lon="120.322736"><ele>102</ele></trkpt>
      <trkpt lat="26.944465" lon="120.322737"><ele>103</ele></trkpt>
      <trkpt lat="26.944473" lon="120.322737"><ele>104</ele></trkpt>
      <trkpt lat="26.944489" lon="120.322741"><ele>104</ele></trkpt>
      <trkpt lat="26.944514" lon="120.322748"><ele>104</ele></trkpt>
      <trkpt lat="26.944514" lon="120.322748"><ele>105</ele></trkpt>
      <trkpt lat="26.944516" lon="120.32275"><ele>105</ele></trkpt>
      <trkpt lat="26.94457" lon="120.322809"><ele>105</ele></trkpt>
      <trkpt lat="26.94457" lon="120.322809"><ele>106</ele></trkpt>
      <trkpt lat="26.944572" lon="120.322813"><ele>106</ele></trkpt>
      <trkpt lat="26.944587" lon="120.322843"><ele>106</ele></trkpt>
      <trkpt lat="26.944587" lon="120.322843"><ele>108</ele></trkpt>
      <trkpt lat="26.944588" lon="120.322844"><ele>109</ele></trkpt>
      <trkpt lat="26.944615" lon="120.32293"><ele>109</ele></trkpt>
      <trkpt lat="26.944615" lon="120.32293"><ele>110</ele></trkpt>
      <trkpt lat="26.944616" lon="120.322933"><ele>110</ele></trkpt>
      <trkpt lat="26.944627" lon="120.322959"><ele>110</ele></trkpt>
      <trkpt lat="26.944633" lon="120.322974"><ele>112</ele></trkpt>
      <trkpt lat="26.944639" lon="120.322989"><ele>113</ele></trkpt>
      <trkpt lat="26.944645" lon="120.323001"><ele>113</ele></trkpt>
      <trkpt lat="26.944652" lon="120.323009"><ele>113</ele></trkpt>
      <trkpt lat="26.944658" lon="120.323013"><ele>114</ele></trkpt>
      <trkpt lat="26.94467" lon="120.323017"><ele>115</ele></trkpt>
      <trkpt lat="26.944671" lon="120.323018"><ele>115</ele></trkpt>
      <trkpt lat="26.944678" lon="120.323038"><ele>115</ele></trkpt>
      <trkpt lat="26.944682" lon="120.323055"><ele>116</ele></trkpt>
      <trkpt lat="26.944681" lon="120.323069"><ele>116</ele></trkpt>
      <trkpt lat="26.944678" lon="120.323088"><ele>117</ele></trkpt>
      <trkpt lat="26.944674" lon="120.323106"><ele>117</ele></trkpt>
      <trkpt lat="26.944671" lon="120.323117"><ele>118</ele></trkpt>
      <trkpt lat="26.944673" lon="120.323126"><ele>119</ele></trkpt>
      <trkpt lat="26.944681" lon="120.32315"><ele>119</ele></trkpt>
      <trkpt lat="26.944685" lon="120.323165"><ele>119</ele></trkpt>
      <trkpt lat="26.94469" lon="120.323182"><ele>119</ele></trkpt>
      <trkpt lat="26.944719" lon="120.323278"><ele>119</ele></trkpt>
      <trkpt lat="26.944719" lon="120.323278"><ele>120</ele></trkpt>
      <trkpt lat="26.94472" lon="120.323281"><ele>120</ele></trkpt>
      <trkpt lat="26.944731" lon="120.323314"><ele>120</ele></trkpt>
      <trkpt lat="26.944738" lon="120.323331"><ele>122</ele></trkpt>
      <trkpt lat="26.944744" lon="120.323348"><ele>123</ele></trkpt>
      <trkpt lat="26.944747" lon="120.323364"><ele>123</ele></trkpt>
      <trkpt lat="26.944749" lon="120.323381"><ele>124</ele></trkpt>
      <trkpt lat="26.944751" lon="120.323398"><ele>125</ele></trkpt>
      <trkpt lat="26.944752" lon="120.323412"><ele>126</ele></trkpt>
      <trkpt lat="26.944754" lon="120.323424"><ele>127</ele></trkpt>
      <trkpt lat="26.944754" lon="120.323437"><ele>128</ele></trkpt>
      <trkpt lat="26.944754" lon="120.323449"><ele>128</ele></trkpt>
      <trkpt lat="26.944754" lon="120.323462"><ele>129</ele></trkpt>
      <trkpt lat="26.944754" lon="120.323476"><ele>129</ele></trkpt>
      <trkpt lat="26.944754" lon="120.323492"><ele>129</ele></trkpt>
      <trkpt lat="26.944755" lon="120.323507"><ele>130</ele></trkpt>
      <trkpt lat="26.944756" lon="120.323521"><ele>130</ele></trkpt>
      <trkpt lat="26.944759" lon="120.323534"><ele>130</ele></trkpt>
      <trkpt lat="26.944764" lon="120.323543"><ele>130</ele></trkpt>
      <trkpt lat="26.944767" lon="120.32355"><ele>130</ele></trkpt>
      <trkpt lat="26.944773" lon="120.323566"><ele>130</ele></trkpt>
      <trkpt lat="26.944776" lon="120.323573"><ele>131</ele></trkpt>
      <trkpt lat="26.944778" lon="120.323579"><ele>131</ele></trkpt>
      <trkpt lat="26.944787" lon="120.323604"><ele>131</ele></trkpt>
      <trkpt lat="26.944791" lon="120.323616"><ele>132</ele></trkpt>
      <trkpt lat="26.944795" lon="120.323629"><ele>133</ele></trkpt>
      <trkpt lat="26.944795" lon="120.32364"><ele>133</ele></trkpt>
      <trkpt lat="26.944797" lon="120.323666"><ele>133</ele></trkpt>
      <trkpt lat="26.944798" lon="120.323677"><ele>133</ele></trkpt>
      <trkpt lat="26.944798" lon="120.323686"><ele>133</ele></trkpt>
      <trkpt lat="26.944799" lon="120.32374"><ele>133</ele></trkpt>
      <trkpt lat="26.944799" lon="120.32374"><ele>134</ele></trkpt>
      <trkpt lat="26.944799" lon="120.323743"><ele>134</ele></trkpt>
      <trkpt lat="26.944812" lon="120.32378"><ele>134</ele></trkpt>
      <trkpt lat="26.944822" lon="120.323799"><ele>135</ele></trkpt>
      <trkpt lat="26.944833" lon="120.323814"><ele>135</ele></trkpt>
      <trkpt lat="26.944842" lon="120.323826"><ele>135</ele></trkpt>
      <trkpt lat="26.94485" lon="120.323838"><ele>135</ele></trkpt>
      <trkpt lat="26.944857" lon="120.323852"><ele>135</ele></trkpt>
      <trkpt lat="26.944864" lon="120.323865"><ele>136</ele></trkpt>
      <trkpt lat="26.944871" lon="120.323878"><ele>136</ele></trkpt>
      <trkpt lat="26.944877" lon="120.323889"><ele>137</ele></trkpt>
      <trkpt lat="26.944884" lon="120.323902"><ele>137</ele></trkpt>
      <trkpt lat="26.94489" lon="120.323917"><ele>137</ele></trkpt>
      <trkpt lat="26.944894" lon="120.32393"><ele>138</ele></trkpt>
      <trkpt lat="26.944898" lon="120.323944"><ele>138</ele></trkpt>
      <trkpt lat="26.944902" lon="120.323963"><ele>138</ele></trkpt>
      <trkpt lat="26.944907" lon="120.323984"><ele>138</ele></trkpt>
      <trkpt lat="26.944912" lon="120.324003"><ele>139</ele></trkpt>
      <trkpt lat="26.944915" lon="120.324016"><ele>139</ele></trkpt>
      <trkpt lat="26.944917" lon="120.324023"><ele>139</ele></trkpt>
      <trkpt lat="26.944926" lon="120.324055"><ele>139</ele></trkpt>
      <trkpt lat="26.944926" lon="120.324056"><ele>140</ele></trkpt>
      <trkpt lat="26.944926" lon="120.324061"><ele>140</ele></trkpt>
      <trkpt lat="26.944932" lon="120.324104"><ele>140</ele></trkpt>
      <trkpt lat="26.944935" lon="120.324129"><ele>140</ele></trkpt>
      <trkpt lat="26.944938" lon="120.324152"><ele>141</ele></trkpt>
      <trkpt lat="26.94494" lon="120.324174"><ele>141</ele></trkpt>
      <trkpt lat="26.944941" lon="120.324193"><ele>141</ele></trkpt>
      <trkpt lat="26.944944" lon="120.324204"><ele>141</ele></trkpt>
      <trkpt lat="26.944946" lon="120.324216"><ele>142</ele></trkpt>
      <trkpt lat="26.944947" lon="120.324236"><ele>142</ele></trkpt>
      <trkpt lat="26.944949" lon="120.324281"><ele>142</ele></trkpt>
      <trkpt lat="26.944949" lon="120.324282"><ele>143</ele></trkpt>
      <trkpt lat="26.94495" lon="120.324286"><ele>143</ele></trkpt>
      <trkpt lat="26.944957" lon="120.324321"><ele>144</ele></trkpt>
      <trkpt lat="26.944959" lon="120.324338"><ele>144</ele></trkpt>
      <trkpt lat="26.944957" lon="120.324355"><ele>144</ele></trkpt>
      <trkpt lat="26.944956" lon="120.32437"><ele>144</ele></trkpt>
      <trkpt lat="26.944955" lon="120.324385"><ele>145</ele></trkpt>
      <trkpt lat="26.944954" lon="120.324397"><ele>145</ele></trkpt>
      <trkpt lat="26.944952" lon="120.324412"><ele>146</ele></trkpt>
      <trkpt lat="26.94495" lon="120.324424"><ele>146</ele></trkpt>
      <trkpt lat="26.944949" lon="120.324433"><ele>147</ele></trkpt>
      <trkpt lat="26.944949" lon="120.324461"><ele>147</ele></trkpt>
      <trkpt lat="26.944949" lon="120.324473"><ele>147</ele></trkpt>
      <trkpt lat="26.944949" lon="120.32449"><ele>147</ele></trkpt>
      <trkpt lat="26.944951" lon="120.324507"><ele>148</ele></trkpt>
      <trkpt lat="26.944952" lon="120.324525"><ele>148</ele></trkpt>
      <trkpt lat="26.944954" lon="120.324545"><ele>149</ele></trkpt>
      <trkpt lat="26.944957" lon="120.324562"><ele>149</ele></trkpt>
      <trkpt lat="26.944962" lon="120.324577"><ele>149</ele></trkpt>
      <trkpt lat="26.944968" lon="120.324591"><ele>149</ele></trkpt>
      <trkpt lat="26.944974" lon="120.324605"><ele>149</ele></trkpt>
      <trkpt lat="26.944977" lon="120.324618"><ele>149</ele></trkpt>
      <trkpt lat="26.944981" lon="120.32463"><ele>149</ele></trkpt>
      <trkpt lat="26.944983" lon="120.324643"><ele>150</ele></trkpt>
      <trkpt lat="26.944984" lon="120.324657"><ele>150</ele></trkpt>
      <trkpt lat="26.944987" lon="120.324671"><ele>150</ele></trkpt>
      <trkpt lat="26.94499" lon="120.324688"><ele>150</ele></trkpt>
      <trkpt lat="26.944996" lon="120.324701"><ele>151</ele></trkpt>
      <trkpt lat="26.945003" lon="120.324712"><ele>151</ele></trkpt>
      <trkpt lat="26.945008" lon="120.32472"><ele>151</ele></trkpt>
      <trkpt lat="26.945013" lon="120.324731"><ele>152</ele></trkpt>
      <trkpt lat="26.945017" lon="120.324743"><ele>152</ele></trkpt>
      <trkpt lat="26.945021" lon="120.324751"><ele>153</ele></trkpt>
      <trkpt lat="26.945021" lon="120.324759"><ele>153</ele></trkpt>
      <trkpt lat="26.945021" lon="120.324776"><ele>153</ele></trkpt>
      <trkpt lat="26.945022" lon="120.324783"><ele>153</ele></trkpt>
      <trkpt lat="26.945024" lon="120.324791"><ele>154</ele></trkpt>
      <trkpt lat="26.945032" lon="120.324816"><ele>154</ele></trkpt>
      <trkpt lat="26.945036" lon="120.324829"><ele>154</ele></trkpt>
      <trkpt lat="26.94504" lon="120.324845"><ele>154</ele></trkpt>
      <trkpt lat="26.945045" lon="120.32486"><ele>154</ele></trkpt>
      <trkpt lat="26.945048" lon="120.324865"><ele>154</ele></trkpt>
      <trkpt lat="26.945063" lon="120.324887"><ele>154</ele></trkpt>
      <trkpt lat="26.945063" lon="120.324887"><ele>154</ele></trkpt>
      <trkpt lat="26.94508" lon="120.324908"><ele>154</ele></trkpt>
      <trkpt lat="26.945141" lon="120.324983"><ele>155</ele></trkpt>
      <trkpt lat="26.945152" lon="120.324996"><ele>155</ele></trkpt>
      <trkpt lat="26.945162" lon="120.325008"><ele>155</ele></trkpt>
      <trkpt lat="26.945172" lon="120.32502"><ele>156</ele></trkpt>
      <trkpt lat="26.945181" lon="120.32503"><ele>157</ele></trkpt>
      <trkpt lat="26.94519" lon="120.325039"><ele>158</ele></trkpt>
      <trkpt lat="26.9452" lon="120.325047"><ele>159</ele></trkpt>
      <trkpt lat="26.945211" lon="120.325054"><ele>159</ele></trkpt>
      <trkpt lat="26.945223" lon="120.325062"><ele>159</ele></trkpt>
      <trkpt lat="26.945235" lon="120.325073"><ele>159</ele></trkpt>
      <trkpt lat="26.945248" lon="120.325084"><ele>159</ele></trkpt>
      <trkpt lat="26.945263" lon="120.325096"><ele>159</ele></trkpt>
      <trkpt lat="26.945278" lon="120.325107"><ele>159</ele></trkpt>
      <trkpt lat="26.945293" lon="120.325116"><ele>159</ele></trkpt>
      <trkpt lat="26.945309" lon="120.325126"><ele>160</ele></trkpt>
      <trkpt lat="26.945325" lon="120.325135"><ele>160</ele></trkpt>
      <trkpt lat="26.945337" lon="120.325143"><ele>161</ele></trkpt>
      <trkpt lat="26.945349" lon="120.325149"><ele>161</ele></trkpt>
      <trkpt lat="26.945363" lon="120.325156"><ele>162</ele></trkpt>
      <trkpt lat="26.945377" lon="120.325161"><ele>162</ele></trkpt>
      <trkpt lat="26.94539" lon="120.325164"><ele>162</ele></trkpt>
      <trkpt lat="26.945404" lon="120.325166"><ele>163</ele></trkpt>
      <trkpt lat="26.945418" lon="120.325169"><ele>163</ele></trkpt>
      <trkpt lat="26.945434" lon="120.325172"><ele>163</ele></trkpt>
      <trkpt lat="26.945449" lon="120.325177"><ele>163</ele></trkpt>
      <trkpt lat="26.945462" lon="120.325182"><ele>163</ele></trkpt>
      <trkpt lat="26.945478" lon="120.325189"><ele>163</ele></trkpt>
      <trkpt lat="26.945491" lon="120.325196"><ele>163</ele></trkpt>
      <trkpt lat="26.945501" lon="120.325202"><ele>163</ele></trkpt>
      <trkpt lat="26.945512" lon="120.325208"><ele>164</ele></trkpt>
      <trkpt lat="26.945527" lon="120.325218"><ele>164</ele></trkpt>
      <trkpt lat="26.945542" lon="120.32523"><ele>164</ele></trkpt>
      <trkpt lat="26.945556" lon="120.325244"><ele>165</ele></trkpt>
      <trkpt lat="26.94557" lon="120.325259"><ele>165</ele></trkpt>
      <trkpt lat="26.945582" lon="120.325274"><ele>165</ele></trkpt>
      <trkpt lat="26.94559" lon="120.325282"><ele>165</ele></trkpt>
      <trkpt lat="26.945594" lon="120.325287"><ele>165</ele></trkpt>
      <trkpt lat="26.945602" lon="120.325293"><ele>165</ele></trkpt>
      <trkpt lat="26.94561" lon="120.325302"><ele>165</ele></trkpt>
      <trkpt lat="26.945622" lon="120.325316"><ele>165</ele></trkpt>
      <trkpt lat="26.945623" lon="120.325317"><ele>166</ele></trkpt>
      <trkpt lat="26.945628" lon="120.32533"><ele>166</ele></trkpt>
      <trkpt lat="26.945632" lon="120.325344"><ele>166</ele></trkpt>
      <trkpt lat="26.945635" lon="120.32536"><ele>167</ele></trkpt>
      <trkpt lat="26.945638" lon="120.325376"><ele>167</ele></trkpt>
      <trkpt lat="26.945641" lon="120.325391"><ele>167</ele></trkpt>
      <trkpt lat="26.945646" lon="120.325408"><ele>167</ele></trkpt>
      <trkpt lat="26.94565" lon="120.325425"><ele>168</ele></trkpt>
      <trkpt lat="26.945653" lon="120.325443"><ele>168</ele></trkpt>
      <trkpt lat="26.945655" lon="120.325461"><ele>168</ele></trkpt>
      <trkpt lat="26.945657" lon="120.32548"><ele>168</ele></trkpt>
      <trkpt lat="26.945659" lon="120.325499"><ele>168</ele></trkpt>
      <trkpt lat="26.945662" lon="120.325519"><ele>169</ele></trkpt>
      <trkpt lat="26.945663" lon="120.32554"><ele>169</ele></trkpt>
      <trkpt lat="26.945666" lon="120.325561"><ele>170</ele></trkpt>
      <trkpt lat="26.945668" lon="120.325579"><ele>170</ele></trkpt>
      <trkpt lat="26.945671" lon="120.325594"><ele>170</ele></trkpt>
      <trkpt lat="26.945674" lon="120.325609"><ele>171</ele></trkpt>
      <trkpt lat="26.945678" lon="120.325626"><ele>171</ele></trkpt>
      <trkpt lat="26.945682" lon="120.325644"><ele>171</ele></trkpt>
      <trkpt lat="26.945686" lon="120.325663"><ele>172</ele></trkpt>
      <trkpt lat="26.945689" lon="120.325682"><ele>172</ele></trkpt>
      <trkpt lat="26.945691" lon="120.3257"><ele>172</ele></trkpt>
      <trkpt lat="26.945693" lon="120.325716"><ele>173</ele></trkpt>
      <trkpt lat="26.945696" lon="120.325732"><ele>173</ele></trkpt>
      <trkpt lat="26.9457" lon="120.325747"><ele>173</ele></trkpt>
      <trkpt lat="26.945704" lon="120.32576"><ele>173</ele></trkpt>
      <trkpt lat="26.94571" lon="120.325775"><ele>173</ele></trkpt>
      <trkpt lat="26.945715" lon="120.325789"><ele>173</ele></trkpt>
      <trkpt lat="26.94572" lon="120.3258"><ele>173</ele></trkpt>
      <trkpt lat="26.945723" lon="120.325804"><ele>173</ele></trkpt>
      <trkpt lat="26.945724" lon="120.325806"><ele>174</ele></trkpt>
      <trkpt lat="26.945729" lon="120.325822"><ele>174</ele></trkpt>
      <trkpt lat="26.94575" lon="120.325887"><ele>174</ele></trkpt>
      <trkpt lat="26.94575" lon="120.325887"><ele>174</ele></trkpt>
      <trkpt lat="26.94575" lon="120.325891"><ele>174</ele></trkpt>
      <trkpt lat="26.945747" lon="120.325936"><ele>174</ele></trkpt>
      <trkpt lat="26.945746" lon="120.325959"><ele>175</ele></trkpt>
      <trkpt lat="26.945746" lon="120.325984"><ele>175</ele></trkpt>
      <trkpt lat="26.945746" lon="120.326005"><ele>175</ele></trkpt>
      <trkpt lat="26.945745" lon="120.326024"><ele>176</ele></trkpt>
      <trkpt lat="26.945745" lon="120.326041"><ele>176</ele></trkpt>
      <trkpt lat="26.945744" lon="120.326058"><ele>177</ele></trkpt>
      <trkpt lat="26.945744" lon="120.326076"><ele>177</ele></trkpt>
      <trkpt lat="26.945745" lon="120.326092"><ele>178</ele></trkpt>
      <trkpt lat="26.945747" lon="120.32611"><ele>178</ele></trkpt>
      <trkpt lat="26.945749" lon="120.326128"><ele>179</ele></trkpt>
      <trkpt lat="26.945751" lon="120.326145"><ele>179</ele></trkpt>
      <trkpt lat="26.945754" lon="120.326159"><ele>179</ele></trkpt>
      <trkpt lat="26.945757" lon="120.326173"><ele>179</ele></trkpt>
      <trkpt lat="26.94576" lon="120.326186"><ele>180</ele></trkpt>
      <trkpt lat="26.945765" lon="120.326198"><ele>180</ele></trkpt>
      <trkpt lat="26.94577" lon="120.32621"><ele>181</ele></trkpt>
      <trkpt lat="26.945775" lon="120.326222"><ele>181</ele></trkpt>
      <trkpt lat="26.945782" lon="120.326237"><ele>181</ele></trkpt>
      <trkpt lat="26.945786" lon="120.326246"><ele>182</ele></trkpt>
      <trkpt lat="26.945786" lon="120.32625"><ele>182</ele></trkpt>
      <trkpt lat="26.945786" lon="120.32626"><ele>182</ele></trkpt>
      <trkpt lat="26.945792" lon="120.326337"><ele>183</ele></trkpt>
      <trkpt lat="26.945791" lon="120.326337"><ele>183</ele></trkpt>
      <trkpt lat="26.94579" lon="120.32634"><ele>183</ele></trkpt>
      <trkpt lat="26.945777" lon="120.326375"><ele>183</ele></trkpt>
      <trkpt lat="26.945772" lon="120.326395"><ele>184</ele></trkpt>
      <trkpt lat="26.945769" lon="120.326417"><ele>185</ele></trkpt>
      <trkpt lat="26.94577" lon="120.326436"><ele>185</ele></trkpt>
      <trkpt lat="26.945773" lon="120.326445"><ele>185</ele></trkpt>
      <trkpt lat="26.94578" lon="120.326449"><ele>185</ele></trkpt>
      <trkpt lat="26.945798" lon="120.326456"><ele>186</ele></trkpt>
      <trkpt lat="26.945807" lon="120.32646"><ele>186</ele></trkpt>
      <trkpt lat="26.945818" lon="120.326465"><ele>186</ele></trkpt>
      <trkpt lat="26.945818" lon="120.32647"><ele>186</ele></trkpt>
      <trkpt lat="26.945822" lon="120.326475"><ele>187</ele></trkpt>
      <trkpt lat="26.94584" lon="120.326514"><ele>188</ele></trkpt>
      <trkpt lat="26.945848" lon="120.326531"><ele>188</ele></trkpt>
      <trkpt lat="26.945849" lon="120.326533"><ele>189</ele></trkpt>
      <trkpt lat="26.945882" lon="120.326575"><ele>189</ele></trkpt>
      <trkpt lat="26.945895" lon="120.326585"><ele>190</ele></trkpt>
      <trkpt lat="26.945915" lon="120.326595"><ele>191</ele></trkpt>
      <trkpt lat="26.945934" lon="120.326602"><ele>191</ele></trkpt>
      <trkpt lat="26.945951" lon="120.326609"><ele>192</ele></trkpt>
      <trkpt lat="26.945965" lon="120.326616"><ele>193</ele></trkpt>
      <trkpt lat="26.945979" lon="120.326622"><ele>193</ele></trkpt>
      <trkpt lat="26.945992" lon="120.326633"><ele>193</ele></trkpt>
      <trkpt lat="26.946016" lon="120.326656"><ele>193</ele></trkpt>
      <trkpt lat="26.946026" lon="120.326665"><ele>193</ele></trkpt>
      <trkpt lat="26.946037" lon="120.326671"><ele>193</ele></trkpt>
      <trkpt lat="26.946069" lon="120.326685"><ele>193</ele></trkpt>
      <trkpt lat="26.946091" lon="120.326689"><ele>193</ele></trkpt>
      <trkpt lat="26.946115" lon="120.326691"><ele>194</ele></trkpt>
      <trkpt lat="26.946138" lon="120.326693"><ele>194</ele></trkpt>
      <trkpt lat="26.946153" lon="120.326695"><ele>194</ele></trkpt>
      <trkpt lat="26.946172" lon="120.326695"><ele>194</ele></trkpt>
      <trkpt lat="26.946188" lon="120.326694"><ele>194</ele></trkpt>
      <trkpt lat="26.946206" lon="120.326694"><ele>194</ele></trkpt>
      <trkpt lat="26.946217" lon="120.326698"><ele>194</ele></trkpt>
      <trkpt lat="26.946223" lon="120.326705"><ele>195</ele></trkpt>
      <trkpt lat="26.946233" lon="120.326726"><ele>195</ele></trkpt>
      <trkpt lat="26.946238" lon="120.32674"><ele>195</ele></trkpt>
      <trkpt lat="26.946239" lon="120.326757"><ele>195</ele></trkpt>
      <trkpt lat="26.946237" lon="120.32677"><ele>195</ele></trkpt>
      <trkpt lat="26.946236" lon="120.326783"><ele>195</ele></trkpt>
      <trkpt lat="26.946235" lon="120.326798"><ele>195</ele></trkpt>
      <trkpt lat="26.946235" lon="120.326815"><ele>195</ele></trkpt>
      <trkpt lat="26.946233" lon="120.326832"><ele>196</ele></trkpt>
      <trkpt lat="26.946229" lon="120.32685"><ele>196</ele></trkpt>
      <trkpt lat="26.946225" lon="120.326868"><ele>196</ele></trkpt>
      <trkpt lat="26.946221" lon="120.326886"><ele>197</ele></trkpt>
      <trkpt lat="26.94622" lon="120.326902"><ele>197</ele></trkpt>
      <trkpt lat="26.946221" lon="120.32692"><ele>197</ele></trkpt>
      <trkpt lat="26.946225" lon="120.326935"><ele>197</ele></trkpt>
      <trkpt lat="26.946228" lon="120.32695"><ele>197</ele></trkpt>
      <trkpt lat="26.94623" lon="120.326967"><ele>198</ele></trkpt>
      <trkpt lat="26.946232" lon="120.326988"><ele>198</ele></trkpt>
      <trkpt lat="26.946233" lon="120.327009"><ele>198</ele></trkpt>
      <trkpt lat="26.946233" lon="120.32703"><ele>198</ele></trkpt>
      <trkpt lat="26.946232" lon="120.327049"><ele>199</ele></trkpt>
      <trkpt lat="26.946232" lon="120.327076"><ele>199</ele></trkpt>
      <trkpt lat="26.946231" lon="120.327101"><ele>199</ele></trkpt>
      <trkpt lat="26.946229" lon="120.327121"><ele>199</ele></trkpt>
      <trkpt lat="26.946226" lon="120.327144"><ele>199</ele></trkpt>
      <trkpt lat="26.946222" lon="120.327167"><ele>200</ele></trkpt>
      <trkpt lat="26.946215" lon="120.327188"><ele>200</ele></trkpt>
      <trkpt lat="26.946208" lon="120.327205"><ele>200</ele></trkpt>
      <trkpt lat="26.946201" lon="120.327217"><ele>201</ele></trkpt>
      <trkpt lat="26.946193" lon="120.327227"><ele>201</ele></trkpt>
      <trkpt lat="26.946187" lon="120.327238"><ele>201</ele></trkpt>
      <trkpt lat="26.946183" lon="120.327246"><ele>202</ele></trkpt>
      <trkpt lat="26.946179" lon="120.327258"><ele>202</ele></trkpt>
      <trkpt lat="26.946177" lon="120.32727"><ele>202</ele></trkpt>
      <trkpt lat="26.946176" lon="120.327285"><ele>203</ele></trkpt>
      <trkpt lat="26.946177" lon="120.3273"><ele>204</ele></trkpt>
      <trkpt lat="26.946176" lon="120.327318"><ele>204</ele></trkpt>
      <trkpt lat="26.946175" lon="120.327334"><ele>204</ele></trkpt>
      <trkpt lat="26.946174" lon="120.327349"><ele>205</ele></trkpt>
      <trkpt lat="26.946173" lon="120.327364"><ele>205</ele></trkpt>
      <trkpt lat="26.946173" lon="120.327378"><ele>206</ele></trkpt>
      <trkpt lat="26.946172" lon="120.327393"><ele>206</ele></trkpt>
      <trkpt lat="26.94617" lon="120.327407"><ele>207</ele></trkpt>
      <trkpt lat="26.946168" lon="120.327422"><ele>207</ele></trkpt>
      <trkpt lat="26.946166" lon="120.327428"><ele>207</ele></trkpt>
      <trkpt lat="26.946164" lon="120.327433"><ele>208</ele></trkpt>
      <trkpt lat="26.946152" lon="120.327459"><ele>208</ele></trkpt>
      <trkpt lat="26.946152" lon="120.327468"><ele>208</ele></trkpt>
      <trkpt lat="26.946156" lon="120.327576"><ele>209</ele></trkpt>
      <trkpt lat="26.946156" lon="120.327576"><ele>209</ele></trkpt>
      <trkpt lat="26.946157" lon="120.32758"><ele>209</ele></trkpt>
      <trkpt lat="26.946166" lon="120.327619"><ele>210</ele></trkpt>
      <trkpt lat="26.946173" lon="120.327639"><ele>211</ele></trkpt>
      <trkpt lat="26.946179" lon="120.327657"><ele>212</ele></trkpt>
      <trkpt lat="26.946183" lon="120.327673"><ele>212</ele></trkpt>
      <trkpt lat="26.946185" lon="120.327687"><ele>213</ele></trkpt>
      <trkpt lat="26.946183" lon="120.3277"><ele>213</ele></trkpt>
      <trkpt lat="26.946182" lon="120.327714"><ele>213</ele></trkpt>
      <trkpt lat="26.946182" lon="120.327727"><ele>214</ele></trkpt>
      <trkpt lat="26.946183" lon="120.327739"><ele>214</ele></trkpt>
      <trkpt lat="26.946185" lon="120.32775"><ele>214</ele></trkpt>
      <trkpt lat="26.946188" lon="120.32776"><ele>215</ele></trkpt>
      <trkpt lat="26.946192" lon="120.327773"><ele>215</ele></trkpt>
      <trkpt lat="26.946197" lon="120.327788"><ele>216</ele></trkpt>
      <trkpt lat="26.946201" lon="120.327801"><ele>216</ele></trkpt>
      <trkpt lat="26.946205" lon="120.327817"><ele>216</ele></trkpt>
      <trkpt lat="26.946211" lon="120.327833"><ele>216</ele></trkpt>
      <trkpt lat="26.946218" lon="120.327848"><ele>216</ele></trkpt>
      <trkpt lat="26.946223" lon="120.327864"><ele>217</ele></trkpt>
      <trkpt lat="26.946226" lon="120.327877"><ele>217</ele></trkpt>
      <trkpt lat="26.946229" lon="120.327892"><ele>217</ele></trkpt>
      <trkpt lat="26.946231" lon="120.327906"><ele>217</ele></trkpt>
      <trkpt lat="26.946234" lon="120.32792"><ele>218</ele></trkpt>
      <trkpt lat="26.946237" lon="120.327936"><ele>218</ele></trkpt>
      <trkpt lat="26.94624" lon="120.327947"><ele>218</ele></trkpt>
      <trkpt lat="26.946242" lon="120.327953"><ele>219</ele></trkpt>
      <trkpt lat="26.946244" lon="120.327958"><ele>219</ele></trkpt>
      <trkpt lat="26.946249" lon="120.327973"><ele>219</ele></trkpt>
      <trkpt lat="26.946254" lon="120.327991"><ele>220</ele></trkpt>
      <trkpt lat="26.946254" lon="120.327992"><ele>220</ele></trkpt>
      <trkpt lat="26.946252" lon="120.328006"><ele>220</ele></trkpt>
      <trkpt lat="26.94625" lon="120.328022"><ele>221</ele></trkpt>
      <trkpt lat="26.946251" lon="120.328038"><ele>221</ele></trkpt>
      <trkpt lat="26.946254" lon="120.328053"><ele>221</ele></trkpt>
      <trkpt lat="26.946256" lon="120.328068"><ele>221</ele></trkpt>
      <trkpt lat="26.946259" lon="120.328084"><ele>222</ele></trkpt>
      <trkpt lat="26.946263" lon="120.328099"><ele>222</ele></trkpt>
      <trkpt lat="26.946268" lon="120.328114"><ele>222</ele></trkpt>
      <trkpt lat="26.946275" lon="120.328129"><ele>223</ele></trkpt>
      <trkpt lat="26.94628" lon="120.328146"><ele>223</ele></trkpt>
      <trkpt lat="26.946282" lon="120.328159"><ele>223</ele></trkpt>
      <trkpt lat="26.946282" lon="120.328171"><ele>224</ele></trkpt>
      <trkpt lat="26.946281" lon="120.328181"><ele>224</ele></trkpt>
      <trkpt lat="26.946282" lon="120.328194"><ele>224</ele></trkpt>
      <trkpt lat="26.946284" lon="120.328207"><ele>224</ele></trkpt>
      <trkpt lat="26.946287" lon="120.328225"><ele>225</ele></trkpt>
      <trkpt lat="26.946289" lon="120.328241"><ele>225</ele></trkpt>
      <trkpt lat="26.946291" lon="120.328255"><ele>226</ele></trkpt>
      <trkpt lat="26.946293" lon="120.328268"><ele>226</ele></trkpt>
      <trkpt lat="26.946294" lon="120.328282"><ele>227</ele></trkpt>
      <trkpt lat="26.946295" lon="120.328296"><ele>227</ele></trkpt>
      <trkpt lat="26.946294" lon="120.328311"><ele>227</ele></trkpt>
      <trkpt lat="26.946292" lon="120.328326"><ele>227</ele></trkpt>
      <trkpt lat="26.946291" lon="120.328341"><ele>227</ele></trkpt>
      <trkpt lat="26.946289" lon="120.328358"><ele>227</ele></trkpt>
      <trkpt lat="26.946289" lon="120.328377"><ele>227</ele></trkpt>
      <trkpt lat="26.946292" lon="120.328395"><ele>228</ele></trkpt>
      <trkpt lat="26.946297" lon="120.328411"><ele>228</ele></trkpt>
      <trkpt lat="26.946305" lon="120.328427"><ele>229</ele></trkpt>
      <trkpt lat="26.946316" lon="120.328444"><ele>229</ele></trkpt>
      <trkpt lat="26.946327" lon="120.32846"><ele>229</ele></trkpt>
      <trkpt lat="26.946339" lon="120.328473"><ele>229</ele></trkpt>
      <trkpt lat="26.946351" lon="120.328482"><ele>229</ele></trkpt>
      <trkpt lat="26.946355" lon="120.328481"><ele>230</ele></trkpt>
      <trkpt lat="26.946357" lon="120.328482"><ele>230</ele></trkpt>
      <trkpt lat="26.946373" lon="120.328494"><ele>230</ele></trkpt>
      <trkpt lat="26.94643" lon="120.328535"><ele>230</ele></trkpt>
      <trkpt lat="26.94643" lon="120.328535"><ele>230</ele></trkpt>
      <trkpt lat="26.946435" lon="120.328536"><ele>230</ele></trkpt>
      <trkpt lat="26.946482" lon="120.328546"><ele>231</ele></trkpt>
      <trkpt lat="26.946506" lon="120.328552"><ele>231</ele></trkpt>
      <trkpt lat="26.946531" lon="120.328559"><ele>231</ele></trkpt>
      <trkpt lat="26.946554" lon="120.328565"><ele>231</ele></trkpt>
      <trkpt lat="26.946572" lon="120.328573"><ele>231</ele></trkpt>
      <trkpt lat="26.946588" lon="120.328584"><ele>231</ele></trkpt>
      <trkpt lat="26.946599" lon="120.328594"><ele>231</ele></trkpt>
      <trkpt lat="26.946611" lon="120.328605"><ele>231</ele></trkpt>
      <trkpt lat="26.946619" lon="120.328614"><ele>231</ele></trkpt>
      <trkpt lat="26.946625" lon="120.32862"><ele>232</ele></trkpt>
      <trkpt lat="26.946631" lon="120.328624"><ele>232</ele></trkpt>
      <trkpt lat="26.94664" lon="120.328632"><ele>232</ele></trkpt>
      <trkpt lat="26.946648" lon="120.328641"><ele>232</ele></trkpt>
      <trkpt lat="26.946658" lon="120.328653"><ele>233</ele></trkpt>
      <trkpt lat="26.946668" lon="120.328663"><ele>233</ele></trkpt>
      <trkpt lat="26.94668" lon="120.328672"><ele>233</ele></trkpt>
      <trkpt lat="26.946693" lon="120.32868"><ele>233</ele></trkpt>
      <trkpt lat="26.946708" lon="120.328687"><ele>233</ele></trkpt>
      <trkpt lat="26.946723" lon="120.328692"><ele>234</ele></trkpt>
      <trkpt lat="26.946739" lon="120.328697"><ele>234</ele></trkpt>
      <trkpt lat="26.946756" lon="120.328704"><ele>234</ele></trkpt>
      <trkpt lat="26.946771" lon="120.328712"><ele>235</ele></trkpt>
      <trkpt lat="26.946784" lon="120.32872"><ele>235</ele></trkpt>
      <trkpt lat="26.946795" lon="120.32873"><ele>235</ele></trkpt>
      <trkpt lat="26.946806" lon="120.328739"><ele>235</ele></trkpt>
      <trkpt lat="26.946818" lon="120.328749"><ele>235</ele></trkpt>
      <trkpt lat="26.946834" lon="120.328758"><ele>236</ele></trkpt>
      <trkpt lat="26.946851" lon="120.328769"><ele>236</ele></trkpt>
      <trkpt lat="26.946866" lon="120.32878"><ele>236</ele></trkpt>
      <trkpt lat="26.94688" lon="120.32879"><ele>237</ele></trkpt>
      <trkpt lat="26.946892" lon="120.328801"><ele>237</ele></trkpt>
      <trkpt lat="26.946904" lon="120.328809"><ele>237</ele></trkpt>
      <trkpt lat="26.946919" lon="120.328816"><ele>238</ele></trkpt>
      <trkpt lat="26.946934" lon="120.328822"><ele>238</ele></trkpt>
      <trkpt lat="26.946949" lon="120.328829"><ele>239</ele></trkpt>
      <trkpt lat="26.946965" lon="120.328833"><ele>239</ele></trkpt>
      <trkpt lat="26.946981" lon="120.328834"><ele>240</ele></trkpt>
      <trkpt lat="26.946994" lon="120.328834"><ele>240</ele></trkpt>
      <trkpt lat="26.94701" lon="120.328834"><ele>241</ele></trkpt>
      <trkpt lat="26.947026" lon="120.328838"><ele>241</ele></trkpt>
      <trkpt lat="26.94704" lon="120.328844"><ele>241</ele></trkpt>
      <trkpt lat="26.947052" lon="120.32885"><ele>241</ele></trkpt>
      <trkpt lat="26.947068" lon="120.328856"><ele>241</ele></trkpt>
      <trkpt lat="26.947084" lon="120.32886"><ele>241</ele></trkpt>
      <trkpt lat="26.947098" lon="120.328863"><ele>241</ele></trkpt>
      <trkpt lat="26.947113" lon="120.328865"><ele>242</ele></trkpt>
      <trkpt lat="26.947128" lon="120.328865"><ele>242</ele></trkpt>
      <trkpt lat="26.947144" lon="120.328862"><ele>242</ele></trkpt>
      <trkpt lat="26.947162" lon="120.328858"><ele>242</ele></trkpt>
      <trkpt lat="26.947181" lon="120.328851"><ele>242</ele></trkpt>
      <trkpt lat="26.947199" lon="120.328844"><ele>243</ele></trkpt>
      <trkpt lat="26.947217" lon="120.328837"><ele>243</ele></trkpt>
      <trkpt lat="26.947232" lon="120.328832"><ele>243</ele></trkpt>
      <trkpt lat="26.947239" lon="120.328828"><ele>243</ele></trkpt>
      <trkpt lat="26.947241" lon="120.328827"><ele>243</ele></trkpt>
      <trkpt lat="26.94726" lon="120.328814"><ele>243</ele></trkpt>
      <trkpt lat="26.94728" lon="120.328808"><ele>244</ele></trkpt>
      <trkpt lat="26.947363" lon="120.328781"><ele>244</ele></trkpt>
      <trkpt lat="26.947363" lon="120.328781"><ele>244</ele></trkpt>
      <trkpt lat="26.947363" lon="120.328781"><ele>244</ele></trkpt>
      <trkpt lat="26.94739" lon="120.328775"><ele>244</ele></trkpt>
      <trkpt lat="26.947424" lon="120.328767"><ele>246</ele></trkpt>
      <trkpt lat="26.947424" lon="120.328767"><ele>247</ele></trkpt>
      <trkpt lat="26.947426" lon="120.328766"><ele>247</ele></trkpt>
      <trkpt lat="26.947456" lon="120.328754"><ele>247</ele></trkpt>
      <trkpt lat="26.947473" lon="120.328748"><ele>248</ele></trkpt>
      <trkpt lat="26.947489" lon="120.328743"><ele>248</ele></trkpt>
      <trkpt lat="26.947503" lon="120.328737"><ele>248</ele></trkpt>
      <trkpt lat="26.947516" lon="120.328729"><ele>249</ele></trkpt>
      <trkpt lat="26.947525" lon="120.32872"><ele>250</ele></trkpt>
      <trkpt lat="26.947527" lon="120.328714"><ele>250</ele></trkpt>
      <trkpt lat="26.947531" lon="120.3287"><ele>251</ele></trkpt>
      <trkpt lat="26.947535" lon="120.32869"><ele>251</ele></trkpt>
      <trkpt lat="26.947537" lon="120.328683"><ele>252</ele></trkpt>
      <trkpt lat="26.947544" lon="120.328665"><ele>252</ele></trkpt>
      <trkpt lat="26.947552" lon="120.328647"><ele>252</ele></trkpt>
      <trkpt lat="26.947552" lon="120.328647"><ele>252</ele></trkpt>
      <trkpt lat="26.94756" lon="120.328639"><ele>252</ele></trkpt>
      <trkpt lat="26.947627" lon="120.328572"><ele>252</ele></trkpt>
      <trkpt lat="26.947627" lon="120.328572"><ele>253</ele></trkpt>
      <trkpt lat="26.947629" lon="120.32857"><ele>253</ele></trkpt>
      <trkpt lat="26.947652" lon="120.328531"><ele>253</ele></trkpt>
      <trkpt lat="26.947652" lon="120.328531"><ele>255</ele></trkpt>
      <trkpt lat="26.947653" lon="120.328529"><ele>256</ele></trkpt>
      <trkpt lat="26.947668" lon="120.328491"><ele>256</ele></trkpt>
      <trkpt lat="26.947674" lon="120.32848"><ele>257</ele></trkpt>
      <trkpt lat="26.947681" lon="120.328469"><ele>258</ele></trkpt>
      <trkpt lat="26.947689" lon="120.328462"><ele>258</ele></trkpt>
      <trkpt lat="26.947696" lon="120.328457"><ele>258</ele></trkpt>
      <trkpt lat="26.947705" lon="120.328453"><ele>258</ele></trkpt>
      <trkpt lat="26.947718" lon="120.32845"><ele>259</ele></trkpt>
      <trkpt lat="26.94772" lon="120.328449"><ele>259</ele></trkpt>
      <trkpt lat="26.947729" lon="120.328447"><ele>259</ele></trkpt>
      <trkpt lat="26.947743" lon="120.328445"><ele>259</ele></trkpt>
      <trkpt lat="26.947748" lon="120.328444"><ele>260</ele></trkpt>
      <trkpt lat="26.947752" lon="120.328445"><ele>261</ele></trkpt>
      <trkpt lat="26.947768" lon="120.328451"><ele>261</ele></trkpt>
      <trkpt lat="26.947772" lon="120.328452"><ele>262</ele></trkpt>
      <trkpt lat="26.947777" lon="120.328454"><ele>262</ele></trkpt>
      <trkpt lat="26.94779" lon="120.328456"><ele>262</ele></trkpt>
      <trkpt lat="26.947796" lon="120.328456"><ele>263</ele></trkpt>
      <trkpt lat="26.947803" lon="120.328455"><ele>263</ele></trkpt>
      <trkpt lat="26.947821" lon="120.328454"><ele>263</ele></trkpt>
      <trkpt lat="26.947829" lon="120.328455"><ele>264</ele></trkpt>
      <trkpt lat="26.947838" lon="120.328457"><ele>264</ele></trkpt>
      <trkpt lat="26.947857" lon="120.328461"><ele>265</ele></trkpt>
      <trkpt lat="26.947866" lon="120.328463"><ele>265</ele></trkpt>
      <trkpt lat="26.947877" lon="120.328467"><ele>266</ele></trkpt>
      <trkpt lat="26.947894" lon="120.328473"><ele>266</ele></trkpt>
      <trkpt lat="26.947901" lon="120.328476"><ele>266</ele></trkpt>
      <trkpt lat="26.947909" lon="120.328479"><ele>267</ele></trkpt>
      <trkpt lat="26.947925" lon="120.328484"><ele>267</ele></trkpt>
      <trkpt lat="26.947933" lon="120.328488"><ele>267</ele></trkpt>
      <trkpt lat="26.94794" lon="120.328489"><ele>267</ele></trkpt>
      <trkpt lat="26.947962" lon="120.328496"><ele>267</ele></trkpt>
      <trkpt lat="26.947971" lon="120.328503"><ele>267</ele></trkpt>
      <trkpt lat="26.947979" lon="120.328513"><ele>268</ele></trkpt>
      <trkpt lat="26.947986" lon="120.328523"><ele>268</ele></trkpt>
      <trkpt lat="26.947995" lon="120.328535"><ele>268</ele></trkpt>
      <trkpt lat="26.948005" lon="120.328544"><ele>268</ele></trkpt>
      <trkpt lat="26.948006" lon="120.328549"><ele>269</ele></trkpt>
      <trkpt lat="26.948009" lon="120.328555"><ele>269</ele></trkpt>
      <trkpt lat="26.948021" lon="120.328566"><ele>269</ele></trkpt>
      <trkpt lat="26.948036" lon="120.328578"><ele>270</ele></trkpt>
      <trkpt lat="26.94809" lon="120.328625"><ele>270</ele></trkpt>
      <trkpt lat="26.94809" lon="120.328625"><ele>270</ele></trkpt>
      <trkpt lat="26.948093" lon="120.328628"><ele>271</ele></trkpt>
      <trkpt lat="26.948111" lon="120.328653"><ele>271</ele></trkpt>
      <trkpt lat="26.948119" lon="120.328665"><ele>272</ele></trkpt>
      <trkpt lat="26.948128" lon="120.328678"><ele>273</ele></trkpt>
      <trkpt lat="26.948136" lon="120.32869"><ele>273</ele></trkpt>
      <trkpt lat="26.948142" lon="120.3287"><ele>273</ele></trkpt>
      <trkpt lat="26.948148" lon="120.328709"><ele>274</ele></trkpt>
      <trkpt lat="26.948154" lon="120.328716"><ele>274</ele></trkpt>
      <trkpt lat="26.948161" lon="120.328722"><ele>275</ele></trkpt>
      <trkpt lat="26.948179" lon="120.328736"><ele>275</ele></trkpt>
      <trkpt lat="26.948185" lon="120.32874"><ele>276</ele></trkpt>
      <trkpt lat="26.948187" lon="120.328743"><ele>276</ele></trkpt>
      <trkpt lat="26.948205" lon="120.328792"><ele>276</ele></trkpt>
      <trkpt lat="26.948216" lon="120.328822"><ele>277</ele></trkpt>
      <trkpt lat="26.948217" lon="120.328823"><ele>277</ele></trkpt>
      <trkpt lat="26.948251" lon="120.328865"><ele>277</ele></trkpt>
      <trkpt lat="26.948267" lon="120.328889"><ele>278</ele></trkpt>
      <trkpt lat="26.948271" lon="120.328897"><ele>278</ele></trkpt>
      <trkpt lat="26.948296" lon="120.328938"><ele>278</ele></trkpt>
      <trkpt lat="26.948303" lon="120.328949"><ele>279</ele></trkpt>
      <trkpt lat="26.948314" lon="120.328964"><ele>280</ele></trkpt>
      <trkpt lat="26.948337" lon="120.328994"><ele>280</ele></trkpt>
      <trkpt lat="26.948347" lon="120.329006"><ele>281</ele></trkpt>
      <trkpt lat="26.94836" lon="120.329019"><ele>282</ele></trkpt>
      <trkpt lat="26.948373" lon="120.329033"><ele>282</ele></trkpt>
      <trkpt lat="26.948388" lon="120.329051"><ele>283</ele></trkpt>
      <trkpt lat="26.9484" lon="120.329066"><ele>283</ele></trkpt>
      <trkpt lat="26.948412" lon="120.329079"><ele>284</ele></trkpt>
      <trkpt lat="26.948423" lon="120.329094"><ele>284</ele></trkpt>
      <trkpt lat="26.948432" lon="120.329107"><ele>285</ele></trkpt>
      <trkpt lat="26.948441" lon="120.329118"><ele>285</ele></trkpt>
      <trkpt lat="26.948449" lon="120.329126"><ele>285</ele></trkpt>
      <trkpt lat="26.948461" lon="120.329135"><ele>286</ele></trkpt>
      <trkpt lat="26.948474" lon="120.329146"><ele>286</ele></trkpt>
      <trkpt lat="26.948484" lon="120.329155"><ele>287</ele></trkpt>
      <trkpt lat="26.94849" lon="120.329161"><ele>287</ele></trkpt>
      <trkpt lat="26.948506" lon="120.329178"><ele>287</ele></trkpt>
      <trkpt lat="26.948514" lon="120.329185"><ele>287</ele></trkpt>
      <trkpt lat="26.948525" lon="120.329196"><ele>287</ele></trkpt>
      <trkpt lat="26.948537" lon="120.329209"><ele>287</ele></trkpt>
      <trkpt lat="26.948549" lon="120.329222"><ele>288</ele></trkpt>
      <trkpt lat="26.948559" lon="120.329236"><ele>288</ele></trkpt>
      <trkpt lat="26.948567" lon="120.329246"><ele>288</ele></trkpt>
      <trkpt lat="26.948575" lon="120.329255"><ele>288</ele></trkpt>
      <trkpt lat="26.948582" lon="120.329265"><ele>289</ele></trkpt>
      <trkpt lat="26.948589" lon="120.329277"><ele>289</ele></trkpt>
      <trkpt lat="26.948597" lon="120.329291"><ele>290</ele></trkpt>
      <trkpt lat="26.948605" lon="120.329304"><ele>290</ele></trkpt>
      <trkpt lat="26.948613" lon="120.329316"><ele>290</ele></trkpt>
      <trkpt lat="26.94862" lon="120.329324"><ele>290</ele></trkpt>
      <trkpt lat="26.948631" lon="120.329336"><ele>291</ele></trkpt>
      <trkpt lat="26.948642" lon="120.329348"><ele>291</ele></trkpt>
      <trkpt lat="26.948651" lon="120.329358"><ele>292</ele></trkpt>
      <trkpt lat="26.948658" lon="120.329367"><ele>292</ele></trkpt>
      <trkpt lat="26.948671" lon="120.329382"><ele>292</ele></trkpt>
      <trkpt lat="26.948675" lon="120.329383"><ele>293</ele></trkpt>
      <trkpt lat="26.948688" lon="120.329381"><ele>293</ele></trkpt>
      <trkpt lat="26.948702" lon="120.329377"><ele>294</ele></trkpt>
      <trkpt lat="26.948706" lon="120.329376"><ele>294</ele></trkpt>
      <trkpt lat="26.948716" lon="120.32938"><ele>294</ele></trkpt>
      <trkpt lat="26.948725" lon="120.32939"><ele>294</ele></trkpt>
      <trkpt lat="26.948733" lon="120.329403"><ele>295</ele></trkpt>
      <trkpt lat="26.948736" lon="120.329413"><ele>295</ele></trkpt>
      <trkpt lat="26.948746" lon="120.329448"><ele>295</ele></trkpt>
      <trkpt lat="26.948746" lon="120.329448"><ele>295</ele></trkpt>
      <trkpt lat="26.948747" lon="120.32945"><ele>296</ele></trkpt>
      <trkpt lat="26.948763" lon="120.329471"><ele>296</ele></trkpt>
      <trkpt lat="26.948772" lon="120.329483"><ele>296</ele></trkpt>
      <trkpt lat="26.948778" lon="120.329493"><ele>296</ele></trkpt>
      <trkpt lat="26.948782" lon="120.329496"><ele>296</ele></trkpt>
      <trkpt lat="26.948791" lon="120.329507"><ele>297</ele></trkpt>
      <trkpt lat="26.948793" lon="120.329514"><ele>297</ele></trkpt>
      <trkpt lat="26.948794" lon="120.32952"><ele>298</ele></trkpt>
      <trkpt lat="26.948797" lon="120.32956"><ele>298</ele></trkpt>
      <trkpt lat="26.948798" lon="120.329578"><ele>299</ele></trkpt>
      <trkpt lat="26.948801" lon="120.329641"><ele>299</ele></trkpt>
      <trkpt lat="26.948834" lon="120.329661"><ele>299</ele></trkpt>
      <trkpt lat="26.948834" lon="120.329661"><ele>300</ele></trkpt>
      <trkpt lat="26.948843" lon="120.329705"><ele>301</ele></trkpt>
      <trkpt lat="26.948849" lon="120.329734"><ele>303</ele></trkpt>
      <trkpt lat="26.948857" lon="120.32974"><ele>305</ele></trkpt>
      <trkpt lat="26.948896" lon="120.329771"><ele>305</ele></trkpt>
      <trkpt lat="26.948899" lon="120.329772"><ele>306</ele></trkpt>
      <trkpt lat="26.948937" lon="120.329783"><ele>307</ele></trkpt>
      <trkpt lat="26.948964" lon="120.329788"><ele>308</ele></trkpt>
      <trkpt lat="26.948989" lon="120.329793"><ele>309</ele></trkpt>
      <trkpt lat="26.949014" lon="120.329797"><ele>309</ele></trkpt>
      <trkpt lat="26.949036" lon="120.329797"><ele>310</ele></trkpt>
      <trkpt lat="26.949055" lon="120.329795"><ele>311</ele></trkpt>
      <trkpt lat="26.94907" lon="120.329793"><ele>311</ele></trkpt>
      <trkpt lat="26.949086" lon="120.329791"><ele>311</ele></trkpt>
      <trkpt lat="26.949112" lon="120.329792"><ele>311</ele></trkpt>
      <trkpt lat="26.949124" lon="120.329795"><ele>311</ele></trkpt>
      <trkpt lat="26.949137" lon="120.329802"><ele>311</ele></trkpt>
      <trkpt lat="26.949161" lon="120.329822"><ele>311</ele></trkpt>
      <trkpt lat="26.949174" lon="120.329835"><ele>311</ele></trkpt>
      <trkpt lat="26.949186" lon="120.329843"><ele>311</ele></trkpt>
      <trkpt lat="26.949198" lon="120.329847"><ele>312</ele></trkpt>
      <trkpt lat="26.949216" lon="120.329851"><ele>312</ele></trkpt>
      <trkpt lat="26.949235" lon="120.329857"><ele>312</ele></trkpt>
      <trkpt lat="26.949249" lon="120.329866"><ele>312</ele></trkpt>
      <trkpt lat="26.949261" lon="120.329876"><ele>313</ele></trkpt>
      <trkpt lat="26.949272" lon="120.329881"><ele>313</ele></trkpt>
      <trkpt lat="26.949277" lon="120.329892"><ele>313</ele></trkpt>
      <trkpt lat="26.949279" lon="120.329913"><ele>313</ele></trkpt>
      <trkpt lat="26.949282" lon="120.32993"><ele>313</ele></trkpt>
      <trkpt lat="26.949288" lon="120.32994"><ele>313</ele></trkpt>
      <trkpt lat="26.949304" lon="120.329955"><ele>313</ele></trkpt>
      <trkpt lat="26.949333" lon="120.32998"><ele>314</ele></trkpt>
      <trkpt lat="26.949333" lon="120.32998"><ele>314</ele></trkpt>
      <trkpt lat="26.949336" lon="120.329984"><ele>315</ele></trkpt>
      <trkpt lat="26.949362" lon="120.330022"><ele>315</ele></trkpt>
      <trkpt lat="26.949374" lon="120.330047"><ele>316</ele></trkpt>
      <trkpt lat="26.949384" lon="120.330074"><ele>316</ele></trkpt>
      <trkpt lat="26.949392" lon="120.3301"><ele>316</ele></trkpt>
      <trkpt lat="26.949401" lon="120.330124"><ele>316</ele></trkpt>
      <trkpt lat="26.949408" lon="120.330143"><ele>317</ele></trkpt>
      <trkpt lat="26.949414" lon="120.330157"><ele>317</ele></trkpt>
      <trkpt lat="26.949421" lon="120.33017"><ele>317</ele></trkpt>
      <trkpt lat="26.949426" lon="120.330183"><ele>317</ele></trkpt>
      <trkpt lat="26.94943" lon="120.330195"><ele>318</ele></trkpt>
      <trkpt lat="26.949433" lon="120.33021"><ele>318</ele></trkpt>
      <trkpt lat="26.949436" lon="120.330228"><ele>318</ele></trkpt>
      <trkpt lat="26.94944" lon="120.330246"><ele>318</ele></trkpt>
      <trkpt lat="26.949442" lon="120.330265"><ele>318</ele></trkpt>
      <trkpt lat="26.949444" lon="120.330284"><ele>318</ele></trkpt>
      <trkpt lat="26.949447" lon="120.330304"><ele>318</ele></trkpt>
      <trkpt lat="26.949451" lon="120.330324"><ele>318</ele></trkpt>
      <trkpt lat="26.949455" lon="120.330344"><ele>318</ele></trkpt>
      <trkpt lat="26.949458" lon="120.330366"><ele>318</ele></trkpt>
      <trkpt lat="26.949462" lon="120.330389"><ele>318</ele></trkpt>
      <trkpt lat="26.949467" lon="120.330411"><ele>318</ele></trkpt>
      <trkpt lat="26.949473" lon="120.33043"><ele>318</ele></trkpt>
      <trkpt lat="26.94948" lon="120.330451"><ele>319</ele></trkpt>
      <trkpt lat="26.949487" lon="120.33047"><ele>319</ele></trkpt>
      <trkpt lat="26.949497" lon="120.33049"><ele>319</ele></trkpt>
      <trkpt lat="26.949507" lon="120.330511"><ele>319</ele></trkpt>
      <trkpt lat="26.949515" lon="120.330531"><ele>320</ele></trkpt>
      <trkpt lat="26.949522" lon="120.330551"><ele>320</ele></trkpt>
      <trkpt lat="26.949528" lon="120.33057"><ele>320</ele></trkpt>
      <trkpt lat="26.949532" lon="120.330589"><ele>320</ele></trkpt>
      <trkpt lat="26.949533" lon="120.330608"><ele>321</ele></trkpt>
      <trkpt lat="26.949535" lon="120.330628"><ele>321</ele></trkpt>
      <trkpt lat="26.949537" lon="120.330651"><ele>321</ele></trkpt>
      <trkpt lat="26.949538" lon="120.330675"><ele>322</ele></trkpt>
      <trkpt lat="26.949539" lon="120.330699"><ele>322</ele></trkpt>
      <trkpt lat="26.949539" lon="120.33072"><ele>322</ele></trkpt>
      <trkpt lat="26.949539" lon="120.330742"><ele>322</ele></trkpt>
      <trkpt lat="26.94954" lon="120.330762"><ele>322</ele></trkpt>
      <trkpt lat="26.94954" lon="120.330776"><ele>323</ele></trkpt>
      <trkpt lat="26.949542" lon="120.33078"><ele>323</ele></trkpt>
      <trkpt lat="26.949541" lon="120.330785"><ele>323</ele></trkpt>
      <trkpt lat="26.949534" lon="120.33083"><ele>323</ele></trkpt>
      <trkpt lat="26.949534" lon="120.33083"><ele>323</ele></trkpt>
      <trkpt lat="26.949534" lon="120.330836"><ele>323</ele></trkpt>
      <trkpt lat="26.949536" lon="120.33089"><ele>323</ele></trkpt>
      <trkpt lat="26.949538" lon="120.330915"><ele>323</ele></trkpt>
      <trkpt lat="26.94954" lon="120.330941"><ele>323</ele></trkpt>
      <trkpt lat="26.949543" lon="120.330963"><ele>323</ele></trkpt>
      <trkpt lat="26.949546" lon="120.330982"><ele>324</ele></trkpt>
      <trkpt lat="26.949549" lon="120.330996"><ele>325</ele></trkpt>
      <trkpt lat="26.949554" lon="120.331009"><ele>325</ele></trkpt>
      <trkpt lat="26.94956" lon="120.331025"><ele>326</ele></trkpt>
      <trkpt lat="26.949564" lon="120.331038"><ele>326</ele></trkpt>
      <trkpt lat="26.94957" lon="120.331052"><ele>327</ele></trkpt>
      <trkpt lat="26.949578" lon="120.331068"><ele>327</ele></trkpt>
      <trkpt lat="26.949589" lon="120.331084"><ele>327</ele></trkpt>
      <trkpt lat="26.949601" lon="120.331099"><ele>327</ele></trkpt>
      <trkpt lat="26.949612" lon="120.331111"><ele>327</ele></trkpt>
      <trkpt lat="26.949622" lon="120.331126"><ele>327</ele></trkpt>
      <trkpt lat="26.94963" lon="120.331141"><ele>327</ele></trkpt>
      <trkpt lat="26.949637" lon="120.331155"><ele>327</ele></trkpt>
      <trkpt lat="26.949643" lon="120.331169"><ele>327</ele></trkpt>
      <trkpt lat="26.94965" lon="120.331188"><ele>327</ele></trkpt>
      <trkpt lat="26.949657" lon="120.331209"><ele>327</ele></trkpt>
      <trkpt lat="26.949663" lon="120.33123"><ele>327</ele></trkpt>
      <trkpt lat="26.949669" lon="120.33125"><ele>327</ele></trkpt>
      <trkpt lat="26.949673" lon="120.331268"><ele>327</ele></trkpt>
      <trkpt lat="26.94968" lon="120.331284"><ele>327</ele></trkpt>
      <trkpt lat="26.949687" lon="120.3313"><ele>327</ele></trkpt>
      <trkpt lat="26.949696" lon="120.331317"><ele>327</ele></trkpt>
      <trkpt lat="26.949704" lon="120.331331"><ele>328</ele></trkpt>
      <trkpt lat="26.94971" lon="120.331341"><ele>328</ele></trkpt>
      <trkpt lat="26.949717" lon="120.331352"><ele>328</ele></trkpt>
      <trkpt lat="26.949723" lon="120.331365"><ele>328</ele></trkpt>
      <trkpt lat="26.949726" lon="120.331377"><ele>328</ele></trkpt>
      <trkpt lat="26.949729" lon="120.33139"><ele>328</ele></trkpt>
      <trkpt lat="26.949733" lon="120.331405"><ele>329</ele></trkpt>
      <trkpt lat="26.949733" lon="120.33142"><ele>329</ele></trkpt>
      <trkpt lat="26.949729" lon="120.331436"><ele>329</ele></trkpt>
      <trkpt lat="26.949724" lon="120.331451"><ele>329</ele></trkpt>
      <trkpt lat="26.949718" lon="120.331472"><ele>329</ele></trkpt>
      <trkpt lat="26.949714" lon="120.331494"><ele>329</ele></trkpt>
      <trkpt lat="26.94971" lon="120.331518"><ele>329</ele></trkpt>
      <trkpt lat="26.949709" lon="120.331541"><ele>329</ele></trkpt>
      <trkpt lat="26.949711" lon="120.331564"><ele>330</ele></trkpt>
      <trkpt lat="26.949714" lon="120.331586"><ele>330</ele></trkpt>
      <trkpt lat="26.949719" lon="120.331608"><ele>330</ele></trkpt>
      <trkpt lat="26.949723" lon="120.331629"><ele>330</ele></trkpt>
      <trkpt lat="26.949728" lon="120.331653"><ele>330</ele></trkpt>
      <trkpt lat="26.949732" lon="120.331676"><ele>331</ele></trkpt>
      <trkpt lat="26.949736" lon="120.331695"><ele>331</ele></trkpt>
      <trkpt lat="26.94974" lon="120.331717"><ele>331</ele></trkpt>
      <trkpt lat="26.949744" lon="120.331738"><ele>331</ele></trkpt>
      <trkpt lat="26.94975" lon="120.33176"><ele>332</ele></trkpt>
      <trkpt lat="26.949756" lon="120.331782"><ele>332</ele></trkpt>
      <trkpt lat="26.949762" lon="120.331803"><ele>332</ele></trkpt>
      <trkpt lat="26.949767" lon="120.331825"><ele>332</ele></trkpt>
      <trkpt lat="26.949771" lon="120.331845"><ele>332</ele></trkpt>
      <trkpt lat="26.949772" lon="120.331853"><ele>332</ele></trkpt>
      <trkpt lat="26.949772" lon="120.331856"><ele>332</ele></trkpt>
      <trkpt lat="26.949782" lon="120.331894"><ele>333</ele></trkpt>
      <trkpt lat="26.949794" lon="120.33194"><ele>333</ele></trkpt>
      <trkpt lat="26.949794" lon="120.33194"><ele>333</ele></trkpt>
      <trkpt lat="26.949796" lon="120.331945"><ele>333</ele></trkpt>
      <trkpt lat="26.949814" lon="120.331996"><ele>333</ele></trkpt>
      <trkpt lat="26.949822" lon="120.332021"><ele>333</ele></trkpt>
      <trkpt lat="26.949831" lon="120.332047"><ele>333</ele></trkpt>
      <trkpt lat="26.949839" lon="120.33207"><ele>333</ele></trkpt>
      <trkpt lat="26.94985" lon="120.332096"><ele>333</ele></trkpt>
      <trkpt lat="26.94986" lon="120.332123"><ele>333</ele></trkpt>
      <trkpt lat="26.94987" lon="120.332145"><ele>332</ele></trkpt>
      <trkpt lat="26.949876" lon="120.332166"><ele>332</ele></trkpt>
      <trkpt lat="26.94988" lon="120.332188"><ele>332</ele></trkpt>
      <trkpt lat="26.949882" lon="120.332217"><ele>332</ele></trkpt>
      <trkpt lat="26.949888" lon="120.332238"><ele>332</ele></trkpt>
      <trkpt lat="26.949894" lon="120.33226"><ele>332</ele></trkpt>
      <trkpt lat="26.949902" lon="120.332281"><ele>332</ele></trkpt>
      <trkpt lat="26.949911" lon="120.332304"><ele>332</ele></trkpt>
      <trkpt lat="26.94992" lon="120.332326"><ele>332</ele></trkpt>
      <trkpt lat="26.94993" lon="120.332347"><ele>332</ele></trkpt>
      <trkpt lat="26.949938" lon="120.332368"><ele>332</ele></trkpt>
      <trkpt lat="26.949943" lon="120.332388"><ele>332</ele></trkpt>
      <trkpt lat="26.949946" lon="120.332408"><ele>331</ele></trkpt>
      <trkpt lat="26.94995" lon="120.332429"><ele>331</ele></trkpt>
      <trkpt lat="26.949956" lon="120.332449"><ele>331</ele></trkpt>
      <trkpt lat="26.949964" lon="120.332471"><ele>331</ele></trkpt>
      <trkpt lat="26.949974" lon="120.332493"><ele>331</ele></trkpt>
      <trkpt lat="26.949984" lon="120.332516"><ele>331</ele></trkpt>
      <trkpt lat="26.949992" lon="120.332537"><ele>332</ele></trkpt>
      <trkpt lat="26.949998" lon="120.332559"><ele>332</ele></trkpt>
      <trkpt lat="26.950002" lon="120.332577"><ele>332</ele></trkpt>
      <trkpt lat="26.950006" lon="120.332597"><ele>332</ele></trkpt>
      <trkpt lat="26.950012" lon="120.332619"><ele>332</ele></trkpt>
      <trkpt lat="26.950017" lon="120.332632"><ele>332</ele></trkpt>
      <trkpt lat="26.950019" lon="120.332642"><ele>332</ele></trkpt>
      <trkpt lat="26.95002" lon="120.332664"><ele>332</ele></trkpt>
      <trkpt lat="26.95002" lon="120.332682"><ele>332</ele></trkpt>
      <trkpt lat="26.95002" lon="120.332704"><ele>332</ele></trkpt>
      <trkpt lat="26.95002" lon="120.332727"><ele>332</ele></trkpt>
      <trkpt lat="26.95002" lon="120.332752"><ele>333</ele></trkpt>
      <trkpt lat="26.95002" lon="120.332777"><ele>333</ele></trkpt>
      <trkpt lat="26.950021" lon="120.332801"><ele>333</ele></trkpt>
      <trkpt lat="26.950022" lon="120.332826"><ele>333</ele></trkpt>
      <trkpt lat="26.950022" lon="120.332848"><ele>333</ele></trkpt>
      <trkpt lat="26.950024" lon="120.332872"><ele>333</ele></trkpt>
      <trkpt lat="26.950027" lon="120.332893"><ele>333</ele></trkpt>
      <trkpt lat="26.95003" lon="120.332915"><ele>334</ele></trkpt>
      <trkpt lat="26.950033" lon="120.332936"><ele>334</ele></trkpt>
      <trkpt lat="26.950037" lon="120.332959"><ele>334</ele></trkpt>
      <trkpt lat="26.950041" lon="120.332981"><ele>335</ele></trkpt>
      <trkpt lat="26.950046" lon="120.333004"><ele>335</ele></trkpt>
      <trkpt lat="26.950051" lon="120.333026"><ele>335</ele></trkpt>
      <trkpt lat="26.950056" lon="120.333048"><ele>335</ele></trkpt>
      <trkpt lat="26.95006" lon="120.33307"><ele>335</ele></trkpt>
      <trkpt lat="26.950063" lon="120.333092"><ele>336</ele></trkpt>
      <trkpt lat="26.950066" lon="120.333114"><ele>336</ele></trkpt>
      <trkpt lat="26.950069" lon="120.333136"><ele>336</ele></trkpt>
      <trkpt lat="26.950071" lon="120.333159"><ele>336</ele></trkpt>
      <trkpt lat="26.950074" lon="120.333182"><ele>336</ele></trkpt>
      <trkpt lat="26.950076" lon="120.333204"><ele>336</ele></trkpt>
      <trkpt lat="26.950076" lon="120.333225"><ele>336</ele></trkpt>
      <trkpt lat="26.950078" lon="120.333246"><ele>336</ele></trkpt>
      <trkpt lat="26.95008" lon="120.33327"><ele>336</ele></trkpt>
      <trkpt lat="26.950081" lon="120.333293"><ele>336</ele></trkpt>
      <trkpt lat="26.950082" lon="120.333317"><ele>336</ele></trkpt>
      <trkpt lat="26.950083" lon="120.333341"><ele>337</ele></trkpt>
      <trkpt lat="26.950085" lon="120.333363"><ele>337</ele></trkpt>
      <trkpt lat="26.950087" lon="120.333384"><ele>337</ele></trkpt>
      <trkpt lat="26.950089" lon="120.333394"><ele>337</ele></trkpt>
      <trkpt lat="26.95009" lon="120.333398"><ele>337</ele></trkpt>
      <trkpt lat="26.950091" lon="120.333417"><ele>337</ele></trkpt>
      <trkpt lat="26.950094" lon="120.333492"><ele>337</ele></trkpt>
      <trkpt lat="26.950094" lon="120.333492"><ele>337</ele></trkpt>
      <trkpt lat="26.950093" lon="120.333498"><ele>337</ele></trkpt>
      <trkpt lat="26.950083" lon="120.333551"><ele>338</ele></trkpt>
      <trkpt lat="26.950078" lon="120.33358"><ele>338</ele></trkpt>
      <trkpt lat="26.950073" lon="120.333607"><ele>338</ele></trkpt>
      <trkpt lat="26.95007" lon="120.33363"><ele>338</ele></trkpt>
      <trkpt lat="26.950066" lon="120.333648"><ele>339</ele></trkpt>
      <trkpt lat="26.950063" lon="120.333666"><ele>340</ele></trkpt>
      <trkpt lat="26.950058" lon="120.333684"><ele>340</ele></trkpt>
      <trkpt lat="26.950051" lon="120.333707"><ele>341</ele></trkpt>
      <trkpt lat="26.950044" lon="120.333726"><ele>341</ele></trkpt>
      <trkpt lat="26.950041" lon="120.333735"><ele>342</ele></trkpt>
      <trkpt lat="26.950035" lon="120.333747"><ele>342</ele></trkpt>
      <trkpt lat="26.950029" lon="120.333765"><ele>342</ele></trkpt>
      <trkpt lat="26.950024" lon="120.333782"><ele>342</ele></trkpt>
      <trkpt lat="26.950019" lon="120.333799"><ele>342</ele></trkpt>
      <trkpt lat="26.950017" lon="120.333818"><ele>342</ele></trkpt>
      <trkpt lat="26.950018" lon="120.333842"><ele>342</ele></trkpt>
      <trkpt lat="26.950017" lon="120.333865"><ele>342</ele></trkpt>
      <trkpt lat="26.950015" lon="120.333892"><ele>342</ele></trkpt>
      <trkpt lat="26.950012" lon="120.33392"><ele>343</ele></trkpt>
      <trkpt lat="26.950008" lon="120.333945"><ele>343</ele></trkpt>
      <trkpt lat="26.950002" lon="120.333971"><ele>343</ele></trkpt>
      <trkpt lat="26.949995" lon="120.333998"><ele>343</ele></trkpt>
      <trkpt lat="26.949987" lon="120.334023"><ele>343</ele></trkpt>
      <trkpt lat="26.949981" lon="120.334045"><ele>343</ele></trkpt>
      <trkpt lat="26.949977" lon="120.334065"><ele>343</ele></trkpt>
      <trkpt lat="26.949976" lon="120.334087"><ele>344</ele></trkpt>
      <trkpt lat="26.949974" lon="120.334108"><ele>344</ele></trkpt>
      <trkpt lat="26.949971" lon="120.33413"><ele>344</ele></trkpt>
      <trkpt lat="26.949969" lon="120.334157"><ele>344</ele></trkpt>
      <trkpt lat="26.949968" lon="120.334182"><ele>344</ele></trkpt>
      <trkpt lat="26.949967" lon="120.334204"><ele>344</ele></trkpt>
      <trkpt lat="26.949965" lon="120.334228"><ele>344</ele></trkpt>
      <trkpt lat="26.949962" lon="120.334248"><ele>344</ele></trkpt>
      <trkpt lat="26.949958" lon="120.334269"><ele>344</ele></trkpt>
      <trkpt lat="26.949953" lon="120.334289"><ele>344</ele></trkpt>
      <trkpt lat="26.949948" lon="120.334307"><ele>344</ele></trkpt>
      <trkpt lat="26.949944" lon="120.334325"><ele>344</ele></trkpt>
      <trkpt lat="26.949939" lon="120.334345"><ele>344</ele></trkpt>
      <trkpt lat="26.949936" lon="120.334365"><ele>344</ele></trkpt>
      <trkpt lat="26.949935" lon="120.334391"><ele>344</ele></trkpt>
      <trkpt lat="26.949934" lon="120.334418"><ele>344</ele></trkpt>
      <trkpt lat="26.949931" lon="120.334443"><ele>344</ele></trkpt>
      <trkpt lat="26.949928" lon="120.334468"><ele>345</ele></trkpt>
      <trkpt lat="26.949923" lon="120.334495"><ele>345</ele></trkpt>
      <trkpt lat="26.949919" lon="120.334522"><ele>345</ele></trkpt>
      <trkpt lat="26.949914" lon="120.334548"><ele>345</ele></trkpt>
      <trkpt lat="26.949911" lon="120.334574"><ele>345</ele></trkpt>
      <trkpt lat="26.949906" lon="120.334599"><ele>345</ele></trkpt>
      <trkpt lat="26.949901" lon="120.334623"><ele>345</ele></trkpt>
      <trkpt lat="26.949895" lon="120.334645"><ele>345</ele></trkpt>
      <trkpt lat="26.949889" lon="120.334667"><ele>345</ele></trkpt>
      <trkpt lat="26.949882" lon="120.334688"><ele>345</ele></trkpt>
      <trkpt lat="26.949874" lon="120.334712"><ele>345</ele></trkpt>
      <trkpt lat="26.949868" lon="120.334735"><ele>345</ele></trkpt>
      <trkpt lat="26.949862" lon="120.334758"><ele>345</ele></trkpt>
      <trkpt lat="26.949859" lon="120.33478"><ele>346</ele></trkpt>
      <trkpt lat="26.949854" lon="120.334805"><ele>346</ele></trkpt>
      <trkpt lat="26.949847" lon="120.334832"><ele>346</ele></trkpt>
      <trkpt lat="26.949841" lon="120.334855"><ele>346</ele></trkpt>
      <trkpt lat="26.949834" lon="120.334878"><ele>346</ele></trkpt>
      <trkpt lat="26.949828" lon="120.3349"><ele>346</ele></trkpt>
      <trkpt lat="26.949821" lon="120.334922"><ele>347</ele></trkpt>
      <trkpt lat="26.949813" lon="120.334944"><ele>347</ele></trkpt>
      <trkpt lat="26.949807" lon="120.334968"><ele>347</ele></trkpt>
      <trkpt lat="26.949803" lon="120.334995"><ele>347</ele></trkpt>
      <trkpt lat="26.949799" lon="120.335017"><ele>347</ele></trkpt>
      <trkpt lat="26.949793" lon="120.33504"><ele>347</ele></trkpt>
      <trkpt lat="26.949786" lon="120.335061"><ele>347</ele></trkpt>
      <trkpt lat="26.949781" lon="120.335076"><ele>348</ele></trkpt>
      <trkpt lat="26.949776" lon="120.335083"><ele>348</ele></trkpt>
      <trkpt lat="26.949748" lon="120.335123"><ele>348</ele></trkpt>
      <trkpt lat="26.949748" lon="120.335123"><ele>348</ele></trkpt>
      <trkpt lat="26.949745" lon="120.335128"><ele>348</ele></trkpt>
      <trkpt lat="26.949714" lon="120.335175"><ele>348</ele></trkpt>
      <trkpt lat="26.949698" lon="120.335197"><ele>348</ele></trkpt>
      <trkpt lat="26.949685" lon="120.335215"><ele>348</ele></trkpt>
      <trkpt lat="26.949679" lon="120.335222"><ele>348</ele></trkpt>
      <trkpt lat="26.949678" lon="120.335225"><ele>348</ele></trkpt>
      <trkpt lat="26.949667" lon="120.33524"><ele>348</ele></trkpt>
      <trkpt lat="26.949646" lon="120.335272"><ele>348</ele></trkpt>
      <trkpt lat="26.949645" lon="120.335272"><ele>348</ele></trkpt>
      <trkpt lat="26.949642" lon="120.335277"><ele>348</ele></trkpt>
      <trkpt lat="26.949616" lon="120.335319"><ele>348</ele></trkpt>
      <trkpt lat="26.9496" lon="120.335339"><ele>348</ele></trkpt>
      <trkpt lat="26.949585" lon="120.335358"><ele>348</ele></trkpt>
      <trkpt lat="26.94957" lon="120.335378"><ele>348</ele></trkpt>
      <trkpt lat="26.949558" lon="120.335397"><ele>348</ele></trkpt>
      <trkpt lat="26.949548" lon="120.335417"><ele>348</ele></trkpt>
      <trkpt lat="26.949538" lon="120.335436"><ele>348</ele></trkpt>
      <trkpt lat="26.949529" lon="120.335454"><ele>348</ele></trkpt>
      <trkpt lat="26.949521" lon="120.33547"><ele>348</ele></trkpt>
      <trkpt lat="26.949514" lon="120.335487"><ele>348</ele></trkpt>
      <trkpt lat="26.949506" lon="120.335506"><ele>348</ele></trkpt>
      <trkpt lat="26.949499" lon="120.335522"><ele>348</ele></trkpt>
      <trkpt lat="26.949493" lon="120.33554"><ele>348</ele></trkpt>
      <trkpt lat="26.949487" lon="120.335559"><ele>349</ele></trkpt>
      <trkpt lat="26.949481" lon="120.335579"><ele>349</ele></trkpt>
      <trkpt lat="26.949476" lon="120.335596"><ele>349</ele></trkpt>
      <trkpt lat="26.949471" lon="120.335615"><ele>349</ele></trkpt>
      <trkpt lat="26.949466" lon="120.335629"><ele>349</ele></trkpt>
      <trkpt lat="26.949459" lon="120.335643"><ele>349</ele></trkpt>
      <trkpt lat="26.94945" lon="120.335659"><ele>349</ele></trkpt>
      <trkpt lat="26.94944" lon="120.335675"><ele>349</ele></trkpt>
      <trkpt lat="26.94943" lon="120.335692"><ele>349</ele></trkpt>
      <trkpt lat="26.949422" lon="120.335709"><ele>349</ele></trkpt>
      <trkpt lat="26.949416" lon="120.335724"><ele>349</ele></trkpt>
      <trkpt lat="26.949414" lon="120.335732"><ele>349</ele></trkpt>
      <trkpt lat="26.949413" lon="120.335737"><ele>349</ele></trkpt>
      <trkpt lat="26.949403" lon="120.335785"><ele>349</ele></trkpt>
      <trkpt lat="26.949403" lon="120.335785"><ele>350</ele></trkpt>
      <trkpt lat="26.949402" lon="120.33579"><ele>350</ele></trkpt>
      <trkpt lat="26.949389" lon="120.335843"><ele>350</ele></trkpt>
      <trkpt lat="26.949382" lon="120.335872"><ele>351</ele></trkpt>
      <trkpt lat="26.949375" lon="120.3359"><ele>351</ele></trkpt>
      <trkpt lat="26.949368" lon="120.335928"><ele>351</ele></trkpt>
      <trkpt lat="26.949361" lon="120.335953"><ele>351</ele></trkpt>
      <trkpt lat="26.949355" lon="120.335978"><ele>352</ele></trkpt>
      <trkpt lat="26.94935" lon="120.336003"><ele>352</ele></trkpt>
      <trkpt lat="26.949344" lon="120.336026"><ele>352</ele></trkpt>
      <trkpt lat="26.949337" lon="120.336049"><ele>352</ele></trkpt>
      <trkpt lat="26.94933" lon="120.336073"><ele>352</ele></trkpt>
      <trkpt lat="26.949324" lon="120.336092"><ele>352</ele></trkpt>
      <trkpt lat="26.949318" lon="120.336114"><ele>352</ele></trkpt>
      <trkpt lat="26.949313" lon="120.336136"><ele>352</ele></trkpt>
      <trkpt lat="26.949308" lon="120.336159"><ele>352</ele></trkpt>
      <trkpt lat="26.949303" lon="120.336182"><ele>352</ele></trkpt>
      <trkpt lat="26.949298" lon="120.336205"><ele>352</ele></trkpt>
      <trkpt lat="26.949292" lon="120.33623"><ele>352</ele></trkpt>
      <trkpt lat="26.949286" lon="120.336253"><ele>352</ele></trkpt>
      <trkpt lat="26.94928" lon="120.336274"><ele>352</ele></trkpt>
      <trkpt lat="26.949274" lon="120.336298"><ele>351</ele></trkpt>
      <trkpt lat="26.94927" lon="120.336323"><ele>351</ele></trkpt>
      <trkpt lat="26.949268" lon="120.336348"><ele>351</ele></trkpt>
      <trkpt lat="26.949266" lon="120.336372"><ele>351</ele></trkpt>
      <trkpt lat="26.949265" lon="120.336397"><ele>351</ele></trkpt>
      <trkpt lat="26.949264" lon="120.33642"><ele>351</ele></trkpt>
      <trkpt lat="26.949261" lon="120.336447"><ele>351</ele></trkpt>
      <trkpt lat="26.949256" lon="120.336474"><ele>351</ele></trkpt>
      <trkpt lat="26.94925" lon="120.336499"><ele>351</ele></trkpt>
      <trkpt lat="26.949243" lon="120.336525"><ele>351</ele></trkpt>
      <trkpt lat="26.949234" lon="120.336548"><ele>351</ele></trkpt>
      <trkpt lat="26.949226" lon="120.336567"><ele>351</ele></trkpt>
      <trkpt lat="26.949218" lon="120.336579"><ele>351</ele></trkpt>
      <trkpt lat="26.949211" lon="120.336587"><ele>351</ele></trkpt>
      <trkpt lat="26.949205" lon="120.336592"><ele>351</ele></trkpt>
      <trkpt lat="26.949195" lon="120.336603"><ele>351</ele></trkpt>
      <trkpt lat="26.949184" lon="120.336613"><ele>351</ele></trkpt>
      <trkpt lat="26.949176" lon="120.33662"><ele>352</ele></trkpt>
      <trkpt lat="26.949168" lon="120.336626"><ele>352</ele></trkpt>
      <trkpt lat="26.949155" lon="120.336639"><ele>352</ele></trkpt>
      <trkpt lat="26.949141" lon="120.336653"><ele>353</ele></trkpt>
      <trkpt lat="26.949125" lon="120.336669"><ele>353</ele></trkpt>
      <trkpt lat="26.949115" lon="120.336678"><ele>353</ele></trkpt>
      <trkpt lat="26.949103" lon="120.336688"><ele>353</ele></trkpt>
      <trkpt lat="26.949092" lon="120.336696"><ele>354</ele></trkpt>
      <trkpt lat="26.949083" lon="120.336704"><ele>354</ele></trkpt>
      <trkpt lat="26.949073" lon="120.336714"><ele>354</ele></trkpt>
      <trkpt lat="26.949062" lon="120.336727"><ele>355</ele></trkpt>
      <trkpt lat="26.949052" lon="120.336741"><ele>355</ele></trkpt>
      <trkpt lat="26.949041" lon="120.336757"><ele>355</ele></trkpt>
      <trkpt lat="26.949034" lon="120.336771"><ele>355</ele></trkpt>
      <trkpt lat="26.949025" lon="120.336786"><ele>355</ele></trkpt>
      <trkpt lat="26.949013" lon="120.336803"><ele>356</ele></trkpt>
      <trkpt lat="26.949003" lon="120.336817"><ele>356</ele></trkpt>
      <trkpt lat="26.948995" lon="120.336829"><ele>357</ele></trkpt>
      <trkpt lat="26.948983" lon="120.336845"><ele>357</ele></trkpt>
      <trkpt lat="26.948972" lon="120.336859"><ele>358</ele></trkpt>
      <trkpt lat="26.948962" lon="120.336869"><ele>358</ele></trkpt>
      <trkpt lat="26.948952" lon="120.33688"><ele>358</ele></trkpt>
      <trkpt lat="26.948938" lon="120.336894"><ele>358</ele></trkpt>
      <trkpt lat="26.948925" lon="120.336909"><ele>358</ele></trkpt>
      <trkpt lat="26.948912" lon="120.336926"><ele>358</ele></trkpt>
      <trkpt lat="26.9489" lon="120.336945"><ele>359</ele></trkpt>
      <trkpt lat="26.948887" lon="120.336967"><ele>359</ele></trkpt>
      <trkpt lat="26.948874" lon="120.336986"><ele>359</ele></trkpt>
      <trkpt lat="26.948863" lon="120.337005"><ele>359</ele></trkpt>
      <trkpt lat="26.94885" lon="120.337026"><ele>359</ele></trkpt>
      <trkpt lat="26.948837" lon="120.337044"><ele>359</ele></trkpt>
      <trkpt lat="26.948822" lon="120.337063"><ele>359</ele></trkpt>
      <trkpt lat="26.948807" lon="120.337079"><ele>359</ele></trkpt>
      <trkpt lat="26.948794" lon="120.337094"><ele>359</ele></trkpt>
      <trkpt lat="26.94878" lon="120.337109"><ele>359</ele></trkpt>
      <trkpt lat="26.948766" lon="120.337121"><ele>359</ele></trkpt>
      <trkpt lat="26.948751" lon="120.337136"><ele>359</ele></trkpt>
      <trkpt lat="26.948738" lon="120.337148"><ele>358</ele></trkpt>
      <trkpt lat="26.948724" lon="120.337163"><ele>358</ele></trkpt>
      <trkpt lat="26.948711" lon="120.337178"><ele>357</ele></trkpt>
      <trkpt lat="26.948695" lon="120.337192"><ele>357</ele></trkpt>
      <trkpt lat="26.948681" lon="120.3372"><ele>356</ele></trkpt>
      <trkpt lat="26.948666" lon="120.337206"><ele>356</ele></trkpt>
      <trkpt lat="26.94865" lon="120.337212"><ele>356</ele></trkpt>
      <trkpt lat="26.948628" lon="120.337215"><ele>355</ele></trkpt>
      <trkpt lat="26.948608" lon="120.337219"><ele>355</ele></trkpt>
      <trkpt lat="26.948591" lon="120.337224"><ele>355</ele></trkpt>
      <trkpt lat="26.948571" lon="120.337235"><ele>355</ele></trkpt>
      <trkpt lat="26.94855" lon="120.337251"><ele>354</ele></trkpt>
      <trkpt lat="26.948531" lon="120.337268"><ele>354</ele></trkpt>
      <trkpt lat="26.94851" lon="120.337287"><ele>353</ele></trkpt>
      <trkpt lat="26.948491" lon="120.337308"><ele>353</ele></trkpt>
      <trkpt lat="26.948473" lon="120.337332"><ele>353</ele></trkpt>
      <trkpt lat="26.948462" lon="120.337351"><ele>353</ele></trkpt>
      <trkpt lat="26.948451" lon="120.337373"><ele>353</ele></trkpt>
      <trkpt lat="26.948443" lon="120.337397"><ele>353</ele></trkpt>
      <trkpt lat="26.948435" lon="120.337419"><ele>353</ele></trkpt>
      <trkpt lat="26.948425" lon="120.337443"><ele>352</ele></trkpt>
      <trkpt lat="26.948413" lon="120.337467"><ele>352</ele></trkpt>
      <trkpt lat="26.948399" lon="120.33749"><ele>352</ele></trkpt>
      <trkpt lat="26.948383" lon="120.337513"><ele>352</ele></trkpt>
      <trkpt lat="26.948371" lon="120.337535"><ele>351</ele></trkpt>
      <trkpt lat="26.948361" lon="120.337557"><ele>351</ele></trkpt>
      <trkpt lat="26.948355" lon="120.337579"><ele>350</ele></trkpt>
      <trkpt lat="26.948352" lon="120.337589"><ele>350</ele></trkpt>
      <trkpt lat="26.948347" lon="120.337601"><ele>350</ele></trkpt>
      <trkpt lat="26.948339" lon="120.337613"><ele>350</ele></trkpt>
      <trkpt lat="26.948333" lon="120.337616"><ele>350</ele></trkpt>
      <trkpt lat="26.948315" lon="120.337626"><ele>350</ele></trkpt>
      <trkpt lat="26.948301" lon="120.337632"><ele>350</ele></trkpt>
      <trkpt lat="26.948292" lon="120.337639"><ele>350</ele></trkpt>
      <trkpt lat="26.948284" lon="120.337649"><ele>350</ele></trkpt>
      <trkpt lat="26.948279" lon="120.337664"><ele>350</ele></trkpt>
      <trkpt lat="26.948274" lon="120.337687"><ele>350</ele></trkpt>
      <trkpt lat="26.948271" lon="120.337702"><ele>350</ele></trkpt>
      <trkpt lat="26.948269" lon="120.337722"><ele>351</ele></trkpt>
      <trkpt lat="26.948271" lon="120.337738"><ele>351</ele></trkpt>
      <trkpt lat="26.948278" lon="120.337756"><ele>351</ele></trkpt>
      <trkpt lat="26.948285" lon="120.337769"><ele>351</ele></trkpt>
      <trkpt lat="26.948292" lon="120.337788"><ele>351</ele></trkpt>
      <trkpt lat="26.948297" lon="120.33781"><ele>351</ele></trkpt>
      <trkpt lat="26.948299" lon="120.337831"><ele>351</ele></trkpt>
      <trkpt lat="26.9483" lon="120.337858"><ele>351</ele></trkpt>
      <trkpt lat="26.948302" lon="120.337889"><ele>350</ele></trkpt>
      <trkpt lat="26.948307" lon="120.337916"><ele>350</ele></trkpt>
      <trkpt lat="26.948312" lon="120.337943"><ele>350</ele></trkpt>
      <trkpt lat="26.94832" lon="120.337966"><ele>350</ele></trkpt>
      <trkpt lat="26.94833" lon="120.337987"><ele>350</ele></trkpt>
      <trkpt lat="26.948344" lon="120.338011"><ele>350</ele></trkpt>
      <trkpt lat="26.94836" lon="120.338037"><ele>350</ele></trkpt>
      <trkpt lat="26.948377" lon="120.338063"><ele>350</ele></trkpt>
      <trkpt lat="26.948391" lon="120.338089"><ele>350</ele></trkpt>
      <trkpt lat="26.948405" lon="120.338114"><ele>350</ele></trkpt>
      <trkpt lat="26.948417" lon="120.33814"><ele>350</ele></trkpt>
      <trkpt lat="26.948428" lon="120.338164"><ele>350</ele></trkpt>
      <trkpt lat="26.948439" lon="120.33819"><ele>350</ele></trkpt>
      <trkpt lat="26.948452" lon="120.338215"><ele>350</ele></trkpt>
      <trkpt lat="26.948462" lon="120.338238"><ele>350</ele></trkpt>
      <trkpt lat="26.948471" lon="120.338262"><ele>350</ele></trkpt>
      <trkpt lat="26.948475" lon="120.338288"><ele>349</ele></trkpt>
      <trkpt lat="26.948475" lon="120.338314"><ele>349</ele></trkpt>
      <trkpt lat="26.94847" lon="120.338339"><ele>348</ele></trkpt>
      <trkpt lat="26.948462" lon="120.338359"><ele>348</ele></trkpt>
      <trkpt lat="26.948452" lon="120.338373"><ele>347</ele></trkpt>
      <trkpt lat="26.948438" lon="120.338386"><ele>347</ele></trkpt>
      <trkpt lat="26.94842" lon="120.338398"><ele>346</ele></trkpt>
      <trkpt lat="26.948409" lon="120.338404"><ele>346</ele></trkpt>
      <trkpt lat="26.948403" lon="120.338405"><ele>345</ele></trkpt>
      <trkpt lat="26.948382" lon="120.338409"><ele>345</ele></trkpt>
      <trkpt lat="26.948373" lon="120.338412"><ele>345</ele></trkpt>
      <trkpt lat="26.948354" lon="120.33842"><ele>345</ele></trkpt>
      <trkpt lat="26.948334" lon="120.33843"><ele>345</ele></trkpt>
      <trkpt lat="26.94831" lon="120.33844"><ele>345</ele></trkpt>
      <trkpt lat="26.948287" lon="120.338446"><ele>345</ele></trkpt>
      <trkpt lat="26.948266" lon="120.33845"><ele>345</ele></trkpt>
      <trkpt lat="26.948242" lon="120.338455"><ele>346</ele></trkpt>
      <trkpt lat="26.948223" lon="120.338461"><ele>346</ele></trkpt>
      <trkpt lat="26.948207" lon="120.338469"><ele>347</ele></trkpt>
      <trkpt lat="26.948191" lon="120.338479"><ele>347</ele></trkpt>
      <trkpt lat="26.948175" lon="120.33849"><ele>347</ele></trkpt>
      <trkpt lat="26.948158" lon="120.3385"><ele>348</ele></trkpt>
      <trkpt lat="26.94814" lon="120.338512"><ele>348</ele></trkpt>
      <trkpt lat="26.948122" lon="120.338523"><ele>348</ele></trkpt>
      <trkpt lat="26.948103" lon="120.338531"><ele>349</ele></trkpt>
      <trkpt lat="26.948087" lon="120.338536"><ele>349</ele></trkpt>
      <trkpt lat="26.948071" lon="120.33854"><ele>349</ele></trkpt>
      <trkpt lat="26.948053" lon="120.338545"><ele>350</ele></trkpt>
      <trkpt lat="26.948036" lon="120.338551"><ele>350</ele></trkpt>
      <trkpt lat="26.94802" lon="120.338558"><ele>350</ele></trkpt>
      <trkpt lat="26.948005" lon="120.338566"><ele>351</ele></trkpt>
      <trkpt lat="26.947995" lon="120.338576"><ele>351</ele></trkpt>
      <trkpt lat="26.947988" lon="120.338592"><ele>351</ele></trkpt>
      <trkpt lat="26.947987" lon="120.338611"><ele>352</ele></trkpt>
      <trkpt lat="26.947989" lon="120.338633"><ele>352</ele></trkpt>
      <trkpt lat="26.947995" lon="120.33865"><ele>352</ele></trkpt>
      <trkpt lat="26.948002" lon="120.338666"><ele>352</ele></trkpt>
      <trkpt lat="26.948012" lon="120.338682"><ele>352</ele></trkpt>
      <trkpt lat="26.94802" lon="120.338699"><ele>353</ele></trkpt>
      <trkpt lat="26.94803" lon="120.338717"><ele>353</ele></trkpt>
      <trkpt lat="26.948041" lon="120.338734"><ele>353</ele></trkpt>
      <trkpt lat="26.948054" lon="120.33875"><ele>353</ele></trkpt>
      <trkpt lat="26.948068" lon="120.338766"><ele>353</ele></trkpt>
      <trkpt lat="26.948086" lon="120.338783"><ele>353</ele></trkpt>
      <trkpt lat="26.948106" lon="120.338805"><ele>353</ele></trkpt>
      <trkpt lat="26.948124" lon="120.338828"><ele>353</ele></trkpt>
      <trkpt lat="26.948141" lon="120.338851"><ele>353</ele></trkpt>
      <trkpt lat="26.948157" lon="120.338874"><ele>353</ele></trkpt>
      <trkpt lat="26.948173" lon="120.338898"><ele>353</ele></trkpt>
      <trkpt lat="26.948187" lon="120.338921"><ele>353</ele></trkpt>
      <trkpt lat="26.948199" lon="120.338945"><ele>352</ele></trkpt>
      <trkpt lat="26.94821" lon="120.338969"><ele>352</ele></trkpt>
      <trkpt lat="26.948219" lon="120.338994"><ele>352</ele></trkpt>
      <trkpt lat="26.948227" lon="120.339017"><ele>352</ele></trkpt>
      <trkpt lat="26.948233" lon="120.339041"><ele>351</ele></trkpt>
      <trkpt lat="26.948236" lon="120.339065"><ele>351</ele></trkpt>
      <trkpt lat="26.948236" lon="120.339091"><ele>351</ele></trkpt>
      <trkpt lat="26.948233" lon="120.339115"><ele>351</ele></trkpt>
      <trkpt lat="26.948231" lon="120.339141"><ele>351</ele></trkpt>
      <trkpt lat="26.948235" lon="120.339165"><ele>351</ele></trkpt>
      <trkpt lat="26.948245" lon="120.339188"><ele>351</ele></trkpt>
      <trkpt lat="26.94826" lon="120.33921"><ele>351</ele></trkpt>
      <trkpt lat="26.948277" lon="120.339231"><ele>351</ele></trkpt>
      <trkpt lat="26.948295" lon="120.339252"><ele>351</ele></trkpt>
      <trkpt lat="26.948311" lon="120.33927"><ele>351</ele></trkpt>
      <trkpt lat="26.948327" lon="120.339288"><ele>352</ele></trkpt>
      <trkpt lat="26.948344" lon="120.339305"><ele>352</ele></trkpt>
      <trkpt lat="26.948361" lon="120.339323"><ele>352</ele></trkpt>
      <trkpt lat="26.94838" lon="120.33934"><ele>352</ele></trkpt>
      <trkpt lat="26.948397" lon="120.339358"><ele>352</ele></trkpt>
      <trkpt lat="26.948415" lon="120.339376"><ele>352</ele></trkpt>
      <trkpt lat="26.94843" lon="120.339395"><ele>351</ele></trkpt>
      <trkpt lat="26.948442" lon="120.339415"><ele>351</ele></trkpt>
      <trkpt lat="26.948452" lon="120.339439"><ele>351</ele></trkpt>
      <trkpt lat="26.948459" lon="120.339464"><ele>351</ele></trkpt>
      <trkpt lat="26.948462" lon="120.33949"><ele>351</ele></trkpt>
      <trkpt lat="26.948461" lon="120.339515"><ele>350</ele></trkpt>
      <trkpt lat="26.948454" lon="120.339532"><ele>350</ele></trkpt>
      <trkpt lat="26.948441" lon="120.33955"><ele>350</ele></trkpt>
      <trkpt lat="26.948423" lon="120.339566"><ele>350</ele></trkpt>
      <trkpt lat="26.948403" lon="120.339579"><ele>350</ele></trkpt>
      <trkpt lat="26.948379" lon="120.33959"><ele>349</ele></trkpt>
      <trkpt lat="26.948353" lon="120.339601"><ele>349</ele></trkpt>
      <trkpt lat="26.948329" lon="120.339612"><ele>349</ele></trkpt>
      <trkpt lat="26.948305" lon="120.339625"><ele>348</ele></trkpt>
      <trkpt lat="26.948281" lon="120.339638"><ele>348</ele></trkpt>
      <trkpt lat="26.948261" lon="120.339651"><ele>348</ele></trkpt>
      <trkpt lat="26.948241" lon="120.339666"><ele>348</ele></trkpt>
      <trkpt lat="26.948222" lon="120.339682"><ele>348</ele></trkpt>
      <trkpt lat="26.948206" lon="120.3397"><ele>348</ele></trkpt>
      <trkpt lat="26.94819" lon="120.339722"><ele>348</ele></trkpt>
      <trkpt lat="26.948178" lon="120.339744"><ele>349</ele></trkpt>
      <trkpt lat="26.948167" lon="120.339772"><ele>349</ele></trkpt>
      <trkpt lat="26.948155" lon="120.339799"><ele>350</ele></trkpt>
      <trkpt lat="26.948147" lon="120.339825"><ele>350</ele></trkpt>
      <trkpt lat="26.948139" lon="120.339852"><ele>351</ele></trkpt>
      <trkpt lat="26.948131" lon="120.33988"><ele>351</ele></trkpt>
      <trkpt lat="26.948123" lon="120.339909"><ele>352</ele></trkpt>
      <trkpt lat="26.948113" lon="120.339931"><ele>352</ele></trkpt>
      <trkpt lat="26.948105" lon="120.339939"><ele>352</ele></trkpt>
      <trkpt lat="26.9481" lon="120.339941"><ele>353</ele></trkpt>
      <trkpt lat="26.948092" lon="120.339949"><ele>353</ele></trkpt>
      <trkpt lat="26.948083" lon="120.339963"><ele>353</ele></trkpt>
      <trkpt lat="26.948073" lon="120.33998"><ele>353</ele></trkpt>
      <trkpt lat="26.948063" lon="120.339997"><ele>353</ele></trkpt>
      <trkpt lat="26.948053" lon="120.340015"><ele>353</ele></trkpt>
      <trkpt lat="26.94804" lon="120.340035"><ele>353</ele></trkpt>
      <trkpt lat="26.948028" lon="120.34005"><ele>353</ele></trkpt>
      <trkpt lat="26.948017" lon="120.340068"><ele>353</ele></trkpt>
      <trkpt lat="26.948004" lon="120.340089"><ele>353</ele></trkpt>
      <trkpt lat="26.947991" lon="120.340113"><ele>353</ele></trkpt>
      <trkpt lat="26.947979" lon="120.340134"><ele>353</ele></trkpt>
      <trkpt lat="26.947968" lon="120.340156"><ele>353</ele></trkpt>
      <trkpt lat="26.947958" lon="120.340177"><ele>353</ele></trkpt>
      <trkpt lat="26.947946" lon="120.340201"><ele>353</ele></trkpt>
      <trkpt lat="26.947932" lon="120.340224"><ele>353</ele></trkpt>
      <trkpt lat="26.947919" lon="120.340245"><ele>353</ele></trkpt>
      <trkpt lat="26.947904" lon="120.340266"><ele>353</ele></trkpt>
      <trkpt lat="26.947889" lon="120.340288"><ele>353</ele></trkpt>
      <trkpt lat="26.947876" lon="120.34031"><ele>353</ele></trkpt>
      <trkpt lat="26.947863" lon="120.34033"><ele>353</ele></trkpt>
      <trkpt lat="26.947849" lon="120.34035"><ele>353</ele></trkpt>
      <trkpt lat="26.947837" lon="120.340368"><ele>353</ele></trkpt>
      <trkpt lat="26.947828" lon="120.340385"><ele>353</ele></trkpt>
      <trkpt lat="26.947821" lon="120.340402"><ele>353</ele></trkpt>
      <trkpt lat="26.947815" lon="120.340422"><ele>353</ele></trkpt>
      <trkpt lat="26.947808" lon="120.340446"><ele>353</ele></trkpt>
      <trkpt lat="26.947801" lon="120.340471"><ele>353</ele></trkpt>
      <trkpt lat="26.94779" lon="120.340499"><ele>353</ele></trkpt>
      <trkpt lat="26.947778" lon="120.340522"><ele>353</ele></trkpt>
      <trkpt lat="26.947765" lon="120.340543"><ele>353</ele></trkpt>
      <trkpt lat="26.947751" lon="120.340565"><ele>353</ele></trkpt>
      <trkpt lat="26.947738" lon="120.340584"><ele>353</ele></trkpt>
      <trkpt lat="26.947723" lon="120.340603"><ele>353</ele></trkpt>
      <trkpt lat="26.947706" lon="120.340619"><ele>353</ele></trkpt>
      <trkpt lat="26.947688" lon="120.340633"><ele>353</ele></trkpt>
      <trkpt lat="26.947667" lon="120.340645"><ele>353</ele></trkpt>
      <trkpt lat="26.947646" lon="120.340656"><ele>353</ele></trkpt>
      <trkpt lat="26.947625" lon="120.340668"><ele>353</ele></trkpt>
      <trkpt lat="26.947602" lon="120.340682"><ele>353</ele></trkpt>
      <trkpt lat="26.94758" lon="120.340695"><ele>353</ele></trkpt>
      <trkpt lat="26.947561" lon="120.34071"><ele>353</ele></trkpt>
      <trkpt lat="26.947543" lon="120.340726"><ele>353</ele></trkpt>
      <trkpt lat="26.947526" lon="120.340746"><ele>353</ele></trkpt>
      <trkpt lat="26.947512" lon="120.340767"><ele>353</ele></trkpt>
      <trkpt lat="26.947501" lon="120.340791"><ele>354</ele></trkpt>
      <trkpt lat="26.947492" lon="120.340816"><ele>354</ele></trkpt>
      <trkpt lat="26.947485" lon="120.340843"><ele>354</ele></trkpt>
      <trkpt lat="26.947485" lon="120.340868"><ele>354</ele></trkpt>
      <trkpt lat="26.947489" lon="120.340889"><ele>355</ele></trkpt>
      <trkpt lat="26.947498" lon="120.34091"><ele>355</ele></trkpt>
      <trkpt lat="26.947509" lon="120.340929"><ele>355</ele></trkpt>
      <trkpt lat="26.947522" lon="120.340948"><ele>355</ele></trkpt>
      <trkpt lat="26.947535" lon="120.340968"><ele>355</ele></trkpt>
      <trkpt lat="26.947548" lon="120.34099"><ele>355</ele></trkpt>
      <trkpt lat="26.947556" lon="120.341012"><ele>355</ele></trkpt>
      <trkpt lat="26.947558" lon="120.341035"><ele>355</ele></trkpt>
      <trkpt lat="26.947553" lon="120.341058"><ele>355</ele></trkpt>
      <trkpt lat="26.947541" lon="120.341079"><ele>355</ele></trkpt>
      <trkpt lat="26.947524" lon="120.341101"><ele>355</ele></trkpt>
      <trkpt lat="26.947504" lon="120.34112"><ele>355</ele></trkpt>
      <trkpt lat="26.947483" lon="120.341137"><ele>354</ele></trkpt>
      <trkpt lat="26.947461" lon="120.341154"><ele>354</ele></trkpt>
      <trkpt lat="26.947439" lon="120.34117"><ele>353</ele></trkpt>
      <trkpt lat="26.947416" lon="120.341188"><ele>353</ele></trkpt>
      <trkpt lat="26.947394" lon="120.341205"><ele>353</ele></trkpt>
      <trkpt lat="26.947378" lon="120.34122"><ele>353</ele></trkpt>
      <trkpt lat="26.947366" lon="120.341238"><ele>353</ele></trkpt>
      <trkpt lat="26.947358" lon="120.341259"><ele>353</ele></trkpt>
      <trkpt lat="26.947351" lon="120.341282"><ele>353</ele></trkpt>
      <trkpt lat="26.947346" lon="120.341309"><ele>353</ele></trkpt>
      <trkpt lat="26.94734" lon="120.341337"><ele>354</ele></trkpt>
      <trkpt lat="26.947333" lon="120.341362"><ele>354</ele></trkpt>
      <trkpt lat="26.947326" lon="120.341383"><ele>354</ele></trkpt>
      <trkpt lat="26.947316" lon="120.341401"><ele>354</ele></trkpt>
      <trkpt lat="26.947305" lon="120.341419"><ele>354</ele></trkpt>
      <trkpt lat="26.947292" lon="120.34144"><ele>354</ele></trkpt>
      <trkpt lat="26.947279" lon="120.341461"><ele>354</ele></trkpt>
      <trkpt lat="26.947269" lon="120.341484"><ele>354</ele></trkpt>
      <trkpt lat="26.947263" lon="120.341507"><ele>354</ele></trkpt>
      <trkpt lat="26.947262" lon="120.34153"><ele>354</ele></trkpt>
      <trkpt lat="26.947264" lon="120.341551"><ele>354</ele></trkpt>
      <trkpt lat="26.947268" lon="120.34157"><ele>354</ele></trkpt>
      <trkpt lat="26.947274" lon="120.34159"><ele>354</ele></trkpt>
      <trkpt lat="26.94728" lon="120.341613"><ele>354</ele></trkpt>
      <trkpt lat="26.947284" lon="120.341636"><ele>354</ele></trkpt>
      <trkpt lat="26.947286" lon="120.341658"><ele>354</ele></trkpt>
      <trkpt lat="26.947286" lon="120.341683"><ele>355</ele></trkpt>
      <trkpt lat="26.947285" lon="120.341709"><ele>355</ele></trkpt>
      <trkpt lat="26.947285" lon="120.341736"><ele>355</ele></trkpt>
      <trkpt lat="26.947283" lon="120.341765"><ele>355</ele></trkpt>
      <trkpt lat="26.947283" lon="120.34179"><ele>355</ele></trkpt>
      <trkpt lat="26.947284" lon="120.341816"><ele>355</ele></trkpt>
      <trkpt lat="26.947285" lon="120.341843"><ele>355</ele></trkpt>
      <trkpt lat="26.947282" lon="120.341869"><ele>355</ele></trkpt>
      <trkpt lat="26.947277" lon="120.341892"><ele>354</ele></trkpt>
      <trkpt lat="26.947269" lon="120.341914"><ele>354</ele></trkpt>
      <trkpt lat="26.947257" lon="120.341936"><ele>354</ele></trkpt>
      <trkpt lat="26.947243" lon="120.341957"><ele>354</ele></trkpt>
      <trkpt lat="26.947231" lon="120.341973"><ele>354</ele></trkpt>
      <trkpt lat="26.947224" lon="120.341981"><ele>353</ele></trkpt>
      <trkpt lat="26.947216" lon="120.341992"><ele>353</ele></trkpt>
      <trkpt lat="26.947209" lon="120.342007"><ele>353</ele></trkpt>
      <trkpt lat="26.947203" lon="120.342024"><ele>353</ele></trkpt>
      <trkpt lat="26.947197" lon="120.342042"><ele>353</ele></trkpt>
      <trkpt lat="26.947192" lon="120.34206"><ele>353</ele></trkpt>
      <trkpt lat="26.94719" lon="120.342072"><ele>353</ele></trkpt>
      <trkpt lat="26.947191" lon="120.342079"><ele>353</ele></trkpt>
      <trkpt lat="26.947191" lon="120.342104"><ele>354</ele></trkpt>
      <trkpt lat="26.94719" lon="120.342124"><ele>354</ele></trkpt>
      <trkpt lat="26.947188" lon="120.342145"><ele>354</ele></trkpt>
      <trkpt lat="26.947185" lon="120.342169"><ele>354</ele></trkpt>
      <trkpt lat="26.94718" lon="120.342195"><ele>354</ele></trkpt>
      <trkpt lat="26.947175" lon="120.342218"><ele>354</ele></trkpt>
      <trkpt lat="26.947174" lon="120.342239"><ele>354</ele></trkpt>
      <trkpt lat="26.947178" lon="120.342257"><ele>354</ele></trkpt>
      <trkpt lat="26.947188" lon="120.342273"><ele>354</ele></trkpt>
      <trkpt lat="26.947203" lon="120.342288"><ele>354</ele></trkpt>
      <trkpt lat="26.947222" lon="120.342302"><ele>354</ele></trkpt>
      <trkpt lat="26.947243" lon="120.342316"><ele>354</ele></trkpt>
      <trkpt lat="26.947261" lon="120.342329"><ele>355</ele></trkpt>
      <trkpt lat="26.947277" lon="120.342343"><ele>355</ele></trkpt>
      <trkpt lat="26.947296" lon="120.342358"><ele>355</ele></trkpt>
      <trkpt lat="26.947317" lon="120.342373"><ele>355</ele></trkpt>
      <trkpt lat="26.947339" lon="120.342384"><ele>356</ele></trkpt>
      <trkpt lat="26.947358" lon="120.342391"><ele>356</ele></trkpt>
      <trkpt lat="26.947374" lon="120.342396"><ele>356</ele></trkpt>
      <trkpt lat="26.947385" lon="120.3424"><ele>357</ele></trkpt>
      <trkpt lat="26.947397" lon="120.342407"><ele>357</ele></trkpt>
      <trkpt lat="26.947413" lon="120.342416"><ele>358</ele></trkpt>
      <trkpt lat="26.947426" lon="120.342426"><ele>358</ele></trkpt>
      <trkpt lat="26.947438" lon="120.34244"><ele>358</ele></trkpt>
      <trkpt lat="26.94745" lon="120.342455"><ele>358</ele></trkpt>
      <trkpt lat="26.947463" lon="120.342468"><ele>358</ele></trkpt>
      <trkpt lat="26.947481" lon="120.342483"><ele>358</ele></trkpt>
      <trkpt lat="26.947499" lon="120.342495"><ele>358</ele></trkpt>
      <trkpt lat="26.947518" lon="120.342504"><ele>358</ele></trkpt>
      <trkpt lat="26.947539" lon="120.342514"><ele>358</ele></trkpt>
      <trkpt lat="26.947559" lon="120.342523"><ele>359</ele></trkpt>
      <trkpt lat="26.947577" lon="120.342533"><ele>359</ele></trkpt>
      <trkpt lat="26.947595" lon="120.342543"><ele>360</ele></trkpt>
      <trkpt lat="26.947605" lon="120.34255"><ele>360</ele></trkpt>
      <trkpt lat="26.947607" lon="120.342553"><ele>361</ele></trkpt>
      <trkpt lat="26.947616" lon="120.342578"><ele>361</ele></trkpt>
      <trkpt lat="26.947624" lon="120.342593"><ele>361</ele></trkpt>
      <trkpt lat="26.94763" lon="120.342606"><ele>362</ele></trkpt>
      <trkpt lat="26.947653" lon="120.342655"><ele>362</ele></trkpt>
      <trkpt lat="26.947653" lon="120.342655"><ele>362</ele></trkpt>
      <trkpt lat="26.947653" lon="120.342657"><ele>363</ele></trkpt>
      <trkpt lat="26.947646" lon="120.342696"><ele>363</ele></trkpt>
      <trkpt lat="26.947644" lon="120.342707"><ele>364</ele></trkpt>
      <trkpt lat="26.947644" lon="120.34272"><ele>365</ele></trkpt>
      <trkpt lat="26.947644" lon="120.342734"><ele>365</ele></trkpt>
      <trkpt lat="26.947642" lon="120.342755"><ele>365</ele></trkpt>
      <trkpt lat="26.947637" lon="120.342776"><ele>365</ele></trkpt>
      <trkpt lat="26.947636" lon="120.342793"><ele>366</ele></trkpt>
      <trkpt lat="26.94764" lon="120.342812"><ele>366</ele></trkpt>
      <trkpt lat="26.947645" lon="120.342835"><ele>367</ele></trkpt>
      <trkpt lat="26.947652" lon="120.342859"><ele>367</ele></trkpt>
      <trkpt lat="26.947657" lon="120.342883"><ele>368</ele></trkpt>
      <trkpt lat="26.947661" lon="120.342906"><ele>368</ele></trkpt>
      <trkpt lat="26.94766" lon="120.342931"><ele>368</ele></trkpt>
      <trkpt lat="26.947656" lon="120.342951"><ele>368</ele></trkpt>
      <trkpt lat="26.947649" lon="120.342971"><ele>368</ele></trkpt>
      <trkpt lat="26.947641" lon="120.342989"><ele>368</ele></trkpt>
      <trkpt lat="26.947631" lon="120.343008"><ele>368</ele></trkpt>
      <trkpt lat="26.947622" lon="120.343023"><ele>368</ele></trkpt>
      <trkpt lat="26.947611" lon="120.343039"><ele>368</ele></trkpt>
      <trkpt lat="26.947602" lon="120.343057"><ele>368</ele></trkpt>
      <trkpt lat="26.947594" lon="120.343077"><ele>368</ele></trkpt>
      <trkpt lat="26.947586" lon="120.343097"><ele>368</ele></trkpt>
      <trkpt lat="26.947579" lon="120.343115"><ele>369</ele></trkpt>
      <trkpt lat="26.947571" lon="120.343133"><ele>369</ele></trkpt>
      <trkpt lat="26.947565" lon="120.343149"><ele>369</ele></trkpt>
      <trkpt lat="26.947559" lon="120.343164"><ele>370</ele></trkpt>
      <trkpt lat="26.94755" lon="120.343183"><ele>370</ele></trkpt>
      <trkpt lat="26.947543" lon="120.343202"><ele>370</ele></trkpt>
      <trkpt lat="26.947538" lon="120.343219"><ele>370</ele></trkpt>
      <trkpt lat="26.947536" lon="120.343238"><ele>370</ele></trkpt>
      <trkpt lat="26.947535" lon="120.343259"><ele>371</ele></trkpt>
      <trkpt lat="26.947537" lon="120.343282"><ele>371</ele></trkpt>
      <trkpt lat="26.947541" lon="120.343304"><ele>372</ele></trkpt>
      <trkpt lat="26.947546" lon="120.343323"><ele>372</ele></trkpt>
      <trkpt lat="26.947551" lon="120.343341"><ele>372</ele></trkpt>
      <trkpt lat="26.947554" lon="120.343359"><ele>372</ele></trkpt>
      <trkpt lat="26.947557" lon="120.343376"><ele>373</ele></trkpt>
      <trkpt lat="26.947561" lon="120.343396"><ele>373</ele></trkpt>
      <trkpt lat="26.947562" lon="120.343414"><ele>373</ele></trkpt>
      <trkpt lat="26.947558" lon="120.343433"><ele>373</ele></trkpt>
      <trkpt lat="26.947553" lon="120.343451"><ele>373</ele></trkpt>
      <trkpt lat="26.947547" lon="120.343471"><ele>373</ele></trkpt>
      <trkpt lat="26.94754" lon="120.34349"><ele>373</ele></trkpt>
      <trkpt lat="26.947533" lon="120.343506"><ele>373</ele></trkpt>
      <trkpt lat="26.947525" lon="120.343525"><ele>373</ele></trkpt>
      <trkpt lat="26.947519" lon="120.343544"><ele>374</ele></trkpt>
      <trkpt lat="26.947516" lon="120.343564"><ele>374</ele></trkpt>
      <trkpt lat="26.947512" lon="120.343587"><ele>375</ele></trkpt>
      <trkpt lat="26.947508" lon="120.343604"><ele>375</ele></trkpt>
      <trkpt lat="26.947507" lon="120.34362"><ele>376</ele></trkpt>
      <trkpt lat="26.947508" lon="120.343642"><ele>377</ele></trkpt>
      <trkpt lat="26.947509" lon="120.343668"><ele>377</ele></trkpt>
      <trkpt lat="26.947511" lon="120.343692"><ele>377</ele></trkpt>
      <trkpt lat="26.947513" lon="120.343714"><ele>378</ele></trkpt>
      <trkpt lat="26.947515" lon="120.34374"><ele>378</ele></trkpt>
      <trkpt lat="26.947517" lon="120.343768"><ele>378</ele></trkpt>
      <trkpt lat="26.947518" lon="120.343796"><ele>378</ele></trkpt>
      <trkpt lat="26.947517" lon="120.343825"><ele>378</ele></trkpt>
      <trkpt lat="26.947516" lon="120.343848"><ele>378</ele></trkpt>
      <trkpt lat="26.947514" lon="120.34387"><ele>378</ele></trkpt>
      <trkpt lat="26.947513" lon="120.34389"><ele>378</ele></trkpt>
      <trkpt lat="26.947512" lon="120.343911"><ele>378</ele></trkpt>
      <trkpt lat="26.947513" lon="120.343932"><ele>378</ele></trkpt>
      <trkpt lat="26.947514" lon="120.343952"><ele>378</ele></trkpt>
      <trkpt lat="26.947517" lon="120.343971"><ele>378</ele></trkpt>
      <trkpt lat="26.947519" lon="120.343996"><ele>378</ele></trkpt>
      <trkpt lat="26.947521" lon="120.344018"><ele>378</ele></trkpt>
      <trkpt lat="26.94752" lon="120.344042"><ele>378</ele></trkpt>
      <trkpt lat="26.947518" lon="120.344061"><ele>378</ele></trkpt>
      <trkpt lat="26.947518" lon="120.344082"><ele>378</ele></trkpt>
      <trkpt lat="26.947521" lon="120.344106"><ele>379</ele></trkpt>
      <trkpt lat="26.947524" lon="120.344128"><ele>379</ele></trkpt>
      <trkpt lat="26.94753" lon="120.344151"><ele>379</ele></trkpt>
      <trkpt lat="26.947536" lon="120.344173"><ele>379</ele></trkpt>
      <trkpt lat="26.947542" lon="120.344194"><ele>379</ele></trkpt>
      <trkpt lat="26.947548" lon="120.344217"><ele>379</ele></trkpt>
      <trkpt lat="26.947556" lon="120.344244"><ele>379</ele></trkpt>
      <trkpt lat="26.947563" lon="120.344268"><ele>379</ele></trkpt>
      <trkpt lat="26.947569" lon="120.344294"><ele>379</ele></trkpt>
      <trkpt lat="26.947575" lon="120.34432"><ele>379</ele></trkpt>
      <trkpt lat="26.947581" lon="120.344347"><ele>379</ele></trkpt>
      <trkpt lat="26.947583" lon="120.34437"><ele>380</ele></trkpt>
      <trkpt lat="26.947584" lon="120.344393"><ele>380</ele></trkpt>
      <trkpt lat="26.947584" lon="120.344419"><ele>380</ele></trkpt>
      <trkpt lat="26.947584" lon="120.344442"><ele>380</ele></trkpt>
      <trkpt lat="26.947589" lon="120.344461"><ele>380</ele></trkpt>
      <trkpt lat="26.9476" lon="120.344482"><ele>381</ele></trkpt>
      <trkpt lat="26.947616" lon="120.344503"><ele>381</ele></trkpt>
      <trkpt lat="26.947637" lon="120.344525"><ele>381</ele></trkpt>
      <trkpt lat="26.947655" lon="120.344543"><ele>382</ele></trkpt>
      <trkpt lat="26.947674" lon="120.34456"><ele>382</ele></trkpt>
      <trkpt lat="26.947692" lon="120.344575"><ele>382</ele></trkpt>
      <trkpt lat="26.947707" lon="120.344594"><ele>382</ele></trkpt>
      <trkpt lat="26.947721" lon="120.344608"><ele>382</ele></trkpt>
      <trkpt lat="26.947738" lon="120.344623"><ele>381</ele></trkpt>
      <trkpt lat="26.947754" lon="120.344637"><ele>381</ele></trkpt>
      <trkpt lat="26.947768" lon="120.344654"><ele>380</ele></trkpt>
      <trkpt lat="26.94778" lon="120.344673"><ele>380</ele></trkpt>
      <trkpt lat="26.947787" lon="120.344691"><ele>380</ele></trkpt>
      <trkpt lat="26.947792" lon="120.344713"><ele>379</ele></trkpt>
      <trkpt lat="26.947794" lon="120.344736"><ele>379</ele></trkpt>
      <trkpt lat="26.947791" lon="120.344759"><ele>379</ele></trkpt>
      <trkpt lat="26.947784" lon="120.344783"><ele>378</ele></trkpt>
      <trkpt lat="26.947775" lon="120.344804"><ele>378</ele></trkpt>
      <trkpt lat="26.947763" lon="120.344824"><ele>378</ele></trkpt>
      <trkpt lat="26.94775" lon="120.344843"><ele>378</ele></trkpt>
      <trkpt lat="26.947735" lon="120.344865"><ele>378</ele></trkpt>
      <trkpt lat="26.947721" lon="120.34489"><ele>379</ele></trkpt>
      <trkpt lat="26.947711" lon="120.344916"><ele>379</ele></trkpt>
      <trkpt lat="26.947705" lon="120.344944"><ele>379</ele></trkpt>
      <trkpt lat="26.947705" lon="120.344967"><ele>380</ele></trkpt>
      <trkpt lat="26.947709" lon="120.344992"><ele>380</ele></trkpt>
      <trkpt lat="26.947715" lon="120.345017"><ele>381</ele></trkpt>
      <trkpt lat="26.94772" lon="120.345046"><ele>381</ele></trkpt>
      <trkpt lat="26.947724" lon="120.345076"><ele>382</ele></trkpt>
      <trkpt lat="26.947724" lon="120.345106"><ele>382</ele></trkpt>
      <trkpt lat="26.947723" lon="120.345134"><ele>382</ele></trkpt>
      <trkpt lat="26.947721" lon="120.345159"><ele>382</ele></trkpt>
      <trkpt lat="26.947723" lon="120.345186"><ele>383</ele></trkpt>
      <trkpt lat="26.94773" lon="120.345213"><ele>383</ele></trkpt>
      <trkpt lat="26.947737" lon="120.345234"><ele>383</ele></trkpt>
      <trkpt lat="26.947744" lon="120.345242"><ele>383</ele></trkpt>
      <trkpt lat="26.94775" lon="120.345243"><ele>383</ele></trkpt>
      <trkpt lat="26.947781" lon="120.345256"><ele>384</ele></trkpt>
      <trkpt lat="26.947781" lon="120.345257"><ele>384</ele></trkpt>
      <trkpt lat="26.947785" lon="120.345281"><ele>384</ele></trkpt>
      <trkpt lat="26.947786" lon="120.345283"><ele>384</ele></trkpt>
      <trkpt lat="26.947789" lon="120.345288"><ele>384</ele></trkpt>
      <trkpt lat="26.947799" lon="120.345306"><ele>384</ele></trkpt>
      <trkpt lat="26.947815" lon="120.345333"><ele>384</ele></trkpt>
      <trkpt lat="26.947831" lon="120.345359"><ele>384</ele></trkpt>
      <trkpt lat="26.947844" lon="120.345384"><ele>384</ele></trkpt>
      <trkpt lat="26.947855" lon="120.345409"><ele>384</ele></trkpt>
      <trkpt lat="26.94786" lon="120.345434"><ele>384</ele></trkpt>
      <trkpt lat="26.947862" lon="120.34546"><ele>384</ele></trkpt>
      <trkpt lat="26.947861" lon="120.345487"><ele>384</ele></trkpt>
      <trkpt lat="26.947857" lon="120.345514"><ele>384</ele></trkpt>
      <trkpt lat="26.947851" lon="120.34554"><ele>384</ele></trkpt>
      <trkpt lat="26.947844" lon="120.345566"><ele>384</ele></trkpt>
      <trkpt lat="26.947838" lon="120.345589"><ele>384</ele></trkpt>
      <trkpt lat="26.947834" lon="120.34561"><ele>384</ele></trkpt>
      <trkpt lat="26.947829" lon="120.345636"><ele>384</ele></trkpt>
      <trkpt lat="26.947824" lon="120.345661"><ele>384</ele></trkpt>
      <trkpt lat="26.94782" lon="120.345684"><ele>384</ele></trkpt>
      <trkpt lat="26.947815" lon="120.345708"><ele>383</ele></trkpt>
      <trkpt lat="26.94781" lon="120.345732"><ele>383</ele></trkpt>
      <trkpt lat="26.947803" lon="120.345755"><ele>383</ele></trkpt>
      <trkpt lat="26.947795" lon="120.345777"><ele>383</ele></trkpt>
      <trkpt lat="26.947788" lon="120.3458"><ele>383</ele></trkpt>
      <trkpt lat="26.947784" lon="120.345824"><ele>383</ele></trkpt>
      <trkpt lat="26.947781" lon="120.345851"><ele>383</ele></trkpt>
      <trkpt lat="26.947781" lon="120.345881"><ele>384</ele></trkpt>
      <trkpt lat="26.947781" lon="120.345913"><ele>384</ele></trkpt>
      <trkpt lat="26.947781" lon="120.345944"><ele>385</ele></trkpt>
      <trkpt lat="26.947784" lon="120.345975"><ele>385</ele></trkpt>
      <trkpt lat="26.94779" lon="120.346005"><ele>385</ele></trkpt>
      <trkpt lat="26.947797" lon="120.346032"><ele>386</ele></trkpt>
      <trkpt lat="26.947807" lon="120.346054"><ele>386</ele></trkpt>
      <trkpt lat="26.94782" lon="120.346075"><ele>386</ele></trkpt>
      <trkpt lat="26.947834" lon="120.346093"><ele>387</ele></trkpt>
      <trkpt lat="26.94785" lon="120.346109"><ele>387</ele></trkpt>
      <trkpt lat="26.947864" lon="120.34612"><ele>388</ele></trkpt>
      <trkpt lat="26.947878" lon="120.346131"><ele>388</ele></trkpt>
      <trkpt lat="26.947894" lon="120.346142"><ele>388</ele></trkpt>
      <trkpt lat="26.94791" lon="120.346153"><ele>388</ele></trkpt>
      <trkpt lat="26.947925" lon="120.346165"><ele>388</ele></trkpt>
      <trkpt lat="26.947942" lon="120.346179"><ele>388</ele></trkpt>
      <trkpt lat="26.947958" lon="120.346195"><ele>388</ele></trkpt>
      <trkpt lat="26.94797" lon="120.346206"><ele>388</ele></trkpt>
      <trkpt lat="26.947983" lon="120.346219"><ele>387</ele></trkpt>
      <trkpt lat="26.947997" lon="120.346231"><ele>387</ele></trkpt>
      <trkpt lat="26.948014" lon="120.34625"><ele>387</ele></trkpt>
      <trkpt lat="26.948027" lon="120.346267"><ele>387</ele></trkpt>
      <trkpt lat="26.948036" lon="120.346279"><ele>387</ele></trkpt>
      <trkpt lat="26.94804" lon="120.346288"><ele>387</ele></trkpt>
      <trkpt lat="26.948047" lon="120.346305"><ele>386</ele></trkpt>
      <trkpt lat="26.948055" lon="120.346326"><ele>386</ele></trkpt>
      <trkpt lat="26.948061" lon="120.346348"><ele>386</ele></trkpt>
      <trkpt lat="26.948065" lon="120.346371"><ele>385</ele></trkpt>
      <trkpt lat="26.948066" lon="120.346397"><ele>385</ele></trkpt>
      <trkpt lat="26.948064" lon="120.346425"><ele>385</ele></trkpt>
      <trkpt lat="26.94806" lon="120.346456"><ele>384</ele></trkpt>
      <trkpt lat="26.948055" lon="120.346487"><ele>384</ele></trkpt>
      <trkpt lat="26.948051" lon="120.346516"><ele>384</ele></trkpt>
      <trkpt lat="26.948048" lon="120.346546"><ele>384</ele></trkpt>
      <trkpt lat="26.948045" lon="120.346577"><ele>384</ele></trkpt>
      <trkpt lat="26.94804" lon="120.346607"><ele>384</ele></trkpt>
      <trkpt lat="26.948034" lon="120.346633"><ele>384</ele></trkpt>
      <trkpt lat="26.948027" lon="120.34666"><ele>384</ele></trkpt>
      <trkpt lat="26.94802" lon="120.346686"><ele>384</ele></trkpt>
      <trkpt lat="26.948013" lon="120.346712"><ele>383</ele></trkpt>
      <trkpt lat="26.948004" lon="120.346737"><ele>383</ele></trkpt>
      <trkpt lat="26.947996" lon="120.346763"><ele>383</ele></trkpt>
      <trkpt lat="26.947985" lon="120.346789"><ele>383</ele></trkpt>
      <trkpt lat="26.947974" lon="120.346814"><ele>383</ele></trkpt>
      <trkpt lat="26.947965" lon="120.346839"><ele>383</ele></trkpt>
      <trkpt lat="26.947955" lon="120.346864"><ele>383</ele></trkpt>
      <trkpt lat="26.947944" lon="120.346888"><ele>383</ele></trkpt>
      <trkpt lat="26.947933" lon="120.346911"><ele>383</ele></trkpt>
      <trkpt lat="26.947922" lon="120.346933"><ele>383</ele></trkpt>
      <trkpt lat="26.947911" lon="120.346955"><ele>383</ele></trkpt>
      <trkpt lat="26.9479" lon="120.346976"><ele>383</ele></trkpt>
      <trkpt lat="26.947888" lon="120.346999"><ele>383</ele></trkpt>
      <trkpt lat="26.947874" lon="120.347022"><ele>383</ele></trkpt>
      <trkpt lat="26.947861" lon="120.347045"><ele>383</ele></trkpt>
      <trkpt lat="26.947846" lon="120.347066"><ele>383</ele></trkpt>
      <trkpt lat="26.94783" lon="120.347085"><ele>383</ele></trkpt>
      <trkpt lat="26.947813" lon="120.347105"><ele>383</ele></trkpt>
      <trkpt lat="26.947795" lon="120.347126"><ele>383</ele></trkpt>
      <trkpt lat="26.947776" lon="120.347145"><ele>383</ele></trkpt>
      <trkpt lat="26.947758" lon="120.347166"><ele>383</ele></trkpt>
      <trkpt lat="26.947741" lon="120.347187"><ele>382</ele></trkpt>
      <trkpt lat="26.947725" lon="120.347207"><ele>382</ele></trkpt>
      <trkpt lat="26.947712" lon="120.347226"><ele>382</ele></trkpt>
      <trkpt lat="26.947698" lon="120.347247"><ele>382</ele></trkpt>
      <trkpt lat="26.947683" lon="120.347271"><ele>382</ele></trkpt>
      <trkpt lat="26.947666" lon="120.347296"><ele>382</ele></trkpt>
      <trkpt lat="26.947649" lon="120.347321"><ele>382</ele></trkpt>
      <trkpt lat="26.947633" lon="120.347346"><ele>382</ele></trkpt>
      <trkpt lat="26.947617" lon="120.34737"><ele>382</ele></trkpt>
      <trkpt lat="26.9476" lon="120.347394"><ele>382</ele></trkpt>
      <trkpt lat="26.947584" lon="120.347416"><ele>381</ele></trkpt>
      <trkpt lat="26.947567" lon="120.347438"><ele>381</ele></trkpt>
      <trkpt lat="26.94755" lon="120.347459"><ele>381</ele></trkpt>
      <trkpt lat="26.947531" lon="120.347479"><ele>381</ele></trkpt>
      <trkpt lat="26.947512" lon="120.3475"><ele>381</ele></trkpt>
      <trkpt lat="26.947494" lon="120.34752"><ele>381</ele></trkpt>
      <trkpt lat="26.947474" lon="120.34754"><ele>381</ele></trkpt>
      <trkpt lat="26.947454" lon="120.347559"><ele>381</ele></trkpt>
      <trkpt lat="26.947433" lon="120.347576"><ele>381</ele></trkpt>
      <trkpt lat="26.947412" lon="120.347592"><ele>380</ele></trkpt>
      <trkpt lat="26.947392" lon="120.34761"><ele>380</ele></trkpt>
      <trkpt lat="26.947373" lon="120.347629"><ele>380</ele></trkpt>
      <trkpt lat="26.947353" lon="120.34765"><ele>380</ele></trkpt>
      <trkpt lat="26.947335" lon="120.347672"><ele>381</ele></trkpt>
      <trkpt lat="26.947321" lon="120.347694"><ele>381</ele></trkpt>
      <trkpt lat="26.947315" lon="120.347711"><ele>381</ele></trkpt>
      <trkpt lat="26.94731" lon="120.347734"><ele>381</ele></trkpt>
      <trkpt lat="26.947304" lon="120.347759"><ele>381</ele></trkpt>
      <trkpt lat="26.947297" lon="120.347783"><ele>381</ele></trkpt>
      <trkpt lat="26.947288" lon="120.347807"><ele>381</ele></trkpt>
      <trkpt lat="26.947276" lon="120.34783"><ele>381</ele></trkpt>
      <trkpt lat="26.94726" lon="120.34785"><ele>381</ele></trkpt>
      <trkpt lat="26.947242" lon="120.347867"><ele>381</ele></trkpt>
      <trkpt lat="26.947221" lon="120.347882"><ele>381</ele></trkpt>
      <trkpt lat="26.947197" lon="120.347893"><ele>380</ele></trkpt>
      <trkpt lat="26.947172" lon="120.347902"><ele>380</ele></trkpt>
      <trkpt lat="26.947146" lon="120.34791"><ele>380</ele></trkpt>
      <trkpt lat="26.94712" lon="120.347918"><ele>380</ele></trkpt>
      <trkpt lat="26.947095" lon="120.347926"><ele>380</ele></trkpt>
      <trkpt lat="26.94707" lon="120.347935"><ele>379</ele></trkpt>
      <trkpt lat="26.947046" lon="120.347945"><ele>379</ele></trkpt>
      <trkpt lat="26.947022" lon="120.347956"><ele>379</ele></trkpt>
      <trkpt lat="26.946998" lon="120.347969"><ele>379</ele></trkpt>
      <trkpt lat="26.946974" lon="120.347983"><ele>378</ele></trkpt>
      <trkpt lat="26.946951" lon="120.347998"><ele>378</ele></trkpt>
      <trkpt lat="26.946928" lon="120.348012"><ele>377</ele></trkpt>
      <trkpt lat="26.946905" lon="120.348026"><ele>377</ele></trkpt>
      <trkpt lat="26.946881" lon="120.348041"><ele>377</ele></trkpt>
      <trkpt lat="26.946858" lon="120.348056"><ele>377</ele></trkpt>
      <trkpt lat="26.946834" lon="120.348072"><ele>377</ele></trkpt>
      <trkpt lat="26.946809" lon="120.348087"><ele>377</ele></trkpt>
      <trkpt lat="26.946784" lon="120.348101"><ele>377</ele></trkpt>
      <trkpt lat="26.946759" lon="120.348116"><ele>376</ele></trkpt>
      <trkpt lat="26.946733" lon="120.34813"><ele>376</ele></trkpt>
      <trkpt lat="26.946707" lon="120.348145"><ele>376</ele></trkpt>
      <trkpt lat="26.94668" lon="120.34816"><ele>376</ele></trkpt>
      <trkpt lat="26.946654" lon="120.348176"><ele>376</ele></trkpt>
      <trkpt lat="26.946633" lon="120.348196"><ele>376</ele></trkpt>
      <trkpt lat="26.946616" lon="120.348219"><ele>376</ele></trkpt>
      <trkpt lat="26.946599" lon="120.348241"><ele>376</ele></trkpt>
      <trkpt lat="26.946583" lon="120.348261"><ele>376</ele></trkpt>
      <trkpt lat="26.946568" lon="120.348277"><ele>376</ele></trkpt>
      <trkpt lat="26.946554" lon="120.348293"><ele>375</ele></trkpt>
      <trkpt lat="26.946537" lon="120.348312"><ele>375</ele></trkpt>
      <trkpt lat="26.946519" lon="120.348327"><ele>375</ele></trkpt>
      <trkpt lat="26.946501" lon="120.34834"><ele>375</ele></trkpt>
      <trkpt lat="26.946486" lon="120.348354"><ele>374</ele></trkpt>
      <trkpt lat="26.946471" lon="120.348371"><ele>374</ele></trkpt>
      <trkpt lat="26.946457" lon="120.348391"><ele>374</ele></trkpt>
      <trkpt lat="26.946443" lon="120.348409"><ele>374</ele></trkpt>
      <trkpt lat="26.946427" lon="120.348424"><ele>374</ele></trkpt>
      <trkpt lat="26.94641" lon="120.348433"><ele>373</ele></trkpt>
      <trkpt lat="26.9464" lon="120.34843"><ele>373</ele></trkpt>
      <trkpt lat="26.946396" lon="120.348424"><ele>373</ele></trkpt>
      <trkpt lat="26.946386" lon="120.348411"><ele>372</ele></trkpt>
      <trkpt lat="26.946371" lon="120.348395"><ele>372</ele></trkpt>
      <trkpt lat="26.946354" lon="120.34838"><ele>372</ele></trkpt>
      <trkpt lat="26.946335" lon="120.348368"><ele>371</ele></trkpt>
      <trkpt lat="26.946313" lon="120.348359"><ele>370</ele></trkpt>
      <trkpt lat="26.94629" lon="120.34835"><ele>370</ele></trkpt>
      <trkpt lat="26.946267" lon="120.34834"><ele>369</ele></trkpt>
      <trkpt lat="26.946244" lon="120.348331"><ele>369</ele></trkpt>
      <trkpt lat="26.946222" lon="120.348321"><ele>369</ele></trkpt>
      <trkpt lat="26.946199" lon="120.348312"><ele>368</ele></trkpt>
      <trkpt lat="26.946175" lon="120.348301"><ele>368</ele></trkpt>
      <trkpt lat="26.946152" lon="120.348288"><ele>368</ele></trkpt>
      <trkpt lat="26.94613" lon="120.348275"><ele>367</ele></trkpt>
      <trkpt lat="26.946109" lon="120.34826"><ele>367</ele></trkpt>
      <trkpt lat="26.946089" lon="120.348244"><ele>366</ele></trkpt>
      <trkpt lat="26.946071" lon="120.348227"><ele>366</ele></trkpt>
      <trkpt lat="26.946053" lon="120.34821"><ele>366</ele></trkpt>
      <trkpt lat="26.946034" lon="120.348194"><ele>365</ele></trkpt>
      <trkpt lat="26.946017" lon="120.34818"><ele>365</ele></trkpt>
      <trkpt lat="26.945999" lon="120.348164"><ele>365</ele></trkpt>
      <trkpt lat="26.945982" lon="120.348148"><ele>365</ele></trkpt>
      <trkpt lat="26.945962" lon="120.348132"><ele>365</ele></trkpt>
      <trkpt lat="26.94594" lon="120.348117"><ele>365</ele></trkpt>
      <trkpt lat="26.945919" lon="120.348105"><ele>365</ele></trkpt>
      <trkpt lat="26.945897" lon="120.348095"><ele>364</ele></trkpt>
      <trkpt lat="26.945873" lon="120.348086"><ele>364</ele></trkpt>
      <trkpt lat="26.94585" lon="120.348079"><ele>364</ele></trkpt>
      <trkpt lat="26.945827" lon="120.348074"><ele>364</ele></trkpt>
      <trkpt lat="26.945803" lon="120.348071"><ele>364</ele></trkpt>
      <trkpt lat="26.945778" lon="120.348069"><ele>364</ele></trkpt>
      <trkpt lat="26.945755" lon="120.348068"><ele>364</ele></trkpt>
      <trkpt lat="26.945731" lon="120.348068"><ele>364</ele></trkpt>
      <trkpt lat="26.945706" lon="120.348067"><ele>363</ele></trkpt>
      <trkpt lat="26.945682" lon="120.348064"><ele>363</ele></trkpt>
      <trkpt lat="26.945659" lon="120.348058"><ele>363</ele></trkpt>
      <trkpt lat="26.945638" lon="120.348051"><ele>363</ele></trkpt>
      <trkpt lat="26.945617" lon="120.348041"><ele>363</ele></trkpt>
      <trkpt lat="26.945598" lon="120.348029"><ele>363</ele></trkpt>
      <trkpt lat="26.945587" lon="120.348018"><ele>362</ele></trkpt>
      <trkpt lat="26.945583" lon="120.348012"><ele>362</ele></trkpt>
      <trkpt lat="26.945582" lon="120.348011"><ele>362</ele></trkpt>
      <trkpt lat="26.945532" lon="120.347988"><ele>362</ele></trkpt>
      <trkpt lat="26.945532" lon="120.347988"><ele>362</ele></trkpt>
      <trkpt lat="26.945526" lon="120.347985"><ele>362</ele></trkpt>
      <trkpt lat="26.945505" lon="120.347974"><ele>362</ele></trkpt>
      <trkpt lat="26.945475" lon="120.347956"><ele>361</ele></trkpt>
      <trkpt lat="26.945444" lon="120.347935"><ele>361</ele></trkpt>
      <trkpt lat="26.945416" lon="120.347915"><ele>361</ele></trkpt>
      <trkpt lat="26.945391" lon="120.347896"><ele>360</ele></trkpt>
      <trkpt lat="26.945368" lon="120.347878"><ele>360</ele></trkpt>
      <trkpt lat="26.945348" lon="120.347859"><ele>360</ele></trkpt>
      <trkpt lat="26.945327" lon="120.347839"><ele>360</ele></trkpt>
      <trkpt lat="26.945307" lon="120.34782"><ele>359</ele></trkpt>
      <trkpt lat="26.945287" lon="120.3478"><ele>359</ele></trkpt>
      <trkpt lat="26.945267" lon="120.347779"><ele>358</ele></trkpt>
      <trkpt lat="26.945248" lon="120.347758"><ele>358</ele></trkpt>
      <trkpt lat="26.945228" lon="120.347738"><ele>358</ele></trkpt>
      <trkpt lat="26.945208" lon="120.347721"><ele>357</ele></trkpt>
      <trkpt lat="26.945189" lon="120.347705"><ele>357</ele></trkpt>
      <trkpt lat="26.945171" lon="120.347693"><ele>357</ele></trkpt>
      <trkpt lat="26.945153" lon="120.347688"><ele>356</ele></trkpt>
      <trkpt lat="26.945142" lon="120.347694"><ele>356</ele></trkpt>
      <trkpt lat="26.945142" lon="120.3477"><ele>356</ele></trkpt>
      <trkpt lat="26.945146" lon="120.347719"><ele>356</ele></trkpt>
      <trkpt lat="26.945157" lon="120.347745"><ele>355</ele></trkpt>
      <trkpt lat="26.945168" lon="120.347772"><ele>355</ele></trkpt>
      <trkpt lat="26.945179" lon="120.3478"><ele>355</ele></trkpt>
      <trkpt lat="26.945184" lon="120.34783"><ele>355</ele></trkpt>
      <trkpt lat="26.94518" lon="120.347834"><ele>355</ele></trkpt>
      <trkpt lat="26.945177" lon="120.347832"><ele>355</ele></trkpt>
      <trkpt lat="26.945161" lon="120.347819"><ele>355</ele></trkpt>
      <trkpt lat="26.945143" lon="120.347803"><ele>354</ele></trkpt>
      <trkpt lat="26.945125" lon="120.347785"><ele>354</ele></trkpt>
      <trkpt lat="26.945107" lon="120.347766"><ele>354</ele></trkpt>
      <trkpt lat="26.94509" lon="120.34775"><ele>354</ele></trkpt>
      <trkpt lat="26.945074" lon="120.347735"><ele>354</ele></trkpt>
      <trkpt lat="26.945065" lon="120.347728"><ele>354</ele></trkpt>
      <trkpt lat="26.945054" lon="120.34772"><ele>354</ele></trkpt>
      <trkpt lat="26.945042" lon="120.34771"><ele>353</ele></trkpt>
      <trkpt lat="26.945025" lon="120.347697"><ele>353</ele></trkpt>
      <trkpt lat="26.945009" lon="120.347683"><ele>353</ele></trkpt>
      <trkpt lat="26.944989" lon="120.347669"><ele>353</ele></trkpt>
      <trkpt lat="26.944967" lon="120.347654"><ele>353</ele></trkpt>
      <trkpt lat="26.944947" lon="120.347641"><ele>352</ele></trkpt>
      <trkpt lat="26.944938" lon="120.347636"><ele>352</ele></trkpt>
      <trkpt lat="26.944925" lon="120.34763"><ele>352</ele></trkpt>
      <trkpt lat="26.944911" lon="120.347621"><ele>351</ele></trkpt>
      <trkpt lat="26.944892" lon="120.347609"><ele>351</ele></trkpt>
      <trkpt lat="26.944873" lon="120.347593"><ele>350</ele></trkpt>
      <trkpt lat="26.944862" lon="120.347579"><ele>350</ele></trkpt>
      <trkpt lat="26.944858" lon="120.347572"><ele>350</ele></trkpt>
      <trkpt lat="26.944856" lon="120.34757"><ele>350</ele></trkpt>
      <trkpt lat="26.94484" lon="120.347562"><ele>350</ele></trkpt>
      <trkpt lat="26.944781" lon="120.347529"><ele>350</ele></trkpt>
      <trkpt lat="26.944781" lon="120.347529"><ele>350</ele></trkpt>
      <trkpt lat="26.944775" lon="120.347526"><ele>350</ele></trkpt>
      <trkpt lat="26.944755" lon="120.347514"><ele>350</ele></trkpt>
      <trkpt lat="26.944723" lon="120.347495"><ele>349</ele></trkpt>
      <trkpt lat="26.94469" lon="120.347477"><ele>349</ele></trkpt>
      <trkpt lat="26.944664" lon="120.347465"><ele>349</ele></trkpt>
      <trkpt lat="26.944649" lon="120.347459"><ele>349</ele></trkpt>
      <trkpt lat="26.944645" lon="120.347456"><ele>349</ele></trkpt>
      <trkpt lat="26.94463" lon="120.347452"><ele>349</ele></trkpt>
      <trkpt lat="26.944557" lon="120.34743"><ele>349</ele></trkpt>
      <trkpt lat="26.944359" lon="120.347368"><ele>349</ele></trkpt>
      <trkpt lat="26.944359" lon="120.347368"><ele>349</ele></trkpt>
      <trkpt lat="26.944352" lon="120.347367"><ele>349</ele></trkpt>
      <trkpt lat="26.944331" lon="120.34736"><ele>349</ele></trkpt>
      <trkpt lat="26.9443" lon="120.347351"><ele>349</ele></trkpt>
      <trkpt lat="26.944266" lon="120.347341"><ele>349</ele></trkpt>
      <trkpt lat="26.944233" lon="120.347332"><ele>349</ele></trkpt>
      <trkpt lat="26.944204" lon="120.347326"><ele>349</ele></trkpt>
      <trkpt lat="26.94418" lon="120.347322"><ele>349</ele></trkpt>
      <trkpt lat="26.944158" lon="120.347325"><ele>349</ele></trkpt>
      <trkpt lat="26.944139" lon="120.347334"><ele>350</ele></trkpt>
      <trkpt lat="26.944122" lon="120.347348"><ele>351</ele></trkpt>
      <trkpt lat="26.944107" lon="120.347365"><ele>351</ele></trkpt>
      <trkpt lat="26.944093" lon="120.347384"><ele>351</ele></trkpt>
      <trkpt lat="26.944079" lon="120.347407"><ele>351</ele></trkpt>
      <trkpt lat="26.944065" lon="120.347431"><ele>351</ele></trkpt>
      <trkpt lat="26.944053" lon="120.347455"><ele>351</ele></trkpt>
      <trkpt lat="26.944042" lon="120.347474"><ele>351</ele></trkpt>
      <trkpt lat="26.944032" lon="120.347492"><ele>351</ele></trkpt>
      <trkpt lat="26.944022" lon="120.34751"><ele>351</ele></trkpt>
      <trkpt lat="26.944011" lon="120.347527"><ele>352</ele></trkpt>
      <trkpt lat="26.943999" lon="120.347546"><ele>352</ele></trkpt>
      <trkpt lat="26.943989" lon="120.347561"><ele>352</ele></trkpt>
      <trkpt lat="26.943979" lon="120.347577"><ele>352</ele></trkpt>
      <trkpt lat="26.943968" lon="120.347592"><ele>352</ele></trkpt>
      <trkpt lat="26.943953" lon="120.347608"><ele>352</ele></trkpt>
      <trkpt lat="26.943938" lon="120.347622"><ele>352</ele></trkpt>
      <trkpt lat="26.943921" lon="120.347636"><ele>352</ele></trkpt>
      <trkpt lat="26.943903" lon="120.347649"><ele>352</ele></trkpt>
      <trkpt lat="26.943884" lon="120.347661"><ele>352</ele></trkpt>
      <trkpt lat="26.943863" lon="120.347673"><ele>352</ele></trkpt>
      <trkpt lat="26.943841" lon="120.347687"><ele>352</ele></trkpt>
      <trkpt lat="26.943821" lon="120.347701"><ele>352</ele></trkpt>
      <trkpt lat="26.9438" lon="120.347714"><ele>352</ele></trkpt>
      <trkpt lat="26.943778" lon="120.347728"><ele>352</ele></trkpt>
      <trkpt lat="26.943757" lon="120.347741"><ele>352</ele></trkpt>
      <trkpt lat="26.943737" lon="120.347754"><ele>352</ele></trkpt>
      <trkpt lat="26.943717" lon="120.347767"><ele>352</ele></trkpt>
      <trkpt lat="26.943696" lon="120.347779"><ele>353</ele></trkpt>
      <trkpt lat="26.943676" lon="120.347792"><ele>353</ele></trkpt>
      <trkpt lat="26.943657" lon="120.347804"><ele>353</ele></trkpt>
      <trkpt lat="26.943637" lon="120.347816"><ele>353</ele></trkpt>
      <trkpt lat="26.943617" lon="120.34783"><ele>353</ele></trkpt>
      <trkpt lat="26.943597" lon="120.347843"><ele>353</ele></trkpt>
      <trkpt lat="26.943576" lon="120.347856"><ele>353</ele></trkpt>
      <trkpt lat="26.943555" lon="120.347868"><ele>353</ele></trkpt>
      <trkpt lat="26.943536" lon="120.347877"><ele>353</ele></trkpt>
      <trkpt lat="26.943516" lon="120.347887"><ele>353</ele></trkpt>
      <trkpt lat="26.943492" lon="120.347897"><ele>353</ele></trkpt>
      <trkpt lat="26.943469" lon="120.347906"><ele>353</ele></trkpt>
      <trkpt lat="26.943446" lon="120.347912"><ele>353</ele></trkpt>
      <trkpt lat="26.943424" lon="120.347917"><ele>353</ele></trkpt>
      <trkpt lat="26.9434" lon="120.34792"><ele>352</ele></trkpt>
      <trkpt lat="26.943377" lon="120.347923"><ele>352</ele></trkpt>
      <trkpt lat="26.943354" lon="120.347925"><ele>352</ele></trkpt>
      <trkpt lat="26.943332" lon="120.347926"><ele>352</ele></trkpt>
      <trkpt lat="26.943311" lon="120.347927"><ele>352</ele></trkpt>
      <trkpt lat="26.943289" lon="120.347927"><ele>352</ele></trkpt>
      <trkpt lat="26.943267" lon="120.347927"><ele>352</ele></trkpt>
      <trkpt lat="26.943245" lon="120.347928"><ele>352</ele></trkpt>
      <trkpt lat="26.943222" lon="120.347927"><ele>351</ele></trkpt>
      <trkpt lat="26.943199" lon="120.347924"><ele>351</ele></trkpt>
      <trkpt lat="26.943176" lon="120.347921"><ele>351</ele></trkpt>
      <trkpt lat="26.943164" lon="120.347925"><ele>351</ele></trkpt>
      <trkpt lat="26.943153" lon="120.347932"><ele>351</ele></trkpt>
      <trkpt lat="26.943143" lon="120.34794"><ele>351</ele></trkpt>
      <trkpt lat="26.94313" lon="120.347949"><ele>351</ele></trkpt>
      <trkpt lat="26.943114" lon="120.347959"><ele>351</ele></trkpt>
      <trkpt lat="26.943101" lon="120.347968"><ele>351</ele></trkpt>
      <trkpt lat="26.943096" lon="120.347973"><ele>351</ele></trkpt>
      <trkpt lat="26.943096" lon="120.347972"><ele>351</ele></trkpt>
      <trkpt lat="26.943086" lon="120.347986"><ele>351</ele></trkpt>
      <trkpt lat="26.94307" lon="120.347999"><ele>351</ele></trkpt>
      <trkpt lat="26.94303" lon="120.348033"><ele>351</ele></trkpt>
      <trkpt lat="26.94303" lon="120.348033"><ele>351</ele></trkpt>
      <trkpt lat="26.943026" lon="120.348036"><ele>351</ele></trkpt>
      <trkpt lat="26.942986" lon="120.34807"><ele>351</ele></trkpt>
      <trkpt lat="26.942966" lon="120.348087"><ele>351</ele></trkpt>
      <trkpt lat="26.942951" lon="120.348104"><ele>351</ele></trkpt>
      <trkpt lat="26.942939" lon="120.348122"><ele>351</ele></trkpt>
      <trkpt lat="26.942929" lon="120.348142"><ele>351</ele></trkpt>
      <trkpt lat="26.942921" lon="120.348163"><ele>352</ele></trkpt>
      <trkpt lat="26.942914" lon="120.348182"><ele>352</ele></trkpt>
      <trkpt lat="26.942907" lon="120.348203"><ele>352</ele></trkpt>
      <trkpt lat="26.942898" lon="120.348224"><ele>352</ele></trkpt>
      <trkpt lat="26.942888" lon="120.348242"><ele>352</ele></trkpt>
      <trkpt lat="26.942876" lon="120.348258"><ele>352</ele></trkpt>
      <trkpt lat="26.942866" lon="120.348269"><ele>352</ele></trkpt>
      <trkpt lat="26.94286" lon="120.348274"><ele>352</ele></trkpt>
      <trkpt lat="26.942853" lon="120.348279"><ele>352</ele></trkpt>
      <trkpt lat="26.942841" lon="120.348288"><ele>352</ele></trkpt>
      <trkpt lat="26.94283" lon="120.348295"><ele>352</ele></trkpt>
      <trkpt lat="26.942816" lon="120.348301"><ele>353</ele></trkpt>
      <trkpt lat="26.942802" lon="120.348304"><ele>353</ele></trkpt>
      <trkpt lat="26.942788" lon="120.348307"><ele>353</ele></trkpt>
      <trkpt lat="26.942777" lon="120.348309"><ele>353</ele></trkpt>
      <trkpt lat="26.942768" lon="120.348312"><ele>353</ele></trkpt>
      <trkpt lat="26.942763" lon="120.348313"><ele>353</ele></trkpt>
      <trkpt lat="26.942739" lon="120.348314"><ele>354</ele></trkpt>
      <trkpt lat="26.942656" lon="120.34832"><ele>354</ele></trkpt>
      <trkpt lat="26.942656" lon="120.34832"><ele>354</ele></trkpt>
      <trkpt lat="26.94265" lon="120.34832"><ele>355</ele></trkpt>
      <trkpt lat="26.942605" lon="120.348324"><ele>355</ele></trkpt>
      <trkpt lat="26.942583" lon="120.348325"><ele>356</ele></trkpt>
      <trkpt lat="26.942565" lon="120.348326"><ele>356</ele></trkpt>
      <trkpt lat="26.942552" lon="120.348326"><ele>356</ele></trkpt>
      <trkpt lat="26.94255" lon="120.348329"><ele>356</ele></trkpt>
      <trkpt lat="26.942536" lon="120.34835"><ele>357</ele></trkpt>
      <trkpt lat="26.942536" lon="120.34835"><ele>357</ele></trkpt>
      <trkpt lat="26.942535" lon="120.348353"><ele>358</ele></trkpt>
      <trkpt lat="26.942532" lon="120.348387"><ele>358</ele></trkpt>
      <trkpt lat="26.942531" lon="120.348408"><ele>359</ele></trkpt>
      <trkpt lat="26.94253" lon="120.348428"><ele>359</ele></trkpt>
      <trkpt lat="26.94253" lon="120.348447"><ele>359</ele></trkpt>
      <trkpt lat="26.94253" lon="120.348467"><ele>359</ele></trkpt>
      <trkpt lat="26.942531" lon="120.348487"><ele>359</ele></trkpt>
      <trkpt lat="26.942531" lon="120.348506"><ele>359</ele></trkpt>
      <trkpt lat="26.942533" lon="120.348525"><ele>359</ele></trkpt>
      <trkpt lat="26.942535" lon="120.348542"><ele>359</ele></trkpt>
      <trkpt lat="26.942535" lon="120.348559"><ele>359</ele></trkpt>
      <trkpt lat="26.942535" lon="120.348579"><ele>360</ele></trkpt>
      <trkpt lat="26.942534" lon="120.348597"><ele>360</ele></trkpt>
      <trkpt lat="26.942533" lon="120.348615"><ele>360</ele></trkpt>
      <trkpt lat="26.94253" lon="120.348633"><ele>360</ele></trkpt>
      <trkpt lat="26.942526" lon="120.348651"><ele>360</ele></trkpt>
      <trkpt lat="26.942518" lon="120.348665"><ele>361</ele></trkpt>
      <trkpt lat="26.942508" lon="120.348671"><ele>361</ele></trkpt>
      <trkpt lat="26.942495" lon="120.348676"><ele>361</ele></trkpt>
      <trkpt lat="26.94249" lon="120.348674"><ele>361</ele></trkpt>
      <trkpt lat="26.942488" lon="120.348673"><ele>362</ele></trkpt>
      <trkpt lat="26.942455" lon="120.348667"><ele>362</ele></trkpt>
      <trkpt lat="26.942431" lon="120.348658"><ele>362</ele></trkpt>
      <trkpt lat="26.942409" lon="120.348645"><ele>362</ele></trkpt>
      <trkpt lat="26.942392" lon="120.348631"><ele>362</ele></trkpt>
      <trkpt lat="26.942374" lon="120.348615"><ele>362</ele></trkpt>
      <trkpt lat="26.942355" lon="120.348599"><ele>363</ele></trkpt>
      <trkpt lat="26.942338" lon="120.348584"><ele>363</ele></trkpt>
      <trkpt lat="26.942325" lon="120.348572"><ele>363</ele></trkpt>
      <trkpt lat="26.942311" lon="120.348558"><ele>363</ele></trkpt>
      <trkpt lat="26.942293" lon="120.34854"><ele>363</ele></trkpt>
      <trkpt lat="26.942277" lon="120.348527"><ele>363</ele></trkpt>
      <trkpt lat="26.942262" lon="120.348517"><ele>363</ele></trkpt>
      <trkpt lat="26.942245" lon="120.348509"><ele>363</ele></trkpt>
      <trkpt lat="26.94223" lon="120.348506"><ele>364</ele></trkpt>
      <trkpt lat="26.942216" lon="120.348506"><ele>364</ele></trkpt>
      <trkpt lat="26.942197" lon="120.348505"><ele>364</ele></trkpt>
      <trkpt lat="26.942181" lon="120.348501"><ele>364</ele></trkpt>
      <trkpt lat="26.942159" lon="120.348498"><ele>364</ele></trkpt>
      <trkpt lat="26.942139" lon="120.348494"><ele>364</ele></trkpt>
      <trkpt lat="26.942114" lon="120.34849"><ele>364</ele></trkpt>
      <trkpt lat="26.942093" lon="120.348487"><ele>364</ele></trkpt>
      <trkpt lat="26.942071" lon="120.348484"><ele>364</ele></trkpt>
      <trkpt lat="26.94205" lon="120.348478"><ele>364</ele></trkpt>
      <trkpt lat="26.942032" lon="120.348473"><ele>364</ele></trkpt>
      <trkpt lat="26.942018" lon="120.34847"><ele>364</ele></trkpt>
      <trkpt lat="26.942013" lon="120.348469"><ele>364</ele></trkpt>
      <trkpt lat="26.941995" lon="120.348464"><ele>364</ele></trkpt>
      <trkpt lat="26.941973" lon="120.348459"><ele>364</ele></trkpt>
      <trkpt lat="26.941957" lon="120.348457"><ele>365</ele></trkpt>
      <trkpt lat="26.941905" lon="120.348448"><ele>365</ele></trkpt>
      <trkpt lat="26.941905" lon="120.348448"><ele>365</ele></trkpt>
      <trkpt lat="26.941901" lon="120.348447"><ele>365</ele></trkpt>
      <trkpt lat="26.941863" lon="120.348441"><ele>365</ele></trkpt>
      <trkpt lat="26.941842" lon="120.348438"><ele>366</ele></trkpt>
      <trkpt lat="26.941821" lon="120.348436"><ele>366</ele></trkpt>
      <trkpt lat="26.941801" lon="120.348435"><ele>366</ele></trkpt>
      <trkpt lat="26.941782" lon="120.348435"><ele>367</ele></trkpt>
      <trkpt lat="26.941764" lon="120.348434"><ele>367</ele></trkpt>
      <trkpt lat="26.941747" lon="120.348434"><ele>367</ele></trkpt>
      <trkpt lat="26.94173" lon="120.348434"><ele>368</ele></trkpt>
      <trkpt lat="26.941713" lon="120.348434"><ele>368</ele></trkpt>
      <trkpt lat="26.941696" lon="120.348433"><ele>368</ele></trkpt>
      <trkpt lat="26.941677" lon="120.348432"><ele>369</ele></trkpt>
      <trkpt lat="26.94166" lon="120.348431"><ele>369</ele></trkpt>
      <trkpt lat="26.941643" lon="120.34843"><ele>370</ele></trkpt>
      <trkpt lat="26.941626" lon="120.348429"><ele>370</ele></trkpt>
      <trkpt lat="26.941607" lon="120.348428"><ele>370</ele></trkpt>
      <trkpt lat="26.941588" lon="120.348427"><ele>371</ele></trkpt>
      <trkpt lat="26.941568" lon="120.348427"><ele>371</ele></trkpt>
      <trkpt lat="26.941547" lon="120.348426"><ele>371</ele></trkpt>
      <trkpt lat="26.941526" lon="120.348425"><ele>371</ele></trkpt>
      <trkpt lat="26.941506" lon="120.348424"><ele>371</ele></trkpt>
      <trkpt lat="26.941485" lon="120.348424"><ele>372</ele></trkpt>
      <trkpt lat="26.941467" lon="120.348425"><ele>372</ele></trkpt>
      <trkpt lat="26.941454" lon="120.348426"><ele>372</ele></trkpt>
      <trkpt lat="26.941447" lon="120.348426"><ele>372</ele></trkpt>
      <trkpt lat="26.941439" lon="120.348428"><ele>372</ele></trkpt>
      <trkpt lat="26.941419" lon="120.348432"><ele>372</ele></trkpt>
      <trkpt lat="26.941409" lon="120.348435"><ele>373</ele></trkpt>
      <trkpt lat="26.941399" lon="120.348437"><ele>373</ele></trkpt>
      <trkpt lat="26.94139" lon="120.348437"><ele>373</ele></trkpt>
      <trkpt lat="26.941382" lon="120.348433"><ele>373</ele></trkpt>
      <trkpt lat="26.941365" lon="120.34842"><ele>373</ele></trkpt>
      <trkpt lat="26.941357" lon="120.348415"><ele>374</ele></trkpt>
      <trkpt lat="26.941352" lon="120.348409"><ele>374</ele></trkpt>
      <trkpt lat="26.941339" lon="120.348389"><ele>374</ele></trkpt>
      <trkpt lat="26.941334" lon="120.348383"><ele>374</ele></trkpt>
      <trkpt lat="26.941327" lon="120.348378"><ele>375</ele></trkpt>
      <trkpt lat="26.941304" lon="120.348365"><ele>375</ele></trkpt>
      <trkpt lat="26.941293" lon="120.34836"><ele>375</ele></trkpt>
      <trkpt lat="26.941282" lon="120.348356"><ele>375</ele></trkpt>
      <trkpt lat="26.941273" lon="120.348352"><ele>376</ele></trkpt>
      <trkpt lat="26.941252" lon="120.348342"><ele>376</ele></trkpt>
      <trkpt lat="26.941241" lon="120.348337"><ele>377</ele></trkpt>
      <trkpt lat="26.94123" lon="120.348333"><ele>378</ele></trkpt>
      <trkpt lat="26.941218" lon="120.348329"><ele>378</ele></trkpt>
      <trkpt lat="26.941208" lon="120.348328"><ele>379</ele></trkpt>
      <trkpt lat="26.941198" lon="120.348327"><ele>379</ele></trkpt>
      <trkpt lat="26.941187" lon="120.348327"><ele>380</ele></trkpt>
      <trkpt lat="26.941178" lon="120.348326"><ele>380</ele></trkpt>
      <trkpt lat="26.94116" lon="120.348327"><ele>381</ele></trkpt>
      <trkpt lat="26.941147" lon="120.34833"><ele>381</ele></trkpt>
      <trkpt lat="26.941137" lon="120.348333"><ele>381</ele></trkpt>
      <trkpt lat="26.941129" lon="120.348335"><ele>381</ele></trkpt>
      <trkpt lat="26.94111" lon="120.348336"><ele>382</ele></trkpt>
      <trkpt lat="26.941098" lon="120.348336"><ele>382</ele></trkpt>
      <trkpt lat="26.941087" lon="120.348338"><ele>382</ele></trkpt>
      <trkpt lat="26.941074" lon="120.34834"><ele>382</ele></trkpt>
      <trkpt lat="26.94106" lon="120.34834"><ele>382</ele></trkpt>
      <trkpt lat="26.941048" lon="120.348341"><ele>383</ele></trkpt>
      <trkpt lat="26.941034" lon="120.348344"><ele>383</ele></trkpt>
      <trkpt lat="26.941015" lon="120.348351"><ele>383</ele></trkpt>
      <trkpt lat="26.940994" lon="120.348361"><ele>384</ele></trkpt>
      <trkpt lat="26.940974" lon="120.348372"><ele>384</ele></trkpt>
      <trkpt lat="26.940955" lon="120.348383"><ele>384</ele></trkpt>
      <trkpt lat="26.940937" lon="120.348394"><ele>385</ele></trkpt>
      <trkpt lat="26.940919" lon="120.348404"><ele>385</ele></trkpt>
      <trkpt lat="26.940899" lon="120.348414"><ele>385</ele></trkpt>
      <trkpt lat="26.94088" lon="120.348423"><ele>385</ele></trkpt>
      <trkpt lat="26.940861" lon="120.348434"><ele>385</ele></trkpt>
      <trkpt lat="26.940842" lon="120.348447"><ele>385</ele></trkpt>
      <trkpt lat="26.940825" lon="120.348462"><ele>385</ele></trkpt>
      <trkpt lat="26.940812" lon="120.348478"><ele>385</ele></trkpt>
      <trkpt lat="26.940798" lon="120.348497"><ele>385</ele></trkpt>
      <trkpt lat="26.940786" lon="120.348515"><ele>385</ele></trkpt>
      <trkpt lat="26.940773" lon="120.348534"><ele>385</ele></trkpt>
      <trkpt lat="26.94076" lon="120.348554"><ele>385</ele></trkpt>
      <trkpt lat="26.940745" lon="120.348576"><ele>384</ele></trkpt>
      <trkpt lat="26.940729" lon="120.348597"><ele>384</ele></trkpt>
      <trkpt lat="26.940714" lon="120.348617"><ele>383</ele></trkpt>
      <trkpt lat="26.940696" lon="120.348638"><ele>383</ele></trkpt>
      <trkpt lat="26.940679" lon="120.348658"><ele>383</ele></trkpt>
      <trkpt lat="26.940662" lon="120.348676"><ele>383</ele></trkpt>
      <trkpt lat="26.940645" lon="120.348692"><ele>382</ele></trkpt>
      <trkpt lat="26.940627" lon="120.348707"><ele>382</ele></trkpt>
      <trkpt lat="26.940609" lon="120.348721"><ele>382</ele></trkpt>
      <trkpt lat="26.94059" lon="120.348734"><ele>382</ele></trkpt>
      <trkpt lat="26.940571" lon="120.348746"><ele>382</ele></trkpt>
      <trkpt lat="26.940553" lon="120.348757"><ele>382</ele></trkpt>
      <trkpt lat="26.940533" lon="120.348768"><ele>382</ele></trkpt>
      <trkpt lat="26.940515" lon="120.34878"><ele>381</ele></trkpt>
      <trkpt lat="26.940495" lon="120.348793"><ele>381</ele></trkpt>
      <trkpt lat="26.940476" lon="120.348806"><ele>381</ele></trkpt>
      <trkpt lat="26.940458" lon="120.348821"><ele>381</ele></trkpt>
      <trkpt lat="26.940438" lon="120.348838"><ele>381</ele></trkpt>
      <trkpt lat="26.94042" lon="120.348853"><ele>380</ele></trkpt>
      <trkpt lat="26.940399" lon="120.348866"><ele>380</ele></trkpt>
      <trkpt lat="26.94038" lon="120.348873"><ele>380</ele></trkpt>
      <trkpt lat="26.940358" lon="120.348877"><ele>380</ele></trkpt>
      <trkpt lat="26.940337" lon="120.348878"><ele>380</ele></trkpt>
      <trkpt lat="26.940314" lon="120.348878"><ele>380</ele></trkpt>
      <trkpt lat="26.940293" lon="120.348877"><ele>380</ele></trkpt>
      <trkpt lat="26.940273" lon="120.348875"><ele>380</ele></trkpt>
      <trkpt lat="26.940259" lon="120.348875"><ele>380</ele></trkpt>
      <trkpt lat="26.940254" lon="120.348875"><ele>380</ele></trkpt>
      <trkpt lat="26.940251" lon="120.348875"><ele>380</ele></trkpt>
      <trkpt lat="26.940243" lon="120.348874"><ele>380</ele></trkpt>
      <trkpt lat="26.940206" lon="120.348873"><ele>381</ele></trkpt>
      <trkpt lat="26.940206" lon="120.348873"><ele>382</ele></trkpt>
      <trkpt lat="26.9402" lon="120.348873"><ele>382</ele></trkpt>
      <trkpt lat="26.940153" lon="120.348868"><ele>382</ele></trkpt>
      <trkpt lat="26.940127" lon="120.348865"><ele>382</ele></trkpt>
      <trkpt lat="26.940102" lon="120.348863"><ele>382</ele></trkpt>
      <trkpt lat="26.94008" lon="120.348861"><ele>382</ele></trkpt>
      <trkpt lat="26.940058" lon="120.348862"><ele>382</ele></trkpt>
      <trkpt lat="26.940035" lon="120.348864"><ele>383</ele></trkpt>
      <trkpt lat="26.940013" lon="120.348866"><ele>383</ele></trkpt>
      <trkpt lat="26.939991" lon="120.348867"><ele>383</ele></trkpt>
      <trkpt lat="26.93997" lon="120.348867"><ele>383</ele></trkpt>
      <trkpt lat="26.939949" lon="120.348866"><ele>384</ele></trkpt>
      <trkpt lat="26.939927" lon="120.348866"><ele>384</ele></trkpt>
      <trkpt lat="26.939906" lon="120.348865"><ele>384</ele></trkpt>
      <trkpt lat="26.939887" lon="120.348865"><ele>384</ele></trkpt>
      <trkpt lat="26.939866" lon="120.348868"><ele>384</ele></trkpt>
      <trkpt lat="26.939845" lon="120.348873"><ele>385</ele></trkpt>
      <trkpt lat="26.939825" lon="120.348881"><ele>385</ele></trkpt>
      <trkpt lat="26.939806" lon="120.348891"><ele>385</ele></trkpt>
      <trkpt lat="26.939788" lon="120.348903"><ele>385</ele></trkpt>
      <trkpt lat="26.939776" lon="120.348912"><ele>385</ele></trkpt>
      <trkpt lat="26.939764" lon="120.348916"><ele>385</ele></trkpt>
      <trkpt lat="26.93975" lon="120.348917"><ele>385</ele></trkpt>
      <trkpt lat="26.939734" lon="120.348917"><ele>386</ele></trkpt>
      <trkpt lat="26.939715" lon="120.348918"><ele>386</ele></trkpt>
      <trkpt lat="26.939694" lon="120.348919"><ele>386</ele></trkpt>
      <trkpt lat="26.939672" lon="120.348922"><ele>386</ele></trkpt>
      <trkpt lat="26.939649" lon="120.348927"><ele>387</ele></trkpt>
      <trkpt lat="26.939627" lon="120.348933"><ele>387</ele></trkpt>
      <trkpt lat="26.939605" lon="120.348939"><ele>387</ele></trkpt>
      <trkpt lat="26.939585" lon="120.348945"><ele>387</ele></trkpt>
      <trkpt lat="26.939567" lon="120.348951"><ele>387</ele></trkpt>
      <trkpt lat="26.939551" lon="120.348956"><ele>387</ele></trkpt>
      <trkpt lat="26.939534" lon="120.348958"><ele>387</ele></trkpt>
      <trkpt lat="26.939504" lon="120.348954"><ele>385</ele></trkpt>
      <trkpt lat="26.939514" lon="120.348877"><ele>386</ele></trkpt>
      <trkpt lat="26.939518" lon="120.348847"><ele>386</ele></trkpt>
      <trkpt lat="26.939522" lon="120.348818"><ele>386</ele></trkpt>
      <trkpt lat="26.939527" lon="120.348793"><ele>386</ele></trkpt>
      <trkpt lat="26.939534" lon="120.34877"><ele>386</ele></trkpt>
      <trkpt lat="26.939543" lon="120.34875"><ele>386</ele></trkpt>
      <trkpt lat="26.939551" lon="120.348732"><ele>386</ele></trkpt>
      <trkpt lat="26.939556" lon="120.348714"><ele>386</ele></trkpt>
      <trkpt lat="26.939559" lon="120.348695"><ele>386</ele></trkpt>
      <trkpt lat="26.939562" lon="120.348673"><ele>387</ele></trkpt>
      <trkpt lat="26.939563" lon="120.34865"><ele>387</ele></trkpt>
      <trkpt lat="26.93956" lon="120.348629"><ele>387</ele></trkpt>
      <trkpt lat="26.939556" lon="120.348618"><ele>387</ele></trkpt>
      <trkpt lat="26.939557" lon="120.348614"><ele>387</ele></trkpt>
      <trkpt lat="26.939563" lon="120.34857"><ele>388</ele></trkpt>
      <trkpt lat="26.939563" lon="120.348569"><ele>388</ele></trkpt>
      <trkpt lat="26.939565" lon="120.348562"><ele>388</ele></trkpt>
      <trkpt lat="26.93957" lon="120.348536"><ele>388</ele></trkpt>
      <trkpt lat="26.939577" lon="120.348497"><ele>388</ele></trkpt>
      <trkpt lat="26.939582" lon="120.348456"><ele>388</ele></trkpt>
      <trkpt lat="26.939586" lon="120.34842"><ele>388</ele></trkpt>
      <trkpt lat="26.939589" lon="120.34839"><ele>388</ele></trkpt>
      <trkpt lat="26.939591" lon="120.348363"><ele>389</ele></trkpt>
      <trkpt lat="26.939592" lon="120.348339"><ele>390</ele></trkpt>
      <trkpt lat="26.939591" lon="120.348314"><ele>390</ele></trkpt>
      <trkpt lat="26.939589" lon="120.34829"><ele>391</ele></trkpt>
      <trkpt lat="26.939584" lon="120.348264"><ele>391</ele></trkpt>
      <trkpt lat="26.939581" lon="120.348239"><ele>391</ele></trkpt>
      <trkpt lat="26.939579" lon="120.348214"><ele>391</ele></trkpt>
      <trkpt lat="26.939578" lon="120.348194"><ele>391</ele></trkpt>
      <trkpt lat="26.939577" lon="120.348186"><ele>391</ele></trkpt>
      <trkpt lat="26.939578" lon="120.348184"><ele>391</ele></trkpt>
      <trkpt lat="26.939585" lon="120.348156"><ele>392</ele></trkpt>
      <trkpt lat="26.939585" lon="120.348156"><ele>392</ele></trkpt>
      <trkpt lat="26.939586" lon="120.34815"><ele>392</ele></trkpt>
      <trkpt lat="26.9396" lon="120.34809"><ele>392</ele></trkpt>
      <trkpt lat="26.939606" lon="120.348055"><ele>392</ele></trkpt>
      <trkpt lat="26.939611" lon="120.348021"><ele>393</ele></trkpt>
      <trkpt lat="26.939614" lon="120.34799"><ele>393</ele></trkpt>
      <trkpt lat="26.939616" lon="120.347962"><ele>393</ele></trkpt>
      <trkpt lat="26.939616" lon="120.347937"><ele>393</ele></trkpt>
      <trkpt lat="26.939615" lon="120.347913"><ele>393</ele></trkpt>
      <trkpt lat="26.939614" lon="120.34789"><ele>394</ele></trkpt>
      <trkpt lat="26.939614" lon="120.347867"><ele>394</ele></trkpt>
      <trkpt lat="26.939613" lon="120.347843"><ele>394</ele></trkpt>
      <trkpt lat="26.939613" lon="120.347817"><ele>395</ele></trkpt>
      <trkpt lat="26.93961" lon="120.34779"><ele>395</ele></trkpt>
      <trkpt lat="26.939607" lon="120.347763"><ele>395</ele></trkpt>
      <trkpt lat="26.939603" lon="120.347735"><ele>395</ele></trkpt>
      <trkpt lat="26.939598" lon="120.347707"><ele>396</ele></trkpt>
      <trkpt lat="26.939592" lon="120.347683"><ele>396</ele></trkpt>
      <trkpt lat="26.939587" lon="120.34766"><ele>396</ele></trkpt>
      <trkpt lat="26.93958" lon="120.347635"><ele>397</ele></trkpt>
      <trkpt lat="26.939574" lon="120.347609"><ele>397</ele></trkpt>
      <trkpt lat="26.939568" lon="120.347583"><ele>398</ele></trkpt>
      <trkpt lat="26.939564" lon="120.34757"><ele>398</ele></trkpt>
      <trkpt lat="26.939563" lon="120.347565"><ele>398</ele></trkpt>
      <trkpt lat="26.939562" lon="120.347557"><ele>399</ele></trkpt>
      <trkpt lat="26.939556" lon="120.347503"><ele>399</ele></trkpt>
      <trkpt lat="26.939556" lon="120.347502"><ele>399</ele></trkpt>
      <trkpt lat="26.939558" lon="120.347497"><ele>399</ele></trkpt>
      <trkpt lat="26.939578" lon="120.347444"><ele>399</ele></trkpt>
      <trkpt lat="26.939586" lon="120.347416"><ele>399</ele></trkpt>
      <trkpt lat="26.939592" lon="120.347387"><ele>399</ele></trkpt>
      <trkpt lat="26.939596" lon="120.347359"><ele>399</ele></trkpt>
      <trkpt lat="26.939597" lon="120.347334"><ele>400</ele></trkpt>
      <trkpt lat="26.939594" lon="120.34731"><ele>400</ele></trkpt>
      <trkpt lat="26.939587" lon="120.347287"><ele>401</ele></trkpt>
      <trkpt lat="26.939579" lon="120.347272"><ele>401</ele></trkpt>
      <trkpt lat="26.939573" lon="120.347265"><ele>401</ele></trkpt>
      <trkpt lat="26.939571" lon="120.347256"><ele>401</ele></trkpt>
      <trkpt lat="26.939563" lon="120.347226"><ele>401</ele></trkpt>
      <trkpt lat="26.939557" lon="120.347204"><ele>401</ele></trkpt>
      <trkpt lat="26.939552" lon="120.347178"><ele>401</ele></trkpt>
      <trkpt lat="26.939549" lon="120.347154"><ele>402</ele></trkpt>
      <trkpt lat="26.939548" lon="120.347131"><ele>402</ele></trkpt>
      <trkpt lat="26.939548" lon="120.347108"><ele>402</ele></trkpt>
      <trkpt lat="26.939545" lon="120.347088"><ele>402</ele></trkpt>
      <trkpt lat="26.939539" lon="120.34707"><ele>402</ele></trkpt>
      <trkpt lat="26.939531" lon="120.347052"><ele>403</ele></trkpt>
      <trkpt lat="26.939521" lon="120.347036"><ele>403</ele></trkpt>
      <trkpt lat="26.939511" lon="120.347019"><ele>403</ele></trkpt>
      <trkpt lat="26.939501" lon="120.347002"><ele>404</ele></trkpt>
      <trkpt lat="26.939488" lon="120.346982"><ele>404</ele></trkpt>
      <trkpt lat="26.939476" lon="120.346964"><ele>404</ele></trkpt>
      <trkpt lat="26.939462" lon="120.346946"><ele>404</ele></trkpt>
      <trkpt lat="26.939449" lon="120.346928"><ele>404</ele></trkpt>
      <trkpt lat="26.939437" lon="120.34691"><ele>404</ele></trkpt>
      <trkpt lat="26.939424" lon="120.346892"><ele>404</ele></trkpt>
      <trkpt lat="26.939414" lon="120.346877"><ele>404</ele></trkpt>
      <trkpt lat="26.939405" lon="120.346863"><ele>404</ele></trkpt>
      <trkpt lat="26.939393" lon="120.346846"><ele>404</ele></trkpt>
      <trkpt lat="26.93938" lon="120.34683"><ele>404</ele></trkpt>
      <trkpt lat="26.939372" lon="120.346814"><ele>404</ele></trkpt>
      <trkpt lat="26.939365" lon="120.346798"><ele>404</ele></trkpt>
      <trkpt lat="26.939358" lon="120.34678"><ele>404</ele></trkpt>
      <trkpt lat="26.939353" lon="120.346762"><ele>404</ele></trkpt>
      <trkpt lat="26.939351" lon="120.346753"><ele>404</ele></trkpt>
      <trkpt lat="26.939348" lon="120.346752"><ele>404</ele></trkpt>
      <trkpt lat="26.939328" lon="120.346741"><ele>404</ele></trkpt>
      <trkpt lat="26.939327" lon="120.346741"><ele>404</ele></trkpt>
      <trkpt lat="26.939325" lon="120.346738"><ele>404</ele></trkpt>
      <trkpt lat="26.939295" lon="120.346714"><ele>404</ele></trkpt>
      <trkpt lat="26.939278" lon="120.346734"><ele>404</ele></trkpt>
      <trkpt lat="26.939278" lon="120.346735"><ele>404</ele></trkpt>
      <trkpt lat="26.939305" lon="120.346789"><ele>403</ele></trkpt>
      <trkpt lat="26.939316" lon="120.346818"><ele>402</ele></trkpt>
      <trkpt lat="26.939328" lon="120.346833"><ele>402</ele></trkpt>
      <trkpt lat="26.939351" lon="120.346861"><ele>402</ele></trkpt>
      <trkpt lat="26.939351" lon="120.346861"><ele>402</ele></trkpt>
      <trkpt lat="26.939385" lon="120.346872"><ele>402</ele></trkpt>
      <trkpt lat="26.939407" lon="120.346879"><ele>402</ele></trkpt>
      <trkpt lat="26.939427" lon="120.346889"><ele>402</ele></trkpt>
      <trkpt lat="26.939442" lon="120.346901"><ele>402</ele></trkpt>
      <trkpt lat="26.939457" lon="120.346918"><ele>402</ele></trkpt>
      <trkpt lat="26.939472" lon="120.346938"><ele>402</ele></trkpt>
      <trkpt lat="26.939487" lon="120.346959"><ele>402</ele></trkpt>
      <trkpt lat="26.939503" lon="120.346982"><ele>402</ele></trkpt>
      <trkpt lat="26.939517" lon="120.347004"><ele>402</ele></trkpt>
      <trkpt lat="26.939529" lon="120.347027"><ele>402</ele></trkpt>
      <trkpt lat="26.939541" lon="120.347052"><ele>402</ele></trkpt>
      <trkpt lat="26.939551" lon="120.347076"><ele>402</ele></trkpt>
      <trkpt lat="26.939557" lon="120.347103"><ele>402</ele></trkpt>
      <trkpt lat="26.93956" lon="120.347131"><ele>402</ele></trkpt>
      <trkpt lat="26.939561" lon="120.347161"><ele>401</ele></trkpt>
      <trkpt lat="26.939561" lon="120.347187"><ele>401</ele></trkpt>
      <trkpt lat="26.939556" lon="120.347206"><ele>401</ele></trkpt>
      <trkpt lat="26.939549" lon="120.347222"><ele>401</ele></trkpt>
      <trkpt lat="26.93954" lon="120.347235"><ele>401</ele></trkpt>
      <trkpt lat="26.939527" lon="120.347247"><ele>400</ele></trkpt>
      <trkpt lat="26.93951" lon="120.347256"><ele>400</ele></trkpt>
      <trkpt lat="26.93949" lon="120.347267"><ele>400</ele></trkpt>
      <trkpt lat="26.939471" lon="120.347277"><ele>400</ele></trkpt>
      <trkpt lat="26.939451" lon="120.347286"><ele>399</ele></trkpt>
      <trkpt lat="26.93943" lon="120.347295"><ele>399</ele></trkpt>
      <trkpt lat="26.939411" lon="120.3473"><ele>399</ele></trkpt>
      <trkpt lat="26.939394" lon="120.347303"><ele>398</ele></trkpt>
      <trkpt lat="26.939392" lon="120.347308"><ele>398</ele></trkpt>
      <trkpt lat="26.939383" lon="120.347338"><ele>397</ele></trkpt>
      <trkpt lat="26.939383" lon="120.347338"><ele>397</ele></trkpt>
      <trkpt lat="26.939376" lon="120.347338"><ele>397</ele></trkpt>
      <trkpt lat="26.939353" lon="120.347339"><ele>396</ele></trkpt>
      <trkpt lat="26.939324" lon="120.347343"><ele>396</ele></trkpt>
      <trkpt lat="26.939295" lon="120.34735"><ele>395</ele></trkpt>
      <trkpt lat="26.939271" lon="120.347359"><ele>395</ele></trkpt>
      <trkpt lat="26.939251" lon="120.347368"><ele>395</ele></trkpt>
      <trkpt lat="26.939232" lon="120.347377"><ele>394</ele></trkpt>
      <trkpt lat="26.939214" lon="120.347385"><ele>393</ele></trkpt>
      <trkpt lat="26.939198" lon="120.347391"><ele>392</ele></trkpt>
      <trkpt lat="26.939184" lon="120.347392"><ele>392</ele></trkpt>
      <trkpt lat="26.939172" lon="120.34739"><ele>391</ele></trkpt>
      <trkpt lat="26.939168" lon="120.34739"><ele>390</ele></trkpt>
      <trkpt lat="26.939166" lon="120.347392"><ele>389</ele></trkpt>
      <trkpt lat="26.939122" lon="120.347426"><ele>389</ele></trkpt>
      <trkpt lat="26.939122" lon="120.347426"><ele>389</ele></trkpt>
      <trkpt lat="26.939118" lon="120.347428"><ele>389</ele></trkpt>
      <trkpt lat="26.939079" lon="120.347443"><ele>389</ele></trkpt>
      <trkpt lat="26.939059" lon="120.347453"><ele>388</ele></trkpt>
      <trkpt lat="26.93904" lon="120.347464"><ele>387</ele></trkpt>
      <trkpt lat="26.939022" lon="120.347475"><ele>387</ele></trkpt>
      <trkpt lat="26.939003" lon="120.347485"><ele>386</ele></trkpt>
      <trkpt lat="26.938988" lon="120.347491"><ele>385</ele></trkpt>
      <trkpt lat="26.938975" lon="120.347493"><ele>384</ele></trkpt>
      <trkpt lat="26.938967" lon="120.347495"><ele>384</ele></trkpt>
      <trkpt lat="26.938958" lon="120.347498"><ele>383</ele></trkpt>
      <trkpt lat="26.938949" lon="120.347502"><ele>383</ele></trkpt>
      <trkpt lat="26.938941" lon="120.347507"><ele>382</ele></trkpt>
      <trkpt lat="26.938937" lon="120.347509"><ele>382</ele></trkpt>
      <trkpt lat="26.938897" lon="120.34753"><ele>382</ele></trkpt>
      <trkpt lat="26.938897" lon="120.34753"><ele>381</ele></trkpt>
      <trkpt lat="26.938893" lon="120.34753"><ele>381</ele></trkpt>
      <trkpt lat="26.938857" lon="120.347536"><ele>381</ele></trkpt>
      <trkpt lat="26.938846" lon="120.347537"><ele>380</ele></trkpt>
      <trkpt lat="26.938844" lon="120.347541"><ele>380</ele></trkpt>
      <trkpt lat="26.938835" lon="120.347545"><ele>380</ele></trkpt>
      <trkpt lat="26.938807" lon="120.347562"><ele>380</ele></trkpt>
      <trkpt lat="26.938789" lon="120.347572"><ele>379</ele></trkpt>
      <trkpt lat="26.938769" lon="120.347581"><ele>379</ele></trkpt>
      <trkpt lat="26.938744" lon="120.347593"><ele>379</ele></trkpt>
      <trkpt lat="26.938739" lon="120.347594"><ele>378</ele></trkpt>
      <trkpt lat="26.938724" lon="120.347598"><ele>377</ele></trkpt>
      <trkpt lat="26.938699" lon="120.347604"><ele>376</ele></trkpt>
      <trkpt lat="26.938674" lon="120.347609"><ele>376</ele></trkpt>
      <trkpt lat="26.93865" lon="120.347615"><ele>375</ele></trkpt>
      <trkpt lat="26.938628" lon="120.347621"><ele>375</ele></trkpt>
      <trkpt lat="26.938605" lon="120.347627"><ele>374</ele></trkpt>
      <trkpt lat="26.938582" lon="120.34763"><ele>374</ele></trkpt>
      <trkpt lat="26.938559" lon="120.347629"><ele>373</ele></trkpt>
      <trkpt lat="26.93854" lon="120.347627"><ele>373</ele></trkpt>
      <trkpt lat="26.938518" lon="120.347623"><ele>373</ele></trkpt>
      <trkpt lat="26.938496" lon="120.347619"><ele>372</ele></trkpt>
      <trkpt lat="26.938472" lon="120.347614"><ele>372</ele></trkpt>
      <trkpt lat="26.938449" lon="120.347611"><ele>372</ele></trkpt>
      <trkpt lat="26.938425" lon="120.347613"><ele>372</ele></trkpt>
      <trkpt lat="26.938406" lon="120.347618"><ele>372</ele></trkpt>
      <trkpt lat="26.938386" lon="120.347626"><ele>371</ele></trkpt>
      <trkpt lat="26.938369" lon="120.347629"><ele>371</ele></trkpt>
      <trkpt lat="26.938355" lon="120.347628"><ele>371</ele></trkpt>
      <trkpt lat="26.93834" lon="120.347628"><ele>370</ele></trkpt>
      <trkpt lat="26.938325" lon="120.347629"><ele>370</ele></trkpt>
      <trkpt lat="26.938308" lon="120.347633"><ele>369</ele></trkpt>
      <trkpt lat="26.938288" lon="120.347638"><ele>369</ele></trkpt>
      <trkpt lat="26.938275" lon="120.34764"><ele>368</ele></trkpt>
      <trkpt lat="26.938262" lon="120.347643"><ele>367</ele></trkpt>
      <trkpt lat="26.938251" lon="120.347648"><ele>366</ele></trkpt>
      <trkpt lat="26.938237" lon="120.347654"><ele>366</ele></trkpt>
      <trkpt lat="26.938224" lon="120.347655"><ele>365</ele></trkpt>
      <trkpt lat="26.938213" lon="120.347655"><ele>364</ele></trkpt>
      <trkpt lat="26.938201" lon="120.347656"><ele>364</ele></trkpt>
      <trkpt lat="26.938186" lon="120.34766"><ele>363</ele></trkpt>
      <trkpt lat="26.938167" lon="120.347667"><ele>363</ele></trkpt>
      <trkpt lat="26.938145" lon="120.347674"><ele>362</ele></trkpt>
      <trkpt lat="26.938123" lon="120.347683"><ele>362</ele></trkpt>
      <trkpt lat="26.938108" lon="120.347689"><ele>361</ele></trkpt>
      <trkpt lat="26.938094" lon="120.347694"><ele>361</ele></trkpt>
      <trkpt lat="26.938078" lon="120.347701"><ele>360</ele></trkpt>
      <trkpt lat="26.938063" lon="120.347711"><ele>359</ele></trkpt>
      <trkpt lat="26.938048" lon="120.347722"><ele>359</ele></trkpt>
      <trkpt lat="26.93803" lon="120.347735"><ele>358</ele></trkpt>
      <trkpt lat="26.93801" lon="120.347744"><ele>358</ele></trkpt>
      <trkpt lat="26.937989" lon="120.347755"><ele>358</ele></trkpt>
      <trkpt lat="26.937969" lon="120.347767"><ele>357</ele></trkpt>
      <trkpt lat="26.937949" lon="120.347779"><ele>357</ele></trkpt>
      <trkpt lat="26.937927" lon="120.347792"><ele>356</ele></trkpt>
      <trkpt lat="26.937904" lon="120.347805"><ele>356</ele></trkpt>
      <trkpt lat="26.93788" lon="120.347817"><ele>355</ele></trkpt>
      <trkpt lat="26.937856" lon="120.347826"><ele>355</ele></trkpt>
      <trkpt lat="26.937832" lon="120.347838"><ele>355</ele></trkpt>
      <trkpt lat="26.937809" lon="120.34785"><ele>355</ele></trkpt>
      <trkpt lat="26.937787" lon="120.347862"><ele>354</ele></trkpt>
      <trkpt lat="26.937764" lon="120.347873"><ele>354</ele></trkpt>
      <trkpt lat="26.937745" lon="120.347884"><ele>354</ele></trkpt>
      <trkpt lat="26.937732" lon="120.347892"><ele>354</ele></trkpt>
      <trkpt lat="26.937728" lon="120.347894"><ele>354</ele></trkpt>
      <trkpt lat="26.937714" lon="120.347901"><ele>355</ele></trkpt>
      <trkpt lat="26.937703" lon="120.347908"><ele>355</ele></trkpt>
      <trkpt lat="26.93769" lon="120.347915"><ele>355</ele></trkpt>
      <trkpt lat="26.937676" lon="120.347919"><ele>355</ele></trkpt>
      <trkpt lat="26.937661" lon="120.347922"><ele>355</ele></trkpt>
      <trkpt lat="26.937652" lon="120.347924"><ele>355</ele></trkpt>
      <trkpt lat="26.937649" lon="120.347921"><ele>355</ele></trkpt>
      <trkpt lat="26.937612" lon="120.347895"><ele>354</ele></trkpt>
      <trkpt lat="26.937612" lon="120.347895"><ele>354</ele></trkpt>
      <trkpt lat="26.937613" lon="120.347895"><ele>354</ele></trkpt>
      <trkpt lat="26.937548" lon="120.347882"><ele>353</ele></trkpt>
      <trkpt lat="26.937548" lon="120.347882"><ele>352</ele></trkpt>
      <trkpt lat="26.937546" lon="120.347884"><ele>351</ele></trkpt>
      <trkpt lat="26.937496" lon="120.347922"><ele>351</ele></trkpt>
      <trkpt lat="26.937446" lon="120.34796"><ele>350</ele></trkpt>
      <trkpt lat="26.937446" lon="120.34796"><ele>348</ele></trkpt>
      <trkpt lat="26.937444" lon="120.34796"><ele>348</ele></trkpt>
      <trkpt lat="26.93739" lon="120.347961"><ele>348</ele></trkpt>
      <trkpt lat="26.93739" lon="120.347961"><ele>347</ele></trkpt>
      <trkpt lat="26.937388" lon="120.347961"><ele>347</ele></trkpt>
      <trkpt lat="26.937344" lon="120.347956"><ele>347</ele></trkpt>
      <trkpt lat="26.937344" lon="120.347956"><ele>345</ele></trkpt>
      <trkpt lat="26.937341" lon="120.347956"><ele>343</ele></trkpt>
      <trkpt lat="26.937309" lon="120.347956"><ele>343</ele></trkpt>
      <trkpt lat="26.937296" lon="120.347951"><ele>343</ele></trkpt>
      <trkpt lat="26.937268" lon="120.347939"><ele>343</ele></trkpt>
      <trkpt lat="26.937236" lon="120.347926"><ele>343</ele></trkpt>
      <trkpt lat="26.937235" lon="120.347926"><ele>341</ele></trkpt>
      <trkpt lat="26.937232" lon="120.347925"><ele>340</ele></trkpt>
      <trkpt lat="26.9372" lon="120.347912"><ele>340</ele></trkpt>
      <trkpt lat="26.937178" lon="120.347907"><ele>338</ele></trkpt>
      <trkpt lat="26.937155" lon="120.347911"><ele>338</ele></trkpt>
      <trkpt lat="26.937134" lon="120.347918"><ele>338</ele></trkpt>
      <trkpt lat="26.937115" lon="120.347921"><ele>337</ele></trkpt>
      <trkpt lat="26.937102" lon="120.347919"><ele>336</ele></trkpt>
      <trkpt lat="26.93709" lon="120.347915"><ele>335</ele></trkpt>
      <trkpt lat="26.937077" lon="120.347909"><ele>335</ele></trkpt>
      <trkpt lat="26.937063" lon="120.347901"><ele>334</ele></trkpt>
      <trkpt lat="26.93705" lon="120.347892"><ele>333</ele></trkpt>
      <trkpt lat="26.937035" lon="120.347884"><ele>333</ele></trkpt>
      <trkpt lat="26.937019" lon="120.34788"><ele>333</ele></trkpt>
      <trkpt lat="26.937003" lon="120.347877"><ele>332</ele></trkpt>
      <trkpt lat="26.936987" lon="120.347873"><ele>332</ele></trkpt>
      <trkpt lat="26.93697" lon="120.347869"><ele>332</ele></trkpt>
      <trkpt lat="26.936951" lon="120.347863"><ele>331</ele></trkpt>
      <trkpt lat="26.936933" lon="120.347857"><ele>331</ele></trkpt>
      <trkpt lat="26.936914" lon="120.347853"><ele>330</ele></trkpt>
      <trkpt lat="26.936891" lon="120.347849"><ele>330</ele></trkpt>
      <trkpt lat="26.936867" lon="120.347846"><ele>329</ele></trkpt>
      <trkpt lat="26.936842" lon="120.347841"><ele>328</ele></trkpt>
      <trkpt lat="26.936817" lon="120.347837"><ele>328</ele></trkpt>
      <trkpt lat="26.936793" lon="120.347836"><ele>328</ele></trkpt>
      <trkpt lat="26.936773" lon="120.347835"><ele>327</ele></trkpt>
      <trkpt lat="26.936756" lon="120.347832"><ele>327</ele></trkpt>
      <trkpt lat="26.93674" lon="120.347826"><ele>326</ele></trkpt>
      <trkpt lat="26.936724" lon="120.347818"><ele>326</ele></trkpt>
      <trkpt lat="26.936708" lon="120.347807"><ele>326</ele></trkpt>
      <trkpt lat="26.936694" lon="120.347796"><ele>325</ele></trkpt>
      <trkpt lat="26.936679" lon="120.347787"><ele>325</ele></trkpt>
      <trkpt lat="26.936661" lon="120.347782"><ele>324</ele></trkpt>
      <trkpt lat="26.936645" lon="120.347782"><ele>324</ele></trkpt>
      <trkpt lat="26.936628" lon="120.347785"><ele>324</ele></trkpt>
      <trkpt lat="26.936609" lon="120.347789"><ele>324</ele></trkpt>
      <trkpt lat="26.936593" lon="120.347793"><ele>324</ele></trkpt>
      <trkpt lat="26.936576" lon="120.347798"><ele>324</ele></trkpt>
      <trkpt lat="26.936558" lon="120.347805"><ele>323</ele></trkpt>
      <trkpt lat="26.936537" lon="120.347816"><ele>323</ele></trkpt>
      <trkpt lat="26.936513" lon="120.34783"><ele>323</ele></trkpt>
      <trkpt lat="26.936493" lon="120.347846"><ele>323</ele></trkpt>
      <trkpt lat="26.936477" lon="120.347863"><ele>322</ele></trkpt>
      <trkpt lat="26.936464" lon="120.347877"><ele>322</ele></trkpt>
      <trkpt lat="26.936449" lon="120.347894"><ele>322</ele></trkpt>
      <trkpt lat="26.936434" lon="120.347913"><ele>322</ele></trkpt>
      <trkpt lat="26.936416" lon="120.347928"><ele>322</ele></trkpt>
      <trkpt lat="26.936399" lon="120.347937"><ele>322</ele></trkpt>
      <trkpt lat="26.936382" lon="120.347942"><ele>322</ele></trkpt>
      <trkpt lat="26.936362" lon="120.347944"><ele>322</ele></trkpt>
      <trkpt lat="26.936341" lon="120.347942"><ele>322</ele></trkpt>
      <trkpt lat="26.936319" lon="120.347937"><ele>322</ele></trkpt>
      <trkpt lat="26.936299" lon="120.347934"><ele>321</ele></trkpt>
      <trkpt lat="26.936282" lon="120.347932"><ele>321</ele></trkpt>
      <trkpt lat="26.936275" lon="120.347931"><ele>321</ele></trkpt>
      <trkpt lat="26.936276" lon="120.34793"><ele>321</ele></trkpt>
      <trkpt lat="26.93619" lon="120.347989"><ele>320</ele></trkpt>
      <trkpt lat="26.936169" lon="120.348004"><ele>320</ele></trkpt>
      <trkpt lat="26.936167" lon="120.348005"><ele>320</ele></trkpt>
      <trkpt lat="26.936098" lon="120.348035"><ele>320</ele></trkpt>
      <trkpt lat="26.936064" lon="120.348055"><ele>319</ele></trkpt>
      <trkpt lat="26.936033" lon="120.348077"><ele>318</ele></trkpt>
      <trkpt lat="26.936004" lon="120.348093"><ele>318</ele></trkpt>
      <trkpt lat="26.935982" lon="120.348109"><ele>318</ele></trkpt>
      <trkpt lat="26.935966" lon="120.348126"><ele>318</ele></trkpt>
      <trkpt lat="26.93595" lon="120.348144"><ele>317</ele></trkpt>
      <trkpt lat="26.935935" lon="120.348162"><ele>317</ele></trkpt>
      <trkpt lat="26.935924" lon="120.348176"><ele>317</ele></trkpt>
      <trkpt lat="26.935911" lon="120.348188"><ele>317</ele></trkpt>
      <trkpt lat="26.935898" lon="120.348199"><ele>317</ele></trkpt>
      <trkpt lat="26.935882" lon="120.348212"><ele>317</ele></trkpt>
      <trkpt lat="26.935865" lon="120.348227"><ele>317</ele></trkpt>
      <trkpt lat="26.935847" lon="120.348244"><ele>317</ele></trkpt>
      <trkpt lat="26.935832" lon="120.348261"><ele>317</ele></trkpt>
      <trkpt lat="26.935827" lon="120.348274"><ele>317</ele></trkpt>
      <trkpt lat="26.935823" lon="120.34829"><ele>317</ele></trkpt>
      <trkpt lat="26.935821" lon="120.348303"><ele>317</ele></trkpt>
      <trkpt lat="26.935815" lon="120.348309"><ele>317</ele></trkpt>
      <trkpt lat="26.935789" lon="120.348338"><ele>317</ele></trkpt>
      <trkpt lat="26.935789" lon="120.348338"><ele>317</ele></trkpt>
      <trkpt lat="26.935788" lon="120.348339"><ele>317</ele></trkpt>
      <trkpt lat="26.935769" lon="120.348396"><ele>317</ele></trkpt>
      <trkpt lat="26.935739" lon="120.348487"><ele>317</ele></trkpt>
      <trkpt lat="26.935739" lon="120.348488"><ele>316</ele></trkpt>
      <trkpt lat="26.935736" lon="120.348495"><ele>316</ele></trkpt>
      <trkpt lat="26.935725" lon="120.348518"><ele>316</ele></trkpt>
      <trkpt lat="26.935709" lon="120.348553"><ele>315</ele></trkpt>
      <trkpt lat="26.93569" lon="120.348591"><ele>315</ele></trkpt>
      <trkpt lat="26.935673" lon="120.348625"><ele>315</ele></trkpt>
      <trkpt lat="26.935658" lon="120.348655"><ele>315</ele></trkpt>
      <trkpt lat="26.935643" lon="120.34868"><ele>315</ele></trkpt>
      <trkpt lat="26.93563" lon="120.348704"><ele>315</ele></trkpt>
      <trkpt lat="26.935618" lon="120.348723"><ele>315</ele></trkpt>
      <trkpt lat="26.935609" lon="120.348744"><ele>315</ele></trkpt>
      <trkpt lat="26.935602" lon="120.348765"><ele>316</ele></trkpt>
      <trkpt lat="26.935596" lon="120.34878"><ele>316</ele></trkpt>
      <trkpt lat="26.935591" lon="120.348794"><ele>317</ele></trkpt>
      <trkpt lat="26.935587" lon="120.348812"><ele>317</ele></trkpt>
      <trkpt lat="26.935583" lon="120.348828"><ele>318</ele></trkpt>
      <trkpt lat="26.935579" lon="120.348842"><ele>319</ele></trkpt>
      <trkpt lat="26.935571" lon="120.348855"><ele>319</ele></trkpt>
      <trkpt lat="26.935563" lon="120.348865"><ele>320</ele></trkpt>
      <trkpt lat="26.935551" lon="120.348876"><ele>321</ele></trkpt>
      <trkpt lat="26.935535" lon="120.348889"><ele>321</ele></trkpt>
      <trkpt lat="26.935519" lon="120.348903"><ele>322</ele></trkpt>
      <trkpt lat="26.935504" lon="120.348918"><ele>323</ele></trkpt>
      <trkpt lat="26.93549" lon="120.348935"><ele>323</ele></trkpt>
      <trkpt lat="26.935476" lon="120.348954"><ele>324</ele></trkpt>
      <trkpt lat="26.935466" lon="120.348969"><ele>324</ele></trkpt>
      <trkpt lat="26.935459" lon="120.348973"><ele>324</ele></trkpt>
      <trkpt lat="26.93545" lon="120.348975"><ele>324</ele></trkpt>
      <trkpt lat="26.935434" lon="120.348976"><ele>324</ele></trkpt>
      <trkpt lat="26.93542" lon="120.34898"><ele>324</ele></trkpt>
      <trkpt lat="26.935408" lon="120.348984"><ele>324</ele></trkpt>
      <trkpt lat="26.935393" lon="120.348988"><ele>324</ele></trkpt>
      <trkpt lat="26.935376" lon="120.348991"><ele>324</ele></trkpt>
      <trkpt lat="26.93536" lon="120.348995"><ele>324</ele></trkpt>
      <trkpt lat="26.93535" lon="120.348993"><ele>323</ele></trkpt>
      <trkpt lat="26.935327" lon="120.348997"><ele>323</ele></trkpt>
      <trkpt lat="26.935309" lon="120.348998"><ele>322</ele></trkpt>
      <trkpt lat="26.935286" lon="120.349008"><ele>322</ele></trkpt>
      <trkpt lat="26.935259" lon="120.349018"><ele>322</ele></trkpt>
      <trkpt lat="26.935254" lon="120.349018"><ele>321</ele></trkpt>
      <trkpt lat="26.935236" lon="120.349021"><ele>321</ele></trkpt>
      <trkpt lat="26.935207" lon="120.349027"><ele>320</ele></trkpt>
      <trkpt lat="26.935181" lon="120.349038"><ele>320</ele></trkpt>
      <trkpt lat="26.935159" lon="120.349049"><ele>319</ele></trkpt>
      <trkpt lat="26.935139" lon="120.349062"><ele>319</ele></trkpt>
      <trkpt lat="26.935118" lon="120.349074"><ele>319</ele></trkpt>
      <trkpt lat="26.935097" lon="120.349083"><ele>319</ele></trkpt>
      <trkpt lat="26.935076" lon="120.349089"><ele>319</ele></trkpt>
      <trkpt lat="26.935053" lon="120.349093"><ele>319</ele></trkpt>
      <trkpt lat="26.935027" lon="120.349096"><ele>319</ele></trkpt>
      <trkpt lat="26.935001" lon="120.349098"><ele>319</ele></trkpt>
      <trkpt lat="26.934975" lon="120.3491"><ele>319</ele></trkpt>
      <trkpt lat="26.934954" lon="120.349105"><ele>319</ele></trkpt>
      <trkpt lat="26.934936" lon="120.34911"><ele>319</ele></trkpt>
      <trkpt lat="26.934918" lon="120.349115"><ele>319</ele></trkpt>
      <trkpt lat="26.934905" lon="120.349119"><ele>319</ele></trkpt>
      <trkpt lat="26.934901" lon="120.349121"><ele>320</ele></trkpt>
      <trkpt lat="26.934865" lon="120.34913"><ele>320</ele></trkpt>
      <trkpt lat="26.934865" lon="120.34913"><ele>320</ele></trkpt>
      <trkpt lat="26.934862" lon="120.349131"><ele>320</ele></trkpt>
      <trkpt lat="26.93483" lon="120.349142"><ele>321</ele></trkpt>
      <trkpt lat="26.934813" lon="120.349149"><ele>321</ele></trkpt>
      <trkpt lat="26.934797" lon="120.34916"><ele>321</ele></trkpt>
      <trkpt lat="26.934783" lon="120.349171"><ele>321</ele></trkpt>
      <trkpt lat="26.934771" lon="120.349181"><ele>322</ele></trkpt>
      <trkpt lat="26.934758" lon="120.349192"><ele>323</ele></trkpt>
      <trkpt lat="26.934744" lon="120.3492"><ele>323</ele></trkpt>
      <trkpt lat="26.934729" lon="120.349207"><ele>323</ele></trkpt>
      <trkpt lat="26.934714" lon="120.349214"><ele>324</ele></trkpt>
      <trkpt lat="26.934698" lon="120.34922"><ele>324</ele></trkpt>
      <trkpt lat="26.934683" lon="120.349225"><ele>324</ele></trkpt>
      <trkpt lat="26.934666" lon="120.34923"><ele>325</ele></trkpt>
      <trkpt lat="26.934649" lon="120.349235"><ele>325</ele></trkpt>
      <trkpt lat="26.934631" lon="120.34924"><ele>326</ele></trkpt>
      <trkpt lat="26.934614" lon="120.349244"><ele>326</ele></trkpt>
      <trkpt lat="26.934597" lon="120.34925"><ele>326</ele></trkpt>
      <trkpt lat="26.934583" lon="120.349256"><ele>327</ele></trkpt>
      <trkpt lat="26.93457" lon="120.349264"><ele>328</ele></trkpt>
      <trkpt lat="26.934557" lon="120.349273"><ele>328</ele></trkpt>
      <trkpt lat="26.934543" lon="120.349282"><ele>329</ele></trkpt>
      <trkpt lat="26.934529" lon="120.349289"><ele>329</ele></trkpt>
      <trkpt lat="26.934517" lon="120.349294"><ele>329</ele></trkpt>
      <trkpt lat="26.934507" lon="120.3493"><ele>330</ele></trkpt>
      <trkpt lat="26.934498" lon="120.349306"><ele>331</ele></trkpt>
      <trkpt lat="26.934488" lon="120.349313"><ele>331</ele></trkpt>
      <trkpt lat="26.934476" lon="120.34932"><ele>332</ele></trkpt>
      <trkpt lat="26.934465" lon="120.349328"><ele>332</ele></trkpt>
      <trkpt lat="26.934451" lon="120.349336"><ele>332</ele></trkpt>
      <trkpt lat="26.934437" lon="120.349342"><ele>333</ele></trkpt>
      <trkpt lat="26.934426" lon="120.349344"><ele>333</ele></trkpt>
      <trkpt lat="26.934421" lon="120.349345"><ele>333</ele></trkpt>
      <trkpt lat="26.934395" lon="120.34935"><ele>334</ele></trkpt>
      <trkpt lat="26.934395" lon="120.34935"><ele>334</ele></trkpt>
      <trkpt lat="26.934382" lon="120.349344"><ele>335</ele></trkpt>
      <trkpt lat="26.934347" lon="120.349325"><ele>335</ele></trkpt>
      <trkpt lat="26.934332" lon="120.349317"><ele>336</ele></trkpt>
      <trkpt lat="26.93432" lon="120.349312"><ele>337</ele></trkpt>
      <trkpt lat="26.934307" lon="120.349308"><ele>337</ele></trkpt>
      <trkpt lat="26.934301" lon="120.349311"><ele>337</ele></trkpt>
      <trkpt lat="26.934281" lon="120.349321"><ele>338</ele></trkpt>
      <trkpt lat="26.934264" lon="120.349331"><ele>338</ele></trkpt>
      <trkpt lat="26.934232" lon="120.349353"><ele>338</ele></trkpt>
      <trkpt lat="26.934208" lon="120.349368"><ele>338</ele></trkpt>
      <trkpt lat="26.934208" lon="120.349368"><ele>339</ele></trkpt>
      <trkpt lat="26.934206" lon="120.34937"><ele>339</ele></trkpt>
      <trkpt lat="26.934185" lon="120.349389"><ele>340</ele></trkpt>
      <trkpt lat="26.934171" lon="120.349402"><ele>341</ele></trkpt>
      <trkpt lat="26.934157" lon="120.349414"><ele>342</ele></trkpt>
      <trkpt lat="26.934145" lon="120.349426"><ele>342</ele></trkpt>
      <trkpt lat="26.934138" lon="120.349441"><ele>342</ele></trkpt>
      <trkpt lat="26.934134" lon="120.349458"><ele>343</ele></trkpt>
      <trkpt lat="26.934132" lon="120.349476"><ele>344</ele></trkpt>
      <trkpt lat="26.93413" lon="120.34949"><ele>344</ele></trkpt>
      <trkpt lat="26.934127" lon="120.349502"><ele>345</ele></trkpt>
      <trkpt lat="26.934122" lon="120.349515"><ele>345</ele></trkpt>
      <trkpt lat="26.934116" lon="120.349527"><ele>346</ele></trkpt>
      <trkpt lat="26.934111" lon="120.349536"><ele>346</ele></trkpt>
      <trkpt lat="26.934106" lon="120.349544"><ele>346</ele></trkpt>
      <trkpt lat="26.934099" lon="120.349554"><ele>346</ele></trkpt>
      <trkpt lat="26.934096" lon="120.349562"><ele>347</ele></trkpt>
      <trkpt lat="26.934097" lon="120.349572"><ele>347</ele></trkpt>
      <trkpt lat="26.934099" lon="120.349585"><ele>348</ele></trkpt>
      <trkpt lat="26.934103" lon="120.349605"><ele>348</ele></trkpt>
      <trkpt lat="26.934102" lon="120.349606"><ele>349</ele></trkpt>
      <trkpt lat="26.934087" lon="120.349629"><ele>349</ele></trkpt>
      <trkpt lat="26.934079" lon="120.349642"><ele>349</ele></trkpt>
      <trkpt lat="26.934072" lon="120.349653"><ele>349</ele></trkpt>
      <trkpt lat="26.934065" lon="120.349664"><ele>349</ele></trkpt>
      <trkpt lat="26.934058" lon="120.349675"><ele>350</ele></trkpt>
      <trkpt lat="26.934051" lon="120.349683"><ele>351</ele></trkpt>
      <trkpt lat="26.934043" lon="120.349689"><ele>352</ele></trkpt>
      <trkpt lat="26.934034" lon="120.349696"><ele>352</ele></trkpt>
      <trkpt lat="26.934023" lon="120.3497"><ele>353</ele></trkpt>
      <trkpt lat="26.934013" lon="120.349701"><ele>353</ele></trkpt>
      <trkpt lat="26.934005" lon="120.349701"><ele>354</ele></trkpt>
      <trkpt lat="26.933993" lon="120.3497"><ele>355</ele></trkpt>
      <trkpt lat="26.933991" lon="120.349704"><ele>355</ele></trkpt>
      <trkpt lat="26.933961" lon="120.349728"><ele>355</ele></trkpt>
      <trkpt lat="26.933948" lon="120.349739"><ele>355</ele></trkpt>
      <trkpt lat="26.933947" lon="120.349739"><ele>355</ele></trkpt>
      <trkpt lat="26.933912" lon="120.349763"><ele>355</ele></trkpt>
      <trkpt lat="26.933904" lon="120.349764"><ele>356</ele></trkpt>
      <trkpt lat="26.933893" lon="120.349763"><ele>357</ele></trkpt>
      <trkpt lat="26.933873" lon="120.34977"><ele>358</ele></trkpt>
      <trkpt lat="26.933807" lon="120.349798"><ele>358</ele></trkpt>
      <trkpt lat="26.933773" lon="120.349811"><ele>359</ele></trkpt>
      <trkpt lat="26.93378" lon="120.349813"><ele>359</ele></trkpt>
      <trkpt lat="26.933742" lon="120.349803"><ele>359</ele></trkpt>
      <trkpt lat="26.933682" lon="120.349848"><ele>361</ele></trkpt>
      <trkpt lat="26.933689" lon="120.349841"><ele>362</ele></trkpt>
      <trkpt lat="26.933693" lon="120.349841"><ele>363</ele></trkpt>
      <trkpt lat="26.933636" lon="120.349842"><ele>364</ele></trkpt>
      <trkpt lat="26.93363" lon="120.349843"><ele>365</ele></trkpt>
      <trkpt lat="26.933623" lon="120.349844"><ele>366</ele></trkpt>
      <trkpt lat="26.933594" lon="120.349839"><ele>366</ele></trkpt>
      <trkpt lat="26.933584" lon="120.349839"><ele>367</ele></trkpt>
      <trkpt lat="26.933534" lon="120.349837"><ele>368</ele></trkpt>
      <trkpt lat="26.933534" lon="120.349837"><ele>368</ele></trkpt>
      <trkpt lat="26.933533" lon="120.349838"><ele>369</ele></trkpt>
      <trkpt lat="26.933521" lon="120.349877"><ele>370</ele></trkpt>
      <trkpt lat="26.933521" lon="120.349877"><ele>371</ele></trkpt>
      <trkpt lat="26.933521" lon="120.349878"><ele>372</ele></trkpt>
      <trkpt lat="26.933458" lon="120.349916"><ele>372</ele></trkpt>
      <trkpt lat="26.933458" lon="120.349914"><ele>373</ele></trkpt>
      <trkpt lat="26.933464" lon="120.349912"><ele>374</ele></trkpt>
      <trkpt lat="26.933363" lon="120.349958"><ele>374</ele></trkpt>
      <trkpt lat="26.933337" lon="120.349969"><ele>376</ele></trkpt>
      <trkpt lat="26.933334" lon="120.34997"><ele>379</ele></trkpt>
      <trkpt lat="26.933329" lon="120.349967"><ele>380</ele></trkpt>
      <trkpt lat="26.933303" lon="120.349948"><ele>383</ele></trkpt>
      <trkpt lat="26.933291" lon="120.34994"><ele>386</ele></trkpt>
      <trkpt lat="26.933291" lon="120.34994"><ele>386</ele></trkpt>
      <trkpt lat="26.933271" lon="120.349929"><ele>386</ele></trkpt>
      <trkpt lat="26.933261" lon="120.349929"><ele>386</ele></trkpt>
      <trkpt lat="26.933236" lon="120.349925"><ele>386</ele></trkpt>
      <trkpt lat="26.93323" lon="120.349931"><ele>386</ele></trkpt>
      <trkpt lat="26.933231" lon="120.349937"><ele>386</ele></trkpt>
      <trkpt lat="26.933243" lon="120.349986"><ele>386</ele></trkpt>
      <trkpt lat="26.933243" lon="120.349986"><ele>386</ele></trkpt>
      <trkpt lat="26.933243" lon="120.349986"><ele>386</ele></trkpt>
      <trkpt lat="26.933234" lon="120.350073"><ele>388</ele></trkpt>
      <trkpt lat="26.933234" lon="120.350073"><ele>389</ele></trkpt>
      <trkpt lat="26.933233" lon="120.350073"><ele>389</ele></trkpt>
      <trkpt lat="26.933155" lon="120.35004"><ele>389</ele></trkpt>
      <trkpt lat="26.933151" lon="120.35004"><ele>392</ele></trkpt>
      <trkpt lat="26.933146" lon="120.350049"><ele>395</ele></trkpt>
      <trkpt lat="26.933119" lon="120.350105"><ele>395</ele></trkpt>
      <trkpt lat="26.933104" lon="120.350125"><ele>395</ele></trkpt>
      <trkpt lat="26.933079" lon="120.350142"><ele>395</ele></trkpt>
      <trkpt lat="26.933062" lon="120.350149"><ele>395</ele></trkpt>
      <trkpt lat="26.933026" lon="120.350163"><ele>397</ele></trkpt>
      <trkpt lat="26.933026" lon="120.350163"><ele>399</ele></trkpt>
      <trkpt lat="26.933004" lon="120.350189"><ele>400</ele></trkpt>
      <trkpt lat="26.932992" lon="120.35021"><ele>400</ele></trkpt>
      <trkpt lat="26.932984" lon="120.350221"><ele>400</ele></trkpt>
      <trkpt lat="26.932965" lon="120.350248"><ele>400</ele></trkpt>
      <trkpt lat="26.932955" lon="120.350261"><ele>401</ele></trkpt>
      <trkpt lat="26.932943" lon="120.350276"><ele>403</ele></trkpt>
      <trkpt lat="26.93293" lon="120.350291"><ele>403</ele></trkpt>
      <trkpt lat="26.93292" lon="120.350304"><ele>403</ele></trkpt>
      <trkpt lat="26.93291" lon="120.350314"><ele>403</ele></trkpt>
      <trkpt lat="26.932888" lon="120.350334"><ele>404</ele></trkpt>
      <trkpt lat="26.932883" lon="120.350342"><ele>404</ele></trkpt>
      <trkpt lat="26.932857" lon="120.350388"><ele>404</ele></trkpt>
      <trkpt lat="26.93285" lon="120.350402"><ele>404</ele></trkpt>
      <trkpt lat="26.932845" lon="120.350408"><ele>405</ele></trkpt>
      <trkpt lat="26.9328" lon="120.350468"><ele>405</ele></trkpt>
      <trkpt lat="26.932788" lon="120.350491"><ele>408</ele></trkpt>
      <trkpt lat="26.93278" lon="120.350514"><ele>411</ele></trkpt>
      <trkpt lat="26.932776" lon="120.350534"><ele>412</ele></trkpt>
      <trkpt lat="26.932772" lon="120.350553"><ele>414</ele></trkpt>
      <trkpt lat="26.932768" lon="120.350567"><ele>415</ele></trkpt>
      <trkpt lat="26.932757" lon="120.350597"><ele>416</ele></trkpt>
      <trkpt lat="26.932751" lon="120.35061"><ele>417</ele></trkpt>
      <trkpt lat="26.932744" lon="120.350626"><ele>418</ele></trkpt>
      <trkpt lat="26.932736" lon="120.350643"><ele>419</ele></trkpt>
      <trkpt lat="26.932727" lon="120.350658"><ele>420</ele></trkpt>
      <trkpt lat="26.932717" lon="120.350676"><ele>421</ele></trkpt>
      <trkpt lat="26.932709" lon="120.350692"><ele>421</ele></trkpt>
      <trkpt lat="26.9327" lon="120.350706"><ele>421</ele></trkpt>
      <trkpt lat="26.932689" lon="120.35072"><ele>421</ele></trkpt>
      <trkpt lat="26.932677" lon="120.350733"><ele>422</ele></trkpt>
      <trkpt lat="26.932664" lon="120.350747"><ele>422</ele></trkpt>
      <trkpt lat="26.93265" lon="120.350761"><ele>422</ele></trkpt>
      <trkpt lat="26.932635" lon="120.350778"><ele>422</ele></trkpt>
      <trkpt lat="26.93262" lon="120.350793"><ele>423</ele></trkpt>
      <trkpt lat="26.932607" lon="120.350809"><ele>423</ele></trkpt>
      <trkpt lat="26.932597" lon="120.350824"><ele>423</ele></trkpt>
      <trkpt lat="26.932588" lon="120.350841"><ele>424</ele></trkpt>
      <trkpt lat="26.932581" lon="120.350855"><ele>424</ele></trkpt>
      <trkpt lat="26.932573" lon="120.350865"><ele>425</ele></trkpt>
      <trkpt lat="26.932564" lon="120.350874"><ele>425</ele></trkpt>
      <trkpt lat="26.932553" lon="120.350884"><ele>426</ele></trkpt>
      <trkpt lat="26.932541" lon="120.350894"><ele>427</ele></trkpt>
      <trkpt lat="26.932529" lon="120.350906"><ele>427</ele></trkpt>
      <trkpt lat="26.932519" lon="120.350921"><ele>428</ele></trkpt>
      <trkpt lat="26.932511" lon="120.350933"><ele>428</ele></trkpt>
      <trkpt lat="26.932501" lon="120.350947"><ele>428</ele></trkpt>
      <trkpt lat="26.932491" lon="120.350962"><ele>429</ele></trkpt>
      <trkpt lat="26.932487" lon="120.350979"><ele>429</ele></trkpt>
      <trkpt lat="26.932486" lon="120.350996"><ele>429</ele></trkpt>
      <trkpt lat="26.932485" lon="120.35102"><ele>429</ele></trkpt>
      <trkpt lat="26.932484" lon="120.351044"><ele>429</ele></trkpt>
      <trkpt lat="26.932484" lon="120.351065"><ele>429</ele></trkpt>
      <trkpt lat="26.932484" lon="120.351077"><ele>429</ele></trkpt>
      <trkpt lat="26.932481" lon="120.351081"><ele>429</ele></trkpt>
      <trkpt lat="26.932462" lon="120.3511"><ele>430</ele></trkpt>
      <trkpt lat="26.932444" lon="120.351117"><ele>430</ele></trkpt>
      <trkpt lat="26.932431" lon="120.351131"><ele>430</ele></trkpt>
      <trkpt lat="26.932423" lon="120.351144"><ele>430</ele></trkpt>
      <trkpt lat="26.932417" lon="120.35115"><ele>430</ele></trkpt>
      <trkpt lat="26.932406" lon="120.351159"><ele>430</ele></trkpt>
      <trkpt lat="26.932399" lon="120.351168"><ele>430</ele></trkpt>
      <trkpt lat="26.932389" lon="120.351185"><ele>430</ele></trkpt>
      <trkpt lat="26.932359" lon="120.35123"><ele>430</ele></trkpt>
      <trkpt lat="26.932359" lon="120.35123"><ele>429</ele></trkpt>
      <trkpt lat="26.932359" lon="120.351235"><ele>429</ele></trkpt>
      <trkpt lat="26.932362" lon="120.351272"><ele>428</ele></trkpt>
      <trkpt lat="26.932362" lon="120.351283"><ele>427</ele></trkpt>
      <trkpt lat="26.932359" lon="120.351289"><ele>427</ele></trkpt>
      <trkpt lat="26.932351" lon="120.351298"><ele>427</ele></trkpt>
      <trkpt lat="26.932339" lon="120.351311"><ele>427</ele></trkpt>
      <trkpt lat="26.932339" lon="120.351311"><ele>427</ele></trkpt>
      <trkpt lat="26.932335" lon="120.351325"><ele>427</ele></trkpt>
      <trkpt lat="26.932325" lon="120.351357"><ele>427</ele></trkpt>
      <trkpt lat="26.932319" lon="120.351375"><ele>426</ele></trkpt>
      <trkpt lat="26.932319" lon="120.351377"><ele>426</ele></trkpt>
      <trkpt lat="26.932311" lon="120.351426"><ele>426</ele></trkpt>
      <trkpt lat="26.932305" lon="120.35146"><ele>426</ele></trkpt>
      <trkpt lat="26.932305" lon="120.351461"><ele>426</ele></trkpt>
      <trkpt lat="26.932302" lon="120.351487"><ele>426</ele></trkpt>
      <trkpt lat="26.932294" lon="120.351535"><ele>426</ele></trkpt>
      <trkpt lat="26.93229" lon="120.351554"><ele>426</ele></trkpt>
      <trkpt lat="26.932284" lon="120.351571"><ele>426</ele></trkpt>
      <trkpt lat="26.932279" lon="120.351586"><ele>426</ele></trkpt>
      <trkpt lat="26.932276" lon="120.351601"><ele>426</ele></trkpt>
      <trkpt lat="26.932275" lon="120.351618"><ele>426</ele></trkpt>
      <trkpt lat="26.932275" lon="120.351631"><ele>426</ele></trkpt>
      <trkpt lat="26.932278" lon="120.351643"><ele>426</ele></trkpt>
      <trkpt lat="26.932278" lon="120.351655"><ele>426</ele></trkpt>
      <trkpt lat="26.932281" lon="120.351667"><ele>427</ele></trkpt>
      <trkpt lat="26.932291" lon="120.351715"><ele>427</ele></trkpt>
      <trkpt lat="26.932291" lon="120.351715"><ele>427</ele></trkpt>
      <trkpt lat="26.93229" lon="120.351719"><ele>427</ele></trkpt>
      <trkpt lat="26.932283" lon="120.35176"><ele>427</ele></trkpt>
      <trkpt lat="26.93228" lon="120.351782"><ele>427</ele></trkpt>
      <trkpt lat="26.932273" lon="120.351799"><ele>427</ele></trkpt>
      <trkpt lat="26.932267" lon="120.351819"><ele>427</ele></trkpt>
      <trkpt lat="26.932261" lon="120.351842"><ele>427</ele></trkpt>
      <trkpt lat="26.932256" lon="120.351862"><ele>427</ele></trkpt>
      <trkpt lat="26.932253" lon="120.351873"><ele>427</ele></trkpt>
      <trkpt lat="26.932251" lon="120.351876"><ele>427</ele></trkpt>
      <trkpt lat="26.932215" lon="120.351918"><ele>427</ele></trkpt>
      <trkpt lat="26.932215" lon="120.351919"><ele>427</ele></trkpt>
      <trkpt lat="26.932213" lon="120.351921"><ele>428</ele></trkpt>
      <trkpt lat="26.932189" lon="120.351942"><ele>428</ele></trkpt>
      <trkpt lat="26.932179" lon="120.351951"><ele>428</ele></trkpt>
      <trkpt lat="26.932171" lon="120.351962"><ele>428</ele></trkpt>
      <trkpt lat="26.932172" lon="120.351969"><ele>428</ele></trkpt>
      <trkpt lat="26.932171" lon="120.351994"><ele>429</ele></trkpt>
      <trkpt lat="26.93217" lon="120.352024"><ele>429</ele></trkpt>
      <trkpt lat="26.93217" lon="120.352024"><ele>429</ele></trkpt>
      <trkpt lat="26.932169" lon="120.352028"><ele>428</ele></trkpt>
      <trkpt lat="26.932151" lon="120.352071"><ele>428</ele></trkpt>
      <trkpt lat="26.93215" lon="120.352079"><ele>428</ele></trkpt>
      <trkpt lat="26.93214" lon="120.352147"><ele>428</ele></trkpt>
      <trkpt lat="26.93214" lon="120.352155"><ele>428</ele></trkpt>
      <trkpt lat="26.932138" lon="120.352158"><ele>427</ele></trkpt>
      <trkpt lat="26.932108" lon="120.352202"><ele>426</ele></trkpt>
      <trkpt lat="26.932108" lon="120.352208"><ele>425</ele></trkpt>
      <trkpt lat="26.932107" lon="120.352215"><ele>424</ele></trkpt>
      <trkpt lat="26.932105" lon="120.352252"><ele>424</ele></trkpt>
      <trkpt lat="26.932106" lon="120.352262"><ele>422</ele></trkpt>
      <trkpt lat="26.932111" lon="120.352272"><ele>419</ele></trkpt>
      <trkpt lat="26.932128" lon="120.352287"><ele>419</ele></trkpt>
      <trkpt lat="26.932137" lon="120.352291"><ele>418</ele></trkpt>
      <trkpt lat="26.932137" lon="120.352292"><ele>418</ele></trkpt>
      <trkpt lat="26.932127" lon="120.352345"><ele>417</ele></trkpt>
      <trkpt lat="26.932127" lon="120.352345"><ele>417</ele></trkpt>
      <trkpt lat="26.932126" lon="120.352345"><ele>417</ele></trkpt>
      <trkpt lat="26.932105" lon="120.352419"><ele>417</ele></trkpt>
      <trkpt lat="26.932105" lon="120.352419"><ele>417</ele></trkpt>
      <trkpt lat="26.932107" lon="120.352423"><ele>416</ele></trkpt>
      <trkpt lat="26.932133" lon="120.352475"><ele>416</ele></trkpt>
      <trkpt lat="26.932134" lon="120.352479"><ele>415</ele></trkpt>
      <trkpt lat="26.932136" lon="120.352481"><ele>413</ele></trkpt>
      <trkpt lat="26.93216" lon="120.352515"><ele>413</ele></trkpt>
      <trkpt lat="26.932164" lon="120.352527"><ele>412</ele></trkpt>
      <trkpt lat="26.932173" lon="120.35255"><ele>412</ele></trkpt>
      <trkpt lat="26.932183" lon="120.352576"><ele>411</ele></trkpt>
      <trkpt lat="26.932183" lon="120.352576"><ele>410</ele></trkpt>
      <trkpt lat="26.932196" lon="120.352577"><ele>409</ele></trkpt>
      <trkpt lat="26.932212" lon="120.352577"><ele>409</ele></trkpt>
      <trkpt lat="26.932229" lon="120.352576"><ele>408</ele></trkpt>
      <trkpt lat="26.932246" lon="120.352575"><ele>408</ele></trkpt>
      <trkpt lat="26.932258" lon="120.352577"><ele>407</ele></trkpt>
      <trkpt lat="26.932269" lon="120.35258"><ele>407</ele></trkpt>
      <trkpt lat="26.932278" lon="120.352584"><ele>406</ele></trkpt>
      <trkpt lat="26.932286" lon="120.352587"><ele>406</ele></trkpt>
      <trkpt lat="26.932295" lon="120.352593"><ele>405</ele></trkpt>
      <trkpt lat="26.932304" lon="120.352596"><ele>405</ele></trkpt>
      <trkpt lat="26.932309" lon="120.352601"><ele>404</ele></trkpt>
      <trkpt lat="26.932335" lon="120.352623"><ele>404</ele></trkpt>
      <trkpt lat="26.932335" lon="120.352623"><ele>403</ele></trkpt>
      <trkpt lat="26.932379" lon="120.35266"><ele>403</ele></trkpt>
      <trkpt lat="26.932379" lon="120.35266"><ele>402</ele></trkpt>
      <trkpt lat="26.932381" lon="120.352664"><ele>401</ele></trkpt>
      <trkpt lat="26.932394" lon="120.352691"><ele>400</ele></trkpt>
      <trkpt lat="26.932401" lon="120.352708"><ele>399</ele></trkpt>
      <trkpt lat="26.932409" lon="120.352725"><ele>398</ele></trkpt>
      <trkpt lat="26.932417" lon="120.352736"><ele>398</ele></trkpt>
      <trkpt lat="26.932424" lon="120.352743"><ele>397</ele></trkpt>
      <trkpt lat="26.932432" lon="120.352749"><ele>396</ele></trkpt>
      <trkpt lat="26.932438" lon="120.352757"><ele>395</ele></trkpt>
      <trkpt lat="26.932442" lon="120.352766"><ele>394</ele></trkpt>
      <trkpt lat="26.932447" lon="120.35278"><ele>394</ele></trkpt>
      <trkpt lat="26.932452" lon="120.352791"><ele>393</ele></trkpt>
      <trkpt lat="26.932456" lon="120.3528"><ele>393</ele></trkpt>
      <trkpt lat="26.93246" lon="120.352813"><ele>392</ele></trkpt>
      <trkpt lat="26.932464" lon="120.352825"><ele>392</ele></trkpt>
      <trkpt lat="26.932469" lon="120.352835"><ele>391</ele></trkpt>
      <trkpt lat="26.932476" lon="120.352844"><ele>391</ele></trkpt>
      <trkpt lat="26.932483" lon="120.35285"><ele>390</ele></trkpt>
      <trkpt lat="26.932492" lon="120.352857"><ele>390</ele></trkpt>
      <trkpt lat="26.9325" lon="120.352865"><ele>389</ele></trkpt>
      <trkpt lat="26.932508" lon="120.352876"><ele>389</ele></trkpt>
      <trkpt lat="26.932517" lon="120.352888"><ele>388</ele></trkpt>
      <trkpt lat="26.932525" lon="120.352902"><ele>388</ele></trkpt>
      <trkpt lat="26.932534" lon="120.352915"><ele>388</ele></trkpt>
      <trkpt lat="26.932543" lon="120.352923"><ele>387</ele></trkpt>
      <trkpt lat="26.932554" lon="120.35293"><ele>387</ele></trkpt>
      <trkpt lat="26.932569" lon="120.352934"><ele>386</ele></trkpt>
      <trkpt lat="26.932586" lon="120.352937"><ele>386</ele></trkpt>
      <trkpt lat="26.932603" lon="120.352939"><ele>385</ele></trkpt>
      <trkpt lat="26.932622" lon="120.352941"><ele>385</ele></trkpt>
      <trkpt lat="26.932644" lon="120.352942"><ele>384</ele></trkpt>
      <trkpt lat="26.932662" lon="120.352944"><ele>384</ele></trkpt>
      <trkpt lat="26.932679" lon="120.352948"><ele>383</ele></trkpt>
      <trkpt lat="26.932696" lon="120.352954"><ele>383</ele></trkpt>
      <trkpt lat="26.932709" lon="120.352962"><ele>382</ele></trkpt>
      <trkpt lat="26.932722" lon="120.352969"><ele>381</ele></trkpt>
      <trkpt lat="26.932737" lon="120.352974"><ele>381</ele></trkpt>
      <trkpt lat="26.932754" lon="120.352975"><ele>380</ele></trkpt>
      <trkpt lat="26.932769" lon="120.352971"><ele>379</ele></trkpt>
      <trkpt lat="26.932785" lon="120.352963"><ele>378</ele></trkpt>
      <trkpt lat="26.9328" lon="120.352955"><ele>377</ele></trkpt>
      <trkpt lat="26.932814" lon="120.35295"><ele>377</ele></trkpt>
      <trkpt lat="26.93283" lon="120.352942"><ele>376</ele></trkpt>
      <trkpt lat="26.932848" lon="120.35293"><ele>375</ele></trkpt>
      <trkpt lat="26.932865" lon="120.352917"><ele>375</ele></trkpt>
      <trkpt lat="26.932884" lon="120.352904"><ele>374</ele></trkpt>
      <trkpt lat="26.932897" lon="120.352895"><ele>374</ele></trkpt>
      <trkpt lat="26.932902" lon="120.352893"><ele>373</ele></trkpt>
      <trkpt lat="26.932908" lon="120.35289"><ele>372</ele></trkpt>
      <trkpt lat="26.932928" lon="120.35288"><ele>372</ele></trkpt>
      <trkpt lat="26.932944" lon="120.352872"><ele>371</ele></trkpt>
      <trkpt lat="26.932962" lon="120.352863"><ele>371</ele></trkpt>
      <trkpt lat="26.932981" lon="120.352855"><ele>371</ele></trkpt>
      <trkpt lat="26.932999" lon="120.352852"><ele>370</ele></trkpt>
      <trkpt lat="26.933016" lon="120.352851"><ele>370</ele></trkpt>
      <trkpt lat="26.933031" lon="120.35285"><ele>370</ele></trkpt>
      <trkpt lat="26.933042" lon="120.352849"><ele>369</ele></trkpt>
      <trkpt lat="26.933051" lon="120.352848"><ele>368</ele></trkpt>
      <trkpt lat="26.93306" lon="120.352848"><ele>368</ele></trkpt>
      <trkpt lat="26.93307" lon="120.352848"><ele>367</ele></trkpt>
      <trkpt lat="26.933081" lon="120.352849"><ele>367</ele></trkpt>
      <trkpt lat="26.933095" lon="120.352849"><ele>366</ele></trkpt>
      <trkpt lat="26.933109" lon="120.352845"><ele>366</ele></trkpt>
      <trkpt lat="26.933126" lon="120.352838"><ele>366</ele></trkpt>
      <trkpt lat="26.933143" lon="120.352833"><ele>365</ele></trkpt>
      <trkpt lat="26.933159" lon="120.352834"><ele>365</ele></trkpt>
      <trkpt lat="26.933176" lon="120.352837"><ele>364</ele></trkpt>
      <trkpt lat="26.933195" lon="120.352839"><ele>364</ele></trkpt>
      <trkpt lat="26.93321" lon="120.35284"><ele>363</ele></trkpt>
      <trkpt lat="26.93322" lon="120.352843"><ele>362</ele></trkpt>
      <trkpt lat="26.93323" lon="120.352846"><ele>362</ele></trkpt>
      <trkpt lat="26.933239" lon="120.352852"><ele>361</ele></trkpt>
      <trkpt lat="26.933251" lon="120.352857"><ele>360</ele></trkpt>
      <trkpt lat="26.933265" lon="120.352862"><ele>360</ele></trkpt>
      <trkpt lat="26.93328" lon="120.352866"><ele>360</ele></trkpt>
      <trkpt lat="26.933296" lon="120.352869"><ele>359</ele></trkpt>
      <trkpt lat="26.933313" lon="120.352872"><ele>359</ele></trkpt>
      <trkpt lat="26.933332" lon="120.352875"><ele>359</ele></trkpt>
      <trkpt lat="26.933351" lon="120.352877"><ele>358</ele></trkpt>
      <trkpt lat="26.933367" lon="120.352878"><ele>358</ele></trkpt>
      <trkpt lat="26.933384" lon="120.35288"><ele>357</ele></trkpt>
      <trkpt lat="26.933401" lon="120.352884"><ele>357</ele></trkpt>
      <trkpt lat="26.933416" lon="120.352893"><ele>356</ele></trkpt>
      <trkpt lat="26.933428" lon="120.352905"><ele>356</ele></trkpt>
      <trkpt lat="26.933435" lon="120.352917"><ele>355</ele></trkpt>
      <trkpt lat="26.933441" lon="120.352936"><ele>355</ele></trkpt>
      <trkpt lat="26.933449" lon="120.352957"><ele>354</ele></trkpt>
      <trkpt lat="26.933461" lon="120.352975"><ele>353</ele></trkpt>
      <trkpt lat="26.933476" lon="120.352988"><ele>353</ele></trkpt>
      <trkpt lat="26.933492" lon="120.352996"><ele>353</ele></trkpt>
      <trkpt lat="26.93351" lon="120.353003"><ele>353</ele></trkpt>
      <trkpt lat="26.933529" lon="120.353008"><ele>353</ele></trkpt>
      <trkpt lat="26.933547" lon="120.353011"><ele>353</ele></trkpt>
      <trkpt lat="26.933562" lon="120.353012"><ele>353</ele></trkpt>
      <trkpt lat="26.933578" lon="120.353011"><ele>352</ele></trkpt>
      <trkpt lat="26.933593" lon="120.353009"><ele>352</ele></trkpt>
      <trkpt lat="26.933608" lon="120.353005"><ele>351</ele></trkpt>
      <trkpt lat="26.933624" lon="120.352999"><ele>350</ele></trkpt>
      <trkpt lat="26.933638" lon="120.352991"><ele>350</ele></trkpt>
      <trkpt lat="26.933653" lon="120.352983"><ele>349</ele></trkpt>
      <trkpt lat="26.933667" lon="120.352979"><ele>348</ele></trkpt>
      <trkpt lat="26.933681" lon="120.352978"><ele>348</ele></trkpt>
      <trkpt lat="26.933697" lon="120.352977"><ele>347</ele></trkpt>
      <trkpt lat="26.933705" lon="120.352975"><ele>346</ele></trkpt>
      <trkpt lat="26.93371" lon="120.352973"><ele>346</ele></trkpt>
      <trkpt lat="26.933716" lon="120.352971"><ele>345</ele></trkpt>
      <trkpt lat="26.933743" lon="120.35296"><ele>345</ele></trkpt>
      <trkpt lat="26.933743" lon="120.35296"><ele>344</ele></trkpt>
      <trkpt lat="26.933746" lon="120.352959"><ele>344</ele></trkpt>
      <trkpt lat="26.933778" lon="120.352954"><ele>344</ele></trkpt>
      <trkpt lat="26.933795" lon="120.352954"><ele>343</ele></trkpt>
      <trkpt lat="26.933812" lon="120.352958"><ele>343</ele></trkpt>
      <trkpt lat="26.933829" lon="120.352963"><ele>343</ele></trkpt>
      <trkpt lat="26.933846" lon="120.352966"><ele>342</ele></trkpt>
      <trkpt lat="26.933861" lon="120.352965"><ele>341</ele></trkpt>
      <trkpt lat="26.933877" lon="120.352966"><ele>341</ele></trkpt>
      <trkpt lat="26.933892" lon="120.352969"><ele>340</ele></trkpt>
      <trkpt lat="26.933908" lon="120.35297"><ele>340</ele></trkpt>
      <trkpt lat="26.933923" lon="120.352971"><ele>339</ele></trkpt>
      <trkpt lat="26.933935" lon="120.352974"><ele>339</ele></trkpt>
      <trkpt lat="26.933949" lon="120.352978"><ele>338</ele></trkpt>
      <trkpt lat="26.933963" lon="120.352981"><ele>338</ele></trkpt>
      <trkpt lat="26.933976" lon="120.352982"><ele>338</ele></trkpt>
      <trkpt lat="26.933988" lon="120.352983"><ele>337</ele></trkpt>
      <trkpt lat="26.934002" lon="120.352983"><ele>337</ele></trkpt>
      <trkpt lat="26.934018" lon="120.352984"><ele>336</ele></trkpt>
      <trkpt lat="26.934033" lon="120.352985"><ele>336</ele></trkpt>
      <trkpt lat="26.93405" lon="120.352989"><ele>335</ele></trkpt>
      <trkpt lat="26.934066" lon="120.352996"><ele>335</ele></trkpt>
      <trkpt lat="26.934083" lon="120.353005"><ele>335</ele></trkpt>
      <trkpt lat="26.934098" lon="120.353015"><ele>334</ele></trkpt>
      <trkpt lat="26.934112" lon="120.353024"><ele>334</ele></trkpt>
      <trkpt lat="26.934125" lon="120.353033"><ele>333</ele></trkpt>
      <trkpt lat="26.934139" lon="120.353041"><ele>332</ele></trkpt>
      <trkpt lat="26.934151" lon="120.353048"><ele>332</ele></trkpt>
      <trkpt lat="26.934155" lon="120.353051"><ele>331</ele></trkpt>
      <trkpt lat="26.93418" lon="120.353063"><ele>330</ele></trkpt>
      <trkpt lat="26.93418" lon="120.353063"><ele>330</ele></trkpt>
      <trkpt lat="26.934183" lon="120.353065"><ele>329</ele></trkpt>
      <trkpt lat="26.934216" lon="120.353083"><ele>329</ele></trkpt>
      <trkpt lat="26.934235" lon="120.353093"><ele>329</ele></trkpt>
      <trkpt lat="26.934254" lon="120.353102"><ele>328</ele></trkpt>
      <trkpt lat="26.934272" lon="120.353111"><ele>328</ele></trkpt>
      <trkpt lat="26.93429" lon="120.35312"><ele>328</ele></trkpt>
      <trkpt lat="26.934304" lon="120.35313"><ele>327</ele></trkpt>
      <trkpt lat="26.934322" lon="120.353141"><ele>326</ele></trkpt>
      <trkpt lat="26.934341" lon="120.353149"><ele>326</ele></trkpt>
      <trkpt lat="26.934357" lon="120.353151"><ele>325</ele></trkpt>
      <trkpt lat="26.934373" lon="120.353148"><ele>325</ele></trkpt>
      <trkpt lat="26.934392" lon="120.353143"><ele>324</ele></trkpt>
      <trkpt lat="26.934412" lon="120.353138"><ele>324</ele></trkpt>
      <trkpt lat="26.934431" lon="120.353131"><ele>324</ele></trkpt>
      <trkpt lat="26.934451" lon="120.353121"><ele>324</ele></trkpt>
      <trkpt lat="26.934471" lon="120.353116"><ele>324</ele></trkpt>
      <trkpt lat="26.934489" lon="120.353114"><ele>323</ele></trkpt>
      <trkpt lat="26.93451" lon="120.353111"><ele>323</ele></trkpt>
      <trkpt lat="26.934531" lon="120.353109"><ele>322</ele></trkpt>
      <trkpt lat="26.934554" lon="120.353109"><ele>322</ele></trkpt>
      <trkpt lat="26.934575" lon="120.353109"><ele>321</ele></trkpt>
      <trkpt lat="26.934597" lon="120.353107"><ele>321</ele></trkpt>
      <trkpt lat="26.93462" lon="120.353103"><ele>320</ele></trkpt>
      <trkpt lat="26.934639" lon="120.353099"><ele>320</ele></trkpt>
      <trkpt lat="26.934647" lon="120.353098"><ele>319</ele></trkpt>
      <trkpt lat="26.934652" lon="120.3531"><ele>319</ele></trkpt>
      <trkpt lat="26.934673" lon="120.35311"><ele>319</ele></trkpt>
      <trkpt lat="26.934682" lon="120.353117"><ele>318</ele></trkpt>
      <trkpt lat="26.934689" lon="120.353127"><ele>318</ele></trkpt>
      <trkpt lat="26.934689" lon="120.353128"><ele>318</ele></trkpt>
      <trkpt lat="26.934673" lon="120.353147"><ele>318</ele></trkpt>
      <trkpt lat="26.934671" lon="120.35315"><ele>317</ele></trkpt>
      <trkpt lat="26.934671" lon="120.353151"><ele>317</ele></trkpt>
      <trkpt lat="26.934679" lon="120.353197"><ele>317</ele></trkpt>
      <trkpt lat="26.934678" lon="120.353197"><ele>317</ele></trkpt>
      <trkpt lat="26.934678" lon="120.3532"><ele>317</ele></trkpt>
      <trkpt lat="26.934663" lon="120.353242"><ele>317</ele></trkpt>
      <trkpt lat="26.934659" lon="120.353253"><ele>317</ele></trkpt>
      <trkpt lat="26.934655" lon="120.353262"><ele>317</ele></trkpt>
      <trkpt lat="26.934647" lon="120.353285"><ele>317</ele></trkpt>
      <trkpt lat="26.934642" lon="120.353299"><ele>317</ele></trkpt>
      <trkpt lat="26.934637" lon="120.353312"><ele>317</ele></trkpt>
      <trkpt lat="26.93463" lon="120.353326"><ele>317</ele></trkpt>
      <trkpt lat="26.934623" lon="120.353337"><ele>317</ele></trkpt>
      <trkpt lat="26.934616" lon="120.353349"><ele>317</ele></trkpt>
      <trkpt lat="26.934608" lon="120.353366"><ele>318</ele></trkpt>
      <trkpt lat="26.9346" lon="120.353387"><ele>318</ele></trkpt>
      <trkpt lat="26.934594" lon="120.353409"><ele>318</ele></trkpt>
      <trkpt lat="26.934591" lon="120.353432"><ele>318</ele></trkpt>
      <trkpt lat="26.93459" lon="120.353456"><ele>318</ele></trkpt>
      <trkpt lat="26.93459" lon="120.353481"><ele>318</ele></trkpt>
      <trkpt lat="26.934589" lon="120.353505"><ele>318</ele></trkpt>
      <trkpt lat="26.934586" lon="120.353527"><ele>318</ele></trkpt>
      <trkpt lat="26.934582" lon="120.353542"><ele>318</ele></trkpt>
      <trkpt lat="26.934579" lon="120.353559"><ele>318</ele></trkpt>
      <trkpt lat="26.934577" lon="120.353576"><ele>318</ele></trkpt>
      <trkpt lat="26.934579" lon="120.353596"><ele>318</ele></trkpt>
      <trkpt lat="26.934583" lon="120.353614"><ele>318</ele></trkpt>
      <trkpt lat="26.934589" lon="120.353634"><ele>318</ele></trkpt>
      <trkpt lat="26.934597" lon="120.353652"><ele>318</ele></trkpt>
      <trkpt lat="26.934607" lon="120.353671"><ele>318</ele></trkpt>
      <trkpt lat="26.934615" lon="120.353693"><ele>318</ele></trkpt>
      <trkpt lat="26.934623" lon="120.353715"><ele>318</ele></trkpt>
      <trkpt lat="26.934632" lon="120.353739"><ele>318</ele></trkpt>
      <trkpt lat="26.934641" lon="120.353764"><ele>318</ele></trkpt>
      <trkpt lat="26.93465" lon="120.353786"><ele>318</ele></trkpt>
      <trkpt lat="26.934658" lon="120.353809"><ele>318</ele></trkpt>
      <trkpt lat="26.934664" lon="120.353833"><ele>318</ele></trkpt>
      <trkpt lat="26.93467" lon="120.353856"><ele>318</ele></trkpt>
      <trkpt lat="26.934679" lon="120.353879"><ele>318</ele></trkpt>
      <trkpt lat="26.934683" lon="120.353889"><ele>318</ele></trkpt>
      <trkpt lat="26.934683" lon="120.353891"><ele>318</ele></trkpt>
      <trkpt lat="26.934668" lon="120.353932"><ele>317</ele></trkpt>
      <trkpt lat="26.934659" lon="120.353947"><ele>317</ele></trkpt>
      <trkpt lat="26.934643" lon="120.353976"><ele>317</ele></trkpt>
      <trkpt lat="26.934626" lon="120.354007"><ele>317</ele></trkpt>
      <trkpt lat="26.934612" lon="120.354033"><ele>317</ele></trkpt>
      <trkpt lat="26.934603" lon="120.354057"><ele>317</ele></trkpt>
      <trkpt lat="26.934602" lon="120.354081"><ele>317</ele></trkpt>
      <trkpt lat="26.934608" lon="120.354101"><ele>317</ele></trkpt>
      <trkpt lat="26.93462" lon="120.354123"><ele>317</ele></trkpt>
      <trkpt lat="26.934637" lon="120.354145"><ele>317</ele></trkpt>
      <trkpt lat="26.934654" lon="120.35417"><ele>317</ele></trkpt>
      <trkpt lat="26.934671" lon="120.354196"><ele>317</ele></trkpt>
      <trkpt lat="26.934686" lon="120.354223"><ele>317</ele></trkpt>
      <trkpt lat="26.9347" lon="120.354248"><ele>317</ele></trkpt>
      <trkpt lat="26.934712" lon="120.35427"><ele>318</ele></trkpt>
      <trkpt lat="26.934724" lon="120.354289"><ele>318</ele></trkpt>
      <trkpt lat="26.934736" lon="120.354308"><ele>318</ele></trkpt>
      <trkpt lat="26.934749" lon="120.354328"><ele>318</ele></trkpt>
      <trkpt lat="26.934761" lon="120.354346"><ele>318</ele></trkpt>
      <trkpt lat="26.934772" lon="120.354363"><ele>318</ele></trkpt>
      <trkpt lat="26.934787" lon="120.354383"><ele>318</ele></trkpt>
      <trkpt lat="26.934801" lon="120.354404"><ele>318</ele></trkpt>
      <trkpt lat="26.934817" lon="120.354425"><ele>318</ele></trkpt>
      <trkpt lat="26.934827" lon="120.354438"><ele>317</ele></trkpt>
      <trkpt lat="26.93483" lon="120.354444"><ele>317</ele></trkpt>
      <trkpt lat="26.934843" lon="120.35447"><ele>316</ele></trkpt>
      <trkpt lat="26.934843" lon="120.35447"><ele>316</ele></trkpt>
      <trkpt lat="26.934847" lon="120.354476"><ele>316</ele></trkpt>
      <trkpt lat="26.934859" lon="120.354496"><ele>316</ele></trkpt>
      <trkpt lat="26.934878" lon="120.35453"><ele>315</ele></trkpt>
      <trkpt lat="26.934895" lon="120.354565"><ele>314</ele></trkpt>
      <trkpt lat="26.934914" lon="120.354599"><ele>314</ele></trkpt>
      <trkpt lat="26.934929" lon="120.354631"><ele>314</ele></trkpt>
      <trkpt lat="26.934937" lon="120.354661"><ele>313</ele></trkpt>
      <trkpt lat="26.93494" lon="120.354685"><ele>313</ele></trkpt>
      <trkpt lat="26.934941" lon="120.354706"><ele>313</ele></trkpt>
      <trkpt lat="26.934943" lon="120.354724"><ele>313</ele></trkpt>
      <trkpt lat="26.934947" lon="120.354744"><ele>313</ele></trkpt>
      <trkpt lat="26.934953" lon="120.354766"><ele>313</ele></trkpt>
      <trkpt lat="26.934962" lon="120.354788"><ele>314</ele></trkpt>
      <trkpt lat="26.934974" lon="120.354806"><ele>314</ele></trkpt>
      <trkpt lat="26.934991" lon="120.354823"><ele>315</ele></trkpt>
      <trkpt lat="26.935009" lon="120.35484"><ele>315</ele></trkpt>
      <trkpt lat="26.935027" lon="120.35485"><ele>315</ele></trkpt>
      <trkpt lat="26.935046" lon="120.354859"><ele>315</ele></trkpt>
      <trkpt lat="26.935066" lon="120.354866"><ele>315</ele></trkpt>
      <trkpt lat="26.935085" lon="120.354871"><ele>315</ele></trkpt>
      <trkpt lat="26.935104" lon="120.354873"><ele>315</ele></trkpt>
      <trkpt lat="26.935122" lon="120.354874"><ele>316</ele></trkpt>
      <trkpt lat="26.935139" lon="120.354878"><ele>316</ele></trkpt>
      <trkpt lat="26.935152" lon="120.354886"><ele>316</ele></trkpt>
      <trkpt lat="26.935166" lon="120.354895"><ele>317</ele></trkpt>
      <trkpt lat="26.935181" lon="120.354904"><ele>317</ele></trkpt>
      <trkpt lat="26.935194" lon="120.354909"><ele>318</ele></trkpt>
      <trkpt lat="26.935209" lon="120.354913"><ele>318</ele></trkpt>
      <trkpt lat="26.935225" lon="120.354919"><ele>318</ele></trkpt>
      <trkpt lat="26.935236" lon="120.354928"><ele>319</ele></trkpt>
      <trkpt lat="26.935244" lon="120.35494"><ele>319</ele></trkpt>
      <trkpt lat="26.935251" lon="120.354954"><ele>319</ele></trkpt>
      <trkpt lat="26.935258" lon="120.354971"><ele>320</ele></trkpt>
      <trkpt lat="26.935263" lon="120.354988"><ele>320</ele></trkpt>
      <trkpt lat="26.935268" lon="120.355004"><ele>320</ele></trkpt>
      <trkpt lat="26.935276" lon="120.355017"><ele>320</ele></trkpt>
      <trkpt lat="26.935285" lon="120.35502"><ele>320</ele></trkpt>
      <trkpt lat="26.9353" lon="120.355019"><ele>320</ele></trkpt>
      <trkpt lat="26.935319" lon="120.355015"><ele>320</ele></trkpt>
      <trkpt lat="26.935337" lon="120.355007"><ele>320</ele></trkpt>
      <trkpt lat="26.935357" lon="120.354996"><ele>320</ele></trkpt>
      <trkpt lat="26.935375" lon="120.354991"><ele>320</ele></trkpt>
      <trkpt lat="26.935392" lon="120.354988"><ele>319</ele></trkpt>
      <trkpt lat="26.9354" lon="120.354987"><ele>319</ele></trkpt>
      <trkpt lat="26.935401" lon="120.354988"><ele>318</ele></trkpt>
      <trkpt lat="26.935416" lon="120.355013"><ele>318</ele></trkpt>
      <trkpt lat="26.935434" lon="120.355034"><ele>317</ele></trkpt>
      <trkpt lat="26.935446" lon="120.355047"><ele>317</ele></trkpt>
      <trkpt lat="26.935493" lon="120.355096"><ele>317</ele></trkpt>
      <trkpt lat="26.935493" lon="120.355096"><ele>317</ele></trkpt>
      <trkpt lat="26.935497" lon="120.355097"><ele>316</ele></trkpt>
      <trkpt lat="26.935533" lon="120.355108"><ele>315</ele></trkpt>
      <trkpt lat="26.93555" lon="120.355113"><ele>314</ele></trkpt>
      <trkpt lat="26.935567" lon="120.355119"><ele>313</ele></trkpt>
      <trkpt lat="26.935579" lon="120.355127"><ele>313</ele></trkpt>
      <trkpt lat="26.935587" lon="120.355137"><ele>313</ele></trkpt>
      <trkpt lat="26.935591" lon="120.355148"><ele>312</ele></trkpt>
      <trkpt lat="26.935594" lon="120.355162"><ele>312</ele></trkpt>
      <trkpt lat="26.935597" lon="120.35518"><ele>311</ele></trkpt>
      <trkpt lat="26.935602" lon="120.3552"><ele>311</ele></trkpt>
      <trkpt lat="26.935611" lon="120.355219"><ele>310</ele></trkpt>
      <trkpt lat="26.935625" lon="120.355232"><ele>310</ele></trkpt>
      <trkpt lat="26.935641" lon="120.355235"><ele>310</ele></trkpt>
      <trkpt lat="26.93566" lon="120.355234"><ele>310</ele></trkpt>
      <trkpt lat="26.935681" lon="120.355232"><ele>310</ele></trkpt>
      <trkpt lat="26.935704" lon="120.35523"><ele>310</ele></trkpt>
      <trkpt lat="26.93573" lon="120.355231"><ele>309</ele></trkpt>
      <trkpt lat="26.935755" lon="120.355234"><ele>309</ele></trkpt>
      <trkpt lat="26.935777" lon="120.355241"><ele>309</ele></trkpt>
      <trkpt lat="26.935798" lon="120.355245"><ele>308</ele></trkpt>
      <trkpt lat="26.935819" lon="120.355249"><ele>308</ele></trkpt>
      <trkpt lat="26.935841" lon="120.355254"><ele>308</ele></trkpt>
      <trkpt lat="26.935862" lon="120.35526"><ele>308</ele></trkpt>
      <trkpt lat="26.93588" lon="120.355266"><ele>308</ele></trkpt>
      <trkpt lat="26.935897" lon="120.355273"><ele>307</ele></trkpt>
      <trkpt lat="26.935913" lon="120.355279"><ele>306</ele></trkpt>
      <trkpt lat="26.935928" lon="120.355284"><ele>306</ele></trkpt>
      <trkpt lat="26.935941" lon="120.355287"><ele>305</ele></trkpt>
      <trkpt lat="26.935949" lon="120.35529"><ele>304</ele></trkpt>
      <trkpt lat="26.935956" lon="120.355295"><ele>303</ele></trkpt>
      <trkpt lat="26.935976" lon="120.355306"><ele>302</ele></trkpt>
      <trkpt lat="26.935987" lon="120.35531"><ele>301</ele></trkpt>
      <trkpt lat="26.935998" lon="120.355313"><ele>300</ele></trkpt>
      <trkpt lat="26.936009" lon="120.355316"><ele>300</ele></trkpt>
      <trkpt lat="26.93602" lon="120.35532"><ele>299</ele></trkpt>
      <trkpt lat="26.936032" lon="120.355323"><ele>298</ele></trkpt>
      <trkpt lat="26.936042" lon="120.355328"><ele>297</ele></trkpt>
      <trkpt lat="26.93605" lon="120.355333"><ele>296</ele></trkpt>
      <trkpt lat="26.936058" lon="120.355339"><ele>296</ele></trkpt>
      <trkpt lat="26.936067" lon="120.355347"><ele>295</ele></trkpt>
      <trkpt lat="26.936076" lon="120.355354"><ele>294</ele></trkpt>
      <trkpt lat="26.936086" lon="120.355362"><ele>294</ele></trkpt>
      <trkpt lat="26.936095" lon="120.35537"><ele>293</ele></trkpt>
      <trkpt lat="26.936102" lon="120.35538"><ele>292</ele></trkpt>
      <trkpt lat="26.936107" lon="120.355391"><ele>292</ele></trkpt>
      <trkpt lat="26.936113" lon="120.355403"><ele>291</ele></trkpt>
      <trkpt lat="26.936121" lon="120.355411"><ele>291</ele></trkpt>
      <trkpt lat="26.936131" lon="120.355413"><ele>290</ele></trkpt>
      <trkpt lat="26.93614" lon="120.355412"><ele>290</ele></trkpt>
      <trkpt lat="26.936149" lon="120.355412"><ele>290</ele></trkpt>
      <trkpt lat="26.936158" lon="120.355412"><ele>289</ele></trkpt>
      <trkpt lat="26.936167" lon="120.355409"><ele>288</ele></trkpt>
      <trkpt lat="26.936178" lon="120.355404"><ele>288</ele></trkpt>
      <trkpt lat="26.936189" lon="120.355396"><ele>287</ele></trkpt>
      <trkpt lat="26.936201" lon="120.35539"><ele>287</ele></trkpt>
      <trkpt lat="26.936212" lon="120.355382"><ele>287</ele></trkpt>
      <trkpt lat="26.936222" lon="120.355374"><ele>286</ele></trkpt>
      <trkpt lat="26.936229" lon="120.355368"><ele>286</ele></trkpt>
      <trkpt lat="26.936234" lon="120.355365"><ele>286</ele></trkpt>
      <trkpt lat="26.936257" lon="120.355356"><ele>286</ele></trkpt>
      <trkpt lat="26.936261" lon="120.355355"><ele>286</ele></trkpt>
      <trkpt lat="26.936268" lon="120.355355"><ele>286</ele></trkpt>
      <trkpt lat="26.936293" lon="120.355349"><ele>286</ele></trkpt>
      <trkpt lat="26.936312" lon="120.355345"><ele>286</ele></trkpt>
      <trkpt lat="26.936312" lon="120.355345"><ele>286</ele></trkpt>
      <trkpt lat="26.936336" lon="120.355351"><ele>286</ele></trkpt>
      <trkpt lat="26.936392" lon="120.355366"><ele>285</ele></trkpt>
      <trkpt lat="26.93641" lon="120.355372"><ele>285</ele></trkpt>
      <trkpt lat="26.936426" lon="120.355374"><ele>285</ele></trkpt>
      <trkpt lat="26.936445" lon="120.355374"><ele>285</ele></trkpt>
      <trkpt lat="26.936455" lon="120.355371"><ele>285</ele></trkpt>
      <trkpt lat="26.936459" lon="120.355369"><ele>285</ele></trkpt>
      <trkpt lat="26.936478" lon="120.355358"><ele>284</ele></trkpt>
      <trkpt lat="26.936488" lon="120.355353"><ele>284</ele></trkpt>
      <trkpt lat="26.936492" lon="120.355355"><ele>284</ele></trkpt>
      <trkpt lat="26.936523" lon="120.355378"><ele>284</ele></trkpt>
      <trkpt lat="26.936532" lon="120.355386"><ele>284</ele></trkpt>
      <trkpt lat="26.936533" lon="120.355387"><ele>284</ele></trkpt>
      <trkpt lat="26.936569" lon="120.355425"><ele>284</ele></trkpt>
      <trkpt lat="26.936577" lon="120.355431"><ele>285</ele></trkpt>
      <trkpt lat="26.936583" lon="120.355435"><ele>285</ele></trkpt>
      <trkpt lat="26.936611" lon="120.355454"><ele>285</ele></trkpt>
      <trkpt lat="26.93666" lon="120.355486"><ele>285</ele></trkpt>
      <trkpt lat="26.93666" lon="120.355486"><ele>285</ele></trkpt>
      <trkpt lat="26.936665" lon="120.35549"><ele>286</ele></trkpt>
      <trkpt lat="26.936703" lon="120.355515"><ele>285</ele></trkpt>
      <trkpt lat="26.936722" lon="120.355527"><ele>285</ele></trkpt>
      <trkpt lat="26.936739" lon="120.355537"><ele>285</ele></trkpt>
      <trkpt lat="26.936757" lon="120.355546"><ele>285</ele></trkpt>
      <trkpt lat="26.936773" lon="120.355555"><ele>286</ele></trkpt>
      <trkpt lat="26.936785" lon="120.355566"><ele>286</ele></trkpt>
      <trkpt lat="26.936796" lon="120.355581"><ele>286</ele></trkpt>
      <trkpt lat="26.936809" lon="120.355598"><ele>286</ele></trkpt>
      <trkpt lat="26.936824" lon="120.355614"><ele>286</ele></trkpt>
      <trkpt lat="26.936834" lon="120.35563"><ele>286</ele></trkpt>
      <trkpt lat="26.936845" lon="120.355651"><ele>286</ele></trkpt>
      <trkpt lat="26.936857" lon="120.355672"><ele>286</ele></trkpt>
      <trkpt lat="26.936869" lon="120.355692"><ele>287</ele></trkpt>
      <trkpt lat="26.936879" lon="120.35571"><ele>287</ele></trkpt>
      <trkpt lat="26.93689" lon="120.355729"><ele>288</ele></trkpt>
      <trkpt lat="26.936898" lon="120.355745"><ele>288</ele></trkpt>
      <trkpt lat="26.936907" lon="120.355761"><ele>288</ele></trkpt>
      <trkpt lat="26.936917" lon="120.355778"><ele>288</ele></trkpt>
      <trkpt lat="26.93693" lon="120.355798"><ele>289</ele></trkpt>
      <trkpt lat="26.936942" lon="120.355815"><ele>289</ele></trkpt>
      <trkpt lat="26.936954" lon="120.355834"><ele>289</ele></trkpt>
      <trkpt lat="26.936967" lon="120.355852"><ele>289</ele></trkpt>
      <trkpt lat="26.936981" lon="120.355871"><ele>289</ele></trkpt>
      <trkpt lat="26.936995" lon="120.355888"><ele>289</ele></trkpt>
      <trkpt lat="26.937007" lon="120.355907"><ele>290</ele></trkpt>
      <trkpt lat="26.937019" lon="120.355929"><ele>291</ele></trkpt>
      <trkpt lat="26.937028" lon="120.355952"><ele>291</ele></trkpt>
      <trkpt lat="26.937037" lon="120.355974"><ele>292</ele></trkpt>
      <trkpt lat="26.937048" lon="120.355996"><ele>292</ele></trkpt>
      <trkpt lat="26.937057" lon="120.356013"><ele>292</ele></trkpt>
      <trkpt lat="26.937067" lon="120.356026"><ele>292</ele></trkpt>
      <trkpt lat="26.937077" lon="120.356029"><ele>292</ele></trkpt>
      <trkpt lat="26.93709" lon="120.356031"><ele>292</ele></trkpt>
      <trkpt lat="26.937105" lon="120.356031"><ele>292</ele></trkpt>
      <trkpt lat="26.937123" lon="120.356032"><ele>293</ele></trkpt>
      <trkpt lat="26.937145" lon="120.356034"><ele>293</ele></trkpt>
      <trkpt lat="26.937168" lon="120.35604"><ele>293</ele></trkpt>
      <trkpt lat="26.937181" lon="120.35605"><ele>293</ele></trkpt>
      <trkpt lat="26.937195" lon="120.356065"><ele>293</ele></trkpt>
      <trkpt lat="26.937209" lon="120.356082"><ele>294</ele></trkpt>
      <trkpt lat="26.937218" lon="120.356096"><ele>294</ele></trkpt>
      <trkpt lat="26.937225" lon="120.356111"><ele>294</ele></trkpt>
      <trkpt lat="26.937231" lon="120.356129"><ele>294</ele></trkpt>
      <trkpt lat="26.937235" lon="120.356148"><ele>295</ele></trkpt>
      <trkpt lat="26.93724" lon="120.356171"><ele>295</ele></trkpt>
      <trkpt lat="26.937246" lon="120.356195"><ele>295</ele></trkpt>
      <trkpt lat="26.937254" lon="120.356221"><ele>295</ele></trkpt>
      <trkpt lat="26.937259" lon="120.356243"><ele>295</ele></trkpt>
      <trkpt lat="26.937265" lon="120.356266"><ele>295</ele></trkpt>
      <trkpt lat="26.93727" lon="120.356287"><ele>296</ele></trkpt>
      <trkpt lat="26.937276" lon="120.35631"><ele>296</ele></trkpt>
      <trkpt lat="26.93728" lon="120.356329"><ele>296</ele></trkpt>
      <trkpt lat="26.937283" lon="120.356348"><ele>296</ele></trkpt>
      <trkpt lat="26.937286" lon="120.356364"><ele>297</ele></trkpt>
      <trkpt lat="26.937288" lon="120.356379"><ele>298</ele></trkpt>
      <trkpt lat="26.937285" lon="120.356393"><ele>298</ele></trkpt>
      <trkpt lat="26.937279" lon="120.356406"><ele>299</ele></trkpt>
      <trkpt lat="26.937271" lon="120.356419"><ele>300</ele></trkpt>
      <trkpt lat="26.937261" lon="120.356436"><ele>301</ele></trkpt>
      <trkpt lat="26.937253" lon="120.356453"><ele>301</ele></trkpt>
      <trkpt lat="26.937247" lon="120.356466"><ele>301</ele></trkpt>
      <trkpt lat="26.937241" lon="120.35648"><ele>301</ele></trkpt>
      <trkpt lat="26.937233" lon="120.356498"><ele>301</ele></trkpt>
      <trkpt lat="26.937227" lon="120.356519"><ele>301</ele></trkpt>
      <trkpt lat="26.937224" lon="120.356536"><ele>302</ele></trkpt>
      <trkpt lat="26.937223" lon="120.356549"><ele>302</ele></trkpt>
      <trkpt lat="26.937223" lon="120.356563"><ele>302</ele></trkpt>
      <trkpt lat="26.937223" lon="120.356576"><ele>302</ele></trkpt>
      <trkpt lat="26.937224" lon="120.356591"><ele>302</ele></trkpt>
      <trkpt lat="26.937224" lon="120.356611"><ele>302</ele></trkpt>
      <trkpt lat="26.937226" lon="120.356634"><ele>302</ele></trkpt>
      <trkpt lat="26.937228" lon="120.356657"><ele>302</ele></trkpt>
      <trkpt lat="26.937229" lon="120.356679"><ele>302</ele></trkpt>
      <trkpt lat="26.937228" lon="120.356698"><ele>302</ele></trkpt>
      <trkpt lat="26.937227" lon="120.356707"><ele>302</ele></trkpt>
      <trkpt lat="26.937227" lon="120.356709"><ele>303</ele></trkpt>
      <trkpt lat="26.93722" lon="120.356723"><ele>303</ele></trkpt>
      <trkpt lat="26.937209" lon="120.356745"><ele>303</ele></trkpt>
      <trkpt lat="26.937191" lon="120.356726"><ele>303</ele></trkpt>
      <trkpt lat="26.937174" lon="120.356706"><ele>303</ele></trkpt>
      <trkpt lat="26.937162" lon="120.356684"><ele>303</ele></trkpt>
      <trkpt lat="26.937156" lon="120.356664"><ele>303</ele></trkpt>
      <trkpt lat="26.937152" lon="120.356641"><ele>303</ele></trkpt>
      <trkpt lat="26.937152" lon="120.356617"><ele>302</ele></trkpt>
      <trkpt lat="26.937152" lon="120.356595"><ele>302</ele></trkpt>
      <trkpt lat="26.93715" lon="120.356575"><ele>302</ele></trkpt>
      <trkpt lat="26.937143" lon="120.356558"><ele>302</ele></trkpt>
      <trkpt lat="26.937132" lon="120.356545"><ele>301</ele></trkpt>
      <trkpt lat="26.937117" lon="120.356535"><ele>301</ele></trkpt>
      <trkpt lat="26.9371" lon="120.356533"><ele>301</ele></trkpt>
      <trkpt lat="26.937081" lon="120.356534"><ele>301</ele></trkpt>
      <trkpt lat="26.937059" lon="120.356537"><ele>301</ele></trkpt>
      <trkpt lat="26.937038" lon="120.356542"><ele>300</ele></trkpt>
      <trkpt lat="26.937018" lon="120.356549"><ele>300</ele></trkpt>
      <trkpt lat="26.936994" lon="120.356559"><ele>300</ele></trkpt>
      <trkpt lat="26.936973" lon="120.356567"><ele>299</ele></trkpt>
      <trkpt lat="26.936953" lon="120.356576"><ele>299</ele></trkpt>
      <trkpt lat="26.936929" lon="120.356586"><ele>298</ele></trkpt>
      <trkpt lat="26.936907" lon="120.356596"><ele>298</ele></trkpt>
      <trkpt lat="26.936884" lon="120.356606"><ele>298</ele></trkpt>
      <trkpt lat="26.936863" lon="120.356616"><ele>297</ele></trkpt>
      <trkpt lat="26.936841" lon="120.356626"><ele>297</ele></trkpt>
      <trkpt lat="26.936819" lon="120.356635"><ele>296</ele></trkpt>
      <trkpt lat="26.936798" lon="120.356645"><ele>296</ele></trkpt>
      <trkpt lat="26.936775" lon="120.356655"><ele>296</ele></trkpt>
      <trkpt lat="26.936751" lon="120.356659"><ele>296</ele></trkpt>
      <trkpt lat="26.93673" lon="120.356658"><ele>296</ele></trkpt>
      <trkpt lat="26.93672" lon="120.356657"><ele>296</ele></trkpt>
      <trkpt lat="26.936709" lon="120.356657"><ele>296</ele></trkpt>
      <trkpt lat="26.936692" lon="120.356659"><ele>296</ele></trkpt>
      <trkpt lat="26.936669" lon="120.356663"><ele>296</ele></trkpt>
      <trkpt lat="26.936643" lon="120.356666"><ele>296</ele></trkpt>
      <trkpt lat="26.936616" lon="120.356668"><ele>296</ele></trkpt>
      <trkpt lat="26.936589" lon="120.35667"><ele>296</ele></trkpt>
      <trkpt lat="26.936563" lon="120.356672"><ele>295</ele></trkpt>
      <trkpt lat="26.936538" lon="120.356676"><ele>295</ele></trkpt>
      <trkpt lat="26.936514" lon="120.356682"><ele>294</ele></trkpt>
      <trkpt lat="26.936494" lon="120.356689"><ele>294</ele></trkpt>
      <trkpt lat="26.936474" lon="120.356697"><ele>294</ele></trkpt>
      <trkpt lat="26.936453" lon="120.356702"><ele>294</ele></trkpt>
      <trkpt lat="26.936428" lon="120.356711"><ele>293</ele></trkpt>
      <trkpt lat="26.936408" lon="120.35672"><ele>293</ele></trkpt>
      <trkpt lat="26.936389" lon="120.356734"><ele>293</ele></trkpt>
      <trkpt lat="26.93637" lon="120.35675"><ele>293</ele></trkpt>
      <trkpt lat="26.936351" lon="120.356766"><ele>293</ele></trkpt>
      <trkpt lat="26.936331" lon="120.356779"><ele>293</ele></trkpt>
      <trkpt lat="26.936309" lon="120.356795"><ele>293</ele></trkpt>
      <trkpt lat="26.936287" lon="120.356812"><ele>293</ele></trkpt>
      <trkpt lat="26.936266" lon="120.356831"><ele>293</ele></trkpt>
      <trkpt lat="26.936246" lon="120.356849"><ele>292</ele></trkpt>
      <trkpt lat="26.936225" lon="120.356867"><ele>292</ele></trkpt>
      <trkpt lat="26.936205" lon="120.356882"><ele>292</ele></trkpt>
      <trkpt lat="26.936184" lon="120.356895"><ele>292</ele></trkpt>
      <trkpt lat="26.936161" lon="120.356908"><ele>292</ele></trkpt>
      <trkpt lat="26.936136" lon="120.356919"><ele>291</ele></trkpt>
      <trkpt lat="26.936113" lon="120.356929"><ele>291</ele></trkpt>
      <trkpt lat="26.936092" lon="120.35694"><ele>291</ele></trkpt>
      <trkpt lat="26.93607" lon="120.356952"><ele>290</ele></trkpt>
      <trkpt lat="26.93605" lon="120.356966"><ele>290</ele></trkpt>
      <trkpt lat="26.93603" lon="120.35698"><ele>290</ele></trkpt>
      <trkpt lat="26.936011" lon="120.356992"><ele>290</ele></trkpt>
      <trkpt lat="26.935991" lon="120.357001"><ele>290</ele></trkpt>
      <trkpt lat="26.935968" lon="120.357011"><ele>290</ele></trkpt>
      <trkpt lat="26.935944" lon="120.357019"><ele>290</ele></trkpt>
      <trkpt lat="26.935919" lon="120.35703"><ele>290</ele></trkpt>
      <trkpt lat="26.935896" lon="120.357045"><ele>289</ele></trkpt>
      <trkpt lat="26.935877" lon="120.357063"><ele>289</ele></trkpt>
      <trkpt lat="26.935858" lon="120.357081"><ele>288</ele></trkpt>
      <trkpt lat="26.935839" lon="120.357096"><ele>288</ele></trkpt>
      <trkpt lat="26.935818" lon="120.357114"><ele>287</ele></trkpt>
      <trkpt lat="26.935799" lon="120.357135"><ele>287</ele></trkpt>
      <trkpt lat="26.935779" lon="120.357157"><ele>286</ele></trkpt>
      <trkpt lat="26.935761" lon="120.357177"><ele>286</ele></trkpt>
      <trkpt lat="26.935744" lon="120.357198"><ele>286</ele></trkpt>
      <trkpt lat="26.935725" lon="120.357222"><ele>286</ele></trkpt>
      <trkpt lat="26.935705" lon="120.357246"><ele>286</ele></trkpt>
      <trkpt lat="26.935685" lon="120.357271"><ele>286</ele></trkpt>
      <trkpt lat="26.935667" lon="120.357297"><ele>285</ele></trkpt>
      <trkpt lat="26.935651" lon="120.357325"><ele>285</ele></trkpt>
      <trkpt lat="26.93564" lon="120.357353"><ele>285</ele></trkpt>
      <trkpt lat="26.935631" lon="120.35738"><ele>285</ele></trkpt>
      <trkpt lat="26.935624" lon="120.357408"><ele>285</ele></trkpt>
      <trkpt lat="26.935616" lon="120.357439"><ele>285</ele></trkpt>
      <trkpt lat="26.935608" lon="120.35747"><ele>284</ele></trkpt>
      <trkpt lat="26.9356" lon="120.3575"><ele>283</ele></trkpt>
      <trkpt lat="26.935594" lon="120.357527"><ele>283</ele></trkpt>
      <trkpt lat="26.935586" lon="120.357556"><ele>283</ele></trkpt>
      <trkpt lat="26.935581" lon="120.357582"><ele>283</ele></trkpt>
      <trkpt lat="26.935579" lon="120.35761"><ele>283</ele></trkpt>
      <trkpt lat="26.93558" lon="120.357643"><ele>283</ele></trkpt>
      <trkpt lat="26.935581" lon="120.357672"><ele>283</ele></trkpt>
      <trkpt lat="26.935585" lon="120.357706"><ele>283</ele></trkpt>
      <trkpt lat="26.935586" lon="120.357736"><ele>283</ele></trkpt>
      <trkpt lat="26.935585" lon="120.357767"><ele>283</ele></trkpt>
      <trkpt lat="26.935583" lon="120.357801"><ele>283</ele></trkpt>
      <trkpt lat="26.935581" lon="120.357831"><ele>283</ele></trkpt>
      <trkpt lat="26.93558" lon="120.357861"><ele>282</ele></trkpt>
      <trkpt lat="26.93558" lon="120.357888"><ele>282</ele></trkpt>
      <trkpt lat="26.935582" lon="120.357916"><ele>282</ele></trkpt>
      <trkpt lat="26.935585" lon="120.357944"><ele>282</ele></trkpt>
      <trkpt lat="26.935588" lon="120.357971"><ele>282</ele></trkpt>
      <trkpt lat="26.935593" lon="120.357996"><ele>282</ele></trkpt>
      <trkpt lat="26.935602" lon="120.358021"><ele>282</ele></trkpt>
      <trkpt lat="26.935613" lon="120.35805"><ele>282</ele></trkpt>
      <trkpt lat="26.935626" lon="120.358076"><ele>281</ele></trkpt>
      <trkpt lat="26.93564" lon="120.358099"><ele>281</ele></trkpt>
      <trkpt lat="26.935654" lon="120.358123"><ele>280</ele></trkpt>
      <trkpt lat="26.93567" lon="120.358147"><ele>280</ele></trkpt>
      <trkpt lat="26.935688" lon="120.358172"><ele>279</ele></trkpt>
      <trkpt lat="26.93571" lon="120.358196"><ele>279</ele></trkpt>
      <trkpt lat="26.935733" lon="120.358217"><ele>278</ele></trkpt>
      <trkpt lat="26.935754" lon="120.358235"><ele>278</ele></trkpt>
      <trkpt lat="26.935775" lon="120.358249"><ele>277</ele></trkpt>
      <trkpt lat="26.935797" lon="120.358261"><ele>277</ele></trkpt>
      <trkpt lat="26.935818" lon="120.358273"><ele>277</ele></trkpt>
      <trkpt lat="26.935839" lon="120.358287"><ele>277</ele></trkpt>
      <trkpt lat="26.93586" lon="120.358303"><ele>277</ele></trkpt>
      <trkpt lat="26.93588" lon="120.358319"><ele>277</ele></trkpt>
      <trkpt lat="26.935901" lon="120.358332"><ele>277</ele></trkpt>
      <trkpt lat="26.935922" lon="120.358343"><ele>277</ele></trkpt>
      <trkpt lat="26.935942" lon="120.358353"><ele>277</ele></trkpt>
      <trkpt lat="26.935962" lon="120.358363"><ele>277</ele></trkpt>
      <trkpt lat="26.93598" lon="120.358371"><ele>277</ele></trkpt>
      <trkpt lat="26.936" lon="120.358379"><ele>276</ele></trkpt>
      <trkpt lat="26.936023" lon="120.358385"><ele>276</ele></trkpt>
      <trkpt lat="26.936043" lon="120.358391"><ele>276</ele></trkpt>
      <trkpt lat="26.936065" lon="120.358394"><ele>276</ele></trkpt>
      <trkpt lat="26.936088" lon="120.358394"><ele>275</ele></trkpt>
      <trkpt lat="26.936108" lon="120.358388"><ele>275</ele></trkpt>
      <trkpt lat="26.936126" lon="120.358379"><ele>274</ele></trkpt>
      <trkpt lat="26.936148" lon="120.358366"><ele>274</ele></trkpt>
      <trkpt lat="26.936169" lon="120.358352"><ele>274</ele></trkpt>
      <trkpt lat="26.936191" lon="120.35834"><ele>273</ele></trkpt>
      <trkpt lat="26.936214" lon="120.358332"><ele>273</ele></trkpt>
      <trkpt lat="26.936236" lon="120.35833"><ele>273</ele></trkpt>
      <trkpt lat="26.936259" lon="120.358333"><ele>273</ele></trkpt>
      <trkpt lat="26.936281" lon="120.35834"><ele>273</ele></trkpt>
      <trkpt lat="26.936298" lon="120.358352"><ele>273</ele></trkpt>
      <trkpt lat="26.936315" lon="120.358369"><ele>273</ele></trkpt>
      <trkpt lat="26.936328" lon="120.358389"><ele>273</ele></trkpt>
      <trkpt lat="26.93634" lon="120.358413"><ele>272</ele></trkpt>
      <trkpt lat="26.93635" lon="120.358439"><ele>272</ele></trkpt>
      <trkpt lat="26.936358" lon="120.358466"><ele>272</ele></trkpt>
      <trkpt lat="26.936366" lon="120.358494"><ele>272</ele></trkpt>
      <trkpt lat="26.936372" lon="120.358524"><ele>272</ele></trkpt>
      <trkpt lat="26.936378" lon="120.358553"><ele>272</ele></trkpt>
      <trkpt lat="26.936381" lon="120.358581"><ele>272</ele></trkpt>
      <trkpt lat="26.936381" lon="120.358604"><ele>271</ele></trkpt>
      <trkpt lat="26.936378" lon="120.358628"><ele>271</ele></trkpt>
      <trkpt lat="26.936373" lon="120.358652"><ele>271</ele></trkpt>
      <trkpt lat="26.936365" lon="120.358675"><ele>271</ele></trkpt>
      <trkpt lat="26.936356" lon="120.3587"><ele>271</ele></trkpt>
      <trkpt lat="26.936344" lon="120.358723"><ele>271</ele></trkpt>
      <trkpt lat="26.93633" lon="120.358745"><ele>270</ele></trkpt>
      <trkpt lat="26.936314" lon="120.358765"><ele>270</ele></trkpt>
      <trkpt lat="26.936298" lon="120.358782"><ele>270</ele></trkpt>
      <trkpt lat="26.936279" lon="120.3588"><ele>269</ele></trkpt>
      <trkpt lat="26.936261" lon="120.358816"><ele>269</ele></trkpt>
      <trkpt lat="26.936245" lon="120.358829"><ele>269</ele></trkpt>
      <trkpt lat="26.936238" lon="120.358833"><ele>268</ele></trkpt>
      <trkpt lat="26.936236" lon="120.358836"><ele>268</ele></trkpt>
      <trkpt lat="26.936204" lon="120.35887"><ele>268</ele></trkpt>
      <trkpt lat="26.936203" lon="120.35887"><ele>268</ele></trkpt>
      <trkpt lat="26.936199" lon="120.358874"><ele>268</ele></trkpt>
      <trkpt lat="26.93618" lon="120.358887"><ele>268</ele></trkpt>
      <trkpt lat="26.93615" lon="120.358907"><ele>267</ele></trkpt>
      <trkpt lat="26.936122" lon="120.358928"><ele>267</ele></trkpt>
      <trkpt lat="26.936098" lon="120.358949"><ele>266</ele></trkpt>
      <trkpt lat="26.936078" lon="120.35897"><ele>266</ele></trkpt>
      <trkpt lat="26.936062" lon="120.35899"><ele>266</ele></trkpt>
      <trkpt lat="26.936048" lon="120.359011"><ele>265</ele></trkpt>
      <trkpt lat="26.936035" lon="120.359034"><ele>265</ele></trkpt>
      <trkpt lat="26.936024" lon="120.359057"><ele>264</ele></trkpt>
      <trkpt lat="26.936014" lon="120.35908"><ele>264</ele></trkpt>
      <trkpt lat="26.936003" lon="120.359104"><ele>263</ele></trkpt>
      <trkpt lat="26.935991" lon="120.359127"><ele>263</ele></trkpt>
      <trkpt lat="26.93598" lon="120.359149"><ele>263</ele></trkpt>
      <trkpt lat="26.93597" lon="120.359171"><ele>262</ele></trkpt>
      <trkpt lat="26.935963" lon="120.359194"><ele>262</ele></trkpt>
      <trkpt lat="26.935958" lon="120.359221"><ele>261</ele></trkpt>
      <trkpt lat="26.935955" lon="120.359249"><ele>261</ele></trkpt>
      <trkpt lat="26.935954" lon="120.359276"><ele>260</ele></trkpt>
      <trkpt lat="26.935956" lon="120.359302"><ele>260</ele></trkpt>
      <trkpt lat="26.93596" lon="120.359328"><ele>260</ele></trkpt>
      <trkpt lat="26.935965" lon="120.359352"><ele>259</ele></trkpt>
      <trkpt lat="26.93597" lon="120.359376"><ele>259</ele></trkpt>
      <trkpt lat="26.935975" lon="120.3594"><ele>259</ele></trkpt>
      <trkpt lat="26.93598" lon="120.359424"><ele>259</ele></trkpt>
      <trkpt lat="26.935987" lon="120.35945"><ele>259</ele></trkpt>
      <trkpt lat="26.935992" lon="120.359476"><ele>259</ele></trkpt>
      <trkpt lat="26.935995" lon="120.359502"><ele>259</ele></trkpt>
      <trkpt lat="26.935996" lon="120.359529"><ele>259</ele></trkpt>
      <trkpt lat="26.935994" lon="120.359555"><ele>259</ele></trkpt>
      <trkpt lat="26.935989" lon="120.35958"><ele>259</ele></trkpt>
      <trkpt lat="26.935982" lon="120.359605"><ele>259</ele></trkpt>
      <trkpt lat="26.935973" lon="120.359627"><ele>259</ele></trkpt>
      <trkpt lat="26.935965" lon="120.359649"><ele>259</ele></trkpt>
      <trkpt lat="26.935959" lon="120.35967"><ele>259</ele></trkpt>
      <trkpt lat="26.935953" lon="120.35969"><ele>259</ele></trkpt>
      <trkpt lat="26.935945" lon="120.359713"><ele>259</ele></trkpt>
      <trkpt lat="26.935936" lon="120.359737"><ele>259</ele></trkpt>
      <trkpt lat="26.935925" lon="120.359762"><ele>258</ele></trkpt>
      <trkpt lat="26.935914" lon="120.359787"><ele>258</ele></trkpt>
      <trkpt lat="26.935904" lon="120.359811"><ele>258</ele></trkpt>
      <trkpt lat="26.935894" lon="120.359834"><ele>257</ele></trkpt>
      <trkpt lat="26.935884" lon="120.35986"><ele>257</ele></trkpt>
      <trkpt lat="26.935874" lon="120.359885"><ele>256</ele></trkpt>
      <trkpt lat="26.935863" lon="120.359912"><ele>256</ele></trkpt>
      <trkpt lat="26.935852" lon="120.359938"><ele>255</ele></trkpt>
      <trkpt lat="26.935842" lon="120.359965"><ele>255</ele></trkpt>
      <trkpt lat="26.93583" lon="120.35999"><ele>255</ele></trkpt>
      <trkpt lat="26.935818" lon="120.360014"><ele>255</ele></trkpt>
      <trkpt lat="26.935807" lon="120.360039"><ele>255</ele></trkpt>
      <trkpt lat="26.935795" lon="120.360064"><ele>254</ele></trkpt>
      <trkpt lat="26.935784" lon="120.360089"><ele>254</ele></trkpt>
      <trkpt lat="26.935772" lon="120.360116"><ele>254</ele></trkpt>
      <trkpt lat="26.935759" lon="120.360144"><ele>254</ele></trkpt>
      <trkpt lat="26.935746" lon="120.360172"><ele>254</ele></trkpt>
      <trkpt lat="26.935733" lon="120.360201"><ele>253</ele></trkpt>
      <trkpt lat="26.935721" lon="120.360227"><ele>253</ele></trkpt>
      <trkpt lat="26.935709" lon="120.360256"><ele>253</ele></trkpt>
      <trkpt lat="26.935698" lon="120.360287"><ele>252</ele></trkpt>
      <trkpt lat="26.935688" lon="120.360319"><ele>252</ele></trkpt>
      <trkpt lat="26.93568" lon="120.360351"><ele>252</ele></trkpt>
      <trkpt lat="26.935674" lon="120.360383"><ele>251</ele></trkpt>
      <trkpt lat="26.935669" lon="120.360414"><ele>251</ele></trkpt>
      <trkpt lat="26.935663" lon="120.360444"><ele>251</ele></trkpt>
      <trkpt lat="26.935658" lon="120.360473"><ele>250</ele></trkpt>
      <trkpt lat="26.935653" lon="120.360499"><ele>250</ele></trkpt>
      <trkpt lat="26.935648" lon="120.360526"><ele>250</ele></trkpt>
      <trkpt lat="26.935644" lon="120.360553"><ele>250</ele></trkpt>
      <trkpt lat="26.935641" lon="120.360582"><ele>249</ele></trkpt>
      <trkpt lat="26.93564" lon="120.360608"><ele>249</ele></trkpt>
      <trkpt lat="26.935638" lon="120.360633"><ele>249</ele></trkpt>
      <trkpt lat="26.935637" lon="120.36066"><ele>249</ele></trkpt>
      <trkpt lat="26.935637" lon="120.360685"><ele>249</ele></trkpt>
      <trkpt lat="26.935637" lon="120.36071"><ele>249</ele></trkpt>
      <trkpt lat="26.935637" lon="120.360736"><ele>249</ele></trkpt>
      <trkpt lat="26.935635" lon="120.360763"><ele>249</ele></trkpt>
      <trkpt lat="26.935634" lon="120.360792"><ele>249</ele></trkpt>
      <trkpt lat="26.935632" lon="120.360822"><ele>248</ele></trkpt>
      <trkpt lat="26.935629" lon="120.360851"><ele>248</ele></trkpt>
      <trkpt lat="26.935624" lon="120.360877"><ele>248</ele></trkpt>
      <trkpt lat="26.935622" lon="120.360904"><ele>248</ele></trkpt>
      <trkpt lat="26.93562" lon="120.36093"><ele>248</ele></trkpt>
      <trkpt lat="26.935618" lon="120.360958"><ele>248</ele></trkpt>
      <trkpt lat="26.935616" lon="120.360986"><ele>247</ele></trkpt>
      <trkpt lat="26.935614" lon="120.361015"><ele>247</ele></trkpt>
      <trkpt lat="26.935611" lon="120.361042"><ele>247</ele></trkpt>
      <trkpt lat="26.935607" lon="120.361072"><ele>246</ele></trkpt>
      <trkpt lat="26.935604" lon="120.361104"><ele>246</ele></trkpt>
      <trkpt lat="26.935601" lon="120.361137"><ele>245</ele></trkpt>
      <trkpt lat="26.935597" lon="120.361168"><ele>245</ele></trkpt>
      <trkpt lat="26.935594" lon="120.361195"><ele>245</ele></trkpt>
      <trkpt lat="26.93559" lon="120.361221"><ele>245</ele></trkpt>
      <trkpt lat="26.935587" lon="120.361247"><ele>245</ele></trkpt>
      <trkpt lat="26.935584" lon="120.361271"><ele>245</ele></trkpt>
      <trkpt lat="26.935584" lon="120.361297"><ele>245</ele></trkpt>
      <trkpt lat="26.935583" lon="120.361324"><ele>245</ele></trkpt>
      <trkpt lat="26.935583" lon="120.36135"><ele>245</ele></trkpt>
      <trkpt lat="26.935584" lon="120.361377"><ele>244</ele></trkpt>
      <trkpt lat="26.935587" lon="120.361403"><ele>244</ele></trkpt>
      <trkpt lat="26.93559" lon="120.361431"><ele>244</ele></trkpt>
      <trkpt lat="26.935594" lon="120.361457"><ele>243</ele></trkpt>
      <trkpt lat="26.935599" lon="120.361483"><ele>243</ele></trkpt>
      <trkpt lat="26.935605" lon="120.36151"><ele>243</ele></trkpt>
      <trkpt lat="26.93561" lon="120.361538"><ele>242</ele></trkpt>
      <trkpt lat="26.935615" lon="120.361565"><ele>242</ele></trkpt>
      <trkpt lat="26.935621" lon="120.36159"><ele>242</ele></trkpt>
      <trkpt lat="26.935628" lon="120.361616"><ele>242</ele></trkpt>
      <trkpt lat="26.935636" lon="120.361641"><ele>242</ele></trkpt>
      <trkpt lat="26.935646" lon="120.361664"><ele>242</ele></trkpt>
      <trkpt lat="26.935658" lon="120.361685"><ele>242</ele></trkpt>
      <trkpt lat="26.935667" lon="120.361698"><ele>242</ele></trkpt>
      <trkpt lat="26.935671" lon="120.361704"><ele>242</ele></trkpt>
      <trkpt lat="26.935677" lon="120.361716"><ele>242</ele></trkpt>
      <trkpt lat="26.935686" lon="120.361732"><ele>242</ele></trkpt>
      <trkpt lat="26.935696" lon="120.361752"><ele>242</ele></trkpt>
      <trkpt lat="26.935707" lon="120.361773"><ele>242</ele></trkpt>
      <trkpt lat="26.935719" lon="120.361797"><ele>242</ele></trkpt>
      <trkpt lat="26.93573" lon="120.361819"><ele>242</ele></trkpt>
      <trkpt lat="26.935741" lon="120.361843"><ele>242</ele></trkpt>
      <trkpt lat="26.93575" lon="120.361867"><ele>242</ele></trkpt>
      <trkpt lat="26.935759" lon="120.361894"><ele>242</ele></trkpt>
      <trkpt lat="26.935768" lon="120.361921"><ele>242</ele></trkpt>
      <trkpt lat="26.935773" lon="120.361947"><ele>242</ele></trkpt>
      <trkpt lat="26.935778" lon="120.361974"><ele>242</ele></trkpt>
      <trkpt lat="26.93578" lon="120.362002"><ele>242</ele></trkpt>
      <trkpt lat="26.935783" lon="120.362031"><ele>242</ele></trkpt>
      <trkpt lat="26.935787" lon="120.362059"><ele>241</ele></trkpt>
      <trkpt lat="26.93579" lon="120.362089"><ele>241</ele></trkpt>
      <trkpt lat="26.935792" lon="120.362117"><ele>241</ele></trkpt>
      <trkpt lat="26.935793" lon="120.362146"><ele>241</ele></trkpt>
      <trkpt lat="26.935795" lon="120.362174"><ele>240</ele></trkpt>
      <trkpt lat="26.935796" lon="120.362202"><ele>240</ele></trkpt>
      <trkpt lat="26.935796" lon="120.362228"><ele>240</ele></trkpt>
      <trkpt lat="26.935796" lon="120.362256"><ele>239</ele></trkpt>
      <trkpt lat="26.935798" lon="120.362281"><ele>239</ele></trkpt>
      <trkpt lat="26.935799" lon="120.362308"><ele>238</ele></trkpt>
      <trkpt lat="26.9358" lon="120.362336"><ele>238</ele></trkpt>
      <trkpt lat="26.9358" lon="120.362362"><ele>238</ele></trkpt>
      <trkpt lat="26.9358" lon="120.362388"><ele>237</ele></trkpt>
      <trkpt lat="26.935798" lon="120.362414"><ele>237</ele></trkpt>
      <trkpt lat="26.935797" lon="120.362442"><ele>237</ele></trkpt>
      <trkpt lat="26.935796" lon="120.36247"><ele>237</ele></trkpt>
      <trkpt lat="26.935796" lon="120.3625"><ele>236</ele></trkpt>
      <trkpt lat="26.935798" lon="120.362528"><ele>236</ele></trkpt>
      <trkpt lat="26.935801" lon="120.362557"><ele>236</ele></trkpt>
      <trkpt lat="26.935803" lon="120.362586"><ele>235</ele></trkpt>
      <trkpt lat="26.935806" lon="120.362613"><ele>235</ele></trkpt>
      <trkpt lat="26.935808" lon="120.36264"><ele>235</ele></trkpt>
      <trkpt lat="26.93581" lon="120.362668"><ele>234</ele></trkpt>
      <trkpt lat="26.935812" lon="120.362695"><ele>234</ele></trkpt>
      <trkpt lat="26.935814" lon="120.36272"><ele>234</ele></trkpt>
      <trkpt lat="26.935818" lon="120.362745"><ele>234</ele></trkpt>
      <trkpt lat="26.935824" lon="120.362771"><ele>233</ele></trkpt>
      <trkpt lat="26.93583" lon="120.362796"><ele>233</ele></trkpt>
      <trkpt lat="26.935837" lon="120.362821"><ele>233</ele></trkpt>
      <trkpt lat="26.935845" lon="120.362847"><ele>232</ele></trkpt>
      <trkpt lat="26.935855" lon="120.362872"><ele>232</ele></trkpt>
      <trkpt lat="26.935866" lon="120.362896"><ele>232</ele></trkpt>
      <trkpt lat="26.935878" lon="120.362917"><ele>232</ele></trkpt>
      <trkpt lat="26.935893" lon="120.362937"><ele>231</ele></trkpt>
      <trkpt lat="26.93591" lon="120.362957"><ele>231</ele></trkpt>
      <trkpt lat="26.935929" lon="120.362977"><ele>231</ele></trkpt>
      <trkpt lat="26.935949" lon="120.362997"><ele>231</ele></trkpt>
      <trkpt lat="26.935969" lon="120.363017"><ele>231</ele></trkpt>
      <trkpt lat="26.935987" lon="120.363035"><ele>231</ele></trkpt>
      <trkpt lat="26.936004" lon="120.363053"><ele>231</ele></trkpt>
      <trkpt lat="26.936022" lon="120.363074"><ele>231</ele></trkpt>
      <trkpt lat="26.936039" lon="120.363096"><ele>231</ele></trkpt>
      <trkpt lat="26.936055" lon="120.363118"><ele>231</ele></trkpt>
      <trkpt lat="26.936071" lon="120.363139"><ele>231</ele></trkpt>
      <trkpt lat="26.936087" lon="120.36316"><ele>231</ele></trkpt>
      <trkpt lat="26.936102" lon="120.36318"><ele>231</ele></trkpt>
      <trkpt lat="26.936117" lon="120.3632"><ele>231</ele></trkpt>
      <trkpt lat="26.936132" lon="120.36322"><ele>231</ele></trkpt>
      <trkpt lat="26.936147" lon="120.363239"><ele>231</ele></trkpt>
      <trkpt lat="26.936163" lon="120.363257"><ele>231</ele></trkpt>
      <trkpt lat="26.93618" lon="120.363274"><ele>230</ele></trkpt>
      <trkpt lat="26.936197" lon="120.363292"><ele>230</ele></trkpt>
      <trkpt lat="26.936216" lon="120.363312"><ele>230</ele></trkpt>
      <trkpt lat="26.936236" lon="120.363329"><ele>229</ele></trkpt>
      <trkpt lat="26.936258" lon="120.363346"><ele>229</ele></trkpt>
      <trkpt lat="26.936281" lon="120.363361"><ele>229</ele></trkpt>
      <trkpt lat="26.936303" lon="120.363376"><ele>229</ele></trkpt>
      <trkpt lat="26.936324" lon="120.363392"><ele>228</ele></trkpt>
      <trkpt lat="26.936345" lon="120.363407"><ele>228</ele></trkpt>
      <trkpt lat="26.936366" lon="120.363422"><ele>228</ele></trkpt>
      <trkpt lat="26.936378" lon="120.363433"><ele>227</ele></trkpt>
      <trkpt lat="26.936382" lon="120.363434"><ele>227</ele></trkpt>
      <trkpt lat="26.936409" lon="120.36344"><ele>227</ele></trkpt>
      <trkpt lat="26.936409" lon="120.36344"><ele>227</ele></trkpt>
      <trkpt lat="26.936414" lon="120.363443"><ele>226</ele></trkpt>
      <trkpt lat="26.936432" lon="120.363457"><ele>226</ele></trkpt>
      <trkpt lat="26.93646" lon="120.363479"><ele>226</ele></trkpt>
      <trkpt lat="26.93649" lon="120.363502"><ele>226</ele></trkpt>
      <trkpt lat="26.936516" lon="120.363523"><ele>226</ele></trkpt>
      <trkpt lat="26.936541" lon="120.363542"><ele>226</ele></trkpt>
      <trkpt lat="26.936564" lon="120.363559"><ele>225</ele></trkpt>
      <trkpt lat="26.936585" lon="120.363577"><ele>225</ele></trkpt>
      <trkpt lat="26.936602" lon="120.363597"><ele>225</ele></trkpt>
      <trkpt lat="26.936619" lon="120.363619"><ele>225</ele></trkpt>
      <trkpt lat="26.936635" lon="120.363643"><ele>225</ele></trkpt>
      <trkpt lat="26.936651" lon="120.36367"><ele>225</ele></trkpt>
      <trkpt lat="26.936667" lon="120.363697"><ele>225</ele></trkpt>
      <trkpt lat="26.93668" lon="120.363726"><ele>225</ele></trkpt>
      <trkpt lat="26.936691" lon="120.363758"><ele>225</ele></trkpt>
      <trkpt lat="26.9367" lon="120.363789"><ele>224</ele></trkpt>
      <trkpt lat="26.936706" lon="120.36382"><ele>224</ele></trkpt>
      <trkpt lat="26.936715" lon="120.363851"><ele>224</ele></trkpt>
      <trkpt lat="26.936725" lon="120.363879"><ele>224</ele></trkpt>
      <trkpt lat="26.936738" lon="120.363907"><ele>224</ele></trkpt>
      <trkpt lat="26.936754" lon="120.363934"><ele>223</ele></trkpt>
      <trkpt lat="26.936772" lon="120.363959"><ele>222</ele></trkpt>
      <trkpt lat="26.936791" lon="120.363985"><ele>221</ele></trkpt>
      <trkpt lat="26.936811" lon="120.364011"><ele>221</ele></trkpt>
      <trkpt lat="26.936831" lon="120.364035"><ele>220</ele></trkpt>
      <trkpt lat="26.936853" lon="120.364055"><ele>220</ele></trkpt>
      <trkpt lat="26.936876" lon="120.364072"><ele>220</ele></trkpt>
      <trkpt lat="26.9369" lon="120.364088"><ele>220</ele></trkpt>
      <trkpt lat="26.936921" lon="120.364099"><ele>219</ele></trkpt>
      <trkpt lat="26.936944" lon="120.364109"><ele>219</ele></trkpt>
      <trkpt lat="26.936966" lon="120.364117"><ele>219</ele></trkpt>
      <trkpt lat="26.936991" lon="120.364125"><ele>218</ele></trkpt>
      <trkpt lat="26.937016" lon="120.364131"><ele>218</ele></trkpt>
      <trkpt lat="26.937041" lon="120.364138"><ele>218</ele></trkpt>
      <trkpt lat="26.937065" lon="120.364146"><ele>218</ele></trkpt>
      <trkpt lat="26.937089" lon="120.364156"><ele>218</ele></trkpt>
      <trkpt lat="26.937112" lon="120.364168"><ele>218</ele></trkpt>
      <trkpt lat="26.937134" lon="120.364182"><ele>218</ele></trkpt>
      <trkpt lat="26.937155" lon="120.364198"><ele>218</ele></trkpt>
      <trkpt lat="26.937175" lon="120.364214"><ele>218</ele></trkpt>
      <trkpt lat="26.937195" lon="120.36423"><ele>218</ele></trkpt>
      <trkpt lat="26.937213" lon="120.364249"><ele>218</ele></trkpt>
      <trkpt lat="26.93723" lon="120.36427"><ele>218</ele></trkpt>
      <trkpt lat="26.937246" lon="120.364292"><ele>218</ele></trkpt>
      <trkpt lat="26.937262" lon="120.364314"><ele>218</ele></trkpt>
      <trkpt lat="26.937278" lon="120.364337"><ele>218</ele></trkpt>
      <trkpt lat="26.937295" lon="120.364359"><ele>218</ele></trkpt>
      <trkpt lat="26.93731" lon="120.364378"><ele>218</ele></trkpt>
      <trkpt lat="26.937326" lon="120.364397"><ele>218</ele></trkpt>
      <trkpt lat="26.937342" lon="120.364415"><ele>217</ele></trkpt>
      <trkpt lat="26.937358" lon="120.364434"><ele>217</ele></trkpt>
      <trkpt lat="26.937374" lon="120.364454"><ele>216</ele></trkpt>
      <trkpt lat="26.937388" lon="120.364472"><ele>216</ele></trkpt>
      <trkpt lat="26.937403" lon="120.364492"><ele>215</ele></trkpt>
      <trkpt lat="26.937418" lon="120.364512"><ele>214</ele></trkpt>
      <trkpt lat="26.937433" lon="120.364534"><ele>214</ele></trkpt>
      <trkpt lat="26.937449" lon="120.364556"><ele>214</ele></trkpt>
      <trkpt lat="26.937466" lon="120.364578"><ele>213</ele></trkpt>
      <trkpt lat="26.937483" lon="120.364599"><ele>213</ele></trkpt>
      <trkpt lat="26.937501" lon="120.364618"><ele>213</ele></trkpt>
      <trkpt lat="26.93752" lon="120.364638"><ele>212</ele></trkpt>
      <trkpt lat="26.937539" lon="120.364659"><ele>212</ele></trkpt>
      <trkpt lat="26.937558" lon="120.364679"><ele>211</ele></trkpt>
      <trkpt lat="26.937577" lon="120.364698"><ele>211</ele></trkpt>
      <trkpt lat="26.937596" lon="120.364715"><ele>211</ele></trkpt>
      <trkpt lat="26.937614" lon="120.364731"><ele>211</ele></trkpt>
      <trkpt lat="26.937634" lon="120.364749"><ele>211</ele></trkpt>
      <trkpt lat="26.937652" lon="120.364767"><ele>210</ele></trkpt>
      <trkpt lat="26.93767" lon="120.364787"><ele>210</ele></trkpt>
      <trkpt lat="26.937688" lon="120.364807"><ele>210</ele></trkpt>
      <trkpt lat="26.937706" lon="120.364829"><ele>209</ele></trkpt>
      <trkpt lat="26.937722" lon="120.364855"><ele>209</ele></trkpt>
      <trkpt lat="26.937739" lon="120.364883"><ele>209</ele></trkpt>
      <trkpt lat="26.937757" lon="120.364913"><ele>209</ele></trkpt>
      <trkpt lat="26.937775" lon="120.364939"><ele>208</ele></trkpt>
      <trkpt lat="26.937794" lon="120.364962"><ele>208</ele></trkpt>
      <trkpt lat="26.937816" lon="120.364985"><ele>208</ele></trkpt>
      <trkpt lat="26.937838" lon="120.365007"><ele>207</ele></trkpt>
      <trkpt lat="26.93786" lon="120.365028"><ele>207</ele></trkpt>
      <trkpt lat="26.937883" lon="120.365048"><ele>207</ele></trkpt>
      <trkpt lat="26.937904" lon="120.365068"><ele>206</ele></trkpt>
      <trkpt lat="26.937926" lon="120.365088"><ele>206</ele></trkpt>
      <trkpt lat="26.937947" lon="120.365109"><ele>206</ele></trkpt>
      <trkpt lat="26.937969" lon="120.365128"><ele>205</ele></trkpt>
      <trkpt lat="26.937992" lon="120.365148"><ele>205</ele></trkpt>
      <trkpt lat="26.938012" lon="120.365166"><ele>205</ele></trkpt>
      <trkpt lat="26.938032" lon="120.365185"><ele>204</ele></trkpt>
      <trkpt lat="26.938051" lon="120.365203"><ele>204</ele></trkpt>
      <trkpt lat="26.938071" lon="120.36522"><ele>203</ele></trkpt>
      <trkpt lat="26.938091" lon="120.365237"><ele>203</ele></trkpt>
      <trkpt lat="26.93811" lon="120.365255"><ele>203</ele></trkpt>
      <trkpt lat="26.93813" lon="120.365272"><ele>202</ele></trkpt>
      <trkpt lat="26.938153" lon="120.365286"><ele>202</ele></trkpt>
      <trkpt lat="26.938177" lon="120.365296"><ele>201</ele></trkpt>
      <trkpt lat="26.938202" lon="120.365303"><ele>201</ele></trkpt>
      <trkpt lat="26.938227" lon="120.365307"><ele>201</ele></trkpt>
      <trkpt lat="26.938253" lon="120.365308"><ele>200</ele></trkpt>
      <trkpt lat="26.938279" lon="120.365306"><ele>200</ele></trkpt>
      <trkpt lat="26.938305" lon="120.365302"><ele>200</ele></trkpt>
      <trkpt lat="26.938331" lon="120.365296"><ele>199</ele></trkpt>
      <trkpt lat="26.938356" lon="120.365287"><ele>199</ele></trkpt>
      <trkpt lat="26.938379" lon="120.365276"><ele>199</ele></trkpt>
      <trkpt lat="26.938403" lon="120.365265"><ele>199</ele></trkpt>
      <trkpt lat="26.938426" lon="120.365255"><ele>199</ele></trkpt>
      <trkpt lat="26.938449" lon="120.365244"><ele>199</ele></trkpt>
      <trkpt lat="26.938473" lon="120.365232"><ele>199</ele></trkpt>
      <trkpt lat="26.938496" lon="120.36522"><ele>199</ele></trkpt>
      <trkpt lat="26.93852" lon="120.365206"><ele>199</ele></trkpt>
      <trkpt lat="26.938542" lon="120.365191"><ele>198</ele></trkpt>
      <trkpt lat="26.938563" lon="120.365174"><ele>198</ele></trkpt>
      <trkpt lat="26.938585" lon="120.365154"><ele>198</ele></trkpt>
      <trkpt lat="26.938608" lon="120.365131"><ele>198</ele></trkpt>
      <trkpt lat="26.938632" lon="120.365108"><ele>198</ele></trkpt>
      <trkpt lat="26.938654" lon="120.365084"><ele>198</ele></trkpt>
      <trkpt lat="26.938675" lon="120.36506"><ele>197</ele></trkpt>
      <trkpt lat="26.938696" lon="120.365036"><ele>197</ele></trkpt>
      <trkpt lat="26.938716" lon="120.365012"><ele>196</ele></trkpt>
      <trkpt lat="26.938735" lon="120.364992"><ele>196</ele></trkpt>
      <trkpt lat="26.938754" lon="120.364972"><ele>196</ele></trkpt>
      <trkpt lat="26.938773" lon="120.364951"><ele>196</ele></trkpt>
      <trkpt lat="26.938795" lon="120.364928"><ele>196</ele></trkpt>
      <trkpt lat="26.938817" lon="120.364905"><ele>196</ele></trkpt>
      <trkpt lat="26.938839" lon="120.364883"><ele>197</ele></trkpt>
      <trkpt lat="26.938861" lon="120.364862"><ele>197</ele></trkpt>
      <trkpt lat="26.938884" lon="120.364841"><ele>198</ele></trkpt>
      <trkpt lat="26.938907" lon="120.364823"><ele>198</ele></trkpt>
      <trkpt lat="26.938932" lon="120.364805"><ele>198</ele></trkpt>
      <trkpt lat="26.938957" lon="120.364787"><ele>198</ele></trkpt>
      <trkpt lat="26.938983" lon="120.36477"><ele>198</ele></trkpt>
      <trkpt lat="26.939009" lon="120.364754"><ele>197</ele></trkpt>
      <trkpt lat="26.939036" lon="120.364742"><ele>197</ele></trkpt>
      <trkpt lat="26.939064" lon="120.364732"><ele>197</ele></trkpt>
      <trkpt lat="26.939091" lon="120.364726"><ele>196</ele></trkpt>
      <trkpt lat="26.939119" lon="120.364723"><ele>196</ele></trkpt>
      <trkpt lat="26.939148" lon="120.364723"><ele>196</ele></trkpt>
      <trkpt lat="26.939176" lon="120.364723"><ele>196</ele></trkpt>
      <trkpt lat="26.939203" lon="120.364722"><ele>196</ele></trkpt>
      <trkpt lat="26.939229" lon="120.36472"><ele>195</ele></trkpt>
      <trkpt lat="26.939252" lon="120.364719"><ele>195</ele></trkpt>
      <trkpt lat="26.939277" lon="120.36472"><ele>195</ele></trkpt>
      <trkpt lat="26.939304" lon="120.364721"><ele>194</ele></trkpt>
      <trkpt lat="26.939331" lon="120.364722"><ele>194</ele></trkpt>
      <trkpt lat="26.939356" lon="120.364723"><ele>193</ele></trkpt>
      <trkpt lat="26.93938" lon="120.364723"><ele>193</ele></trkpt>
      <trkpt lat="26.939405" lon="120.364723"><ele>193</ele></trkpt>
      <trkpt lat="26.939429" lon="120.364725"><ele>192</ele></trkpt>
      <trkpt lat="26.939451" lon="120.364731"><ele>192</ele></trkpt>
      <trkpt lat="26.939464" lon="120.364743"><ele>192</ele></trkpt>
      <trkpt lat="26.939468" lon="120.364756"><ele>192</ele></trkpt>
      <trkpt lat="26.939472" lon="120.364778"><ele>192</ele></trkpt>
      <trkpt lat="26.939474" lon="120.364804"><ele>192</ele></trkpt>
      <trkpt lat="26.939471" lon="120.364827"><ele>192</ele></trkpt>
      <trkpt lat="26.939467" lon="120.36485"><ele>192</ele></trkpt>
      <trkpt lat="26.939462" lon="120.364871"><ele>191</ele></trkpt>
      <trkpt lat="26.939459" lon="120.36488"><ele>191</ele></trkpt>
      <trkpt lat="26.939458" lon="120.364885"><ele>190</ele></trkpt>
      <trkpt lat="26.939453" lon="120.364908"><ele>190</ele></trkpt>
      <trkpt lat="26.939443" lon="120.364936"><ele>190</ele></trkpt>
      <trkpt lat="26.939428" lon="120.364964"><ele>189</ele></trkpt>
      <trkpt lat="26.939413" lon="120.364982"><ele>189</ele></trkpt>
      <trkpt lat="26.939395" lon="120.364992"><ele>189</ele></trkpt>
      <trkpt lat="26.939375" lon="120.364997"><ele>189</ele></trkpt>
      <trkpt lat="26.939352" lon="120.364999"><ele>189</ele></trkpt>
      <trkpt lat="26.939328" lon="120.365002"><ele>188</ele></trkpt>
      <trkpt lat="26.939304" lon="120.365004"><ele>188</ele></trkpt>
      <trkpt lat="26.93928" lon="120.365002"><ele>188</ele></trkpt>
      <trkpt lat="26.939256" lon="120.364998"><ele>188</ele></trkpt>
      <trkpt lat="26.93923" lon="120.364993"><ele>188</ele></trkpt>
      <trkpt lat="26.939203" lon="120.364988"><ele>187</ele></trkpt>
      <trkpt lat="26.939176" lon="120.364987"><ele>187</ele></trkpt>
      <trkpt lat="26.939149" lon="120.364989"><ele>187</ele></trkpt>
      <trkpt lat="26.939124" lon="120.364997"><ele>187</ele></trkpt>
      <trkpt lat="26.939098" lon="120.365009"><ele>187</ele></trkpt>
      <trkpt lat="26.93907" lon="120.365023"><ele>187</ele></trkpt>
      <trkpt lat="26.939046" lon="120.365041"><ele>187</ele></trkpt>
      <trkpt lat="26.939023" lon="120.365062"><ele>187</ele></trkpt>
      <trkpt lat="26.939003" lon="120.365085"><ele>187</ele></trkpt>
      <trkpt lat="26.938982" lon="120.365111"><ele>187</ele></trkpt>
      <trkpt lat="26.938963" lon="120.365136"><ele>188</ele></trkpt>
      <trkpt lat="26.938944" lon="120.365161"><ele>188</ele></trkpt>
      <trkpt lat="26.938925" lon="120.365185"><ele>189</ele></trkpt>
      <trkpt lat="26.938907" lon="120.365208"><ele>189</ele></trkpt>
      <trkpt lat="26.938889" lon="120.365231"><ele>189</ele></trkpt>
      <trkpt lat="26.938871" lon="120.365254"><ele>189</ele></trkpt>
      <trkpt lat="26.938855" lon="120.365278"><ele>189</ele></trkpt>
      <trkpt lat="26.938838" lon="120.365302"><ele>189</ele></trkpt>
      <trkpt lat="26.938821" lon="120.365327"><ele>188</ele></trkpt>
      <trkpt lat="26.938806" lon="120.365352"><ele>188</ele></trkpt>
      <trkpt lat="26.93879" lon="120.365376"><ele>188</ele></trkpt>
      <trkpt lat="26.938773" lon="120.365401"><ele>188</ele></trkpt>
      <trkpt lat="26.938756" lon="120.365424"><ele>188</ele></trkpt>
      <trkpt lat="26.938738" lon="120.365448"><ele>188</ele></trkpt>
      <trkpt lat="26.938718" lon="120.365472"><ele>188</ele></trkpt>
      <trkpt lat="26.938698" lon="120.365495"><ele>187</ele></trkpt>
      <trkpt lat="26.938679" lon="120.365518"><ele>187</ele></trkpt>
      <trkpt lat="26.938662" lon="120.36554"><ele>187</ele></trkpt>
      <trkpt lat="26.938646" lon="120.365563"><ele>186</ele></trkpt>
      <trkpt lat="26.938633" lon="120.365584"><ele>186</ele></trkpt>
      <trkpt lat="26.938617" lon="120.365609"><ele>186</ele></trkpt>
      <trkpt lat="26.938603" lon="120.36563"><ele>186</ele></trkpt>
      <trkpt lat="26.93859" lon="120.365651"><ele>185</ele></trkpt>
      <trkpt lat="26.938576" lon="120.365672"><ele>185</ele></trkpt>
      <trkpt lat="26.938561" lon="120.365694"><ele>185</ele></trkpt>
      <trkpt lat="26.938544" lon="120.365716"><ele>185</ele></trkpt>
      <trkpt lat="26.938526" lon="120.365737"><ele>185</ele></trkpt>
      <trkpt lat="26.938506" lon="120.365759"><ele>184</ele></trkpt>
      <trkpt lat="26.938487" lon="120.365776"><ele>184</ele></trkpt>
      <trkpt lat="26.938467" lon="120.365792"><ele>183</ele></trkpt>
      <trkpt lat="26.938443" lon="120.365807"><ele>183</ele></trkpt>
      <trkpt lat="26.938419" lon="120.365821"><ele>182</ele></trkpt>
      <trkpt lat="26.938393" lon="120.365832"><ele>182</ele></trkpt>
      <trkpt lat="26.938366" lon="120.365841"><ele>182</ele></trkpt>
      <trkpt lat="26.938341" lon="120.36585"><ele>181</ele></trkpt>
      <trkpt lat="26.938316" lon="120.365858"><ele>180</ele></trkpt>
      <trkpt lat="26.938289" lon="120.365869"><ele>180</ele></trkpt>
      <trkpt lat="26.938262" lon="120.36588"><ele>179</ele></trkpt>
      <trkpt lat="26.938237" lon="120.365893"><ele>179</ele></trkpt>
      <trkpt lat="26.938213" lon="120.365905"><ele>179</ele></trkpt>
      <trkpt lat="26.938188" lon="120.365917"><ele>179</ele></trkpt>
      <trkpt lat="26.938163" lon="120.365926"><ele>179</ele></trkpt>
      <trkpt lat="26.938137" lon="120.365935"><ele>179</ele></trkpt>
      <trkpt lat="26.938112" lon="120.365942"><ele>179</ele></trkpt>
      <trkpt lat="26.938088" lon="120.365948"><ele>178</ele></trkpt>
      <trkpt lat="26.938063" lon="120.365951"><ele>178</ele></trkpt>
      <trkpt lat="26.938038" lon="120.365949"><ele>178</ele></trkpt>
      <trkpt lat="26.938014" lon="120.36594"><ele>178</ele></trkpt>
      <trkpt lat="26.937991" lon="120.365927"><ele>178</ele></trkpt>
      <trkpt lat="26.937973" lon="120.365913"><ele>178</ele></trkpt>
      <trkpt lat="26.937955" lon="120.365895"><ele>178</ele></trkpt>
      <trkpt lat="26.937937" lon="120.365877"><ele>178</ele></trkpt>
      <trkpt lat="26.93792" lon="120.365859"><ele>177</ele></trkpt>
      <trkpt lat="26.937903" lon="120.365841"><ele>177</ele></trkpt>
      <trkpt lat="26.937887" lon="120.365822"><ele>177</ele></trkpt>
      <trkpt lat="26.937871" lon="120.365803"><ele>176</ele></trkpt>
      <trkpt lat="26.937855" lon="120.365784"><ele>176</ele></trkpt>
      <trkpt lat="26.937838" lon="120.365765"><ele>175</ele></trkpt>
      <trkpt lat="26.93782" lon="120.365747"><ele>175</ele></trkpt>
      <trkpt lat="26.937802" lon="120.365729"><ele>175</ele></trkpt>
      <trkpt lat="26.937783" lon="120.365712"><ele>175</ele></trkpt>
      <trkpt lat="26.937762" lon="120.365694"><ele>175</ele></trkpt>
      <trkpt lat="26.937741" lon="120.365677"><ele>174</ele></trkpt>
      <trkpt lat="26.93772" lon="120.365661"><ele>174</ele></trkpt>
      <trkpt lat="26.937698" lon="120.365643"><ele>174</ele></trkpt>
      <trkpt lat="26.937675" lon="120.365627"><ele>174</ele></trkpt>
      <trkpt lat="26.937651" lon="120.365611"><ele>173</ele></trkpt>
      <trkpt lat="26.937627" lon="120.365596"><ele>173</ele></trkpt>
      <trkpt lat="26.937602" lon="120.365584"><ele>173</ele></trkpt>
      <trkpt lat="26.937579" lon="120.365572"><ele>173</ele></trkpt>
      <trkpt lat="26.937561" lon="120.365562"><ele>172</ele></trkpt>
      <trkpt lat="26.937543" lon="120.365552"><ele>172</ele></trkpt>
      <trkpt lat="26.93752" lon="120.36554"><ele>172</ele></trkpt>
      <trkpt lat="26.937496" lon="120.365525"><ele>172</ele></trkpt>
      <trkpt lat="26.93747" lon="120.365508"><ele>171</ele></trkpt>
      <trkpt lat="26.937444" lon="120.365491"><ele>170</ele></trkpt>
      <trkpt lat="26.937416" lon="120.365478"><ele>169</ele></trkpt>
      <trkpt lat="26.937389" lon="120.365468"><ele>169</ele></trkpt>
      <trkpt lat="26.937364" lon="120.365457"><ele>169</ele></trkpt>
      <trkpt lat="26.937341" lon="120.365448"><ele>169</ele></trkpt>
      <trkpt lat="26.93732" lon="120.365439"><ele>169</ele></trkpt>
      <trkpt lat="26.937301" lon="120.365432"><ele>169</ele></trkpt>
      <trkpt lat="26.937281" lon="120.365426"><ele>169</ele></trkpt>
      <trkpt lat="26.93726" lon="120.365421"><ele>169</ele></trkpt>
      <trkpt lat="26.937239" lon="120.365416"><ele>169</ele></trkpt>
      <trkpt lat="26.937217" lon="120.365412"><ele>169</ele></trkpt>
      <trkpt lat="26.937194" lon="120.365408"><ele>169</ele></trkpt>
      <trkpt lat="26.937172" lon="120.365405"><ele>169</ele></trkpt>
      <trkpt lat="26.93715" lon="120.365401"><ele>169</ele></trkpt>
      <trkpt lat="26.937127" lon="120.365399"><ele>169</ele></trkpt>
      <trkpt lat="26.937104" lon="120.365396"><ele>169</ele></trkpt>
      <trkpt lat="26.937081" lon="120.365393"><ele>169</ele></trkpt>
      <trkpt lat="26.937061" lon="120.365392"><ele>169</ele></trkpt>
      <trkpt lat="26.937039" lon="120.365392"><ele>169</ele></trkpt>
      <trkpt lat="26.937017" lon="120.365393"><ele>169</ele></trkpt>
      <trkpt lat="26.936994" lon="120.365393"><ele>169</ele></trkpt>
      <trkpt lat="26.93697" lon="120.365391"><ele>168</ele></trkpt>
      <trkpt lat="26.936944" lon="120.365392"><ele>168</ele></trkpt>
      <trkpt lat="26.93692" lon="120.365398"><ele>168</ele></trkpt>
      <trkpt lat="26.936898" lon="120.365409"><ele>168</ele></trkpt>
      <trkpt lat="26.936876" lon="120.365422"><ele>168</ele></trkpt>
      <trkpt lat="26.936854" lon="120.365437"><ele>168</ele></trkpt>
      <trkpt lat="26.936832" lon="120.365452"><ele>168</ele></trkpt>
      <trkpt lat="26.936809" lon="120.365467"><ele>168</ele></trkpt>
      <trkpt lat="26.936786" lon="120.36548"><ele>168</ele></trkpt>
      <trkpt lat="26.936764" lon="120.365492"><ele>168</ele></trkpt>
      <trkpt lat="26.936743" lon="120.365504"><ele>168</ele></trkpt>
      <trkpt lat="26.936719" lon="120.365518"><ele>167</ele></trkpt>
      <trkpt lat="26.936696" lon="120.365532"><ele>167</ele></trkpt>
      <trkpt lat="26.936671" lon="120.365546"><ele>166</ele></trkpt>
      <trkpt lat="26.936646" lon="120.365559"><ele>166</ele></trkpt>
      <trkpt lat="26.93662" lon="120.365572"><ele>166</ele></trkpt>
      <trkpt lat="26.936595" lon="120.365585"><ele>165</ele></trkpt>
      <trkpt lat="26.936571" lon="120.365597"><ele>165</ele></trkpt>
      <trkpt lat="26.936549" lon="120.365607"><ele>164</ele></trkpt>
      <trkpt lat="26.936525" lon="120.365618"><ele>164</ele></trkpt>
      <trkpt lat="26.9365" lon="120.365629"><ele>163</ele></trkpt>
      <trkpt lat="26.936477" lon="120.365638"><ele>163</ele></trkpt>
      <trkpt lat="26.936454" lon="120.365646"><ele>163</ele></trkpt>
      <trkpt lat="26.93643" lon="120.365654"><ele>163</ele></trkpt>
      <trkpt lat="26.936408" lon="120.365665"><ele>163</ele></trkpt>
      <trkpt lat="26.936391" lon="120.365681"><ele>163</ele></trkpt>
      <trkpt lat="26.93638" lon="120.365703"><ele>163</ele></trkpt>
      <trkpt lat="26.936369" lon="120.365728"><ele>163</ele></trkpt>
      <trkpt lat="26.936358" lon="120.365755"><ele>162</ele></trkpt>
      <trkpt lat="26.936349" lon="120.365785"><ele>162</ele></trkpt>
      <trkpt lat="26.936344" lon="120.365815"><ele>162</ele></trkpt>
      <trkpt lat="26.936346" lon="120.365845"><ele>162</ele></trkpt>
      <trkpt lat="26.936353" lon="120.365873"><ele>161</ele></trkpt>
      <trkpt lat="26.936364" lon="120.365903"><ele>161</ele></trkpt>
      <trkpt lat="26.936378" lon="120.36593"><ele>160</ele></trkpt>
      <trkpt lat="26.936394" lon="120.365954"><ele>160</ele></trkpt>
      <trkpt lat="26.936412" lon="120.365972"><ele>159</ele></trkpt>
      <trkpt lat="26.936433" lon="120.365985"><ele>159</ele></trkpt>
      <trkpt lat="26.936453" lon="120.365991"><ele>158</ele></trkpt>
      <trkpt lat="26.936474" lon="120.365993"><ele>158</ele></trkpt>
      <trkpt lat="26.936496" lon="120.36599"><ele>157</ele></trkpt>
      <trkpt lat="26.936518" lon="120.365983"><ele>157</ele></trkpt>
      <trkpt lat="26.93654" lon="120.365973"><ele>156</ele></trkpt>
      <trkpt lat="26.936562" lon="120.365962"><ele>156</ele></trkpt>
      <trkpt lat="26.936585" lon="120.36595"><ele>156</ele></trkpt>
      <trkpt lat="26.936605" lon="120.365938"><ele>156</ele></trkpt>
      <trkpt lat="26.936624" lon="120.365923"><ele>156</ele></trkpt>
      <trkpt lat="26.936643" lon="120.365906"><ele>156</ele></trkpt>
      <trkpt lat="26.93666" lon="120.365888"><ele>156</ele></trkpt>
      <trkpt lat="26.936676" lon="120.36587"><ele>156</ele></trkpt>
      <trkpt lat="26.936692" lon="120.365855"><ele>156</ele></trkpt>
      <trkpt lat="26.936711" lon="120.365841"><ele>156</ele></trkpt>
      <trkpt lat="26.936723" lon="120.365833"><ele>156</ele></trkpt>
      <trkpt lat="26.936729" lon="120.365828"><ele>156</ele></trkpt>
      <trkpt lat="26.936738" lon="120.36582"><ele>156</ele></trkpt>
      <trkpt lat="26.936749" lon="120.365809"><ele>156</ele></trkpt>
      <trkpt lat="26.936762" lon="120.365797"><ele>156</ele></trkpt>
      <trkpt lat="26.936774" lon="120.365787"><ele>156</ele></trkpt>
      <trkpt lat="26.936781" lon="120.365782"><ele>157</ele></trkpt>
      <trkpt lat="26.936788" lon="120.36578"><ele>157</ele></trkpt>
      <trkpt lat="26.936825" lon="120.36577"><ele>157</ele></trkpt>
      <trkpt lat="26.936825" lon="120.36577"><ele>157</ele></trkpt>
      <trkpt lat="26.93683" lon="120.365769"><ele>157</ele></trkpt>
      <trkpt lat="26.936873" lon="120.365759"><ele>157</ele></trkpt>
      <trkpt lat="26.936896" lon="120.365755"><ele>157</ele></trkpt>
      <trkpt lat="26.936918" lon="120.365754"><ele>157</ele></trkpt>
      <trkpt lat="26.93694" lon="120.365754"><ele>157</ele></trkpt>
      <trkpt lat="26.936959" lon="120.365754"><ele>157</ele></trkpt>
      <trkpt lat="26.936975" lon="120.365755"><ele>157</ele></trkpt>
      <trkpt lat="26.936985" lon="120.365757"><ele>157</ele></trkpt>
      <trkpt lat="26.936992" lon="120.365759"><ele>157</ele></trkpt>
      <trkpt lat="26.937025" lon="120.365765"><ele>157</ele></trkpt>
      <trkpt lat="26.937026" lon="120.365765"><ele>157</ele></trkpt>
      <trkpt lat="26.93703" lon="120.365767"><ele>157</ele></trkpt>
      <trkpt lat="26.937081" lon="120.365788"><ele>156</ele></trkpt>
      <trkpt lat="26.937109" lon="120.365801"><ele>156</ele></trkpt>
      <trkpt lat="26.937138" lon="120.365817"><ele>156</ele></trkpt>
      <trkpt lat="26.937161" lon="120.365834"><ele>156</ele></trkpt>
      <trkpt lat="26.937179" lon="120.365855"><ele>155</ele></trkpt>
      <trkpt lat="26.93719" lon="120.365877"><ele>155</ele></trkpt>
      <trkpt lat="26.937195" lon="120.365901"><ele>155</ele></trkpt>
      <trkpt lat="26.937193" lon="120.365924"><ele>154</ele></trkpt>
      <trkpt lat="26.937185" lon="120.365948"><ele>153</ele></trkpt>
      <trkpt lat="26.937173" lon="120.36597"><ele>153</ele></trkpt>
      <trkpt lat="26.937156" lon="120.36599"><ele>152</ele></trkpt>
      <trkpt lat="26.937135" lon="120.366006"><ele>151</ele></trkpt>
      <trkpt lat="26.937114" lon="120.366017"><ele>150</ele></trkpt>
      <trkpt lat="26.93709" lon="120.366025"><ele>150</ele></trkpt>
      <trkpt lat="26.937064" lon="120.366034"><ele>149</ele></trkpt>
      <trkpt lat="26.937037" lon="120.366043"><ele>148</ele></trkpt>
      <trkpt lat="26.937011" lon="120.366052"><ele>148</ele></trkpt>
      <trkpt lat="26.936985" lon="120.366063"><ele>147</ele></trkpt>
      <trkpt lat="26.93696" lon="120.366074"><ele>147</ele></trkpt>
      <trkpt lat="26.936936" lon="120.366088"><ele>147</ele></trkpt>
      <trkpt lat="26.936914" lon="120.366103"><ele>146</ele></trkpt>
      <trkpt lat="26.936893" lon="120.366117"><ele>146</ele></trkpt>
      <trkpt lat="26.936874" lon="120.366133"><ele>146</ele></trkpt>
      <trkpt lat="26.936855" lon="120.366149"><ele>146</ele></trkpt>
      <trkpt lat="26.936837" lon="120.366168"><ele>145</ele></trkpt>
      <trkpt lat="26.936822" lon="120.366188"><ele>145</ele></trkpt>
      <trkpt lat="26.936809" lon="120.366208"><ele>145</ele></trkpt>
      <trkpt lat="26.936796" lon="120.366233"><ele>145</ele></trkpt>
      <trkpt lat="26.936783" lon="120.36626"><ele>145</ele></trkpt>
      <trkpt lat="26.936772" lon="120.366288"><ele>145</ele></trkpt>
      <trkpt lat="26.936761" lon="120.366318"><ele>145</ele></trkpt>
      <trkpt lat="26.93675" lon="120.366348"><ele>145</ele></trkpt>
      <trkpt lat="26.936739" lon="120.366377"><ele>144</ele></trkpt>
      <trkpt lat="26.93673" lon="120.366407"><ele>144</ele></trkpt>
      <trkpt lat="26.936721" lon="120.366437"><ele>144</ele></trkpt>
      <trkpt lat="26.936714" lon="120.366467"><ele>144</ele></trkpt>
      <trkpt lat="26.936708" lon="120.366495"><ele>143</ele></trkpt>
      <trkpt lat="26.936703" lon="120.366524"><ele>143</ele></trkpt>
      <trkpt lat="26.936697" lon="120.366553"><ele>143</ele></trkpt>
      <trkpt lat="26.93669" lon="120.366581"><ele>142</ele></trkpt>
      <trkpt lat="26.936683" lon="120.366609"><ele>142</ele></trkpt>
      <trkpt lat="26.936676" lon="120.366638"><ele>141</ele></trkpt>
      <trkpt lat="26.93667" lon="120.366666"><ele>141</ele></trkpt>
      <trkpt lat="26.936663" lon="120.366696"><ele>141</ele></trkpt>
      <trkpt lat="26.936656" lon="120.366726"><ele>141</ele></trkpt>
      <trkpt lat="26.936648" lon="120.366758"><ele>141</ele></trkpt>
      <trkpt lat="26.936638" lon="120.366789"><ele>141</ele></trkpt>
      <trkpt lat="26.936626" lon="120.366819"><ele>140</ele></trkpt>
      <trkpt lat="26.936614" lon="120.366848"><ele>140</ele></trkpt>
      <trkpt lat="26.9366" lon="120.366875"><ele>140</ele></trkpt>
      <trkpt lat="26.936587" lon="120.366901"><ele>140</ele></trkpt>
      <trkpt lat="26.936575" lon="120.366926"><ele>139</ele></trkpt>
      <trkpt lat="26.936562" lon="120.36695"><ele>138</ele></trkpt>
      <trkpt lat="26.936547" lon="120.366974"><ele>138</ele></trkpt>
      <trkpt lat="26.936533" lon="120.366997"><ele>137</ele></trkpt>
      <trkpt lat="26.936518" lon="120.367023"><ele>136</ele></trkpt>
      <trkpt lat="26.936502" lon="120.367049"><ele>136</ele></trkpt>
      <trkpt lat="26.936488" lon="120.367075"><ele>135</ele></trkpt>
      <trkpt lat="26.936473" lon="120.367101"><ele>135</ele></trkpt>
      <trkpt lat="26.936461" lon="120.367128"><ele>135</ele></trkpt>
      <trkpt lat="26.936451" lon="120.367155"><ele>135</ele></trkpt>
      <trkpt lat="26.936442" lon="120.367183"><ele>135</ele></trkpt>
      <trkpt lat="26.936434" lon="120.367213"><ele>135</ele></trkpt>
      <trkpt lat="26.93643" lon="120.367241"><ele>134</ele></trkpt>
      <trkpt lat="26.936429" lon="120.367266"><ele>134</ele></trkpt>
      <trkpt lat="26.93643" lon="120.367298"><ele>134</ele></trkpt>
      <trkpt lat="26.936431" lon="120.367325"><ele>134</ele></trkpt>
      <trkpt lat="26.936431" lon="120.367351"><ele>134</ele></trkpt>
      <trkpt lat="26.936428" lon="120.367378"><ele>134</ele></trkpt>
      <trkpt lat="26.936426" lon="120.367405"><ele>134</ele></trkpt>
      <trkpt lat="26.936424" lon="120.367434"><ele>134</ele></trkpt>
      <trkpt lat="26.936424" lon="120.367465"><ele>134</ele></trkpt>
      <trkpt lat="26.936424" lon="120.367494"><ele>134</ele></trkpt>
      <trkpt lat="26.936425" lon="120.367521"><ele>134</ele></trkpt>
      <trkpt lat="26.936427" lon="120.367548"><ele>134</ele></trkpt>
      <trkpt lat="26.93643" lon="120.367576"><ele>134</ele></trkpt>
      <trkpt lat="26.936434" lon="120.367605"><ele>134</ele></trkpt>
      <trkpt lat="26.936438" lon="120.367634"><ele>134</ele></trkpt>
      <trkpt lat="26.936441" lon="120.367664"><ele>134</ele></trkpt>
      <trkpt lat="26.936443" lon="120.367694"><ele>134</ele></trkpt>
      <trkpt lat="26.936445" lon="120.367724"><ele>133</ele></trkpt>
      <trkpt lat="26.936448" lon="120.367753"><ele>133</ele></trkpt>
      <trkpt lat="26.936453" lon="120.367783"><ele>133</ele></trkpt>
      <trkpt lat="26.936456" lon="120.367811"><ele>133</ele></trkpt>
      <trkpt lat="26.936459" lon="120.36784"><ele>133</ele></trkpt>
      <trkpt lat="26.936459" lon="120.367871"><ele>133</ele></trkpt>
      <trkpt lat="26.936459" lon="120.367901"><ele>133</ele></trkpt>
      <trkpt lat="26.936457" lon="120.367931"><ele>133</ele></trkpt>
      <trkpt lat="26.936454" lon="120.36796"><ele>133</ele></trkpt>
      <trkpt lat="26.93645" lon="120.367989"><ele>133</ele></trkpt>
      <trkpt lat="26.936446" lon="120.368018"><ele>132</ele></trkpt>
      <trkpt lat="26.936443" lon="120.368044"><ele>132</ele></trkpt>
      <trkpt lat="26.93644" lon="120.368073"><ele>132</ele></trkpt>
      <trkpt lat="26.936436" lon="120.368103"><ele>131</ele></trkpt>
      <trkpt lat="26.936432" lon="120.368132"><ele>131</ele></trkpt>
      <trkpt lat="26.936426" lon="120.36816"><ele>131</ele></trkpt>
      <trkpt lat="26.93642" lon="120.368189"><ele>131</ele></trkpt>
      <trkpt lat="26.936413" lon="120.368218"><ele>131</ele></trkpt>
      <trkpt lat="26.936406" lon="120.368248"><ele>130</ele></trkpt>
      <trkpt lat="26.936398" lon="120.368278"><ele>130</ele></trkpt>
      <trkpt lat="26.936391" lon="120.368307"><ele>130</ele></trkpt>
      <trkpt lat="26.936386" lon="120.368337"><ele>130</ele></trkpt>
      <trkpt lat="26.936381" lon="120.368367"><ele>130</ele></trkpt>
      <trkpt lat="26.936377" lon="120.368398"><ele>130</ele></trkpt>
      <trkpt lat="26.936373" lon="120.368428"><ele>130</ele></trkpt>
      <trkpt lat="26.93637" lon="120.368458"><ele>130</ele></trkpt>
      <trkpt lat="26.936366" lon="120.368489"><ele>130</ele></trkpt>
      <trkpt lat="26.93636" lon="120.36852"><ele>130</ele></trkpt>
      <trkpt lat="26.936355" lon="120.368552"><ele>130</ele></trkpt>
      <trkpt lat="26.936351" lon="120.368583"><ele>129</ele></trkpt>
      <trkpt lat="26.936348" lon="120.368616"><ele>129</ele></trkpt>
      <trkpt lat="26.936348" lon="120.368649"><ele>129</ele></trkpt>
      <trkpt lat="26.93635" lon="120.368682"><ele>128</ele></trkpt>
      <trkpt lat="26.936354" lon="120.368713"><ele>128</ele></trkpt>
      <trkpt lat="26.93636" lon="120.368745"><ele>128</ele></trkpt>
      <trkpt lat="26.936368" lon="120.368776"><ele>128</ele></trkpt>
      <trkpt lat="26.936376" lon="120.368808"><ele>127</ele></trkpt>
      <trkpt lat="26.936385" lon="120.368839"><ele>127</ele></trkpt>
      <trkpt lat="26.936393" lon="120.368865"><ele>127</ele></trkpt>
      <trkpt lat="26.936402" lon="120.368893"><ele>127</ele></trkpt>
      <trkpt lat="26.936411" lon="120.368923"><ele>127</ele></trkpt>
      <trkpt lat="26.93642" lon="120.368954"><ele>127</ele></trkpt>
      <trkpt lat="26.93643" lon="120.368986"><ele>127</ele></trkpt>
      <trkpt lat="26.936438" lon="120.369016"><ele>127</ele></trkpt>
      <trkpt lat="26.936444" lon="120.369047"><ele>127</ele></trkpt>
      <trkpt lat="26.936448" lon="120.369079"><ele>127</ele></trkpt>
      <trkpt lat="26.936452" lon="120.36911"><ele>127</ele></trkpt>
      <trkpt lat="26.936454" lon="120.369139"><ele>126</ele></trkpt>
      <trkpt lat="26.936454" lon="120.36917"><ele>126</ele></trkpt>
      <trkpt lat="26.936455" lon="120.369199"><ele>126</ele></trkpt>
      <trkpt lat="26.936456" lon="120.369227"><ele>126</ele></trkpt>
      <trkpt lat="26.936457" lon="120.369256"><ele>126</ele></trkpt>
      <trkpt lat="26.936458" lon="120.369284"><ele>125</ele></trkpt>
      <trkpt lat="26.936459" lon="120.369311"><ele>125</ele></trkpt>
      <trkpt lat="26.936462" lon="120.369339"><ele>125</ele></trkpt>
      <trkpt lat="26.936464" lon="120.369368"><ele>125</ele></trkpt>
      <trkpt lat="26.936466" lon="120.369394"><ele>125</ele></trkpt>
      <trkpt lat="26.936465" lon="120.369422"><ele>125</ele></trkpt>
      <trkpt lat="26.936464" lon="120.369452"><ele>125</ele></trkpt>
      <trkpt lat="26.936462" lon="120.36948"><ele>125</ele></trkpt>
      <trkpt lat="26.936459" lon="120.369506"><ele>125</ele></trkpt>
      <trkpt lat="26.936455" lon="120.369532"><ele>125</ele></trkpt>
      <trkpt lat="26.936451" lon="120.369559"><ele>125</ele></trkpt>
      <trkpt lat="26.936444" lon="120.369585"><ele>124</ele></trkpt>
      <trkpt lat="26.936438" lon="120.369612"><ele>124</ele></trkpt>
      <trkpt lat="26.936433" lon="120.369636"><ele>124</ele></trkpt>
      <trkpt lat="26.936428" lon="120.369662"><ele>123</ele></trkpt>
      <trkpt lat="26.936422" lon="120.369689"><ele>123</ele></trkpt>
      <trkpt lat="26.936415" lon="120.369716"><ele>123</ele></trkpt>
      <trkpt lat="26.936407" lon="120.369743"><ele>123</ele></trkpt>
      <trkpt lat="26.936398" lon="120.369771"><ele>123</ele></trkpt>
      <trkpt lat="26.936391" lon="120.369798"><ele>122</ele></trkpt>
      <trkpt lat="26.936385" lon="120.36982"><ele>122</ele></trkpt>
      <trkpt lat="26.936383" lon="120.369824"><ele>122</ele></trkpt>
      <trkpt lat="26.936358" lon="120.369869"><ele>122</ele></trkpt>
      <trkpt lat="26.936358" lon="120.369869"><ele>122</ele></trkpt>
      <trkpt lat="26.936355" lon="120.369877"><ele>122</ele></trkpt>
      <trkpt lat="26.936344" lon="120.369903"><ele>122</ele></trkpt>
      <trkpt lat="26.936329" lon="120.369946"><ele>122</ele></trkpt>
      <trkpt lat="26.936315" lon="120.36999"><ele>121</ele></trkpt>
      <trkpt lat="26.936303" lon="120.370031"><ele>121</ele></trkpt>
      <trkpt lat="26.936294" lon="120.370068"><ele>121</ele></trkpt>
      <trkpt lat="26.936286" lon="120.370101"><ele>121</ele></trkpt>
      <trkpt lat="26.936279" lon="120.370132"><ele>121</ele></trkpt>
      <trkpt lat="26.936272" lon="120.370161"><ele>121</ele></trkpt>
      <trkpt lat="26.936264" lon="120.370187"><ele>121</ele></trkpt>
      <trkpt lat="26.936256" lon="120.370215"><ele>121</ele></trkpt>
      <trkpt lat="26.936246" lon="120.370242"><ele>120</ele></trkpt>
      <trkpt lat="26.936233" lon="120.370268"><ele>120</ele></trkpt>
      <trkpt lat="26.936218" lon="120.37029"><ele>119</ele></trkpt>
      <trkpt lat="26.936205" lon="120.370308"><ele>119</ele></trkpt>
      <trkpt lat="26.936191" lon="120.370329"><ele>119</ele></trkpt>
      <trkpt lat="26.936176" lon="120.370353"><ele>119</ele></trkpt>
      <trkpt lat="26.936161" lon="120.370378"><ele>119</ele></trkpt>
      <trkpt lat="26.936146" lon="120.370403"><ele>118</ele></trkpt>
      <trkpt lat="26.93613" lon="120.370431"><ele>118</ele></trkpt>
      <trkpt lat="26.936113" lon="120.370458"><ele>118</ele></trkpt>
      <trkpt lat="26.936097" lon="120.370485"><ele>118</ele></trkpt>
      <trkpt lat="26.936082" lon="120.370511"><ele>118</ele></trkpt>
      <trkpt lat="26.936065" lon="120.370535"><ele>117</ele></trkpt>
      <trkpt lat="26.936048" lon="120.370559"><ele>117</ele></trkpt>
      <trkpt lat="26.936029" lon="120.370584"><ele>116</ele></trkpt>
      <trkpt lat="26.93601" lon="120.370607"><ele>116</ele></trkpt>
      <trkpt lat="26.935992" lon="120.370625"><ele>116</ele></trkpt>
      <trkpt lat="26.935973" lon="120.370644"><ele>116</ele></trkpt>
      <trkpt lat="26.935953" lon="120.370664"><ele>115</ele></trkpt>
      <trkpt lat="26.935933" lon="120.370684"><ele>115</ele></trkpt>
      <trkpt lat="26.935914" lon="120.370707"><ele>115</ele></trkpt>
      <trkpt lat="26.935895" lon="120.370732"><ele>115</ele></trkpt>
      <trkpt lat="26.935877" lon="120.370759"><ele>114</ele></trkpt>
      <trkpt lat="26.935861" lon="120.370788"><ele>113</ele></trkpt>
      <trkpt lat="26.935848" lon="120.370818"><ele>113</ele></trkpt>
      <trkpt lat="26.935839" lon="120.370853"><ele>113</ele></trkpt>
      <trkpt lat="26.935833" lon="120.370887"><ele>113</ele></trkpt>
      <trkpt lat="26.935829" lon="120.370922"><ele>113</ele></trkpt>
      <trkpt lat="26.935824" lon="120.370957"><ele>113</ele></trkpt>
      <trkpt lat="26.93582" lon="120.37099"><ele>113</ele></trkpt>
      <trkpt lat="26.935818" lon="120.371023"><ele>113</ele></trkpt>
      <trkpt lat="26.935817" lon="120.371056"><ele>113</ele></trkpt>
      <trkpt lat="26.935817" lon="120.371089"><ele>113</ele></trkpt>
      <trkpt lat="26.935816" lon="120.371122"><ele>113</ele></trkpt>
      <trkpt lat="26.935814" lon="120.371153"><ele>113</ele></trkpt>
      <trkpt lat="26.935812" lon="120.371186"><ele>113</ele></trkpt>
      <trkpt lat="26.93581" lon="120.371218"><ele>113</ele></trkpt>
      <trkpt lat="26.935808" lon="120.37125"><ele>113</ele></trkpt>
      <trkpt lat="26.935805" lon="120.371281"><ele>113</ele></trkpt>
      <trkpt lat="26.935802" lon="120.371313"><ele>113</ele></trkpt>
      <trkpt lat="26.935799" lon="120.371346"><ele>113</ele></trkpt>
      <trkpt lat="26.935796" lon="120.371378"><ele>113</ele></trkpt>
      <trkpt lat="26.935794" lon="120.371409"><ele>114</ele></trkpt>
      <trkpt lat="26.935796" lon="120.37144"><ele>114</ele></trkpt>
      <trkpt lat="26.9358" lon="120.371469"><ele>114</ele></trkpt>
      <trkpt lat="26.935805" lon="120.371498"><ele>114</ele></trkpt>
      <trkpt lat="26.935812" lon="120.371527"><ele>114</ele></trkpt>
      <trkpt lat="26.935823" lon="120.371554"><ele>114</ele></trkpt>
      <trkpt lat="26.935836" lon="120.371579"><ele>114</ele></trkpt>
      <trkpt lat="26.935851" lon="120.371602"><ele>114</ele></trkpt>
      <trkpt lat="26.935869" lon="120.371625"><ele>114</ele></trkpt>
      <trkpt lat="26.935887" lon="120.371647"><ele>114</ele></trkpt>
      <trkpt lat="26.935906" lon="120.371668"><ele>114</ele></trkpt>
      <trkpt lat="26.935923" lon="120.371688"><ele>113</ele></trkpt>
      <trkpt lat="26.935938" lon="120.371705"><ele>113</ele></trkpt>
      <trkpt lat="26.935954" lon="120.371722"><ele>113</ele></trkpt>
      <trkpt lat="26.935972" lon="120.371738"><ele>113</ele></trkpt>
      <trkpt lat="26.935992" lon="120.371754"><ele>112</ele></trkpt>
      <trkpt lat="26.936012" lon="120.371772"><ele>112</ele></trkpt>
      <trkpt lat="26.936033" lon="120.371791"><ele>112</ele></trkpt>
      <trkpt lat="26.936053" lon="120.37181"><ele>111</ele></trkpt>
      <trkpt lat="26.936073" lon="120.371827"><ele>111</ele></trkpt>
      <trkpt lat="26.936094" lon="120.371844"><ele>110</ele></trkpt>
      <trkpt lat="26.936116" lon="120.371861"><ele>110</ele></trkpt>
      <trkpt lat="26.936136" lon="120.37188"><ele>110</ele></trkpt>
      <trkpt lat="26.936154" lon="120.371898"><ele>110</ele></trkpt>
      <trkpt lat="26.936172" lon="120.371917"><ele>109</ele></trkpt>
      <trkpt lat="26.93619" lon="120.371936"><ele>109</ele></trkpt>
      <trkpt lat="26.936208" lon="120.371957"><ele>109</ele></trkpt>
      <trkpt lat="26.936223" lon="120.371979"><ele>109</ele></trkpt>
      <trkpt lat="26.936235" lon="120.372001"><ele>108</ele></trkpt>
      <trkpt lat="26.936244" lon="120.372027"><ele>108</ele></trkpt>
      <trkpt lat="26.936249" lon="120.372055"><ele>108</ele></trkpt>
      <trkpt lat="26.936252" lon="120.372085"><ele>108</ele></trkpt>
      <trkpt lat="26.93625" lon="120.372116"><ele>108</ele></trkpt>
      <trkpt lat="26.936246" lon="120.372146"><ele>107</ele></trkpt>
      <trkpt lat="26.936238" lon="120.372176"><ele>107</ele></trkpt>
      <trkpt lat="26.936228" lon="120.372206"><ele>106</ele></trkpt>
      <trkpt lat="26.936216" lon="120.372233"><ele>106</ele></trkpt>
      <trkpt lat="26.936204" lon="120.372256"><ele>106</ele></trkpt>
      <trkpt lat="26.93619" lon="120.372279"><ele>105</ele></trkpt>
      <trkpt lat="26.936173" lon="120.3723"><ele>105</ele></trkpt>
      <trkpt lat="26.936155" lon="120.37232"><ele>105</ele></trkpt>
      <trkpt lat="26.936134" lon="120.372342"><ele>105</ele></trkpt>
      <trkpt lat="26.936112" lon="120.372362"><ele>105</ele></trkpt>
      <trkpt lat="26.936091" lon="120.372382"><ele>105</ele></trkpt>
      <trkpt lat="26.936071" lon="120.372401"><ele>105</ele></trkpt>
      <trkpt lat="26.936052" lon="120.372423"><ele>104</ele></trkpt>
      <trkpt lat="26.936033" lon="120.372448"><ele>104</ele></trkpt>
      <trkpt lat="26.936017" lon="120.372473"><ele>104</ele></trkpt>
      <trkpt lat="26.936003" lon="120.3725"><ele>104</ele></trkpt>
      <trkpt lat="26.935989" lon="120.372528"><ele>103</ele></trkpt>
      <trkpt lat="26.935977" lon="120.372557"><ele>103</ele></trkpt>
      <trkpt lat="26.935965" lon="120.372586"><ele>103</ele></trkpt>
      <trkpt lat="26.935956" lon="120.372615"><ele>103</ele></trkpt>
      <trkpt lat="26.935948" lon="120.372644"><ele>103</ele></trkpt>
      <trkpt lat="26.935942" lon="120.372674"><ele>103</ele></trkpt>
      <trkpt lat="26.935939" lon="120.372706"><ele>103</ele></trkpt>
      <trkpt lat="26.935938" lon="120.372739"><ele>102</ele></trkpt>
      <trkpt lat="26.935939" lon="120.372771"><ele>102</ele></trkpt>
      <trkpt lat="26.93594" lon="120.372804"><ele>102</ele></trkpt>
      <trkpt lat="26.935941" lon="120.372835"><ele>101</ele></trkpt>
      <trkpt lat="26.935942" lon="120.372867"><ele>101</ele></trkpt>
      <trkpt lat="26.935943" lon="120.372897"><ele>100</ele></trkpt>
      <trkpt lat="26.935943" lon="120.372927"><ele>100</ele></trkpt>
      <trkpt lat="26.935942" lon="120.372956"><ele>99</ele></trkpt>
      <trkpt lat="26.935941" lon="120.372984"><ele>99</ele></trkpt>
      <trkpt lat="26.935939" lon="120.373014"><ele>99</ele></trkpt>
      <trkpt lat="26.935938" lon="120.373045"><ele>99</ele></trkpt>
      <trkpt lat="26.935938" lon="120.373075"><ele>99</ele></trkpt>
      <trkpt lat="26.935941" lon="120.373106"><ele>99</ele></trkpt>
      <trkpt lat="26.935945" lon="120.373136"><ele>99</ele></trkpt>
      <trkpt lat="26.935952" lon="120.373164"><ele>99</ele></trkpt>
      <trkpt lat="26.935958" lon="120.373193"><ele>98</ele></trkpt>
      <trkpt lat="26.935965" lon="120.373222"><ele>98</ele></trkpt>
      <trkpt lat="26.93597" lon="120.37325"><ele>98</ele></trkpt>
      <trkpt lat="26.935974" lon="120.373278"><ele>97</ele></trkpt>
      <trkpt lat="26.93598" lon="120.373307"><ele>97</ele></trkpt>
      <trkpt lat="26.935988" lon="120.373336"><ele>97</ele></trkpt>
      <trkpt lat="26.935998" lon="120.373365"><ele>96</ele></trkpt>
      <trkpt lat="26.936011" lon="120.373394"><ele>96</ele></trkpt>
      <trkpt lat="26.936024" lon="120.373423"><ele>96</ele></trkpt>
      <trkpt lat="26.936035" lon="120.373454"><ele>96</ele></trkpt>
      <trkpt lat="26.936042" lon="120.373484"><ele>95</ele></trkpt>
      <trkpt lat="26.936045" lon="120.373514"><ele>95</ele></trkpt>
      <trkpt lat="26.936047" lon="120.373548"><ele>95</ele></trkpt>
      <trkpt lat="26.936047" lon="120.373583"><ele>95</ele></trkpt>
      <trkpt lat="26.936044" lon="120.373617"><ele>94</ele></trkpt>
      <trkpt lat="26.936036" lon="120.373648"><ele>94</ele></trkpt>
      <trkpt lat="26.936023" lon="120.373678"><ele>94</ele></trkpt>
      <trkpt lat="26.936009" lon="120.373707"><ele>94</ele></trkpt>
      <trkpt lat="26.935995" lon="120.373735"><ele>93</ele></trkpt>
      <trkpt lat="26.935982" lon="120.373761"><ele>93</ele></trkpt>
      <trkpt lat="26.935968" lon="120.373786"><ele>93</ele></trkpt>
      <trkpt lat="26.935953" lon="120.373812"><ele>93</ele></trkpt>
      <trkpt lat="26.935938" lon="120.373838"><ele>93</ele></trkpt>
      <trkpt lat="26.93592" lon="120.373864"><ele>92</ele></trkpt>
      <trkpt lat="26.935903" lon="120.373889"><ele>92</ele></trkpt>
      <trkpt lat="26.935885" lon="120.373913"><ele>92</ele></trkpt>
      <trkpt lat="26.935867" lon="120.373938"><ele>91</ele></trkpt>
      <trkpt lat="26.935851" lon="120.373966"><ele>91</ele></trkpt>
      <trkpt lat="26.935843" lon="120.373996"><ele>90</ele></trkpt>
      <trkpt lat="26.935846" lon="120.374024"><ele>90</ele></trkpt>
      <trkpt lat="26.935857" lon="120.374051"><ele>90</ele></trkpt>
      <trkpt lat="26.935875" lon="120.374078"><ele>90</ele></trkpt>
      <trkpt lat="26.935897" lon="120.374104"><ele>90</ele></trkpt>
      <trkpt lat="26.935921" lon="120.374128"><ele>90</ele></trkpt>
      <trkpt lat="26.935947" lon="120.37415"><ele>90</ele></trkpt>
      <trkpt lat="26.935971" lon="120.374171"><ele>90</ele></trkpt>
      <trkpt lat="26.935997" lon="120.37419"><ele>89</ele></trkpt>
      <trkpt lat="26.936023" lon="120.37421"><ele>89</ele></trkpt>
      <trkpt lat="26.936046" lon="120.374232"><ele>88</ele></trkpt>
      <trkpt lat="26.936066" lon="120.374258"><ele>87</ele></trkpt>
      <trkpt lat="26.936083" lon="120.374286"><ele>86</ele></trkpt>
      <trkpt lat="26.936098" lon="120.374316"><ele>85</ele></trkpt>
      <trkpt lat="26.93611" lon="120.374347"><ele>85</ele></trkpt>
      <trkpt lat="26.936118" lon="120.374378"><ele>85</ele></trkpt>
      <trkpt lat="26.936121" lon="120.374408"><ele>84</ele></trkpt>
      <trkpt lat="26.936117" lon="120.374437"><ele>84</ele></trkpt>
      <trkpt lat="26.936107" lon="120.374463"><ele>84</ele></trkpt>
      <trkpt lat="26.936092" lon="120.374483"><ele>84</ele></trkpt>
      <trkpt lat="26.936071" lon="120.374501"><ele>83</ele></trkpt>
      <trkpt lat="26.936045" lon="120.374515"><ele>83</ele></trkpt>
      <trkpt lat="26.936017" lon="120.374526"><ele>83</ele></trkpt>
      <trkpt lat="26.935988" lon="120.374535"><ele>82</ele></trkpt>
      <trkpt lat="26.93596" lon="120.374542"><ele>82</ele></trkpt>
      <trkpt lat="26.935933" lon="120.374544"><ele>82</ele></trkpt>
      <trkpt lat="26.935907" lon="120.374543"><ele>81</ele></trkpt>
      <trkpt lat="26.935883" lon="120.37454"><ele>81</ele></trkpt>
      <trkpt lat="26.935857" lon="120.374537"><ele>80</ele></trkpt>
      <trkpt lat="26.935832" lon="120.374535"><ele>80</ele></trkpt>
      <trkpt lat="26.935806" lon="120.374537"><ele>80</ele></trkpt>
      <trkpt lat="26.935782" lon="120.374543"><ele>79</ele></trkpt>
      <trkpt lat="26.935759" lon="120.374554"><ele>79</ele></trkpt>
      <trkpt lat="26.935738" lon="120.374571"><ele>79</ele></trkpt>
      <trkpt lat="26.935717" lon="120.374593"><ele>79</ele></trkpt>
      <trkpt lat="26.935699" lon="120.374617"><ele>79</ele></trkpt>
      <trkpt lat="26.935681" lon="120.374642"><ele>79</ele></trkpt>
      <trkpt lat="26.935664" lon="120.374667"><ele>79</ele></trkpt>
      <trkpt lat="26.935649" lon="120.37469"><ele>79</ele></trkpt>
      <trkpt lat="26.935634" lon="120.374714"><ele>79</ele></trkpt>
      <trkpt lat="26.935623" lon="120.374737"><ele>79</ele></trkpt>
      <trkpt lat="26.935615" lon="120.374761"><ele>79</ele></trkpt>
      <trkpt lat="26.93561" lon="120.374785"><ele>79</ele></trkpt>
      <trkpt lat="26.935608" lon="120.374813"><ele>79</ele></trkpt>
      <trkpt lat="26.93561" lon="120.374842"><ele>79</ele></trkpt>
      <trkpt lat="26.935613" lon="120.374873"><ele>78</ele></trkpt>
      <trkpt lat="26.935619" lon="120.3749"><ele>78</ele></trkpt>
      <trkpt lat="26.935626" lon="120.374926"><ele>77</ele></trkpt>
      <trkpt lat="26.935635" lon="120.374949"><ele>76</ele></trkpt>
      <trkpt lat="26.935648" lon="120.374973"><ele>76</ele></trkpt>
      <trkpt lat="26.935662" lon="120.375001"><ele>75</ele></trkpt>
      <trkpt lat="26.935679" lon="120.375031"><ele>75</ele></trkpt>
      <trkpt lat="26.935696" lon="120.375063"><ele>75</ele></trkpt>
      <trkpt lat="26.935715" lon="120.375093"><ele>75</ele></trkpt>
      <trkpt lat="26.935736" lon="120.375119"><ele>75</ele></trkpt>
      <trkpt lat="26.935754" lon="120.375142"><ele>75</ele></trkpt>
      <trkpt lat="26.935773" lon="120.375165"><ele>74</ele></trkpt>
      <trkpt lat="26.935793" lon="120.375188"><ele>74</ele></trkpt>
      <trkpt lat="26.935812" lon="120.375214"><ele>74</ele></trkpt>
      <trkpt lat="26.935828" lon="120.375238"><ele>74</ele></trkpt>
      <trkpt lat="26.935846" lon="120.375261"><ele>74</ele></trkpt>
      <trkpt lat="26.935864" lon="120.375284"><ele>73</ele></trkpt>
      <trkpt lat="26.935881" lon="120.375306"><ele>73</ele></trkpt>
      <trkpt lat="26.935896" lon="120.375328"><ele>73</ele></trkpt>
      <trkpt lat="26.935912" lon="120.375349"><ele>73</ele></trkpt>
      <trkpt lat="26.935929" lon="120.37537"><ele>73</ele></trkpt>
      <trkpt lat="26.935946" lon="120.37539"><ele>73</ele></trkpt>
      <trkpt lat="26.935963" lon="120.375411"><ele>73</ele></trkpt>
      <trkpt lat="26.93598" lon="120.375433"><ele>72</ele></trkpt>
      <trkpt lat="26.935997" lon="120.375455"><ele>72</ele></trkpt>
      <trkpt lat="26.936013" lon="120.375479"><ele>72</ele></trkpt>
      <trkpt lat="26.936029" lon="120.375502"><ele>72</ele></trkpt>
      <trkpt lat="26.936044" lon="120.375526"><ele>72</ele></trkpt>
      <trkpt lat="26.936059" lon="120.37555"><ele>72</ele></trkpt>
      <trkpt lat="26.936073" lon="120.375576"><ele>72</ele></trkpt>
      <trkpt lat="26.936085" lon="120.375602"><ele>72</ele></trkpt>
      <trkpt lat="26.936095" lon="120.375629"><ele>72</ele></trkpt>
      <trkpt lat="26.936103" lon="120.375656"><ele>71</ele></trkpt>
      <trkpt lat="26.936109" lon="120.375684"><ele>71</ele></trkpt>
      <trkpt lat="26.936113" lon="120.375713"><ele>71</ele></trkpt>
      <trkpt lat="26.936115" lon="120.375742"><ele>71</ele></trkpt>
      <trkpt lat="26.936115" lon="120.375771"><ele>71</ele></trkpt>
      <trkpt lat="26.936113" lon="120.3758"><ele>71</ele></trkpt>
      <trkpt lat="26.936109" lon="120.37583"><ele>71</ele></trkpt>
      <trkpt lat="26.936105" lon="120.37586"><ele>70</ele></trkpt>
      <trkpt lat="26.936099" lon="120.375892"><ele>70</ele></trkpt>
      <trkpt lat="26.936093" lon="120.375923"><ele>70</ele></trkpt>
      <trkpt lat="26.936084" lon="120.375953"><ele>70</ele></trkpt>
      <trkpt lat="26.936074" lon="120.375982"><ele>70</ele></trkpt>
      <trkpt lat="26.936063" lon="120.376009"><ele>70</ele></trkpt>
      <trkpt lat="26.936049" lon="120.376035"><ele>70</ele></trkpt>
      <trkpt lat="26.936031" lon="120.376057"><ele>69</ele></trkpt>
      <trkpt lat="26.936011" lon="120.376076"><ele>69</ele></trkpt>
      <trkpt lat="26.935988" lon="120.376092"><ele>69</ele></trkpt>
      <trkpt lat="26.935964" lon="120.376104"><ele>68</ele></trkpt>
      <trkpt lat="26.935939" lon="120.376116"><ele>68</ele></trkpt>
      <trkpt lat="26.935913" lon="120.376127"><ele>67</ele></trkpt>
      <trkpt lat="26.935886" lon="120.376139"><ele>67</ele></trkpt>
      <trkpt lat="26.935861" lon="120.376152"><ele>67</ele></trkpt>
      <trkpt lat="26.935836" lon="120.376166"><ele>67</ele></trkpt>
      <trkpt lat="26.935813" lon="120.376182"><ele>67</ele></trkpt>
      <trkpt lat="26.935793" lon="120.376202"><ele>67</ele></trkpt>
      <trkpt lat="26.935777" lon="120.376226"><ele>67</ele></trkpt>
      <trkpt lat="26.935767" lon="120.376254"><ele>67</ele></trkpt>
      <trkpt lat="26.935761" lon="120.376284"><ele>67</ele></trkpt>
      <trkpt lat="26.93576" lon="120.376317"><ele>67</ele></trkpt>
      <trkpt lat="26.935762" lon="120.37635"><ele>67</ele></trkpt>
      <trkpt lat="26.935765" lon="120.376384"><ele>67</ele></trkpt>
      <trkpt lat="26.93577" lon="120.376417"><ele>67</ele></trkpt>
      <trkpt lat="26.935772" lon="120.37645"><ele>66</ele></trkpt>
      <trkpt lat="26.935772" lon="120.376482"><ele>66</ele></trkpt>
      <trkpt lat="26.93577" lon="120.376513"><ele>66</ele></trkpt>
      <trkpt lat="26.935765" lon="120.376542"><ele>66</ele></trkpt>
      <trkpt lat="26.935756" lon="120.37657"><ele>66</ele></trkpt>
      <trkpt lat="26.935743" lon="120.376596"><ele>65</ele></trkpt>
      <trkpt lat="26.935729" lon="120.376619"><ele>65</ele></trkpt>
      <trkpt lat="26.935713" lon="120.376642"><ele>64</ele></trkpt>
      <trkpt lat="26.935696" lon="120.376662"><ele>64</ele></trkpt>
      <trkpt lat="26.935681" lon="120.376677"><ele>63</ele></trkpt>
      <trkpt lat="26.935665" lon="120.376692"><ele>63</ele></trkpt>
      <trkpt lat="26.935647" lon="120.376705"><ele>62</ele></trkpt>
      <trkpt lat="26.935628" lon="120.37672"><ele>62</ele></trkpt>
      <trkpt lat="26.935609" lon="120.376734"><ele>62</ele></trkpt>
      <trkpt lat="26.935596" lon="120.376743"><ele>61</ele></trkpt>
      <trkpt lat="26.935591" lon="120.376744"><ele>61</ele></trkpt>
      <trkpt lat="26.935576" lon="120.376752"><ele>61</ele></trkpt>
      <trkpt lat="26.935553" lon="120.376766"><ele>61</ele></trkpt>
      <trkpt lat="26.935528" lon="120.376783"><ele>61</ele></trkpt>
      <trkpt lat="26.935505" lon="120.376805"><ele>61</ele></trkpt>
      <trkpt lat="26.935492" lon="120.376827"><ele>61</ele></trkpt>
      <trkpt lat="26.93549" lon="120.376847"><ele>61</ele></trkpt>
      <trkpt lat="26.935496" lon="120.376862"><ele>60</ele></trkpt>
      <trkpt lat="26.935511" lon="120.376876"><ele>60</ele></trkpt>
      <trkpt lat="26.935532" lon="120.376883"><ele>60</ele></trkpt>
      <trkpt lat="26.935558" lon="120.376885"><ele>60</ele></trkpt>
      <trkpt lat="26.935585" lon="120.376884"><ele>60</ele></trkpt>
      <trkpt lat="26.935613" lon="120.37688"><ele>60</ele></trkpt>
      <trkpt lat="26.935641" lon="120.376874"><ele>60</ele></trkpt>
      <trkpt lat="26.935669" lon="120.376867"><ele>59</ele></trkpt>
      <trkpt lat="26.935696" lon="120.37686"><ele>59</ele></trkpt>
      <trkpt lat="26.93572" lon="120.376852"><ele>59</ele></trkpt>
      <trkpt lat="26.935744" lon="120.376843"><ele>58</ele></trkpt>
      <trkpt lat="26.935768" lon="120.376834"><ele>58</ele></trkpt>
      <trkpt lat="26.935791" lon="120.376826"><ele>58</ele></trkpt>
      <trkpt lat="26.935815" lon="120.376817"><ele>57</ele></trkpt>
      <trkpt lat="26.93584" lon="120.376806"><ele>57</ele></trkpt>
      <trkpt lat="26.935862" lon="120.376796"><ele>57</ele></trkpt>
      <trkpt lat="26.935884" lon="120.376783"><ele>56</ele></trkpt>
      <trkpt lat="26.935906" lon="120.376772"><ele>56</ele></trkpt>
      <trkpt lat="26.935928" lon="120.376761"><ele>55</ele></trkpt>
      <trkpt lat="26.935949" lon="120.376748"><ele>55</ele></trkpt>
      <trkpt lat="26.93597" lon="120.376736"><ele>55</ele></trkpt>
      <trkpt lat="26.935991" lon="120.376722"><ele>55</ele></trkpt>
      <trkpt lat="26.93601" lon="120.376706"><ele>54</ele></trkpt>
      <trkpt lat="26.936028" lon="120.37669"><ele>54</ele></trkpt>
      <trkpt lat="26.936046" lon="120.376673"><ele>54</ele></trkpt>
      <trkpt lat="26.936064" lon="120.376656"><ele>53</ele></trkpt>
      <trkpt lat="26.936079" lon="120.376637"><ele>53</ele></trkpt>
      <trkpt lat="26.93609" lon="120.376622"><ele>52</ele></trkpt>
      <trkpt lat="26.9361" lon="120.376608"><ele>52</ele></trkpt>
      <trkpt lat="26.9361" lon="120.376608"><ele>51</ele></trkpt>
      <trkpt lat="26.936126" lon="120.376629"><ele>51</ele></trkpt>
      <trkpt lat="26.93613" lon="120.37663"><ele>51</ele></trkpt>
      <trkpt lat="26.936132" lon="120.376631"><ele>51</ele></trkpt>
      <trkpt lat="26.93618" lon="120.376621"><ele>51</ele></trkpt>
      <trkpt lat="26.936199" lon="120.37661"><ele>50</ele></trkpt>
      <trkpt lat="26.936351" lon="120.376296"><ele>53</ele></trkpt>
      <trkpt lat="26.936365" lon="120.37625"><ele>54</ele></trkpt>
      <trkpt lat="26.936376" lon="120.376215"><ele>54</ele></trkpt>
      <trkpt lat="26.936387" lon="120.376175"><ele>54</ele></trkpt>
      <trkpt lat="26.936397" lon="120.376138"><ele>54</ele></trkpt>
      <trkpt lat="26.936405" lon="120.376103"><ele>54</ele></trkpt>
      <trkpt lat="26.936412" lon="120.376068"><ele>55</ele></trkpt>
      <trkpt lat="26.936419" lon="120.376035"><ele>55</ele></trkpt>
      <trkpt lat="26.936425" lon="120.376003"><ele>55</ele></trkpt>
      <trkpt lat="26.936429" lon="120.375973"><ele>55</ele></trkpt>
      <trkpt lat="26.936434" lon="120.375945"><ele>56</ele></trkpt>
      <trkpt lat="26.936438" lon="120.375919"><ele>56</ele></trkpt>
      <trkpt lat="26.936443" lon="120.375892"><ele>56</ele></trkpt>
      <trkpt lat="26.936447" lon="120.375866"><ele>57</ele></trkpt>
      <trkpt lat="26.936452" lon="120.375839"><ele>57</ele></trkpt>
      <trkpt lat="26.936459" lon="120.375812"><ele>57</ele></trkpt>
      <trkpt lat="26.936466" lon="120.375785"><ele>57</ele></trkpt>
      <trkpt lat="26.936474" lon="120.375758"><ele>57</ele></trkpt>
      <trkpt lat="26.936482" lon="120.375731"><ele>57</ele></trkpt>
      <trkpt lat="26.93649" lon="120.375704"><ele>57</ele></trkpt>
      <trkpt lat="26.936497" lon="120.375678"><ele>57</ele></trkpt>
      <trkpt lat="26.936505" lon="120.375652"><ele>57</ele></trkpt>
      <trkpt lat="26.936512" lon="120.375624"><ele>57</ele></trkpt>
      <trkpt lat="26.93652" lon="120.375597"><ele>57</ele></trkpt>
      <trkpt lat="26.936529" lon="120.375571"><ele>57</ele></trkpt>
      <trkpt lat="26.93654" lon="120.375545"><ele>56</ele></trkpt>
      <trkpt lat="26.936551" lon="120.37552"><ele>56</ele></trkpt>
      <trkpt lat="26.936564" lon="120.375494"><ele>56</ele></trkpt>
      <trkpt lat="26.936578" lon="120.37547"><ele>56</ele></trkpt>
      <trkpt lat="26.936593" lon="120.375446"><ele>56</ele></trkpt>
      <trkpt lat="26.936609" lon="120.375422"><ele>56</ele></trkpt>
      <trkpt lat="26.936625" lon="120.375399"><ele>55</ele></trkpt>
      <trkpt lat="26.93664" lon="120.375375"><ele>55</ele></trkpt>
      <trkpt lat="26.936655" lon="120.375351"><ele>55</ele></trkpt>
      <trkpt lat="26.93667" lon="120.375327"><ele>54</ele></trkpt>
      <trkpt lat="26.936684" lon="120.375302"><ele>54</ele></trkpt>
      <trkpt lat="26.9367" lon="120.375277"><ele>54</ele></trkpt>
      <trkpt lat="26.936716" lon="120.375252"><ele>53</ele></trkpt>
      <trkpt lat="26.936731" lon="120.375227"><ele>53</ele></trkpt>
      <trkpt lat="26.936746" lon="120.375203"><ele>52</ele></trkpt>
      <trkpt lat="26.936761" lon="120.375178"><ele>52</ele></trkpt>
      <trkpt lat="26.936774" lon="120.375154"><ele>52</ele></trkpt>
      <trkpt lat="26.936787" lon="120.375127"><ele>52</ele></trkpt>
      <trkpt lat="26.936797" lon="120.375101"><ele>52</ele></trkpt>
      <trkpt lat="26.936807" lon="120.375072"><ele>52</ele></trkpt>
      <trkpt lat="26.936816" lon="120.375044"><ele>52</ele></trkpt>
      <trkpt lat="26.936825" lon="120.375016"><ele>52</ele></trkpt>
      <trkpt lat="26.936832" lon="120.374987"><ele>53</ele></trkpt>
      <trkpt lat="26.936838" lon="120.37496"><ele>53</ele></trkpt>
      <trkpt lat="26.936844" lon="120.374932"><ele>53</ele></trkpt>
      <trkpt lat="26.936849" lon="120.374903"><ele>54</ele></trkpt>
      <trkpt lat="26.936853" lon="120.374872"><ele>54</ele></trkpt>
      <trkpt lat="26.936856" lon="120.374841"><ele>54</ele></trkpt>
      <trkpt lat="26.936858" lon="120.374809"><ele>55</ele></trkpt>
      <trkpt lat="26.936859" lon="120.374776"><ele>55</ele></trkpt>
      <trkpt lat="26.936859" lon="120.374743"><ele>55</ele></trkpt>
      <trkpt lat="26.936858" lon="120.374711"><ele>55</ele></trkpt>
      <trkpt lat="26.936855" lon="120.374679"><ele>56</ele></trkpt>
      <trkpt lat="26.936851" lon="120.374649"><ele>56</ele></trkpt>
      <trkpt lat="26.936847" lon="120.374618"><ele>56</ele></trkpt>
      <trkpt lat="26.93684" lon="120.374588"><ele>56</ele></trkpt>
      <trkpt lat="26.936832" lon="120.374559"><ele>56</ele></trkpt>
      <trkpt lat="26.936822" lon="120.374529"><ele>56</ele></trkpt>
      <trkpt lat="26.936813" lon="120.374503"><ele>56</ele></trkpt>
      <trkpt lat="26.936804" lon="120.374478"><ele>56</ele></trkpt>
      <trkpt lat="26.936795" lon="120.374453"><ele>56</ele></trkpt>
      <trkpt lat="26.936787" lon="120.374432"><ele>56</ele></trkpt>
      <trkpt lat="26.936776" lon="120.374406"><ele>56</ele></trkpt>
      <trkpt lat="26.936764" lon="120.37438"><ele>55</ele></trkpt>
      <trkpt lat="26.936753" lon="120.374352"><ele>55</ele></trkpt>
      <trkpt lat="26.936743" lon="120.374324"><ele>55</ele></trkpt>
      <trkpt lat="26.936735" lon="120.374297"><ele>55</ele></trkpt>
      <trkpt lat="26.936727" lon="120.374269"><ele>55</ele></trkpt>
      <trkpt lat="26.93672" lon="120.374242"><ele>55</ele></trkpt>
      <trkpt lat="26.936715" lon="120.374214"><ele>55</ele></trkpt>
      <trkpt lat="26.936711" lon="120.374186"><ele>55</ele></trkpt>
      <trkpt lat="26.936708" lon="120.37416"><ele>55</ele></trkpt>
      <trkpt lat="26.936706" lon="120.374132"><ele>55</ele></trkpt>
      <trkpt lat="26.936704" lon="120.374105"><ele>55</ele></trkpt>
      <trkpt lat="26.936703" lon="120.374078"><ele>55</ele></trkpt>
      <trkpt lat="26.936702" lon="120.374049"><ele>55</ele></trkpt>
      <trkpt lat="26.936703" lon="120.374019"><ele>55</ele></trkpt>
      <trkpt lat="26.936704" lon="120.37399"><ele>56</ele></trkpt>
      <trkpt lat="26.936707" lon="120.373964"><ele>56</ele></trkpt>
      <trkpt lat="26.936713" lon="120.373936"><ele>56</ele></trkpt>
      <trkpt lat="26.936719" lon="120.373908"><ele>57</ele></trkpt>
      <trkpt lat="26.936726" lon="120.373879"><ele>57</ele></trkpt>
      <trkpt lat="26.936734" lon="120.37385"><ele>57</ele></trkpt>
      <trkpt lat="26.936742" lon="120.373822"><ele>57</ele></trkpt>
      <trkpt lat="26.93675" lon="120.373795"><ele>57</ele></trkpt>
      <trkpt lat="26.93676" lon="120.373768"><ele>57</ele></trkpt>
      <trkpt lat="26.93677" lon="120.373741"><ele>57</ele></trkpt>
      <trkpt lat="26.93678" lon="120.373714"><ele>57</ele></trkpt>
      <trkpt lat="26.936791" lon="120.373686"><ele>57</ele></trkpt>
      <trkpt lat="26.936803" lon="120.373658"><ele>57</ele></trkpt>
      <trkpt lat="26.936816" lon="120.37363"><ele>57</ele></trkpt>
      <trkpt lat="26.936828" lon="120.373604"><ele>57</ele></trkpt>
      <trkpt lat="26.936839" lon="120.373577"><ele>57</ele></trkpt>
      <trkpt lat="26.936851" lon="120.373551"><ele>58</ele></trkpt>
      <trkpt lat="26.936863" lon="120.373526"><ele>58</ele></trkpt>
      <trkpt lat="26.936875" lon="120.373501"><ele>58</ele></trkpt>
      <trkpt lat="26.936887" lon="120.373477"><ele>58</ele></trkpt>
      <trkpt lat="26.936898" lon="120.373453"><ele>58</ele></trkpt>
      <trkpt lat="26.93691" lon="120.373429"><ele>58</ele></trkpt>
      <trkpt lat="26.936922" lon="120.373406"><ele>58</ele></trkpt>
      <trkpt lat="26.936934" lon="120.373381"><ele>58</ele></trkpt>
      <trkpt lat="26.936945" lon="120.373356"><ele>58</ele></trkpt>
      <trkpt lat="26.936956" lon="120.373331"><ele>58</ele></trkpt>
      <trkpt lat="26.936967" lon="120.373306"><ele>57</ele></trkpt>
      <trkpt lat="26.936979" lon="120.373281"><ele>57</ele></trkpt>
      <trkpt lat="26.936991" lon="120.373256"><ele>57</ele></trkpt>
      <trkpt lat="26.937005" lon="120.373231"><ele>57</ele></trkpt>
      <trkpt lat="26.937018" lon="120.373207"><ele>56</ele></trkpt>
      <trkpt lat="26.937033" lon="120.373182"><ele>56</ele></trkpt>
      <trkpt lat="26.937048" lon="120.373157"><ele>56</ele></trkpt>
      <trkpt lat="26.937061" lon="120.373132"><ele>55</ele></trkpt>
      <trkpt lat="26.937074" lon="120.373108"><ele>55</ele></trkpt>
      <trkpt lat="26.937088" lon="120.373083"><ele>55</ele></trkpt>
      <trkpt lat="26.937101" lon="120.37306"><ele>55</ele></trkpt>
      <trkpt lat="26.937114" lon="120.373036"><ele>55</ele></trkpt>
      <trkpt lat="26.937128" lon="120.373011"><ele>55</ele></trkpt>
      <trkpt lat="26.937142" lon="120.372986"><ele>55</ele></trkpt>
      <trkpt lat="26.937156" lon="120.372962"><ele>55</ele></trkpt>
      <trkpt lat="26.937169" lon="120.372937"><ele>55</ele></trkpt>
      <trkpt lat="26.937182" lon="120.37291"><ele>55</ele></trkpt>
      <trkpt lat="26.937194" lon="120.372885"><ele>55</ele></trkpt>
      <trkpt lat="26.937207" lon="120.37286"><ele>55</ele></trkpt>
      <trkpt lat="26.937219" lon="120.372834"><ele>55</ele></trkpt>
      <trkpt lat="26.937232" lon="120.372809"><ele>55</ele></trkpt>
      <trkpt lat="26.937244" lon="120.372783"><ele>55</ele></trkpt>
      <trkpt lat="26.937257" lon="120.372758"><ele>55</ele></trkpt>
      <trkpt lat="26.937271" lon="120.372734"><ele>55</ele></trkpt>
      <trkpt lat="26.937284" lon="120.37271"><ele>56</ele></trkpt>
      <trkpt lat="26.937299" lon="120.372687"><ele>56</ele></trkpt>
      <trkpt lat="26.937313" lon="120.372664"><ele>56</ele></trkpt>
      <trkpt lat="26.937327" lon="120.372641"><ele>56</ele></trkpt>
      <trkpt lat="26.937341" lon="120.372618"><ele>56</ele></trkpt>
      <trkpt lat="26.937355" lon="120.372593"><ele>56</ele></trkpt>
      <trkpt lat="26.937368" lon="120.372568"><ele>56</ele></trkpt>
      <trkpt lat="26.937381" lon="120.372541"><ele>55</ele></trkpt>
      <trkpt lat="26.937395" lon="120.372514"><ele>55</ele></trkpt>
      <trkpt lat="26.937408" lon="120.372488"><ele>55</ele></trkpt>
      <trkpt lat="26.93742" lon="120.372462"><ele>55</ele></trkpt>
      <trkpt lat="26.937431" lon="120.372435"><ele>54</ele></trkpt>
      <trkpt lat="26.937442" lon="120.372408"><ele>54</ele></trkpt>
      <trkpt lat="26.937451" lon="120.37238"><ele>54</ele></trkpt>
      <trkpt lat="26.937459" lon="120.372352"><ele>53</ele></trkpt>
      <trkpt lat="26.937467" lon="120.372324"><ele>53</ele></trkpt>
      <trkpt lat="26.937473" lon="120.372297"><ele>53</ele></trkpt>
      <trkpt lat="26.937478" lon="120.372269"><ele>52</ele></trkpt>
      <trkpt lat="26.93748" lon="120.372242"><ele>52</ele></trkpt>
      <trkpt lat="26.93748" lon="120.372215"><ele>52</ele></trkpt>
      <trkpt lat="26.937478" lon="120.372188"><ele>51</ele></trkpt>
      <trkpt lat="26.937476" lon="120.372161"><ele>51</ele></trkpt>
      <trkpt lat="26.937473" lon="120.372134"><ele>50</ele></trkpt>
      <trkpt lat="26.937469" lon="120.372108"><ele>50</ele></trkpt>
      <trkpt lat="26.937463" lon="120.372083"><ele>49</ele></trkpt>
      <trkpt lat="26.937455" lon="120.372058"><ele>49</ele></trkpt>
      <trkpt lat="26.937447" lon="120.372033"><ele>49</ele></trkpt>
      <trkpt lat="26.937437" lon="120.372007"><ele>48</ele></trkpt>
      <trkpt lat="26.937428" lon="120.371982"><ele>48</ele></trkpt>
      <trkpt lat="26.937418" lon="120.371956"><ele>48</ele></trkpt>
      <trkpt lat="26.937408" lon="120.37193"><ele>48</ele></trkpt>
      <trkpt lat="26.937397" lon="120.371904"><ele>47</ele></trkpt>
      <trkpt lat="26.937386" lon="120.371878"><ele>47</ele></trkpt>
      <trkpt lat="26.937375" lon="120.371852"><ele>47</ele></trkpt>
      <trkpt lat="26.937365" lon="120.371827"><ele>47</ele></trkpt>
      <trkpt lat="26.937355" lon="120.371801"><ele>47</ele></trkpt>
      <trkpt lat="26.937348" lon="120.371775"><ele>47</ele></trkpt>
      <trkpt lat="26.937341" lon="120.371749"><ele>47</ele></trkpt>
      <trkpt lat="26.937334" lon="120.371722"><ele>48</ele></trkpt>
      <trkpt lat="26.937328" lon="120.371695"><ele>48</ele></trkpt>
      <trkpt lat="26.937324" lon="120.371668"><ele>48</ele></trkpt>
      <trkpt lat="26.937322" lon="120.371647"><ele>48</ele></trkpt>
      <trkpt lat="26.937324" lon="120.371635"><ele>48</ele></trkpt>
      <trkpt lat="26.937326" lon="120.371634"><ele>48</ele></trkpt>
      <trkpt lat="26.937332" lon="120.371625"><ele>48</ele></trkpt>
      <trkpt lat="26.937342" lon="120.37161"><ele>48</ele></trkpt>
      <trkpt lat="26.937342" lon="120.37161"><ele>48</ele></trkpt>
      <trkpt lat="26.937342" lon="120.371575"><ele>48</ele></trkpt>
      <trkpt lat="26.937342" lon="120.371538"><ele>47</ele></trkpt>
      <trkpt lat="26.93734" lon="120.371498"><ele>47</ele></trkpt>
      <trkpt lat="26.937337" lon="120.37146"><ele>47</ele></trkpt>
      <trkpt lat="26.937335" lon="120.371425"><ele>47</ele></trkpt>
      <trkpt lat="26.937334" lon="120.371396"><ele>46</ele></trkpt>
      <trkpt lat="26.937336" lon="120.371365"><ele>46</ele></trkpt>
      <trkpt lat="26.937339" lon="120.371334"><ele>45</ele></trkpt>
      <trkpt lat="26.937343" lon="120.371302"><ele>45</ele></trkpt>
      <trkpt lat="26.937349" lon="120.371271"><ele>45</ele></trkpt>
      <trkpt lat="26.937357" lon="120.371241"><ele>45</ele></trkpt>
      <trkpt lat="26.937366" lon="120.371213"><ele>45</ele></trkpt>
      <trkpt lat="26.937377" lon="120.371187"><ele>45</ele></trkpt>
      <trkpt lat="26.937391" lon="120.37116"><ele>45</ele></trkpt>
      <trkpt lat="26.937407" lon="120.371136"><ele>45</ele></trkpt>
      <trkpt lat="26.937427" lon="120.371115"><ele>45</ele></trkpt>
      <trkpt lat="26.93745" lon="120.371099"><ele>44</ele></trkpt>
      <trkpt lat="26.937475" lon="120.371086"><ele>44</ele></trkpt>
      <trkpt lat="26.937503" lon="120.371079"><ele>44</ele></trkpt>
      <trkpt lat="26.937531" lon="120.371077"><ele>44</ele></trkpt>
      <trkpt lat="26.937559" lon="120.371083"><ele>44</ele></trkpt>
      <trkpt lat="26.937585" lon="120.371094"><ele>44</ele></trkpt>
      <trkpt lat="26.937612" lon="120.37111"><ele>43</ele></trkpt>
      <trkpt lat="26.937638" lon="120.37113"><ele>43</ele></trkpt>
      <trkpt lat="26.937662" lon="120.371151"><ele>43</ele></trkpt>
      <trkpt lat="26.937684" lon="120.371173"><ele>43</ele></trkpt>
      <trkpt lat="26.937707" lon="120.371196"><ele>43</ele></trkpt>
      <trkpt lat="26.937729" lon="120.371219"><ele>43</ele></trkpt>
      <trkpt lat="26.93775" lon="120.371243"><ele>43</ele></trkpt>
      <trkpt lat="26.93777" lon="120.371266"><ele>43</ele></trkpt>
      <trkpt lat="26.937789" lon="120.371288"><ele>43</ele></trkpt>
      <trkpt lat="26.937807" lon="120.371308"><ele>43</ele></trkpt>
      <trkpt lat="26.937825" lon="120.371328"><ele>43</ele></trkpt>
      <trkpt lat="26.937845" lon="120.371344"><ele>43</ele></trkpt>
      <trkpt lat="26.937866" lon="120.371361"><ele>42</ele></trkpt>
      <trkpt lat="26.937888" lon="120.371377"><ele>42</ele></trkpt>
      <trkpt lat="26.937911" lon="120.371394"><ele>42</ele></trkpt>
      <trkpt lat="26.937936" lon="120.371411"><ele>41</ele></trkpt>
      <trkpt lat="26.937961" lon="120.371427"><ele>41</ele></trkpt>
      <trkpt lat="26.937986" lon="120.371442"><ele>40</ele></trkpt>
      <trkpt lat="26.938013" lon="120.371454"><ele>40</ele></trkpt>
      <trkpt lat="26.938038" lon="120.371463"><ele>40</ele></trkpt>
      <trkpt lat="26.938064" lon="120.37147"><ele>40</ele></trkpt>
      <trkpt lat="26.938089" lon="120.371477"><ele>40</ele></trkpt>
      <trkpt lat="26.938113" lon="120.371482"><ele>40</ele></trkpt>
      <trkpt lat="26.938139" lon="120.371488"><ele>41</ele></trkpt>
      <trkpt lat="26.938215" lon="120.371486"><ele>38</ele></trkpt>
      <trkpt lat="26.938223" lon="120.371428"><ele>40</ele></trkpt>
      <trkpt lat="26.938238" lon="120.371399"><ele>40</ele></trkpt>
      <trkpt lat="26.938253" lon="120.371364"><ele>40</ele></trkpt>
      <trkpt lat="26.938265" lon="120.37133"><ele>40</ele></trkpt>
      <trkpt lat="26.938273" lon="120.371301"><ele>41</ele></trkpt>
      <trkpt lat="26.938277" lon="120.371274"><ele>41</ele></trkpt>
      <trkpt lat="26.938278" lon="120.37125"><ele>41</ele></trkpt>
      <trkpt lat="26.938279" lon="120.371227"><ele>41</ele></trkpt>
      <trkpt lat="26.938279" lon="120.371204"><ele>42</ele></trkpt>
      <trkpt lat="26.938279" lon="120.371184"><ele>42</ele></trkpt>
      <trkpt lat="26.938278" lon="120.371165"><ele>43</ele></trkpt>
      <trkpt lat="26.938278" lon="120.371144"><ele>43</ele></trkpt>
      <trkpt lat="26.93828" lon="120.371121"><ele>43</ele></trkpt>
      <trkpt lat="26.938284" lon="120.371094"><ele>43</ele></trkpt>
      <trkpt lat="26.93829" lon="120.371068"><ele>44</ele></trkpt>
      <trkpt lat="26.938298" lon="120.371044"><ele>44</ele></trkpt>
      <trkpt lat="26.93831" lon="120.371021"><ele>45</ele></trkpt>
      <trkpt lat="26.938322" lon="120.371001"><ele>46</ele></trkpt>
      <trkpt lat="26.938336" lon="120.370978"><ele>46</ele></trkpt>
      <trkpt lat="26.938351" lon="120.370956"><ele>46</ele></trkpt>
      <trkpt lat="26.938368" lon="120.370933"><ele>47</ele></trkpt>
      <trkpt lat="26.938388" lon="120.370906"><ele>47</ele></trkpt>
      <trkpt lat="26.938405" lon="120.370881"><ele>48</ele></trkpt>
      <trkpt lat="26.938422" lon="120.370859"><ele>48</ele></trkpt>
      <trkpt lat="26.93844" lon="120.370836"><ele>48</ele></trkpt>
      <trkpt lat="26.93846" lon="120.370815"><ele>48</ele></trkpt>
      <trkpt lat="26.938479" lon="120.370793"><ele>48</ele></trkpt>
      <trkpt lat="26.938497" lon="120.37077"><ele>48</ele></trkpt>
      <trkpt lat="26.938517" lon="120.37075"><ele>47</ele></trkpt>
      <trkpt lat="26.938537" lon="120.370729"><ele>47</ele></trkpt>
      <trkpt lat="26.938559" lon="120.370707"><ele>47</ele></trkpt>
      <trkpt lat="26.93858" lon="120.370686"><ele>47</ele></trkpt>
      <trkpt lat="26.938603" lon="120.370668"><ele>47</ele></trkpt>
      <trkpt lat="26.938628" lon="120.370656"><ele>47</ele></trkpt>
      <trkpt lat="26.938651" lon="120.370653"><ele>47</ele></trkpt>
      <trkpt lat="26.938674" lon="120.370656"><ele>47</ele></trkpt>
      <trkpt lat="26.938697" lon="120.370665"><ele>47</ele></trkpt>
      <trkpt lat="26.938723" lon="120.370679"><ele>47</ele></trkpt>
      <trkpt lat="26.938748" lon="120.370695"><ele>46</ele></trkpt>
      <trkpt lat="26.938772" lon="120.37071"><ele>46</ele></trkpt>
      <trkpt lat="26.938797" lon="120.370725"><ele>46</ele></trkpt>
      <trkpt lat="26.938823" lon="120.370741"><ele>46</ele></trkpt>
      <trkpt lat="26.938845" lon="120.370756"><ele>46</ele></trkpt>
      <trkpt lat="26.938861" lon="120.370768"><ele>46</ele></trkpt>
      <trkpt lat="26.938867" lon="120.370771"><ele>47</ele></trkpt>
      <trkpt lat="26.938864" lon="120.37077"><ele>47</ele></trkpt>
      <trkpt lat="26.938922" lon="120.37078"><ele>47</ele></trkpt>
      <trkpt lat="26.938922" lon="120.37078"><ele>47</ele></trkpt>
      <trkpt lat="26.938922" lon="120.37078"><ele>47</ele></trkpt>
      <trkpt lat="26.938954" lon="120.370824"><ele>47</ele></trkpt>
      <trkpt lat="26.939036" lon="120.37084"><ele>47</ele></trkpt>
      <trkpt lat="26.939036" lon="120.370841"><ele>46</ele></trkpt>
      <trkpt lat="26.939051" lon="120.370849"><ele>46</ele></trkpt>
      <trkpt lat="26.939099" lon="120.370888"><ele>46</ele></trkpt>
      <trkpt lat="26.93916" lon="120.370952"><ele>46</ele></trkpt>
      <trkpt lat="26.939217" lon="120.371013"><ele>46</ele></trkpt>
      <trkpt lat="26.939237" lon="120.371094"><ele>46</ele></trkpt>
      <trkpt lat="26.939243" lon="120.371161"><ele>46</ele></trkpt>
      <trkpt lat="26.93924" lon="120.37122"><ele>45</ele></trkpt>
      <trkpt lat="26.939231" lon="120.371266"><ele>45</ele></trkpt>
      <trkpt lat="26.939224" lon="120.371282"><ele>44</ele></trkpt>
      <trkpt lat="26.939224" lon="120.371285"><ele>44</ele></trkpt>
      <trkpt lat="26.939221" lon="120.371396"><ele>44</ele></trkpt>
      <trkpt lat="26.939221" lon="120.371397"><ele>44</ele></trkpt>
      <trkpt lat="26.939236" lon="120.371419"><ele>43</ele></trkpt>
      <trkpt lat="26.939297" lon="120.371504"><ele>43</ele></trkpt>
      <trkpt lat="26.939399" lon="120.37165"><ele>41</ele></trkpt>
      <trkpt lat="26.939829" lon="120.372266"><ele>40</ele></trkpt>
      <trkpt lat="26.939829" lon="120.372266"><ele>40</ele></trkpt>
      <trkpt lat="26.939845" lon="120.372257"><ele>40</ele></trkpt>
      <trkpt lat="26.939908" lon="120.372206"><ele>40</ele></trkpt>
      <trkpt lat="26.940035" lon="120.372102"><ele>37</ele></trkpt>
      <trkpt lat="26.940846" lon="120.370807"><ele>37</ele></trkpt>
      <trkpt lat="26.940846" lon="120.370807"><ele>37</ele></trkpt>
      <trkpt lat="26.940844" lon="120.370785"><ele>37</ele></trkpt>
      <trkpt lat="26.940833" lon="120.370679"><ele>37</ele></trkpt>
      <trkpt lat="26.940959" lon="120.369781"><ele>38</ele></trkpt>
      <trkpt lat="26.940959" lon="120.369781"><ele>40</ele></trkpt>
      <trkpt lat="26.940976" lon="120.369794"><ele>40</ele></trkpt>
      <trkpt lat="26.941053" lon="120.369851"><ele>41</ele></trkpt>
      <trkpt lat="26.942394" lon="120.36892"><ele>43</ele></trkpt>
      <trkpt lat="26.942394" lon="120.368919"><ele>45</ele></trkpt>
      <trkpt lat="26.942413" lon="120.368908"><ele>45</ele></trkpt>
      <trkpt lat="26.942502" lon="120.368853"><ele>45</ele></trkpt>
      <trkpt lat="26.943027" lon="120.36918"><ele>50</ele></trkpt>
      <trkpt lat="26.943027" lon="120.36918"><ele>56</ele></trkpt>
      <trkpt lat="26.943034" lon="120.369219"><ele>56</ele></trkpt>
      <trkpt lat="26.943065" lon="120.369399"><ele>56</ele></trkpt>
      <trkpt lat="26.944154" lon="120.37032"><ele>59</ele></trkpt>
      <trkpt lat="26.944572" lon="120.370183"><ele>61</ele></trkpt>
      <trkpt lat="26.945011" lon="120.369864"><ele>62</ele></trkpt>
      <trkpt lat="26.945081" lon="120.369587"><ele>62</ele></trkpt>
      <trkpt lat="26.945146" lon="120.36933"><ele>65</ele></trkpt>
      <trkpt lat="26.945306" lon="120.36912"><ele>69</ele></trkpt>
      <trkpt lat="26.945528" lon="120.368981"><ele>71</ele></trkpt>
      <trkpt lat="26.945747" lon="120.36883"><ele>73</ele></trkpt>
      <trkpt lat="26.94596" lon="120.368684"><ele>74</ele></trkpt>
      <trkpt lat="26.946047" lon="120.368584"><ele>75</ele></trkpt>
      <trkpt lat="26.946185" lon="120.368337"><ele>75</ele></trkpt>
      <trkpt lat="26.94634" lon="120.368084"><ele>76</ele></trkpt>
      <trkpt lat="26.946414" lon="120.367964"><ele>76</ele></trkpt>
      <trkpt lat="26.946654" lon="120.367851"><ele>77</ele></trkpt>
      <trkpt lat="26.946888" lon="120.367749"><ele>77</ele></trkpt>
      <trkpt lat="26.947137" lon="120.36764"><ele>77</ele></trkpt>
      <trkpt lat="26.947347" lon="120.367471"><ele>78</ele></trkpt>
      <trkpt lat="26.947474" lon="120.367235"><ele>78</ele></trkpt>
      <trkpt lat="26.947493" lon="120.367099"><ele>79</ele></trkpt>
      <trkpt lat="26.947505" lon="120.366969"><ele>80</ele></trkpt>
      <trkpt lat="26.947519" lon="120.366838"><ele>81</ele></trkpt>
      <trkpt lat="26.947535" lon="120.366698"><ele>81</ele></trkpt>
      <trkpt lat="26.947588" lon="120.366577"><ele>82</ele></trkpt>
      <trkpt lat="26.94765" lon="120.36646"><ele>82</ele></trkpt>
      <trkpt lat="26.947717" lon="120.366349"><ele>83</ele></trkpt>
      <trkpt lat="26.947787" lon="120.366234"><ele>83</ele></trkpt>
      <trkpt lat="26.948857" lon="120.365292"><ele>84</ele></trkpt>
      <trkpt lat="26.947869" lon="120.366096"><ele>84</ele></trkpt>
      <trkpt lat="26.948878" lon="120.364929"><ele>85</ele></trkpt>
      <trkpt lat="26.949506" lon="120.364599"><ele>85</ele></trkpt>
      <trkpt lat="26.949506" lon="120.364599"><ele>85</ele></trkpt>
      <trkpt lat="26.949519" lon="120.364637"><ele>85</ele></trkpt>
      <trkpt lat="26.949577" lon="120.364815"><ele>85</ele></trkpt>
      <trkpt lat="26.94983" lon="120.365592"><ele>84</ele></trkpt>
      <trkpt lat="26.950079" lon="120.366099"><ele>84</ele></trkpt>
      <trkpt lat="26.950286" lon="120.36614"><ele>84</ele></trkpt>
      <trkpt lat="26.950521" lon="120.366069"><ele>84</ele></trkpt>
      <trkpt lat="26.950763" lon="120.365995"><ele>84</ele></trkpt>
      <trkpt lat="26.951012" lon="120.365998"><ele>84</ele></trkpt>
      <trkpt lat="26.951249" lon="120.366105"><ele>84</ele></trkpt>
      <trkpt lat="26.952749" lon="120.365073"><ele>84</ele></trkpt>
      <trkpt lat="26.951449" lon="120.366314"><ele>84</ele></trkpt>
      <trkpt lat="26.952928" lon="120.364701"><ele>83</ele></trkpt>
      <trkpt lat="26.954993" lon="120.365902"><ele>83</ele></trkpt>
      <trkpt lat="26.954993" lon="120.365902"><ele>83</ele></trkpt>
      <trkpt lat="26.954991" lon="120.36594"><ele>78</ele></trkpt>
      <trkpt lat="26.954979" lon="120.366096"><ele>78</ele></trkpt>
      <trkpt lat="26.955774" lon="120.366995"><ele>71</ele></trkpt>
      <trkpt lat="26.956403" lon="120.3674"><ele>67</ele></trkpt>
      <trkpt lat="26.956644" lon="120.367104"><ele>62</ele></trkpt>
      <trkpt lat="26.956645" lon="120.367103"><ele>60</ele></trkpt>
      <trkpt lat="26.956663" lon="120.36707"><ele>59</ele></trkpt>
      <trkpt lat="26.956741" lon="120.36692"><ele>59</ele></trkpt>
      <trkpt lat="26.957054" lon="120.366326"><ele>59</ele></trkpt>
      <trkpt lat="26.958892" lon="120.364909"><ele>59</ele></trkpt>
      <trkpt lat="26.957119" lon="120.365879"><ele>59</ele></trkpt>
      <trkpt lat="26.959067" lon="120.36512"><ele>59</ele></trkpt>
      <trkpt lat="26.959189" lon="120.36522"><ele>59</ele></trkpt>
      <trkpt lat="26.959199" lon="120.365222"><ele>59</ele></trkpt>
      <trkpt lat="26.95922" lon="120.365218"><ele>58</ele></trkpt>
      <trkpt lat="26.959317" lon="120.3652"><ele>56</ele></trkpt>
      <trkpt lat="26.959939" lon="120.365571"><ele>56</ele></trkpt>
      <trkpt lat="26.95994" lon="120.365571"><ele>56</ele></trkpt>
      <trkpt lat="26.95996" lon="120.365568"><ele>56</ele></trkpt>
      <trkpt lat="26.960047" lon="120.365551"><ele>58</ele></trkpt>
      <trkpt lat="26.960196" lon="120.365454"><ele>58</ele></trkpt>
      <trkpt lat="26.961395" lon="120.364666"><ele>57</ele></trkpt>
      <trkpt lat="26.961395" lon="120.364666"><ele>57</ele></trkpt>
      <trkpt lat="26.961413" lon="120.364692"><ele>57</ele></trkpt>
      <trkpt lat="26.961488" lon="120.364801"><ele>57</ele></trkpt>
      <trkpt lat="26.962022" lon="120.364853"><ele>54</ele></trkpt>
      <trkpt lat="26.962022" lon="120.364853"><ele>48</ele></trkpt>
      <trkpt lat="26.962031" lon="120.364833"><ele>48</ele></trkpt>
      <trkpt lat="26.96207" lon="120.364773"><ele>47</ele></trkpt>
      <trkpt lat="26.962176" lon="120.364611"><ele>44</ele></trkpt>
      <trkpt lat="26.962176" lon="120.364611"><ele>41</ele></trkpt>
      <trkpt lat="26.962175" lon="120.364611"><ele>41</ele></trkpt>
      <trkpt lat="26.962143" lon="120.364648"><ele>41</ele></trkpt>
      <trkpt lat="26.962029" lon="120.365001"><ele>40</ele></trkpt>
      <trkpt lat="26.962029" lon="120.365001"><ele>39</ele></trkpt>
      <trkpt lat="26.962111" lon="120.364764"><ele>35</ele></trkpt>
      <trkpt lat="26.962142" lon="120.364603"><ele>38</ele></trkpt>
      <trkpt lat="26.962143" lon="120.364603"><ele>38</ele></trkpt>
      <trkpt lat="26.962168" lon="120.36459"><ele>38</ele></trkpt>
      <trkpt lat="26.96228" lon="120.364532"><ele>38</ele></trkpt>
      <trkpt lat="26.96266" lon="120.364336"><ele>38</ele></trkpt>
      <trkpt lat="26.962868" lon="120.364228"><ele>38</ele></trkpt>
      <trkpt lat="26.963024" lon="120.364081"><ele>38</ele></trkpt>
      <trkpt lat="26.963132" lon="120.363848"><ele>38</ele></trkpt>
      <trkpt lat="26.963175" lon="120.363572"><ele>39</ele></trkpt>
      <trkpt lat="26.963267" lon="120.36334"><ele>40</ele></trkpt>
      <trkpt lat="26.963471" lon="120.363168"><ele>40</ele></trkpt>
      <trkpt lat="26.963641" lon="120.362984"><ele>41</ele></trkpt>
      <trkpt lat="26.963682" lon="120.362744"><ele>41</ele></trkpt>
      <trkpt lat="26.963653" lon="120.362466"><ele>41</ele></trkpt>
      <trkpt lat="26.963681" lon="120.36222"><ele>41</ele></trkpt>
      <trkpt lat="26.963853" lon="120.362029"><ele>41</ele></trkpt>
      <trkpt lat="26.963938" lon="120.361935"><ele>41</ele></trkpt>
      <trkpt lat="26.964006" lon="120.361694"><ele>41</ele></trkpt>
      <trkpt lat="26.963996" lon="120.361424"><ele>41</ele></trkpt>
      <trkpt lat="26.963935" lon="120.361156"><ele>41</ele></trkpt>
      <trkpt lat="26.963916" lon="120.361024"><ele>41</ele></trkpt>
      <trkpt lat="26.963897" lon="120.360891"><ele>40</ele></trkpt>
      <trkpt lat="26.96387" lon="120.360757"><ele>39</ele></trkpt>
      <trkpt lat="26.963843" lon="120.360624"><ele>39</ele></trkpt>
      <trkpt lat="26.963773" lon="120.360504"><ele>39</ele></trkpt>
      <trkpt lat="26.963703" lon="120.360384"><ele>39</ele></trkpt>
      <trkpt lat="26.963599" lon="120.360293"><ele>39</ele></trkpt>
      <trkpt lat="26.963489" lon="120.3602"><ele>39</ele></trkpt>
      <trkpt lat="26.963382" lon="120.360107"><ele>39</ele></trkpt>
      <trkpt lat="26.963275" lon="120.360014"><ele>39</ele></trkpt>
      <trkpt lat="26.963171" lon="120.359917"><ele>39</ele></trkpt>
      <trkpt lat="26.963079" lon="120.359815"><ele>38</ele></trkpt>
      <trkpt lat="26.962981" lon="120.359705"><ele>37</ele></trkpt>
      <trkpt lat="26.962912" lon="120.359581"><ele>37</ele></trkpt>
      <trkpt lat="26.962847" lon="120.359445"><ele>36</ele></trkpt>
      <trkpt lat="26.962794" lon="120.359306"><ele>36</ele></trkpt>
      <trkpt lat="26.962746" lon="120.359171"><ele>36</ele></trkpt>
      <trkpt lat="26.962697" lon="120.359027"><ele>35</ele></trkpt>
      <trkpt lat="26.96265" lon="120.358886"><ele>35</ele></trkpt>
      <trkpt lat="26.962603" lon="120.358745"><ele>34</ele></trkpt>
      <trkpt lat="26.962558" lon="120.358603"><ele>34</ele></trkpt>
      <trkpt lat="26.962511" lon="120.358459"><ele>34</ele></trkpt>
      <trkpt lat="26.962469" lon="120.358314"><ele>33</ele></trkpt>
      <trkpt lat="26.962437" lon="120.358167"><ele>33</ele></trkpt>
      <trkpt lat="26.962406" lon="120.358024"><ele>32</ele></trkpt>
      <trkpt lat="26.962416" lon="120.357878"><ele>31</ele></trkpt>
      <trkpt lat="26.962434" lon="120.357728"><ele>31</ele></trkpt>
      <trkpt lat="26.962456" lon="120.357585"><ele>30</ele></trkpt>
      <trkpt lat="26.962478" lon="120.357442"><ele>30</ele></trkpt>
      <trkpt lat="26.962496" lon="120.357301"><ele>29</ele></trkpt>
      <trkpt lat="26.962515" lon="120.357164"><ele>28</ele></trkpt>
      <trkpt lat="26.962502" lon="120.357022"><ele>28</ele></trkpt>
      <trkpt lat="26.962497" lon="120.356891"><ele>27</ele></trkpt>
      <trkpt lat="26.962503" lon="120.356753"><ele>27</ele></trkpt>
      <trkpt lat="26.962509" lon="120.356618"><ele>27</ele></trkpt>
      <trkpt lat="26.963022" lon="120.355319"><ele>27</ele></trkpt>
      <trkpt lat="26.963082" lon="120.355167"><ele>27</ele></trkpt>
      <trkpt lat="26.963125" lon="120.355067"><ele>27</ele></trkpt>
      <trkpt lat="26.963149" lon="120.355024"><ele>27</ele></trkpt>
      <trkpt lat="26.963148" lon="120.355028"><ele>27</ele></trkpt>
      <trkpt lat="26.963106" lon="120.355122"><ele>27</ele></trkpt>
      <trkpt lat="26.963082" lon="120.355164"><ele>28</ele></trkpt>
      <trkpt lat="26.96307" lon="120.355188"><ele>28</ele></trkpt>
      <trkpt lat="26.963066" lon="120.355198"><ele>28</ele></trkpt>
      <trkpt lat="26.963067" lon="120.3552"><ele>28</ele></trkpt>
      <trkpt lat="26.963091" lon="120.355235"><ele>28</ele></trkpt>
      <trkpt lat="26.963091" lon="120.355235"><ele>28</ele></trkpt>
      <trkpt lat="26.963093" lon="120.355234"><ele>28</ele></trkpt>
      <trkpt lat="26.963128" lon="120.355212"><ele>28</ele></trkpt>
      <trkpt lat="26.963141" lon="120.355199"><ele>27</ele></trkpt>
      <trkpt lat="26.963154" lon="120.355179"><ele>27</ele></trkpt>
      <trkpt lat="26.963165" lon="120.355155"><ele>27</ele></trkpt>
      <trkpt lat="26.963172" lon="120.355131"><ele>26</ele></trkpt>
      <trkpt lat="26.963173" lon="120.355114"><ele>25</ele></trkpt>
      <trkpt lat="26.963169" lon="120.355101"><ele>24</ele></trkpt>
      <trkpt lat="26.963163" lon="120.355086"><ele>24</ele></trkpt>
      <trkpt lat="26.963158" lon="120.355073"><ele>24</ele></trkpt>
      <trkpt lat="26.963153" lon="120.355061"><ele>24</ele></trkpt>
      <trkpt lat="26.963146" lon="120.355048"><ele>24</ele></trkpt>
      <trkpt lat="26.963139" lon="120.355035"><ele>23</ele></trkpt>
      <trkpt lat="26.963132" lon="120.35502"><ele>23</ele></trkpt>
      <trkpt lat="26.963124" lon="120.355001"><ele>23</ele></trkpt>
      <trkpt lat="26.963118" lon="120.354983"><ele>23</ele></trkpt>
      <trkpt lat="26.963113" lon="120.35497"><ele>23</ele></trkpt>
      <trkpt lat="26.963111" lon="120.354957"><ele>23</ele></trkpt>
      <trkpt lat="26.963111" lon="120.354938"><ele>23</ele></trkpt>
      <trkpt lat="26.963117" lon="120.354921"><ele>23</ele></trkpt>
      <trkpt lat="26.963127" lon="120.354912"><ele>23</ele></trkpt>
      <trkpt lat="26.963138" lon="120.354909"><ele>23</ele></trkpt>
      <trkpt lat="26.963153" lon="120.354912"><ele>23</ele></trkpt>
      <trkpt lat="26.963169" lon="120.354918"><ele>23</ele></trkpt>
      <trkpt lat="26.963185" lon="120.354924"><ele>23</ele></trkpt>
      <trkpt lat="26.963198" lon="120.354923"><ele>23</ele></trkpt>
      <trkpt lat="26.963215" lon="120.354917"><ele>23</ele></trkpt>
      <trkpt lat="26.963228" lon="120.354906"><ele>23</ele></trkpt>
      <trkpt lat="26.963239" lon="120.354893"><ele>22</ele></trkpt>
      <trkpt lat="26.963257" lon="120.354877"><ele>22</ele></trkpt>
      <trkpt lat="26.963276" lon="120.354871"><ele>21</ele></trkpt>
      <trkpt lat="26.963293" lon="120.354875"><ele>21</ele></trkpt>
      <trkpt lat="26.963311" lon="120.354886"><ele>21</ele></trkpt>
      <trkpt lat="26.963329" lon="120.354905"><ele>21</ele></trkpt>
      <trkpt lat="26.963346" lon="120.35493"><ele>21</ele></trkpt>
      <trkpt lat="26.963362" lon="120.354955"><ele>21</ele></trkpt>
      <trkpt lat="26.963378" lon="120.354983"><ele>20</ele></trkpt>
      <trkpt lat="26.963395" lon="120.355009"><ele>19</ele></trkpt>
      <trkpt lat="26.963414" lon="120.35503"><ele>19</ele></trkpt>
      <trkpt lat="26.963435" lon="120.355044"><ele>18</ele></trkpt>
      <trkpt lat="26.963454" lon="120.35505"><ele>17</ele></trkpt>
      <trkpt lat="26.963462" lon="120.355049"><ele>17</ele></trkpt>
      <trkpt lat="26.963463" lon="120.35505"><ele>16</ele></trkpt>
      <trkpt lat="26.963458" lon="120.35502"><ele>16</ele></trkpt>
      <trkpt lat="26.963521" lon="120.354972"><ele>16</ele></trkpt>
      <trkpt lat="26.963521" lon="120.354972"><ele>16</ele></trkpt>
      <trkpt lat="26.963524" lon="120.354972"><ele>16</ele></trkpt>
      <trkpt lat="26.963558" lon="120.354969"><ele>16</ele></trkpt>
      <trkpt lat="26.963561" lon="120.355113"><ele>14</ele></trkpt>
      <trkpt lat="26.96349" lon="120.355063"><ele>14</ele></trkpt>
      <trkpt lat="26.96348" lon="120.355039"><ele>14</ele></trkpt>
      <trkpt lat="26.963475" lon="120.355021"><ele>14</ele></trkpt>
      <trkpt lat="26.963477" lon="120.355011"><ele>14</ele></trkpt>
      <trkpt lat="26.963448" lon="120.355131"><ele>14</ele></trkpt>
      <trkpt lat="26.963484" lon="120.35528"><ele>14</ele></trkpt>
      <trkpt lat="26.963484" lon="120.35528"><ele>14</ele></trkpt>
      <trkpt lat="26.963486" lon="120.355286"><ele>14</ele></trkpt>
      <trkpt lat="26.963509" lon="120.355337"><ele>14</ele></trkpt>
      <trkpt lat="26.963526" lon="120.35536"><ele>14</ele></trkpt>
      <trkpt lat="26.963552" lon="120.355381"><ele>14</ele></trkpt>
      <trkpt lat="26.963577" lon="120.355392"><ele>14</ele></trkpt>
      <trkpt lat="26.963601" lon="120.355395"><ele>13</ele></trkpt>
      <trkpt lat="26.963628" lon="120.355391"><ele>13</ele></trkpt>
      <trkpt lat="26.963652" lon="120.355381"><ele>12</ele></trkpt>
      <trkpt lat="26.963674" lon="120.355366"><ele>12</ele></trkpt>
      <trkpt lat="26.963693" lon="120.355349"><ele>12</ele></trkpt>
      <trkpt lat="26.963713" lon="120.355331"><ele>12</ele></trkpt>
      <trkpt lat="26.963731" lon="120.355311"><ele>11</ele></trkpt>
      <trkpt lat="26.963751" lon="120.35529"><ele>11</ele></trkpt>
      <trkpt lat="26.96377" lon="120.355267"><ele>11</ele></trkpt>
      <trkpt lat="26.963789" lon="120.355244"><ele>11</ele></trkpt>
      <trkpt lat="26.963809" lon="120.35522"><ele>11</ele></trkpt>
      <trkpt lat="26.963826" lon="120.3552"><ele>11</ele></trkpt>
      <trkpt lat="26.963843" lon="120.355178"><ele>11</ele></trkpt>
      <trkpt lat="26.96386" lon="120.355156"><ele>11</ele></trkpt>
      <trkpt lat="26.963877" lon="120.355131"><ele>11</ele></trkpt>
      <trkpt lat="26.963895" lon="120.355107"><ele>11</ele></trkpt>
      <trkpt lat="26.963912" lon="120.355082"><ele>10</ele></trkpt>
      <trkpt lat="26.963929" lon="120.355058"><ele>10</ele></trkpt>
      <trkpt lat="26.963945" lon="120.355033"><ele>10</ele></trkpt>
      <trkpt lat="26.963961" lon="120.355009"><ele>10</ele></trkpt>
      <trkpt lat="26.963979" lon="120.354986"><ele>9</ele></trkpt>
      <trkpt lat="26.963997" lon="120.354962"><ele>9</ele></trkpt>
      <trkpt lat="26.964015" lon="120.35494"><ele>9</ele></trkpt>
      <trkpt lat="26.964033" lon="120.354918"><ele>9</ele></trkpt>
      <trkpt lat="26.964052" lon="120.354896"><ele>9</ele></trkpt>
      <trkpt lat="26.964071" lon="120.354874"><ele>9</ele></trkpt>
      <trkpt lat="26.964091" lon="120.354852"><ele>9</ele></trkpt>
      <trkpt lat="26.96411" lon="120.35483"><ele>10</ele></trkpt>
      <trkpt lat="26.96413" lon="120.354809"><ele>10</ele></trkpt>
      <trkpt lat="26.96415" lon="120.35479"><ele>10</ele></trkpt>
      <trkpt lat="26.964171" lon="120.354772"><ele>10</ele></trkpt>
      <trkpt lat="26.964194" lon="120.354753"><ele>10</ele></trkpt>
      <trkpt lat="26.964218" lon="120.354733"><ele>10</ele></trkpt>
      <trkpt lat="26.964243" lon="120.354713"><ele>10</ele></trkpt>
      <trkpt lat="26.964268" lon="120.354694"><ele>10</ele></trkpt>
      <trkpt lat="26.964294" lon="120.354676"><ele>9</ele></trkpt>
      <trkpt lat="26.964318" lon="120.354659"><ele>9</ele></trkpt>
      <trkpt lat="26.964339" lon="120.354644"><ele>9</ele></trkpt>
      <trkpt lat="26.964362" lon="120.354632"><ele>9</ele></trkpt>
      <trkpt lat="26.964386" lon="120.354621"><ele>9</ele></trkpt>
      <trkpt lat="26.964412" lon="120.354612"><ele>9</ele></trkpt>
      <trkpt lat="26.964438" lon="120.354603"><ele>9</ele></trkpt>
      <trkpt lat="26.964464" lon="120.354596"><ele>9</ele></trkpt>
      <trkpt lat="26.964489" lon="120.35459"><ele>10</ele></trkpt>
      <trkpt lat="26.964513" lon="120.354583"><ele>10</ele></trkpt>
      <trkpt lat="26.964535" lon="120.354575"><ele>11</ele></trkpt>
      <trkpt lat="26.964556" lon="120.354568"><ele>12</ele></trkpt>
      <trkpt lat="26.964576" lon="120.354559"><ele>12</ele></trkpt>
      <trkpt lat="26.964597" lon="120.354548"><ele>13</ele></trkpt>
      <trkpt lat="26.964619" lon="120.354537"><ele>13</ele></trkpt>
      <trkpt lat="26.96464" lon="120.354527"><ele>13</ele></trkpt>
      <trkpt lat="26.964662" lon="120.354516"><ele>14</ele></trkpt>
      <trkpt lat="26.964685" lon="120.354505"><ele>14</ele></trkpt>
      <trkpt lat="26.964708" lon="120.354494"><ele>14</ele></trkpt>
      <trkpt lat="26.96473" lon="120.354484"><ele>14</ele></trkpt>
      <trkpt lat="26.964753" lon="120.354476"><ele>14</ele></trkpt>
      <trkpt lat="26.964775" lon="120.354473"><ele>14</ele></trkpt>
      <trkpt lat="26.964799" lon="120.354473"><ele>13</ele></trkpt>
      <trkpt lat="26.964823" lon="120.354475"><ele>13</ele></trkpt>
      <trkpt lat="26.964841" lon="120.354475"><ele>13</ele></trkpt>
      <trkpt lat="26.964856" lon="120.354475"><ele>13</ele></trkpt>
      <trkpt lat="26.964862" lon="120.354475"><ele>12</ele></trkpt>
      <trkpt lat="26.964865" lon="120.354477"><ele>12</ele></trkpt>
      <trkpt lat="26.964883" lon="120.354493"><ele>12</ele></trkpt>
      <trkpt lat="26.964952" lon="120.354468"><ele>11</ele></trkpt>
      <trkpt lat="26.964952" lon="120.354467"><ele>11</ele></trkpt>
      <trkpt lat="26.964958" lon="120.354464"><ele>11</ele></trkpt>
      <trkpt lat="26.964979" lon="120.354452"><ele>10</ele></trkpt>
      <trkpt lat="26.965012" lon="120.354435"><ele>10</ele></trkpt>
      <trkpt lat="26.965046" lon="120.35442"><ele>10</ele></trkpt>
      <trkpt lat="26.965077" lon="120.354407"><ele>10</ele></trkpt>
      <trkpt lat="26.965104" lon="120.354398"><ele>10</ele></trkpt>
      <trkpt lat="26.96513" lon="120.354392"><ele>10</ele></trkpt>
      <trkpt lat="26.965154" lon="120.35439"><ele>10</ele></trkpt>
      <trkpt lat="26.965162" lon="120.354392"><ele>10</ele></trkpt>
      <trkpt lat="26.965162" lon="120.354392"><ele>10</ele></trkpt>
      <trkpt lat="26.963116" lon="120.354995"><ele>26</ele></trkpt>
      <trkpt lat="26.963131" lon="120.355038"><ele>26</ele></trkpt>
      <trkpt lat="26.963135" lon="120.355055"><ele>26</ele></trkpt>
      <trkpt lat="26.963138" lon="120.355071"><ele>27</ele></trkpt>
      <trkpt lat="26.96314" lon="120.355087"><ele>27</ele></trkpt>
      <trkpt lat="26.963142" lon="120.355102"><ele>27</ele></trkpt>
      <trkpt lat="26.963144" lon="120.355117"><ele>27</ele></trkpt>
      <trkpt lat="26.963146" lon="120.355132"><ele>27</ele></trkpt>
      <trkpt lat="26.963144" lon="120.355148"><ele>27</ele></trkpt>
      <trkpt lat="26.963137" lon="120.35517"><ele>27</ele></trkpt>
      <trkpt lat="26.963126" lon="120.355192"><ele>27</ele></trkpt>
      <trkpt lat="26.963114" lon="120.355212"><ele>27</ele></trkpt>
      <trkpt lat="26.963101" lon="120.355227"><ele>27</ele></trkpt>
      <trkpt lat="26.963088" lon="120.355239"><ele>28</ele></trkpt>
      <trkpt lat="26.963073" lon="120.35525"><ele>28</ele></trkpt>
      <trkpt lat="26.963055" lon="120.355262"><ele>28</ele></trkpt>
      <trkpt lat="26.963034" lon="120.355276"><ele>28</ele></trkpt>
      <trkpt lat="26.963012" lon="120.355291"><ele>28</ele></trkpt>
      <trkpt lat="26.962989" lon="120.355306"><ele>29</ele></trkpt>
      <trkpt lat="26.962965" lon="120.355322"><ele>29</ele></trkpt>
      <trkpt lat="26.962943" lon="120.355341"><ele>30</ele></trkpt>
      <trkpt lat="26.96292" lon="120.355359"><ele>30</ele></trkpt>
      <trkpt lat="26.962897" lon="120.355373"><ele>30</ele></trkpt>
      <trkpt lat="26.962875" lon="120.355383"><ele>30</ele></trkpt>
      <trkpt lat="26.962862" lon="120.355389"><ele>30</ele></trkpt>
      <trkpt lat="26.962856" lon="120.35539"><ele>30</ele></trkpt>
      <trkpt lat="26.962965" lon="120.355357"><ele>30</ele></trkpt>
      <trkpt lat="26.962982" lon="120.355351"><ele>30</ele></trkpt>
      <trkpt lat="26.962982" lon="120.355351"><ele>30</ele></trkpt>
      <trkpt lat="26.962929" lon="120.354991"><ele>31</ele></trkpt>
      <trkpt lat="26.962928" lon="120.354991"><ele>31</ele></trkpt>
      <trkpt lat="26.962907" lon="120.354987"><ele>32</ele></trkpt>
      <trkpt lat="26.962821" lon="120.354968"><ele>32</ele></trkpt>
      <trkpt lat="26.962673" lon="120.354923"><ele>32</ele></trkpt>
      <trkpt lat="26.962518" lon="120.354875"><ele>32</ele></trkpt>
      <trkpt lat="26.96242" lon="120.354776"><ele>32</ele></trkpt>
      <trkpt lat="26.962398" lon="120.354667"><ele>32</ele></trkpt>
      <trkpt lat="26.962435" lon="120.354557"><ele>32</ele></trkpt>
      <trkpt lat="26.962517" lon="120.354465"><ele>34</ele></trkpt>
      <trkpt lat="26.962617" lon="120.354374"><ele>35</ele></trkpt>
      <trkpt lat="26.962725" lon="120.354283"><ele>36</ele></trkpt>
      <trkpt lat="26.962834" lon="120.354199"><ele>37</ele></trkpt>
      <trkpt lat="26.962944" lon="120.354118"><ele>38</ele></trkpt>
      <trkpt lat="26.963053" lon="120.354043"><ele>38</ele></trkpt>
      <trkpt lat="26.963162" lon="120.353974"><ele>38</ele></trkpt>
      <trkpt lat="26.963269" lon="120.35391"><ele>38</ele></trkpt>
      <trkpt lat="26.963377" lon="120.353846"><ele>38</ele></trkpt>
      <trkpt lat="26.963486" lon="120.353784"><ele>38</ele></trkpt>
      <trkpt lat="26.963596" lon="120.353721"><ele>38</ele></trkpt>
      <trkpt lat="26.963706" lon="120.35366"><ele>38</ele></trkpt>
      <trkpt lat="26.963813" lon="120.353604"><ele>38</ele></trkpt>
      <trkpt lat="26.963915" lon="120.353557"><ele>37</ele></trkpt>
      <trkpt lat="26.964012" lon="120.353522"><ele>37</ele></trkpt>
      <trkpt lat="26.964104" lon="120.353502"><ele>36</ele></trkpt>
      <trkpt lat="26.964184" lon="120.353497"><ele>34</ele></trkpt>
      <trkpt lat="26.964259" lon="120.353503"><ele>33</ele></trkpt>
      <trkpt lat="26.964326" lon="120.353518"><ele>33</ele></trkpt>
      <trkpt lat="26.964387" lon="120.353528"><ele>33</ele></trkpt>
      <trkpt lat="26.964444" lon="120.353537"><ele>33</ele></trkpt>
      <trkpt lat="26.964498" lon="120.353547"><ele>33</ele></trkpt>
      <trkpt lat="26.964544" lon="120.353559"><ele>34</ele></trkpt>
      <trkpt lat="26.964585" lon="120.35357"><ele>34</ele></trkpt>
      <trkpt lat="26.964608" lon="120.353579"><ele>35</ele></trkpt>
      <trkpt lat="26.964626" lon="120.353586"><ele>35</ele></trkpt>
      <trkpt lat="26.964856" lon="120.353687"><ele>35</ele></trkpt>
      <trkpt lat="26.964857" lon="120.353687"><ele>35</ele></trkpt>
      <trkpt lat="26.96488" lon="120.353694"><ele>35</ele></trkpt>
      <trkpt lat="26.964975" lon="120.353721"><ele>35</ele></trkpt>
      <trkpt lat="26.965131" lon="120.35376"><ele>35</ele></trkpt>
      <trkpt lat="26.965304" lon="120.353791"><ele>35</ele></trkpt>
      <trkpt lat="26.965464" lon="120.35382"><ele>35</ele></trkpt>
      <trkpt lat="26.965607" lon="120.353793"><ele>34</ele></trkpt>
      <trkpt lat="26.965737" lon="120.353773"><ele>34</ele></trkpt>
      <trkpt lat="26.965856" lon="120.353762"><ele>34</ele></trkpt>
      <trkpt lat="26.965968" lon="120.353753"><ele>34</ele></trkpt>
      <trkpt lat="26.966073" lon="120.353781"><ele>34</ele></trkpt>
      <trkpt lat="26.966164" lon="120.353845"><ele>34</ele></trkpt>
      <trkpt lat="26.966254" lon="120.35392"><ele>34</ele></trkpt>
      <trkpt lat="26.966343" lon="120.354004"><ele>34</ele></trkpt>
      <trkpt lat="26.96643" lon="120.354093"><ele>34</ele></trkpt>
      <trkpt lat="26.966515" lon="120.354185"><ele>34</ele></trkpt>
      <trkpt lat="26.9666" lon="120.354279"><ele>34</ele></trkpt>
      <trkpt lat="26.966682" lon="120.354372"><ele>34</ele></trkpt>
      <trkpt lat="26.966767" lon="120.354462"><ele>34</ele></trkpt>
      <trkpt lat="26.966852" lon="120.354544"><ele>34</ele></trkpt>
      <trkpt lat="26.966941" lon="120.354621"><ele>35</ele></trkpt>
      <trkpt lat="26.967028" lon="120.354697"><ele>35</ele></trkpt>
      <trkpt lat="26.967134" lon="120.354732"><ele>35</ele></trkpt>
      <trkpt lat="26.967241" lon="120.354767"><ele>35</ele></trkpt>
      <trkpt lat="26.967357" lon="120.354768"><ele>35</ele></trkpt>
      <trkpt lat="26.967477" lon="120.354768"><ele>35</ele></trkpt>
      <trkpt lat="26.967585" lon="120.354799"><ele>35</ele></trkpt>
      <trkpt lat="26.967671" lon="120.354867"><ele>36</ele></trkpt>
      <trkpt lat="26.967734" lon="120.354969"><ele>36</ele></trkpt>
      <trkpt lat="26.967794" lon="120.355082"><ele>36</ele></trkpt>
      <trkpt lat="26.967849" lon="120.355203"><ele>36</ele></trkpt>
      <trkpt lat="26.9679" lon="120.355328"><ele>36</ele></trkpt>
      <trkpt lat="26.967949" lon="120.355453"><ele>36</ele></trkpt>
      <trkpt lat="26.967998" lon="120.355576"><ele>36</ele></trkpt>
      <trkpt lat="26.96805" lon="120.355694"><ele>37</ele></trkpt>
      <trkpt lat="26.968105" lon="120.355809"><ele>37</ele></trkpt>
      <trkpt lat="26.968169" lon="120.355912"><ele>38</ele></trkpt>
      <trkpt lat="26.968231" lon="120.356014"><ele>38</ele></trkpt>
      <trkpt lat="26.968325" lon="120.356076"><ele>38</ele></trkpt>
      <trkpt lat="26.96843" lon="120.356082"><ele>38</ele></trkpt>
      <trkpt lat="26.968516" lon="120.356031"><ele>38</ele></trkpt>
      <trkpt lat="26.9686" lon="120.355982"><ele>38</ele></trkpt>
      <trkpt lat="26.968648" lon="120.355905"><ele>38</ele></trkpt>
      <trkpt lat="26.968686" lon="120.355831"><ele>38</ele></trkpt>
      <trkpt lat="26.968717" lon="120.355763"><ele>38</ele></trkpt>
      <trkpt lat="26.968743" lon="120.355693"><ele>38</ele></trkpt>
      <trkpt lat="26.968764" lon="120.355613"><ele>39</ele></trkpt>
      <trkpt lat="26.968775" lon="120.355517"><ele>39</ele></trkpt>
      <trkpt lat="26.968779" lon="120.355409"><ele>40</ele></trkpt>
      <trkpt lat="26.968778" lon="120.355288"><ele>40</ele></trkpt>
      <trkpt lat="26.968771" lon="120.355159"><ele>40</ele></trkpt>
      <trkpt lat="26.968766" lon="120.355022"><ele>40</ele></trkpt>
      <trkpt lat="26.968768" lon="120.354889"><ele>40</ele></trkpt>
      <trkpt lat="26.96877" lon="120.354762"><ele>40</ele></trkpt>
      <trkpt lat="26.968808" lon="120.354645"><ele>40</ele></trkpt>
      <trkpt lat="26.968857" lon="120.35453"><ele>40</ele></trkpt>
      <trkpt lat="26.968915" lon="120.354416"><ele>39</ele></trkpt>
      <trkpt lat="26.968979" lon="120.354305"><ele>39</ele></trkpt>
      <trkpt lat="26.969046" lon="120.354195"><ele>38</ele></trkpt>
      <trkpt lat="26.969116" lon="120.354085"><ele>37</ele></trkpt>
      <trkpt lat="26.969186" lon="120.353976"><ele>36</ele></trkpt>
      <trkpt lat="26.969253" lon="120.353869"><ele>36</ele></trkpt>
      <trkpt lat="26.969322" lon="120.353766"><ele>35</ele></trkpt>
      <trkpt lat="26.969396" lon="120.35367"><ele>35</ele></trkpt>
      <trkpt lat="26.969471" lon="120.353575"><ele>35</ele></trkpt>
      <trkpt lat="26.969548" lon="120.35348"><ele>35</ele></trkpt>
      <trkpt lat="26.969629" lon="120.353389"><ele>34</ele></trkpt>
      <trkpt lat="26.969705" lon="120.353297"><ele>34</ele></trkpt>
      <trkpt lat="26.96978" lon="120.353199"><ele>33</ele></trkpt>
      <trkpt lat="26.96985" lon="120.353096"><ele>33</ele></trkpt>
      <trkpt lat="26.969919" lon="120.352999"><ele>33</ele></trkpt>
      <trkpt lat="26.96998" lon="120.352904"><ele>33</ele></trkpt>
      <trkpt lat="26.970031" lon="120.352813"><ele>33</ele></trkpt>
      <trkpt lat="26.970075" lon="120.352728"><ele>33</ele></trkpt>
      <trkpt lat="26.970119" lon="120.352641"><ele>33</ele></trkpt>
      <trkpt lat="26.970116" lon="120.352544"><ele>33</ele></trkpt>
      <trkpt lat="26.970112" lon="120.352444"><ele>33</ele></trkpt>
      <trkpt lat="26.970066" lon="120.352343"><ele>32</ele></trkpt>
      <trkpt lat="26.970002" lon="120.352235"><ele>32</ele></trkpt>
      <trkpt lat="26.969925" lon="120.352128"><ele>31</ele></trkpt>
      <trkpt lat="26.969841" lon="120.352026"><ele>30</ele></trkpt>
      <trkpt lat="26.969757" lon="120.35193"><ele>29</ele></trkpt>
      <trkpt lat="26.969676" lon="120.351841"><ele>27</ele></trkpt>
      <trkpt lat="26.969604" lon="120.351752"><ele>27</ele></trkpt>
      <trkpt lat="26.969537" lon="120.351666"><ele>26</ele></trkpt>
      <trkpt lat="26.969476" lon="120.351569"><ele>26</ele></trkpt>
      <trkpt lat="26.969423" lon="120.351463"><ele>26</ele></trkpt>
      <trkpt lat="26.96938" lon="120.351346"><ele>26</ele></trkpt>
      <trkpt lat="26.969346" lon="120.351225"><ele>26</ele></trkpt>
      <trkpt lat="26.969323" lon="120.351096"><ele>26</ele></trkpt>
      <trkpt lat="26.969308" lon="120.350968"><ele>27</ele></trkpt>
      <trkpt lat="26.969293" lon="120.350837"><ele>27</ele></trkpt>
      <trkpt lat="26.969311" lon="120.350708"><ele>27</ele></trkpt>
      <trkpt lat="26.96933" lon="120.350578"><ele>27</ele></trkpt>
      <trkpt lat="26.969382" lon="120.350459"><ele>27</ele></trkpt>
      <trkpt lat="26.969443" lon="120.350345"><ele>27</ele></trkpt>
      <trkpt lat="26.96951" lon="120.350242"><ele>27</ele></trkpt>
      <trkpt lat="26.969585" lon="120.350143"><ele>26</ele></trkpt>
      <trkpt lat="26.969664" lon="120.350045"><ele>26</ele></trkpt>
      <trkpt lat="26.969745" lon="120.349948"><ele>26</ele></trkpt>
      <trkpt lat="26.969826" lon="120.349856"><ele>26</ele></trkpt>
      <trkpt lat="26.969908" lon="120.349764"><ele>26</ele></trkpt>
      <trkpt lat="26.969988" lon="120.349674"><ele>26</ele></trkpt>
      <trkpt lat="26.97007" lon="120.349583"><ele>26</ele></trkpt>
      <trkpt lat="26.970151" lon="120.349492"><ele>26</ele></trkpt>
      <trkpt lat="26.970232" lon="120.349402"><ele>26</ele></trkpt>
      <trkpt lat="26.970314" lon="120.349312"><ele>27</ele></trkpt>
      <trkpt lat="26.970397" lon="120.349224"><ele>28</ele></trkpt>
      <trkpt lat="26.970481" lon="120.349137"><ele>29</ele></trkpt>
      <trkpt lat="26.970564" lon="120.349049"><ele>31</ele></trkpt>
      <trkpt lat="26.970647" lon="120.348961"><ele>32</ele></trkpt>
      <trkpt lat="26.970732" lon="120.348874"><ele>33</ele></trkpt>
      <trkpt lat="26.970815" lon="120.348783"><ele>34</ele></trkpt>
      <trkpt lat="26.970896" lon="120.348689"><ele>34</ele></trkpt>
      <trkpt lat="26.970977" lon="120.348597"><ele>35</ele></trkpt>
      <trkpt lat="26.971045" lon="120.348507"><ele>37</ele></trkpt>
      <trkpt lat="26.9711" lon="120.348413"><ele>38</ele></trkpt>
      <trkpt lat="26.971157" lon="120.348314"><ele>40</ele></trkpt>
      <trkpt lat="26.971185" lon="120.348197"><ele>42</ele></trkpt>
      <trkpt lat="26.971211" lon="120.348077"><ele>42</ele></trkpt>
      <trkpt lat="26.971236" lon="120.347949"><ele>42</ele></trkpt>
      <trkpt lat="26.971255" lon="120.34782"><ele>42</ele></trkpt>
      <trkpt lat="26.971268" lon="120.347691"><ele>42</ele></trkpt>
      <trkpt lat="26.971268" lon="120.347561"><ele>42</ele></trkpt>
      <trkpt lat="26.971268" lon="120.347438"><ele>41</ele></trkpt>
      <trkpt lat="26.971227" lon="120.347324"><ele>41</ele></trkpt>
      <trkpt lat="26.971187" lon="120.347212"><ele>40</ele></trkpt>
      <trkpt lat="26.97111" lon="120.347134"><ele>40</ele></trkpt>
      <trkpt lat="26.971033" lon="120.347056"><ele>40</ele></trkpt>
      <trkpt lat="26.970929" lon="120.347002"><ele>39</ele></trkpt>
      <trkpt lat="26.970816" lon="120.346958"><ele>39</ele></trkpt>
      <trkpt lat="26.970701" lon="120.346916"><ele>38</ele></trkpt>
      <trkpt lat="26.970585" lon="120.346873"><ele>37</ele></trkpt>
      <trkpt lat="26.970475" lon="120.346821"><ele>37</ele></trkpt>
      <trkpt lat="26.970377" lon="120.34676"><ele>36</ele></trkpt>
      <trkpt lat="26.970287" lon="120.346689"><ele>36</ele></trkpt>
      <trkpt lat="26.970202" lon="120.346608"><ele>36</ele></trkpt>
      <trkpt lat="26.97012" lon="120.346523"><ele>36</ele></trkpt>
      <trkpt lat="26.970038" lon="120.346432"><ele>36</ele></trkpt>
      <trkpt lat="26.969959" lon="120.346338"><ele>37</ele></trkpt>
      <trkpt lat="26.969882" lon="120.346241"><ele>37</ele></trkpt>
      <trkpt lat="26.969806" lon="120.346143"><ele>37</ele></trkpt>
      <trkpt lat="26.969733" lon="120.346044"><ele>37</ele></trkpt>
      <trkpt lat="26.969659" lon="120.345941"><ele>37</ele></trkpt>
      <trkpt lat="26.969588" lon="120.345835"><ele>37</ele></trkpt>
      <trkpt lat="26.96952" lon="120.345728"><ele>37</ele></trkpt>
      <trkpt lat="26.969457" lon="120.345618"><ele>37</ele></trkpt>
      <trkpt lat="26.969399" lon="120.345505"><ele>37</ele></trkpt>
      <trkpt lat="26.969349" lon="120.345389"><ele>38</ele></trkpt>
      <trkpt lat="26.969307" lon="120.34527"><ele>38</ele></trkpt>
      <trkpt lat="26.969273" lon="120.345148"><ele>38</ele></trkpt>
      <trkpt lat="26.969246" lon="120.345021"><ele>38</ele></trkpt>
      <trkpt lat="26.969228" lon="120.344892"><ele>38</ele></trkpt>
      <trkpt lat="26.96921" lon="120.344761"><ele>38</ele></trkpt>
      <trkpt lat="26.969225" lon="120.344632"><ele>38</ele></trkpt>
      <trkpt lat="26.969246" lon="120.344502"><ele>38</ele></trkpt>
      <trkpt lat="26.969275" lon="120.344377"><ele>38</ele></trkpt>
      <trkpt lat="26.969306" lon="120.344251"><ele>38</ele></trkpt>
      <trkpt lat="26.969341" lon="120.34413"><ele>39</ele></trkpt>
      <trkpt lat="26.969383" lon="120.344008"><ele>39</ele></trkpt>
      <trkpt lat="26.969422" lon="120.343885"><ele>39</ele></trkpt>
      <trkpt lat="26.969459" lon="120.343764"><ele>39</ele></trkpt>
      <trkpt lat="26.969492" lon="120.343641"><ele>39</ele></trkpt>
      <trkpt lat="26.96952" lon="120.343516"><ele>39</ele></trkpt>
      <trkpt lat="26.969548" lon="120.343393"><ele>39</ele></trkpt>
      <trkpt lat="26.969578" lon="120.34327"><ele>39</ele></trkpt>
      <trkpt lat="26.96961" lon="120.343148"><ele>39</ele></trkpt>
      <trkpt lat="26.969649" lon="120.343027"><ele>39</ele></trkpt>
      <trkpt lat="26.969689" lon="120.342907"><ele>39</ele></trkpt>
      <trkpt lat="26.969731" lon="120.342787"><ele>39</ele></trkpt>
      <trkpt lat="26.969769" lon="120.342667"><ele>39</ele></trkpt>
      <trkpt lat="26.969799" lon="120.342544"><ele>39</ele></trkpt>
      <trkpt lat="26.969817" lon="120.342419"><ele>39</ele></trkpt>
      <trkpt lat="26.969836" lon="120.342295"><ele>39</ele></trkpt>
      <trkpt lat="26.969819" lon="120.342169"><ele>40</ele></trkpt>
      <trkpt lat="26.969793" lon="120.342044"><ele>40</ele></trkpt>
      <trkpt lat="26.969763" lon="120.341918"><ele>40</ele></trkpt>
      <trkpt lat="26.969729" lon="120.341793"><ele>41</ele></trkpt>
      <trkpt lat="26.969694" lon="120.341669"><ele>41</ele></trkpt>
      <trkpt lat="26.96966" lon="120.341544"><ele>41</ele></trkpt>
      <trkpt lat="26.96963" lon="120.341419"><ele>41</ele></trkpt>
      <trkpt lat="26.969604" lon="120.341295"><ele>41</ele></trkpt>
      <trkpt lat="26.969582" lon="120.341171"><ele>42</ele></trkpt>
      <trkpt lat="26.969563" lon="120.341044"><ele>42</ele></trkpt>
      <trkpt lat="26.969547" lon="120.340916"><ele>42</ele></trkpt>
      <trkpt lat="26.969534" lon="120.340788"><ele>42</ele></trkpt>
      <trkpt lat="26.969523" lon="120.34066"><ele>43</ele></trkpt>
      <trkpt lat="26.969522" lon="120.34053"><ele>43</ele></trkpt>
      <trkpt lat="26.969527" lon="120.340402"><ele>43</ele></trkpt>
      <trkpt lat="26.969532" lon="120.340274"><ele>43</ele></trkpt>
      <trkpt lat="26.969542" lon="120.340147"><ele>43</ele></trkpt>
      <trkpt lat="26.969558" lon="120.340028"><ele>43</ele></trkpt>
      <trkpt lat="26.969576" lon="120.339926"><ele>42</ele></trkpt>
      <trkpt lat="26.969593" lon="120.339855"><ele>41</ele></trkpt>
      <trkpt lat="26.969602" lon="120.33981"><ele>40</ele></trkpt>
      <trkpt lat="26.969604" lon="120.339787"><ele>39</ele></trkpt>
      <trkpt lat="26.969605" lon="120.339785"><ele>39</ele></trkpt>
      <trkpt lat="26.969619" lon="120.33974"><ele>38</ele></trkpt>
      <trkpt lat="26.969528" lon="120.339864"><ele>38</ele></trkpt>
      <trkpt lat="26.969528" lon="120.339864"><ele>38</ele></trkpt>
      <trkpt lat="26.969518" lon="120.339854"><ele>37</ele></trkpt>
      <trkpt lat="26.969476" lon="120.33981"><ele>36</ele></trkpt>
      <trkpt lat="26.969257" lon="120.339395"><ele>36</ele></trkpt>
      <trkpt lat="26.969257" lon="120.339394"><ele>36</ele></trkpt>
      <trkpt lat="26.969248" lon="120.339378"><ele>36</ele></trkpt>
      <trkpt lat="26.969206" lon="120.339308"><ele>36</ele></trkpt>
      <trkpt lat="26.969136" lon="120.33919"><ele>37</ele></trkpt>
      <trkpt lat="26.968827" lon="120.338853"><ele>39</ele></trkpt>
      <trkpt lat="26.968826" lon="120.338852"><ele>39</ele></trkpt>
      <trkpt lat="26.968812" lon="120.33884"><ele>40</ele></trkpt>
      <trkpt lat="26.968753" lon="120.338785"><ele>41</ele></trkpt>
      <trkpt lat="26.968646" lon="120.338676"><ele>45</ele></trkpt>
      <trkpt lat="26.968525" lon="120.338543"><ele>49</ele></trkpt>
      <trkpt lat="26.968414" lon="120.338417"><ele>49</ele></trkpt>
      <trkpt lat="26.968318" lon="120.338301"><ele>49</ele></trkpt>
      <trkpt lat="26.96823" lon="120.338191"><ele>51</ele></trkpt>
      <trkpt lat="26.968149" lon="120.338089"><ele>53</ele></trkpt>
      <trkpt lat="26.968072" lon="120.337992"><ele>54</ele></trkpt>
      <trkpt lat="26.967999" lon="120.337893"><ele>56</ele></trkpt>
      <trkpt lat="26.967929" lon="120.337794"><ele>57</ele></trkpt>
      <trkpt lat="26.967857" lon="120.337697"><ele>57</ele></trkpt>
      <trkpt lat="26.967785" lon="120.3376"><ele>57</ele></trkpt>
      <trkpt lat="26.967713" lon="120.337504"><ele>57</ele></trkpt>
      <trkpt lat="26.96764" lon="120.337408"><ele>57</ele></trkpt>
      <trkpt lat="26.967566" lon="120.337309"><ele>57</ele></trkpt>
      <trkpt lat="26.96749" lon="120.337214"><ele>57</ele></trkpt>
      <trkpt lat="26.967416" lon="120.337118"><ele>57</ele></trkpt>
      <trkpt lat="26.967345" lon="120.337013"><ele>56</ele></trkpt>
      <trkpt lat="26.96728" lon="120.336893"><ele>56</ele></trkpt>
      <trkpt lat="26.967213" lon="120.33677"><ele>55</ele></trkpt>
      <trkpt lat="26.967182" lon="120.336626"><ele>54</ele></trkpt>
      <trkpt lat="26.967151" lon="120.336487"><ele>54</ele></trkpt>
      <trkpt lat="26.967166" lon="120.336351"><ele>53</ele></trkpt>
      <trkpt lat="26.967187" lon="120.336216"><ele>52</ele></trkpt>
      <trkpt lat="26.967215" lon="120.336087"><ele>52</ele></trkpt>
      <trkpt lat="26.967248" lon="120.335974"><ele>51</ele></trkpt>
      <trkpt lat="26.967282" lon="120.335881"><ele>50</ele></trkpt>
      <trkpt lat="26.967314" lon="120.335793"><ele>49</ele></trkpt>
      <trkpt lat="26.967505" lon="120.33563"><ele>49</ele></trkpt>
      <trkpt lat="26.967505" lon="120.33563"><ele>49</ele></trkpt>
      <trkpt lat="26.967519" lon="120.335616"><ele>49</ele></trkpt>
      <trkpt lat="26.96758" lon="120.335554"><ele>49</ele></trkpt>
      <trkpt lat="26.96768" lon="120.335435"><ele>51</ele></trkpt>
      <trkpt lat="26.967787" lon="120.335308"><ele>52</ele></trkpt>
      <trkpt lat="26.967845" lon="120.335163"><ele>52</ele></trkpt>
      <trkpt lat="26.967851" lon="120.335021"><ele>52</ele></trkpt>
      <trkpt lat="26.967799" lon="120.334893"><ele>52</ele></trkpt>
      <trkpt lat="26.967741" lon="120.334751"><ele>52</ele></trkpt>
      <trkpt lat="26.967648" lon="120.334615"><ele>52</ele></trkpt>
      <trkpt lat="26.96754" lon="120.334477"><ele>52</ele></trkpt>
      <trkpt lat="26.967429" lon="120.334336"><ele>51</ele></trkpt>
      <trkpt lat="26.967298" lon="120.334223"><ele>50</ele></trkpt>
      <trkpt lat="26.967174" lon="120.334106"><ele>49</ele></trkpt>
      <trkpt lat="26.96706" lon="120.333998"><ele>48</ele></trkpt>
      <trkpt lat="26.966988" lon="120.333867"><ele>47</ele></trkpt>
      <trkpt lat="26.966931" lon="120.333738"><ele>46</ele></trkpt>
      <trkpt lat="26.966873" lon="120.333607"><ele>46</ele></trkpt>
      <trkpt lat="26.966848" lon="120.333475"><ele>46</ele></trkpt>
      <trkpt lat="26.966829" lon="120.333338"><ele>46</ele></trkpt>
      <trkpt lat="26.966822" lon="120.333205"><ele>46</ele></trkpt>
      <trkpt lat="26.966825" lon="120.333081"><ele>46</ele></trkpt>
      <trkpt lat="26.966833" lon="120.332966"><ele>45</ele></trkpt>
      <trkpt lat="26.966838" lon="120.332853"><ele>44</ele></trkpt>
      <trkpt lat="26.966834" lon="120.332742"><ele>44</ele></trkpt>
      <trkpt lat="26.966817" lon="120.332631"><ele>44</ele></trkpt>
      <trkpt lat="26.966791" lon="120.332515"><ele>44</ele></trkpt>
      <trkpt lat="26.966759" lon="120.332396"><ele>44</ele></trkpt>
      <trkpt lat="26.966727" lon="120.332274"><ele>44</ele></trkpt>
      <trkpt lat="26.966698" lon="120.332151"><ele>44</ele></trkpt>
      <trkpt lat="26.966674" lon="120.332026"><ele>44</ele></trkpt>
      <trkpt lat="26.966651" lon="120.331899"><ele>44</ele></trkpt>
      <trkpt lat="26.966623" lon="120.331771"><ele>45</ele></trkpt>
      <trkpt lat="26.966583" lon="120.33165"><ele>45</ele></trkpt>
      <trkpt lat="26.966544" lon="120.331531"><ele>46</ele></trkpt>
      <trkpt lat="26.966463" lon="120.331443"><ele>46</ele></trkpt>
      <trkpt lat="26.966374" lon="120.331362"><ele>47</ele></trkpt>
      <trkpt lat="26.966278" lon="120.331291"><ele>47</ele></trkpt>
      <trkpt lat="26.966177" lon="120.331222"><ele>47</ele></trkpt>
      <trkpt lat="26.966072" lon="120.33115"><ele>48</ele></trkpt>
      <trkpt lat="26.965969" lon="120.331077"><ele>48</ele></trkpt>
      <trkpt lat="26.96587" lon="120.330995"><ele>48</ele></trkpt>
      <trkpt lat="26.965779" lon="120.330906"><ele>49</ele></trkpt>
      <trkpt lat="26.965693" lon="120.330809"><ele>50</ele></trkpt>
      <trkpt lat="26.965613" lon="120.330702"><ele>51</ele></trkpt>
      <trkpt lat="26.965533" lon="120.330594"><ele>52</ele></trkpt>
      <trkpt lat="26.965494" lon="120.330461"><ele>53</ele></trkpt>
      <trkpt lat="26.965457" lon="120.330335"><ele>54</ele></trkpt>
      <trkpt lat="26.965456" lon="120.330216"><ele>55</ele></trkpt>
      <trkpt lat="26.965458" lon="120.330104"><ele>55</ele></trkpt>
      <trkpt lat="26.965459" lon="120.329995"><ele>55</ele></trkpt>
      <trkpt lat="26.965457" lon="120.329882"><ele>55</ele></trkpt>
      <trkpt lat="26.96545" lon="120.329773"><ele>55</ele></trkpt>
      <trkpt lat="26.965445" lon="120.329652"><ele>55</ele></trkpt>
      <trkpt lat="26.965446" lon="120.329521"><ele>55</ele></trkpt>
      <trkpt lat="26.965453" lon="120.329396"><ele>54</ele></trkpt>
      <trkpt lat="26.965468" lon="120.329284"><ele>52</ele></trkpt>
      <trkpt lat="26.965493" lon="120.329085"><ele>51</ele></trkpt>
      <trkpt lat="26.965493" lon="120.329084"><ele>50</ele></trkpt>
      <trkpt lat="26.965494" lon="120.329072"><ele>49</ele></trkpt>
      <trkpt lat="26.965499" lon="120.329027"><ele>48</ele></trkpt>
      <trkpt lat="26.965505" lon="120.328966"><ele>46</ele></trkpt>
      <trkpt lat="26.965509" lon="120.328923"><ele>45</ele></trkpt>
      <trkpt lat="26.965511" lon="120.328899"><ele>45</ele></trkpt>
      <trkpt lat="26.965512" lon="120.328892"><ele>45</ele></trkpt>
      <trkpt lat="26.965512" lon="120.328892"><ele>45</ele></trkpt>
      <trkpt lat="26.965459" lon="120.328897"><ele>45</ele></trkpt>
      <trkpt lat="26.965451" lon="120.32888"><ele>45</ele></trkpt>
      <trkpt lat="26.965451" lon="120.32888"><ele>45</ele></trkpt>
      <trkpt lat="26.965451" lon="120.328864"><ele>45</ele></trkpt>
      <trkpt lat="26.965449" lon="120.328845"><ele>47</ele></trkpt>
      <trkpt lat="26.965448" lon="120.328844"><ele>50</ele></trkpt>
      <trkpt lat="26.965487" lon="120.328866"><ele>50</ele></trkpt>
      <trkpt lat="26.965491" lon="120.328869"><ele>50</ele></trkpt>
      <trkpt lat="26.965492" lon="120.328871"><ele>50</ele></trkpt>
      <trkpt lat="26.965463" lon="120.328827"><ele>50</ele></trkpt>
      <trkpt lat="26.965463" lon="120.328827"><ele>50</ele></trkpt>
      <trkpt lat="26.965462" lon="120.328822"><ele>50</ele></trkpt>
      <trkpt lat="26.965462" lon="120.328789"><ele>50</ele></trkpt>
      <trkpt lat="26.965461" lon="120.328777"><ele>50</ele></trkpt>
      <trkpt lat="26.965462" lon="120.328769"><ele>50</ele></trkpt>
      <trkpt lat="26.965453" lon="120.328905"><ele>50</ele></trkpt>
      <trkpt lat="26.965453" lon="120.328905"><ele>49</ele></trkpt>
      <trkpt lat="26.965453" lon="120.328906"><ele>49</ele></trkpt>
      <trkpt lat="26.965514" lon="120.328732"><ele>49</ele></trkpt>
      <trkpt lat="26.965493" lon="120.328593"><ele>48</ele></trkpt>
      <trkpt lat="26.965493" lon="120.328593"><ele>48</ele></trkpt>
      <trkpt lat="26.96549" lon="120.328587"><ele>48</ele></trkpt>
      <trkpt lat="26.965434" lon="120.328493"><ele>45</ele></trkpt>
      <trkpt lat="26.965386" lon="120.32842"><ele>42</ele></trkpt>
      <trkpt lat="26.965344" lon="120.328359"><ele>42</ele></trkpt>
      <trkpt lat="26.965317" lon="120.328322"><ele>42</ele></trkpt>
      <trkpt lat="26.965304" lon="120.328305"><ele>42</ele></trkpt>
      <trkpt lat="26.965299" lon="120.328302"><ele>42</ele></trkpt>
      <trkpt lat="26.965133" lon="120.328218"><ele>42</ele></trkpt>
      <trkpt lat="26.965132" lon="120.328217"><ele>42</ele></trkpt>
      <trkpt lat="26.96511" lon="120.328209"><ele>43</ele></trkpt>
      <trkpt lat="26.965019" lon="120.328178"><ele>43</ele></trkpt>
      <trkpt lat="26.964863" lon="120.328135"><ele>44</ele></trkpt>
      <trkpt lat="26.964693" lon="120.328098"><ele>45</ele></trkpt>
      <trkpt lat="26.964531" lon="120.328074"><ele>45</ele></trkpt>
      <trkpt lat="26.964385" lon="120.328064"><ele>45</ele></trkpt>
      <trkpt lat="26.964254" lon="120.328064"><ele>45</ele></trkpt>
      <trkpt lat="26.964131" lon="120.328068"><ele>45</ele></trkpt>
      <trkpt lat="26.964012" lon="120.328073"><ele>45</ele></trkpt>
      <trkpt lat="26.963898" lon="120.328069"><ele>45</ele></trkpt>
      <trkpt lat="26.963785" lon="120.328052"><ele>45</ele></trkpt>
      <trkpt lat="26.963677" lon="120.328022"><ele>45</ele></trkpt>
      <trkpt lat="26.963576" lon="120.327979"><ele>45</ele></trkpt>
      <trkpt lat="26.963476" lon="120.327925"><ele>45</ele></trkpt>
      <trkpt lat="26.963378" lon="120.327859"><ele>45</ele></trkpt>
      <trkpt lat="26.963284" lon="120.327786"><ele>45</ele></trkpt>
      <trkpt lat="26.96319" lon="120.327707"><ele>44</ele></trkpt>
      <trkpt lat="26.963096" lon="120.327629"><ele>43</ele></trkpt>
      <trkpt lat="26.963002" lon="120.327555"><ele>41</ele></trkpt>
      <trkpt lat="26.962907" lon="120.327486"><ele>40</ele></trkpt>
      <trkpt lat="26.96281" lon="120.327417"><ele>39</ele></trkpt>
      <trkpt lat="26.962713" lon="120.32735"><ele>38</ele></trkpt>
      <trkpt lat="26.962613" lon="120.32729"><ele>36</ele></trkpt>
      <trkpt lat="26.962515" lon="120.327232"><ele>35</ele></trkpt>
      <trkpt lat="26.962404" lon="120.327208"><ele>34</ele></trkpt>
      <trkpt lat="26.96229" lon="120.327222"><ele>32</ele></trkpt>
      <trkpt lat="26.962189" lon="120.327282"><ele>31</ele></trkpt>
      <trkpt lat="26.962114" lon="120.327384"><ele>29</ele></trkpt>
      <trkpt lat="26.96208" lon="120.32752"><ele>28</ele></trkpt>
      <trkpt lat="26.962096" lon="120.327671"><ele>27</ele></trkpt>
      <trkpt lat="26.962133" lon="120.327826"><ele>25</ele></trkpt>
      <trkpt lat="26.962168" lon="120.327975"><ele>23</ele></trkpt>
      <trkpt lat="26.962157" lon="120.328121"><ele>22</ele></trkpt>
      <trkpt lat="26.962096" lon="120.328239"><ele>21</ele></trkpt>
      <trkpt lat="26.961995" lon="120.328324"><ele>19</ele></trkpt>
      <trkpt lat="26.961895" lon="120.328396"><ele>19</ele></trkpt>
      <trkpt lat="26.961796" lon="120.328462"><ele>19</ele></trkpt>
      <trkpt lat="26.961705" lon="120.328525"><ele>19</ele></trkpt>
      <trkpt lat="26.961626" lon="120.328592"><ele>19</ele></trkpt>
      <trkpt lat="26.961563" lon="120.328662"><ele>18</ele></trkpt>
      <trkpt lat="26.961504" lon="120.328736"><ele>18</ele></trkpt>
      <trkpt lat="26.961446" lon="120.328816"><ele>18</ele></trkpt>
      <trkpt lat="26.961387" lon="120.328896"><ele>18</ele></trkpt>
      <trkpt lat="26.96132" lon="120.32898"><ele>18</ele></trkpt>
      <trkpt lat="26.961239" lon="120.329065"><ele>18</ele></trkpt>
      <trkpt lat="26.96116" lon="120.329149"><ele>18</ele></trkpt>
      <trkpt lat="26.961062" lon="120.329193"><ele>18</ele></trkpt>
      <trkpt lat="26.960952" lon="120.329189"><ele>17</ele></trkpt>
      <trkpt lat="26.960853" lon="120.329135"><ele>16</ele></trkpt>
      <trkpt lat="26.960775" lon="120.329054"><ele>15</ele></trkpt>
      <trkpt lat="26.960335" lon="120.328793"><ele>14</ele></trkpt>
      <trkpt lat="26.960335" lon="120.328793"><ele>13</ele></trkpt>
      <trkpt lat="26.960317" lon="120.3288"><ele>13</ele></trkpt>
      <trkpt lat="26.960239" lon="120.328818"><ele>13</ele></trkpt>
      <trkpt lat="26.960111" lon="120.328849"><ele>12</ele></trkpt>
      <trkpt lat="26.959904" lon="120.328811"><ele>12</ele></trkpt>
      <trkpt lat="26.959904" lon="120.328811"><ele>12</ele></trkpt>
      <trkpt lat="26.959905" lon="120.328811"><ele>12</ele></trkpt>
      <trkpt lat="26.959783" lon="120.328726"><ele>11</ele></trkpt>
      <trkpt lat="26.959783" lon="120.328726"><ele>10</ele></trkpt>
      <trkpt lat="26.959774" lon="120.328714"><ele>9</ele></trkpt>
      <trkpt lat="26.959746" lon="120.328654"><ele>9</ele></trkpt>
      <trkpt lat="26.959681" lon="120.328497"><ele>9</ele></trkpt>
      <trkpt lat="26.959633" lon="120.328351"><ele>9</ele></trkpt>
      <trkpt lat="26.95959" lon="120.328243"><ele>9</ele></trkpt>
      <trkpt lat="26.959436" lon="120.327858"><ele>9</ele></trkpt>
      <trkpt lat="26.959396" lon="120.327811"><ele>9</ele></trkpt>
      <trkpt lat="26.959341" lon="120.32775"><ele>10</ele></trkpt>
      <trkpt lat="26.959287" lon="120.327682"><ele>11</ele></trkpt>
      <trkpt lat="26.95923" lon="120.32761"><ele>13</ele></trkpt>
      <trkpt lat="26.959114" lon="120.327242"><ele>15</ele></trkpt>
      <trkpt lat="26.959114" lon="120.327241"><ele>16</ele></trkpt>
      <trkpt lat="26.959109" lon="120.327224"><ele>17</ele></trkpt>
      <trkpt lat="26.959082" lon="120.327147"><ele>18</ele></trkpt>
      <trkpt lat="26.959024" lon="120.327002"><ele>19</ele></trkpt>
      <trkpt lat="26.958948" lon="120.326831"><ele>20</ele></trkpt>
      <trkpt lat="26.958867" lon="120.32667"><ele>20</ele></trkpt>
      <trkpt lat="26.958789" lon="120.326527"><ele>20</ele></trkpt>
      <trkpt lat="26.958716" lon="120.326397"><ele>20</ele></trkpt>
      <trkpt lat="26.958649" lon="120.326277"><ele>20</ele></trkpt>
      <trkpt lat="26.958588" lon="120.326162"><ele>20</ele></trkpt>
      <trkpt lat="26.958535" lon="120.326048"><ele>19</ele></trkpt>
      <trkpt lat="26.958496" lon="120.325934"><ele>19</ele></trkpt>
      <trkpt lat="26.958458" lon="120.325823"><ele>19</ele></trkpt>
      <trkpt lat="26.958464" lon="120.325702"><ele>19</ele></trkpt>
      <trkpt lat="26.958471" lon="120.325581"><ele>19</ele></trkpt>
      <trkpt lat="26.958481" lon="120.325454"><ele>19</ele></trkpt>
      <trkpt lat="26.958491" lon="120.325326"><ele>19</ele></trkpt>
      <trkpt lat="26.958495" lon="120.325198"><ele>20</ele></trkpt>
      <trkpt lat="26.958495" lon="120.325069"><ele>20</ele></trkpt>
      <trkpt lat="26.958489" lon="120.324943"><ele>21</ele></trkpt>
      <trkpt lat="26.958471" lon="120.324819"><ele>22</ele></trkpt>
      <trkpt lat="26.958441" lon="120.324695"><ele>23</ele></trkpt>
      <trkpt lat="26.958403" lon="120.324573"><ele>24</ele></trkpt>
      <trkpt lat="26.95836" lon="120.324453"><ele>25</ele></trkpt>
      <trkpt lat="26.958309" lon="120.324335"><ele>25</ele></trkpt>
      <trkpt lat="26.958257" lon="120.324221"><ele>26</ele></trkpt>
      <trkpt lat="26.958208" lon="120.32411"><ele>26</ele></trkpt>
      <trkpt lat="26.95816" lon="120.323999"><ele>26</ele></trkpt>
      <trkpt lat="26.958114" lon="120.323889"><ele>27</ele></trkpt>
      <trkpt lat="26.958077" lon="120.323782"><ele>27</ele></trkpt>
      <trkpt lat="26.958047" lon="120.323678"><ele>28</ele></trkpt>
      <trkpt lat="26.958028" lon="120.323575"><ele>28</ele></trkpt>
      <trkpt lat="26.958021" lon="120.323479"><ele>28</ele></trkpt>
      <trkpt lat="26.958026" lon="120.323406"><ele>28</ele></trkpt>
      <trkpt lat="26.958037" lon="120.323353"><ele>28</ele></trkpt>
      <trkpt lat="26.958055" lon="120.323295"><ele>28</ele></trkpt>
      <trkpt lat="26.958078" lon="120.32323"><ele>28</ele></trkpt>
      <trkpt lat="26.9581" lon="120.323172"><ele>28</ele></trkpt>
      <trkpt lat="26.958121" lon="120.323116"><ele>27</ele></trkpt>
      <trkpt lat="26.958145" lon="120.323064"><ele>26</ele></trkpt>
      <trkpt lat="26.958169" lon="120.323031"><ele>25</ele></trkpt>
      <trkpt lat="26.958187" lon="120.323023"><ele>24</ele></trkpt>
      <trkpt lat="26.958188" lon="120.323018"><ele>22</ele></trkpt>
      <trkpt lat="26.958167" lon="120.32311"><ele>21</ele></trkpt>
      <trkpt lat="26.95819" lon="120.323053"><ele>17</ele></trkpt>
      <trkpt lat="26.958179" lon="120.322982"><ele>16</ele></trkpt>
      <trkpt lat="26.958183" lon="120.322953"><ele>16</ele></trkpt>
      <trkpt lat="26.958189" lon="120.322921"><ele>16</ele></trkpt>
      <trkpt lat="26.958197" lon="120.322889"><ele>16</ele></trkpt>
      <trkpt lat="26.958206" lon="120.32286"><ele>16</ele></trkpt>
      <trkpt lat="26.958216" lon="120.32283"><ele>16</ele></trkpt>
      <trkpt lat="26.958227" lon="120.3228"><ele>16</ele></trkpt>
      <trkpt lat="26.958236" lon="120.322771"><ele>16</ele></trkpt>
      <trkpt lat="26.958242" lon="120.322742"><ele>16</ele></trkpt>
      <trkpt lat="26.958246" lon="120.322716"><ele>16</ele></trkpt>
      <trkpt lat="26.958249" lon="120.322689"><ele>16</ele></trkpt>
      <trkpt lat="26.95825" lon="120.32266"><ele>16</ele></trkpt>
      <trkpt lat="26.958249" lon="120.322632"><ele>16</ele></trkpt>
      <trkpt lat="26.958247" lon="120.322609"><ele>16</ele></trkpt>
      <trkpt lat="26.958244" lon="120.322595"><ele>16</ele></trkpt>
      <trkpt lat="26.958246" lon="120.322591"><ele>17</ele></trkpt>
      <trkpt lat="26.958265" lon="120.322574"><ele>17</ele></trkpt>
      <trkpt lat="26.958282" lon="120.322565"><ele>17</ele></trkpt>
      <trkpt lat="26.958306" lon="120.322558"><ele>17</ele></trkpt>
      <trkpt lat="26.958333" lon="120.322552"><ele>17</ele></trkpt>
      <trkpt lat="26.958361" lon="120.322545"><ele>17</ele></trkpt>
      <trkpt lat="26.958389" lon="120.322536"><ele>17</ele></trkpt>
      <trkpt lat="26.958412" lon="120.32252"><ele>17</ele></trkpt>
      <trkpt lat="26.958429" lon="120.3225"><ele>17</ele></trkpt>
      <trkpt lat="26.95844" lon="120.322476"><ele>17</ele></trkpt>
      <trkpt lat="26.95845" lon="120.322448"><ele>17</ele></trkpt>
      <trkpt lat="26.95846" lon="120.322418"><ele>17</ele></trkpt>
      <trkpt lat="26.958471" lon="120.322388"><ele>16</ele></trkpt>
      <trkpt lat="26.958482" lon="120.322359"><ele>16</ele></trkpt>
      <trkpt lat="26.958495" lon="120.32233"><ele>16</ele></trkpt>
      <trkpt lat="26.958509" lon="120.322302"><ele>16</ele></trkpt>
      <trkpt lat="26.958521" lon="120.322273"><ele>16</ele></trkpt>
      <trkpt lat="26.958533" lon="120.322246"><ele>16</ele></trkpt>
      <trkpt lat="26.958547" lon="120.322219"><ele>16</ele></trkpt>
      <trkpt lat="26.95856" lon="120.322193"><ele>16</ele></trkpt>
      <trkpt lat="26.958574" lon="120.322166"><ele>16</ele></trkpt>
      <trkpt lat="26.958587" lon="120.322141"><ele>16</ele></trkpt>
      <trkpt lat="26.958597" lon="120.322119"><ele>16</ele></trkpt>
      <trkpt lat="26.958609" lon="120.322096"><ele>15</ele></trkpt>
      <trkpt lat="26.95862" lon="120.322075"><ele>15</ele></trkpt>
      <trkpt lat="26.958631" lon="120.322055"><ele>15</ele></trkpt>
      <trkpt lat="26.958644" lon="120.322034"><ele>15</ele></trkpt>
      <trkpt lat="26.958658" lon="120.322011"><ele>15</ele></trkpt>
      <trkpt lat="26.958672" lon="120.321988"><ele>15</ele></trkpt>
      <trkpt lat="26.958686" lon="120.321963"><ele>15</ele></trkpt>
      <trkpt lat="26.958701" lon="120.321938"><ele>15</ele></trkpt>
      <trkpt lat="26.958713" lon="120.321916"><ele>15</ele></trkpt>
      <trkpt lat="26.958726" lon="120.321893"><ele>15</ele></trkpt>
      <trkpt lat="26.958738" lon="120.32187"><ele>15</ele></trkpt>
      <trkpt lat="26.958749" lon="120.321844"><ele>15</ele></trkpt>
      <trkpt lat="26.958759" lon="120.321818"><ele>15</ele></trkpt>
      <trkpt lat="26.958769" lon="120.321791"><ele>15</ele></trkpt>
      <trkpt lat="26.958779" lon="120.321765"><ele>15</ele></trkpt>
      <trkpt lat="26.958789" lon="120.321741"><ele>15</ele></trkpt>
      <trkpt lat="26.958797" lon="120.321718"><ele>16</ele></trkpt>
      <trkpt lat="26.958806" lon="120.321695"><ele>16</ele></trkpt>
      <trkpt lat="26.958814" lon="120.321673"><ele>16</ele></trkpt>
      <trkpt lat="26.958823" lon="120.321652"><ele>16</ele></trkpt>
      <trkpt lat="26.958834" lon="120.321632"><ele>16</ele></trkpt>
      <trkpt lat="26.958843" lon="120.321616"><ele>16</ele></trkpt>
      <trkpt lat="26.95885" lon="120.321603"><ele>16</ele></trkpt>
      <trkpt lat="26.958858" lon="120.321584"><ele>16</ele></trkpt>
      <trkpt lat="26.958867" lon="120.32156"><ele>15</ele></trkpt>
      <trkpt lat="26.958877" lon="120.321534"><ele>15</ele></trkpt>
      <trkpt lat="26.958887" lon="120.321506"><ele>15</ele></trkpt>
      <trkpt lat="26.958899" lon="120.32148"><ele>15</ele></trkpt>
      <trkpt lat="26.958912" lon="120.321453"><ele>14</ele></trkpt>
      <trkpt lat="26.958925" lon="120.321425"><ele>14</ele></trkpt>
      <trkpt lat="26.958936" lon="120.321395"><ele>14</ele></trkpt>
      <trkpt lat="26.958946" lon="120.321366"><ele>13</ele></trkpt>
      <trkpt lat="26.958957" lon="120.32134"><ele>13</ele></trkpt>
      <trkpt lat="26.95897" lon="120.321312"><ele>12</ele></trkpt>
      <trkpt lat="26.958982" lon="120.321286"><ele>12</ele></trkpt>
      <trkpt lat="26.958994" lon="120.321259"><ele>12</ele></trkpt>
      <trkpt lat="26.959007" lon="120.321232"><ele>12</ele></trkpt>
      <trkpt lat="26.959019" lon="120.321209"><ele>12</ele></trkpt>
      <trkpt lat="26.959031" lon="120.321185"><ele>11</ele></trkpt>
      <trkpt lat="26.959042" lon="120.321159"><ele>11</ele></trkpt>
      <trkpt lat="26.959053" lon="120.321131"><ele>11</ele></trkpt>
      <trkpt lat="26.959064" lon="120.321103"><ele>11</ele></trkpt>
      <trkpt lat="26.959075" lon="120.321074"><ele>11</ele></trkpt>
      <trkpt lat="26.959085" lon="120.321047"><ele>11</ele></trkpt>
      <trkpt lat="26.959093" lon="120.32102"><ele>11</ele></trkpt>
      <trkpt lat="26.959099" lon="120.320991"><ele>11</ele></trkpt>
      <trkpt lat="26.959103" lon="120.320964"><ele>11</ele></trkpt>
      <trkpt lat="26.959107" lon="120.320938"><ele>11</ele></trkpt>
      <trkpt lat="26.959112" lon="120.320914"><ele>11</ele></trkpt>
      <trkpt lat="26.959117" lon="120.320888"><ele>10</ele></trkpt>
      <trkpt lat="26.959121" lon="120.320864"><ele>10</ele></trkpt>
      <trkpt lat="26.959126" lon="120.32084"><ele>10</ele></trkpt>
      <trkpt lat="26.959131" lon="120.320816"><ele>10</ele></trkpt>
      <trkpt lat="26.959138" lon="120.320795"><ele>9</ele></trkpt>
      <trkpt lat="26.959147" lon="120.320767"><ele>9</ele></trkpt>
      <trkpt lat="26.959158" lon="120.320742"><ele>9</ele></trkpt>
      <trkpt lat="26.959172" lon="120.320716"><ele>8</ele></trkpt>
      <trkpt lat="26.959188" lon="120.32069"><ele>8</ele></trkpt>
      <trkpt lat="26.959206" lon="120.320666"><ele>7</ele></trkpt>
      <trkpt lat="26.959224" lon="120.320641"><ele>7</ele></trkpt>
      <trkpt lat="26.959244" lon="120.320616"><ele>7</ele></trkpt>
      <trkpt lat="26.959265" lon="120.320589"><ele>7</ele></trkpt>
      <trkpt lat="26.959282" lon="120.32056"><ele>7</ele></trkpt>
      <trkpt lat="26.959296" lon="120.320533"><ele>7</ele></trkpt>
      <trkpt lat="26.959306" lon="120.320505"><ele>7</ele></trkpt>
      <trkpt lat="26.959316" lon="120.320481"><ele>7</ele></trkpt>
    </trkseg>
  </trk>
</gpx>
