<?xml version="1.0" encoding="UTF-8"?>
<gpx version="1.1" creator="霞客 · 两步路轨迹" xmlns="http://www.topografix.com/GPX/1/1">
  <metadata><name>格聂C线参考轨迹</name></metadata>
  <trk><name>格聂C线</name>
    <trkseg>
      <trkpt lat="29.796176" lon="99.661781"><ele>3916</ele></trkpt>
      <trkpt lat="29.79586" lon="99.661537"><ele>3917</ele></trkpt>
      <trkpt lat="29.795802" lon="99.661451"><ele>3918</ele></trkpt>
      <trkpt lat="29.795813" lon="99.661337"><ele>3916</ele></trkpt>
      <trkpt lat="29.795853" lon="99.66124"><ele>3918</ele></trkpt>
      <trkpt lat="29.795869" lon="99.661135"><ele>3918</ele></trkpt>
      <trkpt lat="29.795807" lon="99.661051"><ele>3920</ele></trkpt>
      <trkpt lat="29.795717" lon="99.661047"><ele>3919</ele></trkpt>
      <trkpt lat="29.795624" lon="99.661009"><ele>3919</ele></trkpt>
      <trkpt lat="29.795444" lon="99.660966"><ele>3919</ele></trkpt>
      <trkpt lat="29.795261" lon="99.660899"><ele>3920</ele></trkpt>
      <trkpt lat="29.79517" lon="99.660888"><ele>3920</ele></trkpt>
      <trkpt lat="29.795074" lon="99.660864"><ele>3920</ele></trkpt>
      <trkpt lat="29.794986" lon="99.660816"><ele>3919</ele></trkpt>
      <trkpt lat="29.79491" lon="99.660757"><ele>3919</ele></trkpt>
      <trkpt lat="29.794818" lon="99.660722"><ele>3919</ele></trkpt>
      <trkpt lat="29.794777" lon="99.660623"><ele>3920</ele></trkpt>
      <trkpt lat="29.794754" lon="99.660518"><ele>3921</ele></trkpt>
      <trkpt lat="29.794746" lon="99.660406"><ele>3922</ele></trkpt>
      <trkpt lat="29.794642" lon="99.660224"><ele>3924</ele></trkpt>
      <trkpt lat="29.794642" lon="99.660116"><ele>3925</ele></trkpt>
      <trkpt lat="29.794552" lon="99.66008"><ele>3925</ele></trkpt>
      <trkpt lat="29.794398" lon="99.660207"><ele>3928</ele></trkpt>
      <trkpt lat="29.794208" lon="99.660215"><ele>3933</ele></trkpt>
      <trkpt lat="29.794119" lon="99.660254"><ele>3937</ele></trkpt>
      <trkpt lat="29.794028" lon="99.660276"><ele>3939</ele></trkpt>
      <trkpt lat="29.793944" lon="99.660229"><ele>3941</ele></trkpt>
      <trkpt lat="29.793852" lon="99.660222"><ele>3943</ele></trkpt>
      <trkpt lat="29.79377" lon="99.660278"><ele>3948</ele></trkpt>
      <trkpt lat="29.793712" lon="99.660366"><ele>3952</ele></trkpt>
      <trkpt lat="29.793621" lon="99.660392"><ele>3953</ele></trkpt>
      <trkpt lat="29.793554" lon="99.660468"><ele>3954</ele></trkpt>
      <trkpt lat="29.793468" lon="99.660522"><ele>3957</ele></trkpt>
      <trkpt lat="29.793377" lon="99.660547"><ele>3960</ele></trkpt>
      <trkpt lat="29.793468" lon="99.660535"><ele>3965</ele></trkpt>
      <trkpt lat="29.793287" lon="99.660605"><ele>3968</ele></trkpt>
      <trkpt lat="29.793195" lon="99.660609"><ele>3970</ele></trkpt>
      <trkpt lat="29.793141" lon="99.660697"><ele>3971</ele></trkpt>
      <trkpt lat="29.792974" lon="99.660786"><ele>3974</ele></trkpt>
      <trkpt lat="29.792888" lon="99.660744"><ele>3983</ele></trkpt>
      <trkpt lat="29.792814" lon="99.660807"><ele>3984</ele></trkpt>
      <trkpt lat="29.792772" lon="99.660915"><ele>3985</ele></trkpt>
      <trkpt lat="29.792693" lon="99.66097"><ele>3984</ele></trkpt>
      <trkpt lat="29.792533" lon="99.661109"><ele>3984</ele></trkpt>
      <trkpt lat="29.792451" lon="99.661153"><ele>3988</ele></trkpt>
      <trkpt lat="29.792401" lon="99.661245"><ele>3990</ele></trkpt>
      <trkpt lat="29.792324" lon="99.661304"><ele>3994</ele></trkpt>
      <trkpt lat="29.792077" lon="99.661448"><ele>4000</ele></trkpt>
      <trkpt lat="29.792007" lon="99.661514"><ele>4003</ele></trkpt>
      <trkpt lat="29.791927" lon="99.661574"><ele>4003</ele></trkpt>
      <trkpt lat="29.791852" lon="99.661652"><ele>4003</ele></trkpt>
      <trkpt lat="29.791767" lon="99.661687"><ele>4007</ele></trkpt>
      <trkpt lat="29.791619" lon="99.661814"><ele>4010</ele></trkpt>
      <trkpt lat="29.79171" lon="99.661809"><ele>4013</ele></trkpt>
      <trkpt lat="29.791632" lon="99.661873"><ele>4009</ele></trkpt>
      <trkpt lat="29.791408" lon="99.662006"><ele>4014</ele></trkpt>
      <trkpt lat="29.791332" lon="99.662065"><ele>4015</ele></trkpt>
      <trkpt lat="29.791246" lon="99.6621"><ele>4016</ele></trkpt>
      <trkpt lat="29.79117" lon="99.662166"><ele>4019</ele></trkpt>
      <trkpt lat="29.791077" lon="99.662156"><ele>4017</ele></trkpt>
      <trkpt lat="29.79097" lon="99.662331"><ele>4025</ele></trkpt>
      <trkpt lat="29.790886" lon="99.662371"><ele>4028</ele></trkpt>
      <trkpt lat="29.790721" lon="99.662481"><ele>4032</ele></trkpt>
      <trkpt lat="29.790641" lon="99.662567"><ele>4036</ele></trkpt>
      <trkpt lat="29.790566" lon="99.662625"><ele>4039</ele></trkpt>
      <trkpt lat="29.790482" lon="99.662671"><ele>4042</ele></trkpt>
      <trkpt lat="29.790411" lon="99.662745"><ele>4045</ele></trkpt>
      <trkpt lat="29.790303" lon="99.662721"><ele>4051</ele></trkpt>
      <trkpt lat="29.7903" lon="99.662827"><ele>4050</ele></trkpt>
      <trkpt lat="29.790218" lon="99.662879"><ele>4051</ele></trkpt>
      <trkpt lat="29.790154" lon="99.662971"><ele>4055</ele></trkpt>
      <trkpt lat="29.79008" lon="99.663054"><ele>4056</ele></trkpt>
      <trkpt lat="29.789929" lon="99.663205"><ele>4059</ele></trkpt>
      <trkpt lat="29.789871" lon="99.663285"><ele>4062</ele></trkpt>
      <trkpt lat="29.789798" lon="99.663346"><ele>4065</ele></trkpt>
      <trkpt lat="29.789747" lon="99.663434"><ele>4064</ele></trkpt>
      <trkpt lat="29.789684" lon="99.663514"><ele>4065</ele></trkpt>
      <trkpt lat="29.789588" lon="99.663529"><ele>4068</ele></trkpt>
      <trkpt lat="29.789532" lon="99.663612"><ele>4066</ele></trkpt>
      <trkpt lat="29.789495" lon="99.663715"><ele>4066</ele></trkpt>
      <trkpt lat="29.789405" lon="99.663751"><ele>4065</ele></trkpt>
      <trkpt lat="29.789369" lon="99.66365"><ele>4061</ele></trkpt>
      <trkpt lat="29.789413" lon="99.663227"><ele>4054</ele></trkpt>
      <trkpt lat="29.789403" lon="99.663119"><ele>4051</ele></trkpt>
      <trkpt lat="29.789422" lon="99.66301"><ele>4049</ele></trkpt>
      <trkpt lat="29.789464" lon="99.662912"><ele>4049</ele></trkpt>
      <trkpt lat="29.789426" lon="99.662815"><ele>4046</ele></trkpt>
      <trkpt lat="29.789409" lon="99.66271"><ele>4040</ele></trkpt>
      <trkpt lat="29.789342" lon="99.662639"><ele>4036</ele></trkpt>
      <trkpt lat="29.789235" lon="99.662466"><ele>4037</ele></trkpt>
      <trkpt lat="29.789139" lon="99.662487"><ele>4033</ele></trkpt>
      <trkpt lat="29.788966" lon="99.662401"><ele>4034</ele></trkpt>
      <trkpt lat="29.788925" lon="99.662495"><ele>4035</ele></trkpt>
      <trkpt lat="29.788836" lon="99.662512"><ele>4034</ele></trkpt>
      <trkpt lat="29.78876" lon="99.662585"><ele>4037</ele></trkpt>
      <trkpt lat="29.788577" lon="99.662631"><ele>4035</ele></trkpt>
      <trkpt lat="29.788483" lon="99.662618"><ele>4037</ele></trkpt>
      <trkpt lat="29.788385" lon="99.66257"><ele>4037</ele></trkpt>
      <trkpt lat="29.788297" lon="99.662599"><ele>4038</ele></trkpt>
      <trkpt lat="29.788205" lon="99.662589"><ele>4042</ele></trkpt>
      <trkpt lat="29.788113" lon="99.6626"><ele>4037</ele></trkpt>
      <trkpt lat="29.788196" lon="99.66256"><ele>4036</ele></trkpt>
      <trkpt lat="29.788128" lon="99.662637"><ele>4036</ele></trkpt>
      <trkpt lat="29.788036" lon="99.662597"><ele>4038</ele></trkpt>
      <trkpt lat="29.787956" lon="99.662545"><ele>4039</ele></trkpt>
      <trkpt lat="29.787859" lon="99.662526"><ele>4041</ele></trkpt>
      <trkpt lat="29.787781" lon="99.662585"><ele>4039</ele></trkpt>
      <trkpt lat="29.787689" lon="99.662572"><ele>4039</ele></trkpt>
      <trkpt lat="29.78762" lon="99.66264"><ele>4038</ele></trkpt>
      <trkpt lat="29.787526" lon="99.662661"><ele>4036</ele></trkpt>
      <trkpt lat="29.787347" lon="99.662581"><ele>4037</ele></trkpt>
      <trkpt lat="29.787253" lon="99.662586"><ele>4036</ele></trkpt>
      <trkpt lat="29.787166" lon="99.662622"><ele>4035</ele></trkpt>
      <trkpt lat="29.786878" lon="99.662586"><ele>4034</ele></trkpt>
      <trkpt lat="29.786789" lon="99.662563"><ele>4033</ele></trkpt>
      <trkpt lat="29.786698" lon="99.662566"><ele>4038</ele></trkpt>
      <trkpt lat="29.786607" lon="99.662603"><ele>4038</ele></trkpt>
      <trkpt lat="29.786543" lon="99.662684"><ele>4037</ele></trkpt>
      <trkpt lat="29.786443" lon="99.662719"><ele>4037</ele></trkpt>
      <trkpt lat="29.786185" lon="99.662867"><ele>4039</ele></trkpt>
      <trkpt lat="29.78609" lon="99.662877"><ele>4042</ele></trkpt>
      <trkpt lat="29.786026" lon="99.662958"><ele>4042</ele></trkpt>
      <trkpt lat="29.785934" lon="99.662963"><ele>4042</ele></trkpt>
      <trkpt lat="29.78585" lon="99.662921"><ele>4044</ele></trkpt>
      <trkpt lat="29.785762" lon="99.662895"><ele>4053</ele></trkpt>
      <trkpt lat="29.785672" lon="99.662923"><ele>4053</ele></trkpt>
      <trkpt lat="29.785659" lon="99.663039"><ele>4053</ele></trkpt>
      <trkpt lat="29.78553" lon="99.66334"><ele>4058</ele></trkpt>
      <trkpt lat="29.785511" lon="99.663445"><ele>4060</ele></trkpt>
      <trkpt lat="29.785473" lon="99.66354"><ele>4058</ele></trkpt>
      <trkpt lat="29.785473" lon="99.663644"><ele>4066</ele></trkpt>
      <trkpt lat="29.785444" lon="99.663746"><ele>4066</ele></trkpt>
      <trkpt lat="29.785436" lon="99.663849"><ele>4068</ele></trkpt>
      <trkpt lat="29.785405" lon="99.663952"><ele>4066</ele></trkpt>
      <trkpt lat="29.785362" lon="99.664163"><ele>4069</ele></trkpt>
      <trkpt lat="29.785316" lon="99.664257"><ele>4071</ele></trkpt>
      <trkpt lat="29.78523" lon="99.664299"><ele>4071</ele></trkpt>
      <trkpt lat="29.785136" lon="99.664324"><ele>4073</ele></trkpt>
      <trkpt lat="29.785044" lon="99.664336"><ele>4073</ele></trkpt>
      <trkpt lat="29.784948" lon="99.664316"><ele>4074</ele></trkpt>
      <trkpt lat="29.784856" lon="99.664323"><ele>4075</ele></trkpt>
      <trkpt lat="29.78484" lon="99.664216"><ele>4075</ele></trkpt>
      <trkpt lat="29.784561" lon="99.664239"><ele>4078</ele></trkpt>
      <trkpt lat="29.784473" lon="99.664271"><ele>4077</ele></trkpt>
      <trkpt lat="29.78441" lon="99.664181"><ele>4077</ele></trkpt>
      <trkpt lat="29.784321" lon="99.664202"><ele>4077</ele></trkpt>
      <trkpt lat="29.784132" lon="99.664168"><ele>4076</ele></trkpt>
      <trkpt lat="29.783947" lon="99.664104"><ele>4075</ele></trkpt>
      <trkpt lat="29.783856" lon="99.664084"><ele>4075</ele></trkpt>
      <trkpt lat="29.783775" lon="99.66402"><ele>4075</ele></trkpt>
      <trkpt lat="29.783596" lon="99.663986"><ele>4075</ele></trkpt>
      <trkpt lat="29.783407" lon="99.663975"><ele>4075</ele></trkpt>
      <trkpt lat="29.783312" lon="99.663953"><ele>4076</ele></trkpt>
      <trkpt lat="29.783222" lon="99.66391"><ele>4074</ele></trkpt>
      <trkpt lat="29.783036" lon="99.663888"><ele>4075</ele></trkpt>
      <trkpt lat="29.782745" lon="99.663882"><ele>4078</ele></trkpt>
      <trkpt lat="29.782653" lon="99.663909"><ele>4078</ele></trkpt>
      <trkpt lat="29.782569" lon="99.663958"><ele>4081</ele></trkpt>
      <trkpt lat="29.782204" lon="99.664028"><ele>4087</ele></trkpt>
      <trkpt lat="29.78202" lon="99.663967"><ele>4088</ele></trkpt>
      <trkpt lat="29.781924" lon="99.663967"><ele>4087</ele></trkpt>
      <trkpt lat="29.781837" lon="99.663932"><ele>4087</ele></trkpt>
      <trkpt lat="29.781751" lon="99.663885"><ele>4086</ele></trkpt>
      <trkpt lat="29.781695" lon="99.663803"><ele>4085</ele></trkpt>
      <trkpt lat="29.781602" lon="99.66379"><ele>4084</ele></trkpt>
      <trkpt lat="29.781508" lon="99.663805"><ele>4083</ele></trkpt>
      <trkpt lat="29.781429" lon="99.663743"><ele>4081</ele></trkpt>
      <trkpt lat="29.781342" lon="99.663716"><ele>4079</ele></trkpt>
      <trkpt lat="29.781272" lon="99.663644"><ele>4079</ele></trkpt>
      <trkpt lat="29.781178" lon="99.663622"><ele>4078</ele></trkpt>
      <trkpt lat="29.780899" lon="99.663584"><ele>4077</ele></trkpt>
      <trkpt lat="29.780715" lon="99.663542"><ele>4074</ele></trkpt>
      <trkpt lat="29.78053" lon="99.663485"><ele>4074</ele></trkpt>
      <trkpt lat="29.780442" lon="99.663439"><ele>4074</ele></trkpt>
      <trkpt lat="29.780247" lon="99.663449"><ele>4074</ele></trkpt>
      <trkpt lat="29.780156" lon="99.663388"><ele>4070</ele></trkpt>
      <trkpt lat="29.780056" lon="99.663191"><ele>4065</ele></trkpt>
      <trkpt lat="29.780015" lon="99.663097"><ele>4064</ele></trkpt>
      <trkpt lat="29.779983" lon="99.662994"><ele>4064</ele></trkpt>
      <trkpt lat="29.779798" lon="99.662926"><ele>4064</ele></trkpt>
      <trkpt lat="29.779702" lon="99.662902"><ele>4064</ele></trkpt>
      <trkpt lat="29.779527" lon="99.662826"><ele>4064</ele></trkpt>
      <trkpt lat="29.779451" lon="99.662757"><ele>4064</ele></trkpt>
      <trkpt lat="29.77928" lon="99.662665"><ele>4062</ele></trkpt>
      <trkpt lat="29.779185" lon="99.66262"><ele>4063</ele></trkpt>
      <trkpt lat="29.778994" lon="99.662567"><ele>4063</ele></trkpt>
      <trkpt lat="29.778908" lon="99.662534"><ele>4064</ele></trkpt>
      <trkpt lat="29.778555" lon="99.662347"><ele>4062</ele></trkpt>
      <trkpt lat="29.77841" lon="99.662217"><ele>4063</ele></trkpt>
      <trkpt lat="29.77835" lon="99.662136"><ele>4062</ele></trkpt>
      <trkpt lat="29.778212" lon="99.661987"><ele>4063</ele></trkpt>
      <trkpt lat="29.778061" lon="99.661842"><ele>4065</ele></trkpt>
      <trkpt lat="29.777902" lon="99.661723"><ele>4066</ele></trkpt>
      <trkpt lat="29.777816" lon="99.661683"><ele>4066</ele></trkpt>
      <trkpt lat="29.777765" lon="99.661593"><ele>4066</ele></trkpt>
      <trkpt lat="29.777675" lon="99.661549"><ele>4065</ele></trkpt>
      <trkpt lat="29.777605" lon="99.661471"><ele>4065</ele></trkpt>
      <trkpt lat="29.777445" lon="99.661356"><ele>4065</ele></trkpt>
      <trkpt lat="29.77735" lon="99.661343"><ele>4065</ele></trkpt>
      <trkpt lat="29.777268" lon="99.661298"><ele>4065</ele></trkpt>
      <trkpt lat="29.777172" lon="99.661301"><ele>4066</ele></trkpt>
      <trkpt lat="29.777077" lon="99.661276"><ele>4066</ele></trkpt>
      <trkpt lat="29.777001" lon="99.661211"><ele>4066</ele></trkpt>
      <trkpt lat="29.776838" lon="99.661098"><ele>4067</ele></trkpt>
      <trkpt lat="29.776755" lon="99.661054"><ele>4067</ele></trkpt>
      <trkpt lat="29.776658" lon="99.661035"><ele>4066</ele></trkpt>
      <trkpt lat="29.776578" lon="99.660977"><ele>4067</ele></trkpt>
      <trkpt lat="29.776487" lon="99.660956"><ele>4066</ele></trkpt>
      <trkpt lat="29.776406" lon="99.660902"><ele>4065</ele></trkpt>
      <trkpt lat="29.776313" lon="99.660891"><ele>4065</ele></trkpt>
      <trkpt lat="29.776268" lon="99.660797"><ele>4065</ele></trkpt>
      <trkpt lat="29.776077" lon="99.660792"><ele>4066</ele></trkpt>
      <trkpt lat="29.776002" lon="99.660724"><ele>4067</ele></trkpt>
      <trkpt lat="29.775916" lon="99.660683"><ele>4066</ele></trkpt>
      <trkpt lat="29.775819" lon="99.660677"><ele>4065</ele></trkpt>
      <trkpt lat="29.775751" lon="99.660603"><ele>4065</ele></trkpt>
      <trkpt lat="29.775652" lon="99.660611"><ele>4065</ele></trkpt>
      <trkpt lat="29.775555" lon="99.66063"><ele>4065</ele></trkpt>
      <trkpt lat="29.775465" lon="99.660663"><ele>4065</ele></trkpt>
      <trkpt lat="29.77537" lon="99.660673"><ele>4065</ele></trkpt>
      <trkpt lat="29.775283" lon="99.660638"><ele>4065</ele></trkpt>
      <trkpt lat="29.775214" lon="99.660568"><ele>4065</ele></trkpt>
      <trkpt lat="29.775135" lon="99.660505"><ele>4066</ele></trkpt>
      <trkpt lat="29.774874" lon="99.66037"><ele>4067</ele></trkpt>
      <trkpt lat="29.774797" lon="99.660305"><ele>4067</ele></trkpt>
      <trkpt lat="29.774627" lon="99.660205"><ele>4069</ele></trkpt>
      <trkpt lat="29.774402" lon="99.660022"><ele>4071</ele></trkpt>
      <trkpt lat="29.774065" lon="99.65983"><ele>4072</ele></trkpt>
      <trkpt lat="29.773898" lon="99.659707"><ele>4073</ele></trkpt>
      <trkpt lat="29.773631" lon="99.659579"><ele>4074</ele></trkpt>
      <trkpt lat="29.773541" lon="99.65955"><ele>4075</ele></trkpt>
      <trkpt lat="29.773457" lon="99.659496"><ele>4074</ele></trkpt>
      <trkpt lat="29.77319" lon="99.659389"><ele>4076</ele></trkpt>
      <trkpt lat="29.773053" lon="99.659246"><ele>4075</ele></trkpt>
      <trkpt lat="29.772789" lon="99.659115"><ele>4074</ele></trkpt>
      <trkpt lat="29.7727" lon="99.659059"><ele>4076</ele></trkpt>
      <trkpt lat="29.772622" lon="99.658988"><ele>4075</ele></trkpt>
      <trkpt lat="29.772531" lon="99.658968"><ele>4077</ele></trkpt>
      <trkpt lat="29.772354" lon="99.658873"><ele>4077</ele></trkpt>
      <trkpt lat="29.772267" lon="99.658848"><ele>4077</ele></trkpt>
      <trkpt lat="29.77231" lon="99.658752"><ele>4079</ele></trkpt>
      <trkpt lat="29.772213" lon="99.658764"><ele>4078</ele></trkpt>
      <trkpt lat="29.772051" lon="99.65864"><ele>4079</ele></trkpt>
      <trkpt lat="29.771977" lon="99.658576"><ele>4079</ele></trkpt>
      <trkpt lat="29.77191" lon="99.658501"><ele>4079</ele></trkpt>
      <trkpt lat="29.771827" lon="99.658449"><ele>4081</ele></trkpt>
      <trkpt lat="29.771672" lon="99.658325"><ele>4082</ele></trkpt>
      <trkpt lat="29.771539" lon="99.658171"><ele>4083</ele></trkpt>
      <trkpt lat="29.771458" lon="99.658108"><ele>4083</ele></trkpt>
      <trkpt lat="29.771362" lon="99.658089"><ele>4084</ele></trkpt>
      <trkpt lat="29.771294" lon="99.658015"><ele>4085</ele></trkpt>
      <trkpt lat="29.771235" lon="99.657934"><ele>4083</ele></trkpt>
      <trkpt lat="29.771159" lon="99.657862"><ele>4083</ele></trkpt>
      <trkpt lat="29.771067" lon="99.65782"><ele>4083</ele></trkpt>
      <trkpt lat="29.770989" lon="99.657757"><ele>4084</ele></trkpt>
      <trkpt lat="29.770828" lon="99.657659"><ele>4085</ele></trkpt>
      <trkpt lat="29.770768" lon="99.657577"><ele>4087</ele></trkpt>
      <trkpt lat="29.770701" lon="99.657507"><ele>4086</ele></trkpt>
      <trkpt lat="29.770615" lon="99.657448"><ele>4086</ele></trkpt>
      <trkpt lat="29.77054" lon="99.657369"><ele>4086</ele></trkpt>
      <trkpt lat="29.770358" lon="99.657314"><ele>4086</ele></trkpt>
      <trkpt lat="29.770289" lon="99.657246"><ele>4085</ele></trkpt>
      <trkpt lat="29.7702" lon="99.657208"><ele>4086</ele></trkpt>
      <trkpt lat="29.769928" lon="99.657131"><ele>4087</ele></trkpt>
      <trkpt lat="29.769832" lon="99.657114"><ele>4088</ele></trkpt>
      <trkpt lat="29.769761" lon="99.657047"><ele>4089</ele></trkpt>
      <trkpt lat="29.769673" lon="99.657009"><ele>4087</ele></trkpt>
      <trkpt lat="29.769486" lon="99.657038"><ele>4089</ele></trkpt>
      <trkpt lat="29.769308" lon="99.656972"><ele>4091</ele></trkpt>
      <trkpt lat="29.769213" lon="99.656951"><ele>4091</ele></trkpt>
      <trkpt lat="29.769029" lon="99.656874"><ele>4091</ele></trkpt>
      <trkpt lat="29.768942" lon="99.65682"><ele>4091</ele></trkpt>
      <trkpt lat="29.768678" lon="99.656707"><ele>4094</ele></trkpt>
      <trkpt lat="29.768584" lon="99.656681"><ele>4093</ele></trkpt>
      <trkpt lat="29.7684" lon="99.656692"><ele>4095</ele></trkpt>
      <trkpt lat="29.768319" lon="99.656641"><ele>4095</ele></trkpt>
      <trkpt lat="29.768235" lon="99.656604"><ele>4096</ele></trkpt>
      <trkpt lat="29.767955" lon="99.656569"><ele>4099</ele></trkpt>
      <trkpt lat="29.767683" lon="99.656489"><ele>4099</ele></trkpt>
      <trkpt lat="29.767595" lon="99.65645"><ele>4100</ele></trkpt>
      <trkpt lat="29.7675" lon="99.656444"><ele>4101</ele></trkpt>
      <trkpt lat="29.767407" lon="99.656456"><ele>4104</ele></trkpt>
      <trkpt lat="29.767225" lon="99.656404"><ele>4104</ele></trkpt>
      <trkpt lat="29.767076" lon="99.656263"><ele>4103</ele></trkpt>
      <trkpt lat="29.766817" lon="99.656144"><ele>4105</ele></trkpt>
      <trkpt lat="29.766736" lon="99.656086"><ele>4106</ele></trkpt>
      <trkpt lat="29.766546" lon="99.656051"><ele>4106</ele></trkpt>
      <trkpt lat="29.766371" lon="99.655967"><ele>4108</ele></trkpt>
      <trkpt lat="29.766276" lon="99.655958"><ele>4108</ele></trkpt>
      <trkpt lat="29.766182" lon="99.655913"><ele>4107</ele></trkpt>
      <trkpt lat="29.766087" lon="99.655883"><ele>4108</ele></trkpt>
      <trkpt lat="29.765927" lon="99.655778"><ele>4109</ele></trkpt>
      <trkpt lat="29.765871" lon="99.655689"><ele>4108</ele></trkpt>
      <trkpt lat="29.765776" lon="99.655499"><ele>4110</ele></trkpt>
      <trkpt lat="29.765721" lon="99.655409"><ele>4109</ele></trkpt>
      <trkpt lat="29.765585" lon="99.655264"><ele>4112</ele></trkpt>
      <trkpt lat="29.76551" lon="99.655201"><ele>4111</ele></trkpt>
      <trkpt lat="29.765455" lon="99.655117"><ele>4111</ele></trkpt>
      <trkpt lat="29.765408" lon="99.655019"><ele>4112</ele></trkpt>
      <trkpt lat="29.765355" lon="99.654933"><ele>4112</ele></trkpt>
      <trkpt lat="29.765229" lon="99.65477"><ele>4113</ele></trkpt>
      <trkpt lat="29.765141" lon="99.654582"><ele>4115</ele></trkpt>
      <trkpt lat="29.765064" lon="99.654382"><ele>4117</ele></trkpt>
      <trkpt lat="29.76501" lon="99.654288"><ele>4118</ele></trkpt>
      <trkpt lat="29.764852" lon="99.654166"><ele>4121</ele></trkpt>
      <trkpt lat="29.764786" lon="99.654089"><ele>4123</ele></trkpt>
      <trkpt lat="29.76474" lon="99.653995"><ele>4123</ele></trkpt>
      <trkpt lat="29.764683" lon="99.653914"><ele>4124</ele></trkpt>
      <trkpt lat="29.764584" lon="99.653729"><ele>4126</ele></trkpt>
      <trkpt lat="29.764524" lon="99.653643"><ele>4127</ele></trkpt>
      <trkpt lat="29.764476" lon="99.653555"><ele>4127</ele></trkpt>
      <trkpt lat="29.764398" lon="99.653499"><ele>4127</ele></trkpt>
      <trkpt lat="29.764335" lon="99.653413"><ele>4125</ele></trkpt>
      <trkpt lat="29.7643" lon="99.653317"><ele>4124</ele></trkpt>
      <trkpt lat="29.76425" lon="99.653217"><ele>4124</ele></trkpt>
      <trkpt lat="29.764159" lon="99.653158"><ele>4122</ele></trkpt>
      <trkpt lat="29.76407" lon="99.653121"><ele>4122</ele></trkpt>
      <trkpt lat="29.763972" lon="99.653093"><ele>4121</ele></trkpt>
      <trkpt lat="29.763896" lon="99.653037"><ele>4119</ele></trkpt>
      <trkpt lat="29.763765" lon="99.652879"><ele>4119</ele></trkpt>
      <trkpt lat="29.763676" lon="99.652831"><ele>4119</ele></trkpt>
      <trkpt lat="29.763591" lon="99.652772"><ele>4117</ele></trkpt>
      <trkpt lat="29.763537" lon="99.652681"><ele>4118</ele></trkpt>
      <trkpt lat="29.763466" lon="99.652602"><ele>4119</ele></trkpt>
      <trkpt lat="29.763385" lon="99.652539"><ele>4119</ele></trkpt>
      <trkpt lat="29.763309" lon="99.652463"><ele>4119</ele></trkpt>
      <trkpt lat="29.763223" lon="99.652416"><ele>4119</ele></trkpt>
      <trkpt lat="29.763074" lon="99.652281"><ele>4120</ele></trkpt>
      <trkpt lat="29.762914" lon="99.652162"><ele>4116</ele></trkpt>
      <trkpt lat="29.762778" lon="99.652019"><ele>4116</ele></trkpt>
      <trkpt lat="29.762694" lon="99.651967"><ele>4117</ele></trkpt>
      <trkpt lat="29.762569" lon="99.651797"><ele>4117</ele></trkpt>
      <trkpt lat="29.762438" lon="99.651643"><ele>4117</ele></trkpt>
      <trkpt lat="29.762298" lon="99.65151"><ele>4117</ele></trkpt>
      <trkpt lat="29.762258" lon="99.651412"><ele>4118</ele></trkpt>
      <trkpt lat="29.762198" lon="99.651319"><ele>4118</ele></trkpt>
      <trkpt lat="29.762096" lon="99.651127"><ele>4116</ele></trkpt>
      <trkpt lat="29.762073" lon="99.651015"><ele>4114</ele></trkpt>
      <trkpt lat="29.762065" lon="99.650908"><ele>4114</ele></trkpt>
      <trkpt lat="29.762021" lon="99.650806"><ele>4116</ele></trkpt>
      <trkpt lat="29.761996" lon="99.650698"><ele>4117</ele></trkpt>
      <trkpt lat="29.761889" lon="99.650516"><ele>4115</ele></trkpt>
      <trkpt lat="29.761827" lon="99.650431"><ele>4115</ele></trkpt>
      <trkpt lat="29.761662" lon="99.650327"><ele>4112</ele></trkpt>
      <trkpt lat="29.761484" lon="99.650273"><ele>4114</ele></trkpt>
      <trkpt lat="29.761409" lon="99.65021"><ele>4115</ele></trkpt>
      <trkpt lat="29.761356" lon="99.650118"><ele>4117</ele></trkpt>
      <trkpt lat="29.761164" lon="99.649896"><ele>4118</ele></trkpt>
      <trkpt lat="29.761119" lon="99.649793"><ele>4115</ele></trkpt>
      <trkpt lat="29.760922" lon="99.649542"><ele>4116</ele></trkpt>
      <trkpt lat="29.76085" lon="99.649473"><ele>4117</ele></trkpt>
      <trkpt lat="29.760763" lon="99.649518"><ele>4116</ele></trkpt>
      <trkpt lat="29.76067" lon="99.649522"><ele>4117</ele></trkpt>
      <trkpt lat="29.760576" lon="99.649539"><ele>4117</ele></trkpt>
      <trkpt lat="29.760604" lon="99.649432"><ele>4114</ele></trkpt>
      <trkpt lat="29.76065" lon="99.649341"><ele>4114</ele></trkpt>
      <trkpt lat="29.760487" lon="99.649227"><ele>4113</ele></trkpt>
      <trkpt lat="29.760453" lon="99.64913"><ele>4110</ele></trkpt>
      <trkpt lat="29.760402" lon="99.649041"><ele>4108</ele></trkpt>
      <trkpt lat="29.760434" lon="99.648945"><ele>4103</ele></trkpt>
      <trkpt lat="29.760519" lon="99.648895"><ele>4101</ele></trkpt>
      <trkpt lat="29.760587" lon="99.648826"><ele>4100</ele></trkpt>
      <trkpt lat="29.760681" lon="99.648642"><ele>4097</ele></trkpt>
      <trkpt lat="29.760676" lon="99.648539"><ele>4096</ele></trkpt>
      <trkpt lat="29.760627" lon="99.648451"><ele>4091</ele></trkpt>
      <trkpt lat="29.760639" lon="99.648343"><ele>4088</ele></trkpt>
      <trkpt lat="29.760617" lon="99.648241"><ele>4085</ele></trkpt>
      <trkpt lat="29.760573" lon="99.648143"><ele>4085</ele></trkpt>
      <trkpt lat="29.760516" lon="99.648059"><ele>4083</ele></trkpt>
      <trkpt lat="29.760486" lon="99.647957"><ele>4083</ele></trkpt>
      <trkpt lat="29.760391" lon="99.647916"><ele>4083</ele></trkpt>
      <trkpt lat="29.760204" lon="99.647862"><ele>4082</ele></trkpt>
      <trkpt lat="29.76011" lon="99.647844"><ele>4081</ele></trkpt>
      <trkpt lat="29.760019" lon="99.64786"><ele>4080</ele></trkpt>
      <trkpt lat="29.759928" lon="99.647901"><ele>4077</ele></trkpt>
      <trkpt lat="29.759843" lon="99.647956"><ele>4075</ele></trkpt>
      <trkpt lat="29.759753" lon="99.647985"><ele>4074</ele></trkpt>
      <trkpt lat="29.759558" lon="99.64802"><ele>4071</ele></trkpt>
      <trkpt lat="29.759463" lon="99.648028"><ele>4070</ele></trkpt>
      <trkpt lat="29.759181" lon="99.648013"><ele>4065</ele></trkpt>
      <trkpt lat="29.759086" lon="99.64802"><ele>4065</ele></trkpt>
      <trkpt lat="29.758999" lon="99.648053"><ele>4065</ele></trkpt>
      <trkpt lat="29.758908" lon="99.648075"><ele>4062</ele></trkpt>
      <trkpt lat="29.758814" lon="99.648047"><ele>4062</ele></trkpt>
      <trkpt lat="29.758538" lon="99.647993"><ele>4059</ele></trkpt>
      <trkpt lat="29.758291" lon="99.647836"><ele>4056</ele></trkpt>
      <trkpt lat="29.758235" lon="99.647755"><ele>4056</ele></trkpt>
      <trkpt lat="29.758212" lon="99.647643"><ele>4055</ele></trkpt>
      <trkpt lat="29.758206" lon="99.647534"><ele>4054</ele></trkpt>
      <trkpt lat="29.758122" lon="99.647336"><ele>4052</ele></trkpt>
      <trkpt lat="29.758045" lon="99.647267"><ele>4051</ele></trkpt>
      <trkpt lat="29.757879" lon="99.647006"><ele>4052</ele></trkpt>
      <trkpt lat="29.757816" lon="99.646925"><ele>4052</ele></trkpt>
      <trkpt lat="29.757721" lon="99.646738"><ele>4050</ele></trkpt>
      <trkpt lat="29.757681" lon="99.64664"><ele>4051</ele></trkpt>
      <trkpt lat="29.75767" lon="99.646524"><ele>4050</ele></trkpt>
      <trkpt lat="29.757575" lon="99.646528"><ele>4050</ele></trkpt>
      <trkpt lat="29.757395" lon="99.646468"><ele>4052</ele></trkpt>
      <trkpt lat="29.757108" lon="99.646469"><ele>4058</ele></trkpt>
      <trkpt lat="29.757017" lon="99.646458"><ele>4059</ele></trkpt>
      <trkpt lat="29.756942" lon="99.646521"><ele>4061</ele></trkpt>
      <trkpt lat="29.756848" lon="99.646553"><ele>4063</ele></trkpt>
      <trkpt lat="29.756759" lon="99.6466"><ele>4064</ele></trkpt>
      <trkpt lat="29.756668" lon="99.646572"><ele>4066</ele></trkpt>
      <trkpt lat="29.756638" lon="99.64647"><ele>4063</ele></trkpt>
      <trkpt lat="29.756703" lon="99.646396"><ele>4063</ele></trkpt>
      <trkpt lat="29.756737" lon="99.646297"><ele>4064</ele></trkpt>
      <trkpt lat="29.756651" lon="99.646261"><ele>4065</ele></trkpt>
      <trkpt lat="29.756572" lon="99.646211"><ele>4065</ele></trkpt>
      <trkpt lat="29.756476" lon="99.646186"><ele>4065</ele></trkpt>
      <trkpt lat="29.756287" lon="99.646164"><ele>4064</ele></trkpt>
      <trkpt lat="29.7562" lon="99.64612"><ele>4064</ele></trkpt>
      <trkpt lat="29.756109" lon="99.646091"><ele>4064</ele></trkpt>
      <trkpt lat="29.755843" lon="99.645982"><ele>4067</ele></trkpt>
      <trkpt lat="29.755656" lon="99.645947"><ele>4068</ele></trkpt>
      <trkpt lat="29.755472" lon="99.645935"><ele>4069</ele></trkpt>
      <trkpt lat="29.755292" lon="99.645879"><ele>4069</ele></trkpt>
      <trkpt lat="29.755201" lon="99.645862"><ele>4068</ele></trkpt>
      <trkpt lat="29.755121" lon="99.645806"><ele>4070</ele></trkpt>
      <trkpt lat="29.75495" lon="99.64572"><ele>4071</ele></trkpt>
      <trkpt lat="29.754864" lon="99.645687"><ele>4073</ele></trkpt>
      <trkpt lat="29.754782" lon="99.645633"><ele>4073</ele></trkpt>
      <trkpt lat="29.754688" lon="99.645622"><ele>4073</ele></trkpt>
      <trkpt lat="29.754598" lon="99.645597"><ele>4076</ele></trkpt>
      <trkpt lat="29.754441" lon="99.645473"><ele>4079</ele></trkpt>
      <trkpt lat="29.754342" lon="99.645468"><ele>4082</ele></trkpt>
      <trkpt lat="29.754259" lon="99.645427"><ele>4083</ele></trkpt>
      <trkpt lat="29.754108" lon="99.645301"><ele>4088</ele></trkpt>
      <trkpt lat="29.753967" lon="99.645163"><ele>4089</ele></trkpt>
      <trkpt lat="29.753878" lon="99.645112"><ele>4092</ele></trkpt>
      <trkpt lat="29.753836" lon="99.645016"><ele>4095</ele></trkpt>
      <trkpt lat="29.753779" lon="99.644936"><ele>4096</ele></trkpt>
      <trkpt lat="29.753627" lon="99.644668"><ele>4096</ele></trkpt>
      <trkpt lat="29.753601" lon="99.644565"><ele>4094</ele></trkpt>
      <trkpt lat="29.753475" lon="99.644268"><ele>4094</ele></trkpt>
      <trkpt lat="29.753412" lon="99.64417"><ele>4093</ele></trkpt>
      <trkpt lat="29.753265" lon="99.644031"><ele>4096</ele></trkpt>
      <trkpt lat="29.753102" lon="99.643925"><ele>4101</ele></trkpt>
      <trkpt lat="29.753016" lon="99.64389"><ele>4101</ele></trkpt>
      <trkpt lat="29.752858" lon="99.643773"><ele>4103</ele></trkpt>
      <trkpt lat="29.752769" lon="99.643734"><ele>4105</ele></trkpt>
      <trkpt lat="29.752675" lon="99.643736"><ele>4107</ele></trkpt>
      <trkpt lat="29.752582" lon="99.64371"><ele>4109</ele></trkpt>
      <trkpt lat="29.752495" lon="99.643661"><ele>4109</ele></trkpt>
      <trkpt lat="29.752265" lon="99.643469"><ele>4112</ele></trkpt>
      <trkpt lat="29.752184" lon="99.643419"><ele>4112</ele></trkpt>
      <trkpt lat="29.752118" lon="99.643342"><ele>4113</ele></trkpt>
      <trkpt lat="29.751881" lon="99.643156"><ele>4117</ele></trkpt>
      <trkpt lat="29.751642" lon="99.64298"><ele>4120</ele></trkpt>
      <trkpt lat="29.751569" lon="99.642917"><ele>4119</ele></trkpt>
      <trkpt lat="29.751483" lon="99.642873"><ele>4122</ele></trkpt>
      <trkpt lat="29.751192" lon="99.642591"><ele>4122</ele></trkpt>
      <trkpt lat="29.751036" lon="99.642469"><ele>4122</ele></trkpt>
      <trkpt lat="29.750966" lon="99.642394"><ele>4123</ele></trkpt>
      <trkpt lat="29.750816" lon="99.642263"><ele>4122</ele></trkpt>
      <trkpt lat="29.750577" lon="99.642088"><ele>4123</ele></trkpt>
      <trkpt lat="29.750503" lon="99.642018"><ele>4121</ele></trkpt>
      <trkpt lat="29.750442" lon="99.641938"><ele>4122</ele></trkpt>
      <trkpt lat="29.750356" lon="99.641907"><ele>4122</ele></trkpt>
      <trkpt lat="29.750182" lon="99.641821"><ele>4120</ele></trkpt>
      <trkpt lat="29.750124" lon="99.641736"><ele>4115</ele></trkpt>
      <trkpt lat="29.750079" lon="99.641646"><ele>4120</ele></trkpt>
      <trkpt lat="29.750004" lon="99.641581"><ele>4119</ele></trkpt>
      <trkpt lat="29.749913" lon="99.64139"><ele>4120</ele></trkpt>
      <trkpt lat="29.749879" lon="99.641287"><ele>4120</ele></trkpt>
      <trkpt lat="29.749762" lon="99.641124"><ele>4113</ele></trkpt>
      <trkpt lat="29.749737" lon="99.641024"><ele>4114</ele></trkpt>
      <trkpt lat="29.749663" lon="99.640957"><ele>4114</ele></trkpt>
      <trkpt lat="29.74966" lon="99.640849"><ele>4114</ele></trkpt>
      <trkpt lat="29.749627" lon="99.640746"><ele>4113</ele></trkpt>
      <trkpt lat="29.749548" lon="99.640686"><ele>4114</ele></trkpt>
      <trkpt lat="29.749476" lon="99.640606"><ele>4115</ele></trkpt>
      <trkpt lat="29.749417" lon="99.640516"><ele>4115</ele></trkpt>
      <trkpt lat="29.749327" lon="99.640198"><ele>4115</ele></trkpt>
      <trkpt lat="29.749265" lon="99.64012"><ele>4115</ele></trkpt>
      <trkpt lat="29.749187" lon="99.64005"><ele>4114</ele></trkpt>
      <trkpt lat="29.749099" lon="99.640021"><ele>4111</ele></trkpt>
      <trkpt lat="29.74902" lon="99.639971"><ele>4111</ele></trkpt>
      <trkpt lat="29.74899" lon="99.63987"><ele>4110</ele></trkpt>
      <trkpt lat="29.74895" lon="99.639774"><ele>4107</ele></trkpt>
      <trkpt lat="29.748998" lon="99.639561"><ele>4104</ele></trkpt>
      <trkpt lat="29.74894" lon="99.639478"><ele>4101</ele></trkpt>
      <trkpt lat="29.748848" lon="99.639474"><ele>4102</ele></trkpt>
      <trkpt lat="29.748662" lon="99.639398"><ele>4098</ele></trkpt>
      <trkpt lat="29.748595" lon="99.639315"><ele>4097</ele></trkpt>
      <trkpt lat="29.7486" lon="99.639208"><ele>4098</ele></trkpt>
      <trkpt lat="29.748691" lon="99.639168"><ele>4094</ele></trkpt>
      <trkpt lat="29.74878" lon="99.639141"><ele>4089</ele></trkpt>
      <trkpt lat="29.74885" lon="99.639074"><ele>4085</ele></trkpt>
      <trkpt lat="29.749008" lon="99.63896"><ele>4081</ele></trkpt>
      <trkpt lat="29.749062" lon="99.638871"><ele>4076</ele></trkpt>
      <trkpt lat="29.748897" lon="99.638747"><ele>4069</ele></trkpt>
      <trkpt lat="29.748824" lon="99.638678"><ele>4067</ele></trkpt>
      <trkpt lat="29.74878" lon="99.638585"><ele>4062</ele></trkpt>
      <trkpt lat="29.748789" lon="99.638481"><ele>4053</ele></trkpt>
      <trkpt lat="29.748808" lon="99.638378"><ele>4051</ele></trkpt>
      <trkpt lat="29.748856" lon="99.638275"><ele>4050</ele></trkpt>
      <trkpt lat="29.748756" lon="99.638247"><ele>4048</ele></trkpt>
      <trkpt lat="29.748674" lon="99.63819"><ele>4048</ele></trkpt>
      <trkpt lat="29.748629" lon="99.638091"><ele>4048</ele></trkpt>
      <trkpt lat="29.748671" lon="99.63799"><ele>4038</ele></trkpt>
      <trkpt lat="29.74855" lon="99.637819"><ele>4030</ele></trkpt>
      <trkpt lat="29.748504" lon="99.637729"><ele>4026</ele></trkpt>
      <trkpt lat="29.748419" lon="99.63767"><ele>4023</ele></trkpt>
      <trkpt lat="29.748352" lon="99.637582"><ele>4021</ele></trkpt>
      <trkpt lat="29.748158" lon="99.637568"><ele>4019</ele></trkpt>
      <trkpt lat="29.748059" lon="99.637577"><ele>4019</ele></trkpt>
      <trkpt lat="29.747965" lon="99.637553"><ele>4017</ele></trkpt>
      <trkpt lat="29.747863" lon="99.637566"><ele>4016</ele></trkpt>
      <trkpt lat="29.747762" lon="99.637554"><ele>4013</ele></trkpt>
      <trkpt lat="29.747667" lon="99.63753"><ele>4012</ele></trkpt>
      <trkpt lat="29.747663" lon="99.63742"><ele>4006</ele></trkpt>
      <trkpt lat="29.747735" lon="99.637354"><ele>4003</ele></trkpt>
      <trkpt lat="29.747821" lon="99.637295"><ele>4001</ele></trkpt>
      <trkpt lat="29.747817" lon="99.637175"><ele>4004</ele></trkpt>
      <trkpt lat="29.74772" lon="99.637132"><ele>4006</ele></trkpt>
      <trkpt lat="29.747632" lon="99.637075"><ele>4007</ele></trkpt>
      <trkpt lat="29.747447" lon="99.637004"><ele>4002</ele></trkpt>
      <trkpt lat="29.747272" lon="99.636898"><ele>4000</ele></trkpt>
      <trkpt lat="29.747187" lon="99.636935"><ele>4001</ele></trkpt>
      <trkpt lat="29.746895" lon="99.63694"><ele>3999</ele></trkpt>
      <trkpt lat="29.746806" lon="99.636997"><ele>3998</ele></trkpt>
      <trkpt lat="29.746707" lon="99.637025"><ele>3998</ele></trkpt>
      <trkpt lat="29.74652" lon="99.637058"><ele>3997</ele></trkpt>
      <trkpt lat="29.746429" lon="99.637057"><ele>3997</ele></trkpt>
      <trkpt lat="29.746332" lon="99.637103"><ele>3997</ele></trkpt>
      <trkpt lat="29.746242" lon="99.637113"><ele>3995</ele></trkpt>
      <trkpt lat="29.746165" lon="99.637188"><ele>3993</ele></trkpt>
      <trkpt lat="29.746075" lon="99.637171"><ele>3993</ele></trkpt>
      <trkpt lat="29.74601" lon="99.637246"><ele>3993</ele></trkpt>
      <trkpt lat="29.745961" lon="99.637334"><ele>3991</ele></trkpt>
      <trkpt lat="29.745882" lon="99.637401"><ele>3989</ele></trkpt>
      <trkpt lat="29.745785" lon="99.637415"><ele>3989</ele></trkpt>
      <trkpt lat="29.745696" lon="99.637445"><ele>3988</ele></trkpt>
      <trkpt lat="29.745608" lon="99.637504"><ele>3987</ele></trkpt>
      <trkpt lat="29.745546" lon="99.637584"><ele>3987</ele></trkpt>
      <trkpt lat="29.745276" lon="99.637719"><ele>3980</ele></trkpt>
      <trkpt lat="29.745118" lon="99.63784"><ele>3981</ele></trkpt>
      <trkpt lat="29.745028" lon="99.637895"><ele>3980</ele></trkpt>
      <trkpt lat="29.744939" lon="99.637936"><ele>3979</ele></trkpt>
      <trkpt lat="29.744773" lon="99.638044"><ele>3978</ele></trkpt>
      <trkpt lat="29.744684" lon="99.638083"><ele>3980</ele></trkpt>
      <trkpt lat="29.744603" lon="99.638022"><ele>3979</ele></trkpt>
      <trkpt lat="29.74456" lon="99.637926"><ele>3979</ele></trkpt>
      <trkpt lat="29.744397" lon="99.637639"><ele>3978</ele></trkpt>
      <trkpt lat="29.744358" lon="99.637534"><ele>3978</ele></trkpt>
      <trkpt lat="29.744294" lon="99.637446"><ele>3977</ele></trkpt>
      <trkpt lat="29.744164" lon="99.637293"><ele>3975</ele></trkpt>
      <trkpt lat="29.74412" lon="99.637196"><ele>3975</ele></trkpt>
      <trkpt lat="29.744095" lon="99.637087"><ele>3972</ele></trkpt>
      <trkpt lat="29.744028" lon="99.637001"><ele>3972</ele></trkpt>
      <trkpt lat="29.743986" lon="99.636908"><ele>3971</ele></trkpt>
      <trkpt lat="29.743958" lon="99.636804"><ele>3970</ele></trkpt>
      <trkpt lat="29.7439" lon="99.636711"><ele>3968</ele></trkpt>
      <trkpt lat="29.743817" lon="99.636657"><ele>3966</ele></trkpt>
      <trkpt lat="29.74377" lon="99.636556"><ele>3966</ele></trkpt>
      <trkpt lat="29.743738" lon="99.636452"><ele>3965</ele></trkpt>
      <trkpt lat="29.743686" lon="99.636332"><ele>3963</ele></trkpt>
      <trkpt lat="29.743611" lon="99.636251"><ele>3961</ele></trkpt>
      <trkpt lat="29.743556" lon="99.636162"><ele>3959</ele></trkpt>
      <trkpt lat="29.743531" lon="99.635945"><ele>3957</ele></trkpt>
      <trkpt lat="29.743546" lon="99.635833"><ele>3955</ele></trkpt>
      <trkpt lat="29.74351" lon="99.635729"><ele>3953</ele></trkpt>
      <trkpt lat="29.743233" lon="99.635453"><ele>3949</ele></trkpt>
      <trkpt lat="29.743142" lon="99.635443"><ele>3949</ele></trkpt>
      <trkpt lat="29.743056" lon="99.635404"><ele>3949</ele></trkpt>
      <trkpt lat="29.74297" lon="99.635351"><ele>3948</ele></trkpt>
      <trkpt lat="29.742892" lon="99.635287"><ele>3947</ele></trkpt>
      <trkpt lat="29.742764" lon="99.635136"><ele>3946</ele></trkpt>
      <trkpt lat="29.74262" lon="99.635"><ele>3946</ele></trkpt>
      <trkpt lat="29.742549" lon="99.634917"><ele>3945</ele></trkpt>
      <trkpt lat="29.742387" lon="99.634778"><ele>3944</ele></trkpt>
      <trkpt lat="29.742319" lon="99.634694"><ele>3944</ele></trkpt>
      <trkpt lat="29.742069" lon="99.634535"><ele>3941</ele></trkpt>
      <trkpt lat="29.741851" lon="99.634326"><ele>3941</ele></trkpt>
      <trkpt lat="29.741799" lon="99.634241"><ele>3942</ele></trkpt>
      <trkpt lat="29.741727" lon="99.634177"><ele>3939</ele></trkpt>
      <trkpt lat="29.741638" lon="99.634141"><ele>3938</ele></trkpt>
      <trkpt lat="29.74155" lon="99.634093"><ele>3937</ele></trkpt>
      <trkpt lat="29.741486" lon="99.634016"><ele>3937</ele></trkpt>
      <trkpt lat="29.741407" lon="99.633948"><ele>3935</ele></trkpt>
      <trkpt lat="29.741317" lon="99.6339"><ele>3934</ele></trkpt>
      <trkpt lat="29.74114" lon="99.633825"><ele>3932</ele></trkpt>
      <trkpt lat="29.74108" lon="99.633747"><ele>3931</ele></trkpt>
      <trkpt lat="29.740802" lon="99.633449"><ele>3928</ele></trkpt>
      <trkpt lat="29.740286" lon="99.633137"><ele>3925</ele></trkpt>
      <trkpt lat="29.740209" lon="99.633078"><ele>3925</ele></trkpt>
      <trkpt lat="29.740135" lon="99.632996"><ele>3925</ele></trkpt>
      <trkpt lat="29.740081" lon="99.632906"><ele>3924</ele></trkpt>
      <trkpt lat="29.740003" lon="99.632853"><ele>3921</ele></trkpt>
      <trkpt lat="29.739909" lon="99.632831"><ele>3919</ele></trkpt>
      <trkpt lat="29.739727" lon="99.632893"><ele>3915</ele></trkpt>
      <trkpt lat="29.739642" lon="99.632937"><ele>3911</ele></trkpt>
      <trkpt lat="29.739551" lon="99.632947"><ele>3908</ele></trkpt>
      <trkpt lat="29.739461" lon="99.632917"><ele>3905</ele></trkpt>
      <trkpt lat="29.73937" lon="99.632874"><ele>3904</ele></trkpt>
      <trkpt lat="29.739278" lon="99.632848"><ele>3901</ele></trkpt>
      <trkpt lat="29.739174" lon="99.63286"><ele>3897</ele></trkpt>
      <trkpt lat="29.739089" lon="99.632824"><ele>3898</ele></trkpt>
      <trkpt lat="29.738992" lon="99.63281"><ele>3896</ele></trkpt>
      <trkpt lat="29.73892" lon="99.632876"><ele>3893</ele></trkpt>
      <trkpt lat="29.738865" lon="99.632788"><ele>3893</ele></trkpt>
      <trkpt lat="29.738826" lon="99.632895"><ele>3890</ele></trkpt>
      <trkpt lat="29.738775" lon="99.632984"><ele>3888</ele></trkpt>
      <trkpt lat="29.738625" lon="99.633106"><ele>3888</ele></trkpt>
      <trkpt lat="29.738566" lon="99.633197"><ele>3886</ele></trkpt>
      <trkpt lat="29.738549" lon="99.633313"><ele>3885</ele></trkpt>
      <trkpt lat="29.738556" lon="99.633428"><ele>3885</ele></trkpt>
      <trkpt lat="29.738633" lon="99.633738"><ele>3882</ele></trkpt>
      <trkpt lat="29.738672" lon="99.633955"><ele>3883</ele></trkpt>
      <trkpt lat="29.738644" lon="99.634061"><ele>3885</ele></trkpt>
      <trkpt lat="29.738641" lon="99.634171"><ele>3887</ele></trkpt>
      <trkpt lat="29.73869" lon="99.634263"><ele>3888</ele></trkpt>
      <trkpt lat="29.738757" lon="99.634337"><ele>3886</ele></trkpt>
      <trkpt lat="29.738843" lon="99.634651"><ele>3890</ele></trkpt>
      <trkpt lat="29.738896" lon="99.634735"><ele>3889</ele></trkpt>
      <trkpt lat="29.738976" lon="99.634931"><ele>3890</ele></trkpt>
      <trkpt lat="29.739047" lon="99.635129"><ele>3892</ele></trkpt>
      <trkpt lat="29.73907" lon="99.635237"><ele>3893</ele></trkpt>
      <trkpt lat="29.73907" lon="99.635344"><ele>3893</ele></trkpt>
      <trkpt lat="29.739032" lon="99.635664"><ele>3895</ele></trkpt>
      <trkpt lat="29.738917" lon="99.635669"><ele>3898</ele></trkpt>
      <trkpt lat="29.738899" lon="99.635773"><ele>3898</ele></trkpt>
      <trkpt lat="29.738987" lon="99.636206"><ele>3899</ele></trkpt>
      <trkpt lat="29.739014" lon="99.636305"><ele>3898</ele></trkpt>
      <trkpt lat="29.739112" lon="99.636493"><ele>3898</ele></trkpt>
      <trkpt lat="29.73912" lon="99.636927"><ele>3897</ele></trkpt>
      <trkpt lat="29.739152" lon="99.637144"><ele>3898</ele></trkpt>
      <trkpt lat="29.739217" lon="99.637459"><ele>3899</ele></trkpt>
      <trkpt lat="29.739311" lon="99.637776"><ele>3902</ele></trkpt>
      <trkpt lat="29.739343" lon="99.637989"><ele>3899</ele></trkpt>
      <trkpt lat="29.739386" lon="99.638085"><ele>3899</ele></trkpt>
      <trkpt lat="29.739487" lon="99.63827"><ele>3898</ele></trkpt>
      <trkpt lat="29.739495" lon="99.638385"><ele>3894</ele></trkpt>
      <trkpt lat="29.739538" lon="99.638483"><ele>3897</ele></trkpt>
      <trkpt lat="29.739606" lon="99.638692"><ele>3901</ele></trkpt>
      <trkpt lat="29.739701" lon="99.638727"><ele>3900</ele></trkpt>
      <trkpt lat="29.739731" lon="99.638828"><ele>3899</ele></trkpt>
      <trkpt lat="29.73981" lon="99.639029"><ele>3898</ele></trkpt>
      <trkpt lat="29.739823" lon="99.639253"><ele>3898</ele></trkpt>
      <trkpt lat="29.739875" lon="99.639457"><ele>3898</ele></trkpt>
      <trkpt lat="29.739956" lon="99.639508"><ele>3898</ele></trkpt>
      <trkpt lat="29.740024" lon="99.639582"><ele>3898</ele></trkpt>
      <trkpt lat="29.739946" lon="99.639508"><ele>3900</ele></trkpt>
      <trkpt lat="29.739963" lon="99.639404"><ele>3901</ele></trkpt>
      <trkpt lat="29.739921" lon="99.639509"><ele>3901</ele></trkpt>
      <trkpt lat="29.739906" lon="99.639485"><ele>3899</ele></trkpt>
      <trkpt lat="29.739816" lon="99.639516"><ele>3899</ele></trkpt>
      <trkpt lat="29.739717" lon="99.639505"><ele>3899</ele></trkpt>
      <trkpt lat="29.739662" lon="99.639599"><ele>3898</ele></trkpt>
      <trkpt lat="29.739579" lon="99.63965"><ele>3898</ele></trkpt>
      <trkpt lat="29.739392" lon="99.63961"><ele>3898</ele></trkpt>
      <trkpt lat="29.7393" lon="99.639612"><ele>3898</ele></trkpt>
      <trkpt lat="29.739116" lon="99.639586"><ele>3899</ele></trkpt>
      <trkpt lat="29.739023" lon="99.639559"><ele>3898</ele></trkpt>
      <trkpt lat="29.738929" lon="99.639558"><ele>3899</ele></trkpt>
      <trkpt lat="29.738734" lon="99.639523"><ele>3900</ele></trkpt>
      <trkpt lat="29.738172" lon="99.639372"><ele>3903</ele></trkpt>
      <trkpt lat="29.737904" lon="99.639276"><ele>3904</ele></trkpt>
      <trkpt lat="29.737809" lon="99.639251"><ele>3904</ele></trkpt>
      <trkpt lat="29.737643" lon="99.639164"><ele>3908</ele></trkpt>
      <trkpt lat="29.737486" lon="99.639047"><ele>3910</ele></trkpt>
      <trkpt lat="29.737395" lon="99.639005"><ele>3908</ele></trkpt>
      <trkpt lat="29.737145" lon="99.63885"><ele>3909</ele></trkpt>
      <trkpt lat="29.736532" lon="99.638556"><ele>3914</ele></trkpt>
      <trkpt lat="29.73635" lon="99.638505"><ele>3915</ele></trkpt>
      <trkpt lat="29.736258" lon="99.638499"><ele>3915</ele></trkpt>
      <trkpt lat="29.736073" lon="99.638456"><ele>3915</ele></trkpt>
      <trkpt lat="29.735715" lon="99.638313"><ele>3919</ele></trkpt>
      <trkpt lat="29.73555" lon="99.638224"><ele>3920</ele></trkpt>
      <trkpt lat="29.73528" lon="99.638131"><ele>3922</ele></trkpt>
      <trkpt lat="29.735029" lon="99.637988"><ele>3922</ele></trkpt>
      <trkpt lat="29.734956" lon="99.637922"><ele>3923</ele></trkpt>
      <trkpt lat="29.734875" lon="99.637864"><ele>3923</ele></trkpt>
      <trkpt lat="29.734793" lon="99.637818"><ele>3924</ele></trkpt>
      <trkpt lat="29.7347" lon="99.637787"><ele>3925</ele></trkpt>
      <trkpt lat="29.734536" lon="99.637679"><ele>3925</ele></trkpt>
      <trkpt lat="29.734444" lon="99.637642"><ele>3925</ele></trkpt>
      <trkpt lat="29.734305" lon="99.637507"><ele>3926</ele></trkpt>
      <trkpt lat="29.734134" lon="99.637415"><ele>3925</ele></trkpt>
      <trkpt lat="29.733953" lon="99.637338"><ele>3926</ele></trkpt>
      <trkpt lat="29.73389" lon="99.637257"><ele>3926</ele></trkpt>
      <trkpt lat="29.733801" lon="99.637219"><ele>3925</ele></trkpt>
      <trkpt lat="29.73352" lon="99.63717"><ele>3927</ele></trkpt>
      <trkpt lat="29.733427" lon="99.637164"><ele>3926</ele></trkpt>
      <trkpt lat="29.73316" lon="99.637042"><ele>3927</ele></trkpt>
      <trkpt lat="29.733065" lon="99.637017"><ele>3926</ele></trkpt>
      <trkpt lat="29.732966" lon="99.63701"><ele>3928</ele></trkpt>
      <trkpt lat="29.732888" lon="99.636954"><ele>3929</ele></trkpt>
      <trkpt lat="29.732818" lon="99.636881"><ele>3929</ele></trkpt>
      <trkpt lat="29.732753" lon="99.6368"><ele>3930</ele></trkpt>
      <trkpt lat="29.732707" lon="99.636707"><ele>3929</ele></trkpt>
      <trkpt lat="29.732622" lon="99.636669"><ele>3929</ele></trkpt>
      <trkpt lat="29.732543" lon="99.636734"><ele>3929</ele></trkpt>
      <trkpt lat="29.732448" lon="99.636728"><ele>3930</ele></trkpt>
      <trkpt lat="29.732359" lon="99.636699"><ele>3932</ele></trkpt>
      <trkpt lat="29.732266" lon="99.636707"><ele>3933</ele></trkpt>
      <trkpt lat="29.732095" lon="99.636631"><ele>3936</ele></trkpt>
      <trkpt lat="29.731993" lon="99.636627"><ele>3936</ele></trkpt>
      <trkpt lat="29.7319" lon="99.63659"><ele>3937</ele></trkpt>
      <trkpt lat="29.731828" lon="99.636516"><ele>3938</ele></trkpt>
      <trkpt lat="29.731773" lon="99.636428"><ele>3940</ele></trkpt>
      <trkpt lat="29.731639" lon="99.636027"><ele>3938</ele></trkpt>
      <trkpt lat="29.731595" lon="99.635934"><ele>3938</ele></trkpt>
      <trkpt lat="29.731224" lon="99.635817"><ele>3938</ele></trkpt>
      <trkpt lat="29.731133" lon="99.635779"><ele>3939</ele></trkpt>
      <trkpt lat="29.731033" lon="99.635601"><ele>3945</ele></trkpt>
      <trkpt lat="29.731013" lon="99.635496"><ele>3943</ele></trkpt>
      <trkpt lat="29.730967" lon="99.635401"><ele>3944</ele></trkpt>
      <trkpt lat="29.730839" lon="99.635237"><ele>3947</ele></trkpt>
      <trkpt lat="29.730758" lon="99.635187"><ele>3948</ele></trkpt>
      <trkpt lat="29.7306" lon="99.635067"><ele>3951</ele></trkpt>
      <trkpt lat="29.730511" lon="99.635037"><ele>3951</ele></trkpt>
      <trkpt lat="29.730443" lon="99.634958"><ele>3952</ele></trkpt>
      <trkpt lat="29.730364" lon="99.634908"><ele>3953</ele></trkpt>
      <trkpt lat="29.730266" lon="99.634883"><ele>3953</ele></trkpt>
      <trkpt lat="29.730174" lon="99.634879"><ele>3954</ele></trkpt>
      <trkpt lat="29.730087" lon="99.634833"><ele>3955</ele></trkpt>
      <trkpt lat="29.730007" lon="99.634773"><ele>3956</ele></trkpt>
      <trkpt lat="29.729912" lon="99.63477"><ele>3956</ele></trkpt>
      <trkpt lat="29.72982" lon="99.634755"><ele>3958</ele></trkpt>
      <trkpt lat="29.729729" lon="99.634722"><ele>3958</ele></trkpt>
      <trkpt lat="29.729536" lon="99.634686"><ele>3960</ele></trkpt>
      <trkpt lat="29.729455" lon="99.634631"><ele>3961</ele></trkpt>
      <trkpt lat="29.72939" lon="99.634553"><ele>3963</ele></trkpt>
      <trkpt lat="29.729222" lon="99.634293"><ele>3964</ele></trkpt>
      <trkpt lat="29.729151" lon="99.63422"><ele>3965</ele></trkpt>
      <trkpt lat="29.728964" lon="99.633973"><ele>3967</ele></trkpt>
      <trkpt lat="29.728821" lon="99.633825"><ele>3969</ele></trkpt>
      <trkpt lat="29.728737" lon="99.633782"><ele>3969</ele></trkpt>
      <trkpt lat="29.728511" lon="99.63358"><ele>3971</ele></trkpt>
      <trkpt lat="29.72842" lon="99.633536"><ele>3972</ele></trkpt>
      <trkpt lat="29.728326" lon="99.633531"><ele>3974</ele></trkpt>
      <trkpt lat="29.728238" lon="99.633558"><ele>3973</ele></trkpt>
      <trkpt lat="29.728146" lon="99.633553"><ele>3975</ele></trkpt>
      <trkpt lat="29.727969" lon="99.633473"><ele>3978</ele></trkpt>
      <trkpt lat="29.727889" lon="99.633419"><ele>3978</ele></trkpt>
      <trkpt lat="29.727794" lon="99.633231"><ele>3979</ele></trkpt>
      <trkpt lat="29.727591" lon="99.633012"><ele>3981</ele></trkpt>
      <trkpt lat="29.72753" lon="99.632931"><ele>3983</ele></trkpt>
      <trkpt lat="29.72748" lon="99.63284"><ele>3983</ele></trkpt>
      <trkpt lat="29.727338" lon="99.632701"><ele>3983</ele></trkpt>
      <trkpt lat="29.727157" lon="99.63266"><ele>3984</ele></trkpt>
      <trkpt lat="29.727067" lon="99.632608"><ele>3983</ele></trkpt>
      <trkpt lat="29.726873" lon="99.632562"><ele>3982</ele></trkpt>
      <trkpt lat="29.726788" lon="99.632521"><ele>3984</ele></trkpt>
      <trkpt lat="29.726697" lon="99.632519"><ele>3984</ele></trkpt>
      <trkpt lat="29.726608" lon="99.63248"><ele>3985</ele></trkpt>
      <trkpt lat="29.726536" lon="99.632404"><ele>3985</ele></trkpt>
      <trkpt lat="29.726445" lon="99.632362"><ele>3986</ele></trkpt>
      <trkpt lat="29.726368" lon="99.632307"><ele>3986</ele></trkpt>
      <trkpt lat="29.726188" lon="99.632214"><ele>3989</ele></trkpt>
      <trkpt lat="29.726105" lon="99.632159"><ele>3989</ele></trkpt>
      <trkpt lat="29.725936" lon="99.632081"><ele>3991</ele></trkpt>
      <trkpt lat="29.725863" lon="99.632018"><ele>3994</ele></trkpt>
      <trkpt lat="29.725802" lon="99.631942"><ele>3994</ele></trkpt>
      <trkpt lat="29.725565" lon="99.631759"><ele>3997</ele></trkpt>
      <trkpt lat="29.72542" lon="99.631623"><ele>3999</ele></trkpt>
      <trkpt lat="29.725345" lon="99.631424"><ele>4000</ele></trkpt>
      <trkpt lat="29.725329" lon="99.631209"><ele>4002</ele></trkpt>
      <trkpt lat="29.72528" lon="99.631121"><ele>4004</ele></trkpt>
      <trkpt lat="29.725203" lon="99.631067"><ele>4006</ele></trkpt>
      <trkpt lat="29.725114" lon="99.631036"><ele>4005</ele></trkpt>
      <trkpt lat="29.724931" lon="99.630994"><ele>4005</ele></trkpt>
      <trkpt lat="29.724846" lon="99.630956"><ele>4007</ele></trkpt>
      <trkpt lat="29.724559" lon="99.630945"><ele>4009</ele></trkpt>
      <trkpt lat="29.724406" lon="99.630822"><ele>4012</ele></trkpt>
      <trkpt lat="29.724241" lon="99.63071"><ele>4013</ele></trkpt>
      <trkpt lat="29.724151" lon="99.630687"><ele>4016</ele></trkpt>
      <trkpt lat="29.724056" lon="99.630679"><ele>4018</ele></trkpt>
      <trkpt lat="29.723872" lon="99.630603"><ele>4021</ele></trkpt>
      <trkpt lat="29.723777" lon="99.630577"><ele>4023</ele></trkpt>
      <trkpt lat="29.723701" lon="99.630515"><ele>4022</ele></trkpt>
      <trkpt lat="29.723617" lon="99.630461"><ele>4022</ele></trkpt>
      <trkpt lat="29.72353" lon="99.630423"><ele>4022</ele></trkpt>
      <trkpt lat="29.723451" lon="99.630367"><ele>4022</ele></trkpt>
      <trkpt lat="29.723146" lon="99.630105"><ele>4024</ele></trkpt>
      <trkpt lat="29.722891" lon="99.629966"><ele>4027</ele></trkpt>
      <trkpt lat="29.722816" lon="99.629895"><ele>4027</ele></trkpt>
      <trkpt lat="29.722751" lon="99.629815"><ele>4027</ele></trkpt>
      <trkpt lat="29.722488" lon="99.629691"><ele>4030</ele></trkpt>
      <trkpt lat="29.72245" lon="99.629589"><ele>4030</ele></trkpt>
      <trkpt lat="29.722384" lon="99.629511"><ele>4030</ele></trkpt>
      <trkpt lat="29.722295" lon="99.629491"><ele>4030</ele></trkpt>
      <trkpt lat="29.722225" lon="99.629414"><ele>4032</ele></trkpt>
      <trkpt lat="29.722163" lon="99.629328"><ele>4032</ele></trkpt>
      <trkpt lat="29.721862" lon="99.629073"><ele>4034</ele></trkpt>
      <trkpt lat="29.721639" lon="99.628871"><ele>4037</ele></trkpt>
      <trkpt lat="29.721447" lon="99.628836"><ele>4038</ele></trkpt>
      <trkpt lat="29.721368" lon="99.628781"><ele>4037</ele></trkpt>
      <trkpt lat="29.721294" lon="99.62872"><ele>4038</ele></trkpt>
      <trkpt lat="29.72123" lon="99.628646"><ele>4039</ele></trkpt>
      <trkpt lat="29.721161" lon="99.62856"><ele>4040</ele></trkpt>
      <trkpt lat="29.721106" lon="99.628473"><ele>4041</ele></trkpt>
      <trkpt lat="29.721012" lon="99.628488"><ele>4043</ele></trkpt>
      <trkpt lat="29.720848" lon="99.628371"><ele>4044</ele></trkpt>
      <trkpt lat="29.72073" lon="99.628207"><ele>4045</ele></trkpt>
      <trkpt lat="29.720658" lon="99.628139"><ele>4045</ele></trkpt>
      <trkpt lat="29.72057" lon="99.628086"><ele>4045</ele></trkpt>
      <trkpt lat="29.72051" lon="99.628006"><ele>4045</ele></trkpt>
      <trkpt lat="29.720464" lon="99.627915"><ele>4046</ele></trkpt>
      <trkpt lat="29.720499" lon="99.627814"><ele>4046</ele></trkpt>
      <trkpt lat="29.72056" lon="99.627733"><ele>4049</ele></trkpt>
      <trkpt lat="29.720643" lon="99.627689"><ele>4047</ele></trkpt>
      <trkpt lat="29.720562" lon="99.627643"><ele>4047</ele></trkpt>
      <trkpt lat="29.720493" lon="99.627569"><ele>4052</ele></trkpt>
      <trkpt lat="29.720422" lon="99.627464"><ele>4056</ele></trkpt>
      <trkpt lat="29.720353" lon="99.627394"><ele>4057</ele></trkpt>
      <trkpt lat="29.720261" lon="99.62739"><ele>4057</ele></trkpt>
      <trkpt lat="29.720069" lon="99.627419"><ele>4060</ele></trkpt>
      <trkpt lat="29.719978" lon="99.627393"><ele>4058</ele></trkpt>
      <trkpt lat="29.719912" lon="99.627319"><ele>4058</ele></trkpt>
      <trkpt lat="29.719821" lon="99.627307"><ele>4060</ele></trkpt>
      <trkpt lat="29.719734" lon="99.627268"><ele>4060</ele></trkpt>
      <trkpt lat="29.719651" lon="99.627214"><ele>4059</ele></trkpt>
      <trkpt lat="29.719439" lon="99.626986"><ele>4057</ele></trkpt>
      <trkpt lat="29.719381" lon="99.626902"><ele>4059</ele></trkpt>
      <trkpt lat="29.719305" lon="99.626835"><ele>4061</ele></trkpt>
      <trkpt lat="29.719235" lon="99.626755"><ele>4063</ele></trkpt>
      <trkpt lat="29.719159" lon="99.626699"><ele>4060</ele></trkpt>
      <trkpt lat="29.719075" lon="99.626656"><ele>4063</ele></trkpt>
      <trkpt lat="29.71902" lon="99.626566"><ele>4066</ele></trkpt>
      <trkpt lat="29.718947" lon="99.626503"><ele>4066</ele></trkpt>
      <trkpt lat="29.718862" lon="99.626467"><ele>4067</ele></trkpt>
      <trkpt lat="29.718771" lon="99.626475"><ele>4069</ele></trkpt>
      <trkpt lat="29.718591" lon="99.626411"><ele>4070</ele></trkpt>
      <trkpt lat="29.718401" lon="99.626411"><ele>4073</ele></trkpt>
      <trkpt lat="29.718231" lon="99.62631"><ele>4073</ele></trkpt>
      <trkpt lat="29.718135" lon="99.626301"><ele>4074</ele></trkpt>
      <trkpt lat="29.717945" lon="99.626316"><ele>4075</ele></trkpt>
      <trkpt lat="29.717868" lon="99.626251"><ele>4074</ele></trkpt>
      <trkpt lat="29.71766" lon="99.626038"><ele>4076</ele></trkpt>
      <trkpt lat="29.717598" lon="99.62595"><ele>4076</ele></trkpt>
      <trkpt lat="29.717519" lon="99.625888"><ele>4078</ele></trkpt>
      <trkpt lat="29.717336" lon="99.625827"><ele>4081</ele></trkpt>
      <trkpt lat="29.71724" lon="99.625817"><ele>4082</ele></trkpt>
      <trkpt lat="29.71715" lon="99.625791"><ele>4082</ele></trkpt>
      <trkpt lat="29.71696" lon="99.625774"><ele>4087</ele></trkpt>
      <trkpt lat="29.71687" lon="99.625725"><ele>4090</ele></trkpt>
      <trkpt lat="29.716792" lon="99.625664"><ele>4089</ele></trkpt>
      <trkpt lat="29.716426" lon="99.625583"><ele>4092</ele></trkpt>
      <trkpt lat="29.716339" lon="99.625543"><ele>4093</ele></trkpt>
      <trkpt lat="29.71619" lon="99.625418"><ele>4097</ele></trkpt>
      <trkpt lat="29.716029" lon="99.625306"><ele>4100</ele></trkpt>
      <trkpt lat="29.715962" lon="99.625232"><ele>4102</ele></trkpt>
      <trkpt lat="29.715785" lon="99.625168"><ele>4104</ele></trkpt>
      <trkpt lat="29.715688" lon="99.625165"><ele>4105</ele></trkpt>
      <trkpt lat="29.715503" lon="99.625116"><ele>4103</ele></trkpt>
      <trkpt lat="29.71533" lon="99.625031"><ele>4105</ele></trkpt>
      <trkpt lat="29.715255" lon="99.624962"><ele>4106</ele></trkpt>
      <trkpt lat="29.715088" lon="99.624863"><ele>4107</ele></trkpt>
      <trkpt lat="29.714956" lon="99.624716"><ele>4112</ele></trkpt>
      <trkpt lat="29.714913" lon="99.624623"><ele>4112</ele></trkpt>
      <trkpt lat="29.714855" lon="99.624541"><ele>4113</ele></trkpt>
      <trkpt lat="29.714835" lon="99.624436"><ele>4114</ele></trkpt>
      <trkpt lat="29.714827" lon="99.624326"><ele>4114</ele></trkpt>
      <trkpt lat="29.714829" lon="99.624214"><ele>4115</ele></trkpt>
      <trkpt lat="29.714814" lon="99.624108"><ele>4115</ele></trkpt>
      <trkpt lat="29.714758" lon="99.624014"><ele>4117</ele></trkpt>
      <trkpt lat="29.714697" lon="99.623933"><ele>4118</ele></trkpt>
      <trkpt lat="29.714606" lon="99.623897"><ele>4119</ele></trkpt>
      <trkpt lat="29.714538" lon="99.623817"><ele>4121</ele></trkpt>
      <trkpt lat="29.714491" lon="99.623724"><ele>4123</ele></trkpt>
      <trkpt lat="29.714323" lon="99.623456"><ele>4128</ele></trkpt>
      <trkpt lat="29.714185" lon="99.623309"><ele>4130</ele></trkpt>
      <trkpt lat="29.714124" lon="99.623228"><ele>4131</ele></trkpt>
      <trkpt lat="29.714043" lon="99.623175"><ele>4132</ele></trkpt>
      <trkpt lat="29.713953" lon="99.623135"><ele>4136</ele></trkpt>
      <trkpt lat="29.713876" lon="99.623079"><ele>4137</ele></trkpt>
      <trkpt lat="29.713791" lon="99.62304"><ele>4141</ele></trkpt>
      <trkpt lat="29.713697" lon="99.623059"><ele>4141</ele></trkpt>
      <trkpt lat="29.713604" lon="99.623046"><ele>4140</ele></trkpt>
      <trkpt lat="29.713513" lon="99.622997"><ele>4141</ele></trkpt>
      <trkpt lat="29.713444" lon="99.622915"><ele>4141</ele></trkpt>
      <trkpt lat="29.71336" lon="99.622859"><ele>4144</ele></trkpt>
      <trkpt lat="29.713263" lon="99.622829"><ele>4143</ele></trkpt>
      <trkpt lat="29.713179" lon="99.622775"><ele>4143</ele></trkpt>
      <trkpt lat="29.713078" lon="99.622771"><ele>4145</ele></trkpt>
      <trkpt lat="29.712993" lon="99.622731"><ele>4144</ele></trkpt>
      <trkpt lat="29.712796" lon="99.622703"><ele>4145</ele></trkpt>
      <trkpt lat="29.712613" lon="99.622643"><ele>4141</ele></trkpt>
      <trkpt lat="29.712546" lon="99.622566"><ele>4140</ele></trkpt>
      <trkpt lat="29.712462" lon="99.622525"><ele>4143</ele></trkpt>
      <trkpt lat="29.712175" lon="99.622473"><ele>4144</ele></trkpt>
      <trkpt lat="29.712086" lon="99.622443"><ele>4144</ele></trkpt>
      <trkpt lat="29.711988" lon="99.622446"><ele>4147</ele></trkpt>
      <trkpt lat="29.711892" lon="99.622461"><ele>4151</ele></trkpt>
      <trkpt lat="29.711792" lon="99.622498"><ele>4150</ele></trkpt>
      <trkpt lat="29.711694" lon="99.622479"><ele>4151</ele></trkpt>
      <trkpt lat="29.7115" lon="99.622516"><ele>4151</ele></trkpt>
      <trkpt lat="29.711312" lon="99.622477"><ele>4154</ele></trkpt>
      <trkpt lat="29.711229" lon="99.62243"><ele>4153</ele></trkpt>
      <trkpt lat="29.711024" lon="99.622218"><ele>4156</ele></trkpt>
      <trkpt lat="29.710998" lon="99.622117"><ele>4153</ele></trkpt>
      <trkpt lat="29.710993" lon="99.622012"><ele>4160</ele></trkpt>
      <trkpt lat="29.710911" lon="99.621945"><ele>4163</ele></trkpt>
      <trkpt lat="29.710847" lon="99.621867"><ele>4163</ele></trkpt>
      <trkpt lat="29.710764" lon="99.621817"><ele>4166</ele></trkpt>
      <trkpt lat="29.710692" lon="99.621751"><ele>4167</ele></trkpt>
      <trkpt lat="29.710601" lon="99.621701"><ele>4169</ele></trkpt>
      <trkpt lat="29.710564" lon="99.621602"><ele>4170</ele></trkpt>
      <trkpt lat="29.710485" lon="99.621533"><ele>4172</ele></trkpt>
      <trkpt lat="29.710421" lon="99.621453"><ele>4171</ele></trkpt>
      <trkpt lat="29.710375" lon="99.621358"><ele>4172</ele></trkpt>
      <trkpt lat="29.710304" lon="99.621292"><ele>4173</ele></trkpt>
      <trkpt lat="29.710114" lon="99.621212"><ele>4179</ele></trkpt>
      <trkpt lat="29.709773" lon="99.621041"><ele>4188</ele></trkpt>
      <trkpt lat="29.709593" lon="99.620986"><ele>4183</ele></trkpt>
      <trkpt lat="29.709391" lon="99.620951"><ele>4194</ele></trkpt>
      <trkpt lat="29.70931" lon="99.620893"><ele>4195</ele></trkpt>
      <trkpt lat="29.709126" lon="99.620869"><ele>4199</ele></trkpt>
      <trkpt lat="29.709038" lon="99.620824"><ele>4198</ele></trkpt>
      <trkpt lat="29.708955" lon="99.620767"><ele>4203</ele></trkpt>
      <trkpt lat="29.70887" lon="99.620734"><ele>4203</ele></trkpt>
      <trkpt lat="29.708772" lon="99.620675"><ele>4209</ele></trkpt>
      <trkpt lat="29.708541" lon="99.620502"><ele>4212</ele></trkpt>
      <trkpt lat="29.70838" lon="99.620399"><ele>4212</ele></trkpt>
      <trkpt lat="29.708287" lon="99.620384"><ele>4214</ele></trkpt>
      <trkpt lat="29.708129" lon="99.620266"><ele>4214</ele></trkpt>
      <trkpt lat="29.708038" lon="99.620233"><ele>4212</ele></trkpt>
      <trkpt lat="29.707783" lon="99.620103"><ele>4217</ele></trkpt>
      <trkpt lat="29.707599" lon="99.620034"><ele>4216</ele></trkpt>
      <trkpt lat="29.707417" lon="99.619986"><ele>4218</ele></trkpt>
      <trkpt lat="29.707274" lon="99.619854"><ele>4220</ele></trkpt>
      <trkpt lat="29.707183" lon="99.619818"><ele>4224</ele></trkpt>
      <trkpt lat="29.707017" lon="99.619728"><ele>4223</ele></trkpt>
      <trkpt lat="29.706931" lon="99.619691"><ele>4223</ele></trkpt>
      <trkpt lat="29.706848" lon="99.619638"><ele>4224</ele></trkpt>
      <trkpt lat="29.706762" lon="99.619602"><ele>4226</ele></trkpt>
      <trkpt lat="29.706573" lon="99.619646"><ele>4229</ele></trkpt>
      <trkpt lat="29.706397" lon="99.619558"><ele>4231</ele></trkpt>
      <trkpt lat="29.706304" lon="99.619563"><ele>4231</ele></trkpt>
      <trkpt lat="29.705937" lon="99.619461"><ele>4237</ele></trkpt>
      <trkpt lat="29.705852" lon="99.619422"><ele>4237</ele></trkpt>
      <trkpt lat="29.705798" lon="99.619334"><ele>4236</ele></trkpt>
      <trkpt lat="29.705735" lon="99.619252"><ele>4236</ele></trkpt>
      <trkpt lat="29.705667" lon="99.619181"><ele>4238</ele></trkpt>
      <trkpt lat="29.705562" lon="99.618991"><ele>4240</ele></trkpt>
      <trkpt lat="29.705493" lon="99.618924"><ele>4241</ele></trkpt>
      <trkpt lat="29.705434" lon="99.618841"><ele>4241</ele></trkpt>
      <trkpt lat="29.705407" lon="99.618742"><ele>4241</ele></trkpt>
      <trkpt lat="29.705286" lon="99.618568"><ele>4242</ele></trkpt>
      <trkpt lat="29.705243" lon="99.61847"><ele>4244</ele></trkpt>
      <trkpt lat="29.705156" lon="99.618436"><ele>4245</ele></trkpt>
      <trkpt lat="29.705066" lon="99.618462"><ele>4244</ele></trkpt>
      <trkpt lat="29.704974" lon="99.618476"><ele>4243</ele></trkpt>
      <trkpt lat="29.704878" lon="99.618472"><ele>4243</ele></trkpt>
      <trkpt lat="29.704807" lon="99.618405"><ele>4244</ele></trkpt>
      <trkpt lat="29.70475" lon="99.618324"><ele>4246</ele></trkpt>
      <trkpt lat="29.704608" lon="99.618192"><ele>4249</ele></trkpt>
      <trkpt lat="29.704509" lon="99.618173"><ele>4249</ele></trkpt>
      <trkpt lat="29.704425" lon="99.618117"><ele>4250</ele></trkpt>
      <trkpt lat="29.70424" lon="99.618059"><ele>4250</ele></trkpt>
      <trkpt lat="29.704065" lon="99.617973"><ele>4251</ele></trkpt>
      <trkpt lat="29.703792" lon="99.617892"><ele>4255</ele></trkpt>
      <trkpt lat="29.70372" lon="99.617825"><ele>4255</ele></trkpt>
      <trkpt lat="29.703678" lon="99.617732"><ele>4258</ele></trkpt>
      <trkpt lat="29.703614" lon="99.617646"><ele>4261</ele></trkpt>
      <trkpt lat="29.703565" lon="99.617556"><ele>4262</ele></trkpt>
      <trkpt lat="29.703507" lon="99.61747"><ele>4265</ele></trkpt>
      <trkpt lat="29.703436" lon="99.617396"><ele>4267</ele></trkpt>
      <trkpt lat="29.703385" lon="99.61731"><ele>4267</ele></trkpt>
      <trkpt lat="29.703298" lon="99.617269"><ele>4268</ele></trkpt>
      <trkpt lat="29.703205" lon="99.617251"><ele>4269</ele></trkpt>
      <trkpt lat="29.703112" lon="99.617209"><ele>4273</ele></trkpt>
      <trkpt lat="29.703017" lon="99.617207"><ele>4273</ele></trkpt>
      <trkpt lat="29.702923" lon="99.617229"><ele>4273</ele></trkpt>
      <trkpt lat="29.702827" lon="99.617219"><ele>4273</ele></trkpt>
      <trkpt lat="29.702743" lon="99.617162"><ele>4272</ele></trkpt>
      <trkpt lat="29.702671" lon="99.617087"><ele>4272</ele></trkpt>
      <trkpt lat="29.702592" lon="99.617027"><ele>4272</ele></trkpt>
      <trkpt lat="29.702414" lon="99.616973"><ele>4276</ele></trkpt>
      <trkpt lat="29.70232" lon="99.616955"><ele>4278</ele></trkpt>
      <trkpt lat="29.70213" lon="99.616952"><ele>4278</ele></trkpt>
      <trkpt lat="29.702038" lon="99.616924"><ele>4280</ele></trkpt>
      <trkpt lat="29.701865" lon="99.616853"><ele>4279</ele></trkpt>
      <trkpt lat="29.701784" lon="99.616807"><ele>4279</ele></trkpt>
      <trkpt lat="29.701636" lon="99.616672"><ele>4282</ele></trkpt>
      <trkpt lat="29.701455" lon="99.616686"><ele>4282</ele></trkpt>
      <trkpt lat="29.701364" lon="99.616665"><ele>4281</ele></trkpt>
      <trkpt lat="29.701205" lon="99.616551"><ele>4286</ele></trkpt>
      <trkpt lat="29.701158" lon="99.616459"><ele>4289</ele></trkpt>
      <trkpt lat="29.700982" lon="99.616379"><ele>4290</ele></trkpt>
      <trkpt lat="29.700907" lon="99.616316"><ele>4291</ele></trkpt>
      <trkpt lat="29.700746" lon="99.61622"><ele>4292</ele></trkpt>
      <trkpt lat="29.70066" lon="99.616182"><ele>4293</ele></trkpt>
      <trkpt lat="29.700605" lon="99.616094"><ele>4297</ele></trkpt>
      <trkpt lat="29.700654" lon="99.616185"><ele>4296</ele></trkpt>
      <trkpt lat="29.700415" lon="99.616014"><ele>4296</ele></trkpt>
      <trkpt lat="29.700335" lon="99.615826"><ele>4296</ele></trkpt>
      <trkpt lat="29.700304" lon="99.615722"><ele>4297</ele></trkpt>
      <trkpt lat="29.700259" lon="99.615627"><ele>4297</ele></trkpt>
      <trkpt lat="29.700199" lon="99.615542"><ele>4297</ele></trkpt>
      <trkpt lat="29.700151" lon="99.615447"><ele>4299</ele></trkpt>
      <trkpt lat="29.699962" lon="99.615216"><ele>4300</ele></trkpt>
      <trkpt lat="29.699915" lon="99.615119"><ele>4301</ele></trkpt>
      <trkpt lat="29.699851" lon="99.615041"><ele>4300</ele></trkpt>
      <trkpt lat="29.699689" lon="99.614927"><ele>4301</ele></trkpt>
      <trkpt lat="29.699617" lon="99.61485"><ele>4302</ele></trkpt>
      <trkpt lat="29.699566" lon="99.614759"><ele>4302</ele></trkpt>
      <trkpt lat="29.699502" lon="99.614682"><ele>4303</ele></trkpt>
      <trkpt lat="29.699359" lon="99.614396"><ele>4309</ele></trkpt>
      <trkpt lat="29.69933" lon="99.614297"><ele>4310</ele></trkpt>
      <trkpt lat="29.69929" lon="99.614201"><ele>4310</ele></trkpt>
      <trkpt lat="29.699267" lon="99.614099"><ele>4311</ele></trkpt>
      <trkpt lat="29.699175" lon="99.614068"><ele>4311</ele></trkpt>
      <trkpt lat="29.699007" lon="99.613964"><ele>4312</ele></trkpt>
      <trkpt lat="29.698848" lon="99.613851"><ele>4314</ele></trkpt>
      <trkpt lat="29.698765" lon="99.613811"><ele>4315</ele></trkpt>
      <trkpt lat="29.698674" lon="99.613783"><ele>4314</ele></trkpt>
      <trkpt lat="29.698602" lon="99.613716"><ele>4314</ele></trkpt>
      <trkpt lat="29.698269" lon="99.613205"><ele>4314</ele></trkpt>
      <trkpt lat="29.698135" lon="99.613059"><ele>4317</ele></trkpt>
      <trkpt lat="29.698055" lon="99.613"><ele>4316</ele></trkpt>
      <trkpt lat="29.697887" lon="99.612912"><ele>4314</ele></trkpt>
      <trkpt lat="29.697717" lon="99.612808"><ele>4317</ele></trkpt>
      <trkpt lat="29.697579" lon="99.612661"><ele>4318</ele></trkpt>
      <trkpt lat="29.697462" lon="99.612492"><ele>4321</ele></trkpt>
      <trkpt lat="29.697302" lon="99.612375"><ele>4323</ele></trkpt>
      <trkpt lat="29.697129" lon="99.612136"><ele>4323</ele></trkpt>
      <trkpt lat="29.697039" lon="99.612138"><ele>4325</ele></trkpt>
      <trkpt lat="29.696784" lon="99.612014"><ele>4326</ele></trkpt>
      <trkpt lat="29.696606" lon="99.611957"><ele>4326</ele></trkpt>
      <trkpt lat="29.696515" lon="99.611942"><ele>4327</ele></trkpt>
      <trkpt lat="29.696523" lon="99.611836"><ele>4328</ele></trkpt>
      <trkpt lat="29.696495" lon="99.611733"><ele>4330</ele></trkpt>
      <trkpt lat="29.696516" lon="99.611626"><ele>4333</ele></trkpt>
      <trkpt lat="29.696472" lon="99.611535"><ele>4336</ele></trkpt>
      <trkpt lat="29.696327" lon="99.611393"><ele>4340</ele></trkpt>
      <trkpt lat="29.69626" lon="99.611314"><ele>4340</ele></trkpt>
      <trkpt lat="29.696198" lon="99.61123"><ele>4342</ele></trkpt>
      <trkpt lat="29.696169" lon="99.611125"><ele>4342</ele></trkpt>
      <trkpt lat="29.695865" lon="99.610869"><ele>4347</ele></trkpt>
      <trkpt lat="29.695775" lon="99.61085"><ele>4346</ele></trkpt>
      <trkpt lat="29.695591" lon="99.610835"><ele>4347</ele></trkpt>
      <trkpt lat="29.695409" lon="99.610804"><ele>4347</ele></trkpt>
      <trkpt lat="29.695311" lon="99.610817"><ele>4347</ele></trkpt>
      <trkpt lat="29.695217" lon="99.610811"><ele>4347</ele></trkpt>
      <trkpt lat="29.695127" lon="99.610822"><ele>4348</ele></trkpt>
      <trkpt lat="29.695036" lon="99.610815"><ele>4349</ele></trkpt>
      <trkpt lat="29.694943" lon="99.610785"><ele>4350</ele></trkpt>
      <trkpt lat="29.694849" lon="99.610807"><ele>4348</ele></trkpt>
      <trkpt lat="29.694656" lon="99.610772"><ele>4350</ele></trkpt>
      <trkpt lat="29.694562" lon="99.610761"><ele>4351</ele></trkpt>
      <trkpt lat="29.694468" lon="99.610762"><ele>4349</ele></trkpt>
      <trkpt lat="29.694282" lon="99.610724"><ele>4351</ele></trkpt>
      <trkpt lat="29.694201" lon="99.610781"><ele>4349</ele></trkpt>
      <trkpt lat="29.694109" lon="99.610801"><ele>4350</ele></trkpt>
      <trkpt lat="29.694012" lon="99.6108"><ele>4351</ele></trkpt>
      <trkpt lat="29.693933" lon="99.610854"><ele>4351</ele></trkpt>
      <trkpt lat="29.693755" lon="99.610925"><ele>4349</ele></trkpt>
      <trkpt lat="29.693622" lon="99.611079"><ele>4350</ele></trkpt>
      <trkpt lat="29.693533" lon="99.611106"><ele>4351</ele></trkpt>
      <trkpt lat="29.693436" lon="99.611103"><ele>4352</ele></trkpt>
      <trkpt lat="29.693258" lon="99.611062"><ele>4353</ele></trkpt>
      <trkpt lat="29.693158" lon="99.611067"><ele>4354</ele></trkpt>
      <trkpt lat="29.693062" lon="99.611055"><ele>4353</ele></trkpt>
      <trkpt lat="29.692983" lon="99.610989"><ele>4355</ele></trkpt>
      <trkpt lat="29.69293" lon="99.610901"><ele>4357</ele></trkpt>
      <trkpt lat="29.692852" lon="99.610708"><ele>4360</ele></trkpt>
      <trkpt lat="29.692865" lon="99.610605"><ele>4359</ele></trkpt>
      <trkpt lat="29.692807" lon="99.610406"><ele>4363</ele></trkpt>
      <trkpt lat="29.692765" lon="99.610198"><ele>4364</ele></trkpt>
      <trkpt lat="29.692694" lon="99.610116"><ele>4365</ele></trkpt>
      <trkpt lat="29.692611" lon="99.610059"><ele>4364</ele></trkpt>
      <trkpt lat="29.692419" lon="99.609806"><ele>4364</ele></trkpt>
      <trkpt lat="29.692304" lon="99.60962"><ele>4365</ele></trkpt>
      <trkpt lat="29.692128" lon="99.609544"><ele>4366</ele></trkpt>
      <trkpt lat="29.692102" lon="99.609437"><ele>4364</ele></trkpt>
      <trkpt lat="29.692039" lon="99.609353"><ele>4365</ele></trkpt>
      <trkpt lat="29.691964" lon="99.609289"><ele>4364</ele></trkpt>
      <trkpt lat="29.691867" lon="99.609267"><ele>4365</ele></trkpt>
      <trkpt lat="29.691772" lon="99.609264"><ele>4368</ele></trkpt>
      <trkpt lat="29.691611" lon="99.609154"><ele>4368</ele></trkpt>
      <trkpt lat="29.691344" lon="99.608848"><ele>4372</ele></trkpt>
      <trkpt lat="29.69127" lon="99.608783"><ele>4373</ele></trkpt>
      <trkpt lat="29.691206" lon="99.608711"><ele>4373</ele></trkpt>
      <trkpt lat="29.691151" lon="99.608626"><ele>4372</ele></trkpt>
      <trkpt lat="29.691088" lon="99.608552"><ele>4371</ele></trkpt>
      <trkpt lat="29.691043" lon="99.608461"><ele>4372</ele></trkpt>
      <trkpt lat="29.690962" lon="99.608414"><ele>4373</ele></trkpt>
      <trkpt lat="29.690895" lon="99.608338"><ele>4376</ele></trkpt>
      <trkpt lat="29.69081" lon="99.608286"><ele>4378</ele></trkpt>
      <trkpt lat="29.690733" lon="99.60822"><ele>4379</ele></trkpt>
      <trkpt lat="29.69046" lon="99.607916"><ele>4383</ele></trkpt>
      <trkpt lat="29.690389" lon="99.607852"><ele>4383</ele></trkpt>
      <trkpt lat="29.690305" lon="99.607806"><ele>4383</ele></trkpt>
      <trkpt lat="29.690218" lon="99.607777"><ele>4383</ele></trkpt>
      <trkpt lat="29.690137" lon="99.607724"><ele>4384</ele></trkpt>
      <trkpt lat="29.690062" lon="99.607654"><ele>4384</ele></trkpt>
      <trkpt lat="29.689983" lon="99.607605"><ele>4387</ele></trkpt>
      <trkpt lat="29.689806" lon="99.60755"><ele>4388</ele></trkpt>
      <trkpt lat="29.689716" lon="99.607543"><ele>4388</ele></trkpt>
      <trkpt lat="29.689635" lon="99.607486"><ele>4388</ele></trkpt>
      <trkpt lat="29.689358" lon="99.607412"><ele>4388</ele></trkpt>
      <trkpt lat="29.689263" lon="99.607395"><ele>4387</ele></trkpt>
      <trkpt lat="29.689183" lon="99.60734"><ele>4388</ele></trkpt>
      <trkpt lat="29.689087" lon="99.607318"><ele>4386</ele></trkpt>
      <trkpt lat="29.688992" lon="99.60733"><ele>4388</ele></trkpt>
      <trkpt lat="29.688898" lon="99.607311"><ele>4389</ele></trkpt>
      <trkpt lat="29.688802" lon="99.607327"><ele>4388</ele></trkpt>
      <trkpt lat="29.688719" lon="99.607369"><ele>4388</ele></trkpt>
      <trkpt lat="29.688627" lon="99.607379"><ele>4388</ele></trkpt>
      <trkpt lat="29.688529" lon="99.607377"><ele>4390</ele></trkpt>
      <trkpt lat="29.68836" lon="99.607294"><ele>4391</ele></trkpt>
      <trkpt lat="29.688271" lon="99.60726"><ele>4388</ele></trkpt>
      <trkpt lat="29.688177" lon="99.607259"><ele>4384</ele></trkpt>
      <trkpt lat="29.688087" lon="99.607235"><ele>4387</ele></trkpt>
      <trkpt lat="29.687999" lon="99.607267"><ele>4388</ele></trkpt>
      <trkpt lat="29.687973" lon="99.607373"><ele>4389</ele></trkpt>
      <trkpt lat="29.687896" lon="99.607427"><ele>4390</ele></trkpt>
      <trkpt lat="29.687919" lon="99.607529"><ele>4381</ele></trkpt>
      <trkpt lat="29.687998" lon="99.607593"><ele>4382</ele></trkpt>
      <trkpt lat="29.687923" lon="99.607528"><ele>4385</ele></trkpt>
      <trkpt lat="29.687863" lon="99.607444"><ele>4388</ele></trkpt>
      <trkpt lat="29.68774" lon="99.607302"><ele>4387</ele></trkpt>
      <trkpt lat="29.687647" lon="99.607265"><ele>4388</ele></trkpt>
      <trkpt lat="29.68755" lon="99.607246"><ele>4387</ele></trkpt>
      <trkpt lat="29.687369" lon="99.607183"><ele>4390</ele></trkpt>
      <trkpt lat="29.68728" lon="99.607161"><ele>4391</ele></trkpt>
      <trkpt lat="29.687087" lon="99.607184"><ele>4390</ele></trkpt>
      <trkpt lat="29.686807" lon="99.607132"><ele>4390</ele></trkpt>
      <trkpt lat="29.686623" lon="99.607038"><ele>4390</ele></trkpt>
      <trkpt lat="29.686083" lon="99.606621"><ele>4388</ele></trkpt>
      <trkpt lat="29.685991" lon="99.6066"><ele>4388</ele></trkpt>
      <trkpt lat="29.685892" lon="99.606598"><ele>4388</ele></trkpt>
      <trkpt lat="29.685793" lon="99.606612"><ele>4387</ele></trkpt>
      <trkpt lat="29.685699" lon="99.606637"><ele>4388</ele></trkpt>
      <trkpt lat="29.68561" lon="99.606614"><ele>4388</ele></trkpt>
      <trkpt lat="29.68552" lon="99.606625"><ele>4388</ele></trkpt>
      <trkpt lat="29.685436" lon="99.606668"><ele>4388</ele></trkpt>
      <trkpt lat="29.685341" lon="99.606648"><ele>4388</ele></trkpt>
      <trkpt lat="29.685257" lon="99.606604"><ele>4387</ele></trkpt>
      <trkpt lat="29.685177" lon="99.606536"><ele>4387</ele></trkpt>
      <trkpt lat="29.685087" lon="99.606494"><ele>4387</ele></trkpt>
      <trkpt lat="29.685024" lon="99.606414"><ele>4389</ele></trkpt>
      <trkpt lat="29.68494" lon="99.606363"><ele>4389</ele></trkpt>
      <trkpt lat="29.684786" lon="99.606236"><ele>4389</ele></trkpt>
      <trkpt lat="29.684647" lon="99.606096"><ele>4390</ele></trkpt>
      <trkpt lat="29.684555" lon="99.606079"><ele>4391</ele></trkpt>
      <trkpt lat="29.684461" lon="99.60611"><ele>4392</ele></trkpt>
      <trkpt lat="29.684395" lon="99.606035"><ele>4391</ele></trkpt>
      <trkpt lat="29.684226" lon="99.605954"><ele>4391</ele></trkpt>
      <trkpt lat="29.684136" lon="99.605967"><ele>4393</ele></trkpt>
      <trkpt lat="29.683963" lon="99.605884"><ele>4393</ele></trkpt>
      <trkpt lat="29.683867" lon="99.605858"><ele>4394</ele></trkpt>
      <trkpt lat="29.683766" lon="99.605883"><ele>4393</ele></trkpt>
      <trkpt lat="29.683671" lon="99.605866"><ele>4393</ele></trkpt>
      <trkpt lat="29.683509" lon="99.605762"><ele>4393</ele></trkpt>
      <trkpt lat="29.683422" lon="99.605721"><ele>4392</ele></trkpt>
      <trkpt lat="29.683232" lon="99.605687"><ele>4391</ele></trkpt>
      <trkpt lat="29.683151" lon="99.605639"><ele>4390</ele></trkpt>
      <trkpt lat="29.682961" lon="99.605574"><ele>4390</ele></trkpt>
      <trkpt lat="29.682874" lon="99.605535"><ele>4390</ele></trkpt>
      <trkpt lat="29.682797" lon="99.605476"><ele>4390</ele></trkpt>
      <trkpt lat="29.682614" lon="99.605411"><ele>4396</ele></trkpt>
      <trkpt lat="29.682452" lon="99.605309"><ele>4399</ele></trkpt>
      <trkpt lat="29.682363" lon="99.605275"><ele>4399</ele></trkpt>
      <trkpt lat="29.682176" lon="99.605275"><ele>4399</ele></trkpt>
      <trkpt lat="29.681986" lon="99.605254"><ele>4399</ele></trkpt>
      <trkpt lat="29.681607" lon="99.605177"><ele>4396</ele></trkpt>
      <trkpt lat="29.681508" lon="99.605179"><ele>4398</ele></trkpt>
      <trkpt lat="29.681409" lon="99.605167"><ele>4396</ele></trkpt>
      <trkpt lat="29.681208" lon="99.605165"><ele>4398</ele></trkpt>
      <trkpt lat="29.681118" lon="99.605155"><ele>4399</ele></trkpt>
      <trkpt lat="29.681027" lon="99.605129"><ele>4398</ele></trkpt>
      <trkpt lat="29.68093" lon="99.605131"><ele>4399</ele></trkpt>
      <trkpt lat="29.680639" lon="99.60506"><ele>4399</ele></trkpt>
      <trkpt lat="29.680312" lon="99.604853"><ele>4399</ele></trkpt>
      <trkpt lat="29.680235" lon="99.604788"><ele>4395</ele></trkpt>
      <trkpt lat="29.680147" lon="99.604747"><ele>4397</ele></trkpt>
      <trkpt lat="29.679871" lon="99.604716"><ele>4402</ele></trkpt>
      <trkpt lat="29.679329" lon="99.604878"><ele>4401</ele></trkpt>
      <trkpt lat="29.679033" lon="99.604911"><ele>4401</ele></trkpt>
      <trkpt lat="29.678275" lon="99.604913"><ele>4404</ele></trkpt>
      <trkpt lat="29.677805" lon="99.604866"><ele>4404</ele></trkpt>
      <trkpt lat="29.677704" lon="99.604873"><ele>4404</ele></trkpt>
      <trkpt lat="29.677515" lon="99.604858"><ele>4404</ele></trkpt>
      <trkpt lat="29.67743" lon="99.604809"><ele>4404</ele></trkpt>
      <trkpt lat="29.677347" lon="99.604857"><ele>4406</ele></trkpt>
      <trkpt lat="29.676785" lon="99.604777"><ele>4408</ele></trkpt>
      <trkpt lat="29.676602" lon="99.604739"><ele>4407</ele></trkpt>
      <trkpt lat="29.676507" lon="99.604708"><ele>4406</ele></trkpt>
      <trkpt lat="29.676224" lon="99.6047"><ele>4406</ele></trkpt>
      <trkpt lat="29.676125" lon="99.604721"><ele>4408</ele></trkpt>
      <trkpt lat="29.676027" lon="99.604729"><ele>4407</ele></trkpt>
      <trkpt lat="29.675939" lon="99.604709"><ele>4408</ele></trkpt>
      <trkpt lat="29.675752" lon="99.604685"><ele>4409</ele></trkpt>
      <trkpt lat="29.675566" lon="99.604646"><ele>4410</ele></trkpt>
      <trkpt lat="29.675473" lon="99.604615"><ele>4409</ele></trkpt>
      <trkpt lat="29.675378" lon="99.604608"><ele>4408</ele></trkpt>
      <trkpt lat="29.675289" lon="99.604636"><ele>4409</ele></trkpt>
      <trkpt lat="29.675191" lon="99.604645"><ele>4409</ele></trkpt>
      <trkpt lat="29.675122" lon="99.604754"><ele>4413</ele></trkpt>
      <trkpt lat="29.675029" lon="99.604727"><ele>4409</ele></trkpt>
      <trkpt lat="29.674942" lon="99.604784"><ele>4408</ele></trkpt>
      <trkpt lat="29.674772" lon="99.604872"><ele>4410</ele></trkpt>
      <trkpt lat="29.674678" lon="99.604904"><ele>4407</ele></trkpt>
      <trkpt lat="29.674583" lon="99.604902"><ele>4408</ele></trkpt>
      <trkpt lat="29.674492" lon="99.604917"><ele>4409</ele></trkpt>
      <trkpt lat="29.674406" lon="99.60495"><ele>4409</ele></trkpt>
      <trkpt lat="29.674213" lon="99.604956"><ele>4410</ele></trkpt>
      <trkpt lat="29.674121" lon="99.604909"><ele>4408</ele></trkpt>
      <trkpt lat="29.674019" lon="99.604894"><ele>4409</ele></trkpt>
      <trkpt lat="29.673927" lon="99.604857"><ele>4411</ele></trkpt>
      <trkpt lat="29.673829" lon="99.604835"><ele>4412</ele></trkpt>
      <trkpt lat="29.673729" lon="99.604848"><ele>4413</ele></trkpt>
      <trkpt lat="29.673632" lon="99.604836"><ele>4414</ele></trkpt>
      <trkpt lat="29.673565" lon="99.604762"><ele>4413</ele></trkpt>
      <trkpt lat="29.673447" lon="99.604591"><ele>4416</ele></trkpt>
      <trkpt lat="29.673369" lon="99.604525"><ele>4415</ele></trkpt>
      <trkpt lat="29.673255" lon="99.604357"><ele>4417</ele></trkpt>
      <trkpt lat="29.673183" lon="99.604293"><ele>4418</ele></trkpt>
      <trkpt lat="29.673103" lon="99.604241"><ele>4419</ele></trkpt>
      <trkpt lat="29.67303" lon="99.604179"><ele>4419</ele></trkpt>
      <trkpt lat="29.672939" lon="99.604146"><ele>4421</ele></trkpt>
      <trkpt lat="29.672777" lon="99.604039"><ele>4424</ele></trkpt>
      <trkpt lat="29.672688" lon="99.604013"><ele>4424</ele></trkpt>
      <trkpt lat="29.672604" lon="99.603965"><ele>4425</ele></trkpt>
      <trkpt lat="29.672533" lon="99.603893"><ele>4426</ele></trkpt>
      <trkpt lat="29.672288" lon="99.603724"><ele>4430</ele></trkpt>
      <trkpt lat="29.672238" lon="99.603637"><ele>4433</ele></trkpt>
      <trkpt lat="29.672422" lon="99.60359"><ele>4428</ele></trkpt>
      <trkpt lat="29.672511" lon="99.603556"><ele>4431</ele></trkpt>
      <trkpt lat="29.672609" lon="99.603563"><ele>4433</ele></trkpt>
      <trkpt lat="29.6727" lon="99.603553"><ele>4434</ele></trkpt>
      <trkpt lat="29.672791" lon="99.603522"><ele>4437</ele></trkpt>
      <trkpt lat="29.673066" lon="99.603512"><ele>4441</ele></trkpt>
      <trkpt lat="29.673157" lon="99.603517"><ele>4440</ele></trkpt>
      <trkpt lat="29.673256" lon="99.603543"><ele>4441</ele></trkpt>
      <trkpt lat="29.673355" lon="99.603545"><ele>4442</ele></trkpt>
      <trkpt lat="29.673537" lon="99.603518"><ele>4446</ele></trkpt>
      <trkpt lat="29.673478" lon="99.603439"><ele>4453</ele></trkpt>
      <trkpt lat="29.673425" lon="99.60335"><ele>4456</ele></trkpt>
      <trkpt lat="29.673361" lon="99.603267"><ele>4458</ele></trkpt>
      <trkpt lat="29.673288" lon="99.603199"><ele>4460</ele></trkpt>
      <trkpt lat="29.673236" lon="99.603112"><ele>4463</ele></trkpt>
      <trkpt lat="29.673001" lon="99.602947"><ele>4471</ele></trkpt>
      <trkpt lat="29.672943" lon="99.602866"><ele>4472</ele></trkpt>
      <trkpt lat="29.672874" lon="99.602799"><ele>4476</ele></trkpt>
      <trkpt lat="29.672791" lon="99.602753"><ele>4476</ele></trkpt>
      <trkpt lat="29.672724" lon="99.602679"><ele>4479</ele></trkpt>
      <trkpt lat="29.672559" lon="99.602578"><ele>4484</ele></trkpt>
      <trkpt lat="29.67249" lon="99.602511"><ele>4487</ele></trkpt>
      <trkpt lat="29.672581" lon="99.602481"><ele>4481</ele></trkpt>
      <trkpt lat="29.672947" lon="99.602396"><ele>4492</ele></trkpt>
      <trkpt lat="29.673023" lon="99.60233"><ele>4492</ele></trkpt>
      <trkpt lat="29.673121" lon="99.602311"><ele>4493</ele></trkpt>
      <trkpt lat="29.6732" lon="99.602252"><ele>4500</ele></trkpt>
      <trkpt lat="29.673128" lon="99.602182"><ele>4505</ele></trkpt>
      <trkpt lat="29.673035" lon="99.60219"><ele>4506</ele></trkpt>
      <trkpt lat="29.672845" lon="99.602153"><ele>4508</ele></trkpt>
      <trkpt lat="29.672662" lon="99.602083"><ele>4512</ele></trkpt>
      <trkpt lat="29.672582" lon="99.602021"><ele>4515</ele></trkpt>
      <trkpt lat="29.672515" lon="99.601945"><ele>4517</ele></trkpt>
      <trkpt lat="29.672443" lon="99.60188"><ele>4520</ele></trkpt>
      <trkpt lat="29.672192" lon="99.601563"><ele>4529</ele></trkpt>
      <trkpt lat="29.672147" lon="99.601469"><ele>4531</ele></trkpt>
      <trkpt lat="29.671995" lon="99.601352"><ele>4537</ele></trkpt>
      <trkpt lat="29.671912" lon="99.601302"><ele>4541</ele></trkpt>
      <trkpt lat="29.671731" lon="99.601244"><ele>4544</ele></trkpt>
      <trkpt lat="29.671644" lon="99.601199"><ele>4544</ele></trkpt>
      <trkpt lat="29.671562" lon="99.601138"><ele>4545</ele></trkpt>
      <trkpt lat="29.671478" lon="99.60109"><ele>4547</ele></trkpt>
      <trkpt lat="29.671198" lon="99.601031"><ele>4549</ele></trkpt>
      <trkpt lat="29.671108" lon="99.601043"><ele>4546</ele></trkpt>
      <trkpt lat="29.67093" lon="99.600974"><ele>4549</ele></trkpt>
      <trkpt lat="29.67085" lon="99.600923"><ele>4549</ele></trkpt>
      <trkpt lat="29.670756" lon="99.600913"><ele>4550</ele></trkpt>
      <trkpt lat="29.67067" lon="99.600876"><ele>4551</ele></trkpt>
      <trkpt lat="29.670579" lon="99.600852"><ele>4550</ele></trkpt>
      <trkpt lat="29.670498" lon="99.600802"><ele>4552</ele></trkpt>
      <trkpt lat="29.670407" lon="99.600771"><ele>4553</ele></trkpt>
      <trkpt lat="29.670316" lon="99.600803"><ele>4554</ele></trkpt>
      <trkpt lat="29.670215" lon="99.600814"><ele>4553</ele></trkpt>
      <trkpt lat="29.67013" lon="99.600849"><ele>4552</ele></trkpt>
      <trkpt lat="29.669748" lon="99.600817"><ele>4553</ele></trkpt>
      <trkpt lat="29.669653" lon="99.600798"><ele>4551</ele></trkpt>
      <trkpt lat="29.669561" lon="99.600759"><ele>4550</ele></trkpt>
      <trkpt lat="29.66947" lon="99.600741"><ele>4551</ele></trkpt>
      <trkpt lat="29.669387" lon="99.600701"><ele>4551</ele></trkpt>
      <trkpt lat="29.669314" lon="99.600629"><ele>4551</ele></trkpt>
      <trkpt lat="29.669236" lon="99.600573"><ele>4553</ele></trkpt>
      <trkpt lat="29.669169" lon="99.600501"><ele>4554</ele></trkpt>
      <trkpt lat="29.669089" lon="99.600452"><ele>4555</ele></trkpt>
      <trkpt lat="29.669017" lon="99.600382"><ele>4557</ele></trkpt>
      <trkpt lat="29.668861" lon="99.600257"><ele>4561</ele></trkpt>
      <trkpt lat="29.668812" lon="99.600169"><ele>4562</ele></trkpt>
      <trkpt lat="29.668753" lon="99.600087"><ele>4564</ele></trkpt>
      <trkpt lat="29.668676" lon="99.600031"><ele>4565</ele></trkpt>
      <trkpt lat="29.668583" lon="99.600011"><ele>4567</ele></trkpt>
      <trkpt lat="29.668423" lon="99.599905"><ele>4572</ele></trkpt>
      <trkpt lat="29.668359" lon="99.599821"><ele>4573</ele></trkpt>
      <trkpt lat="29.668279" lon="99.599763"><ele>4574</ele></trkpt>
      <trkpt lat="29.668229" lon="99.599659"><ele>4574</ele></trkpt>
      <trkpt lat="29.668151" lon="99.599605"><ele>4575</ele></trkpt>
      <trkpt lat="29.668065" lon="99.599569"><ele>4577</ele></trkpt>
      <trkpt lat="29.667968" lon="99.599572"><ele>4577</ele></trkpt>
      <trkpt lat="29.667788" lon="99.59952"><ele>4579</ele></trkpt>
      <trkpt lat="29.667698" lon="99.599483"><ele>4578</ele></trkpt>
      <trkpt lat="29.667456" lon="99.599326"><ele>4582</ele></trkpt>
      <trkpt lat="29.667333" lon="99.599169"><ele>4585</ele></trkpt>
      <trkpt lat="29.66725" lon="99.599116"><ele>4589</ele></trkpt>
      <trkpt lat="29.66689" lon="99.599"><ele>4596</ele></trkpt>
      <trkpt lat="29.666799" lon="99.598982"><ele>4596</ele></trkpt>
      <trkpt lat="29.666705" lon="99.599004"><ele>4597</ele></trkpt>
      <trkpt lat="29.666603" lon="99.59901"><ele>4597</ele></trkpt>
      <trkpt lat="29.666514" lon="99.598998"><ele>4596</ele></trkpt>
      <trkpt lat="29.66644" lon="99.59893"><ele>4597</ele></trkpt>
      <trkpt lat="29.666353" lon="99.598893"><ele>4598</ele></trkpt>
      <trkpt lat="29.666286" lon="99.598816"><ele>4599</ele></trkpt>
      <trkpt lat="29.666211" lon="99.598751"><ele>4601</ele></trkpt>
      <trkpt lat="29.666123" lon="99.598719"><ele>4602</ele></trkpt>
      <trkpt lat="29.665937" lon="99.598721"><ele>4604</ele></trkpt>
      <trkpt lat="29.665844" lon="99.598707"><ele>4603</ele></trkpt>
      <trkpt lat="29.665666" lon="99.598643"><ele>4605</ele></trkpt>
      <trkpt lat="29.665577" lon="99.5986"><ele>4605</ele></trkpt>
      <trkpt lat="29.665503" lon="99.598539"><ele>4606</ele></trkpt>
      <trkpt lat="29.665413" lon="99.598513"><ele>4607</ele></trkpt>
      <trkpt lat="29.665321" lon="99.598506"><ele>4608</ele></trkpt>
      <trkpt lat="29.66523" lon="99.59848"><ele>4607</ele></trkpt>
      <trkpt lat="29.665135" lon="99.59849"><ele>4608</ele></trkpt>
      <trkpt lat="29.665036" lon="99.598477"><ele>4606</ele></trkpt>
      <trkpt lat="29.664937" lon="99.598477"><ele>4606</ele></trkpt>
      <trkpt lat="29.664748" lon="99.598424"><ele>4606</ele></trkpt>
      <trkpt lat="29.664659" lon="99.598376"><ele>4605</ele></trkpt>
      <trkpt lat="29.664386" lon="99.598266"><ele>4605</ele></trkpt>
      <trkpt lat="29.664303" lon="99.598214"><ele>4605</ele></trkpt>
      <trkpt lat="29.664244" lon="99.598135"><ele>4604</ele></trkpt>
      <trkpt lat="29.66416" lon="99.598082"><ele>4604</ele></trkpt>
      <trkpt lat="29.664064" lon="99.598087"><ele>4604</ele></trkpt>
      <trkpt lat="29.663979" lon="99.598053"><ele>4605</ele></trkpt>
      <trkpt lat="29.663886" lon="99.598057"><ele>4604</ele></trkpt>
      <trkpt lat="29.663794" lon="99.598077"><ele>4608</ele></trkpt>
      <trkpt lat="29.663743" lon="99.59799"><ele>4607</ele></trkpt>
      <trkpt lat="29.663566" lon="99.597912"><ele>4610</ele></trkpt>
      <trkpt lat="29.663465" lon="99.597912"><ele>4611</ele></trkpt>
      <trkpt lat="29.663397" lon="99.59784"><ele>4612</ele></trkpt>
      <trkpt lat="29.663226" lon="99.597754"><ele>4614</ele></trkpt>
      <trkpt lat="29.663134" lon="99.597725"><ele>4616</ele></trkpt>
      <trkpt lat="29.663052" lon="99.597665"><ele>4616</ele></trkpt>
      <trkpt lat="29.662979" lon="99.597597"><ele>4614</ele></trkpt>
      <trkpt lat="29.662896" lon="99.597556"><ele>4616</ele></trkpt>
      <trkpt lat="29.662807" lon="99.597531"><ele>4618</ele></trkpt>
      <trkpt lat="29.662721" lon="99.597485"><ele>4617</ele></trkpt>
      <trkpt lat="29.662631" lon="99.597468"><ele>4617</ele></trkpt>
      <trkpt lat="29.662537" lon="99.597479"><ele>4615</ele></trkpt>
      <trkpt lat="29.662453" lon="99.59743"><ele>4614</ele></trkpt>
      <trkpt lat="29.662258" lon="99.597414"><ele>4614</ele></trkpt>
      <trkpt lat="29.662163" lon="99.597432"><ele>4614</ele></trkpt>
      <trkpt lat="29.66207" lon="99.597424"><ele>4613</ele></trkpt>
      <trkpt lat="29.66199" lon="99.597371"><ele>4613</ele></trkpt>
      <trkpt lat="29.6619" lon="99.597359"><ele>4614</ele></trkpt>
      <trkpt lat="29.661814" lon="99.597398"><ele>4614</ele></trkpt>
      <trkpt lat="29.661721" lon="99.597363"><ele>4612</ele></trkpt>
      <trkpt lat="29.661645" lon="99.597305"><ele>4614</ele></trkpt>
      <trkpt lat="29.661588" lon="99.597214"><ele>4614</ele></trkpt>
      <trkpt lat="29.661512" lon="99.597151"><ele>4615</ele></trkpt>
      <trkpt lat="29.661426" lon="99.597109"><ele>4616</ele></trkpt>
      <trkpt lat="29.661346" lon="99.597052"><ele>4617</ele></trkpt>
      <trkpt lat="29.66128" lon="99.596979"><ele>4617</ele></trkpt>
      <trkpt lat="29.661189" lon="99.596965"><ele>4620</ele></trkpt>
      <trkpt lat="29.661132" lon="99.596879"><ele>4620</ele></trkpt>
      <trkpt lat="29.661104" lon="99.596779"><ele>4622</ele></trkpt>
      <trkpt lat="29.661051" lon="99.596688"><ele>4623</ele></trkpt>
      <trkpt lat="29.661015" lon="99.596593"><ele>4626</ele></trkpt>
      <trkpt lat="29.660878" lon="99.596445"><ele>4629</ele></trkpt>
      <trkpt lat="29.66089" lon="99.596335"><ele>4626</ele></trkpt>
      <trkpt lat="29.660958" lon="99.596267"><ele>4625</ele></trkpt>
      <trkpt lat="29.660876" lon="99.59631"><ele>4630</ele></trkpt>
      <trkpt lat="29.660965" lon="99.596279"><ele>4625</ele></trkpt>
      <trkpt lat="29.660918" lon="99.596382"><ele>4624</ele></trkpt>
      <trkpt lat="29.660928" lon="99.596489"><ele>4624</ele></trkpt>
      <trkpt lat="29.660921" lon="99.596597"><ele>4617</ele></trkpt>
      <trkpt lat="29.660984" lon="99.596515"><ele>4619</ele></trkpt>
      <trkpt lat="29.6609" lon="99.596456"><ele>4626</ele></trkpt>
      <trkpt lat="29.660908" lon="99.596351"><ele>4626</ele></trkpt>
      <trkpt lat="29.660819" lon="99.596403"><ele>4627</ele></trkpt>
      <trkpt lat="29.660908" lon="99.596362"><ele>4623</ele></trkpt>
      <trkpt lat="29.660971" lon="99.596279"><ele>4624</ele></trkpt>
      <trkpt lat="29.661026" lon="99.596378"><ele>4629</ele></trkpt>
      <trkpt lat="29.660971" lon="99.596292"><ele>4627</ele></trkpt>
      <trkpt lat="29.660918" lon="99.596381"><ele>4629</ele></trkpt>
      <trkpt lat="29.660906" lon="99.596533"><ele>4637</ele></trkpt>
      <trkpt lat="29.660847" lon="99.596448"><ele>4619</ele></trkpt>
      <trkpt lat="29.660818" lon="99.596345"><ele>4620</ele></trkpt>
      <trkpt lat="29.660898" lon="99.59628"><ele>4621</ele></trkpt>
      <trkpt lat="29.660813" lon="99.596318"><ele>4627</ele></trkpt>
      <trkpt lat="29.660635" lon="99.596255"><ele>4622</ele></trkpt>
      <trkpt lat="29.660557" lon="99.596194"><ele>4623</ele></trkpt>
      <trkpt lat="29.660433" lon="99.596042"><ele>4625</ele></trkpt>
      <trkpt lat="29.660366" lon="99.59584"><ele>4627</ele></trkpt>
      <trkpt lat="29.660258" lon="99.595669"><ele>4627</ele></trkpt>
      <trkpt lat="29.660212" lon="99.595572"><ele>4629</ele></trkpt>
      <trkpt lat="29.660153" lon="99.595487"><ele>4627</ele></trkpt>
      <trkpt lat="29.660004" lon="99.595353"><ele>4628</ele></trkpt>
      <trkpt lat="29.659732" lon="99.595264"><ele>4626</ele></trkpt>
      <trkpt lat="29.659377" lon="99.59511"><ele>4624</ele></trkpt>
      <trkpt lat="29.659163" lon="99.594912"><ele>4627</ele></trkpt>
      <trkpt lat="29.65908" lon="99.594855"><ele>4627</ele></trkpt>
      <trkpt lat="29.659024" lon="99.594774"><ele>4629</ele></trkpt>
      <trkpt lat="29.658951" lon="99.594709"><ele>4632</ele></trkpt>
      <trkpt lat="29.658883" lon="99.594629"><ele>4634</ele></trkpt>
      <trkpt lat="29.658801" lon="99.594576"><ele>4636</ele></trkpt>
      <trkpt lat="29.658714" lon="99.594534"><ele>4638</ele></trkpt>
      <trkpt lat="29.65864" lon="99.594465"><ele>4642</ele></trkpt>
      <trkpt lat="29.65855" lon="99.594449"><ele>4643</ele></trkpt>
      <trkpt lat="29.658381" lon="99.59436"><ele>4646</ele></trkpt>
      <trkpt lat="29.658194" lon="99.594328"><ele>4649</ele></trkpt>
      <trkpt lat="29.658114" lon="99.594278"><ele>4652</ele></trkpt>
      <trkpt lat="29.657931" lon="99.594238"><ele>4656</ele></trkpt>
      <trkpt lat="29.657843" lon="99.594206"><ele>4660</ele></trkpt>
      <trkpt lat="29.657751" lon="99.594211"><ele>4662</ele></trkpt>
      <trkpt lat="29.657657" lon="99.594199"><ele>4666</ele></trkpt>
      <trkpt lat="29.657468" lon="99.594197"><ele>4670</ele></trkpt>
      <trkpt lat="29.657372" lon="99.594223"><ele>4672</ele></trkpt>
      <trkpt lat="29.657281" lon="99.59423"><ele>4673</ele></trkpt>
      <trkpt lat="29.657217" lon="99.59415"><ele>4674</ele></trkpt>
      <trkpt lat="29.657129" lon="99.594127"><ele>4674</ele></trkpt>
      <trkpt lat="29.657051" lon="99.594066"><ele>4676</ele></trkpt>
      <trkpt lat="29.656964" lon="99.594021"><ele>4678</ele></trkpt>
      <trkpt lat="29.656784" lon="99.594001"><ele>4680</ele></trkpt>
      <trkpt lat="29.656595" lon="99.593997"><ele>4681</ele></trkpt>
      <trkpt lat="29.656504" lon="99.594022"><ele>4683</ele></trkpt>
      <trkpt lat="29.656302" lon="99.594236"><ele>4684</ele></trkpt>
      <trkpt lat="29.656213" lon="99.594259"><ele>4683</ele></trkpt>
      <trkpt lat="29.656032" lon="99.594287"><ele>4687</ele></trkpt>
      <trkpt lat="29.65576" lon="99.594234"><ele>4690</ele></trkpt>
      <trkpt lat="29.65569" lon="99.5943"><ele>4692</ele></trkpt>
      <trkpt lat="29.65551" lon="99.594371"><ele>4695</ele></trkpt>
      <trkpt lat="29.655424" lon="99.594337"><ele>4697</ele></trkpt>
      <trkpt lat="29.655334" lon="99.594354"><ele>4698</ele></trkpt>
      <trkpt lat="29.655076" lon="99.594466"><ele>4699</ele></trkpt>
      <trkpt lat="29.654986" lon="99.594472"><ele>4699</ele></trkpt>
      <trkpt lat="29.654886" lon="99.594465"><ele>4697</ele></trkpt>
      <trkpt lat="29.654794" lon="99.594478"><ele>4696</ele></trkpt>
      <trkpt lat="29.654638" lon="99.594344"><ele>4694</ele></trkpt>
      <trkpt lat="29.654558" lon="99.594294"><ele>4693</ele></trkpt>
      <trkpt lat="29.654463" lon="99.594283"><ele>4695</ele></trkpt>
      <trkpt lat="29.654299" lon="99.594373"><ele>4696</ele></trkpt>
      <trkpt lat="29.654217" lon="99.594436"><ele>4696</ele></trkpt>
      <trkpt lat="29.654124" lon="99.59443"><ele>4694</ele></trkpt>
      <trkpt lat="29.654184" lon="99.594508"><ele>4694</ele></trkpt>
      <trkpt lat="29.654122" lon="99.594591"><ele>4694</ele></trkpt>
      <trkpt lat="29.654096" lon="99.594693"><ele>4694</ele></trkpt>
      <trkpt lat="29.65401" lon="99.594731"><ele>4694</ele></trkpt>
      <trkpt lat="29.653935" lon="99.594801"><ele>4693</ele></trkpt>
      <trkpt lat="29.653868" lon="99.594878"><ele>4694</ele></trkpt>
      <trkpt lat="29.653817" lon="99.594965"><ele>4692</ele></trkpt>
      <trkpt lat="29.653734" lon="99.595009"><ele>4692</ele></trkpt>
      <trkpt lat="29.65364" lon="99.595024"><ele>4692</ele></trkpt>
      <trkpt lat="29.653544" lon="99.595023"><ele>4692</ele></trkpt>
      <trkpt lat="29.653365" lon="99.594958"><ele>4692</ele></trkpt>
      <trkpt lat="29.65328" lon="99.594914"><ele>4692</ele></trkpt>
      <trkpt lat="29.653115" lon="99.59481"><ele>4692</ele></trkpt>
      <trkpt lat="29.653029" lon="99.594767"><ele>4692</ele></trkpt>
      <trkpt lat="29.652971" lon="99.594682"><ele>4693</ele></trkpt>
      <trkpt lat="29.652889" lon="99.594626"><ele>4693</ele></trkpt>
      <trkpt lat="29.652802" lon="99.594586"><ele>4693</ele></trkpt>
      <trkpt lat="29.652718" lon="99.594533"><ele>4692</ele></trkpt>
      <trkpt lat="29.652668" lon="99.594441"><ele>4693</ele></trkpt>
      <trkpt lat="29.652634" lon="99.594341"><ele>4691</ele></trkpt>
      <trkpt lat="29.652615" lon="99.594238"><ele>4692</ele></trkpt>
      <trkpt lat="29.652583" lon="99.594136"><ele>4692</ele></trkpt>
      <trkpt lat="29.652512" lon="99.594066"><ele>4694</ele></trkpt>
      <trkpt lat="29.652464" lon="99.59397"><ele>4692</ele></trkpt>
      <trkpt lat="29.652432" lon="99.593861"><ele>4693</ele></trkpt>
      <trkpt lat="29.652402" lon="99.593549"><ele>4694</ele></trkpt>
      <trkpt lat="29.652408" lon="99.593445"><ele>4697</ele></trkpt>
      <trkpt lat="29.652368" lon="99.593353"><ele>4699</ele></trkpt>
      <trkpt lat="29.652361" lon="99.593247"><ele>4703</ele></trkpt>
      <trkpt lat="29.652233" lon="99.593095"><ele>4709</ele></trkpt>
      <trkpt lat="29.652082" lon="99.592959"><ele>4715</ele></trkpt>
      <trkpt lat="29.652029" lon="99.592874"><ele>4719</ele></trkpt>
      <trkpt lat="29.651984" lon="99.592671"><ele>4721</ele></trkpt>
      <trkpt lat="29.651982" lon="99.592566"><ele>4722</ele></trkpt>
      <trkpt lat="29.651966" lon="99.592461"><ele>4723</ele></trkpt>
      <trkpt lat="29.651936" lon="99.592356"><ele>4725</ele></trkpt>
      <trkpt lat="29.651927" lon="99.592246"><ele>4725</ele></trkpt>
      <trkpt lat="29.651872" lon="99.592038"><ele>4725</ele></trkpt>
      <trkpt lat="29.651859" lon="99.59193"><ele>4727</ele></trkpt>
      <trkpt lat="29.65181" lon="99.591838"><ele>4726</ele></trkpt>
      <trkpt lat="29.651804" lon="99.591733"><ele>4727</ele></trkpt>
      <trkpt lat="29.651777" lon="99.591625"><ele>4727</ele></trkpt>
      <trkpt lat="29.651709" lon="99.591554"><ele>4727</ele></trkpt>
      <trkpt lat="29.651612" lon="99.591569"><ele>4728</ele></trkpt>
      <trkpt lat="29.651577" lon="99.591674"><ele>4728</ele></trkpt>
      <trkpt lat="29.651615" lon="99.591768"><ele>4728</ele></trkpt>
      <trkpt lat="29.651699" lon="99.591808"><ele>4727</ele></trkpt>
      <trkpt lat="29.651792" lon="99.591792"><ele>4726</ele></trkpt>
      <trkpt lat="29.651845" lon="99.591704"><ele>4727</ele></trkpt>
      <trkpt lat="29.651825" lon="99.591595"><ele>4727</ele></trkpt>
      <trkpt lat="29.651832" lon="99.591485"><ele>4727</ele></trkpt>
      <trkpt lat="29.651813" lon="99.591275"><ele>4729</ele></trkpt>
      <trkpt lat="29.651798" lon="99.591167"><ele>4730</ele></trkpt>
      <trkpt lat="29.651768" lon="99.591069"><ele>4731</ele></trkpt>
      <trkpt lat="29.651761" lon="99.590965"><ele>4733</ele></trkpt>
      <trkpt lat="29.65178" lon="99.590745"><ele>4735</ele></trkpt>
      <trkpt lat="29.651816" lon="99.590647"><ele>4735</ele></trkpt>
      <trkpt lat="29.651869" lon="99.590446"><ele>4737</ele></trkpt>
      <trkpt lat="29.651874" lon="99.590341"><ele>4739</ele></trkpt>
      <trkpt lat="29.651869" lon="99.59013"><ele>4740</ele></trkpt>
      <trkpt lat="29.651857" lon="99.59002"><ele>4742</ele></trkpt>
      <trkpt lat="29.651866" lon="99.589917"><ele>4742</ele></trkpt>
      <trkpt lat="29.651891" lon="99.589813"><ele>4742</ele></trkpt>
      <trkpt lat="29.651901" lon="99.589593"><ele>4747</ele></trkpt>
      <trkpt lat="29.651856" lon="99.589385"><ele>4751</ele></trkpt>
      <trkpt lat="29.651832" lon="99.589175"><ele>4755</ele></trkpt>
      <trkpt lat="29.651874" lon="99.589082"><ele>4756</ele></trkpt>
      <trkpt lat="29.651903" lon="99.588982"><ele>4756</ele></trkpt>
      <trkpt lat="29.651913" lon="99.588879"><ele>4757</ele></trkpt>
      <trkpt lat="29.651913" lon="99.588669"><ele>4757</ele></trkpt>
      <trkpt lat="29.651948" lon="99.588557"><ele>4758</ele></trkpt>
      <trkpt lat="29.651923" lon="99.588449"><ele>4757</ele></trkpt>
      <trkpt lat="29.652004" lon="99.588396"><ele>4756</ele></trkpt>
      <trkpt lat="29.652098" lon="99.588379"><ele>4758</ele></trkpt>
      <trkpt lat="29.652029" lon="99.588307"><ele>4755</ele></trkpt>
      <trkpt lat="29.65195" lon="99.588249"><ele>4753</ele></trkpt>
      <trkpt lat="29.651979" lon="99.588144"><ele>4751</ele></trkpt>
      <trkpt lat="29.652018" lon="99.587934"><ele>4748</ele></trkpt>
      <trkpt lat="29.652078" lon="99.587846"><ele>4745</ele></trkpt>
      <trkpt lat="29.652152" lon="99.587529"><ele>4738</ele></trkpt>
      <trkpt lat="29.652122" lon="99.587425"><ele>4737</ele></trkpt>
      <trkpt lat="29.65214" lon="99.587318"><ele>4735</ele></trkpt>
      <trkpt lat="29.652194" lon="99.587231"><ele>4734</ele></trkpt>
      <trkpt lat="29.652222" lon="99.587126"><ele>4732</ele></trkpt>
      <trkpt lat="29.652182" lon="99.586911"><ele>4731</ele></trkpt>
      <trkpt lat="29.652212" lon="99.586811"><ele>4730</ele></trkpt>
      <trkpt lat="29.652228" lon="99.586708"><ele>4731</ele></trkpt>
      <trkpt lat="29.65232" lon="99.586524"><ele>4733</ele></trkpt>
      <trkpt lat="29.652316" lon="99.586413"><ele>4734</ele></trkpt>
      <trkpt lat="29.652412" lon="99.586385"><ele>4734</ele></trkpt>
      <trkpt lat="29.65234" lon="99.586313"><ele>4733</ele></trkpt>
      <trkpt lat="29.652298" lon="99.586111"><ele>4737</ele></trkpt>
      <trkpt lat="29.652237" lon="99.58591"><ele>4741</ele></trkpt>
      <trkpt lat="29.652194" lon="99.585817"><ele>4742</ele></trkpt>
      <trkpt lat="29.652177" lon="99.585605"><ele>4745</ele></trkpt>
      <trkpt lat="29.652186" lon="99.585498"><ele>4745</ele></trkpt>
      <trkpt lat="29.65215" lon="99.585401"><ele>4746</ele></trkpt>
      <trkpt lat="29.652243" lon="99.585414"><ele>4744</ele></trkpt>
      <trkpt lat="29.652325" lon="99.585466"><ele>4743</ele></trkpt>
      <trkpt lat="29.652412" lon="99.585494"><ele>4745</ele></trkpt>
      <trkpt lat="29.652331" lon="99.585448"><ele>4747</ele></trkpt>
      <trkpt lat="29.65224" lon="99.585412"><ele>4747</ele></trkpt>
      <trkpt lat="29.652162" lon="99.58536"><ele>4747</ele></trkpt>
      <trkpt lat="29.652115" lon="99.585155"><ele>4749</ele></trkpt>
      <trkpt lat="29.652106" lon="99.585047"><ele>4751</ele></trkpt>
      <trkpt lat="29.652144" lon="99.584945"><ele>4751</ele></trkpt>
      <trkpt lat="29.652104" lon="99.584737"><ele>4757</ele></trkpt>
      <trkpt lat="29.652103" lon="99.584629"><ele>4759</ele></trkpt>
      <trkpt lat="29.652144" lon="99.584421"><ele>4762</ele></trkpt>
      <trkpt lat="29.652185" lon="99.584327"><ele>4763</ele></trkpt>
      <trkpt lat="29.652169" lon="99.584221"><ele>4765</ele></trkpt>
      <trkpt lat="29.652165" lon="99.584116"><ele>4764</ele></trkpt>
      <trkpt lat="29.652179" lon="99.583899"><ele>4765</ele></trkpt>
      <trkpt lat="29.652164" lon="99.58368"><ele>4767</ele></trkpt>
      <trkpt lat="29.652179" lon="99.583577"><ele>4767</ele></trkpt>
      <trkpt lat="29.652215" lon="99.583472"><ele>4768</ele></trkpt>
      <trkpt lat="29.652282" lon="99.583401"><ele>4768</ele></trkpt>
      <trkpt lat="29.652297" lon="99.583291"><ele>4768</ele></trkpt>
      <trkpt lat="29.652173" lon="99.583124"><ele>4768</ele></trkpt>
      <trkpt lat="29.652164" lon="99.583019"><ele>4768</ele></trkpt>
      <trkpt lat="29.65222" lon="99.582934"><ele>4771</ele></trkpt>
      <trkpt lat="29.652259" lon="99.582732"><ele>4770</ele></trkpt>
      <trkpt lat="29.652266" lon="99.582624"><ele>4767</ele></trkpt>
      <trkpt lat="29.652333" lon="99.582415"><ele>4764</ele></trkpt>
      <trkpt lat="29.652394" lon="99.582333"><ele>4764</ele></trkpt>
      <trkpt lat="29.652443" lon="99.582245"><ele>4763</ele></trkpt>
      <trkpt lat="29.652582" lon="99.582093"><ele>4764</ele></trkpt>
      <trkpt lat="29.652688" lon="99.581917"><ele>4764</ele></trkpt>
      <trkpt lat="29.652757" lon="99.581845"><ele>4764</ele></trkpt>
      <trkpt lat="29.652937" lon="99.581771"><ele>4767</ele></trkpt>
      <trkpt lat="29.653017" lon="99.581717"><ele>4770</ele></trkpt>
      <trkpt lat="29.653191" lon="99.581632"><ele>4775</ele></trkpt>
      <trkpt lat="29.653233" lon="99.581533"><ele>4778</ele></trkpt>
      <trkpt lat="29.653344" lon="99.581364"><ele>4786</ele></trkpt>
      <trkpt lat="29.653412" lon="99.581291"><ele>4788</ele></trkpt>
      <trkpt lat="29.653499" lon="99.581264"><ele>4790</ele></trkpt>
      <trkpt lat="29.653548" lon="99.581168"><ele>4791</ele></trkpt>
      <trkpt lat="29.653608" lon="99.581077"><ele>4793</ele></trkpt>
      <trkpt lat="29.653682" lon="99.581014"><ele>4794</ele></trkpt>
      <trkpt lat="29.653756" lon="99.58082"><ele>4801</ele></trkpt>
      <trkpt lat="29.653866" lon="99.580647"><ele>4807</ele></trkpt>
      <trkpt lat="29.653904" lon="99.580553"><ele>4809</ele></trkpt>
      <trkpt lat="29.654076" lon="99.580305"><ele>4816</ele></trkpt>
      <trkpt lat="29.654148" lon="99.580231"><ele>4818</ele></trkpt>
      <trkpt lat="29.654243" lon="99.580215"><ele>4820</ele></trkpt>
      <trkpt lat="29.654322" lon="99.580154"><ele>4822</ele></trkpt>
      <trkpt lat="29.654434" lon="99.579979"><ele>4826</ele></trkpt>
      <trkpt lat="29.654499" lon="99.579901"><ele>4828</ele></trkpt>
      <trkpt lat="29.654543" lon="99.579811"><ele>4828</ele></trkpt>
      <trkpt lat="29.654605" lon="99.579729"><ele>4831</ele></trkpt>
      <trkpt lat="29.654671" lon="99.579802"><ele>4829</ele></trkpt>
      <trkpt lat="29.654701" lon="99.579906"><ele>4830</ele></trkpt>
      <trkpt lat="29.654703" lon="99.58001"><ele>4830</ele></trkpt>
      <trkpt lat="29.654719" lon="99.580123"><ele>4831</ele></trkpt>
      <trkpt lat="29.654696" lon="99.580231"><ele>4833</ele></trkpt>
      <trkpt lat="29.654687" lon="99.580334"><ele>4834</ele></trkpt>
      <trkpt lat="29.654616" lon="99.5804"><ele>4835</ele></trkpt>
      <trkpt lat="29.654615" lon="99.58051"><ele>4830</ele></trkpt>
      <trkpt lat="29.654614" lon="99.580299"><ele>4832</ele></trkpt>
      <trkpt lat="29.654628" lon="99.580195"><ele>4833</ele></trkpt>
      <trkpt lat="29.654627" lon="99.580085"><ele>4831</ele></trkpt>
      <trkpt lat="29.654645" lon="99.579978"><ele>4831</ele></trkpt>
      <trkpt lat="29.65465" lon="99.579865"><ele>4832</ele></trkpt>
      <trkpt lat="29.654638" lon="99.579759"><ele>4832</ele></trkpt>
      <trkpt lat="29.654651" lon="99.579655"><ele>4832</ele></trkpt>
      <trkpt lat="29.654705" lon="99.579569"><ele>4831</ele></trkpt>
      <trkpt lat="29.654708" lon="99.579466"><ele>4831</ele></trkpt>
      <trkpt lat="29.654725" lon="99.579358"><ele>4829</ele></trkpt>
      <trkpt lat="29.654731" lon="99.579243"><ele>4827</ele></trkpt>
      <trkpt lat="29.654813" lon="99.579049"><ele>4829</ele></trkpt>
      <trkpt lat="29.654865" lon="99.578962"><ele>4829</ele></trkpt>
      <trkpt lat="29.654942" lon="99.578903"><ele>4829</ele></trkpt>
      <trkpt lat="29.655037" lon="99.578894"><ele>4830</ele></trkpt>
      <trkpt lat="29.655122" lon="99.578846"><ele>4832</ele></trkpt>
      <trkpt lat="29.655402" lon="99.578825"><ele>4839</ele></trkpt>
      <trkpt lat="29.655491" lon="99.578794"><ele>4841</ele></trkpt>
      <trkpt lat="29.655765" lon="99.578737"><ele>4846</ele></trkpt>
      <trkpt lat="29.656133" lon="99.57871"><ele>4861</ele></trkpt>
      <trkpt lat="29.656224" lon="99.578737"><ele>4865</ele></trkpt>
      <trkpt lat="29.656316" lon="99.578728"><ele>4869</ele></trkpt>
      <trkpt lat="29.656387" lon="99.578532"><ele>4880</ele></trkpt>
      <trkpt lat="29.656477" lon="99.578494"><ele>4877</ele></trkpt>
      <trkpt lat="29.656567" lon="99.578506"><ele>4877</ele></trkpt>
      <trkpt lat="29.656666" lon="99.578505"><ele>4878</ele></trkpt>
      <trkpt lat="29.656824" lon="99.578376"><ele>4878</ele></trkpt>
      <trkpt lat="29.656887" lon="99.578288"><ele>4878</ele></trkpt>
      <trkpt lat="29.656963" lon="99.578217"><ele>4878</ele></trkpt>
      <trkpt lat="29.657055" lon="99.57819"><ele>4878</ele></trkpt>
      <trkpt lat="29.657212" lon="99.578082"><ele>4876</ele></trkpt>
      <trkpt lat="29.65728" lon="99.578011"><ele>4877</ele></trkpt>
      <trkpt lat="29.657355" lon="99.577947"><ele>4877</ele></trkpt>
      <trkpt lat="29.657436" lon="99.577899"><ele>4878</ele></trkpt>
      <trkpt lat="29.657505" lon="99.57783"><ele>4877</ele></trkpt>
      <trkpt lat="29.657591" lon="99.577791"><ele>4877</ele></trkpt>
      <trkpt lat="29.657688" lon="99.577762"><ele>4876</ele></trkpt>
      <trkpt lat="29.657839" lon="99.577625"><ele>4874</ele></trkpt>
      <trkpt lat="29.657963" lon="99.577459"><ele>4872</ele></trkpt>
      <trkpt lat="29.658043" lon="99.57741"><ele>4871</ele></trkpt>
      <trkpt lat="29.658144" lon="99.577235"><ele>4869</ele></trkpt>
      <trkpt lat="29.658446" lon="99.576966"><ele>4867</ele></trkpt>
      <trkpt lat="29.658512" lon="99.576891"><ele>4869</ele></trkpt>
      <trkpt lat="29.658683" lon="99.576789"><ele>4865</ele></trkpt>
      <trkpt lat="29.658758" lon="99.576721"><ele>4865</ele></trkpt>
      <trkpt lat="29.658827" lon="99.576642"><ele>4865</ele></trkpt>
      <trkpt lat="29.659012" lon="99.576393"><ele>4865</ele></trkpt>
      <trkpt lat="29.659433" lon="99.575981"><ele>4863</ele></trkpt>
      <trkpt lat="29.659739" lon="99.575553"><ele>4857</ele></trkpt>
      <trkpt lat="29.65987" lon="99.575398"><ele>4857</ele></trkpt>
      <trkpt lat="29.659949" lon="99.575335"><ele>4857</ele></trkpt>
      <trkpt lat="29.660018" lon="99.575261"><ele>4857</ele></trkpt>
      <trkpt lat="29.660217" lon="99.575021"><ele>4858</ele></trkpt>
      <trkpt lat="29.6603" lon="99.574962"><ele>4857</ele></trkpt>
      <trkpt lat="29.660395" lon="99.574772"><ele>4856</ele></trkpt>
      <trkpt lat="29.660479" lon="99.574719"><ele>4854</ele></trkpt>
      <trkpt lat="29.660656" lon="99.574656"><ele>4853</ele></trkpt>
      <trkpt lat="29.66075" lon="99.574639"><ele>4853</ele></trkpt>
      <trkpt lat="29.660827" lon="99.574571"><ele>4852</ele></trkpt>
      <trkpt lat="29.660917" lon="99.574588"><ele>4850</ele></trkpt>
      <trkpt lat="29.661006" lon="99.574571"><ele>4848</ele></trkpt>
      <trkpt lat="29.661089" lon="99.574525"><ele>4847</ele></trkpt>
      <trkpt lat="29.661183" lon="99.574538"><ele>4845</ele></trkpt>
      <trkpt lat="29.661359" lon="99.574452"><ele>4841</ele></trkpt>
      <trkpt lat="29.661456" lon="99.574436"><ele>4839</ele></trkpt>
      <trkpt lat="29.661542" lon="99.574393"><ele>4839</ele></trkpt>
      <trkpt lat="29.66173" lon="99.574321"><ele>4834</ele></trkpt>
      <trkpt lat="29.661822" lon="99.574299"><ele>4833</ele></trkpt>
      <trkpt lat="29.662004" lon="99.574208"><ele>4830</ele></trkpt>
      <trkpt lat="29.662094" lon="99.574191"><ele>4828</ele></trkpt>
      <trkpt lat="29.662271" lon="99.574135"><ele>4827</ele></trkpt>
      <trkpt lat="29.662447" lon="99.574057"><ele>4824</ele></trkpt>
      <trkpt lat="29.662534" lon="99.574027"><ele>4822</ele></trkpt>
      <trkpt lat="29.662624" lon="99.574011"><ele>4822</ele></trkpt>
      <trkpt lat="29.662913" lon="99.57391"><ele>4821</ele></trkpt>
      <trkpt lat="29.663095" lon="99.573834"><ele>4820</ele></trkpt>
      <trkpt lat="29.66319" lon="99.573792"><ele>4820</ele></trkpt>
      <trkpt lat="29.663366" lon="99.573685"><ele>4823</ele></trkpt>
      <trkpt lat="29.663532" lon="99.573559"><ele>4826</ele></trkpt>
      <trkpt lat="29.663827" lon="99.573281"><ele>4826</ele></trkpt>
      <trkpt lat="29.663917" lon="99.573259"><ele>4826</ele></trkpt>
      <trkpt lat="29.663974" lon="99.57317"><ele>4826</ele></trkpt>
      <trkpt lat="29.664049" lon="99.573105"><ele>4827</ele></trkpt>
      <trkpt lat="29.664133" lon="99.573054"><ele>4827</ele></trkpt>
      <trkpt lat="29.66422" lon="99.573026"><ele>4829</ele></trkpt>
      <trkpt lat="29.664315" lon="99.573038"><ele>4831</ele></trkpt>
      <trkpt lat="29.664512" lon="99.572786"><ele>4830</ele></trkpt>
      <trkpt lat="29.664562" lon="99.572691"><ele>4830</ele></trkpt>
      <trkpt lat="29.664682" lon="99.572534"><ele>4829</ele></trkpt>
      <trkpt lat="29.664756" lon="99.572458"><ele>4828</ele></trkpt>
      <trkpt lat="29.664835" lon="99.5724"><ele>4829</ele></trkpt>
      <trkpt lat="29.664923" lon="99.57236"><ele>4831</ele></trkpt>
      <trkpt lat="29.665001" lon="99.572301"><ele>4833</ele></trkpt>
      <trkpt lat="29.665059" lon="99.572208"><ele>4835</ele></trkpt>
      <trkpt lat="29.665089" lon="99.572105"><ele>4835</ele></trkpt>
      <trkpt lat="29.665186" lon="99.571919"><ele>4834</ele></trkpt>
      <trkpt lat="29.665204" lon="99.57181"><ele>4833</ele></trkpt>
      <trkpt lat="29.665296" lon="99.571615"><ele>4830</ele></trkpt>
      <trkpt lat="29.665471" lon="99.571552"><ele>4825</ele></trkpt>
      <trkpt lat="29.665544" lon="99.571484"><ele>4823</ele></trkpt>
      <trkpt lat="29.665639" lon="99.571465"><ele>4821</ele></trkpt>
      <trkpt lat="29.665732" lon="99.571496"><ele>4820</ele></trkpt>
      <trkpt lat="29.66583" lon="99.571514"><ele>4819</ele></trkpt>
      <trkpt lat="29.665921" lon="99.571512"><ele>4819</ele></trkpt>
      <trkpt lat="29.666013" lon="99.571528"><ele>4820</ele></trkpt>
      <trkpt lat="29.666007" lon="99.571419"><ele>4823</ele></trkpt>
      <trkpt lat="29.666036" lon="99.571319"><ele>4823</ele></trkpt>
      <trkpt lat="29.666033" lon="99.571212"><ele>4822</ele></trkpt>
      <trkpt lat="29.666102" lon="99.571016"><ele>4820</ele></trkpt>
      <trkpt lat="29.666161" lon="99.570933"><ele>4819</ele></trkpt>
      <trkpt lat="29.666241" lon="99.570866"><ele>4818</ele></trkpt>
      <trkpt lat="29.666302" lon="99.570773"><ele>4817</ele></trkpt>
      <trkpt lat="29.666387" lon="99.570569"><ele>4817</ele></trkpt>
      <trkpt lat="29.666431" lon="99.570364"><ele>4818</ele></trkpt>
      <trkpt lat="29.666476" lon="99.570272"><ele>4818</ele></trkpt>
      <trkpt lat="29.666535" lon="99.570181"><ele>4818</ele></trkpt>
      <trkpt lat="29.666611" lon="99.570112"><ele>4818</ele></trkpt>
      <trkpt lat="29.666701" lon="99.570076"><ele>4817</ele></trkpt>
      <trkpt lat="29.666919" lon="99.569862"><ele>4813</ele></trkpt>
      <trkpt lat="29.667002" lon="99.569818"><ele>4812</ele></trkpt>
      <trkpt lat="29.66714" lon="99.569674"><ele>4810</ele></trkpt>
      <trkpt lat="29.667229" lon="99.569634"><ele>4809</ele></trkpt>
      <trkpt lat="29.667306" lon="99.56957"><ele>4808</ele></trkpt>
      <trkpt lat="29.667455" lon="99.569428"><ele>4806</ele></trkpt>
      <trkpt lat="29.667528" lon="99.569351"><ele>4806</ele></trkpt>
      <trkpt lat="29.667584" lon="99.569269"><ele>4806</ele></trkpt>
      <trkpt lat="29.667657" lon="99.569205"><ele>4806</ele></trkpt>
      <trkpt lat="29.667744" lon="99.569155"><ele>4804</ele></trkpt>
      <trkpt lat="29.667821" lon="99.569098"><ele>4803</ele></trkpt>
      <trkpt lat="29.667963" lon="99.568963"><ele>4801</ele></trkpt>
      <trkpt lat="29.66828" lon="99.568735"><ele>4798</ele></trkpt>
      <trkpt lat="29.668478" lon="99.568477"><ele>4798</ele></trkpt>
      <trkpt lat="29.668551" lon="99.568409"><ele>4797</ele></trkpt>
      <trkpt lat="29.668607" lon="99.568317"><ele>4797</ele></trkpt>
      <trkpt lat="29.668672" lon="99.568238"><ele>4796</ele></trkpt>
      <trkpt lat="29.668725" lon="99.568148"><ele>4794</ele></trkpt>
      <trkpt lat="29.668849" lon="99.567974"><ele>4794</ele></trkpt>
      <trkpt lat="29.668894" lon="99.56788"><ele>4793</ele></trkpt>
      <trkpt lat="29.669015" lon="99.567588"><ele>4791</ele></trkpt>
      <trkpt lat="29.669063" lon="99.567387"><ele>4795</ele></trkpt>
      <trkpt lat="29.669128" lon="99.567182"><ele>4797</ele></trkpt>
      <trkpt lat="29.669224" lon="99.566989"><ele>4798</ele></trkpt>
      <trkpt lat="29.669284" lon="99.5669"><ele>4798</ele></trkpt>
      <trkpt lat="29.669377" lon="99.566705"><ele>4799</ele></trkpt>
      <trkpt lat="29.669428" lon="99.566617"><ele>4799</ele></trkpt>
      <trkpt lat="29.669558" lon="99.566216"><ele>4801</ele></trkpt>
      <trkpt lat="29.669596" lon="99.56612"><ele>4800</ele></trkpt>
      <trkpt lat="29.669726" lon="99.565961"><ele>4800</ele></trkpt>
      <trkpt lat="29.669768" lon="99.565865"><ele>4800</ele></trkpt>
      <trkpt lat="29.669781" lon="99.56576"><ele>4802</ele></trkpt>
      <trkpt lat="29.669828" lon="99.565672"><ele>4802</ele></trkpt>
      <trkpt lat="29.66986" lon="99.565572"><ele>4804</ele></trkpt>
      <trkpt lat="29.670014" lon="99.565301"><ele>4806</ele></trkpt>
      <trkpt lat="29.670131" lon="99.565003"><ele>4808</ele></trkpt>
      <trkpt lat="29.67016" lon="99.5649"><ele>4808</ele></trkpt>
      <trkpt lat="29.670227" lon="99.564822"><ele>4811</ele></trkpt>
      <trkpt lat="29.670276" lon="99.564733"><ele>4811</ele></trkpt>
      <trkpt lat="29.67034" lon="99.564648"><ele>4812</ele></trkpt>
      <trkpt lat="29.670408" lon="99.564573"><ele>4811</ele></trkpt>
      <trkpt lat="29.670576" lon="99.564469"><ele>4810</ele></trkpt>
      <trkpt lat="29.67065" lon="99.564405"><ele>4812</ele></trkpt>
      <trkpt lat="29.670767" lon="99.564241"><ele>4817</ele></trkpt>
      <trkpt lat="29.670838" lon="99.56417"><ele>4816</ele></trkpt>
      <trkpt lat="29.670865" lon="99.564065"><ele>4817</ele></trkpt>
      <trkpt lat="29.671016" lon="99.563944"><ele>4817</ele></trkpt>
      <trkpt lat="29.671086" lon="99.563866"><ele>4818</ele></trkpt>
      <trkpt lat="29.671266" lon="99.563613"><ele>4822</ele></trkpt>
      <trkpt lat="29.671401" lon="99.563464"><ele>4825</ele></trkpt>
      <trkpt lat="29.671474" lon="99.563257"><ele>4824</ele></trkpt>
      <trkpt lat="29.671526" lon="99.563159"><ele>4821</ele></trkpt>
      <trkpt lat="29.671562" lon="99.563062"><ele>4819</ele></trkpt>
      <trkpt lat="29.671622" lon="99.562978"><ele>4817</ele></trkpt>
      <trkpt lat="29.671671" lon="99.562771"><ele>4816</ele></trkpt>
      <trkpt lat="29.671773" lon="99.562588"><ele>4813</ele></trkpt>
      <trkpt lat="29.671812" lon="99.562486"><ele>4813</ele></trkpt>
      <trkpt lat="29.671893" lon="99.562417"><ele>4809</ele></trkpt>
      <trkpt lat="29.671922" lon="99.562308"><ele>4807</ele></trkpt>
      <trkpt lat="29.672059" lon="99.56215"><ele>4805</ele></trkpt>
      <trkpt lat="29.672109" lon="99.562063"><ele>4808</ele></trkpt>
      <trkpt lat="29.672174" lon="99.561988"><ele>4805</ele></trkpt>
      <trkpt lat="29.672454" lon="99.56155"><ele>4801</ele></trkpt>
      <trkpt lat="29.672542" lon="99.561508"><ele>4800</ele></trkpt>
      <trkpt lat="29.672596" lon="99.561422"><ele>4801</ele></trkpt>
      <trkpt lat="29.67268" lon="99.561383"><ele>4800</ele></trkpt>
      <trkpt lat="29.672722" lon="99.561289"><ele>4801</ele></trkpt>
      <trkpt lat="29.672791" lon="99.561221"><ele>4800</ele></trkpt>
      <trkpt lat="29.672904" lon="99.561049"><ele>4800</ele></trkpt>
      <trkpt lat="29.672936" lon="99.560941"><ele>4800</ele></trkpt>
      <trkpt lat="29.673021" lon="99.560883"><ele>4799</ele></trkpt>
      <trkpt lat="29.673078" lon="99.560794"><ele>4800</ele></trkpt>
      <trkpt lat="29.67311" lon="99.560685"><ele>4800</ele></trkpt>
      <trkpt lat="29.673162" lon="99.560596"><ele>4800</ele></trkpt>
      <trkpt lat="29.673227" lon="99.560522"><ele>4800</ele></trkpt>
      <trkpt lat="29.673275" lon="99.560428"><ele>4799</ele></trkpt>
      <trkpt lat="29.673335" lon="99.560346"><ele>4798</ele></trkpt>
      <trkpt lat="29.673328" lon="99.560033"><ele>4798</ele></trkpt>
      <trkpt lat="29.673335" lon="99.559929"><ele>4798</ele></trkpt>
      <trkpt lat="29.673354" lon="99.559824"><ele>4797</ele></trkpt>
      <trkpt lat="29.673332" lon="99.559722"><ele>4801</ele></trkpt>
      <trkpt lat="29.673336" lon="99.559392"><ele>4803</ele></trkpt>
      <trkpt lat="29.673292" lon="99.55918"><ele>4799</ele></trkpt>
      <trkpt lat="29.673298" lon="99.559068"><ele>4795</ele></trkpt>
      <trkpt lat="29.673317" lon="99.558966"><ele>4793</ele></trkpt>
      <trkpt lat="29.673303" lon="99.558863"><ele>4790</ele></trkpt>
      <trkpt lat="29.673325" lon="99.558655"><ele>4785</ele></trkpt>
      <trkpt lat="29.673327" lon="99.558543"><ele>4783</ele></trkpt>
      <trkpt lat="29.673316" lon="99.558437"><ele>4780</ele></trkpt>
      <trkpt lat="29.673321" lon="99.558334"><ele>4779</ele></trkpt>
      <trkpt lat="29.67337" lon="99.558113"><ele>4775</ele></trkpt>
      <trkpt lat="29.673381" lon="99.558007"><ele>4773</ele></trkpt>
      <trkpt lat="29.673409" lon="99.557899"><ele>4773</ele></trkpt>
      <trkpt lat="29.673526" lon="99.557592"><ele>4771</ele></trkpt>
      <trkpt lat="29.673525" lon="99.557379"><ele>4770</ele></trkpt>
      <trkpt lat="29.673592" lon="99.557069"><ele>4771</ele></trkpt>
      <trkpt lat="29.673638" lon="99.556631"><ele>4772</ele></trkpt>
      <trkpt lat="29.673654" lon="99.556189"><ele>4773</ele></trkpt>
      <trkpt lat="29.673614" lon="99.556096"><ele>4774</ele></trkpt>
      <trkpt lat="29.67364" lon="99.555988"><ele>4771</ele></trkpt>
      <trkpt lat="29.673662" lon="99.555659"><ele>4772</ele></trkpt>
      <trkpt lat="29.673676" lon="99.555554"><ele>4771</ele></trkpt>
      <trkpt lat="29.673675" lon="99.555438"><ele>4772</ele></trkpt>
      <trkpt lat="29.673734" lon="99.55524"><ele>4771</ele></trkpt>
      <trkpt lat="29.673809" lon="99.555041"><ele>4771</ele></trkpt>
      <trkpt lat="29.673874" lon="99.554828"><ele>4773</ele></trkpt>
      <trkpt lat="29.673903" lon="99.55472"><ele>4773</ele></trkpt>
      <trkpt lat="29.673928" lon="99.554503"><ele>4774</ele></trkpt>
      <trkpt lat="29.673987" lon="99.554297"><ele>4772</ele></trkpt>
      <trkpt lat="29.674025" lon="99.554193"><ele>4774</ele></trkpt>
      <trkpt lat="29.674026" lon="99.553969"><ele>4776</ele></trkpt>
      <trkpt lat="29.674042" lon="99.553855"><ele>4774</ele></trkpt>
      <trkpt lat="29.674044" lon="99.553745"><ele>4773</ele></trkpt>
      <trkpt lat="29.674087" lon="99.553644"><ele>4771</ele></trkpt>
      <trkpt lat="29.674092" lon="99.553537"><ele>4771</ele></trkpt>
      <trkpt lat="29.674116" lon="99.553434"><ele>4769</ele></trkpt>
      <trkpt lat="29.674159" lon="99.553334"><ele>4768</ele></trkpt>
      <trkpt lat="29.674266" lon="99.553158"><ele>4763</ele></trkpt>
      <trkpt lat="29.67431" lon="99.553062"><ele>4762</ele></trkpt>
      <trkpt lat="29.674348" lon="99.552964"><ele>4759</ele></trkpt>
      <trkpt lat="29.674402" lon="99.552765"><ele>4758</ele></trkpt>
      <trkpt lat="29.674584" lon="99.552399"><ele>4765</ele></trkpt>
      <trkpt lat="29.674657" lon="99.55233"><ele>4764</ele></trkpt>
      <trkpt lat="29.674697" lon="99.552234"><ele>4766</ele></trkpt>
      <trkpt lat="29.674756" lon="99.552145"><ele>4767</ele></trkpt>
      <trkpt lat="29.674825" lon="99.552078"><ele>4775</ele></trkpt>
      <trkpt lat="29.67489" lon="99.551993"><ele>4774</ele></trkpt>
      <trkpt lat="29.674914" lon="99.551888"><ele>4775</ele></trkpt>
      <trkpt lat="29.674988" lon="99.551828"><ele>4774</ele></trkpt>
      <trkpt lat="29.675024" lon="99.551729"><ele>4774</ele></trkpt>
      <trkpt lat="29.675102" lon="99.551671"><ele>4774</ele></trkpt>
      <trkpt lat="29.675187" lon="99.551627"><ele>4775</ele></trkpt>
      <trkpt lat="29.675266" lon="99.551564"><ele>4775</ele></trkpt>
      <trkpt lat="29.675358" lon="99.551533"><ele>4775</ele></trkpt>
      <trkpt lat="29.675439" lon="99.551471"><ele>4774</ele></trkpt>
      <trkpt lat="29.675663" lon="99.551134"><ele>4778</ele></trkpt>
      <trkpt lat="29.675725" lon="99.551057"><ele>4780</ele></trkpt>
      <trkpt lat="29.675801" lon="99.550992"><ele>4780</ele></trkpt>
      <trkpt lat="29.675858" lon="99.550904"><ele>4778</ele></trkpt>
      <trkpt lat="29.675901" lon="99.550813"><ele>4780</ele></trkpt>
      <trkpt lat="29.67603" lon="99.550648"><ele>4781</ele></trkpt>
      <trkpt lat="29.676098" lon="99.550577"><ele>4781</ele></trkpt>
      <trkpt lat="29.676151" lon="99.550491"><ele>4781</ele></trkpt>
      <trkpt lat="29.676291" lon="99.550349"><ele>4781</ele></trkpt>
      <trkpt lat="29.676418" lon="99.550186"><ele>4781</ele></trkpt>
      <trkpt lat="29.676713" lon="99.549921"><ele>4783</ele></trkpt>
      <trkpt lat="29.676796" lon="99.54988"><ele>4783</ele></trkpt>
      <trkpt lat="29.676965" lon="99.54977"><ele>4781</ele></trkpt>
      <trkpt lat="29.677116" lon="99.549623"><ele>4779</ele></trkpt>
      <trkpt lat="29.677178" lon="99.549528"><ele>4777</ele></trkpt>
      <trkpt lat="29.677213" lon="99.549421"><ele>4776</ele></trkpt>
      <trkpt lat="29.677257" lon="99.54933"><ele>4776</ele></trkpt>
      <trkpt lat="29.67726" lon="99.549226"><ele>4776</ele></trkpt>
      <trkpt lat="29.67729" lon="99.549126"><ele>4776</ele></trkpt>
      <trkpt lat="29.677349" lon="99.549042"><ele>4776</ele></trkpt>
      <trkpt lat="29.677423" lon="99.548977"><ele>4775</ele></trkpt>
      <trkpt lat="29.677598" lon="99.54888"><ele>4775</ele></trkpt>
      <trkpt lat="29.677688" lon="99.548874"><ele>4773</ele></trkpt>
      <trkpt lat="29.677775" lon="99.54884"><ele>4773</ele></trkpt>
      <trkpt lat="29.677958" lon="99.548812"><ele>4772</ele></trkpt>
      <trkpt lat="29.678041" lon="99.548767"><ele>4774</ele></trkpt>
      <trkpt lat="29.678133" lon="99.548779"><ele>4774</ele></trkpt>
      <trkpt lat="29.678217" lon="99.548731"><ele>4774</ele></trkpt>
      <trkpt lat="29.678314" lon="99.548701"><ele>4774</ele></trkpt>
      <trkpt lat="29.678401" lon="99.548656"><ele>4775</ele></trkpt>
      <trkpt lat="29.678473" lon="99.548578"><ele>4777</ele></trkpt>
      <trkpt lat="29.678532" lon="99.548492"><ele>4778</ele></trkpt>
      <trkpt lat="29.678789" lon="99.548341"><ele>4778</ele></trkpt>
      <trkpt lat="29.678869" lon="99.548289"><ele>4777</ele></trkpt>
      <trkpt lat="29.678949" lon="99.548221"><ele>4777</ele></trkpt>
      <trkpt lat="29.67905" lon="99.548217"><ele>4777</ele></trkpt>
      <trkpt lat="29.679141" lon="99.548174"><ele>4777</ele></trkpt>
      <trkpt lat="29.679234" lon="99.548163"><ele>4775</ele></trkpt>
      <trkpt lat="29.679322" lon="99.548132"><ele>4774</ele></trkpt>
      <trkpt lat="29.67936" lon="99.548031"><ele>4774</ele></trkpt>
      <trkpt lat="29.679411" lon="99.547944"><ele>4777</ele></trkpt>
      <trkpt lat="29.679479" lon="99.547873"><ele>4779</ele></trkpt>
      <trkpt lat="29.679539" lon="99.547793"><ele>4781</ele></trkpt>
      <trkpt lat="29.679609" lon="99.547727"><ele>4781</ele></trkpt>
      <trkpt lat="29.679859" lon="99.547587"><ele>4779</ele></trkpt>
      <trkpt lat="29.680007" lon="99.54745"><ele>4780</ele></trkpt>
      <trkpt lat="29.680067" lon="99.547367"><ele>4781</ele></trkpt>
      <trkpt lat="29.680215" lon="99.547239"><ele>4781</ele></trkpt>
      <trkpt lat="29.680297" lon="99.547178"><ele>4782</ele></trkpt>
      <trkpt lat="29.680387" lon="99.547141"><ele>4781</ele></trkpt>
      <trkpt lat="29.68047" lon="99.547086"><ele>4781</ele></trkpt>
      <trkpt lat="29.680765" lon="99.546788"><ele>4779</ele></trkpt>
      <trkpt lat="29.680826" lon="99.546704"><ele>4778</ele></trkpt>
      <trkpt lat="29.680874" lon="99.546611"><ele>4778</ele></trkpt>
      <trkpt lat="29.680945" lon="99.546543"><ele>4777</ele></trkpt>
      <trkpt lat="29.681058" lon="99.546364"><ele>4775</ele></trkpt>
      <trkpt lat="29.681122" lon="99.546283"><ele>4775</ele></trkpt>
      <trkpt lat="29.681196" lon="99.546208"><ele>4775</ele></trkpt>
      <trkpt lat="29.681273" lon="99.546145"><ele>4776</ele></trkpt>
      <trkpt lat="29.681366" lon="99.546119"><ele>4776</ele></trkpt>
      <trkpt lat="29.681441" lon="99.546044"><ele>4777</ele></trkpt>
      <trkpt lat="29.68152" lon="99.545986"><ele>4777</ele></trkpt>
      <trkpt lat="29.681702" lon="99.545905"><ele>4775</ele></trkpt>
      <trkpt lat="29.681977" lon="99.545807"><ele>4774</ele></trkpt>
      <trkpt lat="29.682072" lon="99.545792"><ele>4774</ele></trkpt>
      <trkpt lat="29.682353" lon="99.545724"><ele>4774</ele></trkpt>
      <trkpt lat="29.682726" lon="99.545605"><ele>4774</ele></trkpt>
      <trkpt lat="29.682805" lon="99.545551"><ele>4775</ele></trkpt>
      <trkpt lat="29.682894" lon="99.545522"><ele>4774</ele></trkpt>
      <trkpt lat="29.682981" lon="99.545481"><ele>4775</ele></trkpt>
      <trkpt lat="29.683109" lon="99.54532"><ele>4775</ele></trkpt>
      <trkpt lat="29.683365" lon="99.545188"><ele>4774</ele></trkpt>
      <trkpt lat="29.683454" lon="99.545162"><ele>4775</ele></trkpt>
      <trkpt lat="29.683535" lon="99.545116"><ele>4775</ele></trkpt>
      <trkpt lat="29.683613" lon="99.545058"><ele>4776</ele></trkpt>
      <trkpt lat="29.683702" lon="99.545033"><ele>4775</ele></trkpt>
      <trkpt lat="29.683795" lon="99.545053"><ele>4774</ele></trkpt>
      <trkpt lat="29.683888" lon="99.545016"><ele>4774</ele></trkpt>
      <trkpt lat="29.683981" lon="99.545032"><ele>4774</ele></trkpt>
      <trkpt lat="29.684173" lon="99.545029"><ele>4775</ele></trkpt>
      <trkpt lat="29.684371" lon="99.545048"><ele>4775</ele></trkpt>
      <trkpt lat="29.684462" lon="99.545017"><ele>4775</ele></trkpt>
      <trkpt lat="29.684754" lon="99.544988"><ele>4775</ele></trkpt>
      <trkpt lat="29.68494" lon="99.544926"><ele>4776</ele></trkpt>
      <trkpt lat="29.685333" lon="99.544903"><ele>4776</ele></trkpt>
      <trkpt lat="29.685701" lon="99.544825"><ele>4776</ele></trkpt>
      <trkpt lat="29.685891" lon="99.544809"><ele>4776</ele></trkpt>
      <trkpt lat="29.686081" lon="99.544781"><ele>4775</ele></trkpt>
      <trkpt lat="29.686264" lon="99.544714"><ele>4775</ele></trkpt>
      <trkpt lat="29.68644" lon="99.544637"><ele>4775</ele></trkpt>
      <trkpt lat="29.686701" lon="99.544487"><ele>4777</ele></trkpt>
      <trkpt lat="29.686781" lon="99.544428"><ele>4777</ele></trkpt>
      <trkpt lat="29.687044" lon="99.544306"><ele>4775</ele></trkpt>
      <trkpt lat="29.687196" lon="99.544166"><ele>4775</ele></trkpt>
      <trkpt lat="29.687265" lon="99.544089"><ele>4775</ele></trkpt>
      <trkpt lat="29.68734" lon="99.544033"><ele>4775</ele></trkpt>
      <trkpt lat="29.687485" lon="99.543891"><ele>4776</ele></trkpt>
      <trkpt lat="29.687564" lon="99.543833"><ele>4776</ele></trkpt>
      <trkpt lat="29.687653" lon="99.543809"><ele>4776</ele></trkpt>
      <trkpt lat="29.687746" lon="99.543807"><ele>4777</ele></trkpt>
      <trkpt lat="29.687662" lon="99.543764"><ele>4779</ele></trkpt>
      <trkpt lat="29.68774" lon="99.543823"><ele>4776</ele></trkpt>
      <trkpt lat="29.687663" lon="99.543768"><ele>4781</ele></trkpt>
      <trkpt lat="29.68752" lon="99.543632"><ele>4780</ele></trkpt>
      <trkpt lat="29.68773" lon="99.543643"><ele>4780</ele></trkpt>
      <trkpt lat="29.687799" lon="99.543563"><ele>4780</ele></trkpt>
      <trkpt lat="29.687861" lon="99.543478"><ele>4778</ele></trkpt>
      <trkpt lat="29.687971" lon="99.543292"><ele>4778</ele></trkpt>
      <trkpt lat="29.688013" lon="99.543193"><ele>4779</ele></trkpt>
      <trkpt lat="29.688074" lon="99.543104"><ele>4779</ele></trkpt>
      <trkpt lat="29.688122" lon="99.543005"><ele>4779</ele></trkpt>
      <trkpt lat="29.688194" lon="99.542931"><ele>4779</ele></trkpt>
      <trkpt lat="29.688243" lon="99.542842"><ele>4779</ele></trkpt>
      <trkpt lat="29.688274" lon="99.542738"><ele>4780</ele></trkpt>
      <trkpt lat="29.688378" lon="99.542563"><ele>4780</ele></trkpt>
      <trkpt lat="29.688413" lon="99.542463"><ele>4780</ele></trkpt>
      <trkpt lat="29.688485" lon="99.542386"><ele>4780</ele></trkpt>
      <trkpt lat="29.688565" lon="99.542324"><ele>4780</ele></trkpt>
      <trkpt lat="29.689075" lon="99.542009"><ele>4780</ele></trkpt>
      <trkpt lat="29.689239" lon="99.541898"><ele>4781</ele></trkpt>
      <trkpt lat="29.689416" lon="99.541799"><ele>4781</ele></trkpt>
      <trkpt lat="29.689502" lon="99.541766"><ele>4781</ele></trkpt>
      <trkpt lat="29.689744" lon="99.541603"><ele>4781</ele></trkpt>
      <trkpt lat="29.689925" lon="99.541532"><ele>4780</ele></trkpt>
      <trkpt lat="29.690106" lon="99.541433"><ele>4779</ele></trkpt>
      <trkpt lat="29.690293" lon="99.541378"><ele>4783</ele></trkpt>
      <trkpt lat="29.690387" lon="99.541387"><ele>4784</ele></trkpt>
      <trkpt lat="29.690668" lon="99.541363"><ele>4787</ele></trkpt>
      <trkpt lat="29.690858" lon="99.541368"><ele>4787</ele></trkpt>
      <trkpt lat="29.690953" lon="99.541349"><ele>4787</ele></trkpt>
      <trkpt lat="29.69134" lon="99.541304"><ele>4788</ele></trkpt>
      <trkpt lat="29.691619" lon="99.541261"><ele>4789</ele></trkpt>
      <trkpt lat="29.691802" lon="99.541215"><ele>4791</ele></trkpt>
      <trkpt lat="29.6919" lon="99.54121"><ele>4792</ele></trkpt>
      <trkpt lat="29.691994" lon="99.541185"><ele>4791</ele></trkpt>
      <trkpt lat="29.692088" lon="99.541146"><ele>4791</ele></trkpt>
      <trkpt lat="29.69217" lon="99.5411"><ele>4790</ele></trkpt>
      <trkpt lat="29.69226" lon="99.541073"><ele>4790</ele></trkpt>
      <trkpt lat="29.692357" lon="99.54107"><ele>4790</ele></trkpt>
      <trkpt lat="29.692448" lon="99.541079"><ele>4789</ele></trkpt>
      <trkpt lat="29.69254" lon="99.541066"><ele>4788</ele></trkpt>
      <trkpt lat="29.692618" lon="99.541015"><ele>4788</ele></trkpt>
      <trkpt lat="29.692687" lon="99.540933"><ele>4790</ele></trkpt>
      <trkpt lat="29.692766" lon="99.540878"><ele>4789</ele></trkpt>
      <trkpt lat="29.692832" lon="99.540806"><ele>4790</ele></trkpt>
      <trkpt lat="29.692912" lon="99.540742"><ele>4789</ele></trkpt>
      <trkpt lat="29.692979" lon="99.54067"><ele>4787</ele></trkpt>
      <trkpt lat="29.693102" lon="99.540506"><ele>4784</ele></trkpt>
      <trkpt lat="29.693266" lon="99.540397"><ele>4785</ele></trkpt>
      <trkpt lat="29.693341" lon="99.540323"><ele>4785</ele></trkpt>
      <trkpt lat="29.693424" lon="99.540272"><ele>4786</ele></trkpt>
      <trkpt lat="29.693544" lon="99.540114"><ele>4786</ele></trkpt>
      <trkpt lat="29.693594" lon="99.540016"><ele>4785</ele></trkpt>
      <trkpt lat="29.693775" lon="99.539954"><ele>4786</ele></trkpt>
      <trkpt lat="29.693959" lon="99.539933"><ele>4787</ele></trkpt>
      <trkpt lat="29.694033" lon="99.53987"><ele>4789</ele></trkpt>
      <trkpt lat="29.694208" lon="99.539786"><ele>4793</ele></trkpt>
      <trkpt lat="29.694298" lon="99.539754"><ele>4794</ele></trkpt>
      <trkpt lat="29.694551" lon="99.539619"><ele>4794</ele></trkpt>
      <trkpt lat="29.69472" lon="99.539508"><ele>4795</ele></trkpt>
      <trkpt lat="29.694815" lon="99.539489"><ele>4798</ele></trkpt>
      <trkpt lat="29.694897" lon="99.539442"><ele>4798</ele></trkpt>
      <trkpt lat="29.694986" lon="99.539424"><ele>4798</ele></trkpt>
      <trkpt lat="29.695073" lon="99.539457"><ele>4799</ele></trkpt>
      <trkpt lat="29.695164" lon="99.539447"><ele>4798</ele></trkpt>
      <trkpt lat="29.695356" lon="99.53945"><ele>4799</ele></trkpt>
      <trkpt lat="29.695446" lon="99.539431"><ele>4801</ele></trkpt>
      <trkpt lat="29.695626" lon="99.539412"><ele>4806</ele></trkpt>
      <trkpt lat="29.696095" lon="99.539292"><ele>4811</ele></trkpt>
      <trkpt lat="29.696186" lon="99.539277"><ele>4813</ele></trkpt>
      <trkpt lat="29.696272" lon="99.539229"><ele>4809</ele></trkpt>
      <trkpt lat="29.696365" lon="99.539194"><ele>4810</ele></trkpt>
      <trkpt lat="29.696539" lon="99.539137"><ele>4812</ele></trkpt>
      <trkpt lat="29.696629" lon="99.539119"><ele>4814</ele></trkpt>
      <trkpt lat="29.696719" lon="99.539084"><ele>4814</ele></trkpt>
      <trkpt lat="29.69706" lon="99.538881"><ele>4817</ele></trkpt>
      <trkpt lat="29.697137" lon="99.538822"><ele>4818</ele></trkpt>
      <trkpt lat="29.697203" lon="99.538752"><ele>4820</ele></trkpt>
      <trkpt lat="29.697279" lon="99.53869"><ele>4821</ele></trkpt>
      <trkpt lat="29.697468" lon="99.538714"><ele>4821</ele></trkpt>
      <trkpt lat="29.697767" lon="99.538682"><ele>4818</ele></trkpt>
      <trkpt lat="29.697855" lon="99.538715"><ele>4817</ele></trkpt>
      <trkpt lat="29.698021" lon="99.538833"><ele>4815</ele></trkpt>
      <trkpt lat="29.69828" lon="99.538981"><ele>4813</ele></trkpt>
      <trkpt lat="29.698371" lon="99.538996"><ele>4813</ele></trkpt>
      <trkpt lat="29.698463" lon="99.538976"><ele>4815</ele></trkpt>
      <trkpt lat="29.698624" lon="99.53887"><ele>4815</ele></trkpt>
      <trkpt lat="29.698682" lon="99.538786"><ele>4817</ele></trkpt>
      <trkpt lat="29.698752" lon="99.538718"><ele>4818</ele></trkpt>
      <trkpt lat="29.698922" lon="99.538609"><ele>4822</ele></trkpt>
      <trkpt lat="29.699095" lon="99.53852"><ele>4822</ele></trkpt>
      <trkpt lat="29.699156" lon="99.538444"><ele>4821</ele></trkpt>
      <trkpt lat="29.699234" lon="99.538385"><ele>4822</ele></trkpt>
      <trkpt lat="29.699317" lon="99.538339"><ele>4822</ele></trkpt>
      <trkpt lat="29.699406" lon="99.538319"><ele>4822</ele></trkpt>
      <trkpt lat="29.699574" lon="99.538222"><ele>4824</ele></trkpt>
      <trkpt lat="29.699603" lon="99.538118"><ele>4822</ele></trkpt>
      <trkpt lat="29.699696" lon="99.538129"><ele>4818</ele></trkpt>
      <trkpt lat="29.699792" lon="99.5381"><ele>4815</ele></trkpt>
      <trkpt lat="29.699978" lon="99.538089"><ele>4811</ele></trkpt>
      <trkpt lat="29.700072" lon="99.538112"><ele>4808</ele></trkpt>
      <trkpt lat="29.700165" lon="99.538112"><ele>4806</ele></trkpt>
      <trkpt lat="29.700251" lon="99.538071"><ele>4805</ele></trkpt>
      <trkpt lat="29.700525" lon="99.537977"><ele>4803</ele></trkpt>
      <trkpt lat="29.700897" lon="99.537962"><ele>4802</ele></trkpt>
      <trkpt lat="29.700983" lon="99.537925"><ele>4804</ele></trkpt>
      <trkpt lat="29.701164" lon="99.537971"><ele>4809</ele></trkpt>
      <trkpt lat="29.701235" lon="99.537899"><ele>4809</ele></trkpt>
      <trkpt lat="29.701396" lon="99.537775"><ele>4806</ele></trkpt>
      <trkpt lat="29.701415" lon="99.537671"><ele>4804</ele></trkpt>
      <trkpt lat="29.701607" lon="99.537647"><ele>4802</ele></trkpt>
      <trkpt lat="29.7017" lon="99.537612"><ele>4801</ele></trkpt>
      <trkpt lat="29.70179" lon="99.537571"><ele>4799</ele></trkpt>
      <trkpt lat="29.701844" lon="99.537479"><ele>4797</ele></trkpt>
      <trkpt lat="29.701928" lon="99.537439"><ele>4794</ele></trkpt>
      <trkpt lat="29.702114" lon="99.537373"><ele>4790</ele></trkpt>
      <trkpt lat="29.7022" lon="99.537323"><ele>4789</ele></trkpt>
      <trkpt lat="29.702296" lon="99.53733"><ele>4788</ele></trkpt>
      <trkpt lat="29.702383" lon="99.53729"><ele>4787</ele></trkpt>
      <trkpt lat="29.702459" lon="99.537233"><ele>4784</ele></trkpt>
      <trkpt lat="29.702547" lon="99.537186"><ele>4782</ele></trkpt>
      <trkpt lat="29.70264" lon="99.537194"><ele>4781</ele></trkpt>
      <trkpt lat="29.70273" lon="99.537225"><ele>4779</ele></trkpt>
      <trkpt lat="29.702816" lon="99.537193"><ele>4777</ele></trkpt>
      <trkpt lat="29.702906" lon="99.53718"><ele>4773</ele></trkpt>
      <trkpt lat="29.702993" lon="99.537233"><ele>4770</ele></trkpt>
      <trkpt lat="29.703039" lon="99.537322"><ele>4767</ele></trkpt>
      <trkpt lat="29.703124" lon="99.537357"><ele>4764</ele></trkpt>
      <trkpt lat="29.703203" lon="99.537306"><ele>4761</ele></trkpt>
      <trkpt lat="29.70327" lon="99.537237"><ele>4759</ele></trkpt>
      <trkpt lat="29.703363" lon="99.537259"><ele>4758</ele></trkpt>
      <trkpt lat="29.703421" lon="99.537347"><ele>4754</ele></trkpt>
      <trkpt lat="29.703515" lon="99.537369"><ele>4752</ele></trkpt>
      <trkpt lat="29.703581" lon="99.537444"><ele>4748</ele></trkpt>
      <trkpt lat="29.703668" lon="99.537475"><ele>4747</ele></trkpt>
      <trkpt lat="29.703838" lon="99.537566"><ele>4744</ele></trkpt>
      <trkpt lat="29.703947" lon="99.537741"><ele>4744</ele></trkpt>
      <trkpt lat="29.70403" lon="99.537785"><ele>4745</ele></trkpt>
      <trkpt lat="29.704087" lon="99.53787"><ele>4744</ele></trkpt>
      <trkpt lat="29.704209" lon="99.538024"><ele>4741</ele></trkpt>
      <trkpt lat="29.704298" lon="99.538056"><ele>4739</ele></trkpt>
      <trkpt lat="29.704366" lon="99.538134"><ele>4737</ele></trkpt>
      <trkpt lat="29.704447" lon="99.538198"><ele>4738</ele></trkpt>
      <trkpt lat="29.704507" lon="99.53828"><ele>4739</ele></trkpt>
      <trkpt lat="29.70459" lon="99.538329"><ele>4738</ele></trkpt>
      <trkpt lat="29.704684" lon="99.538307"><ele>4738</ele></trkpt>
      <trkpt lat="29.704866" lon="99.538307"><ele>4740</ele></trkpt>
      <trkpt lat="29.704956" lon="99.538276"><ele>4739</ele></trkpt>
      <trkpt lat="29.705046" lon="99.538262"><ele>4738</ele></trkpt>
      <trkpt lat="29.705234" lon="99.538275"><ele>4737</ele></trkpt>
      <trkpt lat="29.705324" lon="99.538253"><ele>4737</ele></trkpt>
      <trkpt lat="29.705512" lon="99.538259"><ele>4736</ele></trkpt>
      <trkpt lat="29.705609" lon="99.53824"><ele>4736</ele></trkpt>
      <trkpt lat="29.705703" lon="99.538239"><ele>4736</ele></trkpt>
      <trkpt lat="29.705887" lon="99.538284"><ele>4733</ele></trkpt>
      <trkpt lat="29.705957" lon="99.538356"><ele>4730</ele></trkpt>
      <trkpt lat="29.705899" lon="99.538436"><ele>4727</ele></trkpt>
      <trkpt lat="29.705826" lon="99.538498"><ele>4727</ele></trkpt>
      <trkpt lat="29.705826" lon="99.538391"><ele>4729</ele></trkpt>
      <trkpt lat="29.705906" lon="99.538339"><ele>4731</ele></trkpt>
      <trkpt lat="29.705977" lon="99.538272"><ele>4729</ele></trkpt>
      <trkpt lat="29.706055" lon="99.538218"><ele>4728</ele></trkpt>
      <trkpt lat="29.706145" lon="99.538186"><ele>4727</ele></trkpt>
      <trkpt lat="29.706504" lon="99.537989"><ele>4725</ele></trkpt>
      <trkpt lat="29.706595" lon="99.53797"><ele>4724</ele></trkpt>
      <trkpt lat="29.706685" lon="99.537933"><ele>4723</ele></trkpt>
      <trkpt lat="29.706749" lon="99.537858"><ele>4720</ele></trkpt>
      <trkpt lat="29.706748" lon="99.537746"><ele>4721</ele></trkpt>
      <trkpt lat="29.706809" lon="99.537658"><ele>4720</ele></trkpt>
      <trkpt lat="29.706892" lon="99.537596"><ele>4718</ele></trkpt>
      <trkpt lat="29.706968" lon="99.537525"><ele>4717</ele></trkpt>
      <trkpt lat="29.707062" lon="99.537492"><ele>4717</ele></trkpt>
      <trkpt lat="29.707156" lon="99.537473"><ele>4717</ele></trkpt>
      <trkpt lat="29.707246" lon="99.537436"><ele>4716</ele></trkpt>
      <trkpt lat="29.707403" lon="99.537326"><ele>4716</ele></trkpt>
      <trkpt lat="29.707574" lon="99.537223"><ele>4714</ele></trkpt>
      <trkpt lat="29.707838" lon="99.53709"><ele>4712</ele></trkpt>
      <trkpt lat="29.708073" lon="99.536915"><ele>4710</ele></trkpt>
      <trkpt lat="29.708335" lon="99.536806"><ele>4709</ele></trkpt>
      <trkpt lat="29.70872" lon="99.536781"><ele>4710</ele></trkpt>
      <trkpt lat="29.708818" lon="99.536803"><ele>4710</ele></trkpt>
      <trkpt lat="29.709217" lon="99.536798"><ele>4710</ele></trkpt>
      <trkpt lat="29.70931" lon="99.536812"><ele>4711</ele></trkpt>
      <trkpt lat="29.7095" lon="99.536794"><ele>4712</ele></trkpt>
      <trkpt lat="29.70959" lon="99.536759"><ele>4710</ele></trkpt>
      <trkpt lat="29.709673" lon="99.536703"><ele>4709</ele></trkpt>
      <trkpt lat="29.709741" lon="99.536625"><ele>4709</ele></trkpt>
      <trkpt lat="29.709893" lon="99.536507"><ele>4708</ele></trkpt>
      <trkpt lat="29.709967" lon="99.536438"><ele>4707</ele></trkpt>
      <trkpt lat="29.710052" lon="99.536393"><ele>4705</ele></trkpt>
      <trkpt lat="29.710233" lon="99.536326"><ele>4701</ele></trkpt>
      <trkpt lat="29.710421" lon="99.536334"><ele>4695</ele></trkpt>
      <trkpt lat="29.710514" lon="99.536359"><ele>4692</ele></trkpt>
      <trkpt lat="29.710587" lon="99.536422"><ele>4689</ele></trkpt>
      <trkpt lat="29.710671" lon="99.536468"><ele>4687</ele></trkpt>
      <trkpt lat="29.711136" lon="99.536451"><ele>4673</ele></trkpt>
      <trkpt lat="29.711222" lon="99.536482"><ele>4669</ele></trkpt>
      <trkpt lat="29.711402" lon="99.536512"><ele>4665</ele></trkpt>
      <trkpt lat="29.711566" lon="99.536604"><ele>4658</ele></trkpt>
      <trkpt lat="29.711657" lon="99.53662"><ele>4656</ele></trkpt>
      <trkpt lat="29.711829" lon="99.53653"><ele>4652</ele></trkpt>
      <trkpt lat="29.711924" lon="99.536509"><ele>4651</ele></trkpt>
      <trkpt lat="29.712005" lon="99.536459"><ele>4650</ele></trkpt>
      <trkpt lat="29.712125" lon="99.5363"><ele>4653</ele></trkpt>
      <trkpt lat="29.712191" lon="99.536227"><ele>4653</ele></trkpt>
      <trkpt lat="29.712263" lon="99.536164"><ele>4652</ele></trkpt>
      <trkpt lat="29.71235" lon="99.536116"><ele>4653</ele></trkpt>
      <trkpt lat="29.712532" lon="99.536038"><ele>4653</ele></trkpt>
      <trkpt lat="29.712698" lon="99.535922"><ele>4652</ele></trkpt>
      <trkpt lat="29.712773" lon="99.535854"><ele>4652</ele></trkpt>
      <trkpt lat="29.712947" lon="99.53577"><ele>4653</ele></trkpt>
      <trkpt lat="29.71309" lon="99.53562"><ele>4653</ele></trkpt>
      <trkpt lat="29.713278" lon="99.535378"><ele>4654</ele></trkpt>
      <trkpt lat="29.713346" lon="99.535304"><ele>4654</ele></trkpt>
      <trkpt lat="29.713428" lon="99.535253"><ele>4654</ele></trkpt>
      <trkpt lat="29.713501" lon="99.535192"><ele>4654</ele></trkpt>
      <trkpt lat="29.713671" lon="99.5351"><ele>4655</ele></trkpt>
      <trkpt lat="29.713754" lon="99.535043"><ele>4657</ele></trkpt>
      <trkpt lat="29.713847" lon="99.535057"><ele>4659</ele></trkpt>
      <trkpt lat="29.71394" lon="99.535083"><ele>4657</ele></trkpt>
      <trkpt lat="29.714038" lon="99.53508"><ele>4655</ele></trkpt>
      <trkpt lat="29.7144" lon="99.535193"><ele>4650</ele></trkpt>
      <trkpt lat="29.714593" lon="99.535233"><ele>4647</ele></trkpt>
      <trkpt lat="29.714673" lon="99.5353"><ele>4646</ele></trkpt>
      <trkpt lat="29.714846" lon="99.535408"><ele>4647</ele></trkpt>
      <trkpt lat="29.714933" lon="99.535449"><ele>4647</ele></trkpt>
      <trkpt lat="29.715115" lon="99.535518"><ele>4645</ele></trkpt>
      <trkpt lat="29.715294" lon="99.535557"><ele>4644</ele></trkpt>
      <trkpt lat="29.715564" lon="99.535646"><ele>4645</ele></trkpt>
      <trkpt lat="29.715744" lon="99.535607"><ele>4645</ele></trkpt>
      <trkpt lat="29.716017" lon="99.535506"><ele>4641</ele></trkpt>
      <trkpt lat="29.716204" lon="99.535455"><ele>4641</ele></trkpt>
      <trkpt lat="29.716465" lon="99.535338"><ele>4640</ele></trkpt>
      <trkpt lat="29.716543" lon="99.535279"><ele>4640</ele></trkpt>
      <trkpt lat="29.716632" lon="99.535268"><ele>4639</ele></trkpt>
      <trkpt lat="29.716928" lon="99.535296"><ele>4638</ele></trkpt>
      <trkpt lat="29.717122" lon="99.535271"><ele>4636</ele></trkpt>
      <trkpt lat="29.717304" lon="99.535203"><ele>4636</ele></trkpt>
      <trkpt lat="29.717491" lon="99.53516"><ele>4635</ele></trkpt>
      <trkpt lat="29.717589" lon="99.535166"><ele>4635</ele></trkpt>
      <trkpt lat="29.717683" lon="99.53513"><ele>4633</ele></trkpt>
      <trkpt lat="29.717774" lon="99.535114"><ele>4633</ele></trkpt>
      <trkpt lat="29.717865" lon="99.535118"><ele>4632</ele></trkpt>
      <trkpt lat="29.718045" lon="99.535083"><ele>4629</ele></trkpt>
      <trkpt lat="29.718136" lon="99.535047"><ele>4628</ele></trkpt>
      <trkpt lat="29.718229" lon="99.535026"><ele>4627</ele></trkpt>
      <trkpt lat="29.718328" lon="99.535039"><ele>4625</ele></trkpt>
      <trkpt lat="29.718528" lon="99.535028"><ele>4625</ele></trkpt>
      <trkpt lat="29.718811" lon="99.534987"><ele>4621</ele></trkpt>
      <trkpt lat="29.719347" lon="99.534808"><ele>4615</ele></trkpt>
      <trkpt lat="29.719429" lon="99.534759"><ele>4615</ele></trkpt>
      <trkpt lat="29.719521" lon="99.534721"><ele>4612</ele></trkpt>
      <trkpt lat="29.719695" lon="99.534629"><ele>4609</ele></trkpt>
      <trkpt lat="29.719878" lon="99.534558"><ele>4608</ele></trkpt>
      <trkpt lat="29.720059" lon="99.534517"><ele>4606</ele></trkpt>
      <trkpt lat="29.720143" lon="99.534472"><ele>4604</ele></trkpt>
      <trkpt lat="29.720239" lon="99.534435"><ele>4603</ele></trkpt>
      <trkpt lat="29.72033" lon="99.534432"><ele>4602</ele></trkpt>
      <trkpt lat="29.720693" lon="99.534319"><ele>4599</ele></trkpt>
      <trkpt lat="29.720778" lon="99.534273"><ele>4598</ele></trkpt>
      <trkpt lat="29.720855" lon="99.534217"><ele>4597</ele></trkpt>
      <trkpt lat="29.720948" lon="99.534183"><ele>4596</ele></trkpt>
      <trkpt lat="29.721034" lon="99.534137"><ele>4595</ele></trkpt>
      <trkpt lat="29.721315" lon="99.534073"><ele>4592</ele></trkpt>
      <trkpt lat="29.721488" lon="99.533989"><ele>4588</ele></trkpt>
      <trkpt lat="29.721575" lon="99.533933"><ele>4587</ele></trkpt>
      <trkpt lat="29.721772" lon="99.533882"><ele>4581</ele></trkpt>
      <trkpt lat="29.721986" lon="99.533763"><ele>4579</ele></trkpt>
      <trkpt lat="29.722262" lon="99.533641"><ele>4574</ele></trkpt>
      <trkpt lat="29.722357" lon="99.533613"><ele>4573</ele></trkpt>
      <trkpt lat="29.722446" lon="99.533575"><ele>4572</ele></trkpt>
      <trkpt lat="29.722533" lon="99.533521"><ele>4571</ele></trkpt>
      <trkpt lat="29.722816" lon="99.53347"><ele>4569</ele></trkpt>
      <trkpt lat="29.722999" lon="99.533407"><ele>4566</ele></trkpt>
      <trkpt lat="29.723193" lon="99.533393"><ele>4565</ele></trkpt>
      <trkpt lat="29.723566" lon="99.533286"><ele>4563</ele></trkpt>
      <trkpt lat="29.723751" lon="99.533193"><ele>4560</ele></trkpt>
      <trkpt lat="29.724036" lon="99.533142"><ele>4557</ele></trkpt>
      <trkpt lat="29.724129" lon="99.533116"><ele>4556</ele></trkpt>
      <trkpt lat="29.724308" lon="99.533028"><ele>4555</ele></trkpt>
      <trkpt lat="29.724486" lon="99.532957"><ele>4554</ele></trkpt>
      <trkpt lat="29.724674" lon="99.532922"><ele>4554</ele></trkpt>
      <trkpt lat="29.724765" lon="99.53288"><ele>4554</ele></trkpt>
      <trkpt lat="29.725035" lon="99.532787"><ele>4553</ele></trkpt>
      <trkpt lat="29.72513" lon="99.532758"><ele>4552</ele></trkpt>
      <trkpt lat="29.725318" lon="99.532722"><ele>4551</ele></trkpt>
      <trkpt lat="29.7254" lon="99.532679"><ele>4551</ele></trkpt>
      <trkpt lat="29.725589" lon="99.532619"><ele>4551</ele></trkpt>
      <trkpt lat="29.725689" lon="99.5326"><ele>4550</ele></trkpt>
      <trkpt lat="29.725869" lon="99.532605"><ele>4549</ele></trkpt>
      <trkpt lat="29.725971" lon="99.532624"><ele>4548</ele></trkpt>
      <trkpt lat="29.726064" lon="99.532622"><ele>4548</ele></trkpt>
      <trkpt lat="29.726152" lon="99.532573"><ele>4547</ele></trkpt>
      <trkpt lat="29.72634" lon="99.532498"><ele>4547</ele></trkpt>
      <trkpt lat="29.726419" lon="99.532438"><ele>4547</ele></trkpt>
      <trkpt lat="29.726489" lon="99.532366"><ele>4549</ele></trkpt>
      <trkpt lat="29.726589" lon="99.532351"><ele>4548</ele></trkpt>
      <trkpt lat="29.726679" lon="99.53232"><ele>4548</ele></trkpt>
      <trkpt lat="29.726962" lon="99.532316"><ele>4549</ele></trkpt>
      <trkpt lat="29.727052" lon="99.532304"><ele>4550</ele></trkpt>
      <trkpt lat="29.727143" lon="99.532317"><ele>4549</ele></trkpt>
      <trkpt lat="29.727527" lon="99.5323"><ele>4547</ele></trkpt>
      <trkpt lat="29.727623" lon="99.532286"><ele>4547</ele></trkpt>
      <trkpt lat="29.727722" lon="99.532257"><ele>4547</ele></trkpt>
      <trkpt lat="29.727818" lon="99.532257"><ele>4546</ele></trkpt>
      <trkpt lat="29.727995" lon="99.532319"><ele>4544</ele></trkpt>
      <trkpt lat="29.728083" lon="99.53237"><ele>4543</ele></trkpt>
      <trkpt lat="29.728361" lon="99.532426"><ele>4543</ele></trkpt>
      <trkpt lat="29.728723" lon="99.532539"><ele>4539</ele></trkpt>
      <trkpt lat="29.728812" lon="99.532584"><ele>4538</ele></trkpt>
      <trkpt lat="29.728899" lon="99.532615"><ele>4536</ele></trkpt>
      <trkpt lat="29.729159" lon="99.532773"><ele>4532</ele></trkpt>
      <trkpt lat="29.729336" lon="99.532698"><ele>4532</ele></trkpt>
      <trkpt lat="29.729511" lon="99.532783"><ele>4530</ele></trkpt>
      <trkpt lat="29.729605" lon="99.532759"><ele>4528</ele></trkpt>
      <trkpt lat="29.729627" lon="99.53287"><ele>4528</ele></trkpt>
      <trkpt lat="29.729704" lon="99.532924"><ele>4528</ele></trkpt>
      <trkpt lat="29.729791" lon="99.532958"><ele>4527</ele></trkpt>
      <trkpt lat="29.729957" lon="99.533055"><ele>4525</ele></trkpt>
      <trkpt lat="29.730045" lon="99.533083"><ele>4524</ele></trkpt>
      <trkpt lat="29.730272" lon="99.53329"><ele>4520</ele></trkpt>
      <trkpt lat="29.730447" lon="99.533367"><ele>4517</ele></trkpt>
      <trkpt lat="29.730631" lon="99.533417"><ele>4515</ele></trkpt>
      <trkpt lat="29.730718" lon="99.533466"><ele>4514</ele></trkpt>
      <trkpt lat="29.731088" lon="99.533572"><ele>4509</ele></trkpt>
      <trkpt lat="29.73126" lon="99.533652"><ele>4508</ele></trkpt>
      <trkpt lat="29.731445" lon="99.533694"><ele>4507</ele></trkpt>
      <trkpt lat="29.731713" lon="99.533816"><ele>4501</ele></trkpt>
      <trkpt lat="29.731905" lon="99.533832"><ele>4498</ele></trkpt>
      <trkpt lat="29.732001" lon="99.533855"><ele>4496</ele></trkpt>
      <trkpt lat="29.732103" lon="99.533886"><ele>4495</ele></trkpt>
      <trkpt lat="29.732192" lon="99.533937"><ele>4493</ele></trkpt>
      <trkpt lat="29.732378" lon="99.53397"><ele>4489</ele></trkpt>
      <trkpt lat="29.732469" lon="99.533972"><ele>4487</ele></trkpt>
      <trkpt lat="29.732564" lon="99.534"><ele>4486</ele></trkpt>
      <trkpt lat="29.732846" lon="99.534041"><ele>4480</ele></trkpt>
      <trkpt lat="29.733029" lon="99.534112"><ele>4478</ele></trkpt>
      <trkpt lat="29.733125" lon="99.534089"><ele>4477</ele></trkpt>
      <trkpt lat="29.733222" lon="99.534088"><ele>4474</ele></trkpt>
      <trkpt lat="29.73359" lon="99.534182"><ele>4470</ele></trkpt>
      <trkpt lat="29.733681" lon="99.534173"><ele>4468</ele></trkpt>
      <trkpt lat="29.734171" lon="99.534191"><ele>4460</ele></trkpt>
      <trkpt lat="29.734261" lon="99.534216"><ele>4459</ele></trkpt>
      <trkpt lat="29.734355" lon="99.534224"><ele>4457</ele></trkpt>
      <trkpt lat="29.734444" lon="99.534209"><ele>4457</ele></trkpt>
      <trkpt lat="29.734505" lon="99.534121"><ele>4455</ele></trkpt>
      <trkpt lat="29.734596" lon="99.534092"><ele>4451</ele></trkpt>
      <trkpt lat="29.73476" lon="99.533974"><ele>4448</ele></trkpt>
      <trkpt lat="29.734828" lon="99.533898"><ele>4448</ele></trkpt>
      <trkpt lat="29.735066" lon="99.533694"><ele>4443</ele></trkpt>
      <trkpt lat="29.73513" lon="99.533618"><ele>4442</ele></trkpt>
      <trkpt lat="29.735173" lon="99.53352"><ele>4439</ele></trkpt>
      <trkpt lat="29.735204" lon="99.533418"><ele>4436</ele></trkpt>
      <trkpt lat="29.735262" lon="99.533329"><ele>4434</ele></trkpt>
      <trkpt lat="29.735361" lon="99.53314"><ele>4429</ele></trkpt>
      <trkpt lat="29.735401" lon="99.533035"><ele>4426</ele></trkpt>
      <trkpt lat="29.735429" lon="99.532925"><ele>4423</ele></trkpt>
      <trkpt lat="29.735429" lon="99.532814"><ele>4420</ele></trkpt>
      <trkpt lat="29.73544" lon="99.532708"><ele>4418</ele></trkpt>
      <trkpt lat="29.735416" lon="99.532608"><ele>4415</ele></trkpt>
      <trkpt lat="29.735422" lon="99.532504"><ele>4411</ele></trkpt>
      <trkpt lat="29.735394" lon="99.532187"><ele>4403</ele></trkpt>
      <trkpt lat="29.735385" lon="99.531757"><ele>4397</ele></trkpt>
      <trkpt lat="29.735354" lon="99.53166"><ele>4395</ele></trkpt>
      <trkpt lat="29.735321" lon="99.531336"><ele>4395</ele></trkpt>
      <trkpt lat="29.735376" lon="99.531133"><ele>4396</ele></trkpt>
      <trkpt lat="29.735388" lon="99.531024"><ele>4396</ele></trkpt>
      <trkpt lat="29.735428" lon="99.530918"><ele>4396</ele></trkpt>
      <trkpt lat="29.735527" lon="99.530598"><ele>4397</ele></trkpt>
      <trkpt lat="29.735548" lon="99.530493"><ele>4396</ele></trkpt>
      <trkpt lat="29.735582" lon="99.530386"><ele>4397</ele></trkpt>
      <trkpt lat="29.735636" lon="99.530301"><ele>4397</ele></trkpt>
      <trkpt lat="29.735819" lon="99.530318"><ele>4402</ele></trkpt>
      <trkpt lat="29.735874" lon="99.530228"><ele>4402</ele></trkpt>
      <trkpt lat="29.735948" lon="99.530157"><ele>4402</ele></trkpt>
      <trkpt lat="29.736009" lon="99.53007"><ele>4403</ele></trkpt>
      <trkpt lat="29.736211" lon="99.5297"><ele>4405</ele></trkpt>
      <trkpt lat="29.736244" lon="99.529592"><ele>4405</ele></trkpt>
      <trkpt lat="29.736335" lon="99.529621"><ele>4407</ele></trkpt>
      <trkpt lat="29.736277" lon="99.529536"><ele>4408</ele></trkpt>
      <trkpt lat="29.736324" lon="99.529625"><ele>4408</ele></trkpt>
      <trkpt lat="29.736422" lon="99.529625"><ele>4404</ele></trkpt>
      <trkpt lat="29.736503" lon="99.529699"><ele>4404</ele></trkpt>
      <trkpt lat="29.736597" lon="99.529724"><ele>4405</ele></trkpt>
      <trkpt lat="29.736681" lon="99.529775"><ele>4404</ele></trkpt>
      <trkpt lat="29.736865" lon="99.529846"><ele>4404</ele></trkpt>
      <trkpt lat="29.736948" lon="99.529888"><ele>4403</ele></trkpt>
      <trkpt lat="29.736766" lon="99.529842"><ele>4405</ele></trkpt>
      <trkpt lat="29.736592" lon="99.52976"><ele>4407</ele></trkpt>
      <trkpt lat="29.736415" lon="99.529696"><ele>4408</ele></trkpt>
      <trkpt lat="29.736407" lon="99.529585"><ele>4406</ele></trkpt>
      <trkpt lat="29.736312" lon="99.52955"><ele>4406</ele></trkpt>
      <trkpt lat="29.736285" lon="99.529446"><ele>4405</ele></trkpt>
      <trkpt lat="29.736313" lon="99.529337"><ele>4405</ele></trkpt>
      <trkpt lat="29.736358" lon="99.529239"><ele>4404</ele></trkpt>
      <trkpt lat="29.736492" lon="99.52907"><ele>4402</ele></trkpt>
      <trkpt lat="29.736547" lon="99.528977"><ele>4402</ele></trkpt>
      <trkpt lat="29.736569" lon="99.528874"><ele>4401</ele></trkpt>
      <trkpt lat="29.736652" lon="99.528814"><ele>4399</ele></trkpt>
      <trkpt lat="29.736827" lon="99.528736"><ele>4398</ele></trkpt>
      <trkpt lat="29.736868" lon="99.528632"><ele>4396</ele></trkpt>
      <trkpt lat="29.736935" lon="99.528562"><ele>4394</ele></trkpt>
      <trkpt lat="29.737022" lon="99.528531"><ele>4392</ele></trkpt>
      <trkpt lat="29.737205" lon="99.528485"><ele>4388</ele></trkpt>
      <trkpt lat="29.737295" lon="99.528446"><ele>4385</ele></trkpt>
      <trkpt lat="29.737546" lon="99.528298"><ele>4378</ele></trkpt>
      <trkpt lat="29.737729" lon="99.52824"><ele>4372</ele></trkpt>
      <trkpt lat="29.737994" lon="99.528108"><ele>4365</ele></trkpt>
      <trkpt lat="29.73827" lon="99.528041"><ele>4357</ele></trkpt>
      <trkpt lat="29.738364" lon="99.528027"><ele>4354</ele></trkpt>
      <trkpt lat="29.738456" lon="99.528033"><ele>4356</ele></trkpt>
      <trkpt lat="29.73854" lon="99.527981"><ele>4354</ele></trkpt>
      <trkpt lat="29.738634" lon="99.527964"><ele>4352</ele></trkpt>
      <trkpt lat="29.738825" lon="99.52795"><ele>4348</ele></trkpt>
      <trkpt lat="29.738918" lon="99.527919"><ele>4346</ele></trkpt>
      <trkpt lat="29.73901" lon="99.527881"><ele>4344</ele></trkpt>
      <trkpt lat="29.739086" lon="99.527824"><ele>4342</ele></trkpt>
      <trkpt lat="29.739217" lon="99.527657"><ele>4341</ele></trkpt>
      <trkpt lat="29.739295" lon="99.527601"><ele>4340</ele></trkpt>
      <trkpt lat="29.739382" lon="99.527562"><ele>4339</ele></trkpt>
      <trkpt lat="29.739649" lon="99.527481"><ele>4338</ele></trkpt>
      <trkpt lat="29.739732" lon="99.527425"><ele>4338</ele></trkpt>
      <trkpt lat="29.739915" lon="99.527413"><ele>4340</ele></trkpt>
      <trkpt lat="29.740007" lon="99.527453"><ele>4341</ele></trkpt>
      <trkpt lat="29.740085" lon="99.527505"><ele>4343</ele></trkpt>
      <trkpt lat="29.74027" lon="99.527495"><ele>4348</ele></trkpt>
      <trkpt lat="29.740363" lon="99.52751"><ele>4350</ele></trkpt>
      <trkpt lat="29.740449" lon="99.527546"><ele>4354</ele></trkpt>
      <trkpt lat="29.740521" lon="99.527613"><ele>4356</ele></trkpt>
      <trkpt lat="29.740611" lon="99.527644"><ele>4356</ele></trkpt>
      <trkpt lat="29.740697" lon="99.527689"><ele>4356</ele></trkpt>
      <trkpt lat="29.740782" lon="99.527646"><ele>4356</ele></trkpt>
      <trkpt lat="29.740973" lon="99.527592"><ele>4354</ele></trkpt>
      <trkpt lat="29.741071" lon="99.527588"><ele>4353</ele></trkpt>
      <trkpt lat="29.741167" lon="99.527604"><ele>4352</ele></trkpt>
      <trkpt lat="29.741302" lon="99.527757"><ele>4357</ele></trkpt>
      <trkpt lat="29.741485" lon="99.527839"><ele>4360</ele></trkpt>
      <trkpt lat="29.741579" lon="99.527857"><ele>4361</ele></trkpt>
      <trkpt lat="29.741672" lon="99.527848"><ele>4361</ele></trkpt>
      <trkpt lat="29.741761" lon="99.527825"><ele>4361</ele></trkpt>
      <trkpt lat="29.74185" lon="99.527784"><ele>4361</ele></trkpt>
      <trkpt lat="29.742039" lon="99.527759"><ele>4362</ele></trkpt>
      <trkpt lat="29.742133" lon="99.52777"><ele>4364</ele></trkpt>
      <trkpt lat="29.742219" lon="99.527716"><ele>4366</ele></trkpt>
      <trkpt lat="29.742527" lon="99.527748"><ele>4360</ele></trkpt>
      <trkpt lat="29.742724" lon="99.527758"><ele>4358</ele></trkpt>
      <trkpt lat="29.742912" lon="99.527821"><ele>4356</ele></trkpt>
      <trkpt lat="29.743096" lon="99.527842"><ele>4350</ele></trkpt>
      <trkpt lat="29.743172" lon="99.527904"><ele>4348</ele></trkpt>
      <trkpt lat="29.743242" lon="99.52799"><ele>4345</ele></trkpt>
      <trkpt lat="29.743328" lon="99.528025"><ele>4343</ele></trkpt>
      <trkpt lat="29.743419" lon="99.52804"><ele>4343</ele></trkpt>
      <trkpt lat="29.743601" lon="99.52796"><ele>4339</ele></trkpt>
      <trkpt lat="29.743691" lon="99.527908"><ele>4336</ele></trkpt>
      <trkpt lat="29.743962" lon="99.527817"><ele>4333</ele></trkpt>
      <trkpt lat="29.744054" lon="99.527798"><ele>4332</ele></trkpt>
      <trkpt lat="29.744249" lon="99.527799"><ele>4330</ele></trkpt>
      <trkpt lat="29.74435" lon="99.52779"><ele>4328</ele></trkpt>
      <trkpt lat="29.744446" lon="99.527799"><ele>4328</ele></trkpt>
      <trkpt lat="29.744623" lon="99.527873"><ele>4324</ele></trkpt>
      <trkpt lat="29.744702" lon="99.527933"><ele>4322</ele></trkpt>
      <trkpt lat="29.744799" lon="99.527963"><ele>4318</ele></trkpt>
      <trkpt lat="29.744887" lon="99.528002"><ele>4316</ele></trkpt>
      <trkpt lat="29.745186" lon="99.528273"><ele>4307</ele></trkpt>
      <trkpt lat="29.745274" lon="99.528296"><ele>4304</ele></trkpt>
      <trkpt lat="29.745442" lon="99.528404"><ele>4299</ele></trkpt>
      <trkpt lat="29.745532" lon="99.528451"><ele>4294</ele></trkpt>
      <trkpt lat="29.745594" lon="99.52854"><ele>4294</ele></trkpt>
      <trkpt lat="29.745669" lon="99.528603"><ele>4289</ele></trkpt>
      <trkpt lat="29.745694" lon="99.528704"><ele>4288</ele></trkpt>
      <trkpt lat="29.745743" lon="99.528793"><ele>4287</ele></trkpt>
      <trkpt lat="29.745838" lon="99.52879"><ele>4279</ele></trkpt>
      <trkpt lat="29.745877" lon="99.528696"><ele>4275</ele></trkpt>
      <trkpt lat="29.745928" lon="99.528604"><ele>4272</ele></trkpt>
      <trkpt lat="29.746005" lon="99.52841"><ele>4270</ele></trkpt>
      <trkpt lat="29.746059" lon="99.528327"><ele>4267</ele></trkpt>
      <trkpt lat="29.746122" lon="99.528252"><ele>4265</ele></trkpt>
      <trkpt lat="29.746174" lon="99.528145"><ele>4264</ele></trkpt>
      <trkpt lat="29.746251" lon="99.528084"><ele>4266</ele></trkpt>
      <trkpt lat="29.746313" lon="99.528"><ele>4266</ele></trkpt>
      <trkpt lat="29.746388" lon="99.527814"><ele>4266</ele></trkpt>
      <trkpt lat="29.746465" lon="99.527758"><ele>4267</ele></trkpt>
      <trkpt lat="29.746557" lon="99.527771"><ele>4268</ele></trkpt>
      <trkpt lat="29.746648" lon="99.52777"><ele>4268</ele></trkpt>
      <trkpt lat="29.746737" lon="99.527793"><ele>4269</ele></trkpt>
      <trkpt lat="29.746926" lon="99.527816"><ele>4270</ele></trkpt>
      <trkpt lat="29.747018" lon="99.527797"><ele>4269</ele></trkpt>
      <trkpt lat="29.747112" lon="99.527804"><ele>4270</ele></trkpt>
      <trkpt lat="29.747399" lon="99.527791"><ele>4270</ele></trkpt>
      <trkpt lat="29.747682" lon="99.527716"><ele>4270</ele></trkpt>
      <trkpt lat="29.747778" lon="99.527717"><ele>4269</ele></trkpt>
      <trkpt lat="29.748062" lon="99.527686"><ele>4271</ele></trkpt>
      <trkpt lat="29.748248" lon="99.527675"><ele>4270</ele></trkpt>
      <trkpt lat="29.748346" lon="99.527681"><ele>4268</ele></trkpt>
      <trkpt lat="29.748442" lon="99.527713"><ele>4267</ele></trkpt>
      <trkpt lat="29.748523" lon="99.527762"><ele>4266</ele></trkpt>
      <trkpt lat="29.748582" lon="99.527854"><ele>4265</ele></trkpt>
      <trkpt lat="29.748654" lon="99.527927"><ele>4264</ele></trkpt>
      <trkpt lat="29.748757" lon="99.528111"><ele>4263</ele></trkpt>
      <trkpt lat="29.748826" lon="99.528314"><ele>4261</ele></trkpt>
      <trkpt lat="29.748828" lon="99.528425"><ele>4259</ele></trkpt>
      <trkpt lat="29.748848" lon="99.528526"><ele>4257</ele></trkpt>
      <trkpt lat="29.748884" lon="99.528625"><ele>4255</ele></trkpt>
      <trkpt lat="29.748905" lon="99.528728"><ele>4254</ele></trkpt>
      <trkpt lat="29.74894" lon="99.528829"><ele>4251</ele></trkpt>
      <trkpt lat="29.748988" lon="99.529045"><ele>4250</ele></trkpt>
      <trkpt lat="29.749024" lon="99.529145"><ele>4249</ele></trkpt>
      <trkpt lat="29.749088" lon="99.529222"><ele>4245</ele></trkpt>
      <trkpt lat="29.749222" lon="99.529517"><ele>4240</ele></trkpt>
      <trkpt lat="29.749292" lon="99.52959"><ele>4236</ele></trkpt>
      <trkpt lat="29.749348" lon="99.529678"><ele>4234</ele></trkpt>
      <trkpt lat="29.749479" lon="99.529829"><ele>4231</ele></trkpt>
      <trkpt lat="29.749559" lon="99.529901"><ele>4230</ele></trkpt>
      <trkpt lat="29.749642" lon="99.529944"><ele>4229</ele></trkpt>
      <trkpt lat="29.74974" lon="99.529977"><ele>4229</ele></trkpt>
      <trkpt lat="29.749825" lon="99.530027"><ele>4227</ele></trkpt>
      <trkpt lat="29.749918" lon="99.530065"><ele>4227</ele></trkpt>
      <trkpt lat="29.749999" lon="99.530119"><ele>4227</ele></trkpt>
      <trkpt lat="29.750088" lon="99.530163"><ele>4227</ele></trkpt>
      <trkpt lat="29.750183" lon="99.53017"><ele>4226</ele></trkpt>
      <trkpt lat="29.750286" lon="99.530159"><ele>4225</ele></trkpt>
      <trkpt lat="29.750375" lon="99.530186"><ele>4225</ele></trkpt>
      <trkpt lat="29.750458" lon="99.530245"><ele>4224</ele></trkpt>
      <trkpt lat="29.750415" lon="99.530347"><ele>4224</ele></trkpt>
      <trkpt lat="29.750503" lon="99.530396"><ele>4221</ele></trkpt>
      <trkpt lat="29.750561" lon="99.530476"><ele>4223</ele></trkpt>
      <trkpt lat="29.750744" lon="99.530423"><ele>4225</ele></trkpt>
      <trkpt lat="29.750837" lon="99.530428"><ele>4225</ele></trkpt>
      <trkpt lat="29.751018" lon="99.530363"><ele>4227</ele></trkpt>
      <trkpt lat="29.751105" lon="99.53032"><ele>4225</ele></trkpt>
      <trkpt lat="29.75117" lon="99.530394"><ele>4226</ele></trkpt>
      <trkpt lat="29.751258" lon="99.53043"><ele>4222</ele></trkpt>
      <trkpt lat="29.751318" lon="99.530541"><ele>4220</ele></trkpt>
      <trkpt lat="29.751445" lon="99.530725"><ele>4218</ele></trkpt>
      <trkpt lat="29.751598" lon="99.530845"><ele>4216</ele></trkpt>
      <trkpt lat="29.751669" lon="99.530924"><ele>4216</ele></trkpt>
      <trkpt lat="29.751912" lon="99.531116"><ele>4217</ele></trkpt>
      <trkpt lat="29.752259" lon="99.531329"><ele>4217</ele></trkpt>
      <trkpt lat="29.752419" lon="99.531451"><ele>4215</ele></trkpt>
      <trkpt lat="29.752506" lon="99.531489"><ele>4215</ele></trkpt>
      <trkpt lat="29.752675" lon="99.531591"><ele>4217</ele></trkpt>
      <trkpt lat="29.752766" lon="99.531612"><ele>4216</ele></trkpt>
      <trkpt lat="29.752866" lon="99.53161"><ele>4216</ele></trkpt>
      <trkpt lat="29.752967" lon="99.531623"><ele>4213</ele></trkpt>
      <trkpt lat="29.753053" lon="99.531669"><ele>4212</ele></trkpt>
      <trkpt lat="29.753145" lon="99.531703"><ele>4211</ele></trkpt>
      <trkpt lat="29.753225" lon="99.531754"><ele>4208</ele></trkpt>
      <trkpt lat="29.753313" lon="99.53179"><ele>4209</ele></trkpt>
      <trkpt lat="29.753395" lon="99.531845"><ele>4208</ele></trkpt>
      <trkpt lat="29.75349" lon="99.531881"><ele>4208</ele></trkpt>
      <trkpt lat="29.753672" lon="99.531919"><ele>4204</ele></trkpt>
      <trkpt lat="29.753664" lon="99.532025"><ele>4204</ele></trkpt>
      <trkpt lat="29.753732" lon="99.531957"><ele>4202</ele></trkpt>
      <trkpt lat="29.753807" lon="99.532021"><ele>4200</ele></trkpt>
      <trkpt lat="29.753891" lon="99.532071"><ele>4200</ele></trkpt>
      <trkpt lat="29.753968" lon="99.532145"><ele>4198</ele></trkpt>
      <trkpt lat="29.754031" lon="99.532224"><ele>4197</ele></trkpt>
      <trkpt lat="29.754248" lon="99.532429"><ele>4195</ele></trkpt>
      <trkpt lat="29.7543" lon="99.532528"><ele>4194</ele></trkpt>
      <trkpt lat="29.754298" lon="99.532633"><ele>4195</ele></trkpt>
      <trkpt lat="29.75434" lon="99.532731"><ele>4194</ele></trkpt>
      <trkpt lat="29.754383" lon="99.533161"><ele>4187</ele></trkpt>
      <trkpt lat="29.754419" lon="99.533266"><ele>4186</ele></trkpt>
      <trkpt lat="29.754491" lon="99.533333"><ele>4187</ele></trkpt>
      <trkpt lat="29.754588" lon="99.533353"><ele>4186</ele></trkpt>
      <trkpt lat="29.754671" lon="99.533305"><ele>4185</ele></trkpt>
      <trkpt lat="29.754638" lon="99.533405"><ele>4187</ele></trkpt>
      <trkpt lat="29.754632" lon="99.533516"><ele>4184</ele></trkpt>
      <trkpt lat="29.754612" lon="99.533621"><ele>4184</ele></trkpt>
      <trkpt lat="29.754581" lon="99.533721"><ele>4181</ele></trkpt>
      <trkpt lat="29.754529" lon="99.533812"><ele>4181</ele></trkpt>
      <trkpt lat="29.754543" lon="99.53392"><ele>4179</ele></trkpt>
      <trkpt lat="29.754619" lon="99.533983"><ele>4176</ele></trkpt>
      <trkpt lat="29.754682" lon="99.534061"><ele>4173</ele></trkpt>
      <trkpt lat="29.754771" lon="99.534244"><ele>4172</ele></trkpt>
      <trkpt lat="29.754839" lon="99.534316"><ele>4170</ele></trkpt>
      <trkpt lat="29.754997" lon="99.534441"><ele>4165</ele></trkpt>
      <trkpt lat="29.755084" lon="99.534499"><ele>4164</ele></trkpt>
      <trkpt lat="29.755282" lon="99.534457"><ele>4161</ele></trkpt>
      <trkpt lat="29.755374" lon="99.534449"><ele>4159</ele></trkpt>
      <trkpt lat="29.755458" lon="99.534405"><ele>4156</ele></trkpt>
      <trkpt lat="29.75555" lon="99.534372"><ele>4153</ele></trkpt>
      <trkpt lat="29.756212" lon="99.534279"><ele>4144</ele></trkpt>
      <trkpt lat="29.756285" lon="99.534218"><ele>4142</ele></trkpt>
      <trkpt lat="29.756352" lon="99.534132"><ele>4140</ele></trkpt>
      <trkpt lat="29.756453" lon="99.533936"><ele>4139</ele></trkpt>
      <trkpt lat="29.756532" lon="99.533745"><ele>4136</ele></trkpt>
      <trkpt lat="29.756598" lon="99.533663"><ele>4132</ele></trkpt>
      <trkpt lat="29.756643" lon="99.533754"><ele>4138</ele></trkpt>
      <trkpt lat="29.756677" lon="99.533856"><ele>4140</ele></trkpt>
      <trkpt lat="29.756657" lon="99.534193"><ele>4139</ele></trkpt>
      <trkpt lat="29.756641" lon="99.534303"><ele>4139</ele></trkpt>
      <trkpt lat="29.756616" lon="99.534406"><ele>4139</ele></trkpt>
      <trkpt lat="29.756664" lon="99.534615"><ele>4136</ele></trkpt>
      <trkpt lat="29.756715" lon="99.534707"><ele>4136</ele></trkpt>
      <trkpt lat="29.756664" lon="99.534617"><ele>4141</ele></trkpt>
      <trkpt lat="29.756574" lon="99.534533"><ele>4139</ele></trkpt>
      <trkpt lat="29.756665" lon="99.534303"><ele>4138</ele></trkpt>
      <trkpt lat="29.756801" lon="99.53282"><ele>4144</ele></trkpt>
      <trkpt lat="29.756771" lon="99.532609"><ele>4146</ele></trkpt>
      <trkpt lat="29.75677" lon="99.532454"><ele>4146</ele></trkpt>
      <trkpt lat="29.756746" lon="99.532194"><ele>4146</ele></trkpt>
      <trkpt lat="29.756739" lon="99.532058"><ele>4145</ele></trkpt>
      <trkpt lat="29.75675" lon="99.531894"><ele>4145</ele></trkpt>
      <trkpt lat="29.756654" lon="99.531517"><ele>4147</ele></trkpt>
      <trkpt lat="29.756618" lon="99.531211"><ele>4148</ele></trkpt>
      <trkpt lat="29.756589" lon="99.531046"><ele>4150</ele></trkpt>
      <trkpt lat="29.756522" lon="99.530877"><ele>4151</ele></trkpt>
      <trkpt lat="29.756474" lon="99.530671"><ele>4149</ele></trkpt>
      <trkpt lat="29.756353" lon="99.529947"><ele>4149</ele></trkpt>
      <trkpt lat="29.756348" lon="99.529805"><ele>4150</ele></trkpt>
      <trkpt lat="29.756361" lon="99.529676"><ele>4150</ele></trkpt>
      <trkpt lat="29.756388" lon="99.529536"><ele>4150</ele></trkpt>
      <trkpt lat="29.756394" lon="99.529401"><ele>4150</ele></trkpt>
      <trkpt lat="29.756691" lon="99.52903"><ele>4153</ele></trkpt>
      <trkpt lat="29.756755" lon="99.528891"><ele>4154</ele></trkpt>
      <trkpt lat="29.756841" lon="99.528787"><ele>4154</ele></trkpt>
      <trkpt lat="29.756944" lon="99.528537"><ele>4155</ele></trkpt>
      <trkpt lat="29.756994" lon="99.528377"><ele>4157</ele></trkpt>
      <trkpt lat="29.75711" lon="99.528117"><ele>4159</ele></trkpt>
      <trkpt lat="29.757177" lon="99.527989"><ele>4159</ele></trkpt>
      <trkpt lat="29.757229" lon="99.52785"><ele>4160</ele></trkpt>
      <trkpt lat="29.757282" lon="99.527684"><ele>4160</ele></trkpt>
      <trkpt lat="29.757311" lon="99.527527"><ele>4161</ele></trkpt>
      <trkpt lat="29.757362" lon="99.527368"><ele>4161</ele></trkpt>
      <trkpt lat="29.757517" lon="99.527091"><ele>4163</ele></trkpt>
      <trkpt lat="29.757694" lon="99.526833"><ele>4164</ele></trkpt>
      <trkpt lat="29.75795" lon="99.526313"><ele>4166</ele></trkpt>
      <trkpt lat="29.758091" lon="99.525692"><ele>4169</ele></trkpt>
      <trkpt lat="29.758108" lon="99.525508"><ele>4171</ele></trkpt>
      <trkpt lat="29.758136" lon="99.525333"><ele>4170</ele></trkpt>
      <trkpt lat="29.75819" lon="99.525104"><ele>4170</ele></trkpt>
      <trkpt lat="29.758258" lon="99.524918"><ele>4170</ele></trkpt>
      <trkpt lat="29.75859" lon="99.524562"><ele>4175</ele></trkpt>
      <trkpt lat="29.758854" lon="99.524337"><ele>4176</ele></trkpt>
      <trkpt lat="29.758974" lon="99.52422"><ele>4176</ele></trkpt>
      <trkpt lat="29.759152" lon="99.523939"><ele>4178</ele></trkpt>
      <trkpt lat="29.759239" lon="99.523593"><ele>4179</ele></trkpt>
      <trkpt lat="29.759387" lon="99.523174"><ele>4178</ele></trkpt>
      <trkpt lat="29.759469" lon="99.523004"><ele>4180</ele></trkpt>
      <trkpt lat="29.759561" lon="99.522669"><ele>4181</ele></trkpt>
      <trkpt lat="29.759688" lon="99.522347"><ele>4182</ele></trkpt>
      <trkpt lat="29.759846" lon="99.522043"><ele>4184</ele></trkpt>
      <trkpt lat="29.759947" lon="99.521884"><ele>4184</ele></trkpt>
      <trkpt lat="29.76001" lon="99.52172"><ele>4185</ele></trkpt>
      <trkpt lat="29.760093" lon="99.521546"><ele>4186</ele></trkpt>
      <trkpt lat="29.760174" lon="99.521404"><ele>4186</ele></trkpt>
      <trkpt lat="29.760367" lon="99.521118"><ele>4188</ele></trkpt>
      <trkpt lat="29.76079" lon="99.520598"><ele>4190</ele></trkpt>
      <trkpt lat="29.760885" lon="99.520423"><ele>4190</ele></trkpt>
      <trkpt lat="29.760994" lon="99.520248"><ele>4191</ele></trkpt>
      <trkpt lat="29.761204" lon="99.519987"><ele>4193</ele></trkpt>
      <trkpt lat="29.76131" lon="99.519837"><ele>4193</ele></trkpt>
      <trkpt lat="29.761408" lon="99.519668"><ele>4194</ele></trkpt>
      <trkpt lat="29.761457" lon="99.519513"><ele>4195</ele></trkpt>
      <trkpt lat="29.761483" lon="99.519392"><ele>4195</ele></trkpt>
      <trkpt lat="29.761547" lon="99.519015"><ele>4198</ele></trkpt>
      <trkpt lat="29.761592" lon="99.518884"><ele>4199</ele></trkpt>
      <trkpt lat="29.761663" lon="99.518758"><ele>4200</ele></trkpt>
      <trkpt lat="29.762081" lon="99.518426"><ele>4204</ele></trkpt>
      <trkpt lat="29.762204" lon="99.518359"><ele>4204</ele></trkpt>
      <trkpt lat="29.762448" lon="99.5182"><ele>4208</ele></trkpt>
      <trkpt lat="29.762546" lon="99.518158"><ele>4209</ele></trkpt>
      <trkpt lat="29.76274" lon="99.518037"><ele>4212</ele></trkpt>
      <trkpt lat="29.763139" lon="99.517724"><ele>4216</ele></trkpt>
      <trkpt lat="29.763443" lon="99.517445"><ele>4219</ele></trkpt>
      <trkpt lat="29.763633" lon="99.517244"><ele>4220</ele></trkpt>
      <trkpt lat="29.764056" lon="99.516657"><ele>4224</ele></trkpt>
      <trkpt lat="29.764137" lon="99.516558"><ele>4226</ele></trkpt>
      <trkpt lat="29.764374" lon="99.516316"><ele>4228</ele></trkpt>
      <trkpt lat="29.764688" lon="99.516109"><ele>4227</ele></trkpt>
      <trkpt lat="29.764903" lon="99.516027"><ele>4229</ele></trkpt>
      <trkpt lat="29.765004" lon="99.51597"><ele>4229</ele></trkpt>
      <trkpt lat="29.765086" lon="99.515908"><ele>4231</ele></trkpt>
      <trkpt lat="29.765173" lon="99.515713"><ele>4230</ele></trkpt>
      <trkpt lat="29.765246" lon="99.515606"><ele>4229</ele></trkpt>
      <trkpt lat="29.765415" lon="99.515524"><ele>4231</ele></trkpt>
      <trkpt lat="29.76557" lon="99.515481"><ele>4231</ele></trkpt>
      <trkpt lat="29.76575" lon="99.515384"><ele>4233</ele></trkpt>
      <trkpt lat="29.765835" lon="99.515289"><ele>4233</ele></trkpt>
      <trkpt lat="29.766044" lon="99.515131"><ele>4233</ele></trkpt>
      <trkpt lat="29.766386" lon="99.514961"><ele>4231</ele></trkpt>
      <trkpt lat="29.766544" lon="99.514818"><ele>4232</ele></trkpt>
      <trkpt lat="29.766664" lon="99.514771"><ele>4232</ele></trkpt>
      <trkpt lat="29.766783" lon="99.514744"><ele>4233</ele></trkpt>
      <trkpt lat="29.767033" lon="99.51475"><ele>4232</ele></trkpt>
      <trkpt lat="29.767309" lon="99.514683"><ele>4229</ele></trkpt>
      <trkpt lat="29.76741" lon="99.514635"><ele>4227</ele></trkpt>
      <trkpt lat="29.767655" lon="99.514632"><ele>4226</ele></trkpt>
      <trkpt lat="29.767744" lon="99.514563"><ele>4224</ele></trkpt>
      <trkpt lat="29.768005" lon="99.514486"><ele>4221</ele></trkpt>
      <trkpt lat="29.768131" lon="99.514434"><ele>4220</ele></trkpt>
      <trkpt lat="29.76829" lon="99.514353"><ele>4220</ele></trkpt>
      <trkpt lat="29.76844" lon="99.514298"><ele>4219</ele></trkpt>
      <trkpt lat="29.76855" lon="99.514273"><ele>4218</ele></trkpt>
      <trkpt lat="29.769008" lon="99.514102"><ele>4214</ele></trkpt>
      <trkpt lat="29.769144" lon="99.514062"><ele>4212</ele></trkpt>
      <trkpt lat="29.769288" lon="99.514"><ele>4210</ele></trkpt>
      <trkpt lat="29.769424" lon="99.513972"><ele>4208</ele></trkpt>
      <trkpt lat="29.769573" lon="99.513902"><ele>4206</ele></trkpt>
      <trkpt lat="29.769713" lon="99.51385"><ele>4205</ele></trkpt>
      <trkpt lat="29.769862" lon="99.513824"><ele>4204</ele></trkpt>
      <trkpt lat="29.769986" lon="99.513789"><ele>4203</ele></trkpt>
      <trkpt lat="29.770227" lon="99.513691"><ele>4198</ele></trkpt>
      <trkpt lat="29.770366" lon="99.513663"><ele>4198</ele></trkpt>
      <trkpt lat="29.770461" lon="99.513599"><ele>4196</ele></trkpt>
      <trkpt lat="29.770709" lon="99.513639"><ele>4194</ele></trkpt>
      <trkpt lat="29.770829" lon="99.513692"><ele>4193</ele></trkpt>
      <trkpt lat="29.771113" lon="99.513754"><ele>4191</ele></trkpt>
      <trkpt lat="29.771254" lon="99.513776"><ele>4191</ele></trkpt>
      <trkpt lat="29.771721" lon="99.513824"><ele>4187</ele></trkpt>
      <trkpt lat="29.772026" lon="99.513835"><ele>4185</ele></trkpt>
      <trkpt lat="29.772174" lon="99.513806"><ele>4185</ele></trkpt>
      <trkpt lat="29.772319" lon="99.513744"><ele>4186</ele></trkpt>
      <trkpt lat="29.772627" lon="99.513636"><ele>4187</ele></trkpt>
      <trkpt lat="29.772781" lon="99.513593"><ele>4187</ele></trkpt>
      <trkpt lat="29.772951" lon="99.513568"><ele>4188</ele></trkpt>
      <trkpt lat="29.773434" lon="99.513462"><ele>4187</ele></trkpt>
      <trkpt lat="29.77377" lon="99.513346"><ele>4186</ele></trkpt>
      <trkpt lat="29.77391" lon="99.513245"><ele>4187</ele></trkpt>
      <trkpt lat="29.77408" lon="99.513167"><ele>4186</ele></trkpt>
      <trkpt lat="29.774213" lon="99.513093"><ele>4186</ele></trkpt>
      <trkpt lat="29.774375" lon="99.513036"><ele>4187</ele></trkpt>
      <trkpt lat="29.774539" lon="99.512945"><ele>4187</ele></trkpt>
      <trkpt lat="29.775167" lon="99.512657"><ele>4187</ele></trkpt>
      <trkpt lat="29.77565" lon="99.512369"><ele>4187</ele></trkpt>
      <trkpt lat="29.775813" lon="99.512255"><ele>4187</ele></trkpt>
      <trkpt lat="29.775952" lon="99.51219"><ele>4188</ele></trkpt>
      <trkpt lat="29.776105" lon="99.512075"><ele>4188</ele></trkpt>
      <trkpt lat="29.776255" lon="99.511948"><ele>4188</ele></trkpt>
      <trkpt lat="29.776688" lon="99.511555"><ele>4189</ele></trkpt>
      <trkpt lat="29.776897" lon="99.511337"><ele>4190</ele></trkpt>
      <trkpt lat="29.777119" lon="99.51116"><ele>4189</ele></trkpt>
      <trkpt lat="29.777302" lon="99.511104"><ele>4188</ele></trkpt>
      <trkpt lat="29.777407" lon="99.511061"><ele>4188</ele></trkpt>
      <trkpt lat="29.777511" lon="99.511036"><ele>4188</ele></trkpt>
      <trkpt lat="29.777729" lon="99.510931"><ele>4187</ele></trkpt>
      <trkpt lat="29.777844" lon="99.510855"><ele>4186</ele></trkpt>
      <trkpt lat="29.777945" lon="99.510748"><ele>4186</ele></trkpt>
      <trkpt lat="29.778094" lon="99.510625"><ele>4184</ele></trkpt>
      <trkpt lat="29.77838" lon="99.51044"><ele>4183</ele></trkpt>
      <trkpt lat="29.778705" lon="99.510269"><ele>4182</ele></trkpt>
      <trkpt lat="29.778911" lon="99.510191"><ele>4183</ele></trkpt>
      <trkpt lat="29.77907" lon="99.510097"><ele>4183</ele></trkpt>
      <trkpt lat="29.77924" lon="99.510017"><ele>4184</ele></trkpt>
      <trkpt lat="29.779392" lon="99.509903"><ele>4183</ele></trkpt>
      <trkpt lat="29.77992" lon="99.509724"><ele>4183</ele></trkpt>
      <trkpt lat="29.78009" lon="99.509631"><ele>4182</ele></trkpt>
      <trkpt lat="29.780248" lon="99.509532"><ele>4182</ele></trkpt>
      <trkpt lat="29.780545" lon="99.50933"><ele>4183</ele></trkpt>
      <trkpt lat="29.780696" lon="99.50921"><ele>4182</ele></trkpt>
      <trkpt lat="29.780846" lon="99.509113"><ele>4182</ele></trkpt>
      <trkpt lat="29.781015" lon="99.509053"><ele>4182</ele></trkpt>
      <trkpt lat="29.781179" lon="99.509015"><ele>4184</ele></trkpt>
      <trkpt lat="29.781669" lon="99.508875"><ele>4184</ele></trkpt>
      <trkpt lat="29.781982" lon="99.508703"><ele>4184</ele></trkpt>
      <trkpt lat="29.782154" lon="99.508628"><ele>4184</ele></trkpt>
      <trkpt lat="29.782313" lon="99.508501"><ele>4185</ele></trkpt>
      <trkpt lat="29.782475" lon="99.508392"><ele>4184</ele></trkpt>
      <trkpt lat="29.782645" lon="99.508329"><ele>4185</ele></trkpt>
      <trkpt lat="29.783143" lon="99.508067"><ele>4183</ele></trkpt>
      <trkpt lat="29.783307" lon="99.507994"><ele>4182</ele></trkpt>
      <trkpt lat="29.783456" lon="99.50794"><ele>4183</ele></trkpt>
      <trkpt lat="29.783597" lon="99.507902"><ele>4182</ele></trkpt>
      <trkpt lat="29.783821" lon="99.507917"><ele>4183</ele></trkpt>
      <trkpt lat="29.784036" lon="99.507902"><ele>4183</ele></trkpt>
      <trkpt lat="29.784333" lon="99.507846"><ele>4185</ele></trkpt>
      <trkpt lat="29.78445" lon="99.507808"><ele>4185</ele></trkpt>
      <trkpt lat="29.784801" lon="99.507737"><ele>4186</ele></trkpt>
      <trkpt lat="29.784922" lon="99.507716"><ele>4186</ele></trkpt>
      <trkpt lat="29.785047" lon="99.507707"><ele>4186</ele></trkpt>
      <trkpt lat="29.785168" lon="99.50774"><ele>4185</ele></trkpt>
      <trkpt lat="29.785411" lon="99.507738"><ele>4185</ele></trkpt>
      <trkpt lat="29.786601" lon="99.507677"><ele>4184</ele></trkpt>
      <trkpt lat="29.786921" lon="99.50769"><ele>4185</ele></trkpt>
      <trkpt lat="29.787249" lon="99.507724"><ele>4185</ele></trkpt>
      <trkpt lat="29.787572" lon="99.507735"><ele>4186</ele></trkpt>
      <trkpt lat="29.787745" lon="99.507729"><ele>4185</ele></trkpt>
      <trkpt lat="29.788047" lon="99.507695"><ele>4186</ele></trkpt>
      <trkpt lat="29.788203" lon="99.507689"><ele>4186</ele></trkpt>
      <trkpt lat="29.78835" lon="99.507719"><ele>4186</ele></trkpt>
      <trkpt lat="29.788663" lon="99.507852"><ele>4188</ele></trkpt>
      <trkpt lat="29.788799" lon="99.507924"><ele>4187</ele></trkpt>
      <trkpt lat="29.789088" lon="99.508041"><ele>4188</ele></trkpt>
      <trkpt lat="29.789531" lon="99.508249"><ele>4190</ele></trkpt>
      <trkpt lat="29.789786" lon="99.508379"><ele>4189</ele></trkpt>
      <trkpt lat="29.790173" lon="99.508545"><ele>4187</ele></trkpt>
      <trkpt lat="29.790268" lon="99.508595"><ele>4187</ele></trkpt>
      <trkpt lat="29.790761" lon="99.508776"><ele>4186</ele></trkpt>
      <trkpt lat="29.790857" lon="99.508827"><ele>4186</ele></trkpt>
      <trkpt lat="29.791055" lon="99.508953"><ele>4186</ele></trkpt>
      <trkpt lat="29.791165" lon="99.509003"><ele>4187</ele></trkpt>
      <trkpt lat="29.791717" lon="99.509106"><ele>4187</ele></trkpt>
      <trkpt lat="29.792015" lon="99.509138"><ele>4187</ele></trkpt>
      <trkpt lat="29.792494" lon="99.509223"><ele>4187</ele></trkpt>
      <trkpt lat="29.793355" lon="99.509425"><ele>4187</ele></trkpt>
      <trkpt lat="29.793525" lon="99.509478"><ele>4187</ele></trkpt>
      <trkpt lat="29.794339" lon="99.509784"><ele>4188</ele></trkpt>
      <trkpt lat="29.794634" lon="99.509884"><ele>4189</ele></trkpt>
      <trkpt lat="29.795237" lon="99.51008"><ele>4187</ele></trkpt>
      <trkpt lat="29.795895" lon="99.510268"><ele>4188</ele></trkpt>
      <trkpt lat="29.796423" lon="99.510367"><ele>4187</ele></trkpt>
      <trkpt lat="29.796951" lon="99.510434"><ele>4186</ele></trkpt>
      <trkpt lat="29.797489" lon="99.510484"><ele>4187</ele></trkpt>
      <trkpt lat="29.79785" lon="99.510494"><ele>4185</ele></trkpt>
      <trkpt lat="29.798013" lon="99.510483"><ele>4185</ele></trkpt>
      <trkpt lat="29.798183" lon="99.510487"><ele>4183</ele></trkpt>
      <trkpt lat="29.798512" lon="99.510475"><ele>4181</ele></trkpt>
      <trkpt lat="29.798667" lon="99.510461"><ele>4180</ele></trkpt>
      <trkpt lat="29.798913" lon="99.510498"><ele>4178</ele></trkpt>
      <trkpt lat="29.799042" lon="99.510508"><ele>4177</ele></trkpt>
      <trkpt lat="29.79917" lon="99.510537"><ele>4178</ele></trkpt>
      <trkpt lat="29.799321" lon="99.510591"><ele>4177</ele></trkpt>
      <trkpt lat="29.79945" lon="99.510666"><ele>4178</ele></trkpt>
      <trkpt lat="29.799681" lon="99.510855"><ele>4180</ele></trkpt>
      <trkpt lat="29.800084" lon="99.511117"><ele>4186</ele></trkpt>
      <trkpt lat="29.800187" lon="99.511214"><ele>4187</ele></trkpt>
      <trkpt lat="29.800279" lon="99.511338"><ele>4187</ele></trkpt>
      <trkpt lat="29.800594" lon="99.511899"><ele>4187</ele></trkpt>
      <trkpt lat="29.800754" lon="99.5122"><ele>4188</ele></trkpt>
      <trkpt lat="29.800897" lon="99.512504"><ele>4187</ele></trkpt>
      <trkpt lat="29.800993" lon="99.512654"><ele>4187</ele></trkpt>
      <trkpt lat="29.80121" lon="99.512937"><ele>4187</ele></trkpt>
      <trkpt lat="29.801319" lon="99.513053"><ele>4188</ele></trkpt>
      <trkpt lat="29.801446" lon="99.513169"><ele>4188</ele></trkpt>
      <trkpt lat="29.801573" lon="99.51326"><ele>4189</ele></trkpt>
      <trkpt lat="29.802064" lon="99.51353"><ele>4186</ele></trkpt>
      <trkpt lat="29.802215" lon="99.513641"><ele>4186</ele></trkpt>
      <trkpt lat="29.802494" lon="99.513881"><ele>4185</ele></trkpt>
      <trkpt lat="29.802618" lon="99.514004"><ele>4185</ele></trkpt>
      <trkpt lat="29.802949" lon="99.514491"><ele>4186</ele></trkpt>
      <trkpt lat="29.803303" lon="99.51497"><ele>4186</ele></trkpt>
      <trkpt lat="29.804099" lon="99.515979"><ele>4188</ele></trkpt>
      <trkpt lat="29.804467" lon="99.516482"><ele>4187</ele></trkpt>
      <trkpt lat="29.804615" lon="99.516665"><ele>4186</ele></trkpt>
      <trkpt lat="29.804711" lon="99.516738"><ele>4186</ele></trkpt>
      <trkpt lat="29.804931" lon="99.516864"><ele>4186</ele></trkpt>
      <trkpt lat="29.805171" lon="99.51702"><ele>4187</ele></trkpt>
      <trkpt lat="29.805267" lon="99.517121"><ele>4186</ele></trkpt>
      <trkpt lat="29.805353" lon="99.517168"><ele>4186</ele></trkpt>
      <trkpt lat="29.805428" lon="99.517242"><ele>4185</ele></trkpt>
      <trkpt lat="29.805467" lon="99.517379"><ele>4183</ele></trkpt>
      <trkpt lat="29.805439" lon="99.517548"><ele>4183</ele></trkpt>
      <trkpt lat="29.80544" lon="99.517762"><ele>4183</ele></trkpt>
      <trkpt lat="29.80551" lon="99.518087"><ele>4185</ele></trkpt>
      <trkpt lat="29.805545" lon="99.51821"><ele>4186</ele></trkpt>
      <trkpt lat="29.805592" lon="99.518313"><ele>4186</ele></trkpt>
      <trkpt lat="29.80565" lon="99.518399"><ele>4187</ele></trkpt>
      <trkpt lat="29.805808" lon="99.51858"><ele>4187</ele></trkpt>
      <trkpt lat="29.805992" lon="99.518738"><ele>4189</ele></trkpt>
      <trkpt lat="29.806092" lon="99.518799"><ele>4188</ele></trkpt>
      <trkpt lat="29.806393" lon="99.518897"><ele>4188</ele></trkpt>
      <trkpt lat="29.806505" lon="99.518949"><ele>4188</ele></trkpt>
      <trkpt lat="29.806735" lon="99.519031"><ele>4189</ele></trkpt>
      <trkpt lat="29.806922" lon="99.519132"><ele>4188</ele></trkpt>
      <trkpt lat="29.807047" lon="99.519188"><ele>4187</ele></trkpt>
      <trkpt lat="29.807123" lon="99.519255"><ele>4185</ele></trkpt>
      <trkpt lat="29.807121" lon="99.519381"><ele>4184</ele></trkpt>
      <trkpt lat="29.80714" lon="99.519652"><ele>4184</ele></trkpt>
      <trkpt lat="29.807203" lon="99.519933"><ele>4186</ele></trkpt>
      <trkpt lat="29.807121" lon="99.51998"><ele>4191</ele></trkpt>
      <trkpt lat="29.807208" lon="99.520021"><ele>4188</ele></trkpt>
      <trkpt lat="29.807126" lon="99.519964"><ele>4193</ele></trkpt>
      <trkpt lat="29.807181" lon="99.520055"><ele>4192</ele></trkpt>
      <trkpt lat="29.807114" lon="99.51998"><ele>4194</ele></trkpt>
      <trkpt lat="29.80723" lon="99.519799"><ele>4178</ele></trkpt>
      <trkpt lat="29.807274" lon="99.519706"><ele>4178</ele></trkpt>
      <trkpt lat="29.807387" lon="99.519538"><ele>4179</ele></trkpt>
      <trkpt lat="29.807436" lon="99.51944"><ele>4179</ele></trkpt>
      <trkpt lat="29.807555" lon="99.519278"><ele>4180</ele></trkpt>
      <trkpt lat="29.8076" lon="99.519184"><ele>4181</ele></trkpt>
      <trkpt lat="29.807636" lon="99.519084"><ele>4181</ele></trkpt>
      <trkpt lat="29.807741" lon="99.518909"><ele>4183</ele></trkpt>
      <trkpt lat="29.807809" lon="99.518702"><ele>4184</ele></trkpt>
      <trkpt lat="29.807872" lon="99.518624"><ele>4184</ele></trkpt>
      <trkpt lat="29.807973" lon="99.518428"><ele>4185</ele></trkpt>
      <trkpt lat="29.808032" lon="99.518342"><ele>4185</ele></trkpt>
      <trkpt lat="29.808103" lon="99.518273"><ele>4185</ele></trkpt>
      <trkpt lat="29.808219" lon="99.5181"><ele>4186</ele></trkpt>
      <trkpt lat="29.808268" lon="99.518009"><ele>4185</ele></trkpt>
      <trkpt lat="29.808338" lon="99.517802"><ele>4187</ele></trkpt>
      <trkpt lat="29.808386" lon="99.517708"><ele>4188</ele></trkpt>
      <trkpt lat="29.808445" lon="99.517629"><ele>4188</ele></trkpt>
      <trkpt lat="29.808613" lon="99.517526"><ele>4190</ele></trkpt>
      <trkpt lat="29.808671" lon="99.517447"><ele>4190</ele></trkpt>
      <trkpt lat="29.808744" lon="99.517377"><ele>4193</ele></trkpt>
      <trkpt lat="29.808824" lon="99.517328"><ele>4194</ele></trkpt>
      <trkpt lat="29.809011" lon="99.517305"><ele>4198</ele></trkpt>
      <trkpt lat="29.809091" lon="99.517251"><ele>4199</ele></trkpt>
      <trkpt lat="29.809179" lon="99.517206"><ele>4204</ele></trkpt>
      <trkpt lat="29.809274" lon="99.517199"><ele>4206</ele></trkpt>
      <trkpt lat="29.809365" lon="99.517162"><ele>4209</ele></trkpt>
      <trkpt lat="29.80946" lon="99.51717"><ele>4213</ele></trkpt>
      <trkpt lat="29.809551" lon="99.517203"><ele>4215</ele></trkpt>
      <trkpt lat="29.809646" lon="99.517216"><ele>4216</ele></trkpt>
      <trkpt lat="29.809718" lon="99.517152"><ele>4218</ele></trkpt>
      <trkpt lat="29.80966" lon="99.517067"><ele>4223</ele></trkpt>
      <trkpt lat="29.809668" lon="99.516964"><ele>4223</ele></trkpt>
      <trkpt lat="29.809648" lon="99.516749"><ele>4226</ele></trkpt>
      <trkpt lat="29.80966" lon="99.516641"><ele>4229</ele></trkpt>
      <trkpt lat="29.809731" lon="99.516574"><ele>4233</ele></trkpt>
      <trkpt lat="29.809901" lon="99.516649"><ele>4238</ele></trkpt>
      <trkpt lat="29.809994" lon="99.516668"><ele>4239</ele></trkpt>
      <trkpt lat="29.810094" lon="99.516652"><ele>4239</ele></trkpt>
      <trkpt lat="29.810168" lon="99.516587"><ele>4243</ele></trkpt>
      <trkpt lat="29.810139" lon="99.516485"><ele>4243</ele></trkpt>
      <trkpt lat="29.810305" lon="99.516386"><ele>4243</ele></trkpt>
      <trkpt lat="29.810386" lon="99.516436"><ele>4247</ele></trkpt>
      <trkpt lat="29.810483" lon="99.516457"><ele>4247</ele></trkpt>
      <trkpt lat="29.810576" lon="99.516461"><ele>4248</ele></trkpt>
      <trkpt lat="29.81065" lon="99.516528"><ele>4251</ele></trkpt>
      <trkpt lat="29.810739" lon="99.516499"><ele>4253</ele></trkpt>
      <trkpt lat="29.810832" lon="99.516483"><ele>4254</ele></trkpt>
      <trkpt lat="29.810939" lon="99.516308"><ele>4253</ele></trkpt>
      <trkpt lat="29.810969" lon="99.516208"><ele>4252</ele></trkpt>
      <trkpt lat="29.811055" lon="99.516175"><ele>4260</ele></trkpt>
      <trkpt lat="29.811113" lon="99.516263"><ele>4258</ele></trkpt>
      <trkpt lat="29.811208" lon="99.516297"><ele>4261</ele></trkpt>
      <trkpt lat="29.811216" lon="99.516181"><ele>4262</ele></trkpt>
      <trkpt lat="29.811262" lon="99.516091"><ele>4262</ele></trkpt>
      <trkpt lat="29.811351" lon="99.516077"><ele>4268</ele></trkpt>
      <trkpt lat="29.811281" lon="99.515881"><ele>4271</ele></trkpt>
      <trkpt lat="29.811424" lon="99.515736"><ele>4278</ele></trkpt>
      <trkpt lat="29.811517" lon="99.515721"><ele>4283</ele></trkpt>
      <trkpt lat="29.811607" lon="99.515673"><ele>4287</ele></trkpt>
      <trkpt lat="29.811724" lon="99.515509"><ele>4284</ele></trkpt>
      <trkpt lat="29.811755" lon="99.515404"><ele>4287</ele></trkpt>
      <trkpt lat="29.811842" lon="99.515371"><ele>4290</ele></trkpt>
      <trkpt lat="29.811918" lon="99.515302"><ele>4296</ele></trkpt>
      <trkpt lat="29.812002" lon="99.515251"><ele>4292</ele></trkpt>
      <trkpt lat="29.812097" lon="99.515207"><ele>4296</ele></trkpt>
      <trkpt lat="29.812191" lon="99.515178"><ele>4300</ele></trkpt>
      <trkpt lat="29.812267" lon="99.515111"><ele>4301</ele></trkpt>
      <trkpt lat="29.812316" lon="99.515013"><ele>4301</ele></trkpt>
      <trkpt lat="29.812393" lon="99.514957"><ele>4307</ele></trkpt>
      <trkpt lat="29.812476" lon="99.514912"><ele>4307</ele></trkpt>
      <trkpt lat="29.812569" lon="99.514929"><ele>4311</ele></trkpt>
      <trkpt lat="29.812656" lon="99.514884"><ele>4310</ele></trkpt>
      <trkpt lat="29.812837" lon="99.514874"><ele>4317</ele></trkpt>
      <trkpt lat="29.812928" lon="99.514859"><ele>4321</ele></trkpt>
      <trkpt lat="29.813011" lon="99.514812"><ele>4326</ele></trkpt>
      <trkpt lat="29.813105" lon="99.514811"><ele>4326</ele></trkpt>
      <trkpt lat="29.813192" lon="99.514782"><ele>4326</ele></trkpt>
      <trkpt lat="29.813364" lon="99.514679"><ele>4333</ele></trkpt>
      <trkpt lat="29.813404" lon="99.514583"><ele>4335</ele></trkpt>
      <trkpt lat="29.813427" lon="99.514483"><ele>4337</ele></trkpt>
      <trkpt lat="29.813368" lon="99.514405"><ele>4336</ele></trkpt>
      <trkpt lat="29.813273" lon="99.514408"><ele>4338</ele></trkpt>
      <trkpt lat="29.813356" lon="99.514457"><ele>4337</ele></trkpt>
      <trkpt lat="29.813439" lon="99.514412"><ele>4338</ele></trkpt>
      <trkpt lat="29.813464" lon="99.514306"><ele>4338</ele></trkpt>
      <trkpt lat="29.813512" lon="99.514218"><ele>4338</ele></trkpt>
      <trkpt lat="29.813538" lon="99.514116"><ele>4337</ele></trkpt>
      <trkpt lat="29.813543" lon="99.514007"><ele>4336</ele></trkpt>
      <trkpt lat="29.813589" lon="99.513903"><ele>4336</ele></trkpt>
      <trkpt lat="29.813658" lon="99.513826"><ele>4335</ele></trkpt>
      <trkpt lat="29.813704" lon="99.513732"><ele>4336</ele></trkpt>
      <trkpt lat="29.813782" lon="99.513535"><ele>4335</ele></trkpt>
      <trkpt lat="29.813754" lon="99.513433"><ele>4335</ele></trkpt>
      <trkpt lat="29.813823" lon="99.513356"><ele>4335</ele></trkpt>
      <trkpt lat="29.813912" lon="99.513319"><ele>4337</ele></trkpt>
      <trkpt lat="29.814001" lon="99.513297"><ele>4338</ele></trkpt>
      <trkpt lat="29.814084" lon="99.513252"><ele>4339</ele></trkpt>
      <trkpt lat="29.814162" lon="99.513197"><ele>4341</ele></trkpt>
      <trkpt lat="29.814254" lon="99.513174"><ele>4342</ele></trkpt>
      <trkpt lat="29.81442" lon="99.513075"><ele>4344</ele></trkpt>
      <trkpt lat="29.814552" lon="99.512917"><ele>4346</ele></trkpt>
      <trkpt lat="29.814625" lon="99.512853"><ele>4347</ele></trkpt>
      <trkpt lat="29.814765" lon="99.5127"><ele>4349</ele></trkpt>
      <trkpt lat="29.814822" lon="99.51261"><ele>4349</ele></trkpt>
      <trkpt lat="29.814885" lon="99.51253"><ele>4348</ele></trkpt>
      <trkpt lat="29.814966" lon="99.512473"><ele>4350</ele></trkpt>
      <trkpt lat="29.815038" lon="99.512407"><ele>4352</ele></trkpt>
      <trkpt lat="29.815098" lon="99.512319"><ele>4351</ele></trkpt>
      <trkpt lat="29.815188" lon="99.512285"><ele>4352</ele></trkpt>
      <trkpt lat="29.815282" lon="99.51228"><ele>4354</ele></trkpt>
      <trkpt lat="29.815364" lon="99.512224"><ele>4355</ele></trkpt>
      <trkpt lat="29.81546" lon="99.512226"><ele>4358</ele></trkpt>
      <trkpt lat="29.815651" lon="99.512176"><ele>4363</ele></trkpt>
      <trkpt lat="29.815737" lon="99.512139"><ele>4364</ele></trkpt>
      <trkpt lat="29.815831" lon="99.512137"><ele>4366</ele></trkpt>
      <trkpt lat="29.81593" lon="99.512107"><ele>4365</ele></trkpt>
      <trkpt lat="29.816002" lon="99.512043"><ele>4366</ele></trkpt>
      <trkpt lat="29.816088" lon="99.512005"><ele>4368</ele></trkpt>
      <trkpt lat="29.816183" lon="99.512001"><ele>4370</ele></trkpt>
      <trkpt lat="29.816266" lon="99.511952"><ele>4371</ele></trkpt>
      <trkpt lat="29.816355" lon="99.511931"><ele>4372</ele></trkpt>
      <trkpt lat="29.816434" lon="99.511879"><ele>4373</ele></trkpt>
      <trkpt lat="29.816623" lon="99.511841"><ele>4373</ele></trkpt>
      <trkpt lat="29.816709" lon="99.511808"><ele>4373</ele></trkpt>
      <trkpt lat="29.816791" lon="99.511752"><ele>4375</ele></trkpt>
      <trkpt lat="29.817164" lon="99.511653"><ele>4379</ele></trkpt>
      <trkpt lat="29.817242" lon="99.511599"><ele>4381</ele></trkpt>
      <trkpt lat="29.817329" lon="99.511568"><ele>4382</ele></trkpt>
      <trkpt lat="29.817416" lon="99.511521"><ele>4383</ele></trkpt>
      <trkpt lat="29.817652" lon="99.511353"><ele>4388</ele></trkpt>
      <trkpt lat="29.817746" lon="99.511334"><ele>4389</ele></trkpt>
      <trkpt lat="29.818112" lon="99.511227"><ele>4394</ele></trkpt>
      <trkpt lat="29.818195" lon="99.511179"><ele>4395</ele></trkpt>
      <trkpt lat="29.818477" lon="99.5109"><ele>4395</ele></trkpt>
      <trkpt lat="29.818563" lon="99.510848"><ele>4396</ele></trkpt>
      <trkpt lat="29.818642" lon="99.510787"><ele>4396</ele></trkpt>
      <trkpt lat="29.818732" lon="99.51077"><ele>4394</ele></trkpt>
      <trkpt lat="29.818815" lon="99.510722"><ele>4394</ele></trkpt>
      <trkpt lat="29.818894" lon="99.510659"><ele>4394</ele></trkpt>
      <trkpt lat="29.819045" lon="99.510515"><ele>4395</ele></trkpt>
      <trkpt lat="29.81911" lon="99.510435"><ele>4395</ele></trkpt>
      <trkpt lat="29.819419" lon="99.51"><ele>4395</ele></trkpt>
      <trkpt lat="29.819495" lon="99.509928"><ele>4394</ele></trkpt>
      <trkpt lat="29.819615" lon="99.509761"><ele>4393</ele></trkpt>
      <trkpt lat="29.819813" lon="99.509531"><ele>4394</ele></trkpt>
      <trkpt lat="29.819889" lon="99.509458"><ele>4394</ele></trkpt>
      <trkpt lat="29.82009" lon="99.509234"><ele>4396</ele></trkpt>
      <trkpt lat="29.820167" lon="99.509162"><ele>4395</ele></trkpt>
      <trkpt lat="29.820232" lon="99.509077"><ele>4393</ele></trkpt>
      <trkpt lat="29.820283" lon="99.508988"><ele>4392</ele></trkpt>
      <trkpt lat="29.820353" lon="99.508921"><ele>4391</ele></trkpt>
      <trkpt lat="29.820432" lon="99.508854"><ele>4391</ele></trkpt>
      <trkpt lat="29.820696" lon="99.508716"><ele>4392</ele></trkpt>
      <trkpt lat="29.820883" lon="99.508688"><ele>4391</ele></trkpt>
      <trkpt lat="29.82097" lon="99.508625"><ele>4390</ele></trkpt>
      <trkpt lat="29.821227" lon="99.508479"><ele>4392</ele></trkpt>
      <trkpt lat="29.821301" lon="99.508407"><ele>4392</ele></trkpt>
      <trkpt lat="29.821436" lon="99.508248"><ele>4393</ele></trkpt>
      <trkpt lat="29.821495" lon="99.508158"><ele>4393</ele></trkpt>
      <trkpt lat="29.821578" lon="99.508114"><ele>4391</ele></trkpt>
      <trkpt lat="29.821861" lon="99.508079"><ele>4394</ele></trkpt>
      <trkpt lat="29.822104" lon="99.50791"><ele>4398</ele></trkpt>
      <trkpt lat="29.822202" lon="99.507886"><ele>4397</ele></trkpt>
      <trkpt lat="29.82229" lon="99.507833"><ele>4398</ele></trkpt>
      <trkpt lat="29.822379" lon="99.507797"><ele>4398</ele></trkpt>
      <trkpt lat="29.822459" lon="99.507734"><ele>4401</ele></trkpt>
      <trkpt lat="29.822547" lon="99.507681"><ele>4401</ele></trkpt>
      <trkpt lat="29.822619" lon="99.507617"><ele>4402</ele></trkpt>
      <trkpt lat="29.822757" lon="99.507475"><ele>4404</ele></trkpt>
      <trkpt lat="29.822916" lon="99.507332"><ele>4401</ele></trkpt>
      <trkpt lat="29.822975" lon="99.507252"><ele>4401</ele></trkpt>
      <trkpt lat="29.823065" lon="99.507226"><ele>4399</ele></trkpt>
      <trkpt lat="29.823346" lon="99.507277"><ele>4399</ele></trkpt>
      <trkpt lat="29.823401" lon="99.507368"><ele>4400</ele></trkpt>
      <trkpt lat="29.823465" lon="99.507447"><ele>4401</ele></trkpt>
      <trkpt lat="29.823469" lon="99.507551"><ele>4401</ele></trkpt>
      <trkpt lat="29.823557" lon="99.507582"><ele>4401</ele></trkpt>
      <trkpt lat="29.823649" lon="99.507563"><ele>4401</ele></trkpt>
      <trkpt lat="29.823732" lon="99.507521"><ele>4400</ele></trkpt>
      <trkpt lat="29.823825" lon="99.507522"><ele>4401</ele></trkpt>
      <trkpt lat="29.823924" lon="99.507506"><ele>4403</ele></trkpt>
      <trkpt lat="29.823997" lon="99.507433"><ele>4404</ele></trkpt>
      <trkpt lat="29.824076" lon="99.50737"><ele>4405</ele></trkpt>
      <trkpt lat="29.824257" lon="99.507318"><ele>4405</ele></trkpt>
      <trkpt lat="29.824344" lon="99.507272"><ele>4406</ele></trkpt>
      <trkpt lat="29.824426" lon="99.507205"><ele>4406</ele></trkpt>
      <trkpt lat="29.824489" lon="99.50712"><ele>4406</ele></trkpt>
      <trkpt lat="29.824589" lon="99.506935"><ele>4407</ele></trkpt>
      <trkpt lat="29.824655" lon="99.506852"><ele>4410</ele></trkpt>
      <trkpt lat="29.824732" lon="99.506793"><ele>4410</ele></trkpt>
      <trkpt lat="29.824851" lon="99.506629"><ele>4412</ele></trkpt>
      <trkpt lat="29.824982" lon="99.506323"><ele>4413</ele></trkpt>
      <trkpt lat="29.824981" lon="99.506219"><ele>4415</ele></trkpt>
      <trkpt lat="29.82505" lon="99.506025"><ele>4414</ele></trkpt>
      <trkpt lat="29.825062" lon="99.505815"><ele>4416</ele></trkpt>
      <trkpt lat="29.825085" lon="99.50571"><ele>4416</ele></trkpt>
      <trkpt lat="29.82506" lon="99.505501"><ele>4417</ele></trkpt>
      <trkpt lat="29.825161" lon="99.505325"><ele>4420</ele></trkpt>
      <trkpt lat="29.825236" lon="99.505256"><ele>4422</ele></trkpt>
      <trkpt lat="29.825298" lon="99.505178"><ele>4422</ele></trkpt>
      <trkpt lat="29.825365" lon="99.504982"><ele>4423</ele></trkpt>
      <trkpt lat="29.825407" lon="99.504886"><ele>4424</ele></trkpt>
      <trkpt lat="29.825465" lon="99.504797"><ele>4425</ele></trkpt>
      <trkpt lat="29.825726" lon="99.504676"><ele>4430</ele></trkpt>
      <trkpt lat="29.825817" lon="99.504686"><ele>4432</ele></trkpt>
      <trkpt lat="29.825903" lon="99.504653"><ele>4432</ele></trkpt>
      <trkpt lat="29.825996" lon="99.504635"><ele>4432</ele></trkpt>
      <trkpt lat="29.826176" lon="99.504561"><ele>4431</ele></trkpt>
      <trkpt lat="29.826374" lon="99.504562"><ele>4432</ele></trkpt>
      <trkpt lat="29.826463" lon="99.504536"><ele>4434</ele></trkpt>
      <trkpt lat="29.82655" lon="99.504495"><ele>4434</ele></trkpt>
      <trkpt lat="29.826618" lon="99.504424"><ele>4436</ele></trkpt>
      <trkpt lat="29.826694" lon="99.504366"><ele>4439</ele></trkpt>
      <trkpt lat="29.826786" lon="99.504343"><ele>4438</ele></trkpt>
      <trkpt lat="29.826884" lon="99.504336"><ele>4437</ele></trkpt>
      <trkpt lat="29.826982" lon="99.504361"><ele>4439</ele></trkpt>
      <trkpt lat="29.827076" lon="99.504367"><ele>4439</ele></trkpt>
      <trkpt lat="29.82717" lon="99.504352"><ele>4440</ele></trkpt>
      <trkpt lat="29.827257" lon="99.504311"><ele>4442</ele></trkpt>
      <trkpt lat="29.827287" lon="99.504213"><ele>4444</ele></trkpt>
      <trkpt lat="29.827384" lon="99.504023"><ele>4449</ele></trkpt>
      <trkpt lat="29.827402" lon="99.503915"><ele>4453</ele></trkpt>
      <trkpt lat="29.827453" lon="99.503826"><ele>4455</ele></trkpt>
      <trkpt lat="29.827534" lon="99.503879"><ele>4459</ele></trkpt>
      <trkpt lat="29.827594" lon="99.50396"><ele>4459</ele></trkpt>
      <trkpt lat="29.827738" lon="99.504093"><ele>4469</ele></trkpt>
      <trkpt lat="29.827817" lon="99.504152"><ele>4471</ele></trkpt>
      <trkpt lat="29.827882" lon="99.504224"><ele>4474</ele></trkpt>
      <trkpt lat="29.827957" lon="99.50429"><ele>4476</ele></trkpt>
      <trkpt lat="29.828046" lon="99.504314"><ele>4479</ele></trkpt>
      <trkpt lat="29.828106" lon="99.50423"><ele>4478</ele></trkpt>
      <trkpt lat="29.828207" lon="99.504055"><ele>4482</ele></trkpt>
      <trkpt lat="29.82829" lon="99.503998"><ele>4481</ele></trkpt>
      <trkpt lat="29.828472" lon="99.503955"><ele>4482</ele></trkpt>
      <trkpt lat="29.828705" lon="99.503773"><ele>4477</ele></trkpt>
      <trkpt lat="29.828795" lon="99.503752"><ele>4477</ele></trkpt>
      <trkpt lat="29.828981" lon="99.503734"><ele>4478</ele></trkpt>
      <trkpt lat="29.829076" lon="99.503737"><ele>4479</ele></trkpt>
      <trkpt lat="29.829168" lon="99.503728"><ele>4481</ele></trkpt>
      <trkpt lat="29.829258" lon="99.503738"><ele>4481</ele></trkpt>
      <trkpt lat="29.829339" lon="99.50379"><ele>4481</ele></trkpt>
      <trkpt lat="29.829429" lon="99.503812"><ele>4481</ele></trkpt>
      <trkpt lat="29.829523" lon="99.503818"><ele>4483</ele></trkpt>
      <trkpt lat="29.829613" lon="99.503841"><ele>4484</ele></trkpt>
      <trkpt lat="29.829799" lon="99.503858"><ele>4487</ele></trkpt>
      <trkpt lat="29.829881" lon="99.503815"><ele>4489</ele></trkpt>
      <trkpt lat="29.829972" lon="99.503821"><ele>4489</ele></trkpt>
      <trkpt lat="29.830062" lon="99.503807"><ele>4489</ele></trkpt>
      <trkpt lat="29.830246" lon="99.503756"><ele>4492</ele></trkpt>
      <trkpt lat="29.830342" lon="99.503748"><ele>4492</ele></trkpt>
      <trkpt lat="29.830425" lon="99.503707"><ele>4493</ele></trkpt>
      <trkpt lat="29.830695" lon="99.503629"><ele>4496</ele></trkpt>
      <trkpt lat="29.830786" lon="99.503627"><ele>4498</ele></trkpt>
      <trkpt lat="29.830872" lon="99.503577"><ele>4500</ele></trkpt>
      <trkpt lat="29.830943" lon="99.503503"><ele>4500</ele></trkpt>
      <trkpt lat="29.830981" lon="99.503406"><ele>4501</ele></trkpt>
      <trkpt lat="29.831076" lon="99.503392"><ele>4502</ele></trkpt>
      <trkpt lat="29.831168" lon="99.503402"><ele>4501</ele></trkpt>
      <trkpt lat="29.831262" lon="99.503392"><ele>4501</ele></trkpt>
      <trkpt lat="29.831354" lon="99.503401"><ele>4502</ele></trkpt>
      <trkpt lat="29.831416" lon="99.503326"><ele>4504</ele></trkpt>
      <trkpt lat="29.831511" lon="99.503331"><ele>4506</ele></trkpt>
      <trkpt lat="29.831595" lon="99.503284"><ele>4507</ele></trkpt>
      <trkpt lat="29.831691" lon="99.503269"><ele>4509</ele></trkpt>
      <trkpt lat="29.831973" lon="99.503269"><ele>4513</ele></trkpt>
      <trkpt lat="29.832157" lon="99.503306"><ele>4519</ele></trkpt>
      <trkpt lat="29.832243" lon="99.503345"><ele>4520</ele></trkpt>
      <trkpt lat="29.832336" lon="99.503356"><ele>4521</ele></trkpt>
      <trkpt lat="29.832521" lon="99.5034"><ele>4519</ele></trkpt>
      <trkpt lat="29.832595" lon="99.503471"><ele>4517</ele></trkpt>
      <trkpt lat="29.832687" lon="99.503502"><ele>4516</ele></trkpt>
      <trkpt lat="29.832783" lon="99.503483"><ele>4516</ele></trkpt>
      <trkpt lat="29.832873" lon="99.503478"><ele>4514</ele></trkpt>
      <trkpt lat="29.832967" lon="99.503496"><ele>4515</ele></trkpt>
      <trkpt lat="29.83306" lon="99.503499"><ele>4514</ele></trkpt>
      <trkpt lat="29.83334" lon="99.503542"><ele>4516</ele></trkpt>
      <trkpt lat="29.833515" lon="99.503608"><ele>4521</ele></trkpt>
      <trkpt lat="29.833699" lon="99.503631"><ele>4523</ele></trkpt>
      <trkpt lat="29.833876" lon="99.503545"><ele>4524</ele></trkpt>
      <trkpt lat="29.834027" lon="99.503425"><ele>4525</ele></trkpt>
      <trkpt lat="29.834205" lon="99.503369"><ele>4525</ele></trkpt>
      <trkpt lat="29.834298" lon="99.503359"><ele>4527</ele></trkpt>
      <trkpt lat="29.834475" lon="99.503265"><ele>4527</ele></trkpt>
      <trkpt lat="29.834565" lon="99.503241"><ele>4528</ele></trkpt>
      <trkpt lat="29.83473" lon="99.503135"><ele>4528</ele></trkpt>
      <trkpt lat="29.834784" lon="99.503049"><ele>4530</ele></trkpt>
      <trkpt lat="29.834947" lon="99.50294"><ele>4528</ele></trkpt>
      <trkpt lat="29.835116" lon="99.502858"><ele>4530</ele></trkpt>
      <trkpt lat="29.835209" lon="99.502852"><ele>4531</ele></trkpt>
      <trkpt lat="29.835365" lon="99.502968"><ele>4530</ele></trkpt>
      <trkpt lat="29.835632" lon="99.503039"><ele>4531</ele></trkpt>
      <trkpt lat="29.835723" lon="99.503025"><ele>4530</ele></trkpt>
      <trkpt lat="29.835907" lon="99.503061"><ele>4532</ele></trkpt>
      <trkpt lat="29.836001" lon="99.503043"><ele>4531</ele></trkpt>
      <trkpt lat="29.836091" lon="99.503071"><ele>4533</ele></trkpt>
      <trkpt lat="29.836278" lon="99.503038"><ele>4533</ele></trkpt>
      <trkpt lat="29.836371" lon="99.503038"><ele>4534</ele></trkpt>
      <trkpt lat="29.83646" lon="99.503018"><ele>4536</ele></trkpt>
      <trkpt lat="29.836544" lon="99.502972"><ele>4535</ele></trkpt>
      <trkpt lat="29.836634" lon="99.502942"><ele>4535</ele></trkpt>
      <trkpt lat="29.836725" lon="99.502944"><ele>4537</ele></trkpt>
      <trkpt lat="29.836815" lon="99.502926"><ele>4538</ele></trkpt>
      <trkpt lat="29.836908" lon="99.502959"><ele>4539</ele></trkpt>
      <trkpt lat="29.837097" lon="99.502957"><ele>4538</ele></trkpt>
      <trkpt lat="29.837188" lon="99.502979"><ele>4539</ele></trkpt>
      <trkpt lat="29.837374" lon="99.502955"><ele>4541</ele></trkpt>
      <trkpt lat="29.837456" lon="99.50291"><ele>4542</ele></trkpt>
      <trkpt lat="29.837546" lon="99.502877"><ele>4543</ele></trkpt>
      <trkpt lat="29.837642" lon="99.502862"><ele>4543</ele></trkpt>
      <trkpt lat="29.837724" lon="99.50281"><ele>4543</ele></trkpt>
      <trkpt lat="29.837818" lon="99.502802"><ele>4543</ele></trkpt>
      <trkpt lat="29.837983" lon="99.502687"><ele>4543</ele></trkpt>
      <trkpt lat="29.838057" lon="99.50262"><ele>4542</ele></trkpt>
      <trkpt lat="29.838111" lon="99.502529"><ele>4542</ele></trkpt>
      <trkpt lat="29.838362" lon="99.502365"><ele>4543</ele></trkpt>
      <trkpt lat="29.838456" lon="99.502341"><ele>4544</ele></trkpt>
      <trkpt lat="29.838546" lon="99.502306"><ele>4544</ele></trkpt>
      <trkpt lat="29.83864" lon="99.502288"><ele>4545</ele></trkpt>
      <trkpt lat="29.8389" lon="99.502186"><ele>4545</ele></trkpt>
      <trkpt lat="29.839073" lon="99.50211"><ele>4546</ele></trkpt>
      <trkpt lat="29.839327" lon="99.501976"><ele>4548</ele></trkpt>
      <trkpt lat="29.839413" lon="99.50202"><ele>4548</ele></trkpt>
      <trkpt lat="29.839505" lon="99.502034"><ele>4548</ele></trkpt>
      <trkpt lat="29.839689" lon="99.502043"><ele>4549</ele></trkpt>
      <trkpt lat="29.839773" lon="99.502091"><ele>4548</ele></trkpt>
      <trkpt lat="29.839865" lon="99.502119"><ele>4549</ele></trkpt>
      <trkpt lat="29.839956" lon="99.502126"><ele>4549</ele></trkpt>
      <trkpt lat="29.840137" lon="99.502181"><ele>4548</ele></trkpt>
      <trkpt lat="29.840201" lon="99.502096"><ele>4550</ele></trkpt>
      <trkpt lat="29.840287" lon="99.502055"><ele>4550</ele></trkpt>
      <trkpt lat="29.84038" lon="99.502044"><ele>4552</ele></trkpt>
      <trkpt lat="29.840463" lon="99.501993"><ele>4553</ele></trkpt>
      <trkpt lat="29.840514" lon="99.501905"><ele>4553</ele></trkpt>
      <trkpt lat="29.840578" lon="99.501827"><ele>4552</ele></trkpt>
      <trkpt lat="29.840658" lon="99.50178"><ele>4552</ele></trkpt>
      <trkpt lat="29.840746" lon="99.501807"><ele>4555</ele></trkpt>
      <trkpt lat="29.840831" lon="99.501762"><ele>4554</ele></trkpt>
      <trkpt lat="29.840908" lon="99.501688"><ele>4554</ele></trkpt>
      <trkpt lat="29.840996" lon="99.501653"><ele>4554</ele></trkpt>
      <trkpt lat="29.841044" lon="99.501743"><ele>4556</ele></trkpt>
      <trkpt lat="29.84113" lon="99.501693"><ele>4554</ele></trkpt>
      <trkpt lat="29.84122" lon="99.501674"><ele>4556</ele></trkpt>
      <trkpt lat="29.841306" lon="99.501634"><ele>4560</ele></trkpt>
      <trkpt lat="29.841403" lon="99.501628"><ele>4558</ele></trkpt>
      <trkpt lat="29.841496" lon="99.501585"><ele>4556</ele></trkpt>
      <trkpt lat="29.841589" lon="99.501569"><ele>4558</ele></trkpt>
      <trkpt lat="29.841667" lon="99.501628"><ele>4562</ele></trkpt>
      <trkpt lat="29.841757" lon="99.501622"><ele>4562</ele></trkpt>
      <trkpt lat="29.841838" lon="99.50156"><ele>4562</ele></trkpt>
      <trkpt lat="29.841923" lon="99.501509"><ele>4565</ele></trkpt>
      <trkpt lat="29.842108" lon="99.501482"><ele>4566</ele></trkpt>
      <trkpt lat="29.842203" lon="99.501495"><ele>4568</ele></trkpt>
      <trkpt lat="29.842298" lon="99.501463"><ele>4569</ele></trkpt>
      <trkpt lat="29.842455" lon="99.501345"><ele>4570</ele></trkpt>
      <trkpt lat="29.842548" lon="99.501351"><ele>4572</ele></trkpt>
      <trkpt lat="29.842723" lon="99.501419"><ele>4575</ele></trkpt>
      <trkpt lat="29.842902" lon="99.501474"><ele>4577</ele></trkpt>
      <trkpt lat="29.842992" lon="99.501472"><ele>4578</ele></trkpt>
      <trkpt lat="29.843082" lon="99.501445"><ele>4579</ele></trkpt>
      <trkpt lat="29.843174" lon="99.501456"><ele>4578</ele></trkpt>
      <trkpt lat="29.843344" lon="99.501533"><ele>4579</ele></trkpt>
      <trkpt lat="29.843438" lon="99.501537"><ele>4578</ele></trkpt>
      <trkpt lat="29.843529" lon="99.501504"><ele>4576</ele></trkpt>
      <trkpt lat="29.843603" lon="99.501442"><ele>4574</ele></trkpt>
      <trkpt lat="29.843687" lon="99.50139"><ele>4575</ele></trkpt>
      <trkpt lat="29.843779" lon="99.501366"><ele>4574</ele></trkpt>
      <trkpt lat="29.843871" lon="99.501357"><ele>4575</ele></trkpt>
      <trkpt lat="29.843963" lon="99.501364"><ele>4575</ele></trkpt>
      <trkpt lat="29.844059" lon="99.501332"><ele>4575</ele></trkpt>
      <trkpt lat="29.844152" lon="99.501335"><ele>4573</ele></trkpt>
      <trkpt lat="29.844243" lon="99.501326"><ele>4574</ele></trkpt>
      <trkpt lat="29.84434" lon="99.501326"><ele>4575</ele></trkpt>
      <trkpt lat="29.844432" lon="99.501345"><ele>4577</ele></trkpt>
      <trkpt lat="29.844625" lon="99.501355"><ele>4577</ele></trkpt>
      <trkpt lat="29.844699" lon="99.501287"><ele>4579</ele></trkpt>
      <trkpt lat="29.844792" lon="99.501282"><ele>4579</ele></trkpt>
      <trkpt lat="29.845073" lon="99.501183"><ele>4580</ele></trkpt>
      <trkpt lat="29.845262" lon="99.501201"><ele>4580</ele></trkpt>
      <trkpt lat="29.845359" lon="99.501193"><ele>4580</ele></trkpt>
      <trkpt lat="29.845637" lon="99.501195"><ele>4580</ele></trkpt>
      <trkpt lat="29.845816" lon="99.501126"><ele>4584</ele></trkpt>
      <trkpt lat="29.846003" lon="99.501166"><ele>4583</ele></trkpt>
      <trkpt lat="29.846096" lon="99.501151"><ele>4585</ele></trkpt>
      <trkpt lat="29.846188" lon="99.501163"><ele>4585</ele></trkpt>
      <trkpt lat="29.846279" lon="99.50115"><ele>4587</ele></trkpt>
      <trkpt lat="29.846367" lon="99.501127"><ele>4588</ele></trkpt>
      <trkpt lat="29.846648" lon="99.501084"><ele>4593</ele></trkpt>
      <trkpt lat="29.847082" lon="99.500897"><ele>4607</ele></trkpt>
      <trkpt lat="29.847126" lon="99.500799"><ele>4609</ele></trkpt>
      <trkpt lat="29.847202" lon="99.500736"><ele>4612</ele></trkpt>
      <trkpt lat="29.847336" lon="99.500593"><ele>4618</ele></trkpt>
      <trkpt lat="29.847393" lon="99.500509"><ele>4620</ele></trkpt>
      <trkpt lat="29.847473" lon="99.500458"><ele>4623</ele></trkpt>
      <trkpt lat="29.847508" lon="99.50036"><ele>4626</ele></trkpt>
      <trkpt lat="29.847659" lon="99.500236"><ele>4631</ele></trkpt>
      <trkpt lat="29.847721" lon="99.500153"><ele>4635</ele></trkpt>
      <trkpt lat="29.847807" lon="99.500111"><ele>4640</ele></trkpt>
      <trkpt lat="29.847836" lon="99.500012"><ele>4646</ele></trkpt>
      <trkpt lat="29.847903" lon="99.499943"><ele>4651</ele></trkpt>
      <trkpt lat="29.84799" lon="99.499913"><ele>4657</ele></trkpt>
      <trkpt lat="29.848156" lon="99.500008"><ele>4661</ele></trkpt>
      <trkpt lat="29.848247" lon="99.50002"><ele>4664</ele></trkpt>
      <trkpt lat="29.84834" lon="99.500007"><ele>4668</ele></trkpt>
      <trkpt lat="29.848408" lon="99.499939"><ele>4671</ele></trkpt>
      <trkpt lat="29.848499" lon="99.499922"><ele>4675</ele></trkpt>
      <trkpt lat="29.848569" lon="99.499852"><ele>4677</ele></trkpt>
      <trkpt lat="29.848536" lon="99.499751"><ele>4682</ele></trkpt>
      <trkpt lat="29.848396" lon="99.499612"><ele>4688</ele></trkpt>
      <trkpt lat="29.848412" lon="99.499509"><ele>4693</ele></trkpt>
      <trkpt lat="29.848377" lon="99.499411"><ele>4696</ele></trkpt>
      <trkpt lat="29.848358" lon="99.499203"><ele>4703</ele></trkpt>
      <trkpt lat="29.848296" lon="99.499124"><ele>4707</ele></trkpt>
      <trkpt lat="29.848254" lon="99.499032"><ele>4711</ele></trkpt>
      <trkpt lat="29.848295" lon="99.498936"><ele>4713</ele></trkpt>
      <trkpt lat="29.84832" lon="99.498834"><ele>4718</ele></trkpt>
      <trkpt lat="29.848396" lon="99.498776"><ele>4720</ele></trkpt>
      <trkpt lat="29.848427" lon="99.498678"><ele>4726</ele></trkpt>
      <trkpt lat="29.848476" lon="99.498588"><ele>4730</ele></trkpt>
      <trkpt lat="29.848502" lon="99.498489"><ele>4734</ele></trkpt>
      <trkpt lat="29.848487" lon="99.498386"><ele>4735</ele></trkpt>
      <trkpt lat="29.848511" lon="99.498285"><ele>4737</ele></trkpt>
      <trkpt lat="29.848516" lon="99.498181"><ele>4739</ele></trkpt>
      <trkpt lat="29.848535" lon="99.498077"><ele>4740</ele></trkpt>
      <trkpt lat="29.848511" lon="99.497975"><ele>4743</ele></trkpt>
      <trkpt lat="29.848553" lon="99.49788"><ele>4745</ele></trkpt>
      <trkpt lat="29.848606" lon="99.497795"><ele>4748</ele></trkpt>
      <trkpt lat="29.848598" lon="99.497585"><ele>4756</ele></trkpt>
      <trkpt lat="29.848569" lon="99.497485"><ele>4761</ele></trkpt>
      <trkpt lat="29.848634" lon="99.497413"><ele>4763</ele></trkpt>
      <trkpt lat="29.848623" lon="99.49731"><ele>4768</ele></trkpt>
      <trkpt lat="29.848557" lon="99.49724"><ele>4772</ele></trkpt>
      <trkpt lat="29.848498" lon="99.49716"><ele>4776</ele></trkpt>
      <trkpt lat="29.848421" lon="99.497101"><ele>4781</ele></trkpt>
      <trkpt lat="29.848402" lon="99.496999"><ele>4783</ele></trkpt>
      <trkpt lat="29.848446" lon="99.496908"><ele>4787</ele></trkpt>
      <trkpt lat="29.848458" lon="99.496803"><ele>4793</ele></trkpt>
      <trkpt lat="29.848491" lon="99.496706"><ele>4799</ele></trkpt>
      <trkpt lat="29.848574" lon="99.496512"><ele>4803</ele></trkpt>
      <trkpt lat="29.848583" lon="99.496298"><ele>4809</ele></trkpt>
      <trkpt lat="29.848576" lon="99.496086"><ele>4813</ele></trkpt>
      <trkpt lat="29.84856" lon="99.495978"><ele>4817</ele></trkpt>
      <trkpt lat="29.848578" lon="99.495871"><ele>4818</ele></trkpt>
      <trkpt lat="29.848556" lon="99.495765"><ele>4820</ele></trkpt>
      <trkpt lat="29.848556" lon="99.49566"><ele>4823</ele></trkpt>
      <trkpt lat="29.84858" lon="99.495556"><ele>4827</ele></trkpt>
      <trkpt lat="29.848582" lon="99.495344"><ele>4831</ele></trkpt>
      <trkpt lat="29.848579" lon="99.49524"><ele>4837</ele></trkpt>
      <trkpt lat="29.84855" lon="99.495036"><ele>4842</ele></trkpt>
      <trkpt lat="29.84859" lon="99.494828"><ele>4847</ele></trkpt>
      <trkpt lat="29.848616" lon="99.494617"><ele>4850</ele></trkpt>
      <trkpt lat="29.848609" lon="99.494405"><ele>4856</ele></trkpt>
      <trkpt lat="29.848631" lon="99.494186"><ele>4861</ele></trkpt>
      <trkpt lat="29.8486" lon="99.493977"><ele>4865</ele></trkpt>
      <trkpt lat="29.848581" lon="99.493767"><ele>4870</ele></trkpt>
      <trkpt lat="29.848606" lon="99.493662"><ele>4872</ele></trkpt>
      <trkpt lat="29.848617" lon="99.493555"><ele>4874</ele></trkpt>
      <trkpt lat="29.848604" lon="99.493452"><ele>4876</ele></trkpt>
      <trkpt lat="29.848618" lon="99.493349"><ele>4878</ele></trkpt>
      <trkpt lat="29.848645" lon="99.493248"><ele>4881</ele></trkpt>
      <trkpt lat="29.848708" lon="99.493173"><ele>4883</ele></trkpt>
      <trkpt lat="29.848708" lon="99.493064"><ele>4884</ele></trkpt>
      <trkpt lat="29.848774" lon="99.49299"><ele>4889</ele></trkpt>
      <trkpt lat="29.848913" lon="99.492589"><ele>4895</ele></trkpt>
      <trkpt lat="29.848953" lon="99.492496"><ele>4898</ele></trkpt>
      <trkpt lat="29.849047" lon="99.492197"><ele>4903</ele></trkpt>
      <trkpt lat="29.849109" lon="99.49212"><ele>4904</ele></trkpt>
      <trkpt lat="29.849175" lon="99.491919"><ele>4912</ele></trkpt>
      <trkpt lat="29.84922" lon="99.491827"><ele>4916</ele></trkpt>
      <trkpt lat="29.849328" lon="99.491654"><ele>4921</ele></trkpt>
      <trkpt lat="29.849373" lon="99.491563"><ele>4923</ele></trkpt>
      <trkpt lat="29.849385" lon="99.491458"><ele>4927</ele></trkpt>
      <trkpt lat="29.849358" lon="99.491356"><ele>4932</ele></trkpt>
      <trkpt lat="29.849344" lon="99.491245"><ele>4930</ele></trkpt>
      <trkpt lat="29.849286" lon="99.491157"><ele>4933</ele></trkpt>
      <trkpt lat="29.849248" lon="99.491062"><ele>4935</ele></trkpt>
      <trkpt lat="29.849245" lon="99.490956"><ele>4937</ele></trkpt>
      <trkpt lat="29.849209" lon="99.490857"><ele>4943</ele></trkpt>
      <trkpt lat="29.849249" lon="99.490758"><ele>4943</ele></trkpt>
      <trkpt lat="29.849275" lon="99.490658"><ele>4949</ele></trkpt>
      <trkpt lat="29.849254" lon="99.490553"><ele>4955</ele></trkpt>
      <trkpt lat="29.849248" lon="99.490449"><ele>4958</ele></trkpt>
      <trkpt lat="29.849218" lon="99.490351"><ele>4962</ele></trkpt>
      <trkpt lat="29.849163" lon="99.490263"><ele>4967</ele></trkpt>
      <trkpt lat="29.849126" lon="99.490164"><ele>4969</ele></trkpt>
      <trkpt lat="29.849127" lon="99.49006"><ele>4970</ele></trkpt>
      <trkpt lat="29.849061" lon="99.48986"><ele>4975</ele></trkpt>
      <trkpt lat="29.849081" lon="99.489757"><ele>4970</ele></trkpt>
      <trkpt lat="29.849158" lon="99.489698"><ele>4968</ele></trkpt>
      <trkpt lat="29.849207" lon="99.489786"><ele>4977</ele></trkpt>
      <trkpt lat="29.849145" lon="99.489705"><ele>4974</ele></trkpt>
      <trkpt lat="29.849191" lon="99.489609"><ele>4973</ele></trkpt>
      <trkpt lat="29.849248" lon="99.489527"><ele>4969</ele></trkpt>
      <trkpt lat="29.849292" lon="99.489427"><ele>4966</ele></trkpt>
      <trkpt lat="29.849268" lon="99.489327"><ele>4965</ele></trkpt>
      <trkpt lat="29.849268" lon="99.489222"><ele>4961</ele></trkpt>
      <trkpt lat="29.849229" lon="99.489122"><ele>4956</ele></trkpt>
      <trkpt lat="29.849219" lon="99.489013"><ele>4951</ele></trkpt>
      <trkpt lat="29.849219" lon="99.488801"><ele>4941</ele></trkpt>
      <trkpt lat="29.849293" lon="99.488733"><ele>4938</ele></trkpt>
      <trkpt lat="29.849427" lon="99.488588"><ele>4933</ele></trkpt>
      <trkpt lat="29.849507" lon="99.488535"><ele>4932</ele></trkpt>
      <trkpt lat="29.849577" lon="99.488467"><ele>4930</ele></trkpt>
      <trkpt lat="29.849636" lon="99.488385"><ele>4929</ele></trkpt>
      <trkpt lat="29.849674" lon="99.48829"><ele>4927</ele></trkpt>
      <trkpt lat="29.849728" lon="99.488204"><ele>4924</ele></trkpt>
      <trkpt lat="29.84979" lon="99.488127"><ele>4920</ele></trkpt>
      <trkpt lat="29.849788" lon="99.488022"><ele>4919</ele></trkpt>
      <trkpt lat="29.849856" lon="99.487951"><ele>4916</ele></trkpt>
      <trkpt lat="29.84994" lon="99.48791"><ele>4911</ele></trkpt>
      <trkpt lat="29.85002" lon="99.48785"><ele>4909</ele></trkpt>
      <trkpt lat="29.850113" lon="99.487819"><ele>4907</ele></trkpt>
      <trkpt lat="29.850188" lon="99.487753"><ele>4906</ele></trkpt>
      <trkpt lat="29.850251" lon="99.487676"><ele>4904</ele></trkpt>
      <trkpt lat="29.850305" lon="99.487587"><ele>4903</ele></trkpt>
      <trkpt lat="29.850387" lon="99.487538"><ele>4903</ele></trkpt>
      <trkpt lat="29.850539" lon="99.487267"><ele>4893</ele></trkpt>
      <trkpt lat="29.850569" lon="99.487166"><ele>4891</ele></trkpt>
      <trkpt lat="29.850627" lon="99.487078"><ele>4890</ele></trkpt>
      <trkpt lat="29.850722" lon="99.486885"><ele>4887</ele></trkpt>
      <trkpt lat="29.850735" lon="99.48678"><ele>4887</ele></trkpt>
      <trkpt lat="29.850701" lon="99.486678"><ele>4883</ele></trkpt>
      <trkpt lat="29.850605" lon="99.486493"><ele>4882</ele></trkpt>
      <trkpt lat="29.850545" lon="99.486412"><ele>4879</ele></trkpt>
      <trkpt lat="29.850498" lon="99.48632"><ele>4878</ele></trkpt>
      <trkpt lat="29.850474" lon="99.486219"><ele>4877</ele></trkpt>
      <trkpt lat="29.850464" lon="99.486115"><ele>4875</ele></trkpt>
      <trkpt lat="29.850477" lon="99.486009"><ele>4875</ele></trkpt>
      <trkpt lat="29.850473" lon="99.4859"><ele>4871</ele></trkpt>
      <trkpt lat="29.850555" lon="99.485594"><ele>4869</ele></trkpt>
      <trkpt lat="29.850566" lon="99.485377"><ele>4864</ele></trkpt>
      <trkpt lat="29.850555" lon="99.485273"><ele>4861</ele></trkpt>
      <trkpt lat="29.850568" lon="99.485166"><ele>4859</ele></trkpt>
      <trkpt lat="29.85056" lon="99.484951"><ele>4854</ele></trkpt>
      <trkpt lat="29.850546" lon="99.484844"><ele>4852</ele></trkpt>
      <trkpt lat="29.850561" lon="99.484633"><ele>4848</ele></trkpt>
      <trkpt lat="29.850559" lon="99.484522"><ele>4846</ele></trkpt>
      <trkpt lat="29.850598" lon="99.484312"><ele>4840</ele></trkpt>
      <trkpt lat="29.850601" lon="99.484096"><ele>4836</ele></trkpt>
      <trkpt lat="29.850632" lon="99.483989"><ele>4834</ele></trkpt>
      <trkpt lat="29.850681" lon="99.483902"><ele>4832</ele></trkpt>
      <trkpt lat="29.850717" lon="99.483803"><ele>4831</ele></trkpt>
      <trkpt lat="29.850756" lon="99.483597"><ele>4823</ele></trkpt>
      <trkpt lat="29.850793" lon="99.483501"><ele>4822</ele></trkpt>
      <trkpt lat="29.850816" lon="99.483396"><ele>4821</ele></trkpt>
      <trkpt lat="29.850775" lon="99.483302"><ele>4817</ele></trkpt>
      <trkpt lat="29.850863" lon="99.483114"><ele>4812</ele></trkpt>
      <trkpt lat="29.85094" lon="99.483058"><ele>4810</ele></trkpt>
      <trkpt lat="29.851126" lon="99.482801"><ele>4802</ele></trkpt>
      <trkpt lat="29.85126" lon="99.482649"><ele>4795</ele></trkpt>
      <trkpt lat="29.851292" lon="99.482547"><ele>4791</ele></trkpt>
      <trkpt lat="29.851383" lon="99.482529"><ele>4787</ele></trkpt>
      <trkpt lat="29.851475" lon="99.482553"><ele>4784</ele></trkpt>
      <trkpt lat="29.851564" lon="99.482517"><ele>4782</ele></trkpt>
      <trkpt lat="29.851569" lon="99.482412"><ele>4778</ele></trkpt>
      <trkpt lat="29.851651" lon="99.482361"><ele>4772</ele></trkpt>
      <trkpt lat="29.851684" lon="99.482255"><ele>4769</ele></trkpt>
      <trkpt lat="29.851669" lon="99.48215"><ele>4767</ele></trkpt>
      <trkpt lat="29.851736" lon="99.48208"><ele>4760</ele></trkpt>
      <trkpt lat="29.851746" lon="99.481969"><ele>4756</ele></trkpt>
      <trkpt lat="29.851827" lon="99.481924"><ele>4750</ele></trkpt>
      <trkpt lat="29.851908" lon="99.481977"><ele>4749</ele></trkpt>
      <trkpt lat="29.852008" lon="99.48196"><ele>4748</ele></trkpt>
      <trkpt lat="29.852267" lon="99.481659"><ele>4738</ele></trkpt>
      <trkpt lat="29.852353" lon="99.481622"><ele>4734</ele></trkpt>
      <trkpt lat="29.85229" lon="99.481545"><ele>4736</ele></trkpt>
      <trkpt lat="29.852385" lon="99.481533"><ele>4731</ele></trkpt>
      <trkpt lat="29.852459" lon="99.481464"><ele>4727</ele></trkpt>
      <trkpt lat="29.852475" lon="99.481359"><ele>4723</ele></trkpt>
      <trkpt lat="29.852525" lon="99.481264"><ele>4720</ele></trkpt>
      <trkpt lat="29.852615" lon="99.48125"><ele>4716</ele></trkpt>
      <trkpt lat="29.852697" lon="99.481206"><ele>4713</ele></trkpt>
      <trkpt lat="29.852749" lon="99.481121"><ele>4708</ele></trkpt>
      <trkpt lat="29.852693" lon="99.481037"><ele>4703</ele></trkpt>
      <trkpt lat="29.852742" lon="99.480941"><ele>4700</ele></trkpt>
      <trkpt lat="29.85276" lon="99.480837"><ele>4695</ele></trkpt>
      <trkpt lat="29.8528" lon="99.480743"><ele>4693</ele></trkpt>
      <trkpt lat="29.85289" lon="99.480724"><ele>4688</ele></trkpt>
      <trkpt lat="29.852965" lon="99.480664"><ele>4684</ele></trkpt>
      <trkpt lat="29.853058" lon="99.480656"><ele>4681</ele></trkpt>
      <trkpt lat="29.853131" lon="99.480592"><ele>4678</ele></trkpt>
      <trkpt lat="29.853167" lon="99.480488"><ele>4676</ele></trkpt>
      <trkpt lat="29.853228" lon="99.480403"><ele>4674</ele></trkpt>
      <trkpt lat="29.853248" lon="99.480192"><ele>4666</ele></trkpt>
      <trkpt lat="29.853281" lon="99.480086"><ele>4664</ele></trkpt>
      <trkpt lat="29.853237" lon="99.479994"><ele>4664</ele></trkpt>
      <trkpt lat="29.853152" lon="99.47995"><ele>4663</ele></trkpt>
      <trkpt lat="29.853101" lon="99.479864"><ele>4658</ele></trkpt>
      <trkpt lat="29.852927" lon="99.479781"><ele>4651</ele></trkpt>
      <trkpt lat="29.852846" lon="99.479727"><ele>4651</ele></trkpt>
      <trkpt lat="29.852789" lon="99.479647"><ele>4650</ele></trkpt>
      <trkpt lat="29.852768" lon="99.47954"><ele>4647</ele></trkpt>
      <trkpt lat="29.852718" lon="99.479446"><ele>4644</ele></trkpt>
      <trkpt lat="29.85268" lon="99.479343"><ele>4642</ele></trkpt>
      <trkpt lat="29.852669" lon="99.479238"><ele>4639</ele></trkpt>
      <trkpt lat="29.852597" lon="99.479174"><ele>4642</ele></trkpt>
      <trkpt lat="29.85269" lon="99.479177"><ele>4643</ele></trkpt>
      <trkpt lat="29.852866" lon="99.479258"><ele>4640</ele></trkpt>
      <trkpt lat="29.853023" lon="99.479383"><ele>4638</ele></trkpt>
      <trkpt lat="29.853114" lon="99.479404"><ele>4637</ele></trkpt>
      <trkpt lat="29.853208" lon="99.479403"><ele>4640</ele></trkpt>
      <trkpt lat="29.853302" lon="99.479381"><ele>4644</ele></trkpt>
      <trkpt lat="29.853773" lon="99.479495"><ele>4641</ele></trkpt>
      <trkpt lat="29.853956" lon="99.479518"><ele>4643</ele></trkpt>
      <trkpt lat="29.854044" lon="99.479555"><ele>4637</ele></trkpt>
      <trkpt lat="29.854229" lon="99.479613"><ele>4638</ele></trkpt>
      <trkpt lat="29.854409" lon="99.479592"><ele>4636</ele></trkpt>
      <trkpt lat="29.854695" lon="99.4796"><ele>4636</ele></trkpt>
      <trkpt lat="29.854782" lon="99.479564"><ele>4638</ele></trkpt>
      <trkpt lat="29.854974" lon="99.479566"><ele>4634</ele></trkpt>
      <trkpt lat="29.85499" lon="99.479457"><ele>4632</ele></trkpt>
      <trkpt lat="29.855231" lon="99.479292"><ele>4630</ele></trkpt>
      <trkpt lat="29.855311" lon="99.47922"><ele>4628</ele></trkpt>
      <trkpt lat="29.85536" lon="99.479118"><ele>4628</ele></trkpt>
      <trkpt lat="29.855421" lon="99.479041"><ele>4627</ele></trkpt>
      <trkpt lat="29.855612" lon="99.479001"><ele>4628</ele></trkpt>
      <trkpt lat="29.855704" lon="99.479051"><ele>4626</ele></trkpt>
      <trkpt lat="29.855798" lon="99.479065"><ele>4625</ele></trkpt>
      <trkpt lat="29.855982" lon="99.47899"><ele>4627</ele></trkpt>
      <trkpt lat="29.856134" lon="99.478862"><ele>4629</ele></trkpt>
      <trkpt lat="29.856291" lon="99.478755"><ele>4626</ele></trkpt>
      <trkpt lat="29.856578" lon="99.478704"><ele>4625</ele></trkpt>
      <trkpt lat="29.85666" lon="99.478658"><ele>4627</ele></trkpt>
      <trkpt lat="29.856753" lon="99.478637"><ele>4626</ele></trkpt>
      <trkpt lat="29.856843" lon="99.478648"><ele>4625</ele></trkpt>
      <trkpt lat="29.85694" lon="99.478636"><ele>4626</ele></trkpt>
      <trkpt lat="29.857021" lon="99.478684"><ele>4626</ele></trkpt>
      <trkpt lat="29.857112" lon="99.478721"><ele>4625</ele></trkpt>
      <trkpt lat="29.857398" lon="99.478705"><ele>4623</ele></trkpt>
      <trkpt lat="29.857484" lon="99.478744"><ele>4624</ele></trkpt>
      <trkpt lat="29.857665" lon="99.47877"><ele>4624</ele></trkpt>
      <trkpt lat="29.85776" lon="99.478774"><ele>4622</ele></trkpt>
      <trkpt lat="29.857946" lon="99.478763"><ele>4622</ele></trkpt>
      <trkpt lat="29.858042" lon="99.478785"><ele>4621</ele></trkpt>
      <trkpt lat="29.858233" lon="99.478807"><ele>4618</ele></trkpt>
      <trkpt lat="29.858316" lon="99.478861"><ele>4619</ele></trkpt>
      <trkpt lat="29.858404" lon="99.4789"><ele>4617</ele></trkpt>
      <trkpt lat="29.858697" lon="99.478875"><ele>4617</ele></trkpt>
      <trkpt lat="29.858891" lon="99.478889"><ele>4615</ele></trkpt>
      <trkpt lat="29.858979" lon="99.478845"><ele>4616</ele></trkpt>
      <trkpt lat="29.859023" lon="99.478753"><ele>4615</ele></trkpt>
      <trkpt lat="29.859077" lon="99.478665"><ele>4616</ele></trkpt>
      <trkpt lat="29.859168" lon="99.478641"><ele>4616</ele></trkpt>
      <trkpt lat="29.859246" lon="99.478586"><ele>4616</ele></trkpt>
      <trkpt lat="29.859429" lon="99.478616"><ele>4615</ele></trkpt>
      <trkpt lat="29.859599" lon="99.478697"><ele>4612</ele></trkpt>
      <trkpt lat="29.859785" lon="99.47874"><ele>4611</ele></trkpt>
      <trkpt lat="29.859944" lon="99.478841"><ele>4611</ele></trkpt>
      <trkpt lat="29.860125" lon="99.478905"><ele>4609</ele></trkpt>
      <trkpt lat="29.860312" lon="99.478934"><ele>4607</ele></trkpt>
      <trkpt lat="29.860406" lon="99.478934"><ele>4609</ele></trkpt>
      <trkpt lat="29.860502" lon="99.47891"><ele>4608</ele></trkpt>
      <trkpt lat="29.860596" lon="99.478935"><ele>4606</ele></trkpt>
      <trkpt lat="29.860787" lon="99.478904"><ele>4607</ele></trkpt>
      <trkpt lat="29.860878" lon="99.478903"><ele>4604</ele></trkpt>
      <trkpt lat="29.861065" lon="99.478849"><ele>4604</ele></trkpt>
      <trkpt lat="29.861154" lon="99.4789"><ele>4602</ele></trkpt>
      <trkpt lat="29.86125" lon="99.478909"><ele>4602</ele></trkpt>
      <trkpt lat="29.861342" lon="99.478901"><ele>4601</ele></trkpt>
      <trkpt lat="29.861541" lon="99.478936"><ele>4602</ele></trkpt>
      <trkpt lat="29.861631" lon="99.478965"><ele>4598</ele></trkpt>
      <trkpt lat="29.86182" lon="99.478966"><ele>4596</ele></trkpt>
      <trkpt lat="29.862013" lon="99.478924"><ele>4596</ele></trkpt>
      <trkpt lat="29.862203" lon="99.478964"><ele>4596</ele></trkpt>
      <trkpt lat="29.862495" lon="99.478965"><ele>4592</ele></trkpt>
      <trkpt lat="29.862577" lon="99.478916"><ele>4594</ele></trkpt>
      <trkpt lat="29.862655" lon="99.478849"><ele>4595</ele></trkpt>
      <trkpt lat="29.862743" lon="99.478823"><ele>4593</ele></trkpt>
      <trkpt lat="29.862836" lon="99.478809"><ele>4593</ele></trkpt>
      <trkpt lat="29.862915" lon="99.478748"><ele>4593</ele></trkpt>
      <trkpt lat="29.863007" lon="99.478701"><ele>4590</ele></trkpt>
      <trkpt lat="29.863098" lon="99.478668"><ele>4591</ele></trkpt>
      <trkpt lat="29.863196" lon="99.478663"><ele>4589</ele></trkpt>
      <trkpt lat="29.863492" lon="99.478394"><ele>4586</ele></trkpt>
      <trkpt lat="29.863675" lon="99.478339"><ele>4587</ele></trkpt>
      <trkpt lat="29.863764" lon="99.478292"><ele>4591</ele></trkpt>
      <trkpt lat="29.863956" lon="99.478229"><ele>4586</ele></trkpt>
      <trkpt lat="29.864051" lon="99.478214"><ele>4587</ele></trkpt>
      <trkpt lat="29.864142" lon="99.478217"><ele>4586</ele></trkpt>
      <trkpt lat="29.864236" lon="99.478208"><ele>4587</ele></trkpt>
      <trkpt lat="29.864607" lon="99.478103"><ele>4587</ele></trkpt>
      <trkpt lat="29.864694" lon="99.478061"><ele>4587</ele></trkpt>
      <trkpt lat="29.864798" lon="99.478062"><ele>4589</ele></trkpt>
      <trkpt lat="29.864987" lon="99.478091"><ele>4584</ele></trkpt>
      <trkpt lat="29.865084" lon="99.478097"><ele>4585</ele></trkpt>
      <trkpt lat="29.865162" lon="99.478151"><ele>4583</ele></trkpt>
      <trkpt lat="29.865255" lon="99.478169"><ele>4580</ele></trkpt>
      <trkpt lat="29.865344" lon="99.478148"><ele>4579</ele></trkpt>
      <trkpt lat="29.865439" lon="99.478173"><ele>4576</ele></trkpt>
      <trkpt lat="29.865526" lon="99.47822"><ele>4574</ele></trkpt>
      <trkpt lat="29.865614" lon="99.478197"><ele>4576</ele></trkpt>
      <trkpt lat="29.865703" lon="99.478219"><ele>4574</ele></trkpt>
      <trkpt lat="29.865794" lon="99.478213"><ele>4579</ele></trkpt>
      <trkpt lat="29.865882" lon="99.478169"><ele>4576</ele></trkpt>
      <trkpt lat="29.865975" lon="99.478158"><ele>4575</ele></trkpt>
      <trkpt lat="29.866073" lon="99.478181"><ele>4572</ele></trkpt>
      <trkpt lat="29.866255" lon="99.478132"><ele>4573</ele></trkpt>
      <trkpt lat="29.866519" lon="99.478231"><ele>4573</ele></trkpt>
      <trkpt lat="29.866612" lon="99.478238"><ele>4572</ele></trkpt>
      <trkpt lat="29.866706" lon="99.478216"><ele>4570</ele></trkpt>
      <trkpt lat="29.866889" lon="99.478215"><ele>4568</ele></trkpt>
      <trkpt lat="29.86698" lon="99.47819"><ele>4567</ele></trkpt>
      <trkpt lat="29.867073" lon="99.478197"><ele>4567</ele></trkpt>
      <trkpt lat="29.867343" lon="99.47812"><ele>4567</ele></trkpt>
      <trkpt lat="29.867435" lon="99.47812"><ele>4567</ele></trkpt>
      <trkpt lat="29.867526" lon="99.478083"><ele>4567</ele></trkpt>
      <trkpt lat="29.867621" lon="99.478102"><ele>4566</ele></trkpt>
      <trkpt lat="29.867711" lon="99.47807"><ele>4565</ele></trkpt>
      <trkpt lat="29.867801" lon="99.478054"><ele>4565</ele></trkpt>
      <trkpt lat="29.867861" lon="99.477973"><ele>4565</ele></trkpt>
      <trkpt lat="29.867956" lon="99.477973"><ele>4564</ele></trkpt>
      <trkpt lat="29.868142" lon="99.477944"><ele>4562</ele></trkpt>
      <trkpt lat="29.86832" lon="99.477891"><ele>4564</ele></trkpt>
      <trkpt lat="29.868606" lon="99.477884"><ele>4560</ele></trkpt>
      <trkpt lat="29.868696" lon="99.477846"><ele>4560</ele></trkpt>
      <trkpt lat="29.86898" lon="99.477796"><ele>4556</ele></trkpt>
      <trkpt lat="29.869076" lon="99.477824"><ele>4553</ele></trkpt>
      <trkpt lat="29.869166" lon="99.47779"><ele>4552</ele></trkpt>
      <trkpt lat="29.869259" lon="99.477781"><ele>4553</ele></trkpt>
      <trkpt lat="29.869309" lon="99.47769"><ele>4550</ele></trkpt>
      <trkpt lat="29.869399" lon="99.477654"><ele>4550</ele></trkpt>
      <trkpt lat="29.86948" lon="99.477602"><ele>4552</ele></trkpt>
      <trkpt lat="29.869577" lon="99.47761"><ele>4550</ele></trkpt>
      <trkpt lat="29.869668" lon="99.477565"><ele>4550</ele></trkpt>
      <trkpt lat="29.869766" lon="99.477575"><ele>4551</ele></trkpt>
      <trkpt lat="29.869857" lon="99.477603"><ele>4550</ele></trkpt>
      <trkpt lat="29.870044" lon="99.477687"><ele>4560</ele></trkpt>
      <trkpt lat="29.870125" lon="99.477636"><ele>4547</ele></trkpt>
      <trkpt lat="29.870214" lon="99.477598"><ele>4546</ele></trkpt>
      <trkpt lat="29.870288" lon="99.477538"><ele>4546</ele></trkpt>
      <trkpt lat="29.870384" lon="99.477523"><ele>4547</ele></trkpt>
      <trkpt lat="29.870576" lon="99.477542"><ele>4546</ele></trkpt>
      <trkpt lat="29.870659" lon="99.477498"><ele>4545</ele></trkpt>
      <trkpt lat="29.870749" lon="99.477518"><ele>4543</ele></trkpt>
      <trkpt lat="29.870839" lon="99.47755"><ele>4546</ele></trkpt>
      <trkpt lat="29.871031" lon="99.477581"><ele>4542</ele></trkpt>
      <trkpt lat="29.871199" lon="99.477679"><ele>4543</ele></trkpt>
      <trkpt lat="29.871289" lon="99.477697"><ele>4539</ele></trkpt>
      <trkpt lat="29.871381" lon="99.477689"><ele>4543</ele></trkpt>
      <trkpt lat="29.871425" lon="99.477589"><ele>4543</ele></trkpt>
      <trkpt lat="29.871498" lon="99.477523"><ele>4544</ele></trkpt>
      <trkpt lat="29.871596" lon="99.477519"><ele>4543</ele></trkpt>
      <trkpt lat="29.871764" lon="99.477425"><ele>4541</ele></trkpt>
      <trkpt lat="29.871849" lon="99.477366"><ele>4539</ele></trkpt>
      <trkpt lat="29.871919" lon="99.477297"><ele>4539</ele></trkpt>
      <trkpt lat="29.872009" lon="99.477251"><ele>4539</ele></trkpt>
      <trkpt lat="29.872103" lon="99.477248"><ele>4549</ele></trkpt>
      <trkpt lat="29.872249" lon="99.477091"><ele>4545</ele></trkpt>
      <trkpt lat="29.872299" lon="99.477003"><ele>4544</ele></trkpt>
      <trkpt lat="29.872394" lon="99.476964"><ele>4542</ele></trkpt>
      <trkpt lat="29.872546" lon="99.476837"><ele>4540</ele></trkpt>
      <trkpt lat="29.872617" lon="99.476764"><ele>4538</ele></trkpt>
      <trkpt lat="29.872702" lon="99.476718"><ele>4538</ele></trkpt>
      <trkpt lat="29.872884" lon="99.476648"><ele>4540</ele></trkpt>
      <trkpt lat="29.873192" lon="99.476394"><ele>4535</ele></trkpt>
      <trkpt lat="29.873376" lon="99.476317"><ele>4532</ele></trkpt>
      <trkpt lat="29.873476" lon="99.476303"><ele>4531</ele></trkpt>
      <trkpt lat="29.873664" lon="99.476259"><ele>4526</ele></trkpt>
      <trkpt lat="29.873739" lon="99.47619"><ele>4528</ele></trkpt>
      <trkpt lat="29.873823" lon="99.476139"><ele>4529</ele></trkpt>
      <trkpt lat="29.874019" lon="99.476124"><ele>4528</ele></trkpt>
      <trkpt lat="29.874111" lon="99.476104"><ele>4527</ele></trkpt>
      <trkpt lat="29.874282" lon="99.476024"><ele>4526</ele></trkpt>
      <trkpt lat="29.874378" lon="99.475993"><ele>4525</ele></trkpt>
      <trkpt lat="29.874449" lon="99.475924"><ele>4527</ele></trkpt>
      <trkpt lat="29.874528" lon="99.475867"><ele>4526</ele></trkpt>
      <trkpt lat="29.874588" lon="99.475781"><ele>4525</ele></trkpt>
      <trkpt lat="29.874661" lon="99.475702"><ele>4523</ele></trkpt>
      <trkpt lat="29.8747" lon="99.475604"><ele>4522</ele></trkpt>
      <trkpt lat="29.874711" lon="99.475497"><ele>4525</ele></trkpt>
      <trkpt lat="29.874744" lon="99.475395"><ele>4524</ele></trkpt>
      <trkpt lat="29.874784" lon="99.475301"><ele>4521</ele></trkpt>
      <trkpt lat="29.874842" lon="99.47521"><ele>4520</ele></trkpt>
      <trkpt lat="29.874882" lon="99.475107"><ele>4521</ele></trkpt>
      <trkpt lat="29.874946" lon="99.475014"><ele>4521</ele></trkpt>
      <trkpt lat="29.875024" lon="99.474956"><ele>4522</ele></trkpt>
      <trkpt lat="29.875119" lon="99.474954"><ele>4523</ele></trkpt>
      <trkpt lat="29.875212" lon="99.474938"><ele>4523</ele></trkpt>
      <trkpt lat="29.875308" lon="99.474903"><ele>4524</ele></trkpt>
      <trkpt lat="29.875394" lon="99.474846"><ele>4522</ele></trkpt>
      <trkpt lat="29.875489" lon="99.474817"><ele>4523</ele></trkpt>
      <trkpt lat="29.875666" lon="99.474571"><ele>4520</ele></trkpt>
      <trkpt lat="29.875714" lon="99.474474"><ele>4518</ele></trkpt>
      <trkpt lat="29.875801" lon="99.474436"><ele>4518</ele></trkpt>
      <trkpt lat="29.875961" lon="99.474331"><ele>4519</ele></trkpt>
      <trkpt lat="29.876133" lon="99.474234"><ele>4520</ele></trkpt>
      <trkpt lat="29.876189" lon="99.474147"><ele>4518</ele></trkpt>
      <trkpt lat="29.876263" lon="99.47407"><ele>4518</ele></trkpt>
      <trkpt lat="29.876323" lon="99.473984"><ele>4519</ele></trkpt>
      <trkpt lat="29.876517" lon="99.473946"><ele>4526</ele></trkpt>
      <trkpt lat="29.876603" lon="99.473895"><ele>4521</ele></trkpt>
      <trkpt lat="29.876976" lon="99.473807"><ele>4516</ele></trkpt>
      <trkpt lat="29.87707" lon="99.473794"><ele>4513</ele></trkpt>
      <trkpt lat="29.877246" lon="99.47389"><ele>4507</ele></trkpt>
      <trkpt lat="29.877346" lon="99.47391"><ele>4503</ele></trkpt>
      <trkpt lat="29.877437" lon="99.473866"><ele>4500</ele></trkpt>
      <trkpt lat="29.877618" lon="99.473916"><ele>4498</ele></trkpt>
      <trkpt lat="29.877712" lon="99.473897"><ele>4494</ele></trkpt>
      <trkpt lat="29.877801" lon="99.473864"><ele>4493</ele></trkpt>
      <trkpt lat="29.877899" lon="99.473879"><ele>4489</ele></trkpt>
      <trkpt lat="29.877983" lon="99.473917"><ele>4489</ele></trkpt>
      <trkpt lat="29.878064" lon="99.473981"><ele>4489</ele></trkpt>
      <trkpt lat="29.878157" lon="99.474022"><ele>4492</ele></trkpt>
      <trkpt lat="29.878241" lon="99.474072"><ele>4491</ele></trkpt>
      <trkpt lat="29.878421" lon="99.474133"><ele>4483</ele></trkpt>
      <trkpt lat="29.878525" lon="99.474143"><ele>4481</ele></trkpt>
      <trkpt lat="29.878617" lon="99.474174"><ele>4478</ele></trkpt>
      <trkpt lat="29.878885" lon="99.474091"><ele>4476</ele></trkpt>
      <trkpt lat="29.87898" lon="99.474046"><ele>4476</ele></trkpt>
      <trkpt lat="29.879255" lon="99.473956"><ele>4475</ele></trkpt>
      <trkpt lat="29.879447" lon="99.473913"><ele>4474</ele></trkpt>
      <trkpt lat="29.879537" lon="99.473906"><ele>4473</ele></trkpt>
      <trkpt lat="29.879635" lon="99.473912"><ele>4475</ele></trkpt>
      <trkpt lat="29.879709" lon="99.473845"><ele>4473</ele></trkpt>
      <trkpt lat="29.879796" lon="99.473812"><ele>4472</ele></trkpt>
      <trkpt lat="29.879876" lon="99.473759"><ele>4472</ele></trkpt>
      <trkpt lat="29.880018" lon="99.473598"><ele>4469</ele></trkpt>
      <trkpt lat="29.880061" lon="99.4735"><ele>4466</ele></trkpt>
      <trkpt lat="29.880114" lon="99.473412"><ele>4465</ele></trkpt>
      <trkpt lat="29.880173" lon="99.473334"><ele>4465</ele></trkpt>
      <trkpt lat="29.880308" lon="99.473182"><ele>4465</ele></trkpt>
      <trkpt lat="29.880396" lon="99.473142"><ele>4466</ele></trkpt>
      <trkpt lat="29.880432" lon="99.473037"><ele>4464</ele></trkpt>
      <trkpt lat="29.880513" lon="99.472984"><ele>4465</ele></trkpt>
      <trkpt lat="29.880602" lon="99.47295"><ele>4465</ele></trkpt>
      <trkpt lat="29.880765" lon="99.472826"><ele>4466</ele></trkpt>
      <trkpt lat="29.880852" lon="99.472775"><ele>4466</ele></trkpt>
      <trkpt lat="29.880998" lon="99.472648"><ele>4466</ele></trkpt>
      <trkpt lat="29.881088" lon="99.472632"><ele>4467</ele></trkpt>
      <trkpt lat="29.881141" lon="99.472542"><ele>4465</ele></trkpt>
      <trkpt lat="29.88122" lon="99.472493"><ele>4465</ele></trkpt>
      <trkpt lat="29.881397" lon="99.472445"><ele>4468</ele></trkpt>
      <trkpt lat="29.881486" lon="99.472396"><ele>4467</ele></trkpt>
      <trkpt lat="29.881655" lon="99.47229"><ele>4469</ele></trkpt>
      <trkpt lat="29.881729" lon="99.472214"><ele>4466</ele></trkpt>
      <trkpt lat="29.881973" lon="99.472055"><ele>4468</ele></trkpt>
      <trkpt lat="29.88216" lon="99.47201"><ele>4466</ele></trkpt>
      <trkpt lat="29.882347" lon="99.472103"><ele>4463</ele></trkpt>
      <trkpt lat="29.882535" lon="99.472091"><ele>4461</ele></trkpt>
      <trkpt lat="29.882624" lon="99.472029"><ele>4459</ele></trkpt>
      <trkpt lat="29.882716" lon="99.472015"><ele>4457</ele></trkpt>
      <trkpt lat="29.882803" lon="99.471957"><ele>4457</ele></trkpt>
      <trkpt lat="29.882897" lon="99.471923"><ele>4456</ele></trkpt>
      <trkpt lat="29.883078" lon="99.471907"><ele>4454</ele></trkpt>
      <trkpt lat="29.883344" lon="99.471766"><ele>4449</ele></trkpt>
      <trkpt lat="29.883511" lon="99.471658"><ele>4446</ele></trkpt>
      <trkpt lat="29.883603" lon="99.471618"><ele>4446</ele></trkpt>
      <trkpt lat="29.883697" lon="99.471626"><ele>4445</ele></trkpt>
      <trkpt lat="29.883796" lon="99.471622"><ele>4444</ele></trkpt>
      <trkpt lat="29.883962" lon="99.471721"><ele>4437</ele></trkpt>
      <trkpt lat="29.884153" lon="99.471795"><ele>4437</ele></trkpt>
      <trkpt lat="29.884232" lon="99.47185"><ele>4435</ele></trkpt>
      <trkpt lat="29.884599" lon="99.472003"><ele>4430</ele></trkpt>
      <trkpt lat="29.884678" lon="99.472053"><ele>4429</ele></trkpt>
      <trkpt lat="29.884855" lon="99.472126"><ele>4423</ele></trkpt>
      <trkpt lat="29.884931" lon="99.472195"><ele>4423</ele></trkpt>
      <trkpt lat="29.885015" lon="99.472252"><ele>4422</ele></trkpt>
      <trkpt lat="29.885195" lon="99.472333"><ele>4419</ele></trkpt>
      <trkpt lat="29.885289" lon="99.472352"><ele>4418</ele></trkpt>
      <trkpt lat="29.885478" lon="99.472353"><ele>4415</ele></trkpt>
      <trkpt lat="29.885575" lon="99.47238"><ele>4415</ele></trkpt>
      <trkpt lat="29.885851" lon="99.472298"><ele>4413</ele></trkpt>
      <trkpt lat="29.88605" lon="99.472268"><ele>4409</ele></trkpt>
      <trkpt lat="29.886318" lon="99.472161"><ele>4408</ele></trkpt>
      <trkpt lat="29.886411" lon="99.472173"><ele>4404</ele></trkpt>
      <trkpt lat="29.886502" lon="99.472116"><ele>4405</ele></trkpt>
      <trkpt lat="29.886597" lon="99.472094"><ele>4404</ele></trkpt>
      <trkpt lat="29.886799" lon="99.472132"><ele>4403</ele></trkpt>
      <trkpt lat="29.886892" lon="99.472169"><ele>4403</ele></trkpt>
      <trkpt lat="29.886983" lon="99.472186"><ele>4402</ele></trkpt>
      <trkpt lat="29.887081" lon="99.472192"><ele>4400</ele></trkpt>
      <trkpt lat="29.887445" lon="99.472262"><ele>4394</ele></trkpt>
      <trkpt lat="29.887636" lon="99.472275"><ele>4394</ele></trkpt>
      <trkpt lat="29.887722" lon="99.47231"><ele>4391</ele></trkpt>
      <trkpt lat="29.887822" lon="99.472329"><ele>4389</ele></trkpt>
      <trkpt lat="29.887923" lon="99.472328"><ele>4388</ele></trkpt>
      <trkpt lat="29.888016" lon="99.472303"><ele>4388</ele></trkpt>
      <trkpt lat="29.888109" lon="99.472293"><ele>4386</ele></trkpt>
      <trkpt lat="29.8882" lon="99.472254"><ele>4387</ele></trkpt>
      <trkpt lat="29.888298" lon="99.472237"><ele>4385</ele></trkpt>
      <trkpt lat="29.888392" lon="99.472203"><ele>4384</ele></trkpt>
      <trkpt lat="29.88849" lon="99.472185"><ele>4384</ele></trkpt>
      <trkpt lat="29.888769" lon="99.472167"><ele>4383</ele></trkpt>
      <trkpt lat="29.888862" lon="99.472128"><ele>4383</ele></trkpt>
      <trkpt lat="29.888931" lon="99.472061"><ele>4387</ele></trkpt>
      <trkpt lat="29.889024" lon="99.472092"><ele>4381</ele></trkpt>
      <trkpt lat="29.889126" lon="99.47209"><ele>4379</ele></trkpt>
      <trkpt lat="29.889202" lon="99.472031"><ele>4381</ele></trkpt>
      <trkpt lat="29.889278" lon="99.471954"><ele>4381</ele></trkpt>
      <trkpt lat="29.889366" lon="99.471914"><ele>4382</ele></trkpt>
      <trkpt lat="29.88944" lon="99.471848"><ele>4380</ele></trkpt>
      <trkpt lat="29.889529" lon="99.471814"><ele>4378</ele></trkpt>
      <trkpt lat="29.889807" lon="99.471765"><ele>4382</ele></trkpt>
      <trkpt lat="29.890096" lon="99.471763"><ele>4384</ele></trkpt>
      <trkpt lat="29.890379" lon="99.471705"><ele>4384</ele></trkpt>
      <trkpt lat="29.890472" lon="99.471698"><ele>4383</ele></trkpt>
      <trkpt lat="29.890568" lon="99.471667"><ele>4383</ele></trkpt>
      <trkpt lat="29.890653" lon="99.471621"><ele>4383</ele></trkpt>
      <trkpt lat="29.890735" lon="99.47156"><ele>4383</ele></trkpt>
      <trkpt lat="29.890873" lon="99.47141"><ele>4381</ele></trkpt>
      <trkpt lat="29.890952" lon="99.471351"><ele>4380</ele></trkpt>
      <trkpt lat="29.89113" lon="99.471288"><ele>4378</ele></trkpt>
      <trkpt lat="29.891407" lon="99.471207"><ele>4375</ele></trkpt>
      <trkpt lat="29.8915" lon="99.4712"><ele>4374</ele></trkpt>
      <trkpt lat="29.891693" lon="99.471157"><ele>4371</ele></trkpt>
      <trkpt lat="29.891878" lon="99.471068"><ele>4370</ele></trkpt>
      <trkpt lat="29.891975" lon="99.47106"><ele>4367</ele></trkpt>
      <trkpt lat="29.892122" lon="99.470936"><ele>4368</ele></trkpt>
      <trkpt lat="29.892205" lon="99.470878"><ele>4366</ele></trkpt>
      <trkpt lat="29.892296" lon="99.470844"><ele>4365</ele></trkpt>
      <trkpt lat="29.89238" lon="99.470782"><ele>4364</ele></trkpt>
      <trkpt lat="29.892452" lon="99.470713"><ele>4364</ele></trkpt>
      <trkpt lat="29.892575" lon="99.470537"><ele>4363</ele></trkpt>
      <trkpt lat="29.892742" lon="99.47042"><ele>4358</ele></trkpt>
      <trkpt lat="29.892913" lon="99.470343"><ele>4356</ele></trkpt>
      <trkpt lat="29.892989" lon="99.470279"><ele>4355</ele></trkpt>
      <trkpt lat="29.893151" lon="99.470171"><ele>4351</ele></trkpt>
      <trkpt lat="29.893223" lon="99.470107"><ele>4350</ele></trkpt>
      <trkpt lat="29.893358" lon="99.469963"><ele>4349</ele></trkpt>
      <trkpt lat="29.893529" lon="99.469859"><ele>4345</ele></trkpt>
      <trkpt lat="29.893687" lon="99.469736"><ele>4342</ele></trkpt>
      <trkpt lat="29.893775" lon="99.469693"><ele>4339</ele></trkpt>
      <trkpt lat="29.893954" lon="99.46963"><ele>4331</ele></trkpt>
      <trkpt lat="29.894117" lon="99.469509"><ele>4326</ele></trkpt>
      <trkpt lat="29.894346" lon="99.469313"><ele>4320</ele></trkpt>
      <trkpt lat="29.894599" lon="99.469162"><ele>4310</ele></trkpt>
      <trkpt lat="29.894666" lon="99.469085"><ele>4305</ele></trkpt>
      <trkpt lat="29.894741" lon="99.469026"><ele>4304</ele></trkpt>
      <trkpt lat="29.894881" lon="99.468876"><ele>4297</ele></trkpt>
      <trkpt lat="29.894995" lon="99.468692"><ele>4291</ele></trkpt>
      <trkpt lat="29.895176" lon="99.468447"><ele>4283</ele></trkpt>
      <trkpt lat="29.895251" lon="99.468368"><ele>4279</ele></trkpt>
      <trkpt lat="29.8953" lon="99.46828"><ele>4277</ele></trkpt>
      <trkpt lat="29.895497" lon="99.468048"><ele>4268</ele></trkpt>
      <trkpt lat="29.895526" lon="99.467946"><ele>4264</ele></trkpt>
      <trkpt lat="29.895623" lon="99.467763"><ele>4260</ele></trkpt>
      <trkpt lat="29.895701" lon="99.467695"><ele>4256</ele></trkpt>
      <trkpt lat="29.895769" lon="99.467621"><ele>4256</ele></trkpt>
      <trkpt lat="29.895818" lon="99.467533"><ele>4253</ele></trkpt>
      <trkpt lat="29.895886" lon="99.467449"><ele>4251</ele></trkpt>
      <trkpt lat="29.896136" lon="99.467272"><ele>4251</ele></trkpt>
      <trkpt lat="29.896395" lon="99.467148"><ele>4248</ele></trkpt>
      <trkpt lat="29.896462" lon="99.467078"><ele>4248</ele></trkpt>
      <trkpt lat="29.896495" lon="99.466968"><ele>4249</ele></trkpt>
      <trkpt lat="29.896625" lon="99.466809"><ele>4247</ele></trkpt>
      <trkpt lat="29.896672" lon="99.466719"><ele>4247</ele></trkpt>
      <trkpt lat="29.896685" lon="99.466609"><ele>4247</ele></trkpt>
      <trkpt lat="29.89672" lon="99.466504"><ele>4246</ele></trkpt>
      <trkpt lat="29.89678" lon="99.46642"><ele>4243</ele></trkpt>
      <trkpt lat="29.896876" lon="99.466224"><ele>4240</ele></trkpt>
      <trkpt lat="29.8969" lon="99.46612"><ele>4239</ele></trkpt>
      <trkpt lat="29.896885" lon="99.466017"><ele>4238</ele></trkpt>
      <trkpt lat="29.896918" lon="99.465918"><ele>4236</ele></trkpt>
      <trkpt lat="29.896978" lon="99.46584"><ele>4235</ele></trkpt>
      <trkpt lat="29.897033" lon="99.465747"><ele>4233</ele></trkpt>
      <trkpt lat="29.89707" lon="99.465643"><ele>4232</ele></trkpt>
      <trkpt lat="29.897179" lon="99.465474"><ele>4231</ele></trkpt>
      <trkpt lat="29.897327" lon="99.465073"><ele>4231</ele></trkpt>
      <trkpt lat="29.897338" lon="99.464967"><ele>4230</ele></trkpt>
      <trkpt lat="29.897367" lon="99.464865"><ele>4230</ele></trkpt>
      <trkpt lat="29.897383" lon="99.464762"><ele>4229</ele></trkpt>
      <trkpt lat="29.897343" lon="99.464659"><ele>4231</ele></trkpt>
      <trkpt lat="29.897352" lon="99.464547"><ele>4229</ele></trkpt>
      <trkpt lat="29.897295" lon="99.464446"><ele>4230</ele></trkpt>
      <trkpt lat="29.897265" lon="99.464341"><ele>4230</ele></trkpt>
      <trkpt lat="29.897255" lon="99.464234"><ele>4229</ele></trkpt>
      <trkpt lat="29.897279" lon="99.464129"><ele>4230</ele></trkpt>
      <trkpt lat="29.897339" lon="99.464039"><ele>4229</ele></trkpt>
      <trkpt lat="29.897402" lon="99.463838"><ele>4229</ele></trkpt>
      <trkpt lat="29.897424" lon="99.463618"><ele>4228</ele></trkpt>
      <trkpt lat="29.897406" lon="99.463511"><ele>4225</ele></trkpt>
      <trkpt lat="29.897405" lon="99.463403"><ele>4224</ele></trkpt>
      <trkpt lat="29.897458" lon="99.463317"><ele>4224</ele></trkpt>
      <trkpt lat="29.89755" lon="99.463118"><ele>4225</ele></trkpt>
      <trkpt lat="29.897637" lon="99.462814"><ele>4221</ele></trkpt>
      <trkpt lat="29.897654" lon="99.462595"><ele>4221</ele></trkpt>
      <trkpt lat="29.897757" lon="99.462409"><ele>4221</ele></trkpt>
      <trkpt lat="29.897771" lon="99.462301"><ele>4221</ele></trkpt>
      <trkpt lat="29.897804" lon="99.462203"><ele>4222</ele></trkpt>
      <trkpt lat="29.897853" lon="99.462115"><ele>4221</ele></trkpt>
      <trkpt lat="29.897873" lon="99.462004"><ele>4221</ele></trkpt>
      <trkpt lat="29.89788" lon="99.461563"><ele>4220</ele></trkpt>
      <trkpt lat="29.898022" lon="99.461158"><ele>4214</ele></trkpt>
      <trkpt lat="29.898004" lon="99.46105"><ele>4215</ele></trkpt>
      <trkpt lat="29.897917" lon="99.460853"><ele>4217</ele></trkpt>
      <trkpt lat="29.897918" lon="99.460737"><ele>4218</ele></trkpt>
      <trkpt lat="29.897951" lon="99.46051"><ele>4215</ele></trkpt>
      <trkpt lat="29.897919" lon="99.460397"><ele>4216</ele></trkpt>
      <trkpt lat="29.897908" lon="99.460283"><ele>4215</ele></trkpt>
      <trkpt lat="29.897906" lon="99.460175"><ele>4212</ele></trkpt>
      <trkpt lat="29.897922" lon="99.459959"><ele>4208</ele></trkpt>
      <trkpt lat="29.897921" lon="99.459839"><ele>4207</ele></trkpt>
      <trkpt lat="29.897935" lon="99.459731"><ele>4208</ele></trkpt>
      <trkpt lat="29.898021" lon="99.459698"><ele>4203</ele></trkpt>
      <trkpt lat="29.898057" lon="99.459596"><ele>4202</ele></trkpt>
      <trkpt lat="29.898109" lon="99.4595"><ele>4203</ele></trkpt>
      <trkpt lat="29.898177" lon="99.459427"><ele>4205</ele></trkpt>
      <trkpt lat="29.898259" lon="99.459371"><ele>4203</ele></trkpt>
      <trkpt lat="29.898409" lon="99.459246"><ele>4204</ele></trkpt>
      <trkpt lat="29.89848" lon="99.459175"><ele>4205</ele></trkpt>
      <trkpt lat="29.898531" lon="99.459075"><ele>4203</ele></trkpt>
      <trkpt lat="29.898468" lon="99.45887"><ele>4204</ele></trkpt>
      <trkpt lat="29.898458" lon="99.458765"><ele>4203</ele></trkpt>
      <trkpt lat="29.898409" lon="99.458674"><ele>4203</ele></trkpt>
      <trkpt lat="29.898377" lon="99.458567"><ele>4203</ele></trkpt>
      <trkpt lat="29.898416" lon="99.458472"><ele>4203</ele></trkpt>
      <trkpt lat="29.898367" lon="99.458374"><ele>4202</ele></trkpt>
      <trkpt lat="29.8984" lon="99.458169"><ele>4196</ele></trkpt>
      <trkpt lat="29.898467" lon="99.458098"><ele>4193</ele></trkpt>
      <trkpt lat="29.898547" lon="99.458034"><ele>4189</ele></trkpt>
      <trkpt lat="29.898531" lon="99.457922"><ele>4186</ele></trkpt>
      <trkpt lat="29.898481" lon="99.457718"><ele>4187</ele></trkpt>
      <trkpt lat="29.898431" lon="99.457629"><ele>4188</ele></trkpt>
      <trkpt lat="29.898452" lon="99.457526"><ele>4187</ele></trkpt>
      <trkpt lat="29.898451" lon="99.457417"><ele>4185</ele></trkpt>
      <trkpt lat="29.898484" lon="99.457317"><ele>4184</ele></trkpt>
      <trkpt lat="29.898467" lon="99.457213"><ele>4183</ele></trkpt>
      <trkpt lat="29.898434" lon="99.457117"><ele>4182</ele></trkpt>
      <trkpt lat="29.898435" lon="99.457012"><ele>4181</ele></trkpt>
      <trkpt lat="29.898416" lon="99.456906"><ele>4181</ele></trkpt>
      <trkpt lat="29.898425" lon="99.456691"><ele>4174</ele></trkpt>
      <trkpt lat="29.898468" lon="99.456599"><ele>4175</ele></trkpt>
      <trkpt lat="29.898495" lon="99.456492"><ele>4173</ele></trkpt>
      <trkpt lat="29.898467" lon="99.456386"><ele>4171</ele></trkpt>
      <trkpt lat="29.898469" lon="99.456276"><ele>4170</ele></trkpt>
      <trkpt lat="29.898455" lon="99.456059"><ele>4167</ele></trkpt>
      <trkpt lat="29.89841" lon="99.455969"><ele>4166</ele></trkpt>
      <trkpt lat="29.8984" lon="99.455862"><ele>4165</ele></trkpt>
      <trkpt lat="29.898375" lon="99.455749"><ele>4164</ele></trkpt>
      <trkpt lat="29.898443" lon="99.455541"><ele>4161</ele></trkpt>
      <trkpt lat="29.898459" lon="99.455432"><ele>4157</ele></trkpt>
      <trkpt lat="29.898451" lon="99.455214"><ele>4152</ele></trkpt>
      <trkpt lat="29.898471" lon="99.455111"><ele>4151</ele></trkpt>
      <trkpt lat="29.898472" lon="99.455006"><ele>4150</ele></trkpt>
      <trkpt lat="29.898496" lon="99.454894"><ele>4149</ele></trkpt>
      <trkpt lat="29.898488" lon="99.454783"><ele>4147</ele></trkpt>
      <trkpt lat="29.898463" lon="99.454677"><ele>4146</ele></trkpt>
      <trkpt lat="29.898488" lon="99.454576"><ele>4148</ele></trkpt>
      <trkpt lat="29.898533" lon="99.454476"><ele>4148</ele></trkpt>
      <trkpt lat="29.898592" lon="99.454386"><ele>4144</ele></trkpt>
      <trkpt lat="29.898619" lon="99.454285"><ele>4144</ele></trkpt>
      <trkpt lat="29.898579" lon="99.454071"><ele>4143</ele></trkpt>
      <trkpt lat="29.898569" lon="99.453964"><ele>4140</ele></trkpt>
      <trkpt lat="29.898588" lon="99.45386"><ele>4142</ele></trkpt>
      <trkpt lat="29.898624" lon="99.453759"><ele>4139</ele></trkpt>
      <trkpt lat="29.898609" lon="99.453649"><ele>4140</ele></trkpt>
      <trkpt lat="29.898628" lon="99.453535"><ele>4140</ele></trkpt>
      <trkpt lat="29.898609" lon="99.453426"><ele>4136</ele></trkpt>
      <trkpt lat="29.898646" lon="99.45332"><ele>4136</ele></trkpt>
      <trkpt lat="29.898667" lon="99.45321"><ele>4138</ele></trkpt>
      <trkpt lat="29.898698" lon="99.453106"><ele>4135</ele></trkpt>
      <trkpt lat="29.898611" lon="99.453148"><ele>4129</ele></trkpt>
      <trkpt lat="29.898697" lon="99.453112"><ele>4133</ele></trkpt>
      <trkpt lat="29.898674" lon="99.453004"><ele>4129</ele></trkpt>
      <trkpt lat="29.898715" lon="99.452912"><ele>4130</ele></trkpt>
      <trkpt lat="29.898698" lon="99.452809"><ele>4131</ele></trkpt>
      <trkpt lat="29.898702" lon="99.452588"><ele>4127</ele></trkpt>
      <trkpt lat="29.898765" lon="99.452385"><ele>4127</ele></trkpt>
      <trkpt lat="29.898759" lon="99.452281"><ele>4127</ele></trkpt>
      <trkpt lat="29.898789" lon="99.452177"><ele>4128</ele></trkpt>
      <trkpt lat="29.898854" lon="99.452094"><ele>4128</ele></trkpt>
      <trkpt lat="29.898891" lon="99.452"><ele>4126</ele></trkpt>
      <trkpt lat="29.89895" lon="99.451918"><ele>4125</ele></trkpt>
      <trkpt lat="29.898992" lon="99.451817"><ele>4126</ele></trkpt>
      <trkpt lat="29.899001" lon="99.451703"><ele>4122</ele></trkpt>
      <trkpt lat="29.898973" lon="99.451599"><ele>4124</ele></trkpt>
      <trkpt lat="29.898957" lon="99.451489"><ele>4123</ele></trkpt>
      <trkpt lat="29.898921" lon="99.451393"><ele>4122</ele></trkpt>
      <trkpt lat="29.898901" lon="99.45129"><ele>4123</ele></trkpt>
      <trkpt lat="29.898834" lon="99.451194"><ele>4119</ele></trkpt>
      <trkpt lat="29.898787" lon="99.451096"><ele>4117</ele></trkpt>
      <trkpt lat="29.898848" lon="99.451005"><ele>4119</ele></trkpt>
      <trkpt lat="29.898861" lon="99.450899"><ele>4118</ele></trkpt>
      <trkpt lat="29.898906" lon="99.450805"><ele>4120</ele></trkpt>
      <trkpt lat="29.898982" lon="99.450737"><ele>4117</ele></trkpt>
      <trkpt lat="29.89904" lon="99.450648"><ele>4120</ele></trkpt>
      <trkpt lat="29.899111" lon="99.450568"><ele>4118</ele></trkpt>
      <trkpt lat="29.899184" lon="99.450506"><ele>4116</ele></trkpt>
      <trkpt lat="29.899267" lon="99.450453"><ele>4115</ele></trkpt>
      <trkpt lat="29.899334" lon="99.450369"><ele>4112</ele></trkpt>
      <trkpt lat="29.899423" lon="99.450329"><ele>4110</ele></trkpt>
      <trkpt lat="29.899482" lon="99.450241"><ele>4114</ele></trkpt>
      <trkpt lat="29.899521" lon="99.450147"><ele>4117</ele></trkpt>
      <trkpt lat="29.899598" lon="99.450094"><ele>4112</ele></trkpt>
      <trkpt lat="29.899689" lon="99.450096"><ele>4107</ele></trkpt>
      <trkpt lat="29.899782" lon="99.450124"><ele>4108</ele></trkpt>
      <trkpt lat="29.89985" lon="99.450198"><ele>4113</ele></trkpt>
      <trkpt lat="29.900141" lon="99.450154"><ele>4113</ele></trkpt>
      <trkpt lat="29.900232" lon="99.450106"><ele>4112</ele></trkpt>
      <trkpt lat="29.900302" lon="99.450023"><ele>4112</ele></trkpt>
      <trkpt lat="29.900328" lon="99.449915"><ele>4112</ele></trkpt>
      <trkpt lat="29.900338" lon="99.449805"><ele>4112</ele></trkpt>
      <trkpt lat="29.900401" lon="99.449713"><ele>4111</ele></trkpt>
      <trkpt lat="29.900481" lon="99.449509"><ele>4109</ele></trkpt>
      <trkpt lat="29.900491" lon="99.449398"><ele>4109</ele></trkpt>
      <trkpt lat="29.900671" lon="99.449014"><ele>4107</ele></trkpt>
      <trkpt lat="29.900701" lon="99.448798"><ele>4107</ele></trkpt>
      <trkpt lat="29.900702" lon="99.448693"><ele>4106</ele></trkpt>
      <trkpt lat="29.90072" lon="99.448581"><ele>4105</ele></trkpt>
      <trkpt lat="29.900721" lon="99.448475"><ele>4106</ele></trkpt>
      <trkpt lat="29.900749" lon="99.448368"><ele>4106</ele></trkpt>
      <trkpt lat="29.900825" lon="99.448301"><ele>4104</ele></trkpt>
      <trkpt lat="29.900825" lon="99.448197"><ele>4104</ele></trkpt>
      <trkpt lat="29.900855" lon="99.447985"><ele>4104</ele></trkpt>
      <trkpt lat="29.90094" lon="99.447937"><ele>4104</ele></trkpt>
      <trkpt lat="29.901026" lon="99.447904"><ele>4105</ele></trkpt>
      <trkpt lat="29.901086" lon="99.447822"><ele>4105</ele></trkpt>
      <trkpt lat="29.901148" lon="99.447736"><ele>4104</ele></trkpt>
      <trkpt lat="29.901229" lon="99.447532"><ele>4101</ele></trkpt>
      <trkpt lat="29.901291" lon="99.447449"><ele>4100</ele></trkpt>
      <trkpt lat="29.901332" lon="99.44735"><ele>4101</ele></trkpt>
      <trkpt lat="29.901383" lon="99.44726"><ele>4101</ele></trkpt>
      <trkpt lat="29.901557" lon="99.447181"><ele>4100</ele></trkpt>
      <trkpt lat="29.901653" lon="99.447156"><ele>4101</ele></trkpt>
      <trkpt lat="29.901724" lon="99.447088"><ele>4100</ele></trkpt>
      <trkpt lat="29.901782" lon="99.446994"><ele>4102</ele></trkpt>
      <trkpt lat="29.901813" lon="99.446888"><ele>4103</ele></trkpt>
      <trkpt lat="29.901888" lon="99.446816"><ele>4107</ele></trkpt>
      <trkpt lat="29.901911" lon="99.446714"><ele>4108</ele></trkpt>
      <trkpt lat="29.902069" lon="99.446435"><ele>4111</ele></trkpt>
      <trkpt lat="29.902104" lon="99.446334"><ele>4114</ele></trkpt>
      <trkpt lat="29.902162" lon="99.446252"><ele>4116</ele></trkpt>
      <trkpt lat="29.90221" lon="99.446164"><ele>4116</ele></trkpt>
      <trkpt lat="29.902239" lon="99.446061"><ele>4116</ele></trkpt>
      <trkpt lat="29.902277" lon="99.445966"><ele>4119</ele></trkpt>
      <trkpt lat="29.902327" lon="99.445878"><ele>4120</ele></trkpt>
      <trkpt lat="29.902393" lon="99.445671"><ele>4118</ele></trkpt>
      <trkpt lat="29.902471" lon="99.445612"><ele>4119</ele></trkpt>
      <trkpt lat="29.90255" lon="99.445411"><ele>4120</ele></trkpt>
      <trkpt lat="29.902559" lon="99.445308"><ele>4120</ele></trkpt>
      <trkpt lat="29.902545" lon="99.445188"><ele>4121</ele></trkpt>
      <trkpt lat="29.902621" lon="99.445123"><ele>4117</ele></trkpt>
      <trkpt lat="29.90266" lon="99.445027"><ele>4118</ele></trkpt>
      <trkpt lat="29.902685" lon="99.444923"><ele>4117</ele></trkpt>
      <trkpt lat="29.902766" lon="99.444866"><ele>4114</ele></trkpt>
      <trkpt lat="29.902806" lon="99.44477"><ele>4114</ele></trkpt>
      <trkpt lat="29.90282" lon="99.444664"><ele>4111</ele></trkpt>
      <trkpt lat="29.902845" lon="99.444564"><ele>4111</ele></trkpt>
      <trkpt lat="29.902883" lon="99.444462"><ele>4110</ele></trkpt>
      <trkpt lat="29.902926" lon="99.444357"><ele>4106</ele></trkpt>
      <trkpt lat="29.902987" lon="99.444276"><ele>4103</ele></trkpt>
      <trkpt lat="29.903061" lon="99.444212"><ele>4103</ele></trkpt>
      <trkpt lat="29.903063" lon="99.444104"><ele>4102</ele></trkpt>
      <trkpt lat="29.903106" lon="99.444001"><ele>4102</ele></trkpt>
      <trkpt lat="29.903246" lon="99.443839"><ele>4096</ele></trkpt>
      <trkpt lat="29.903297" lon="99.443752"><ele>4095</ele></trkpt>
      <trkpt lat="29.903324" lon="99.443651"><ele>4096</ele></trkpt>
      <trkpt lat="29.90339" lon="99.44356"><ele>4099</ele></trkpt>
      <trkpt lat="29.903495" lon="99.443381"><ele>4099</ele></trkpt>
      <trkpt lat="29.903567" lon="99.44319"><ele>4098</ele></trkpt>
      <trkpt lat="29.903566" lon="99.443086"><ele>4098</ele></trkpt>
      <trkpt lat="29.903578" lon="99.442976"><ele>4098</ele></trkpt>
      <trkpt lat="29.903658" lon="99.442775"><ele>4098</ele></trkpt>
      <trkpt lat="29.903708" lon="99.442684"><ele>4098</ele></trkpt>
      <trkpt lat="29.903819" lon="99.442345"><ele>4092</ele></trkpt>
      <trkpt lat="29.903874" lon="99.442258"><ele>4089</ele></trkpt>
      <trkpt lat="29.903918" lon="99.442034"><ele>4088</ele></trkpt>
      <trkpt lat="29.90398" lon="99.441954"><ele>4087</ele></trkpt>
      <trkpt lat="29.904036" lon="99.441859"><ele>4086</ele></trkpt>
      <trkpt lat="29.904077" lon="99.441759"><ele>4085</ele></trkpt>
      <trkpt lat="29.904095" lon="99.441657"><ele>4085</ele></trkpt>
      <trkpt lat="29.904142" lon="99.441563"><ele>4083</ele></trkpt>
      <trkpt lat="29.904176" lon="99.441454"><ele>4081</ele></trkpt>
      <trkpt lat="29.90426" lon="99.441409"><ele>4080</ele></trkpt>
      <trkpt lat="29.904301" lon="99.441181"><ele>4080</ele></trkpt>
      <trkpt lat="29.904399" lon="99.440994"><ele>4075</ele></trkpt>
      <trkpt lat="29.904435" lon="99.440898"><ele>4073</ele></trkpt>
      <trkpt lat="29.904447" lon="99.440793"><ele>4071</ele></trkpt>
      <trkpt lat="29.904481" lon="99.440693"><ele>4071</ele></trkpt>
      <trkpt lat="29.904535" lon="99.440603"><ele>4068</ele></trkpt>
      <trkpt lat="29.904563" lon="99.440499"><ele>4067</ele></trkpt>
      <trkpt lat="29.904582" lon="99.440389"><ele>4065</ele></trkpt>
      <trkpt lat="29.904652" lon="99.440177"><ele>4061</ele></trkpt>
      <trkpt lat="29.904698" lon="99.440084"><ele>4061</ele></trkpt>
      <trkpt lat="29.904717" lon="99.439979"><ele>4062</ele></trkpt>
      <trkpt lat="29.904714" lon="99.439865"><ele>4060</ele></trkpt>
      <trkpt lat="29.904641" lon="99.439556"><ele>4055</ele></trkpt>
      <trkpt lat="29.904605" lon="99.439343"><ele>4050</ele></trkpt>
      <trkpt lat="29.904619" lon="99.439234"><ele>4048</ele></trkpt>
      <trkpt lat="29.904649" lon="99.439134"><ele>4045</ele></trkpt>
      <trkpt lat="29.90467" lon="99.439025"><ele>4044</ele></trkpt>
      <trkpt lat="29.904708" lon="99.438922"><ele>4042</ele></trkpt>
      <trkpt lat="29.904775" lon="99.438841"><ele>4039</ele></trkpt>
      <trkpt lat="29.904805" lon="99.438743"><ele>4038</ele></trkpt>
      <trkpt lat="29.904784" lon="99.438642"><ele>4038</ele></trkpt>
      <trkpt lat="29.904887" lon="99.438455"><ele>4035</ele></trkpt>
      <trkpt lat="29.90502" lon="99.438153"><ele>4032</ele></trkpt>
      <trkpt lat="29.90504" lon="99.438047"><ele>4042</ele></trkpt>
      <trkpt lat="29.905175" lon="99.437891"><ele>4035</ele></trkpt>
      <trkpt lat="29.905291" lon="99.437709"><ele>4033</ele></trkpt>
      <trkpt lat="29.905363" lon="99.437635"><ele>4035</ele></trkpt>
      <trkpt lat="29.905434" lon="99.437431"><ele>4033</ele></trkpt>
      <trkpt lat="29.90546" lon="99.43721"><ele>4036</ele></trkpt>
      <trkpt lat="29.905458" lon="99.437096"><ele>4034</ele></trkpt>
      <trkpt lat="29.905494" lon="99.436995"><ele>4032</ele></trkpt>
      <trkpt lat="29.905543" lon="99.436897"><ele>4032</ele></trkpt>
      <trkpt lat="29.905604" lon="99.436578"><ele>4030</ele></trkpt>
      <trkpt lat="29.905569" lon="99.436471"><ele>4032</ele></trkpt>
      <trkpt lat="29.905522" lon="99.436267"><ele>4031</ele></trkpt>
      <trkpt lat="29.905533" lon="99.436152"><ele>4030</ele></trkpt>
      <trkpt lat="29.905617" lon="99.435836"><ele>4023</ele></trkpt>
      <trkpt lat="29.905596" lon="99.435725"><ele>4023</ele></trkpt>
      <trkpt lat="29.905598" lon="99.435612"><ele>4024</ele></trkpt>
      <trkpt lat="29.905615" lon="99.435506"><ele>4021</ele></trkpt>
      <trkpt lat="29.905629" lon="99.435179"><ele>4019</ele></trkpt>
      <trkpt lat="29.905661" lon="99.434864"><ele>4014</ele></trkpt>
      <trkpt lat="29.905707" lon="99.43466"><ele>4010</ele></trkpt>
      <trkpt lat="29.905743" lon="99.434555"><ele>4011</ele></trkpt>
      <trkpt lat="29.905798" lon="99.43423"><ele>4009</ele></trkpt>
      <trkpt lat="29.905889" lon="99.433919"><ele>4007</ele></trkpt>
      <trkpt lat="29.905928" lon="99.433716"><ele>4008</ele></trkpt>
      <trkpt lat="29.905946" lon="99.43349"><ele>4006</ele></trkpt>
      <trkpt lat="29.905937" lon="99.433264"><ele>4006</ele></trkpt>
      <trkpt lat="29.905917" lon="99.433039"><ele>4006</ele></trkpt>
      <trkpt lat="29.905814" lon="99.432732"><ele>4001</ele></trkpt>
      <trkpt lat="29.905802" lon="99.432627"><ele>4002</ele></trkpt>
      <trkpt lat="29.905832" lon="99.432294"><ele>4000</ele></trkpt>
      <trkpt lat="29.905871" lon="99.43208"><ele>3998</ele></trkpt>
      <trkpt lat="29.90585" lon="99.431972"><ele>3997</ele></trkpt>
      <trkpt lat="29.905817" lon="99.431865"><ele>3999</ele></trkpt>
      <trkpt lat="29.905663" lon="99.431584"><ele>4000</ele></trkpt>
      <trkpt lat="29.905604" lon="99.431497"><ele>4002</ele></trkpt>
      <trkpt lat="29.90558" lon="99.431393"><ele>3999</ele></trkpt>
      <trkpt lat="29.905595" lon="99.431282"><ele>3996</ele></trkpt>
      <trkpt lat="29.905562" lon="99.431067"><ele>3993</ele></trkpt>
      <trkpt lat="29.905575" lon="99.430962"><ele>3992</ele></trkpt>
      <trkpt lat="29.905585" lon="99.430534"><ele>3987</ele></trkpt>
      <trkpt lat="29.905579" lon="99.430428"><ele>3987</ele></trkpt>
      <trkpt lat="29.905598" lon="99.4302"><ele>3985</ele></trkpt>
      <trkpt lat="29.905589" lon="99.430092"><ele>3985</ele></trkpt>
      <trkpt lat="29.905511" lon="99.429891"><ele>3987</ele></trkpt>
      <trkpt lat="29.905419" lon="99.429698"><ele>3987</ele></trkpt>
      <trkpt lat="29.905398" lon="99.429588"><ele>3986</ele></trkpt>
      <trkpt lat="29.905447" lon="99.429374"><ele>3981</ele></trkpt>
      <trkpt lat="29.905457" lon="99.429157"><ele>3980</ele></trkpt>
      <trkpt lat="29.905496" lon="99.429059"><ele>3979</ele></trkpt>
      <trkpt lat="29.905548" lon="99.42896"><ele>3977</ele></trkpt>
      <trkpt lat="29.905667" lon="99.428781"><ele>3976</ele></trkpt>
      <trkpt lat="29.905683" lon="99.428669"><ele>3976</ele></trkpt>
      <trkpt lat="29.905633" lon="99.428581"><ele>3977</ele></trkpt>
      <trkpt lat="29.905609" lon="99.42848"><ele>3976</ele></trkpt>
      <trkpt lat="29.905612" lon="99.428375"><ele>3975</ele></trkpt>
      <trkpt lat="29.905675" lon="99.428172"><ele>3976</ele></trkpt>
      <trkpt lat="29.905721" lon="99.42807"><ele>3975</ele></trkpt>
      <trkpt lat="29.905748" lon="99.427955"><ele>3976</ele></trkpt>
      <trkpt lat="29.905715" lon="99.427734"><ele>3974</ele></trkpt>
      <trkpt lat="29.905664" lon="99.427529"><ele>3974</ele></trkpt>
      <trkpt lat="29.905628" lon="99.427434"><ele>3974</ele></trkpt>
      <trkpt lat="29.905618" lon="99.427325"><ele>3975</ele></trkpt>
      <trkpt lat="29.90564" lon="99.427217"><ele>3973</ele></trkpt>
      <trkpt lat="29.905639" lon="99.426944"><ele>3973</ele></trkpt>
      <trkpt lat="29.905655" lon="99.426812"><ele>3972</ele></trkpt>
      <trkpt lat="29.905685" lon="99.426657"><ele>3974</ele></trkpt>
      <trkpt lat="29.905559" lon="99.426252"><ele>3973</ele></trkpt>
      <trkpt lat="29.905475" lon="99.426081"><ele>3973</ele></trkpt>
      <trkpt lat="29.905214" lon="99.425864"><ele>3970</ele></trkpt>
      <trkpt lat="29.905563" lon="99.425654"><ele>3964</ele></trkpt>
      <trkpt lat="29.905762" lon="99.42561"><ele>3964</ele></trkpt>
      <trkpt lat="29.905944" lon="99.425528"><ele>3963</ele></trkpt>
      <trkpt lat="29.90603" lon="99.425472"><ele>3964</ele></trkpt>
      <trkpt lat="29.906046" lon="99.425003"><ele>3958</ele></trkpt>
      <trkpt lat="29.906086" lon="99.424847"><ele>3958</ele></trkpt>
      <trkpt lat="29.906371" lon="99.424705"><ele>3956</ele></trkpt>
      <trkpt lat="29.906501" lon="99.424629"><ele>3955</ele></trkpt>
      <trkpt lat="29.906595" lon="99.424595"><ele>3954</ele></trkpt>
      <trkpt lat="29.906814" lon="99.424553"><ele>3953</ele></trkpt>
      <trkpt lat="29.906933" lon="99.424541"><ele>3954</ele></trkpt>
      <trkpt lat="29.907179" lon="99.424538"><ele>3952</ele></trkpt>
      <trkpt lat="29.907468" lon="99.424604"><ele>3956</ele></trkpt>
      <trkpt lat="29.90775" lon="99.424634"><ele>3956</ele></trkpt>
      <trkpt lat="29.908036" lon="99.424648"><ele>3952</ele></trkpt>
      <trkpt lat="29.908482" lon="99.424698"><ele>3952</ele></trkpt>
      <trkpt lat="29.909017" lon="99.424722"><ele>3942</ele></trkpt>
      <trkpt lat="29.909369" lon="99.424716"><ele>3942</ele></trkpt>
      <trkpt lat="29.909723" lon="99.42477"><ele>3941</ele></trkpt>
      <trkpt lat="29.909812" lon="99.424732"><ele>3938</ele></trkpt>
      <trkpt lat="29.909779" lon="99.424598"><ele>3937</ele></trkpt>
      <trkpt lat="29.909527" lon="99.42456"><ele>3942</ele></trkpt>
      <trkpt lat="29.909129" lon="99.424516"><ele>3945</ele></trkpt>
      <trkpt lat="29.909026" lon="99.424521"><ele>3946</ele></trkpt>
      <trkpt lat="29.908805" lon="99.424498"><ele>3946</ele></trkpt>
      <trkpt lat="29.908199" lon="99.424358"><ele>3945</ele></trkpt>
      <trkpt lat="29.907825" lon="99.424256"><ele>3944</ele></trkpt>
      <trkpt lat="29.90771" lon="99.424215"><ele>3944</ele></trkpt>
      <trkpt lat="29.907604" lon="99.424148"><ele>3945</ele></trkpt>
      <trkpt lat="29.90751" lon="99.424066"><ele>3946</ele></trkpt>
      <trkpt lat="29.907444" lon="99.42397"><ele>3946</ele></trkpt>
      <trkpt lat="29.907381" lon="99.423855"><ele>3947</ele></trkpt>
      <trkpt lat="29.907327" lon="99.423729"><ele>3948</ele></trkpt>
      <trkpt lat="29.907229" lon="99.423453"><ele>3946</ele></trkpt>
      <trkpt lat="29.907235" lon="99.423292"><ele>3945</ele></trkpt>
      <trkpt lat="29.907484" lon="99.423104"><ele>3943</ele></trkpt>
      <trkpt lat="29.907634" lon="99.422959"><ele>3944</ele></trkpt>
      <trkpt lat="29.907684" lon="99.422854"><ele>3943</ele></trkpt>
      <trkpt lat="29.907889" lon="99.422568"><ele>3945</ele></trkpt>
      <trkpt lat="29.908041" lon="99.422422"><ele>3945</ele></trkpt>
      <trkpt lat="29.908219" lon="99.422329"><ele>3945</ele></trkpt>
      <trkpt lat="29.908361" lon="99.422268"><ele>3947</ele></trkpt>
      <trkpt lat="29.908461" lon="99.422167"><ele>3947</ele></trkpt>
      <trkpt lat="29.908459" lon="99.422063"><ele>3947</ele></trkpt>
      <trkpt lat="29.908355" lon="99.422017"><ele>3948</ele></trkpt>
      <trkpt lat="29.908232" lon="99.422034"><ele>3949</ele></trkpt>
      <trkpt lat="29.908117" lon="99.422088"><ele>3951</ele></trkpt>
      <trkpt lat="29.908013" lon="99.422171"><ele>3954</ele></trkpt>
      <trkpt lat="29.907729" lon="99.422254"><ele>3960</ele></trkpt>
      <trkpt lat="29.907352" lon="99.422412"><ele>3966</ele></trkpt>
      <trkpt lat="29.907171" lon="99.422446"><ele>3964</ele></trkpt>
      <trkpt lat="29.906973" lon="99.42243"><ele>3963</ele></trkpt>
      <trkpt lat="29.906878" lon="99.422406"><ele>3963</ele></trkpt>
      <trkpt lat="29.906493" lon="99.422263"><ele>3962</ele></trkpt>
      <trkpt lat="29.906371" lon="99.422208"><ele>3961</ele></trkpt>
      <trkpt lat="29.906145" lon="99.422145"><ele>3961</ele></trkpt>
      <trkpt lat="29.90579" lon="99.422109"><ele>3960</ele></trkpt>
      <trkpt lat="29.905662" lon="99.422126"><ele>3959</ele></trkpt>
      <trkpt lat="29.905552" lon="99.422103"><ele>3957</ele></trkpt>
      <trkpt lat="29.905433" lon="99.422064"><ele>3957</ele></trkpt>
      <trkpt lat="29.905321" lon="99.422013"><ele>3955</ele></trkpt>
      <trkpt lat="29.905107" lon="99.421884"><ele>3956</ele></trkpt>
      <trkpt lat="29.904662" lon="99.42146"><ele>3962</ele></trkpt>
      <trkpt lat="29.904441" lon="99.421277"><ele>3961</ele></trkpt>
      <trkpt lat="29.904196" lon="99.421126"><ele>3965</ele></trkpt>
      <trkpt lat="29.904055" lon="99.421065"><ele>3969</ele></trkpt>
      <trkpt lat="29.903695" lon="99.420879"><ele>3967</ele></trkpt>
      <trkpt lat="29.903566" lon="99.420791"><ele>3969</ele></trkpt>
      <trkpt lat="29.903444" lon="99.420692"><ele>3967</ele></trkpt>
      <trkpt lat="29.903311" lon="99.420556"><ele>3966</ele></trkpt>
      <trkpt lat="29.903202" lon="99.420408"><ele>3966</ele></trkpt>
      <trkpt lat="29.903116" lon="99.420252"><ele>3970</ele></trkpt>
      <trkpt lat="29.903046" lon="99.420071"><ele>3972</ele></trkpt>
      <trkpt lat="29.902948" lon="99.419881"><ele>3978</ele></trkpt>
      <trkpt lat="29.902806" lon="99.419562"><ele>3972</ele></trkpt>
      <trkpt lat="29.902675" lon="99.419294"><ele>3966</ele></trkpt>
      <trkpt lat="29.9026" lon="99.419198"><ele>3966</ele></trkpt>
      <trkpt lat="29.902515" lon="99.41912"><ele>3966</ele></trkpt>
      <trkpt lat="29.902288" lon="99.41901"><ele>3966</ele></trkpt>
      <trkpt lat="29.902009" lon="99.418982"><ele>3967</ele></trkpt>
      <trkpt lat="29.901892" lon="99.419001"><ele>3970</ele></trkpt>
      <trkpt lat="29.901777" lon="99.419036"><ele>3967</ele></trkpt>
      <trkpt lat="29.90086" lon="99.419336"><ele>3968</ele></trkpt>
      <trkpt lat="29.900588" lon="99.419373"><ele>3962</ele></trkpt>
      <trkpt lat="29.900164" lon="99.419262"><ele>3956</ele></trkpt>
      <trkpt lat="29.900003" lon="99.419183"><ele>3956</ele></trkpt>
      <trkpt lat="29.899846" lon="99.419092"><ele>3954</ele></trkpt>
      <trkpt lat="29.899543" lon="99.41896"><ele>3953</ele></trkpt>
      <trkpt lat="29.899231" lon="99.418774"><ele>3950</ele></trkpt>
      <trkpt lat="29.898921" lon="99.418633"><ele>3952</ele></trkpt>
      <trkpt lat="29.898772" lon="99.41852"><ele>3952</ele></trkpt>
      <trkpt lat="29.898644" lon="99.418403"><ele>3950</ele></trkpt>
      <trkpt lat="29.89832" lon="99.418018"><ele>3949</ele></trkpt>
      <trkpt lat="29.898226" lon="99.417936"><ele>3947</ele></trkpt>
      <trkpt lat="29.897982" lon="99.41778"><ele>3947</ele></trkpt>
      <trkpt lat="29.897851" lon="99.417673"><ele>3948</ele></trkpt>
      <trkpt lat="29.897707" lon="99.417581"><ele>3949</ele></trkpt>
      <trkpt lat="29.897583" lon="99.41752"><ele>3947</ele></trkpt>
      <trkpt lat="29.897458" lon="99.417472"><ele>3947</ele></trkpt>
      <trkpt lat="29.896874" lon="99.417156"><ele>3935</ele></trkpt>
      <trkpt lat="29.896743" lon="99.417108"><ele>3938</ele></trkpt>
      <trkpt lat="29.896537" lon="99.416979"><ele>3936</ele></trkpt>
      <trkpt lat="29.896324" lon="99.416818"><ele>3930</ele></trkpt>
      <trkpt lat="29.894934" lon="99.416012"><ele>3914</ele></trkpt>
      <trkpt lat="29.895011" lon="99.415945"><ele>3913</ele></trkpt>
      <trkpt lat="29.895187" lon="99.41588"><ele>3914</ele></trkpt>
      <trkpt lat="29.895276" lon="99.415933"><ele>3916</ele></trkpt>
      <trkpt lat="29.895375" lon="99.415973"><ele>3915</ele></trkpt>
      <trkpt lat="29.895465" lon="99.415987"><ele>3914</ele></trkpt>
      <trkpt lat="29.895645" lon="99.416065"><ele>3914</ele></trkpt>
      <trkpt lat="29.895727" lon="99.416108"><ele>3915</ele></trkpt>
      <trkpt lat="29.895808" lon="99.416176"><ele>3916</ele></trkpt>
      <trkpt lat="29.895909" lon="99.416187"><ele>3916</ele></trkpt>
      <trkpt lat="29.895988" lon="99.416236"><ele>3915</ele></trkpt>
      <trkpt lat="29.896081" lon="99.416254"><ele>3916</ele></trkpt>
      <trkpt lat="29.896075" lon="99.416366"><ele>3913</ele></trkpt>
      <trkpt lat="29.896115" lon="99.416459"><ele>3916</ele></trkpt>
      <trkpt lat="29.896084" lon="99.416351"><ele>3917</ele></trkpt>
      <trkpt lat="29.896093" lon="99.41646"><ele>3915</ele></trkpt>
      <trkpt lat="29.896167" lon="99.416532"><ele>3912</ele></trkpt>
      <trkpt lat="29.896161" lon="99.416653"><ele>3910</ele></trkpt>
      <trkpt lat="29.896108" lon="99.416737"><ele>3912</ele></trkpt>
      <trkpt lat="29.896017" lon="99.416757"><ele>3913</ele></trkpt>
      <trkpt lat="29.895931" lon="99.416721"><ele>3912</ele></trkpt>
      <trkpt lat="29.895843" lon="99.4167"><ele>3913</ele></trkpt>
      <trkpt lat="29.897619" lon="99.417661"><ele>3922</ele></trkpt>
      <trkpt lat="29.897926" lon="99.417845"><ele>3924</ele></trkpt>
      <trkpt lat="29.898133" lon="99.417988"><ele>3925</ele></trkpt>
      <trkpt lat="29.898232" lon="99.418069"><ele>3925</ele></trkpt>
      <trkpt lat="29.898326" lon="99.418158"><ele>3926</ele></trkpt>
      <trkpt lat="29.898672" lon="99.418545"><ele>3928</ele></trkpt>
      <trkpt lat="29.898772" lon="99.418633"><ele>3928</ele></trkpt>
      <trkpt lat="29.898881" lon="99.418711"><ele>3929</ele></trkpt>
      <trkpt lat="29.898999" lon="99.418778"><ele>3930</ele></trkpt>
      <trkpt lat="29.900062" lon="99.419272"><ele>3935</ele></trkpt>
      <trkpt lat="29.900337" lon="99.419369"><ele>3937</ele></trkpt>
      <trkpt lat="29.900477" lon="99.419393"><ele>3937</ele></trkpt>
      <trkpt lat="29.900623" lon="99.419394"><ele>3937</ele></trkpt>
      <trkpt lat="29.90077" lon="99.419375"><ele>3938</ele></trkpt>
      <trkpt lat="29.901201" lon="99.419248"><ele>3941</ele></trkpt>
      <trkpt lat="29.901882" lon="99.419076"><ele>3944</ele></trkpt>
      <trkpt lat="29.902014" lon="99.41906"><ele>3944</ele></trkpt>
      <trkpt lat="29.902148" lon="99.419061"><ele>3944</ele></trkpt>
      <trkpt lat="29.90228" lon="99.4191"><ele>3945</ele></trkpt>
      <trkpt lat="29.902403" lon="99.419175"><ele>3946</ele></trkpt>
      <trkpt lat="29.902512" lon="99.419272"><ele>3946</ele></trkpt>
      <trkpt lat="29.902599" lon="99.419393"><ele>3947</ele></trkpt>
      <trkpt lat="29.903038" lon="99.420237"><ele>3948</ele></trkpt>
      <trkpt lat="29.903197" lon="99.420508"><ele>3949</ele></trkpt>
      <trkpt lat="29.903289" lon="99.420632"><ele>3949</ele></trkpt>
      <trkpt lat="29.903398" lon="99.420738"><ele>3950</ele></trkpt>
      <trkpt lat="29.903527" lon="99.420823"><ele>3949</ele></trkpt>
      <trkpt lat="29.904074" lon="99.421127"><ele>3949</ele></trkpt>
      <trkpt lat="29.904347" lon="99.421297"><ele>3947</ele></trkpt>
      <trkpt lat="29.904482" lon="99.421392"><ele>3947</ele></trkpt>
      <trkpt lat="29.90461" lon="99.421496"><ele>3946</ele></trkpt>
      <trkpt lat="29.904957" lon="99.421854"><ele>3944</ele></trkpt>
      <trkpt lat="29.905076" lon="99.421966"><ele>3944</ele></trkpt>
      <trkpt lat="29.905204" lon="99.422055"><ele>3944</ele></trkpt>
      <trkpt lat="29.905349" lon="99.422122"><ele>3943</ele></trkpt>
      <trkpt lat="29.905498" lon="99.42216"><ele>3943</ele></trkpt>
      <trkpt lat="29.905975" lon="99.42219"><ele>3942</ele></trkpt>
      <trkpt lat="29.906304" lon="99.422241"><ele>3940</ele></trkpt>
      <trkpt lat="29.906465" lon="99.422286"><ele>3940</ele></trkpt>
      <trkpt lat="29.906782" lon="99.422404"><ele>3939</ele></trkpt>
      <trkpt lat="29.906942" lon="99.422449"><ele>3938</ele></trkpt>
      <trkpt lat="29.907103" lon="99.422468"><ele>3938</ele></trkpt>
      <trkpt lat="29.907273" lon="99.422448"><ele>3938</ele></trkpt>
      <trkpt lat="29.907919" lon="99.422176"><ele>3936</ele></trkpt>
      <trkpt lat="29.908228" lon="99.422023"><ele>3936</ele></trkpt>
      <trkpt lat="29.908374" lon="99.421936"><ele>3936</ele></trkpt>
      <trkpt lat="29.908513" lon="99.421831"><ele>3936</ele></trkpt>
      <trkpt lat="29.908644" lon="99.421712"><ele>3937</ele></trkpt>
      <trkpt lat="29.909008" lon="99.421317"><ele>3937</ele></trkpt>
      <trkpt lat="29.909135" lon="99.421199"><ele>3938</ele></trkpt>
      <trkpt lat="29.909274" lon="99.4211"><ele>3937</ele></trkpt>
      <trkpt lat="29.909419" lon="99.421027"><ele>3937</ele></trkpt>
      <trkpt lat="29.909571" lon="99.42098"><ele>3937</ele></trkpt>
      <trkpt lat="29.909725" lon="99.420957"><ele>3937</ele></trkpt>
      <trkpt lat="29.910445" lon="99.42089"><ele>3939</ele></trkpt>
      <trkpt lat="29.911" lon="99.420892"><ele>3940</ele></trkpt>
      <trkpt lat="29.912415" lon="99.420783"><ele>3942</ele></trkpt>
      <trkpt lat="29.912962" lon="99.420711"><ele>3944</ele></trkpt>
      <trkpt lat="29.914153" lon="99.420498"><ele>3944</ele></trkpt>
      <trkpt lat="29.914556" lon="99.420448"><ele>3944</ele></trkpt>
      <trkpt lat="29.914754" lon="99.420442"><ele>3945</ele></trkpt>
      <trkpt lat="29.914948" lon="99.420448"><ele>3945</ele></trkpt>
      <trkpt lat="29.915136" lon="99.420468"><ele>3945</ele></trkpt>
      <trkpt lat="29.915686" lon="99.420555"><ele>3946</ele></trkpt>
      <trkpt lat="29.915866" lon="99.420575"><ele>3947</ele></trkpt>
      <trkpt lat="29.916041" lon="99.420578"><ele>3947</ele></trkpt>
      <trkpt lat="29.916219" lon="99.420567"><ele>3947</ele></trkpt>
      <trkpt lat="29.916402" lon="99.420541"><ele>3947</ele></trkpt>
      <trkpt lat="29.917588" lon="99.420283"><ele>3950</ele></trkpt>
      <trkpt lat="29.917796" lon="99.42025"><ele>3951</ele></trkpt>
      <trkpt lat="29.91801" lon="99.420229"><ele>3951</ele></trkpt>
      <trkpt lat="29.918448" lon="99.420204"><ele>3953</ele></trkpt>
      <trkpt lat="29.920408" lon="99.420144"><ele>3956</ele></trkpt>
      <trkpt lat="29.920756" lon="99.420159"><ele>3955</ele></trkpt>
      <trkpt lat="29.920923" lon="99.420188"><ele>3955</ele></trkpt>
      <trkpt lat="29.921089" lon="99.420244"><ele>3956</ele></trkpt>
      <trkpt lat="29.921251" lon="99.420328"><ele>3956</ele></trkpt>
      <trkpt lat="29.922193" lon="99.420881"><ele>3956</ele></trkpt>
      <trkpt lat="29.922642" lon="99.421113"><ele>3957</ele></trkpt>
      <trkpt lat="29.923137" lon="99.421315"><ele>3958</ele></trkpt>
      <trkpt lat="29.924016" lon="99.421645"><ele>3959</ele></trkpt>
      <trkpt lat="29.924504" lon="99.421845"><ele>3960</ele></trkpt>
      <trkpt lat="29.924654" lon="99.421915"><ele>3961</ele></trkpt>
      <trkpt lat="29.924932" lon="99.422073"><ele>3962</ele></trkpt>
      <trkpt lat="29.925533" lon="99.422481"><ele>3963</ele></trkpt>
      <trkpt lat="29.925877" lon="99.422726"><ele>3964</ele></trkpt>
      <trkpt lat="29.925996" lon="99.422799"><ele>3964</ele></trkpt>
      <trkpt lat="29.926118" lon="99.42286"><ele>3964</ele></trkpt>
      <trkpt lat="29.92625" lon="99.422906"><ele>3965</ele></trkpt>
      <trkpt lat="29.926387" lon="99.422938"><ele>3965</ele></trkpt>
      <trkpt lat="29.926809" lon="99.423009"><ele>3966</ele></trkpt>
      <trkpt lat="29.929138" lon="99.4233"><ele>3973</ele></trkpt>
      <trkpt lat="29.929418" lon="99.423345"><ele>3973</ele></trkpt>
      <trkpt lat="29.929549" lon="99.423376"><ele>3973</ele></trkpt>
      <trkpt lat="29.930622" lon="99.423793"><ele>3973</ele></trkpt>
      <trkpt lat="29.930762" lon="99.423854"><ele>3974</ele></trkpt>
      <trkpt lat="29.930893" lon="99.423928"><ele>3975</ele></trkpt>
      <trkpt lat="29.931741" lon="99.424641"><ele>3976</ele></trkpt>
      <trkpt lat="29.931999" lon="99.424809"><ele>3976</ele></trkpt>
      <trkpt lat="29.932132" lon="99.42488"><ele>3976</ele></trkpt>
      <trkpt lat="29.932268" lon="99.424935"><ele>3975</ele></trkpt>
      <trkpt lat="29.932555" lon="99.425022"><ele>3974</ele></trkpt>
      <trkpt lat="29.932887" lon="99.42508"><ele>3972</ele></trkpt>
      <trkpt lat="29.933441" lon="99.425151"><ele>3969</ele></trkpt>
      <trkpt lat="29.933637" lon="99.425185"><ele>3968</ele></trkpt>
      <trkpt lat="29.934645" lon="99.4254"><ele>3970</ele></trkpt>
      <trkpt lat="29.935825" lon="99.425615"><ele>3971</ele></trkpt>
      <trkpt lat="29.936165" lon="99.425698"><ele>3970</ele></trkpt>
      <trkpt lat="29.936328" lon="99.425764"><ele>3969</ele></trkpt>
      <trkpt lat="29.936485" lon="99.425853"><ele>3967</ele></trkpt>
      <trkpt lat="29.937165" lon="99.426277"><ele>3967</ele></trkpt>
      <trkpt lat="29.940254" lon="99.428117"><ele>3976</ele></trkpt>
      <trkpt lat="29.942274" lon="99.429389"><ele>3980</ele></trkpt>
      <trkpt lat="29.942585" lon="99.429564"><ele>3980</ele></trkpt>
      <trkpt lat="29.943468" lon="99.429947"><ele>3980</ele></trkpt>
      <trkpt lat="29.94376" lon="99.43005"><ele>3980</ele></trkpt>
      <trkpt lat="29.94391" lon="99.430092"><ele>3979</ele></trkpt>
      <trkpt lat="29.944213" lon="99.430149"><ele>3979</ele></trkpt>
      <trkpt lat="29.944526" lon="99.430184"><ele>3979</ele></trkpt>
      <trkpt lat="29.945447" lon="99.430236"><ele>3979</ele></trkpt>
      <trkpt lat="29.945739" lon="99.430289"><ele>3979</ele></trkpt>
      <trkpt lat="29.946429" lon="99.430467"><ele>3977</ele></trkpt>
      <trkpt lat="29.946706" lon="99.43055"><ele>3977</ele></trkpt>
      <trkpt lat="29.947136" lon="99.430707"><ele>3975</ele></trkpt>
      <trkpt lat="29.947423" lon="99.430835"><ele>3975</ele></trkpt>
      <trkpt lat="29.947565" lon="99.430908"><ele>3975</ele></trkpt>
      <trkpt lat="29.947983" lon="99.431162"><ele>3975</ele></trkpt>
      <trkpt lat="29.948536" lon="99.43157"><ele>3975</ele></trkpt>
      <trkpt lat="29.948834" lon="99.431758"><ele>3976</ele></trkpt>
      <trkpt lat="29.949292" lon="99.432006"><ele>3976</ele></trkpt>
      <trkpt lat="29.949597" lon="99.432149"><ele>3977</ele></trkpt>
      <trkpt lat="29.950023" lon="99.432332"><ele>3978</ele></trkpt>
      <trkpt lat="29.950152" lon="99.432394"><ele>3978</ele></trkpt>
      <trkpt lat="29.950274" lon="99.432468"><ele>3978</ele></trkpt>
      <trkpt lat="29.950385" lon="99.432562"><ele>3978</ele></trkpt>
      <trkpt lat="29.950566" lon="99.432785"><ele>3978</ele></trkpt>
      <trkpt lat="29.950638" lon="99.432913"><ele>3979</ele></trkpt>
      <trkpt lat="29.950826" lon="99.43331"><ele>3980</ele></trkpt>
      <trkpt lat="29.950899" lon="99.433434"><ele>3981</ele></trkpt>
      <trkpt lat="29.951068" lon="99.433656"><ele>3982</ele></trkpt>
      <trkpt lat="29.951264" lon="99.43385"><ele>3983</ele></trkpt>
      <trkpt lat="29.951473" lon="99.434033"><ele>3984</ele></trkpt>
      <trkpt lat="29.951586" lon="99.434115"><ele>3984</ele></trkpt>
      <trkpt lat="29.951708" lon="99.434189"><ele>3984</ele></trkpt>
      <trkpt lat="29.951967" lon="99.434323"><ele>3985</ele></trkpt>
      <trkpt lat="29.952239" lon="99.434431"><ele>3985</ele></trkpt>
      <trkpt lat="29.952651" lon="99.434571"><ele>3987</ele></trkpt>
      <trkpt lat="29.953047" lon="99.434691"><ele>3989</ele></trkpt>
      <trkpt lat="29.953412" lon="99.434771"><ele>3989</ele></trkpt>
      <trkpt lat="29.953669" lon="99.434804"><ele>3989</ele></trkpt>
      <trkpt lat="29.954106" lon="99.43484"><ele>3986</ele></trkpt>
      <trkpt lat="29.954242" lon="99.434861"><ele>3985</ele></trkpt>
      <trkpt lat="29.954368" lon="99.4349"><ele>3984</ele></trkpt>
      <trkpt lat="29.954489" lon="99.434961"><ele>3982</ele></trkpt>
      <trkpt lat="29.954601" lon="99.43504"><ele>3982</ele></trkpt>
      <trkpt lat="29.954932" lon="99.435317"><ele>3981</ele></trkpt>
      <trkpt lat="29.955039" lon="99.435417"><ele>3981</ele></trkpt>
      <trkpt lat="29.955358" lon="99.435747"><ele>3982</ele></trkpt>
      <trkpt lat="29.955473" lon="99.435848"><ele>3982</ele></trkpt>
      <trkpt lat="29.955599" lon="99.435941"><ele>3982</ele></trkpt>
      <trkpt lat="29.956123" lon="99.436274"><ele>3983</ele></trkpt>
      <trkpt lat="29.956373" lon="99.436457"><ele>3983</ele></trkpt>
      <trkpt lat="29.956488" lon="99.436562"><ele>3983</ele></trkpt>
      <trkpt lat="29.956911" lon="99.43701"><ele>3984</ele></trkpt>
      <trkpt lat="29.957138" lon="99.437196"><ele>3985</ele></trkpt>
      <trkpt lat="29.957386" lon="99.437357"><ele>3986</ele></trkpt>
      <trkpt lat="29.957519" lon="99.437427"><ele>3986</ele></trkpt>
      <trkpt lat="29.958067" lon="99.437686"><ele>3987</ele></trkpt>
      <trkpt lat="29.958314" lon="99.437814"><ele>3988</ele></trkpt>
      <trkpt lat="29.958536" lon="99.437952"><ele>3989</ele></trkpt>
      <trkpt lat="29.958648" lon="99.438034"><ele>3989</ele></trkpt>
      <trkpt lat="29.958753" lon="99.438134"><ele>3989</ele></trkpt>
      <trkpt lat="29.958846" lon="99.438253"><ele>3989</ele></trkpt>
      <trkpt lat="29.959186" lon="99.438799"><ele>3990</ele></trkpt>
      <trkpt lat="29.959278" lon="99.43893"><ele>3990</ele></trkpt>
      <trkpt lat="29.959384" lon="99.439046"><ele>3990</ele></trkpt>
      <trkpt lat="29.959502" lon="99.439146"><ele>3991</ele></trkpt>
      <trkpt lat="29.959879" lon="99.439399"><ele>3995</ele></trkpt>
      <trkpt lat="29.959997" lon="99.43949"><ele>3997</ele></trkpt>
      <trkpt lat="29.960204" lon="99.439706"><ele>4000</ele></trkpt>
      <trkpt lat="29.960473" lon="99.440029"><ele>4004</ele></trkpt>
      <trkpt lat="29.960556" lon="99.440117"><ele>4005</ele></trkpt>
      <trkpt lat="29.960647" lon="99.440189"><ele>4006</ele></trkpt>
      <trkpt lat="29.960746" lon="99.440232"><ele>4006</ele></trkpt>
      <trkpt lat="29.960962" lon="99.440289"><ele>4007</ele></trkpt>
      <trkpt lat="29.96107" lon="99.44034"><ele>4007</ele></trkpt>
      <trkpt lat="29.961175" lon="99.440414"><ele>4008</ele></trkpt>
      <trkpt lat="29.96147" lon="99.440704"><ele>4007</ele></trkpt>
      <trkpt lat="29.961702" lon="99.440902"><ele>4008</ele></trkpt>
      <trkpt lat="29.961811" lon="99.441012"><ele>4009</ele></trkpt>
      <trkpt lat="29.96216" lon="99.441441"><ele>4010</ele></trkpt>
      <trkpt lat="29.96225" lon="99.44152"><ele>4011</ele></trkpt>
      <trkpt lat="29.962349" lon="99.441577"><ele>4010</ele></trkpt>
      <trkpt lat="29.962459" lon="99.44162"><ele>4008</ele></trkpt>
      <trkpt lat="29.962839" lon="99.441742"><ele>4004</ele></trkpt>
      <trkpt lat="29.963135" lon="99.44185"><ele>4003</ele></trkpt>
      <trkpt lat="29.963947" lon="99.442183"><ele>4007</ele></trkpt>
      <trkpt lat="29.964416" lon="99.44235"><ele>4013</ele></trkpt>
      <trkpt lat="29.964554" lon="99.442414"><ele>4015</ele></trkpt>
      <trkpt lat="29.9648" lon="99.442585"><ele>4018</ele></trkpt>
      <trkpt lat="29.965387" lon="99.443036"><ele>4024</ele></trkpt>
      <trkpt lat="29.965513" lon="99.443095"><ele>4026</ele></trkpt>
      <trkpt lat="29.965647" lon="99.443117"><ele>4028</ele></trkpt>
      <trkpt lat="29.965903" lon="99.443128"><ele>4031</ele></trkpt>
      <trkpt lat="29.966255" lon="99.443157"><ele>4035</ele></trkpt>
      <trkpt lat="29.966367" lon="99.443157"><ele>4035</ele></trkpt>
      <trkpt lat="29.966479" lon="99.443148"><ele>4036</ele></trkpt>
      <trkpt lat="29.966925" lon="99.443061"><ele>4040</ele></trkpt>
      <trkpt lat="29.967172" lon="99.443053"><ele>4041</ele></trkpt>
      <trkpt lat="29.967422" lon="99.443079"><ele>4040</ele></trkpt>
      <trkpt lat="29.967553" lon="99.443107"><ele>4039</ele></trkpt>
      <trkpt lat="29.967682" lon="99.443169"><ele>4037</ele></trkpt>
      <trkpt lat="29.9678" lon="99.443259"><ele>4036</ele></trkpt>
      <trkpt lat="29.968142" lon="99.44356"><ele>4032</ele></trkpt>
      <trkpt lat="29.968397" lon="99.443744"><ele>4030</ele></trkpt>
      <trkpt lat="29.968519" lon="99.443851"><ele>4030</ele></trkpt>
      <trkpt lat="29.9695" lon="99.44483"><ele>4029</ele></trkpt>
      <trkpt lat="29.969713" lon="99.44508"><ele>4031</ele></trkpt>
      <trkpt lat="29.969898" lon="99.445328"><ele>4032</ele></trkpt>
      <trkpt lat="29.969995" lon="99.445443"><ele>4031</ele></trkpt>
      <trkpt lat="29.970102" lon="99.445549"><ele>4031</ele></trkpt>
      <trkpt lat="29.970334" lon="99.445742"><ele>4030</ele></trkpt>
      <trkpt lat="29.970462" lon="99.445822"><ele>4030</ele></trkpt>
      <trkpt lat="29.970598" lon="99.445889"><ele>4029</ele></trkpt>
      <trkpt lat="29.971955" lon="99.446478"><ele>4031</ele></trkpt>
      <trkpt lat="29.972107" lon="99.446537"><ele>4031</ele></trkpt>
      <trkpt lat="29.97226" lon="99.44657"><ele>4030</ele></trkpt>
      <trkpt lat="29.972418" lon="99.446587"><ele>4030</ele></trkpt>
      <trkpt lat="29.972572" lon="99.446589"><ele>4030</ele></trkpt>
      <trkpt lat="29.972726" lon="99.446576"><ele>4030</ele></trkpt>
      <trkpt lat="29.97303" lon="99.446515"><ele>4030</ele></trkpt>
      <trkpt lat="29.973343" lon="99.446423"><ele>4030</ele></trkpt>
      <trkpt lat="29.973644" lon="99.446315"><ele>4029</ele></trkpt>
      <trkpt lat="29.974062" lon="99.44613"><ele>4027</ele></trkpt>
      <trkpt lat="29.974191" lon="99.446086"><ele>4027</ele></trkpt>
      <trkpt lat="29.97431" lon="99.446061"><ele>4027</ele></trkpt>
      <trkpt lat="29.974422" lon="99.446051"><ele>4027</ele></trkpt>
      <trkpt lat="29.974534" lon="99.446062"><ele>4027</ele></trkpt>
      <trkpt lat="29.974642" lon="99.446107"><ele>4027</ele></trkpt>
      <trkpt lat="29.974735" lon="99.446195"><ele>4027</ele></trkpt>
      <trkpt lat="29.975" lon="99.446646"><ele>4029</ele></trkpt>
      <trkpt lat="29.975074" lon="99.446739"><ele>4030</ele></trkpt>
      <trkpt lat="29.975163" lon="99.446802"><ele>4030</ele></trkpt>
      <trkpt lat="29.97527" lon="99.44684"><ele>4030</ele></trkpt>
      <trkpt lat="29.975379" lon="99.446857"><ele>4029</ele></trkpt>
      <trkpt lat="29.975995" lon="99.446863"><ele>4028</ele></trkpt>
      <trkpt lat="29.976128" lon="99.446881"><ele>4028</ele></trkpt>
      <trkpt lat="29.976261" lon="99.44692"><ele>4028</ele></trkpt>
      <trkpt lat="29.976391" lon="99.446977"><ele>4028</ele></trkpt>
      <trkpt lat="29.976516" lon="99.447049"><ele>4028</ele></trkpt>
      <trkpt lat="29.976897" lon="99.4473"><ele>4029</ele></trkpt>
      <trkpt lat="29.977179" lon="99.447463"><ele>4029</ele></trkpt>
      <trkpt lat="29.977471" lon="99.44761"><ele>4030</ele></trkpt>
      <trkpt lat="29.977777" lon="99.447744"><ele>4031</ele></trkpt>
      <trkpt lat="29.977928" lon="99.447822"><ele>4032</ele></trkpt>
      <trkpt lat="29.97807" lon="99.447916"><ele>4033</ele></trkpt>
      <trkpt lat="29.978205" lon="99.448023"><ele>4032</ele></trkpt>
      <trkpt lat="29.978346" lon="99.448119"><ele>4033</ele></trkpt>
      <trkpt lat="29.978492" lon="99.448198"><ele>4033</ele></trkpt>
      <trkpt lat="29.978644" lon="99.448263"><ele>4033</ele></trkpt>
      <trkpt lat="29.978962" lon="99.448361"><ele>4033</ele></trkpt>
      <trkpt lat="29.979625" lon="99.448524"><ele>4037</ele></trkpt>
      <trkpt lat="29.979791" lon="99.448578"><ele>4039</ele></trkpt>
      <trkpt lat="29.979943" lon="99.448659"><ele>4041</ele></trkpt>
      <trkpt lat="29.980077" lon="99.448765"><ele>4044</ele></trkpt>
      <trkpt lat="29.98054" lon="99.449212"><ele>4051</ele></trkpt>
      <trkpt lat="29.980872" lon="99.449491"><ele>4053</ele></trkpt>
      <trkpt lat="29.980955" lon="99.449605"><ele>4054</ele></trkpt>
      <trkpt lat="29.981003" lon="99.449737"><ele>4054</ele></trkpt>
      <trkpt lat="29.98103" lon="99.449869"><ele>4055</ele></trkpt>
      <trkpt lat="29.98107" lon="99.44998"><ele>4056</ele></trkpt>
      <trkpt lat="29.981123" lon="99.450076"><ele>4057</ele></trkpt>
      <trkpt lat="29.981266" lon="99.450242"><ele>4057</ele></trkpt>
      <trkpt lat="29.981349" lon="99.450312"><ele>4058</ele></trkpt>
      <trkpt lat="29.981435" lon="99.450369"><ele>4058</ele></trkpt>
      <trkpt lat="29.982031" lon="99.450747"><ele>4059</ele></trkpt>
      <trkpt lat="29.982151" lon="99.450783"><ele>4058</ele></trkpt>
      <trkpt lat="29.982284" lon="99.450796"><ele>4057</ele></trkpt>
      <trkpt lat="29.982414" lon="99.450832"><ele>4057</ele></trkpt>
      <trkpt lat="29.982532" lon="99.45091"><ele>4056</ele></trkpt>
      <trkpt lat="29.982731" lon="99.451108"><ele>4055</ele></trkpt>
      <trkpt lat="29.982835" lon="99.451184"><ele>4055</ele></trkpt>
      <trkpt lat="29.98295" lon="99.451243"><ele>4054</ele></trkpt>
      <trkpt lat="29.983071" lon="99.451283"><ele>4053</ele></trkpt>
      <trkpt lat="29.983767" lon="99.451351"><ele>4049</ele></trkpt>
      <trkpt lat="29.983907" lon="99.451371"><ele>4049</ele></trkpt>
      <trkpt lat="29.98404" lon="99.451403"><ele>4049</ele></trkpt>
      <trkpt lat="29.984169" lon="99.45145"><ele>4050</ele></trkpt>
      <trkpt lat="29.984293" lon="99.451514"><ele>4050</ele></trkpt>
      <trkpt lat="29.984409" lon="99.451593"><ele>4050</ele></trkpt>
      <trkpt lat="29.98452" lon="99.451682"><ele>4050</ele></trkpt>
      <trkpt lat="29.98463" lon="99.451778"><ele>4050</ele></trkpt>
      <trkpt lat="29.984841" lon="99.451996"><ele>4051</ele></trkpt>
      <trkpt lat="29.98503" lon="99.45221"><ele>4051</ele></trkpt>
      <trkpt lat="29.985114" lon="99.452322"><ele>4052</ele></trkpt>
      <trkpt lat="29.985178" lon="99.452441"><ele>4053</ele></trkpt>
      <trkpt lat="29.985221" lon="99.452567"><ele>4054</ele></trkpt>
      <trkpt lat="29.985277" lon="99.452821"><ele>4055</ele></trkpt>
      <trkpt lat="29.98536" lon="99.453076"><ele>4056</ele></trkpt>
      <trkpt lat="29.985421" lon="99.453195"><ele>4058</ele></trkpt>
      <trkpt lat="29.985629" lon="99.45352"><ele>4061</ele></trkpt>
      <trkpt lat="29.985784" lon="99.453726"><ele>4064</ele></trkpt>
      <trkpt lat="29.985877" lon="99.453811"><ele>4064</ele></trkpt>
      <trkpt lat="29.986086" lon="99.453964"><ele>4065</ele></trkpt>
      <trkpt lat="29.986472" lon="99.454185"><ele>4065</ele></trkpt>
      <trkpt lat="29.986915" lon="99.454479"><ele>4065</ele></trkpt>
      <trkpt lat="29.987072" lon="99.454577"><ele>4064</ele></trkpt>
      <trkpt lat="29.987236" lon="99.454665"><ele>4063</ele></trkpt>
      <trkpt lat="29.987541" lon="99.454813"><ele>4062</ele></trkpt>
      <trkpt lat="29.987673" lon="99.454855"><ele>4062</ele></trkpt>
      <trkpt lat="29.987804" lon="99.454863"><ele>4061</ele></trkpt>
      <trkpt lat="29.987936" lon="99.454832"><ele>4060</ele></trkpt>
      <trkpt lat="29.988188" lon="99.454683"><ele>4060</ele></trkpt>
      <trkpt lat="29.988317" lon="99.454619"><ele>4059</ele></trkpt>
      <trkpt lat="29.988448" lon="99.454569"><ele>4059</ele></trkpt>
      <trkpt lat="29.988582" lon="99.454536"><ele>4058</ele></trkpt>
      <trkpt lat="29.988853" lon="99.454512"><ele>4058</ele></trkpt>
      <trkpt lat="29.98899" lon="99.454514"><ele>4057</ele></trkpt>
      <trkpt lat="29.98913" lon="99.454526"><ele>4057</ele></trkpt>
      <trkpt lat="29.989275" lon="99.454552"><ele>4057</ele></trkpt>
      <trkpt lat="29.989419" lon="99.454597"><ele>4056</ele></trkpt>
      <trkpt lat="29.989561" lon="99.454661"><ele>4056</ele></trkpt>
      <trkpt lat="29.989689" lon="99.454746"><ele>4056</ele></trkpt>
      <trkpt lat="29.989801" lon="99.454852"><ele>4056</ele></trkpt>
      <trkpt lat="29.989888" lon="99.454974"><ele>4056</ele></trkpt>
      <trkpt lat="29.989948" lon="99.455115"><ele>4056</ele></trkpt>
      <trkpt lat="29.990026" lon="99.455408"><ele>4058</ele></trkpt>
      <trkpt lat="29.990077" lon="99.455543"><ele>4058</ele></trkpt>
      <trkpt lat="29.990141" lon="99.455673"><ele>4058</ele></trkpt>
      <trkpt lat="29.99022" lon="99.455799"><ele>4058</ele></trkpt>
      <trkpt lat="29.990406" lon="99.456035"><ele>4058</ele></trkpt>
      <trkpt lat="29.990507" lon="99.456135"><ele>4057</ele></trkpt>
      <trkpt lat="29.990615" lon="99.45622"><ele>4057</ele></trkpt>
      <trkpt lat="29.990735" lon="99.456283"><ele>4057</ele></trkpt>
      <trkpt lat="29.990871" lon="99.456333"><ele>4056</ele></trkpt>
      <trkpt lat="29.991169" lon="99.456404"><ele>4055</ele></trkpt>
      <trkpt lat="29.99133" lon="99.456432"><ele>4055</ele></trkpt>
      <trkpt lat="29.991668" lon="99.456449"><ele>4055</ele></trkpt>
      <trkpt lat="29.991993" lon="99.456441"><ele>4056</ele></trkpt>
      <trkpt lat="29.992147" lon="99.456428"><ele>4056</ele></trkpt>
      <trkpt lat="29.992438" lon="99.456375"><ele>4056</ele></trkpt>
      <trkpt lat="29.992847" lon="99.456277"><ele>4056</ele></trkpt>
      <trkpt lat="29.99298" lon="99.45627"><ele>4056</ele></trkpt>
      <trkpt lat="29.993111" lon="99.456287"><ele>4056</ele></trkpt>
      <trkpt lat="29.993239" lon="99.456327"><ele>4056</ele></trkpt>
      <trkpt lat="29.993497" lon="99.456453"><ele>4055</ele></trkpt>
      <trkpt lat="29.99378" lon="99.456568"><ele>4055</ele></trkpt>
      <trkpt lat="29.994075" lon="99.456644"><ele>4055</ele></trkpt>
      <trkpt lat="29.994675" lon="99.456719"><ele>4055</ele></trkpt>
      <trkpt lat="29.994977" lon="99.456782"><ele>4055</ele></trkpt>
      <trkpt lat="29.99528" lon="99.456872"><ele>4055</ele></trkpt>
      <trkpt lat="29.995428" lon="99.456936"><ele>4055</ele></trkpt>
      <trkpt lat="29.995574" lon="99.457012"><ele>4055</ele></trkpt>
      <trkpt lat="29.995998" lon="99.457304"><ele>4055</ele></trkpt>
      <trkpt lat="29.997154" lon="99.458174"><ele>4058</ele></trkpt>
      <trkpt lat="29.997608" lon="99.458492"><ele>4058</ele></trkpt>
      <trkpt lat="29.997923" lon="99.4587"><ele>4059</ele></trkpt>
      <trkpt lat="29.998577" lon="99.459086"><ele>4060</ele></trkpt>
      <trkpt lat="29.999049" lon="99.459391"><ele>4062</ele></trkpt>
      <trkpt lat="29.999498" lon="99.459706"><ele>4064</ele></trkpt>
      <trkpt lat="29.999632" lon="99.459826"><ele>4064</ele></trkpt>
      <trkpt lat="29.999755" lon="99.459954"><ele>4065</ele></trkpt>
      <trkpt lat="29.99998" lon="99.460214"><ele>4065</ele></trkpt>
      <trkpt lat="30.000088" lon="99.460348"><ele>4066</ele></trkpt>
      <trkpt lat="30.000186" lon="99.460487"><ele>4067</ele></trkpt>
      <trkpt lat="30.000365" lon="99.460772"><ele>4069</ele></trkpt>
      <trkpt lat="30.000791" lon="99.461503"><ele>4075</ele></trkpt>
      <trkpt lat="30.000883" lon="99.461646"><ele>4076</ele></trkpt>
      <trkpt lat="30.000985" lon="99.461784"><ele>4078</ele></trkpt>
      <trkpt lat="30.001204" lon="99.46205"><ele>4081</ele></trkpt>
      <trkpt lat="30.001537" lon="99.462423"><ele>4086</ele></trkpt>
      <trkpt lat="30.001647" lon="99.462526"><ele>4087</ele></trkpt>
      <trkpt lat="30.001769" lon="99.462601"><ele>4089</ele></trkpt>
      <trkpt lat="30.002547" lon="99.462829"><ele>4097</ele></trkpt>
      <trkpt lat="30.002805" lon="99.462889"><ele>4098</ele></trkpt>
      <trkpt lat="30.003514" lon="99.462983"><ele>4101</ele></trkpt>
      <trkpt lat="30.003957" lon="99.463083"><ele>4106</ele></trkpt>
      <trkpt lat="30.004394" lon="99.463162"><ele>4110</ele></trkpt>
      <trkpt lat="30.004836" lon="99.463233"><ele>4113</ele></trkpt>
      <trkpt lat="30.005247" lon="99.463277"><ele>4116</ele></trkpt>
      <trkpt lat="30.005367" lon="99.463297"><ele>4118</ele></trkpt>
      <trkpt lat="30.005587" lon="99.463351"><ele>4119</ele></trkpt>
      <trkpt lat="30.005692" lon="99.463387"><ele>4119</ele></trkpt>
      <trkpt lat="30.005905" lon="99.463491"><ele>4120</ele></trkpt>
      <trkpt lat="30.006438" lon="99.463853"><ele>4120</ele></trkpt>
      <trkpt lat="30.006674" lon="99.46398"><ele>4119</ele></trkpt>
      <trkpt lat="30.007227" lon="99.464245"><ele>4118</ele></trkpt>
      <trkpt lat="30.00784" lon="99.464525"><ele>4118</ele></trkpt>
      <trkpt lat="30.008003" lon="99.464591"><ele>4119</ele></trkpt>
      <trkpt lat="30.008173" lon="99.464639"><ele>4120</ele></trkpt>
      <trkpt lat="30.009072" lon="99.46483"><ele>4123</ele></trkpt>
      <trkpt lat="30.010026" lon="99.465009"><ele>4127</ele></trkpt>
      <trkpt lat="30.011237" lon="99.465147"><ele>4132</ele></trkpt>
      <trkpt lat="30.011813" lon="99.465245"><ele>4134</ele></trkpt>
      <trkpt lat="30.012574" lon="99.465414"><ele>4135</ele></trkpt>
      <trkpt lat="30.013327" lon="99.46564"><ele>4137</ele></trkpt>
      <trkpt lat="30.013498" lon="99.465682"><ele>4138</ele></trkpt>
      <trkpt lat="30.013664" lon="99.465695"><ele>4140</ele></trkpt>
      <trkpt lat="30.014641" lon="99.465573"><ele>4145</ele></trkpt>
      <trkpt lat="30.015901" lon="99.465487"><ele>4146</ele></trkpt>
      <trkpt lat="30.017183" lon="99.465352"><ele>4149</ele></trkpt>
      <trkpt lat="30.017521" lon="99.465345"><ele>4150</ele></trkpt>
      <trkpt lat="30.018162" lon="99.465357"><ele>4150</ele></trkpt>
      <trkpt lat="30.018612" lon="99.465333"><ele>4149</ele></trkpt>
      <trkpt lat="30.018754" lon="99.465309"><ele>4149</ele></trkpt>
      <trkpt lat="30.018892" lon="99.465267"><ele>4149</ele></trkpt>
      <trkpt lat="30.019478" lon="99.464992"><ele>4147</ele></trkpt>
      <trkpt lat="30.020336" lon="99.464631"><ele>4148</ele></trkpt>
      <trkpt lat="30.020557" lon="99.464562"><ele>4150</ele></trkpt>
      <trkpt lat="30.020675" lon="99.464537"><ele>4151</ele></trkpt>
      <trkpt lat="30.0208" lon="99.46453"><ele>4152</ele></trkpt>
      <trkpt lat="30.021548" lon="99.46463"><ele>4163</ele></trkpt>
      <trkpt lat="30.021795" lon="99.464682"><ele>4166</ele></trkpt>
      <trkpt lat="30.021916" lon="99.464723"><ele>4167</ele></trkpt>
      <trkpt lat="30.022402" lon="99.46493"><ele>4171</ele></trkpt>
      <trkpt lat="30.023485" lon="99.465487"><ele>4171</ele></trkpt>
      <trkpt lat="30.023785" lon="99.465616"><ele>4171</ele></trkpt>
      <trkpt lat="30.024238" lon="99.465782"><ele>4168</ele></trkpt>
      <trkpt lat="30.024378" lon="99.465846"><ele>4168</ele></trkpt>
      <trkpt lat="30.024505" lon="99.465933"><ele>4167</ele></trkpt>
      <trkpt lat="30.024618" lon="99.466041"><ele>4166</ele></trkpt>
      <trkpt lat="30.024952" lon="99.46641"><ele>4167</ele></trkpt>
      <trkpt lat="30.025315" lon="99.466786"><ele>4167</ele></trkpt>
      <trkpt lat="30.025589" lon="99.46701"><ele>4168</ele></trkpt>
      <trkpt lat="30.02675" lon="99.4679"><ele>4170</ele></trkpt>
      <trkpt lat="30.027286" lon="99.468261"><ele>4170</ele></trkpt>
      <trkpt lat="30.027888" lon="99.468634"><ele>4174</ele></trkpt>
      <trkpt lat="30.028197" lon="99.468815"><ele>4176</ele></trkpt>
      <trkpt lat="30.028983" lon="99.46922"><ele>4178</ele></trkpt>
      <trkpt lat="30.029109" lon="99.469309"><ele>4178</ele></trkpt>
      <trkpt lat="30.029225" lon="99.46941"><ele>4179</ele></trkpt>
      <trkpt lat="30.029418" lon="99.46961"><ele>4181</ele></trkpt>
      <trkpt lat="30.029518" lon="99.469695"><ele>4182</ele></trkpt>
      <trkpt lat="30.029625" lon="99.469757"><ele>4183</ele></trkpt>
      <trkpt lat="30.029853" lon="99.469855"><ele>4185</ele></trkpt>
      <trkpt lat="30.029959" lon="99.46991"><ele>4185</ele></trkpt>
      <trkpt lat="30.030055" lon="99.469978"><ele>4186</ele></trkpt>
      <trkpt lat="30.030136" lon="99.470067"><ele>4186</ele></trkpt>
      <trkpt lat="30.030433" lon="99.47051"><ele>4189</ele></trkpt>
      <trkpt lat="30.030566" lon="99.470753"><ele>4192</ele></trkpt>
      <trkpt lat="30.030675" lon="99.470984"><ele>4196</ele></trkpt>
      <trkpt lat="30.030776" lon="99.471172"><ele>4199</ele></trkpt>
      <trkpt lat="30.030902" lon="99.471308"><ele>4200</ele></trkpt>
      <trkpt lat="30.031215" lon="99.471428"><ele>4203</ele></trkpt>
      <trkpt lat="30.031378" lon="99.471515"><ele>4204</ele></trkpt>
      <trkpt lat="30.031449" lon="99.471588"><ele>4204</ele></trkpt>
      <trkpt lat="30.031498" lon="99.471679"><ele>4205</ele></trkpt>
      <trkpt lat="30.031813" lon="99.47237"><ele>4206</ele></trkpt>
      <trkpt lat="30.031987" lon="99.472769"><ele>4207</ele></trkpt>
      <trkpt lat="30.032051" lon="99.472893"><ele>4207</ele></trkpt>
      <trkpt lat="30.032138" lon="99.472999"><ele>4206</ele></trkpt>
      <trkpt lat="30.032244" lon="99.473083"><ele>4206</ele></trkpt>
      <trkpt lat="30.033833" lon="99.473662"><ele>4209</ele></trkpt>
      <trkpt lat="30.033961" lon="99.473719"><ele>4210</ele></trkpt>
      <trkpt lat="30.034078" lon="99.473789"><ele>4210</ele></trkpt>
      <trkpt lat="30.034308" lon="99.473959"><ele>4210</ele></trkpt>
      <trkpt lat="30.034765" lon="99.474332"><ele>4209</ele></trkpt>
      <trkpt lat="30.034982" lon="99.474529"><ele>4209</ele></trkpt>
      <trkpt lat="30.035078" lon="99.474632"><ele>4209</ele></trkpt>
      <trkpt lat="30.035159" lon="99.474743"><ele>4209</ele></trkpt>
      <trkpt lat="30.035219" lon="99.474871"><ele>4209</ele></trkpt>
      <trkpt lat="30.035254" lon="99.475005"><ele>4210</ele></trkpt>
      <trkpt lat="30.035367" lon="99.475565"><ele>4209</ele></trkpt>
      <trkpt lat="30.035419" lon="99.4757"><ele>4209</ele></trkpt>
      <trkpt lat="30.035495" lon="99.475828"><ele>4208</ele></trkpt>
      <trkpt lat="30.035697" lon="99.476063"><ele>4208</ele></trkpt>
      <trkpt lat="30.035806" lon="99.476178"><ele>4208</ele></trkpt>
      <trkpt lat="30.03631" lon="99.476612"><ele>4210</ele></trkpt>
      <trkpt lat="30.037273" lon="99.477478"><ele>4214</ele></trkpt>
      <trkpt lat="30.037889" lon="99.47806"><ele>4213</ele></trkpt>
      <trkpt lat="30.038195" lon="99.478337"><ele>4213</ele></trkpt>
      <trkpt lat="30.039153" lon="99.479145"><ele>4218</ele></trkpt>
      <trkpt lat="30.04004" lon="99.480005"><ele>4224</ele></trkpt>
      <trkpt lat="30.040484" lon="99.480453"><ele>4229</ele></trkpt>
      <trkpt lat="30.040592" lon="99.480574"><ele>4230</ele></trkpt>
      <trkpt lat="30.041321" lon="99.481509"><ele>4235</ele></trkpt>
      <trkpt lat="30.041653" lon="99.481966"><ele>4238</ele></trkpt>
      <trkpt lat="30.042158" lon="99.482597"><ele>4242</ele></trkpt>
      <trkpt lat="30.04276" lon="99.483472"><ele>4244</ele></trkpt>
      <trkpt lat="30.043048" lon="99.483914"><ele>4244</ele></trkpt>
      <trkpt lat="30.043562" lon="99.484739"><ele>4245</ele></trkpt>
      <trkpt lat="30.044169" lon="99.485746"><ele>4248</ele></trkpt>
      <trkpt lat="30.044765" lon="99.486655"><ele>4250</ele></trkpt>
      <trkpt lat="30.045007" lon="99.487073"><ele>4250</ele></trkpt>
      <trkpt lat="30.045193" lon="99.487438"><ele>4249</ele></trkpt>
      <trkpt lat="30.045265" lon="99.487542"><ele>4249</ele></trkpt>
      <trkpt lat="30.045356" lon="99.487632"><ele>4248</ele></trkpt>
      <trkpt lat="30.045455" lon="99.487711"><ele>4247</ele></trkpt>
      <trkpt lat="30.045675" lon="99.487852"><ele>4246</ele></trkpt>
      <trkpt lat="30.045995" lon="99.488027"><ele>4245</ele></trkpt>
      <trkpt lat="30.046096" lon="99.488092"><ele>4245</ele></trkpt>
      <trkpt lat="30.046182" lon="99.488178"><ele>4245</ele></trkpt>
      <trkpt lat="30.046246" lon="99.488287"><ele>4244</ele></trkpt>
      <trkpt lat="30.046296" lon="99.488412"><ele>4244</ele></trkpt>
      <trkpt lat="30.04637" lon="99.488679"><ele>4245</ele></trkpt>
      <trkpt lat="30.046391" lon="99.488821"><ele>4245</ele></trkpt>
      <trkpt lat="30.046377" lon="99.489259"><ele>4247</ele></trkpt>
      <trkpt lat="30.046379" lon="99.489411"><ele>4247</ele></trkpt>
      <trkpt lat="30.046395" lon="99.489568"><ele>4247</ele></trkpt>
      <trkpt lat="30.046423" lon="99.489728"><ele>4248</ele></trkpt>
      <trkpt lat="30.046584" lon="99.490353"><ele>4250</ele></trkpt>
      <trkpt lat="30.046639" lon="99.490647"><ele>4251</ele></trkpt>
      <trkpt lat="30.046683" lon="99.490787"><ele>4251</ele></trkpt>
      <trkpt lat="30.046748" lon="99.490915"><ele>4252</ele></trkpt>
      <trkpt lat="30.04683" lon="99.491034"><ele>4253</ele></trkpt>
      <trkpt lat="30.046888" lon="99.491176"><ele>4253</ele></trkpt>
      <trkpt lat="30.046989" lon="99.491648"><ele>4257</ele></trkpt>
      <trkpt lat="30.047014" lon="99.491811"><ele>4259</ele></trkpt>
      <trkpt lat="30.047042" lon="99.492139"><ele>4264</ele></trkpt>
      <trkpt lat="30.047036" lon="99.492774"><ele>4269</ele></trkpt>
      <trkpt lat="30.047047" lon="99.492931"><ele>4271</ele></trkpt>
      <trkpt lat="30.047082" lon="99.493084"><ele>4272</ele></trkpt>
      <trkpt lat="30.047361" lon="99.493817"><ele>4278</ele></trkpt>
      <trkpt lat="30.047946" lon="99.494941"><ele>4285</ele></trkpt>
      <trkpt lat="30.048055" lon="99.495182"><ele>4286</ele></trkpt>
      <trkpt lat="30.048101" lon="99.495309"><ele>4286</ele></trkpt>
      <trkpt lat="30.048258" lon="99.495855"><ele>4286</ele></trkpt>
      <trkpt lat="30.048401" lon="99.496254"><ele>4290</ele></trkpt>
      <trkpt lat="30.048745" lon="99.497151"><ele>4299</ele></trkpt>
      <trkpt lat="30.049283" lon="99.498425"><ele>4306</ele></trkpt>
      <trkpt lat="30.049322" lon="99.498557"><ele>4306</ele></trkpt>
      <trkpt lat="30.049348" lon="99.498687"><ele>4307</ele></trkpt>
      <trkpt lat="30.049356" lon="99.498949"><ele>4306</ele></trkpt>
      <trkpt lat="30.049346" lon="99.499246"><ele>4305</ele></trkpt>
      <trkpt lat="30.049324" lon="99.49956"><ele>4304</ele></trkpt>
      <trkpt lat="30.049269" lon="99.500146"><ele>4303</ele></trkpt>
      <trkpt lat="30.049272" lon="99.500272"><ele>4303</ele></trkpt>
      <trkpt lat="30.049322" lon="99.500389"><ele>4303</ele></trkpt>
      <trkpt lat="30.049473" lon="99.500607"><ele>4304</ele></trkpt>
      <trkpt lat="30.049542" lon="99.500733"><ele>4304</ele></trkpt>
      <trkpt lat="30.049608" lon="99.50087"><ele>4304</ele></trkpt>
      <trkpt lat="30.049663" lon="99.501019"><ele>4304</ele></trkpt>
      <trkpt lat="30.049702" lon="99.501176"><ele>4305</ele></trkpt>
      <trkpt lat="30.049763" lon="99.501678"><ele>4306</ele></trkpt>
      <trkpt lat="30.049872" lon="99.502168"><ele>4307</ele></trkpt>
      <trkpt lat="30.049969" lon="99.502501"><ele>4307</ele></trkpt>
      <trkpt lat="30.05016" lon="99.503015"><ele>4308</ele></trkpt>
      <trkpt lat="30.050391" lon="99.5037"><ele>4310</ele></trkpt>
      <trkpt lat="30.050461" lon="99.50386"><ele>4310</ele></trkpt>
      <trkpt lat="30.050555" lon="99.503995"><ele>4311</ele></trkpt>
      <trkpt lat="30.050768" lon="99.50423"><ele>4313</ele></trkpt>
      <trkpt lat="30.050852" lon="99.504351"><ele>4314</ele></trkpt>
      <trkpt lat="30.050916" lon="99.504477"><ele>4314</ele></trkpt>
      <trkpt lat="30.050955" lon="99.504608"><ele>4315</ele></trkpt>
      <trkpt lat="30.051002" lon="99.504882"><ele>4315</ele></trkpt>
      <trkpt lat="30.051014" lon="99.505021"><ele>4316</ele></trkpt>
      <trkpt lat="30.051022" lon="99.505314"><ele>4316</ele></trkpt>
      <trkpt lat="30.051048" lon="99.505455"><ele>4316</ele></trkpt>
      <trkpt lat="30.051101" lon="99.505588"><ele>4316</ele></trkpt>
      <trkpt lat="30.051173" lon="99.505713"><ele>4317</ele></trkpt>
      <trkpt lat="30.051421" lon="99.506037"><ele>4319</ele></trkpt>
      <trkpt lat="30.051482" lon="99.506155"><ele>4320</ele></trkpt>
      <trkpt lat="30.051509" lon="99.506284"><ele>4320</ele></trkpt>
      <trkpt lat="30.051519" lon="99.506407"><ele>4320</ele></trkpt>
      <trkpt lat="30.051539" lon="99.506527"><ele>4321</ele></trkpt>
      <trkpt lat="30.051582" lon="99.50664"><ele>4321</ele></trkpt>
      <trkpt lat="30.051641" lon="99.506747"><ele>4321</ele></trkpt>
      <trkpt lat="30.051839" lon="99.507052"><ele>4323</ele></trkpt>
      <trkpt lat="30.051899" lon="99.507154"><ele>4324</ele></trkpt>
      <trkpt lat="30.051948" lon="99.507258"><ele>4324</ele></trkpt>
      <trkpt lat="30.051967" lon="99.507371"><ele>4325</ele></trkpt>
      <trkpt lat="30.051954" lon="99.507483"><ele>4325</ele></trkpt>
      <trkpt lat="30.051828" lon="99.507915"><ele>4326</ele></trkpt>
      <trkpt lat="30.051819" lon="99.508037"><ele>4326</ele></trkpt>
      <trkpt lat="30.051832" lon="99.508165"><ele>4326</ele></trkpt>
      <trkpt lat="30.051856" lon="99.508288"><ele>4326</ele></trkpt>
      <trkpt lat="30.051888" lon="99.508401"><ele>4327</ele></trkpt>
      <trkpt lat="30.05194" lon="99.508503"><ele>4328</ele></trkpt>
      <trkpt lat="30.052068" lon="99.508665"><ele>4329</ele></trkpt>
      <trkpt lat="30.052098" lon="99.508768"><ele>4329</ele></trkpt>
      <trkpt lat="30.052101" lon="99.50888"><ele>4328</ele></trkpt>
      <trkpt lat="30.052039" lon="99.509358"><ele>4329</ele></trkpt>
      <trkpt lat="30.05203" lon="99.509491"><ele>4328</ele></trkpt>
      <trkpt lat="30.052033" lon="99.509624"><ele>4328</ele></trkpt>
      <trkpt lat="30.052059" lon="99.509757"><ele>4328</ele></trkpt>
      <trkpt lat="30.052163" lon="99.510021"><ele>4328</ele></trkpt>
      <trkpt lat="30.052202" lon="99.510165"><ele>4328</ele></trkpt>
      <trkpt lat="30.05223" lon="99.510314"><ele>4328</ele></trkpt>
      <trkpt lat="30.052246" lon="99.510465"><ele>4328</ele></trkpt>
      <trkpt lat="30.052251" lon="99.510619"><ele>4328</ele></trkpt>
      <trkpt lat="30.052251" lon="99.511404"><ele>4328</ele></trkpt>
      <trkpt lat="30.052286" lon="99.511714"><ele>4328</ele></trkpt>
      <trkpt lat="30.05234" lon="99.512022"><ele>4328</ele></trkpt>
      <trkpt lat="30.052378" lon="99.512171"><ele>4328</ele></trkpt>
      <trkpt lat="30.052435" lon="99.512313"><ele>4328</ele></trkpt>
      <trkpt lat="30.052516" lon="99.512441"><ele>4329</ele></trkpt>
      <trkpt lat="30.052805" lon="99.512788"><ele>4329</ele></trkpt>
      <trkpt lat="30.052894" lon="99.512913"><ele>4329</ele></trkpt>
      <trkpt lat="30.053127" lon="99.513304"><ele>4330</ele></trkpt>
      <trkpt lat="30.053191" lon="99.513441"><ele>4331</ele></trkpt>
      <trkpt lat="30.053244" lon="99.51358"><ele>4331</ele></trkpt>
      <trkpt lat="30.053317" lon="99.51387"><ele>4332</ele></trkpt>
      <trkpt lat="30.053345" lon="99.514019"><ele>4333</ele></trkpt>
      <trkpt lat="30.053394" lon="99.514326"><ele>4333</ele></trkpt>
      <trkpt lat="30.053499" lon="99.51517"><ele>4334</ele></trkpt>
      <trkpt lat="30.053571" lon="99.515529"><ele>4334</ele></trkpt>
      <trkpt lat="30.053613" lon="99.515704"><ele>4334</ele></trkpt>
      <trkpt lat="30.053838" lon="99.516515"><ele>4336</ele></trkpt>
      <trkpt lat="30.054038" lon="99.5175"><ele>4336</ele></trkpt>
      <trkpt lat="30.054075" lon="99.517658"><ele>4336</ele></trkpt>
      <trkpt lat="30.054211" lon="99.518127"><ele>4335</ele></trkpt>
      <trkpt lat="30.054281" lon="99.518456"><ele>4335</ele></trkpt>
      <trkpt lat="30.054365" lon="99.519087"><ele>4336</ele></trkpt>
      <trkpt lat="30.054366" lon="99.519235"><ele>4336</ele></trkpt>
      <trkpt lat="30.054354" lon="99.519383"><ele>4336</ele></trkpt>
      <trkpt lat="30.054204" lon="99.520278"><ele>4338</ele></trkpt>
      <trkpt lat="30.054191" lon="99.520427"><ele>4338</ele></trkpt>
      <trkpt lat="30.054197" lon="99.520577"><ele>4338</ele></trkpt>
      <trkpt lat="30.054255" lon="99.521052"><ele>4337</ele></trkpt>
      <trkpt lat="30.054296" lon="99.521542"><ele>4337</ele></trkpt>
      <trkpt lat="30.054419" lon="99.522331"><ele>4339</ele></trkpt>
      <trkpt lat="30.054454" lon="99.522481"><ele>4339</ele></trkpt>
      <trkpt lat="30.054543" lon="99.522777"><ele>4339</ele></trkpt>
      <trkpt lat="30.054573" lon="99.52293"><ele>4339</ele></trkpt>
      <trkpt lat="30.054676" lon="99.523875"><ele>4342</ele></trkpt>
      <trkpt lat="30.054741" lon="99.524686"><ele>4345</ele></trkpt>
      <trkpt lat="30.054749" lon="99.525014"><ele>4347</ele></trkpt>
      <trkpt lat="30.054733" lon="99.525323"><ele>4349</ele></trkpt>
      <trkpt lat="30.054686" lon="99.525752"><ele>4349</ele></trkpt>
      <trkpt lat="30.05468" lon="99.525894"><ele>4348</ele></trkpt>
      <trkpt lat="30.054686" lon="99.52604"><ele>4348</ele></trkpt>
      <trkpt lat="30.054753" lon="99.526514"><ele>4346</ele></trkpt>
      <trkpt lat="30.054856" lon="99.527366"><ele>4345</ele></trkpt>
      <trkpt lat="30.054905" lon="99.527896"><ele>4345</ele></trkpt>
      <trkpt lat="30.054962" lon="99.528402"><ele>4347</ele></trkpt>
      <trkpt lat="30.055018" lon="99.529261"><ele>4347</ele></trkpt>
      <trkpt lat="30.055036" lon="99.529807"><ele>4347</ele></trkpt>
      <trkpt lat="30.055139" lon="99.530742"><ele>4348</ele></trkpt>
      <trkpt lat="30.055265" lon="99.532271"><ele>4352</ele></trkpt>
      <trkpt lat="30.055323" lon="99.532838"><ele>4353</ele></trkpt>
      <trkpt lat="30.055388" lon="99.533348"><ele>4355</ele></trkpt>
      <trkpt lat="30.055413" lon="99.533677"><ele>4355</ele></trkpt>
      <trkpt lat="30.055361" lon="99.534485"><ele>4357</ele></trkpt>
      <trkpt lat="30.055348" lon="99.534646"><ele>4358</ele></trkpt>
      <trkpt lat="30.055325" lon="99.534803"><ele>4359</ele></trkpt>
      <trkpt lat="30.055217" lon="99.535275"><ele>4360</ele></trkpt>
      <trkpt lat="30.055095" lon="99.535755"><ele>4362</ele></trkpt>
      <trkpt lat="30.055036" lon="99.536067"><ele>4363</ele></trkpt>
      <trkpt lat="30.054991" lon="99.536381"><ele>4364</ele></trkpt>
      <trkpt lat="30.05498" lon="99.536543"><ele>4365</ele></trkpt>
      <trkpt lat="30.055024" lon="99.537588"><ele>4372</ele></trkpt>
      <trkpt lat="30.055037" lon="99.538328"><ele>4376</ele></trkpt>
      <trkpt lat="30.055007" lon="99.53905"><ele>4380</ele></trkpt>
      <trkpt lat="30.054974" lon="99.539548"><ele>4383</ele></trkpt>
      <trkpt lat="30.054871" lon="99.540009"><ele>4386</ele></trkpt>
      <trkpt lat="30.05471" lon="99.540577"><ele>4390</ele></trkpt>
      <trkpt lat="30.054678" lon="99.540712"><ele>4391</ele></trkpt>
      <trkpt lat="30.05466" lon="99.540848"><ele>4392</ele></trkpt>
      <trkpt lat="30.054674" lon="99.540983"><ele>4393</ele></trkpt>
      <trkpt lat="30.054705" lon="99.541113"><ele>4394</ele></trkpt>
      <trkpt lat="30.054858" lon="99.541617"><ele>4399</ele></trkpt>
      <trkpt lat="30.054875" lon="99.541744"><ele>4400</ele></trkpt>
      <trkpt lat="30.054817" lon="99.54224"><ele>4402</ele></trkpt>
      <trkpt lat="30.054774" lon="99.542799"><ele>4403</ele></trkpt>
      <trkpt lat="30.054719" lon="99.543207"><ele>4406</ele></trkpt>
      <trkpt lat="30.05472" lon="99.543335"><ele>4407</ele></trkpt>
      <trkpt lat="30.054755" lon="99.543454"><ele>4409</ele></trkpt>
      <trkpt lat="30.054812" lon="99.543564"><ele>4410</ele></trkpt>
      <trkpt lat="30.054857" lon="99.543674"><ele>4412</ele></trkpt>
      <trkpt lat="30.054889" lon="99.543785"><ele>4413</ele></trkpt>
      <trkpt lat="30.054902" lon="99.543902"><ele>4414</ele></trkpt>
      <trkpt lat="30.054893" lon="99.544013"><ele>4416</ele></trkpt>
      <trkpt lat="30.054823" lon="99.544301"><ele>4418</ele></trkpt>
      <trkpt lat="30.054864" lon="99.544473"><ele>4420</ele></trkpt>
      <trkpt lat="30.054913" lon="99.544611"><ele>4422</ele></trkpt>
      <trkpt lat="30.054929" lon="99.544751"><ele>4423</ele></trkpt>
      <trkpt lat="30.05493" lon="99.545053"><ele>4423</ele></trkpt>
      <trkpt lat="30.054951" lon="99.545189"><ele>4424</ele></trkpt>
      <trkpt lat="30.055012" lon="99.545373"><ele>4427</ele></trkpt>
      <trkpt lat="30.055188" lon="99.54577"><ele>4435</ele></trkpt>
      <trkpt lat="30.055405" lon="99.546147"><ele>4440</ele></trkpt>
      <trkpt lat="30.055586" lon="99.546557"><ele>4446</ele></trkpt>
      <trkpt lat="30.055619" lon="99.546663"><ele>4447</ele></trkpt>
      <trkpt lat="30.055635" lon="99.54677"><ele>4448</ele></trkpt>
      <trkpt lat="30.05563" lon="99.54699"><ele>4450</ele></trkpt>
      <trkpt lat="30.05562" lon="99.547098"><ele>4451</ele></trkpt>
      <trkpt lat="30.055621" lon="99.547285"><ele>4453</ele></trkpt>
      <trkpt lat="30.055717" lon="99.547396"><ele>4456</ele></trkpt>
      <trkpt lat="30.055844" lon="99.547309"><ele>4456</ele></trkpt>
      <trkpt lat="30.055955" lon="99.547163"><ele>4456</ele></trkpt>
      <trkpt lat="30.056091" lon="99.547052"><ele>4457</ele></trkpt>
      <trkpt lat="30.056229" lon="99.547073"><ele>4460</ele></trkpt>
      <trkpt lat="30.056285" lon="99.54723"><ele>4461</ele></trkpt>
      <trkpt lat="30.056302" lon="99.547425"><ele>4462</ele></trkpt>
      <trkpt lat="30.056292" lon="99.547625"><ele>4464</ele></trkpt>
      <trkpt lat="30.056294" lon="99.547811"><ele>4465</ele></trkpt>
      <trkpt lat="30.056391" lon="99.547898"><ele>4467</ele></trkpt>
      <trkpt lat="30.056483" lon="99.547804"><ele>4469</ele></trkpt>
      <trkpt lat="30.056524" lon="99.547662"><ele>4470</ele></trkpt>
      <trkpt lat="30.056622" lon="99.547581"><ele>4471</ele></trkpt>
      <trkpt lat="30.056698" lon="99.547667"><ele>4473</ele></trkpt>
      <trkpt lat="30.056722" lon="99.547798"><ele>4474</ele></trkpt>
      <trkpt lat="30.056793" lon="99.54794"><ele>4476</ele></trkpt>
      <trkpt lat="30.057125" lon="99.54837"><ele>4482</ele></trkpt>
      <trkpt lat="30.057391" lon="99.548768"><ele>4488</ele></trkpt>
      <trkpt lat="30.057501" lon="99.548957"><ele>4492</ele></trkpt>
      <trkpt lat="30.057642" lon="99.549313"><ele>4497</ele></trkpt>
      <trkpt lat="30.057762" lon="99.549458"><ele>4500</ele></trkpt>
      <trkpt lat="30.057908" lon="99.549584"><ele>4502</ele></trkpt>
      <trkpt lat="30.05799" lon="99.549635"><ele>4504</ele></trkpt>
      <trkpt lat="30.058259" lon="99.549751"><ele>4508</ele></trkpt>
      <trkpt lat="30.058771" lon="99.549997"><ele>4514</ele></trkpt>
      <trkpt lat="30.058914" lon="99.550034"><ele>4515</ele></trkpt>
      <trkpt lat="30.059081" lon="99.550028"><ele>4517</ele></trkpt>
      <trkpt lat="30.059277" lon="99.550001"><ele>4518</ele></trkpt>
      <trkpt lat="30.059482" lon="99.549986"><ele>4521</ele></trkpt>
      <trkpt lat="30.059578" lon="99.549964"><ele>4522</ele></trkpt>
      <trkpt lat="30.059663" lon="99.549921"><ele>4524</ele></trkpt>
      <trkpt lat="30.059932" lon="99.54965"><ele>4528</ele></trkpt>
      <trkpt lat="30.060035" lon="99.549592"><ele>4529</ele></trkpt>
      <trkpt lat="30.060353" lon="99.549371"><ele>4534</ele></trkpt>
      <trkpt lat="30.060553" lon="99.549256"><ele>4537</ele></trkpt>
      <trkpt lat="30.06078" lon="99.549147"><ele>4541</ele></trkpt>
      <trkpt lat="30.060888" lon="99.549153"><ele>4542</ele></trkpt>
      <trkpt lat="30.060947" lon="99.549247"><ele>4542</ele></trkpt>
      <trkpt lat="30.060992" lon="99.549523"><ele>4545</ele></trkpt>
      <trkpt lat="30.061008" lon="99.549837"><ele>4549</ele></trkpt>
      <trkpt lat="30.061041" lon="99.54995"><ele>4552</ele></trkpt>
      <trkpt lat="30.061133" lon="99.549999"><ele>4554</ele></trkpt>
      <trkpt lat="30.061349" lon="99.550031"><ele>4556</ele></trkpt>
      <trkpt lat="30.061664" lon="99.550024"><ele>4559</ele></trkpt>
      <trkpt lat="30.061837" lon="99.549949"><ele>4561</ele></trkpt>
      <trkpt lat="30.061996" lon="99.54982"><ele>4563</ele></trkpt>
      <trkpt lat="30.062163" lon="99.549713"><ele>4566</ele></trkpt>
      <trkpt lat="30.062333" lon="99.549625"><ele>4569</ele></trkpt>
      <trkpt lat="30.062478" lon="99.549565"><ele>4571</ele></trkpt>
      <trkpt lat="30.062615" lon="99.549547"><ele>4573</ele></trkpt>
      <trkpt lat="30.062745" lon="99.549611"><ele>4575</ele></trkpt>
      <trkpt lat="30.062823" lon="99.549763"><ele>4576</ele></trkpt>
      <trkpt lat="30.063019" lon="99.550258"><ele>4579</ele></trkpt>
      <trkpt lat="30.063195" lon="99.55063"><ele>4581</ele></trkpt>
      <trkpt lat="30.063368" lon="99.55108"><ele>4583</ele></trkpt>
      <trkpt lat="30.063515" lon="99.551381"><ele>4585</ele></trkpt>
      <trkpt lat="30.063677" lon="99.551672"><ele>4588</ele></trkpt>
      <trkpt lat="30.064035" lon="99.552213"><ele>4592</ele></trkpt>
      <trkpt lat="30.06427" lon="99.552605"><ele>4594</ele></trkpt>
      <trkpt lat="30.064685" lon="99.553363"><ele>4601</ele></trkpt>
      <trkpt lat="30.065239" lon="99.554427"><ele>4610</ele></trkpt>
      <trkpt lat="30.065442" lon="99.554793"><ele>4614</ele></trkpt>
      <trkpt lat="30.065493" lon="99.554904"><ele>4615</ele></trkpt>
      <trkpt lat="30.065597" lon="99.555267"><ele>4616</ele></trkpt>
      <trkpt lat="30.065642" lon="99.555383"><ele>4617</ele></trkpt>
      <trkpt lat="30.06581" lon="99.555711"><ele>4618</ele></trkpt>
      <trkpt lat="30.065944" lon="99.556047"><ele>4619</ele></trkpt>
      <trkpt lat="30.066001" lon="99.556152"><ele>4619</ele></trkpt>
      <trkpt lat="30.066072" lon="99.556247"><ele>4620</ele></trkpt>
      <trkpt lat="30.066559" lon="99.556816"><ele>4623</ele></trkpt>
      <trkpt lat="30.066793" lon="99.557147"><ele>4625</ele></trkpt>
      <trkpt lat="30.067095" lon="99.557637"><ele>4626</ele></trkpt>
      <trkpt lat="30.067457" lon="99.558309"><ele>4630</ele></trkpt>
      <trkpt lat="30.067671" lon="99.55866"><ele>4634</ele></trkpt>
      <trkpt lat="30.067785" lon="99.558875"><ele>4636</ele></trkpt>
      <trkpt lat="30.067822" lon="99.558979"><ele>4637</ele></trkpt>
      <trkpt lat="30.067841" lon="99.559082"><ele>4637</ele></trkpt>
      <trkpt lat="30.067836" lon="99.559188"><ele>4638</ele></trkpt>
      <trkpt lat="30.06778" lon="99.559402"><ele>4637</ele></trkpt>
      <trkpt lat="30.067634" lon="99.559877"><ele>4638</ele></trkpt>
      <trkpt lat="30.067596" lon="99.559996"><ele>4640</ele></trkpt>
      <trkpt lat="30.067551" lon="99.560102"><ele>4641</ele></trkpt>
      <trkpt lat="30.067498" lon="99.5602"><ele>4642</ele></trkpt>
      <trkpt lat="30.067438" lon="99.560292"><ele>4642</ele></trkpt>
      <trkpt lat="30.067299" lon="99.560438"><ele>4643</ele></trkpt>
      <trkpt lat="30.067188" lon="99.56058"><ele>4645</ele></trkpt>
      <trkpt lat="30.067214" lon="99.560724"><ele>4648</ele></trkpt>
      <trkpt lat="30.06732" lon="99.560772"><ele>4650</ele></trkpt>
      <trkpt lat="30.068032" lon="99.560846"><ele>4656</ele></trkpt>
      <trkpt lat="30.068598" lon="99.560942"><ele>4663</ele></trkpt>
      <trkpt lat="30.06877" lon="99.560949"><ele>4666</ele></trkpt>
      <trkpt lat="30.069268" lon="99.561068"><ele>4673</ele></trkpt>
      <trkpt lat="30.069575" lon="99.56111"><ele>4678</ele></trkpt>
      <trkpt lat="30.069858" lon="99.561131"><ele>4681</ele></trkpt>
      <trkpt lat="30.069966" lon="99.561154"><ele>4683</ele></trkpt>
      <trkpt lat="30.069997" lon="99.561262"><ele>4685</ele></trkpt>
      <trkpt lat="30.069916" lon="99.561334"><ele>4687</ele></trkpt>
      <trkpt lat="30.069564" lon="99.561416"><ele>4690</ele></trkpt>
      <trkpt lat="30.06922" lon="99.561531"><ele>4693</ele></trkpt>
      <trkpt lat="30.06913" lon="99.561582"><ele>4694</ele></trkpt>
      <trkpt lat="30.069054" lon="99.56164"><ele>4695</ele></trkpt>
      <trkpt lat="30.068921" lon="99.56179"><ele>4696</ele></trkpt>
      <trkpt lat="30.068858" lon="99.561885"><ele>4697</ele></trkpt>
      <trkpt lat="30.068672" lon="99.562222"><ele>4702</ele></trkpt>
      <trkpt lat="30.068601" lon="99.56232"><ele>4704</ele></trkpt>
      <trkpt lat="30.06845" lon="99.562497"><ele>4707</ele></trkpt>
      <trkpt lat="30.068228" lon="99.562714"><ele>4712</ele></trkpt>
      <trkpt lat="30.067971" lon="99.562892"><ele>4716</ele></trkpt>
      <trkpt lat="30.067887" lon="99.562958"><ele>4718</ele></trkpt>
      <trkpt lat="30.067805" lon="99.563037"><ele>4719</ele></trkpt>
      <trkpt lat="30.067419" lon="99.563479"><ele>4727</ele></trkpt>
      <trkpt lat="30.066959" lon="99.563958"><ele>4735</ele></trkpt>
      <trkpt lat="30.06676" lon="99.564211"><ele>4738</ele></trkpt>
      <trkpt lat="30.066653" lon="99.564359"><ele>4739</ele></trkpt>
      <trkpt lat="30.066576" lon="99.564493"><ele>4740</ele></trkpt>
      <trkpt lat="30.066439" lon="99.564828"><ele>4740</ele></trkpt>
      <trkpt lat="30.066297" lon="99.565147"><ele>4743</ele></trkpt>
      <trkpt lat="30.066209" lon="99.565388"><ele>4744</ele></trkpt>
      <trkpt lat="30.06608" lon="99.565869"><ele>4747</ele></trkpt>
      <trkpt lat="30.066058" lon="99.565979"><ele>4747</ele></trkpt>
      <trkpt lat="30.066022" lon="99.566309"><ele>4749</ele></trkpt>
      <trkpt lat="30.065999" lon="99.566415"><ele>4749</ele></trkpt>
      <trkpt lat="30.065962" lon="99.566521"><ele>4750</ele></trkpt>
      <trkpt lat="30.065827" lon="99.566836"><ele>4752</ele></trkpt>
      <trkpt lat="30.065796" lon="99.566953"><ele>4753</ele></trkpt>
      <trkpt lat="30.065777" lon="99.56707"><ele>4754</ele></trkpt>
      <trkpt lat="30.065753" lon="99.567307"><ele>4757</ele></trkpt>
      <trkpt lat="30.065745" lon="99.567557"><ele>4759</ele></trkpt>
      <trkpt lat="30.065761" lon="99.568099"><ele>4764</ele></trkpt>
      <trkpt lat="30.065751" lon="99.568509"><ele>4768</ele></trkpt>
      <trkpt lat="30.065768" lon="99.568759"><ele>4770</ele></trkpt>
      <trkpt lat="30.065835" lon="99.569233"><ele>4773</ele></trkpt>
      <trkpt lat="30.065837" lon="99.569356"><ele>4774</ele></trkpt>
      <trkpt lat="30.065814" lon="99.569478"><ele>4774</ele></trkpt>
      <trkpt lat="30.065708" lon="99.569836"><ele>4779</ele></trkpt>
      <trkpt lat="30.065622" lon="99.570336"><ele>4783</ele></trkpt>
      <trkpt lat="30.065536" lon="99.570765"><ele>4785</ele></trkpt>
      <trkpt lat="30.065427" lon="99.571555"><ele>4790</ele></trkpt>
      <trkpt lat="30.065353" lon="99.572032"><ele>4795</ele></trkpt>
      <trkpt lat="30.065132" lon="99.573321"><ele>4799</ele></trkpt>
      <trkpt lat="30.064994" lon="99.574211"><ele>4801</ele></trkpt>
      <trkpt lat="30.064837" lon="99.575112"><ele>4801</ele></trkpt>
      <trkpt lat="30.064819" lon="99.575337"><ele>4799</ele></trkpt>
      <trkpt lat="30.06478" lon="99.575549"><ele>4798</ele></trkpt>
      <trkpt lat="30.064761" lon="99.575774"><ele>4797</ele></trkpt>
      <trkpt lat="30.064768" lon="99.57588"><ele>4795</ele></trkpt>
      <trkpt lat="30.064745" lon="99.575981"><ele>4794</ele></trkpt>
      <trkpt lat="30.064788" lon="99.576074"><ele>4790</ele></trkpt>
      <trkpt lat="30.064944" lon="99.576479"><ele>4787</ele></trkpt>
      <trkpt lat="30.065087" lon="99.576751"><ele>4783</ele></trkpt>
      <trkpt lat="30.065164" lon="99.576946"><ele>4780</ele></trkpt>
      <trkpt lat="30.06526" lon="99.577136"><ele>4777</ele></trkpt>
      <trkpt lat="30.065299" lon="99.577245"><ele>4775</ele></trkpt>
      <trkpt lat="30.065434" lon="99.57753"><ele>4770</ele></trkpt>
      <trkpt lat="30.065549" lon="99.577825"><ele>4766</ele></trkpt>
      <trkpt lat="30.065605" lon="99.578142"><ele>4765</ele></trkpt>
      <trkpt lat="30.065643" lon="99.578246"><ele>4765</ele></trkpt>
      <trkpt lat="30.065688" lon="99.578346"><ele>4765</ele></trkpt>
      <trkpt lat="30.065799" lon="99.578519"><ele>4764</ele></trkpt>
      <trkpt lat="30.06583" lon="99.578616"><ele>4764</ele></trkpt>
      <trkpt lat="30.065923" lon="99.578797"><ele>4765</ele></trkpt>
      <trkpt lat="30.066036" lon="99.578972"><ele>4765</ele></trkpt>
      <trkpt lat="30.066121" lon="99.579287"><ele>4762</ele></trkpt>
      <trkpt lat="30.066156" lon="99.579385"><ele>4762</ele></trkpt>
      <trkpt lat="30.066201" lon="99.57948"><ele>4762</ele></trkpt>
      <trkpt lat="30.066227" lon="99.579582"><ele>4762</ele></trkpt>
      <trkpt lat="30.066245" lon="99.579696"><ele>4762</ele></trkpt>
      <trkpt lat="30.066331" lon="99.580024"><ele>4758</ele></trkpt>
      <trkpt lat="30.066393" lon="99.580114"><ele>4757</ele></trkpt>
      <trkpt lat="30.066459" lon="99.580191"><ele>4755</ele></trkpt>
      <trkpt lat="30.066378" lon="99.58024"><ele>4756</ele></trkpt>
      <trkpt lat="30.066255" lon="99.5804"><ele>4754</ele></trkpt>
      <trkpt lat="30.066217" lon="99.580497"><ele>4753</ele></trkpt>
      <trkpt lat="30.066173" lon="99.580711"><ele>4750</ele></trkpt>
      <trkpt lat="30.066148" lon="99.58092"><ele>4748</ele></trkpt>
      <trkpt lat="30.066135" lon="99.581142"><ele>4746</ele></trkpt>
      <trkpt lat="30.06611" lon="99.581247"><ele>4745</ele></trkpt>
      <trkpt lat="30.066115" lon="99.581364"><ele>4745</ele></trkpt>
      <trkpt lat="30.066142" lon="99.58147"><ele>4743</ele></trkpt>
      <trkpt lat="30.066153" lon="99.581574"><ele>4743</ele></trkpt>
      <trkpt lat="30.066114" lon="99.581901"><ele>4741</ele></trkpt>
      <trkpt lat="30.066097" lon="99.582341"><ele>4738</ele></trkpt>
      <trkpt lat="30.066004" lon="99.582758"><ele>4737</ele></trkpt>
      <trkpt lat="30.065992" lon="99.582872"><ele>4735</ele></trkpt>
      <trkpt lat="30.065997" lon="99.582987"><ele>4734</ele></trkpt>
      <trkpt lat="30.065956" lon="99.58332"><ele>4732</ele></trkpt>
      <trkpt lat="30.065969" lon="99.583535"><ele>4730</ele></trkpt>
      <trkpt lat="30.065927" lon="99.583862"><ele>4729</ele></trkpt>
      <trkpt lat="30.065936" lon="99.584088"><ele>4728</ele></trkpt>
      <trkpt lat="30.065955" lon="99.584193"><ele>4728</ele></trkpt>
      <trkpt lat="30.065959" lon="99.584297"><ele>4727</ele></trkpt>
      <trkpt lat="30.065948" lon="99.584511"><ele>4726</ele></trkpt>
      <trkpt lat="30.065909" lon="99.58473"><ele>4724</ele></trkpt>
      <trkpt lat="30.065998" lon="99.585046"><ele>4726</ele></trkpt>
      <trkpt lat="30.066006" lon="99.58515"><ele>4725</ele></trkpt>
      <trkpt lat="30.065963" lon="99.585694"><ele>4721</ele></trkpt>
      <trkpt lat="30.065938" lon="99.585803"><ele>4722</ele></trkpt>
      <trkpt lat="30.06592" lon="99.586025"><ele>4720</ele></trkpt>
      <trkpt lat="30.06592" lon="99.586142"><ele>4719</ele></trkpt>
      <trkpt lat="30.06588" lon="99.586244"><ele>4718</ele></trkpt>
      <trkpt lat="30.065833" lon="99.586462"><ele>4717</ele></trkpt>
      <trkpt lat="30.06581" lon="99.586688"><ele>4713</ele></trkpt>
      <trkpt lat="30.065811" lon="99.586797"><ele>4712</ele></trkpt>
      <trkpt lat="30.065746" lon="99.586875"><ele>4709</ele></trkpt>
      <trkpt lat="30.065705" lon="99.586967"><ele>4706</ele></trkpt>
      <trkpt lat="30.065626" lon="99.587028"><ele>4705</ele></trkpt>
      <trkpt lat="30.065597" lon="99.587127"><ele>4704</ele></trkpt>
      <trkpt lat="30.065608" lon="99.587231"><ele>4704</ele></trkpt>
      <trkpt lat="30.065636" lon="99.58733"><ele>4704</ele></trkpt>
      <trkpt lat="30.065683" lon="99.58742"><ele>4703</ele></trkpt>
      <trkpt lat="30.06566" lon="99.587645"><ele>4698</ele></trkpt>
      <trkpt lat="30.065706" lon="99.587848"><ele>4697</ele></trkpt>
      <trkpt lat="30.065689" lon="99.588058"><ele>4692</ele></trkpt>
      <trkpt lat="30.065697" lon="99.588171"><ele>4691</ele></trkpt>
      <trkpt lat="30.065686" lon="99.588275"><ele>4689</ele></trkpt>
      <trkpt lat="30.065692" lon="99.588384"><ele>4686</ele></trkpt>
      <trkpt lat="30.065631" lon="99.588477"><ele>4686</ele></trkpt>
      <trkpt lat="30.065553" lon="99.588547"><ele>4685</ele></trkpt>
      <trkpt lat="30.065516" lon="99.588648"><ele>4683</ele></trkpt>
      <trkpt lat="30.065531" lon="99.58875"><ele>4683</ele></trkpt>
      <trkpt lat="30.065621" lon="99.588784"><ele>4681</ele></trkpt>
      <trkpt lat="30.065719" lon="99.588795"><ele>4679</ele></trkpt>
      <trkpt lat="30.065818" lon="99.58879"><ele>4677</ele></trkpt>
      <trkpt lat="30.065864" lon="99.588882"><ele>4675</ele></trkpt>
      <trkpt lat="30.06584" lon="99.588985"><ele>4674</ele></trkpt>
      <trkpt lat="30.065769" lon="99.589064"><ele>4672</ele></trkpt>
      <trkpt lat="30.065807" lon="99.589162"><ele>4670</ele></trkpt>
      <trkpt lat="30.065792" lon="99.589265"><ele>4667</ele></trkpt>
      <trkpt lat="30.065699" lon="99.589305"><ele>4667</ele></trkpt>
      <trkpt lat="30.065656" lon="99.589402"><ele>4665</ele></trkpt>
      <trkpt lat="30.065524" lon="99.589569"><ele>4661</ele></trkpt>
      <trkpt lat="30.065484" lon="99.589663"><ele>4657</ele></trkpt>
      <trkpt lat="30.065361" lon="99.58983"><ele>4654</ele></trkpt>
      <trkpt lat="30.065337" lon="99.589932"><ele>4653</ele></trkpt>
      <trkpt lat="30.065388" lon="99.590019"><ele>4653</ele></trkpt>
      <trkpt lat="30.065421" lon="99.590118"><ele>4651</ele></trkpt>
      <trkpt lat="30.065471" lon="99.590207"><ele>4650</ele></trkpt>
      <trkpt lat="30.065559" lon="99.59027"><ele>4648</ele></trkpt>
      <trkpt lat="30.065679" lon="99.590452"><ele>4645</ele></trkpt>
      <trkpt lat="30.065687" lon="99.590777"><ele>4639</ele></trkpt>
      <trkpt lat="30.065713" lon="99.590882"><ele>4638</ele></trkpt>
      <trkpt lat="30.065727" lon="99.590985"><ele>4636</ele></trkpt>
      <trkpt lat="30.065731" lon="99.591095"><ele>4634</ele></trkpt>
      <trkpt lat="30.06568" lon="99.591184"><ele>4632</ele></trkpt>
      <trkpt lat="30.06561" lon="99.591388"><ele>4628</ele></trkpt>
      <trkpt lat="30.065536" lon="99.591453"><ele>4628</ele></trkpt>
      <trkpt lat="30.065479" lon="99.591541"><ele>4627</ele></trkpt>
      <trkpt lat="30.065437" lon="99.591641"><ele>4625</ele></trkpt>
      <trkpt lat="30.065386" lon="99.591734"><ele>4623</ele></trkpt>
      <trkpt lat="30.065295" lon="99.59177"><ele>4623</ele></trkpt>
      <trkpt lat="30.065207" lon="99.591734"><ele>4622</ele></trkpt>
      <trkpt lat="30.06511" lon="99.591755"><ele>4620</ele></trkpt>
      <trkpt lat="30.065026" lon="99.591803"><ele>4620</ele></trkpt>
      <trkpt lat="30.064955" lon="99.591882"><ele>4619</ele></trkpt>
      <trkpt lat="30.064941" lon="99.591988"><ele>4618</ele></trkpt>
      <trkpt lat="30.064936" lon="99.592209"><ele>4619</ele></trkpt>
      <trkpt lat="30.064923" lon="99.592315"><ele>4617</ele></trkpt>
      <trkpt lat="30.064942" lon="99.592419"><ele>4617</ele></trkpt>
      <trkpt lat="30.064939" lon="99.592635"><ele>4614</ele></trkpt>
      <trkpt lat="30.064902" lon="99.592855"><ele>4610</ele></trkpt>
      <trkpt lat="30.064923" lon="99.592963"><ele>4608</ele></trkpt>
      <trkpt lat="30.064966" lon="99.593064"><ele>4605</ele></trkpt>
      <trkpt lat="30.06491" lon="99.593265"><ele>4601</ele></trkpt>
      <trkpt lat="30.064985" lon="99.593577"><ele>4597</ele></trkpt>
      <trkpt lat="30.065005" lon="99.593687"><ele>4595</ele></trkpt>
      <trkpt lat="30.065002" lon="99.593793"><ele>4594</ele></trkpt>
      <trkpt lat="30.065028" lon="99.593893"><ele>4592</ele></trkpt>
      <trkpt lat="30.065202" lon="99.594148"><ele>4585</ele></trkpt>
      <trkpt lat="30.065344" lon="99.594682"><ele>4576</ele></trkpt>
      <trkpt lat="30.065355" lon="99.594899"><ele>4573</ele></trkpt>
      <trkpt lat="30.065415" lon="99.595119"><ele>4570</ele></trkpt>
      <trkpt lat="30.065517" lon="99.595298"><ele>4569</ele></trkpt>
      <trkpt lat="30.065549" lon="99.595403"><ele>4569</ele></trkpt>
      <trkpt lat="30.065628" lon="99.595597"><ele>4566</ele></trkpt>
      <trkpt lat="30.06566" lon="99.595699"><ele>4565</ele></trkpt>
      <trkpt lat="30.065703" lon="99.595803"><ele>4563</ele></trkpt>
      <trkpt lat="30.065757" lon="99.595896"><ele>4562</ele></trkpt>
      <trkpt lat="30.065792" lon="99.596003"><ele>4560</ele></trkpt>
      <trkpt lat="30.065852" lon="99.596097"><ele>4558</ele></trkpt>
      <trkpt lat="30.065901" lon="99.596194"><ele>4557</ele></trkpt>
      <trkpt lat="30.065949" lon="99.596402"><ele>4555</ele></trkpt>
      <trkpt lat="30.066014" lon="99.59661"><ele>4554</ele></trkpt>
      <trkpt lat="30.066058" lon="99.596707"><ele>4552</ele></trkpt>
      <trkpt lat="30.066237" lon="99.596963"><ele>4546</ele></trkpt>
      <trkpt lat="30.066278" lon="99.597064"><ele>4545</ele></trkpt>
      <trkpt lat="30.066314" lon="99.597279"><ele>4543</ele></trkpt>
      <trkpt lat="30.066393" lon="99.597344"><ele>4542</ele></trkpt>
      <trkpt lat="30.066487" lon="99.597369"><ele>4542</ele></trkpt>
      <trkpt lat="30.06658" lon="99.597368"><ele>4540</ele></trkpt>
      <trkpt lat="30.066679" lon="99.597346"><ele>4538</ele></trkpt>
      <trkpt lat="30.066866" lon="99.597283"><ele>4536</ele></trkpt>
      <trkpt lat="30.067065" lon="99.597301"><ele>4534</ele></trkpt>
      <trkpt lat="30.067152" lon="99.597337"><ele>4533</ele></trkpt>
      <trkpt lat="30.067226" lon="99.597406"><ele>4533</ele></trkpt>
      <trkpt lat="30.067411" lon="99.597469"><ele>4533</ele></trkpt>
      <trkpt lat="30.067451" lon="99.597566"><ele>4533</ele></trkpt>
      <trkpt lat="30.067528" lon="99.597627"><ele>4533</ele></trkpt>
      <trkpt lat="30.067613" lon="99.59767"><ele>4533</ele></trkpt>
      <trkpt lat="30.06771" lon="99.597693"><ele>4533</ele></trkpt>
      <trkpt lat="30.067876" lon="99.5978"><ele>4533</ele></trkpt>
      <trkpt lat="30.067972" lon="99.597792"><ele>4534</ele></trkpt>
      <trkpt lat="30.068064" lon="99.597804"><ele>4534</ele></trkpt>
      <trkpt lat="30.068157" lon="99.597836"><ele>4535</ele></trkpt>
      <trkpt lat="30.068243" lon="99.597884"><ele>4535</ele></trkpt>
      <trkpt lat="30.068315" lon="99.597947"><ele>4537</ele></trkpt>
      <trkpt lat="30.068358" lon="99.598043"><ele>4538</ele></trkpt>
      <trkpt lat="30.068419" lon="99.598135"><ele>4539</ele></trkpt>
      <trkpt lat="30.068514" lon="99.598331"><ele>4538</ele></trkpt>
      <trkpt lat="30.06854" lon="99.598434"><ele>4538</ele></trkpt>
      <trkpt lat="30.068556" lon="99.598551"><ele>4539</ele></trkpt>
      <trkpt lat="30.068624" lon="99.598639"><ele>4539</ele></trkpt>
      <trkpt lat="30.068659" lon="99.598741"><ele>4538</ele></trkpt>
      <trkpt lat="30.068703" lon="99.598833"><ele>4537</ele></trkpt>
      <trkpt lat="30.068867" lon="99.598943"><ele>4536</ele></trkpt>
      <trkpt lat="30.06894" lon="99.599011"><ele>4535</ele></trkpt>
      <trkpt lat="30.069004" lon="99.599086"><ele>4534</ele></trkpt>
      <trkpt lat="30.069064" lon="99.59917"><ele>4534</ele></trkpt>
      <trkpt lat="30.069114" lon="99.59926"><ele>4533</ele></trkpt>
      <trkpt lat="30.069152" lon="99.599365"><ele>4533</ele></trkpt>
      <trkpt lat="30.06928" lon="99.599525"><ele>4531</ele></trkpt>
      <trkpt lat="30.069369" lon="99.599716"><ele>4528</ele></trkpt>
      <trkpt lat="30.069518" lon="99.599862"><ele>4526</ele></trkpt>
      <trkpt lat="30.069564" lon="99.599952"><ele>4526</ele></trkpt>
      <trkpt lat="30.069621" lon="99.600032"><ele>4526</ele></trkpt>
      <trkpt lat="30.069665" lon="99.600137"><ele>4526</ele></trkpt>
      <trkpt lat="30.06969" lon="99.600241"><ele>4526</ele></trkpt>
      <trkpt lat="30.069707" lon="99.600452"><ele>4526</ele></trkpt>
      <trkpt lat="30.069847" lon="99.600734"><ele>4527</ele></trkpt>
      <trkpt lat="30.069856" lon="99.600847"><ele>4527</ele></trkpt>
      <trkpt lat="30.06988" lon="99.600953"><ele>4525</ele></trkpt>
      <trkpt lat="30.069873" lon="99.60106"><ele>4527</ele></trkpt>
      <trkpt lat="30.069908" lon="99.601162"><ele>4527</ele></trkpt>
      <trkpt lat="30.069966" lon="99.601482"><ele>4526</ele></trkpt>
      <trkpt lat="30.070032" lon="99.601686"><ele>4526</ele></trkpt>
      <trkpt lat="30.070034" lon="99.601798"><ele>4525</ele></trkpt>
      <trkpt lat="30.070007" lon="99.601906"><ele>4525</ele></trkpt>
      <trkpt lat="30.069998" lon="99.602014"><ele>4525</ele></trkpt>
      <trkpt lat="30.070125" lon="99.602309"><ele>4527</ele></trkpt>
      <trkpt lat="30.070114" lon="99.602413"><ele>4527</ele></trkpt>
      <trkpt lat="30.070182" lon="99.602613"><ele>4527</ele></trkpt>
      <trkpt lat="30.07028" lon="99.602803"><ele>4524</ele></trkpt>
      <trkpt lat="30.070346" lon="99.602883"><ele>4523</ele></trkpt>
      <trkpt lat="30.070438" lon="99.603074"><ele>4523</ele></trkpt>
      <trkpt lat="30.070568" lon="99.603237"><ele>4523</ele></trkpt>
      <trkpt lat="30.07061" lon="99.60333"><ele>4523</ele></trkpt>
      <trkpt lat="30.070554" lon="99.603755"><ele>4523</ele></trkpt>
      <trkpt lat="30.070558" lon="99.603863"><ele>4523</ele></trkpt>
      <trkpt lat="30.070594" lon="99.60396"><ele>4523</ele></trkpt>
      <trkpt lat="30.070618" lon="99.60407"><ele>4522</ele></trkpt>
      <trkpt lat="30.070704" lon="99.604268"><ele>4522</ele></trkpt>
      <trkpt lat="30.070899" lon="99.604637"><ele>4522</ele></trkpt>
      <trkpt lat="30.07094" lon="99.604733"><ele>4523</ele></trkpt>
      <trkpt lat="30.07104" lon="99.60491"><ele>4524</ele></trkpt>
      <trkpt lat="30.071067" lon="99.605019"><ele>4523</ele></trkpt>
      <trkpt lat="30.071079" lon="99.605128"><ele>4524</ele></trkpt>
      <trkpt lat="30.071155" lon="99.605441"><ele>4523</ele></trkpt>
      <trkpt lat="30.07119" lon="99.605548"><ele>4525</ele></trkpt>
      <trkpt lat="30.071229" lon="99.605754"><ele>4523</ele></trkpt>
      <trkpt lat="30.071229" lon="99.605859"><ele>4523</ele></trkpt>
      <trkpt lat="30.071203" lon="99.605967"><ele>4523</ele></trkpt>
      <trkpt lat="30.07119" lon="99.60608"><ele>4523</ele></trkpt>
      <trkpt lat="30.071203" lon="99.606189"><ele>4522</ele></trkpt>
      <trkpt lat="30.071242" lon="99.606296"><ele>4521</ele></trkpt>
      <trkpt lat="30.071269" lon="99.606511"><ele>4521</ele></trkpt>
      <trkpt lat="30.071334" lon="99.606712"><ele>4521</ele></trkpt>
      <trkpt lat="30.071381" lon="99.607046"><ele>4519</ele></trkpt>
      <trkpt lat="30.071421" lon="99.607252"><ele>4519</ele></trkpt>
      <trkpt lat="30.071478" lon="99.607456"><ele>4519</ele></trkpt>
      <trkpt lat="30.071567" lon="99.607475"><ele>4518</ele></trkpt>
      <trkpt lat="30.071543" lon="99.607579"><ele>4519</ele></trkpt>
      <trkpt lat="30.071549" lon="99.607907"><ele>4518</ele></trkpt>
      <trkpt lat="30.07154" lon="99.608012"><ele>4519</ele></trkpt>
      <trkpt lat="30.071492" lon="99.608102"><ele>4519</ele></trkpt>
      <trkpt lat="30.071426" lon="99.608178"><ele>4521</ele></trkpt>
      <trkpt lat="30.071418" lon="99.608283"><ele>4520</ele></trkpt>
      <trkpt lat="30.071443" lon="99.608388"><ele>4520</ele></trkpt>
      <trkpt lat="30.071448" lon="99.608492"><ele>4521</ele></trkpt>
      <trkpt lat="30.071497" lon="99.608588"><ele>4519</ele></trkpt>
      <trkpt lat="30.07157" lon="99.608648"><ele>4519</ele></trkpt>
      <trkpt lat="30.071657" lon="99.608709"><ele>4517</ele></trkpt>
      <trkpt lat="30.071829" lon="99.608779"><ele>4517</ele></trkpt>
      <trkpt lat="30.071922" lon="99.608829"><ele>4516</ele></trkpt>
      <trkpt lat="30.07225" lon="99.609083"><ele>4514</ele></trkpt>
      <trkpt lat="30.072318" lon="99.609155"><ele>4514</ele></trkpt>
      <trkpt lat="30.072404" lon="99.609206"><ele>4514</ele></trkpt>
      <trkpt lat="30.072441" lon="99.609314"><ele>4515</ele></trkpt>
      <trkpt lat="30.072462" lon="99.609535"><ele>4515</ele></trkpt>
      <trkpt lat="30.072485" lon="99.609641"><ele>4514</ele></trkpt>
      <trkpt lat="30.072537" lon="99.609733"><ele>4514</ele></trkpt>
      <trkpt lat="30.072674" lon="99.610018"><ele>4514</ele></trkpt>
      <trkpt lat="30.072723" lon="99.61022"><ele>4515</ele></trkpt>
      <trkpt lat="30.072724" lon="99.610324"><ele>4515</ele></trkpt>
      <trkpt lat="30.072748" lon="99.610424"><ele>4514</ele></trkpt>
      <trkpt lat="30.072844" lon="99.610609"><ele>4514</ele></trkpt>
      <trkpt lat="30.072917" lon="99.610819"><ele>4515</ele></trkpt>
      <trkpt lat="30.072926" lon="99.610927"><ele>4515</ele></trkpt>
      <trkpt lat="30.072954" lon="99.611032"><ele>4515</ele></trkpt>
      <trkpt lat="30.073042" lon="99.611235"><ele>4514</ele></trkpt>
      <trkpt lat="30.073126" lon="99.611285"><ele>4513</ele></trkpt>
      <trkpt lat="30.073214" lon="99.611313"><ele>4514</ele></trkpt>
      <trkpt lat="30.073292" lon="99.611367"><ele>4514</ele></trkpt>
      <trkpt lat="30.073386" lon="99.611395"><ele>4513</ele></trkpt>
      <trkpt lat="30.073471" lon="99.611447"><ele>4514</ele></trkpt>
      <trkpt lat="30.073737" lon="99.611548"><ele>4514</ele></trkpt>
      <trkpt lat="30.073819" lon="99.611603"><ele>4513</ele></trkpt>
      <trkpt lat="30.073894" lon="99.611671"><ele>4513</ele></trkpt>
      <trkpt lat="30.073987" lon="99.611713"><ele>4512</ele></trkpt>
      <trkpt lat="30.074067" lon="99.611784"><ele>4514</ele></trkpt>
      <trkpt lat="30.07416" lon="99.611807"><ele>4514</ele></trkpt>
      <trkpt lat="30.074248" lon="99.611846"><ele>4513</ele></trkpt>
      <trkpt lat="30.074332" lon="99.611905"><ele>4512</ele></trkpt>
      <trkpt lat="30.074431" lon="99.612095"><ele>4513</ele></trkpt>
      <trkpt lat="30.074452" lon="99.612204"><ele>4513</ele></trkpt>
      <trkpt lat="30.074494" lon="99.612308"><ele>4513</ele></trkpt>
      <trkpt lat="30.074552" lon="99.612389"><ele>4513</ele></trkpt>
      <trkpt lat="30.074721" lon="99.612493"><ele>4512</ele></trkpt>
      <trkpt lat="30.074761" lon="99.612589"><ele>4513</ele></trkpt>
      <trkpt lat="30.074782" lon="99.61269"><ele>4513</ele></trkpt>
      <trkpt lat="30.074788" lon="99.612898"><ele>4512</ele></trkpt>
      <trkpt lat="30.074809" lon="99.613007"><ele>4512</ele></trkpt>
      <trkpt lat="30.074916" lon="99.61318"><ele>4511</ele></trkpt>
      <trkpt lat="30.074992" lon="99.613242"><ele>4510</ele></trkpt>
      <trkpt lat="30.07506" lon="99.613318"><ele>4509</ele></trkpt>
      <trkpt lat="30.075239" lon="99.61357"><ele>4508</ele></trkpt>
      <trkpt lat="30.075346" lon="99.613869"><ele>4507</ele></trkpt>
      <trkpt lat="30.0754" lon="99.613961"><ele>4508</ele></trkpt>
      <trkpt lat="30.075461" lon="99.614042"><ele>4506</ele></trkpt>
      <trkpt lat="30.075481" lon="99.614145"><ele>4506</ele></trkpt>
      <trkpt lat="30.075515" lon="99.614245"><ele>4507</ele></trkpt>
      <trkpt lat="30.075579" lon="99.614326"><ele>4505</ele></trkpt>
      <trkpt lat="30.07567" lon="99.614508"><ele>4503</ele></trkpt>
      <trkpt lat="30.075734" lon="99.614582"><ele>4503</ele></trkpt>
      <trkpt lat="30.07578" lon="99.614673"><ele>4503</ele></trkpt>
      <trkpt lat="30.075811" lon="99.614773"><ele>4504</ele></trkpt>
      <trkpt lat="30.075826" lon="99.614885"><ele>4503</ele></trkpt>
      <trkpt lat="30.075921" lon="99.615076"><ele>4501</ele></trkpt>
      <trkpt lat="30.076032" lon="99.615252"><ele>4499</ele></trkpt>
      <trkpt lat="30.07611" lon="99.615463"><ele>4500</ele></trkpt>
      <trkpt lat="30.076153" lon="99.615684"><ele>4500</ele></trkpt>
      <trkpt lat="30.076191" lon="99.615785"><ele>4499</ele></trkpt>
      <trkpt lat="30.076247" lon="99.615868"><ele>4497</ele></trkpt>
      <trkpt lat="30.076334" lon="99.616066"><ele>4497</ele></trkpt>
      <trkpt lat="30.076394" lon="99.616385"><ele>4496</ele></trkpt>
      <trkpt lat="30.076416" lon="99.616603"><ele>4496</ele></trkpt>
      <trkpt lat="30.076535" lon="99.616892"><ele>4496</ele></trkpt>
      <trkpt lat="30.076576" lon="99.617098"><ele>4497</ele></trkpt>
      <trkpt lat="30.076614" lon="99.6172"><ele>4497</ele></trkpt>
      <trkpt lat="30.07661" lon="99.617419"><ele>4496</ele></trkpt>
      <trkpt lat="30.076657" lon="99.617508"><ele>4497</ele></trkpt>
      <trkpt lat="30.076652" lon="99.617832"><ele>4497</ele></trkpt>
      <trkpt lat="30.076682" lon="99.617937"><ele>4496</ele></trkpt>
      <trkpt lat="30.076674" lon="99.61783"><ele>4495</ele></trkpt>
      <trkpt lat="30.076682" lon="99.617724"><ele>4494</ele></trkpt>
      <trkpt lat="30.076677" lon="99.617617"><ele>4495</ele></trkpt>
      <trkpt lat="30.076666" lon="99.61784"><ele>4496</ele></trkpt>
      <trkpt lat="30.076682" lon="99.618056"><ele>4496</ele></trkpt>
      <trkpt lat="30.076652" lon="99.618165"><ele>4496</ele></trkpt>
      <trkpt lat="30.076629" lon="99.6186"><ele>4496</ele></trkpt>
      <trkpt lat="30.076602" lon="99.618702"><ele>4496</ele></trkpt>
      <trkpt lat="30.076593" lon="99.618806"><ele>4495</ele></trkpt>
      <trkpt lat="30.076557" lon="99.618905"><ele>4495</ele></trkpt>
      <trkpt lat="30.076508" lon="99.618998"><ele>4494</ele></trkpt>
      <trkpt lat="30.076442" lon="99.619201"><ele>4493</ele></trkpt>
      <trkpt lat="30.076378" lon="99.619286"><ele>4492</ele></trkpt>
      <trkpt lat="30.076335" lon="99.619387"><ele>4491</ele></trkpt>
      <trkpt lat="30.076304" lon="99.619493"><ele>4491</ele></trkpt>
      <trkpt lat="30.076259" lon="99.619584"><ele>4491</ele></trkpt>
      <trkpt lat="30.076286" lon="99.619689"><ele>4490</ele></trkpt>
      <trkpt lat="30.076343" lon="99.619781"><ele>4486</ele></trkpt>
      <trkpt lat="30.076362" lon="99.619901"><ele>4484</ele></trkpt>
      <trkpt lat="30.076381" lon="99.62024"><ele>4484</ele></trkpt>
      <trkpt lat="30.076369" lon="99.620572"><ele>4480</ele></trkpt>
      <trkpt lat="30.076328" lon="99.620677"><ele>4479</ele></trkpt>
      <trkpt lat="30.076274" lon="99.620768"><ele>4480</ele></trkpt>
      <trkpt lat="30.076207" lon="99.620851"><ele>4481</ele></trkpt>
      <trkpt lat="30.076149" lon="99.620943"><ele>4482</ele></trkpt>
      <trkpt lat="30.076147" lon="99.62105"><ele>4481</ele></trkpt>
      <trkpt lat="30.076175" lon="99.621157"><ele>4481</ele></trkpt>
      <trkpt lat="30.07626" lon="99.621355"><ele>4482</ele></trkpt>
      <trkpt lat="30.076391" lon="99.621514"><ele>4478</ele></trkpt>
      <trkpt lat="30.07641" lon="99.621627"><ele>4478</ele></trkpt>
      <trkpt lat="30.076409" lon="99.621733"><ele>4478</ele></trkpt>
      <trkpt lat="30.076396" lon="99.621844"><ele>4478</ele></trkpt>
      <trkpt lat="30.0764" lon="99.622058"><ele>4477</ele></trkpt>
      <trkpt lat="30.076478" lon="99.622258"><ele>4475</ele></trkpt>
      <trkpt lat="30.0765" lon="99.62248"><ele>4474</ele></trkpt>
      <trkpt lat="30.07654" lon="99.622577"><ele>4472</ele></trkpt>
      <trkpt lat="30.076587" lon="99.622785"><ele>4472</ele></trkpt>
      <trkpt lat="30.076623" lon="99.622895"><ele>4471</ele></trkpt>
      <trkpt lat="30.076701" lon="99.623092"><ele>4470</ele></trkpt>
      <trkpt lat="30.076718" lon="99.623195"><ele>4470</ele></trkpt>
      <trkpt lat="30.07667" lon="99.623411"><ele>4471</ele></trkpt>
      <trkpt lat="30.07666" lon="99.623524"><ele>4470</ele></trkpt>
      <trkpt lat="30.076708" lon="99.623616"><ele>4467</ele></trkpt>
      <trkpt lat="30.076721" lon="99.623719"><ele>4468</ele></trkpt>
      <trkpt lat="30.0767" lon="99.623824"><ele>4470</ele></trkpt>
      <trkpt lat="30.076698" lon="99.623931"><ele>4470</ele></trkpt>
      <trkpt lat="30.076725" lon="99.624037"><ele>4471</ele></trkpt>
      <trkpt lat="30.076773" lon="99.624125"><ele>4471</ele></trkpt>
      <trkpt lat="30.076837" lon="99.624217"><ele>4469</ele></trkpt>
      <trkpt lat="30.076879" lon="99.624316"><ele>4469</ele></trkpt>
      <trkpt lat="30.076939" lon="99.624516"><ele>4468</ele></trkpt>
      <trkpt lat="30.077046" lon="99.624688"><ele>4465</ele></trkpt>
      <trkpt lat="30.077042" lon="99.624803"><ele>4466</ele></trkpt>
      <trkpt lat="30.07705" lon="99.62491"><ele>4466</ele></trkpt>
      <trkpt lat="30.077076" lon="99.625018"><ele>4465</ele></trkpt>
      <trkpt lat="30.077198" lon="99.625437"><ele>4462</ele></trkpt>
      <trkpt lat="30.077309" lon="99.625742"><ele>4461</ele></trkpt>
      <trkpt lat="30.077365" lon="99.625944"><ele>4459</ele></trkpt>
      <trkpt lat="30.077341" lon="99.626053"><ele>4459</ele></trkpt>
      <trkpt lat="30.077381" lon="99.626147"><ele>4459</ele></trkpt>
      <trkpt lat="30.07737" lon="99.626256"><ele>4459</ele></trkpt>
      <trkpt lat="30.077371" lon="99.626366"><ele>4460</ele></trkpt>
      <trkpt lat="30.077466" lon="99.626556"><ele>4456</ele></trkpt>
      <trkpt lat="30.077546" lon="99.626623"><ele>4456</ele></trkpt>
      <trkpt lat="30.077667" lon="99.626783"><ele>4458</ele></trkpt>
      <trkpt lat="30.077676" lon="99.62689"><ele>4457</ele></trkpt>
      <trkpt lat="30.077696" lon="99.626996"><ele>4457</ele></trkpt>
      <trkpt lat="30.077772" lon="99.627192"><ele>4456</ele></trkpt>
      <trkpt lat="30.077829" lon="99.627399"><ele>4458</ele></trkpt>
      <trkpt lat="30.07783" lon="99.627511"><ele>4459</ele></trkpt>
      <trkpt lat="30.077897" lon="99.627581"><ele>4458</ele></trkpt>
      <trkpt lat="30.077955" lon="99.627673"><ele>4459</ele></trkpt>
      <trkpt lat="30.078029" lon="99.627753"><ele>4458</ele></trkpt>
      <trkpt lat="30.078052" lon="99.627969"><ele>4457</ele></trkpt>
      <trkpt lat="30.078232" lon="99.628215"><ele>4456</ele></trkpt>
      <trkpt lat="30.07829" lon="99.628414"><ele>4455</ele></trkpt>
      <trkpt lat="30.078326" lon="99.628621"><ele>4456</ele></trkpt>
      <trkpt lat="30.078323" lon="99.628846"><ele>4458</ele></trkpt>
      <trkpt lat="30.078345" lon="99.629066"><ele>4459</ele></trkpt>
      <trkpt lat="30.078336" lon="99.629179"><ele>4459</ele></trkpt>
      <trkpt lat="30.07834" lon="99.629288"><ele>4459</ele></trkpt>
      <trkpt lat="30.078359" lon="99.629399"><ele>4456</ele></trkpt>
      <trkpt lat="30.078459" lon="99.629706"><ele>4456</ele></trkpt>
      <trkpt lat="30.078503" lon="99.629803"><ele>4457</ele></trkpt>
      <trkpt lat="30.07848" lon="99.629903"><ele>4457</ele></trkpt>
      <trkpt lat="30.078416" lon="99.629986"><ele>4458</ele></trkpt>
      <trkpt lat="30.07834" lon="99.630056"><ele>4460</ele></trkpt>
      <trkpt lat="30.078529" lon="99.630081"><ele>4455</ele></trkpt>
      <trkpt lat="30.078617" lon="99.630119"><ele>4456</ele></trkpt>
      <trkpt lat="30.07867" lon="99.630212"><ele>4457</ele></trkpt>
      <trkpt lat="30.078736" lon="99.630411"><ele>4458</ele></trkpt>
      <trkpt lat="30.078794" lon="99.630617"><ele>4459</ele></trkpt>
      <trkpt lat="30.078838" lon="99.630825"><ele>4459</ele></trkpt>
      <trkpt lat="30.078935" lon="99.631127"><ele>4459</ele></trkpt>
      <trkpt lat="30.07899" lon="99.631334"><ele>4458</ele></trkpt>
      <trkpt lat="30.079044" lon="99.631771"><ele>4455</ele></trkpt>
      <trkpt lat="30.079053" lon="99.632088"><ele>4453</ele></trkpt>
      <trkpt lat="30.079032" lon="99.632193"><ele>4452</ele></trkpt>
      <trkpt lat="30.079081" lon="99.632401"><ele>4451</ele></trkpt>
      <trkpt lat="30.079071" lon="99.63251"><ele>4451</ele></trkpt>
      <trkpt lat="30.079066" lon="99.632731"><ele>4449</ele></trkpt>
      <trkpt lat="30.079049" lon="99.632834"><ele>4447</ele></trkpt>
      <trkpt lat="30.079042" lon="99.63305"><ele>4443</ele></trkpt>
      <trkpt lat="30.079068" lon="99.633265"><ele>4441</ele></trkpt>
      <trkpt lat="30.07911" lon="99.633477"><ele>4438</ele></trkpt>
      <trkpt lat="30.07912" lon="99.633585"><ele>4437</ele></trkpt>
      <trkpt lat="30.079105" lon="99.633912"><ele>4436</ele></trkpt>
      <trkpt lat="30.079067" lon="99.634225"><ele>4432</ele></trkpt>
      <trkpt lat="30.079076" lon="99.634437"><ele>4430</ele></trkpt>
      <trkpt lat="30.079131" lon="99.634645"><ele>4430</ele></trkpt>
      <trkpt lat="30.079128" lon="99.63475"><ele>4430</ele></trkpt>
      <trkpt lat="30.079103" lon="99.634958"><ele>4430</ele></trkpt>
      <trkpt lat="30.079117" lon="99.635066"><ele>4431</ele></trkpt>
      <trkpt lat="30.079148" lon="99.635164"><ele>4431</ele></trkpt>
      <trkpt lat="30.0792" lon="99.635253"><ele>4431</ele></trkpt>
      <trkpt lat="30.079475" lon="99.635316"><ele>4432</ele></trkpt>
      <trkpt lat="30.079562" lon="99.635355"><ele>4433</ele></trkpt>
      <trkpt lat="30.079639" lon="99.635415"><ele>4433</ele></trkpt>
      <trkpt lat="30.079686" lon="99.635504"><ele>4432</ele></trkpt>
      <trkpt lat="30.079695" lon="99.635612"><ele>4432</ele></trkpt>
      <trkpt lat="30.079622" lon="99.635805"><ele>4432</ele></trkpt>
      <trkpt lat="30.079581" lon="99.636016"><ele>4433</ele></trkpt>
      <trkpt lat="30.079582" lon="99.636123"><ele>4433</ele></trkpt>
      <trkpt lat="30.079596" lon="99.63623"><ele>4434</ele></trkpt>
      <trkpt lat="30.079672" lon="99.636288"><ele>4432</ele></trkpt>
      <trkpt lat="30.079658" lon="99.636398"><ele>4433</ele></trkpt>
      <trkpt lat="30.079593" lon="99.636473"><ele>4434</ele></trkpt>
      <trkpt lat="30.079661" lon="99.6364"><ele>4433</ele></trkpt>
      <trkpt lat="30.079579" lon="99.636448"><ele>4434</ele></trkpt>
      <trkpt lat="30.079545" lon="99.636552"><ele>4435</ele></trkpt>
      <trkpt lat="30.079486" lon="99.636644"><ele>4435</ele></trkpt>
      <trkpt lat="30.079415" lon="99.636723"><ele>4436</ele></trkpt>
      <trkpt lat="30.079333" lon="99.636776"><ele>4433</ele></trkpt>
      <trkpt lat="30.079267" lon="99.636855"><ele>4432</ele></trkpt>
      <trkpt lat="30.0791" lon="99.63697"><ele>4430</ele></trkpt>
      <trkpt lat="30.07905" lon="99.637068"><ele>4428</ele></trkpt>
      <trkpt lat="30.079047" lon="99.637178"><ele>4426</ele></trkpt>
      <trkpt lat="30.078999" lon="99.637267"><ele>4424</ele></trkpt>
      <trkpt lat="30.078928" lon="99.637335"><ele>4424</ele></trkpt>
      <trkpt lat="30.078745" lon="99.637405"><ele>4420</ele></trkpt>
      <trkpt lat="30.078663" lon="99.637449"><ele>4420</ele></trkpt>
      <trkpt lat="30.078613" lon="99.637535"><ele>4420</ele></trkpt>
      <trkpt lat="30.078532" lon="99.637723"><ele>4419</ele></trkpt>
      <trkpt lat="30.078567" lon="99.637828"><ele>4419</ele></trkpt>
      <trkpt lat="30.078611" lon="99.637927"><ele>4419</ele></trkpt>
      <trkpt lat="30.078582" lon="99.638031"><ele>4420</ele></trkpt>
      <trkpt lat="30.07859" lon="99.638139"><ele>4419</ele></trkpt>
      <trkpt lat="30.07859" lon="99.638363"><ele>4420</ele></trkpt>
      <trkpt lat="30.078562" lon="99.638692"><ele>4417</ele></trkpt>
      <trkpt lat="30.078605" lon="99.638907"><ele>4418</ele></trkpt>
      <trkpt lat="30.078641" lon="99.639004"><ele>4419</ele></trkpt>
      <trkpt lat="30.078615" lon="99.639108"><ele>4418</ele></trkpt>
      <trkpt lat="30.078578" lon="99.639326"><ele>4418</ele></trkpt>
      <trkpt lat="30.078586" lon="99.639543"><ele>4418</ele></trkpt>
      <trkpt lat="30.078577" lon="99.639657"><ele>4417</ele></trkpt>
      <trkpt lat="30.078445" lon="99.640068"><ele>4416</ele></trkpt>
      <trkpt lat="30.078431" lon="99.640179"><ele>4415</ele></trkpt>
      <trkpt lat="30.07839" lon="99.640384"><ele>4415</ele></trkpt>
      <trkpt lat="30.078373" lon="99.640602"><ele>4414</ele></trkpt>
      <trkpt lat="30.078345" lon="99.640701"><ele>4415</ele></trkpt>
      <trkpt lat="30.078335" lon="99.640818"><ele>4415</ele></trkpt>
      <trkpt lat="30.078295" lon="99.640912"><ele>4416</ele></trkpt>
      <trkpt lat="30.07827" lon="99.641016"><ele>4415</ele></trkpt>
      <trkpt lat="30.078286" lon="99.641234"><ele>4414</ele></trkpt>
      <trkpt lat="30.078286" lon="99.641342"><ele>4414</ele></trkpt>
      <trkpt lat="30.078269" lon="99.641444"><ele>4414</ele></trkpt>
      <trkpt lat="30.078196" lon="99.641757"><ele>4412</ele></trkpt>
      <trkpt lat="30.078099" lon="99.642065"><ele>4409</ele></trkpt>
      <trkpt lat="30.078082" lon="99.642286"><ele>4408</ele></trkpt>
      <trkpt lat="30.078038" lon="99.642617"><ele>4407</ele></trkpt>
      <trkpt lat="30.07796" lon="99.642934"><ele>4406</ele></trkpt>
      <trkpt lat="30.077956" lon="99.643043"><ele>4405</ele></trkpt>
      <trkpt lat="30.077998" lon="99.643139"><ele>4404</ele></trkpt>
      <trkpt lat="30.078051" lon="99.643224"><ele>4404</ele></trkpt>
      <trkpt lat="30.078017" lon="99.643332"><ele>4404</ele></trkpt>
      <trkpt lat="30.078053" lon="99.643435"><ele>4405</ele></trkpt>
      <trkpt lat="30.078033" lon="99.64365"><ele>4405</ele></trkpt>
      <trkpt lat="30.078033" lon="99.643867"><ele>4406</ele></trkpt>
      <trkpt lat="30.07805" lon="99.64398"><ele>4407</ele></trkpt>
      <trkpt lat="30.078077" lon="99.644085"><ele>4408</ele></trkpt>
      <trkpt lat="30.078012" lon="99.644294"><ele>4409</ele></trkpt>
      <trkpt lat="30.077988" lon="99.644405"><ele>4409</ele></trkpt>
      <trkpt lat="30.077948" lon="99.644505"><ele>4411</ele></trkpt>
      <trkpt lat="30.077928" lon="99.644615"><ele>4410</ele></trkpt>
      <trkpt lat="30.077893" lon="99.64472"><ele>4411</ele></trkpt>
      <trkpt lat="30.077829" lon="99.645048"><ele>4409</ele></trkpt>
      <trkpt lat="30.077802" lon="99.645159"><ele>4410</ele></trkpt>
      <trkpt lat="30.077768" lon="99.645256"><ele>4411</ele></trkpt>
      <trkpt lat="30.077698" lon="99.645566"><ele>4411</ele></trkpt>
      <trkpt lat="30.077665" lon="99.645898"><ele>4410</ele></trkpt>
      <trkpt lat="30.077644" lon="99.64601"><ele>4409</ele></trkpt>
      <trkpt lat="30.077646" lon="99.646114"><ele>4407</ele></trkpt>
      <trkpt lat="30.077662" lon="99.646229"><ele>4403</ele></trkpt>
      <trkpt lat="30.077654" lon="99.646342"><ele>4402</ele></trkpt>
      <trkpt lat="30.077686" lon="99.646441"><ele>4400</ele></trkpt>
      <trkpt lat="30.077687" lon="99.646553"><ele>4401</ele></trkpt>
      <trkpt lat="30.077675" lon="99.646664"><ele>4401</ele></trkpt>
      <trkpt lat="30.077647" lon="99.64677"><ele>4402</ele></trkpt>
      <trkpt lat="30.077631" lon="99.646878"><ele>4404</ele></trkpt>
      <trkpt lat="30.077601" lon="99.646981"><ele>4404</ele></trkpt>
      <trkpt lat="30.077503" lon="99.647171"><ele>4406</ele></trkpt>
      <trkpt lat="30.077465" lon="99.64727"><ele>4408</ele></trkpt>
      <trkpt lat="30.077419" lon="99.647482"><ele>4406</ele></trkpt>
      <trkpt lat="30.07743" lon="99.647922"><ele>4403</ele></trkpt>
      <trkpt lat="30.077449" lon="99.648034"><ele>4403</ele></trkpt>
      <trkpt lat="30.077444" lon="99.648142"><ele>4404</ele></trkpt>
      <trkpt lat="30.077468" lon="99.648256"><ele>4405</ele></trkpt>
      <trkpt lat="30.077503" lon="99.648356"><ele>4403</ele></trkpt>
      <trkpt lat="30.07741" lon="99.648555"><ele>4404</ele></trkpt>
      <trkpt lat="30.077377" lon="99.648653"><ele>4404</ele></trkpt>
      <trkpt lat="30.0774" lon="99.648986"><ele>4403</ele></trkpt>
      <trkpt lat="30.077429" lon="99.64909"><ele>4403</ele></trkpt>
      <trkpt lat="30.077367" lon="99.649308"><ele>4404</ele></trkpt>
      <trkpt lat="30.077355" lon="99.649417"><ele>4403</ele></trkpt>
      <trkpt lat="30.07737" lon="99.649533"><ele>4402</ele></trkpt>
      <trkpt lat="30.077362" lon="99.649645"><ele>4400</ele></trkpt>
      <trkpt lat="30.077427" lon="99.649858"><ele>4399</ele></trkpt>
      <trkpt lat="30.077421" lon="99.649963"><ele>4400</ele></trkpt>
      <trkpt lat="30.077353" lon="99.650172"><ele>4401</ele></trkpt>
      <trkpt lat="30.077331" lon="99.650282"><ele>4401</ele></trkpt>
      <trkpt lat="30.077292" lon="99.650608"><ele>4400</ele></trkpt>
      <trkpt lat="30.077198" lon="99.650921"><ele>4401</ele></trkpt>
      <trkpt lat="30.077191" lon="99.651031"><ele>4400</ele></trkpt>
      <trkpt lat="30.077301" lon="99.651341"><ele>4398</ele></trkpt>
      <trkpt lat="30.077322" lon="99.651455"><ele>4396</ele></trkpt>
      <trkpt lat="30.077313" lon="99.65157"><ele>4398</ele></trkpt>
      <trkpt lat="30.07727" lon="99.65167"><ele>4399</ele></trkpt>
      <trkpt lat="30.077169" lon="99.651845"><ele>4403</ele></trkpt>
      <trkpt lat="30.07713" lon="99.652163"><ele>4401</ele></trkpt>
      <trkpt lat="30.077139" lon="99.652268"><ele>4399</ele></trkpt>
      <trkpt lat="30.077167" lon="99.652371"><ele>4399</ele></trkpt>
      <trkpt lat="30.077258" lon="99.652563"><ele>4395</ele></trkpt>
      <trkpt lat="30.077273" lon="99.652666"><ele>4395</ele></trkpt>
      <trkpt lat="30.077251" lon="99.652775"><ele>4395</ele></trkpt>
      <trkpt lat="30.077214" lon="99.652879"><ele>4396</ele></trkpt>
      <trkpt lat="30.077196" lon="99.652986"><ele>4398</ele></trkpt>
      <trkpt lat="30.077164" lon="99.653421"><ele>4399</ele></trkpt>
      <trkpt lat="30.077159" lon="99.653635"><ele>4398</ele></trkpt>
      <trkpt lat="30.077135" lon="99.653848"><ele>4395</ele></trkpt>
      <trkpt lat="30.077143" lon="99.653955"><ele>4395</ele></trkpt>
      <trkpt lat="30.077068" lon="99.654169"><ele>4396</ele></trkpt>
      <trkpt lat="30.077012" lon="99.654385"><ele>4397</ele></trkpt>
      <trkpt lat="30.077006" lon="99.65449"><ele>4397</ele></trkpt>
      <trkpt lat="30.077032" lon="99.65482"><ele>4392</ele></trkpt>
      <trkpt lat="30.077029" lon="99.654925"><ele>4391</ele></trkpt>
      <trkpt lat="30.07701" lon="99.655028"><ele>4393</ele></trkpt>
      <trkpt lat="30.076891" lon="99.655328"><ele>4391</ele></trkpt>
      <trkpt lat="30.076869" lon="99.655433"><ele>4391</ele></trkpt>
      <trkpt lat="30.076829" lon="99.655533"><ele>4390</ele></trkpt>
      <trkpt lat="30.076731" lon="99.655847"><ele>4389</ele></trkpt>
      <trkpt lat="30.07665" lon="99.656169"><ele>4388</ele></trkpt>
      <trkpt lat="30.076642" lon="99.656499"><ele>4385</ele></trkpt>
      <trkpt lat="30.07663" lon="99.656608"><ele>4384</ele></trkpt>
      <trkpt lat="30.076563" lon="99.656693"><ele>4382</ele></trkpt>
      <trkpt lat="30.07649" lon="99.656895"><ele>4382</ele></trkpt>
      <trkpt lat="30.076483" lon="99.657013"><ele>4383</ele></trkpt>
      <trkpt lat="30.076418" lon="99.65721"><ele>4383</ele></trkpt>
      <trkpt lat="30.076377" lon="99.657305"><ele>4381</ele></trkpt>
      <trkpt lat="30.076312" lon="99.657379"><ele>4382</ele></trkpt>
      <trkpt lat="30.076206" lon="99.65756"><ele>4380</ele></trkpt>
      <trkpt lat="30.075998" lon="99.658056"><ele>4371</ele></trkpt>
      <trkpt lat="30.075914" lon="99.658118"><ele>4369</ele></trkpt>
      <trkpt lat="30.075823" lon="99.658138"><ele>4368</ele></trkpt>
      <trkpt lat="30.075728" lon="99.658146"><ele>4367</ele></trkpt>
      <trkpt lat="30.075645" lon="99.658214"><ele>4364</ele></trkpt>
      <trkpt lat="30.075598" lon="99.658311"><ele>4364</ele></trkpt>
      <trkpt lat="30.075587" lon="99.658425"><ele>4364</ele></trkpt>
      <trkpt lat="30.075613" lon="99.65853"><ele>4364</ele></trkpt>
      <trkpt lat="30.075694" lon="99.658724"><ele>4361</ele></trkpt>
      <trkpt lat="30.075696" lon="99.658835"><ele>4360</ele></trkpt>
      <trkpt lat="30.075737" lon="99.658939"><ele>4360</ele></trkpt>
      <trkpt lat="30.075744" lon="99.659044"><ele>4360</ele></trkpt>
      <trkpt lat="30.07569" lon="99.659248"><ele>4356</ele></trkpt>
      <trkpt lat="30.075741" lon="99.659344"><ele>4354</ele></trkpt>
      <trkpt lat="30.07598" lon="99.659681"><ele>4349</ele></trkpt>
      <trkpt lat="30.076062" lon="99.659893"><ele>4346</ele></trkpt>
      <trkpt lat="30.07608" lon="99.660108"><ele>4343</ele></trkpt>
      <trkpt lat="30.076081" lon="99.660223"><ele>4342</ele></trkpt>
      <trkpt lat="30.076105" lon="99.660436"><ele>4340</ele></trkpt>
      <trkpt lat="30.076126" lon="99.66054"><ele>4338</ele></trkpt>
      <trkpt lat="30.076162" lon="99.660646"><ele>4337</ele></trkpt>
      <trkpt lat="30.076205" lon="99.660985"><ele>4334</ele></trkpt>
      <trkpt lat="30.076229" lon="99.661094"><ele>4332</ele></trkpt>
      <trkpt lat="30.076235" lon="99.661201"><ele>4330</ele></trkpt>
      <trkpt lat="30.076226" lon="99.661313"><ele>4330</ele></trkpt>
      <trkpt lat="30.07623" lon="99.661427"><ele>4328</ele></trkpt>
      <trkpt lat="30.076256" lon="99.661527"><ele>4326</ele></trkpt>
      <trkpt lat="30.076324" lon="99.661726"><ele>4322</ele></trkpt>
      <trkpt lat="30.076345" lon="99.661829"><ele>4321</ele></trkpt>
      <trkpt lat="30.076449" lon="99.662132"><ele>4317</ele></trkpt>
      <trkpt lat="30.076495" lon="99.662339"><ele>4316</ele></trkpt>
      <trkpt lat="30.076538" lon="99.662431"><ele>4315</ele></trkpt>
      <trkpt lat="30.076599" lon="99.662517"><ele>4313</ele></trkpt>
      <trkpt lat="30.076632" lon="99.662616"><ele>4311</ele></trkpt>
      <trkpt lat="30.076614" lon="99.662733"><ele>4310</ele></trkpt>
      <trkpt lat="30.076625" lon="99.662837"><ele>4309</ele></trkpt>
      <trkpt lat="30.076624" lon="99.66296"><ele>4306</ele></trkpt>
      <trkpt lat="30.076685" lon="99.66317"><ele>4303</ele></trkpt>
      <trkpt lat="30.076724" lon="99.663396"><ele>4299</ele></trkpt>
      <trkpt lat="30.076783" lon="99.663596"><ele>4297</ele></trkpt>
      <trkpt lat="30.076832" lon="99.663689"><ele>4296</ele></trkpt>
      <trkpt lat="30.076895" lon="99.663768"><ele>4294</ele></trkpt>
      <trkpt lat="30.076993" lon="99.66397"><ele>4293</ele></trkpt>
      <trkpt lat="30.077057" lon="99.664053"><ele>4293</ele></trkpt>
      <trkpt lat="30.077167" lon="99.664364"><ele>4289</ele></trkpt>
      <trkpt lat="30.077174" lon="99.664473"><ele>4288</ele></trkpt>
      <trkpt lat="30.07725" lon="99.664778"><ele>4285</ele></trkpt>
      <trkpt lat="30.077268" lon="99.664891"><ele>4284</ele></trkpt>
      <trkpt lat="30.077244" lon="99.665004"><ele>4282</ele></trkpt>
      <trkpt lat="30.077272" lon="99.665115"><ele>4281</ele></trkpt>
      <trkpt lat="30.077397" lon="99.665398"><ele>4276</ele></trkpt>
      <trkpt lat="30.077602" lon="99.665635"><ele>4275</ele></trkpt>
      <trkpt lat="30.077723" lon="99.665805"><ele>4271</ele></trkpt>
      <trkpt lat="30.077777" lon="99.665901"><ele>4271</ele></trkpt>
      <trkpt lat="30.07792" lon="99.666061"><ele>4270</ele></trkpt>
      <trkpt lat="30.077964" lon="99.66616"><ele>4271</ele></trkpt>
      <trkpt lat="30.078021" lon="99.66625"><ele>4271</ele></trkpt>
      <trkpt lat="30.078064" lon="99.666344"><ele>4271</ele></trkpt>
      <trkpt lat="30.07812" lon="99.666426"><ele>4271</ele></trkpt>
      <trkpt lat="30.078153" lon="99.666527"><ele>4269</ele></trkpt>
      <trkpt lat="30.078248" lon="99.666528"><ele>4271</ele></trkpt>
      <trkpt lat="30.078301" lon="99.666612"><ele>4270</ele></trkpt>
      <trkpt lat="30.078364" lon="99.666689"><ele>4271</ele></trkpt>
      <trkpt lat="30.078284" lon="99.666744"><ele>4270</ele></trkpt>
      <trkpt lat="30.078226" lon="99.666831"><ele>4270</ele></trkpt>
      <trkpt lat="30.078196" lon="99.66693"><ele>4272</ele></trkpt>
      <trkpt lat="30.078217" lon="99.667035"><ele>4270</ele></trkpt>
      <trkpt lat="30.078188" lon="99.667142"><ele>4270</ele></trkpt>
      <trkpt lat="30.078204" lon="99.667249"><ele>4269</ele></trkpt>
      <trkpt lat="30.078187" lon="99.667138"><ele>4274</ele></trkpt>
      <trkpt lat="30.078207" lon="99.667032"><ele>4276</ele></trkpt>
      <trkpt lat="30.078093" lon="99.667093"><ele>4271</ele></trkpt>
      <trkpt lat="30.077994" lon="99.667183"><ele>4269</ele></trkpt>
      <trkpt lat="30.077933" lon="99.667263"><ele>4269</ele></trkpt>
      <trkpt lat="30.077763" lon="99.667341"><ele>4270</ele></trkpt>
      <trkpt lat="30.077695" lon="99.667415"><ele>4269</ele></trkpt>
      <trkpt lat="30.077659" lon="99.667514"><ele>4268</ele></trkpt>
      <trkpt lat="30.077602" lon="99.667595"><ele>4268</ele></trkpt>
      <trkpt lat="30.077536" lon="99.667669"><ele>4268</ele></trkpt>
      <trkpt lat="30.077448" lon="99.667861"><ele>4268</ele></trkpt>
      <trkpt lat="30.077387" lon="99.66795"><ele>4267</ele></trkpt>
      <trkpt lat="30.077343" lon="99.668043"><ele>4268</ele></trkpt>
      <trkpt lat="30.077287" lon="99.668255"><ele>4268</ele></trkpt>
      <trkpt lat="30.077204" lon="99.668463"><ele>4267</ele></trkpt>
      <trkpt lat="30.077183" lon="99.668582"><ele>4268</ele></trkpt>
      <trkpt lat="30.077143" lon="99.668683"><ele>4269</ele></trkpt>
      <trkpt lat="30.077073" lon="99.668765"><ele>4269</ele></trkpt>
      <trkpt lat="30.077069" lon="99.668875"><ele>4268</ele></trkpt>
      <trkpt lat="30.077108" lon="99.668974"><ele>4268</ele></trkpt>
      <trkpt lat="30.077172" lon="99.669061"><ele>4268</ele></trkpt>
      <trkpt lat="30.077297" lon="99.66936"><ele>4267</ele></trkpt>
      <trkpt lat="30.077233" lon="99.669437"><ele>4268</ele></trkpt>
      <trkpt lat="30.077189" lon="99.66953"><ele>4269</ele></trkpt>
      <trkpt lat="30.077133" lon="99.669612"><ele>4270</ele></trkpt>
      <trkpt lat="30.077035" lon="99.669617"><ele>4271</ele></trkpt>
      <trkpt lat="30.076866" lon="99.669718"><ele>4271</ele></trkpt>
      <trkpt lat="30.076582" lon="99.67"><ele>4270</ele></trkpt>
      <trkpt lat="30.07639" lon="99.670234"><ele>4269</ele></trkpt>
      <trkpt lat="30.076314" lon="99.6703"><ele>4269</ele></trkpt>
      <trkpt lat="30.076154" lon="99.670415"><ele>4270</ele></trkpt>
      <trkpt lat="30.076091" lon="99.670492"><ele>4269</ele></trkpt>
      <trkpt lat="30.076001" lon="99.670537"><ele>4270</ele></trkpt>
      <trkpt lat="30.075927" lon="99.670598"><ele>4271</ele></trkpt>
      <trkpt lat="30.075732" lon="99.670831"><ele>4271</ele></trkpt>
      <trkpt lat="30.075613" lon="99.671012"><ele>4271</ele></trkpt>
      <trkpt lat="30.075562" lon="99.67111"><ele>4270</ele></trkpt>
      <trkpt lat="30.075436" lon="99.671287"><ele>4272</ele></trkpt>
      <trkpt lat="30.075336" lon="99.671474"><ele>4271</ele></trkpt>
      <trkpt lat="30.075192" lon="99.671619"><ele>4274</ele></trkpt>
      <trkpt lat="30.075158" lon="99.67172"><ele>4271</ele></trkpt>
      <trkpt lat="30.075215" lon="99.671807"><ele>4270</ele></trkpt>
      <trkpt lat="30.075159" lon="99.671896"><ele>4272</ele></trkpt>
      <trkpt lat="30.075075" lon="99.671938"><ele>4274</ele></trkpt>
      <trkpt lat="30.075036" lon="99.672033"><ele>4274</ele></trkpt>
      <trkpt lat="30.075006" lon="99.672134"><ele>4271</ele></trkpt>
      <trkpt lat="30.075015" lon="99.672243"><ele>4270</ele></trkpt>
      <trkpt lat="30.07493" lon="99.672281"><ele>4277</ele></trkpt>
      <trkpt lat="30.074938" lon="99.672388"><ele>4276</ele></trkpt>
      <trkpt lat="30.074921" lon="99.672496"><ele>4276</ele></trkpt>
      <trkpt lat="30.074869" lon="99.672593"><ele>4277</ele></trkpt>
      <trkpt lat="30.074716" lon="99.672718"><ele>4279</ele></trkpt>
      <trkpt lat="30.07465" lon="99.67279"><ele>4280</ele></trkpt>
      <trkpt lat="30.074553" lon="99.672969"><ele>4279</ele></trkpt>
      <trkpt lat="30.07443" lon="99.673264"><ele>4277</ele></trkpt>
      <trkpt lat="30.0744" lon="99.673372"><ele>4278</ele></trkpt>
      <trkpt lat="30.074317" lon="99.673563"><ele>4278</ele></trkpt>
      <trkpt lat="30.074295" lon="99.673664"><ele>4278</ele></trkpt>
      <trkpt lat="30.074242" lon="99.673758"><ele>4278</ele></trkpt>
      <trkpt lat="30.074213" lon="99.673865"><ele>4278</ele></trkpt>
      <trkpt lat="30.074294" lon="99.674068"><ele>4279</ele></trkpt>
      <trkpt lat="30.07432" lon="99.674171"><ele>4279</ele></trkpt>
      <trkpt lat="30.074365" lon="99.674264"><ele>4279</ele></trkpt>
      <trkpt lat="30.074422" lon="99.674346"><ele>4279</ele></trkpt>
      <trkpt lat="30.074585" lon="99.674446"><ele>4277</ele></trkpt>
      <trkpt lat="30.074671" lon="99.674487"><ele>4276</ele></trkpt>
      <trkpt lat="30.074749" lon="99.674543"><ele>4276</ele></trkpt>
      <trkpt lat="30.074924" lon="99.674806"><ele>4279</ele></trkpt>
      <trkpt lat="30.075025" lon="99.674991"><ele>4279</ele></trkpt>
      <trkpt lat="30.075268" lon="99.675324"><ele>4280</ele></trkpt>
      <trkpt lat="30.075314" lon="99.675418"><ele>4281</ele></trkpt>
      <trkpt lat="30.075407" lon="99.675449"><ele>4279</ele></trkpt>
      <trkpt lat="30.0755" lon="99.675436"><ele>4278</ele></trkpt>
      <trkpt lat="30.075592" lon="99.675436"><ele>4278</ele></trkpt>
      <trkpt lat="30.075683" lon="99.67545"><ele>4277</ele></trkpt>
      <trkpt lat="30.075779" lon="99.675478"><ele>4278</ele></trkpt>
      <trkpt lat="30.075876" lon="99.675485"><ele>4277</ele></trkpt>
      <trkpt lat="30.076155" lon="99.675472"><ele>4278</ele></trkpt>
      <trkpt lat="30.07625" lon="99.675486"><ele>4277</ele></trkpt>
      <trkpt lat="30.07644" lon="99.675492"><ele>4279</ele></trkpt>
      <trkpt lat="30.076537" lon="99.675527"><ele>4277</ele></trkpt>
      <trkpt lat="30.076731" lon="99.67557"><ele>4277</ele></trkpt>
      <trkpt lat="30.076827" lon="99.675575"><ele>4279</ele></trkpt>
      <trkpt lat="30.0772" lon="99.675631"><ele>4276</ele></trkpt>
      <trkpt lat="30.077387" lon="99.675688"><ele>4276</ele></trkpt>
      <trkpt lat="30.077479" lon="99.675722"><ele>4276</ele></trkpt>
      <trkpt lat="30.07765" lon="99.675817"><ele>4279</ele></trkpt>
      <trkpt lat="30.077738" lon="99.675856"><ele>4278</ele></trkpt>
      <trkpt lat="30.077817" lon="99.67591"><ele>4279</ele></trkpt>
      <trkpt lat="30.077967" lon="99.676055"><ele>4280</ele></trkpt>
      <trkpt lat="30.078027" lon="99.676134"><ele>4280</ele></trkpt>
      <trkpt lat="30.078056" lon="99.676236"><ele>4281</ele></trkpt>
      <trkpt lat="30.078031" lon="99.676339"><ele>4281</ele></trkpt>
      <trkpt lat="30.078038" lon="99.676447"><ele>4283</ele></trkpt>
      <trkpt lat="30.077974" lon="99.676527"><ele>4281</ele></trkpt>
      <trkpt lat="30.077925" lon="99.676615"><ele>4279</ele></trkpt>
      <trkpt lat="30.077946" lon="99.676466"><ele>4291</ele></trkpt>
      <trkpt lat="30.077934" lon="99.676574"><ele>4287</ele></trkpt>
      <trkpt lat="30.077939" lon="99.676471"><ele>4294</ele></trkpt>
      <trkpt lat="30.077904" lon="99.676588"><ele>4288</ele></trkpt>
      <trkpt lat="30.077988" lon="99.676546"><ele>4282</ele></trkpt>
      <trkpt lat="30.078121" lon="99.676535"><ele>4289</ele></trkpt>
      <trkpt lat="30.078655" lon="99.676668"><ele>4287</ele></trkpt>
      <trkpt lat="30.078761" lon="99.676715"><ele>4287</ele></trkpt>
      <trkpt lat="30.078987" lon="99.676789"><ele>4287</ele></trkpt>
      <trkpt lat="30.079079" lon="99.676832"><ele>4287</ele></trkpt>
      <trkpt lat="30.079172" lon="99.676849"><ele>4288</ele></trkpt>
      <trkpt lat="30.079264" lon="99.676844"><ele>4285</ele></trkpt>
      <trkpt lat="30.079346" lon="99.67689"><ele>4286</ele></trkpt>
      <trkpt lat="30.079253" lon="99.676857"><ele>4288</ele></trkpt>
      <trkpt lat="30.079162" lon="99.676856"><ele>4289</ele></trkpt>
      <trkpt lat="30.079063" lon="99.676818"><ele>4288</ele></trkpt>
      <trkpt lat="30.078956" lon="99.676745"><ele>4288</ele></trkpt>
      <trkpt lat="30.078848" lon="99.6767"><ele>4290</ele></trkpt>
      <trkpt lat="30.07872" lon="99.676663"><ele>4289</ele></trkpt>
      <trkpt lat="30.07849" lon="99.676614"><ele>4290</ele></trkpt>
      <trkpt lat="30.078362" lon="99.676568"><ele>4288</ele></trkpt>
      <trkpt lat="30.078244" lon="99.676561"><ele>4289</ele></trkpt>
      <trkpt lat="30.078154" lon="99.676539"><ele>4288</ele></trkpt>
      <trkpt lat="30.078055" lon="99.676502"><ele>4288</ele></trkpt>
      <trkpt lat="30.077963" lon="99.67653"><ele>4287</ele></trkpt>
      <trkpt lat="30.077936" lon="99.676631"><ele>4287</ele></trkpt>
      <trkpt lat="30.077873" lon="99.676725"><ele>4293</ele></trkpt>
      <trkpt lat="30.077926" lon="99.676638"><ele>4295</ele></trkpt>
      <trkpt lat="30.07794" lon="99.676535"><ele>4291</ele></trkpt>
      <trkpt lat="30.077938" lon="99.676645"><ele>4287</ele></trkpt>
      <trkpt lat="30.077832" lon="99.67669"><ele>4296</ele></trkpt>
      <trkpt lat="30.077941" lon="99.676629"><ele>4290</ele></trkpt>
      <trkpt lat="30.077958" lon="99.676523"><ele>4285</ele></trkpt>
      <trkpt lat="30.078036" lon="99.676467"><ele>4284</ele></trkpt>
      <trkpt lat="30.078051" lon="99.676364"><ele>4285</ele></trkpt>
      <trkpt lat="30.078043" lon="99.67626"><ele>4285</ele></trkpt>
      <trkpt lat="30.078042" lon="99.676365"><ele>4286</ele></trkpt>
      <trkpt lat="30.07794" lon="99.676552"><ele>4290</ele></trkpt>
      <trkpt lat="30.077875" lon="99.676629"><ele>4289</ele></trkpt>
      <trkpt lat="30.077874" lon="99.676764"><ele>4291</ele></trkpt>
      <trkpt lat="30.077969" lon="99.676581"><ele>4288</ele></trkpt>
      <trkpt lat="30.077893" lon="99.676637"><ele>4290</ele></trkpt>
      <trkpt lat="30.077977" lon="99.67659"><ele>4285</ele></trkpt>
      <trkpt lat="30.077918" lon="99.676673"><ele>4286</ele></trkpt>
      <trkpt lat="30.077889" lon="99.676616"><ele>4308</ele></trkpt>
      <trkpt lat="30.077934" lon="99.676566"><ele>4281</ele></trkpt>
      <trkpt lat="30.078129" lon="99.676586"><ele>4281</ele></trkpt>
      <trkpt lat="30.078219" lon="99.676614"><ele>4282</ele></trkpt>
      <trkpt lat="30.078407" lon="99.676609"><ele>4282</ele></trkpt>
      <trkpt lat="30.078595" lon="99.676638"><ele>4282</ele></trkpt>
      <trkpt lat="30.078688" lon="99.67668"><ele>4281</ele></trkpt>
      <trkpt lat="30.078876" lon="99.676734"><ele>4282</ele></trkpt>
      <trkpt lat="30.078969" lon="99.676743"><ele>4283</ele></trkpt>
      <trkpt lat="30.079063" lon="99.676767"><ele>4281</ele></trkpt>
      <trkpt lat="30.079149" lon="99.676818"><ele>4280</ele></trkpt>
      <trkpt lat="30.079327" lon="99.676903"><ele>4279</ele></trkpt>
      <trkpt lat="30.079515" lon="99.676898"><ele>4278</ele></trkpt>
      <trkpt lat="30.079605" lon="99.676931"><ele>4277</ele></trkpt>
      <trkpt lat="30.079889" lon="99.676979"><ele>4279</ele></trkpt>
      <trkpt lat="30.079984" lon="99.676947"><ele>4277</ele></trkpt>
      <trkpt lat="30.080065" lon="99.676899"><ele>4277</ele></trkpt>
      <trkpt lat="30.080146" lon="99.676839"><ele>4278</ele></trkpt>
      <trkpt lat="30.080205" lon="99.676749"><ele>4277</ele></trkpt>
      <trkpt lat="30.08039" lon="99.676688"><ele>4276</ele></trkpt>
      <trkpt lat="30.080463" lon="99.676752"><ele>4275</ele></trkpt>
      <trkpt lat="30.080652" lon="99.67675"><ele>4274</ele></trkpt>
      <trkpt lat="30.080938" lon="99.67679"><ele>4272</ele></trkpt>
      <trkpt lat="30.081126" lon="99.676794"><ele>4271</ele></trkpt>
      <trkpt lat="30.081325" lon="99.676772"><ele>4269</ele></trkpt>
      <trkpt lat="30.081417" lon="99.676783"><ele>4269</ele></trkpt>
      <trkpt lat="30.081506" lon="99.676816"><ele>4270</ele></trkpt>
      <trkpt lat="30.081601" lon="99.676786"><ele>4270</ele></trkpt>
      <trkpt lat="30.081695" lon="99.676799"><ele>4269</ele></trkpt>
      <trkpt lat="30.081796" lon="99.676792"><ele>4269</ele></trkpt>
      <trkpt lat="30.081892" lon="99.676802"><ele>4269</ele></trkpt>
      <trkpt lat="30.081981" lon="99.676828"><ele>4269</ele></trkpt>
      <trkpt lat="30.082076" lon="99.676834"><ele>4269</ele></trkpt>
      <trkpt lat="30.08217" lon="99.676855"><ele>4268</ele></trkpt>
      <trkpt lat="30.082348" lon="99.676904"><ele>4269</ele></trkpt>
      <trkpt lat="30.082536" lon="99.67689"><ele>4269</ele></trkpt>
      <trkpt lat="30.08272" lon="99.676928"><ele>4268</ele></trkpt>
      <trkpt lat="30.082969" lon="99.677083"><ele>4269</ele></trkpt>
      <trkpt lat="30.083055" lon="99.677124"><ele>4268</ele></trkpt>
      <trkpt lat="30.083137" lon="99.677176"><ele>4268</ele></trkpt>
      <trkpt lat="30.083231" lon="99.67719"><ele>4267</ele></trkpt>
      <trkpt lat="30.083295" lon="99.677265"><ele>4268</ele></trkpt>
      <trkpt lat="30.083386" lon="99.677296"><ele>4269</ele></trkpt>
      <trkpt lat="30.083476" lon="99.677309"><ele>4268</ele></trkpt>
      <trkpt lat="30.083568" lon="99.677342"><ele>4269</ele></trkpt>
      <trkpt lat="30.083655" lon="99.67738"><ele>4268</ele></trkpt>
      <trkpt lat="30.083818" lon="99.677482"><ele>4267</ele></trkpt>
      <trkpt lat="30.083892" lon="99.677548"><ele>4267</ele></trkpt>
      <trkpt lat="30.083972" lon="99.677601"><ele>4267</ele></trkpt>
      <trkpt lat="30.084098" lon="99.677773"><ele>4266</ele></trkpt>
      <trkpt lat="30.084235" lon="99.677917"><ele>4268</ele></trkpt>
      <trkpt lat="30.084308" lon="99.677977"><ele>4268</ele></trkpt>
      <trkpt lat="30.084393" lon="99.678029"><ele>4268</ele></trkpt>
      <trkpt lat="30.084431" lon="99.678129"><ele>4267</ele></trkpt>
      <trkpt lat="30.084598" lon="99.678239"><ele>4267</ele></trkpt>
      <trkpt lat="30.084677" lon="99.678302"><ele>4266</ele></trkpt>
      <trkpt lat="30.084748" lon="99.678374"><ele>4266</ele></trkpt>
      <trkpt lat="30.084911" lon="99.678498"><ele>4267</ele></trkpt>
      <trkpt lat="30.084983" lon="99.678579"><ele>4266</ele></trkpt>
      <trkpt lat="30.085136" lon="99.678708"><ele>4266</ele></trkpt>
      <trkpt lat="30.085398" lon="99.678859"><ele>4267</ele></trkpt>
      <trkpt lat="30.085475" lon="99.67893"><ele>4266</ele></trkpt>
      <trkpt lat="30.085611" lon="99.679095"><ele>4265</ele></trkpt>
      <trkpt lat="30.085689" lon="99.679169"><ele>4266</ele></trkpt>
      <trkpt lat="30.085846" lon="99.6793"><ele>4264</ele></trkpt>
      <trkpt lat="30.085914" lon="99.679371"><ele>4264</ele></trkpt>
      <trkpt lat="30.085998" lon="99.679422"><ele>4264</ele></trkpt>
      <trkpt lat="30.086148" lon="99.679545"><ele>4264</ele></trkpt>
      <trkpt lat="30.086387" lon="99.679875"><ele>4264</ele></trkpt>
      <trkpt lat="30.08668" lon="99.680143"><ele>4264</ele></trkpt>
      <trkpt lat="30.08676" lon="99.6802"><ele>4264</ele></trkpt>
      <trkpt lat="30.086911" lon="99.680331"><ele>4264</ele></trkpt>
      <trkpt lat="30.08712" lon="99.680555"><ele>4264</ele></trkpt>
      <trkpt lat="30.087424" lon="99.680808"><ele>4263</ele></trkpt>
      <trkpt lat="30.087491" lon="99.68088"><ele>4263</ele></trkpt>
      <trkpt lat="30.08758" lon="99.680915"><ele>4263</ele></trkpt>
      <trkpt lat="30.087732" lon="99.681042"><ele>4262</ele></trkpt>
      <trkpt lat="30.087814" lon="99.681093"><ele>4263</ele></trkpt>
      <trkpt lat="30.087953" lon="99.681241"><ele>4262</ele></trkpt>
      <trkpt lat="30.088035" lon="99.681298"><ele>4262</ele></trkpt>
      <trkpt lat="30.088121" lon="99.681349"><ele>4262</ele></trkpt>
      <trkpt lat="30.088309" lon="99.681415"><ele>4262</ele></trkpt>
      <trkpt lat="30.088466" lon="99.681531"><ele>4262</ele></trkpt>
      <trkpt lat="30.08861" lon="99.681679"><ele>4263</ele></trkpt>
      <trkpt lat="30.088659" lon="99.681766"><ele>4262</ele></trkpt>
      <trkpt lat="30.088697" lon="99.681874"><ele>4262</ele></trkpt>
      <trkpt lat="30.08882" lon="99.682047"><ele>4261</ele></trkpt>
      <trkpt lat="30.088897" lon="99.68212"><ele>4260</ele></trkpt>
      <trkpt lat="30.088991" lon="99.682129"><ele>4259</ele></trkpt>
      <trkpt lat="30.089143" lon="99.682272"><ele>4259</ele></trkpt>
      <trkpt lat="30.089378" lon="99.682447"><ele>4260</ele></trkpt>
      <trkpt lat="30.089451" lon="99.682515"><ele>4260</ele></trkpt>
      <trkpt lat="30.089687" lon="99.682684"><ele>4258</ele></trkpt>
      <trkpt lat="30.089754" lon="99.682769"><ele>4258</ele></trkpt>
      <trkpt lat="30.089802" lon="99.682861"><ele>4257</ele></trkpt>
      <trkpt lat="30.089998" lon="99.68309"><ele>4258</ele></trkpt>
      <trkpt lat="30.09004" lon="99.683193"><ele>4258</ele></trkpt>
      <trkpt lat="30.090175" lon="99.683353"><ele>4258</ele></trkpt>
      <trkpt lat="30.090331" lon="99.683469"><ele>4259</ele></trkpt>
      <trkpt lat="30.090549" lon="99.683666"><ele>4260</ele></trkpt>
      <trkpt lat="30.090781" lon="99.683857"><ele>4258</ele></trkpt>
      <trkpt lat="30.090823" lon="99.683955"><ele>4259</ele></trkpt>
      <trkpt lat="30.090872" lon="99.684042"><ele>4259</ele></trkpt>
      <trkpt lat="30.090939" lon="99.684112"><ele>4258</ele></trkpt>
      <trkpt lat="30.091172" lon="99.684295"><ele>4257</ele></trkpt>
      <trkpt lat="30.091239" lon="99.684366"><ele>4256</ele></trkpt>
      <trkpt lat="30.091333" lon="99.684403"><ele>4257</ele></trkpt>
      <trkpt lat="30.091411" lon="99.68446"><ele>4256</ele></trkpt>
      <trkpt lat="30.091499" lon="99.684507"><ele>4257</ele></trkpt>
      <trkpt lat="30.0918" lon="99.684775"><ele>4257</ele></trkpt>
      <trkpt lat="30.092078" lon="99.684821"><ele>4259</ele></trkpt>
      <trkpt lat="30.09217" lon="99.684858"><ele>4260</ele></trkpt>
      <trkpt lat="30.092255" lon="99.684896"><ele>4260</ele></trkpt>
      <trkpt lat="30.092416" lon="99.685014"><ele>4259</ele></trkpt>
      <trkpt lat="30.092507" lon="99.685054"><ele>4260</ele></trkpt>
      <trkpt lat="30.092677" lon="99.685148"><ele>4262</ele></trkpt>
      <trkpt lat="30.09277" lon="99.685181"><ele>4262</ele></trkpt>
      <trkpt lat="30.092827" lon="99.685265"><ele>4263</ele></trkpt>
      <trkpt lat="30.09299" lon="99.685389"><ele>4265</ele></trkpt>
      <trkpt lat="30.093208" lon="99.685608"><ele>4263</ele></trkpt>
      <trkpt lat="30.093298" lon="99.68564"><ele>4265</ele></trkpt>
      <trkpt lat="30.093376" lon="99.685696"><ele>4265</ele></trkpt>
      <trkpt lat="30.093463" lon="99.685739"><ele>4264</ele></trkpt>
      <trkpt lat="30.093555" lon="99.685741"><ele>4265</ele></trkpt>
      <trkpt lat="30.093638" lon="99.685788"><ele>4265</ele></trkpt>
      <trkpt lat="30.094024" lon="99.68611"><ele>4263</ele></trkpt>
      <trkpt lat="30.094195" lon="99.686192"><ele>4264</ele></trkpt>
      <trkpt lat="30.094409" lon="99.686408"><ele>4266</ele></trkpt>
      <trkpt lat="30.094557" lon="99.686538"><ele>4265</ele></trkpt>
      <trkpt lat="30.094636" lon="99.686593"><ele>4264</ele></trkpt>
      <trkpt lat="30.094787" lon="99.686746"><ele>4264</ele></trkpt>
      <trkpt lat="30.094949" lon="99.686861"><ele>4264</ele></trkpt>
      <trkpt lat="30.095022" lon="99.686937"><ele>4263</ele></trkpt>
      <trkpt lat="30.095078" lon="99.687031"><ele>4264</ele></trkpt>
      <trkpt lat="30.095222" lon="99.687173"><ele>4262</ele></trkpt>
      <trkpt lat="30.095294" lon="99.687237"><ele>4262</ele></trkpt>
      <trkpt lat="30.095383" lon="99.68729"><ele>4261</ele></trkpt>
      <trkpt lat="30.095465" lon="99.687352"><ele>4260</ele></trkpt>
      <trkpt lat="30.095537" lon="99.687424"><ele>4262</ele></trkpt>
      <trkpt lat="30.095614" lon="99.687485"><ele>4262</ele></trkpt>
      <trkpt lat="30.095754" lon="99.687629"><ele>4261</ele></trkpt>
      <trkpt lat="30.095921" lon="99.687734"><ele>4261</ele></trkpt>
      <trkpt lat="30.096011" lon="99.68777"><ele>4261</ele></trkpt>
      <trkpt lat="30.096099" lon="99.687826"><ele>4260</ele></trkpt>
      <trkpt lat="30.096178" lon="99.687899"><ele>4259</ele></trkpt>
      <trkpt lat="30.096244" lon="99.687979"><ele>4259</ele></trkpt>
      <trkpt lat="30.096339" lon="99.688163"><ele>4260</ele></trkpt>
      <trkpt lat="30.096414" lon="99.68824"><ele>4258</ele></trkpt>
      <trkpt lat="30.096471" lon="99.688328"><ele>4259</ele></trkpt>
      <trkpt lat="30.096547" lon="99.688384"><ele>4259</ele></trkpt>
      <trkpt lat="30.096615" lon="99.688452"><ele>4259</ele></trkpt>
      <trkpt lat="30.096945" lon="99.688844"><ele>4260</ele></trkpt>
      <trkpt lat="30.097014" lon="99.688914"><ele>4259</ele></trkpt>
      <trkpt lat="30.097074" lon="99.688997"><ele>4260</ele></trkpt>
      <trkpt lat="30.097241" lon="99.689089"><ele>4260</ele></trkpt>
      <trkpt lat="30.097486" lon="99.689242"><ele>4259</ele></trkpt>
      <trkpt lat="30.097563" lon="99.689306"><ele>4259</ele></trkpt>
      <trkpt lat="30.097631" lon="99.68939"><ele>4259</ele></trkpt>
      <trkpt lat="30.097663" lon="99.689489"><ele>4259</ele></trkpt>
      <trkpt lat="30.097874" lon="99.689702"><ele>4258</ele></trkpt>
      <trkpt lat="30.098014" lon="99.689867"><ele>4258</ele></trkpt>
      <trkpt lat="30.098135" lon="99.690026"><ele>4257</ele></trkpt>
      <trkpt lat="30.098203" lon="99.690105"><ele>4256</ele></trkpt>
      <trkpt lat="30.098279" lon="99.690174"><ele>4258</ele></trkpt>
      <trkpt lat="30.098371" lon="99.690188"><ele>4258</ele></trkpt>
      <trkpt lat="30.098561" lon="99.690195"><ele>4259</ele></trkpt>
      <trkpt lat="30.098825" lon="99.690335"><ele>4258</ele></trkpt>
      <trkpt lat="30.09901" lon="99.690394"><ele>4258</ele></trkpt>
      <trkpt lat="30.099089" lon="99.690443"><ele>4258</ele></trkpt>
      <trkpt lat="30.099157" lon="99.690513"><ele>4257</ele></trkpt>
      <trkpt lat="30.099476" lon="99.690748"><ele>4255</ele></trkpt>
      <trkpt lat="30.099558" lon="99.690796"><ele>4254</ele></trkpt>
      <trkpt lat="30.099629" lon="99.690864"><ele>4253</ele></trkpt>
      <trkpt lat="30.09971" lon="99.69092"><ele>4253</ele></trkpt>
      <trkpt lat="30.099992" lon="99.691002"><ele>4254</ele></trkpt>
      <trkpt lat="30.100085" lon="99.691017"><ele>4254</ele></trkpt>
      <trkpt lat="30.100273" lon="99.69107"><ele>4256</ele></trkpt>
      <trkpt lat="30.100533" lon="99.69119"><ele>4255</ele></trkpt>
      <trkpt lat="30.100711" lon="99.691289"><ele>4255</ele></trkpt>
      <trkpt lat="30.100884" lon="99.691361"><ele>4253</ele></trkpt>
      <trkpt lat="30.100963" lon="99.691411"><ele>4253</ele></trkpt>
      <trkpt lat="30.101054" lon="99.691452"><ele>4253</ele></trkpt>
      <trkpt lat="30.101134" lon="99.691509"><ele>4254</ele></trkpt>
      <trkpt lat="30.101276" lon="99.691661"><ele>4254</ele></trkpt>
      <trkpt lat="30.101366" lon="99.691715"><ele>4254</ele></trkpt>
      <trkpt lat="30.101516" lon="99.691843"><ele>4254</ele></trkpt>
      <trkpt lat="30.101583" lon="99.691919"><ele>4253</ele></trkpt>
      <trkpt lat="30.101666" lon="99.691963"><ele>4253</ele></trkpt>
      <trkpt lat="30.101803" lon="99.69212"><ele>4255</ele></trkpt>
      <trkpt lat="30.102134" lon="99.692362"><ele>4256</ele></trkpt>
      <trkpt lat="30.102216" lon="99.69241"><ele>4256</ele></trkpt>
      <trkpt lat="30.10235" lon="99.692573"><ele>4256</ele></trkpt>
      <trkpt lat="30.102422" lon="99.69264"><ele>4256</ele></trkpt>
      <trkpt lat="30.102505" lon="99.692698"><ele>4255</ele></trkpt>
      <trkpt lat="30.102632" lon="99.692871"><ele>4254</ele></trkpt>
      <trkpt lat="30.102777" lon="99.693002"><ele>4255</ele></trkpt>
      <trkpt lat="30.103184" lon="99.693296"><ele>4256</ele></trkpt>
      <trkpt lat="30.103396" lon="99.693506"><ele>4257</ele></trkpt>
      <trkpt lat="30.103478" lon="99.693558"><ele>4257</ele></trkpt>
      <trkpt lat="30.103549" lon="99.693637"><ele>4258</ele></trkpt>
      <trkpt lat="30.103594" lon="99.69373"><ele>4258</ele></trkpt>
      <trkpt lat="30.103647" lon="99.69378"><ele>4258</ele></trkpt>
      <trkpt lat="30.103825" lon="99.693829"><ele>4259</ele></trkpt>
      <trkpt lat="30.103984" lon="99.693969"><ele>4259</ele></trkpt>
      <trkpt lat="30.104128" lon="99.694119"><ele>4259</ele></trkpt>
      <trkpt lat="30.104511" lon="99.694443"><ele>4260</ele></trkpt>
      <trkpt lat="30.104803" lon="99.694719"><ele>4262</ele></trkpt>
      <trkpt lat="30.104962" lon="99.694848"><ele>4263</ele></trkpt>
      <trkpt lat="30.105035" lon="99.694916"><ele>4263</ele></trkpt>
      <trkpt lat="30.105294" lon="99.695245"><ele>4263</ele></trkpt>
      <trkpt lat="30.105378" lon="99.695297"><ele>4263</ele></trkpt>
      <trkpt lat="30.105464" lon="99.69533"><ele>4263</ele></trkpt>
      <trkpt lat="30.105629" lon="99.695434"><ele>4265</ele></trkpt>
      <trkpt lat="30.105796" lon="99.695524"><ele>4267</ele></trkpt>
      <trkpt lat="30.105868" lon="99.695598"><ele>4266</ele></trkpt>
      <trkpt lat="30.105958" lon="99.695642"><ele>4266</ele></trkpt>
      <trkpt lat="30.106048" lon="99.695705"><ele>4267</ele></trkpt>
      <trkpt lat="30.106119" lon="99.695772"><ele>4268</ele></trkpt>
      <trkpt lat="30.106182" lon="99.695852"><ele>4268</ele></trkpt>
      <trkpt lat="30.106412" lon="99.696199"><ele>4269</ele></trkpt>
      <trkpt lat="30.106516" lon="99.696501"><ele>4269</ele></trkpt>
      <trkpt lat="30.106523" lon="99.696606"><ele>4269</ele></trkpt>
      <trkpt lat="30.106604" lon="99.696813"><ele>4270</ele></trkpt>
      <trkpt lat="30.106664" lon="99.696901"><ele>4270</ele></trkpt>
      <trkpt lat="30.106737" lon="99.696982"><ele>4269</ele></trkpt>
      <trkpt lat="30.106858" lon="99.697139"><ele>4269</ele></trkpt>
      <trkpt lat="30.106913" lon="99.697222"><ele>4270</ele></trkpt>
      <trkpt lat="30.107013" lon="99.697409"><ele>4270</ele></trkpt>
      <trkpt lat="30.107045" lon="99.697508"><ele>4269</ele></trkpt>
      <trkpt lat="30.10711" lon="99.697592"><ele>4270</ele></trkpt>
      <trkpt lat="30.10726" lon="99.697866"><ele>4270</ele></trkpt>
      <trkpt lat="30.107341" lon="99.697933"><ele>4270</ele></trkpt>
      <trkpt lat="30.107422" lon="99.697986"><ele>4271</ele></trkpt>
      <trkpt lat="30.107538" lon="99.698156"><ele>4272</ele></trkpt>
      <trkpt lat="30.107792" lon="99.698488"><ele>4270</ele></trkpt>
      <trkpt lat="30.107927" lon="99.698641"><ele>4269</ele></trkpt>
      <trkpt lat="30.108075" lon="99.698777"><ele>4270</ele></trkpt>
      <trkpt lat="30.108169" lon="99.698973"><ele>4271</ele></trkpt>
      <trkpt lat="30.108299" lon="99.699141"><ele>4271</ele></trkpt>
      <trkpt lat="30.108512" lon="99.699376"><ele>4270</ele></trkpt>
      <trkpt lat="30.108745" lon="99.699587"><ele>4268</ele></trkpt>
      <trkpt lat="30.108804" lon="99.699677"><ele>4268</ele></trkpt>
      <trkpt lat="30.108846" lon="99.699772"><ele>4268</ele></trkpt>
      <trkpt lat="30.10886" lon="99.699877"><ele>4268</ele></trkpt>
      <trkpt lat="30.108916" lon="99.699967"><ele>4269</ele></trkpt>
      <trkpt lat="30.108983" lon="99.70005"><ele>4269</ele></trkpt>
      <trkpt lat="30.109041" lon="99.700265"><ele>4267</ele></trkpt>
      <trkpt lat="30.10905" lon="99.700383"><ele>4267</ele></trkpt>
      <trkpt lat="30.109095" lon="99.700487"><ele>4268</ele></trkpt>
      <trkpt lat="30.109165" lon="99.700571"><ele>4267</ele></trkpt>
      <trkpt lat="30.109274" lon="99.700744"><ele>4267</ele></trkpt>
      <trkpt lat="30.109305" lon="99.700854"><ele>4267</ele></trkpt>
      <trkpt lat="30.109359" lon="99.700951"><ele>4268</ele></trkpt>
      <trkpt lat="30.109631" lon="99.701249"><ele>4268</ele></trkpt>
      <trkpt lat="30.109667" lon="99.701349"><ele>4269</ele></trkpt>
      <trkpt lat="30.109683" lon="99.701457"><ele>4269</ele></trkpt>
      <trkpt lat="30.109709" lon="99.701563"><ele>4271</ele></trkpt>
      <trkpt lat="30.109774" lon="99.701764"><ele>4274</ele></trkpt>
      <trkpt lat="30.109825" lon="99.70185"><ele>4276</ele></trkpt>
      <trkpt lat="30.109902" lon="99.701916"><ele>4276</ele></trkpt>
      <trkpt lat="30.10999" lon="99.701951"><ele>4277</ele></trkpt>
      <trkpt lat="30.110053" lon="99.702025"><ele>4277</ele></trkpt>
      <trkpt lat="30.110131" lon="99.702083"><ele>4276</ele></trkpt>
      <trkpt lat="30.110268" lon="99.702226"><ele>4275</ele></trkpt>
      <trkpt lat="30.110355" lon="99.702267"><ele>4276</ele></trkpt>
      <trkpt lat="30.110442" lon="99.702324"><ele>4276</ele></trkpt>
      <trkpt lat="30.110511" lon="99.702399"><ele>4277</ele></trkpt>
      <trkpt lat="30.110557" lon="99.702495"><ele>4278</ele></trkpt>
      <trkpt lat="30.110631" lon="99.702811"><ele>4280</ele></trkpt>
      <trkpt lat="30.110666" lon="99.702907"><ele>4281</ele></trkpt>
      <trkpt lat="30.110776" lon="99.703079"><ele>4283</ele></trkpt>
      <trkpt lat="30.11084" lon="99.70316"><ele>4284</ele></trkpt>
      <trkpt lat="30.111061" lon="99.70364"><ele>4289</ele></trkpt>
      <trkpt lat="30.111126" lon="99.703713"><ele>4289</ele></trkpt>
      <trkpt lat="30.111287" lon="99.703828"><ele>4291</ele></trkpt>
      <trkpt lat="30.11134" lon="99.703922"><ele>4292</ele></trkpt>
      <trkpt lat="30.111365" lon="99.704026"><ele>4292</ele></trkpt>
      <trkpt lat="30.111437" lon="99.704101"><ele>4293</ele></trkpt>
      <trkpt lat="30.111518" lon="99.704166"><ele>4294</ele></trkpt>
      <trkpt lat="30.111602" lon="99.704207"><ele>4294</ele></trkpt>
      <trkpt lat="30.111694" lon="99.704202"><ele>4294</ele></trkpt>
      <trkpt lat="30.111763" lon="99.704287"><ele>4295</ele></trkpt>
      <trkpt lat="30.111846" lon="99.704335"><ele>4295</ele></trkpt>
      <trkpt lat="30.111921" lon="99.704398"><ele>4294</ele></trkpt>
      <trkpt lat="30.112118" lon="99.704617"><ele>4296</ele></trkpt>
      <trkpt lat="30.112304" lon="99.70487"><ele>4297</ele></trkpt>
      <trkpt lat="30.112379" lon="99.704935"><ele>4298</ele></trkpt>
      <trkpt lat="30.112517" lon="99.705082"><ele>4297</ele></trkpt>
      <trkpt lat="30.112593" lon="99.705146"><ele>4297</ele></trkpt>
      <trkpt lat="30.112645" lon="99.705238"><ele>4297</ele></trkpt>
      <trkpt lat="30.11273" lon="99.705292"><ele>4297</ele></trkpt>
      <trkpt lat="30.112804" lon="99.705364"><ele>4297</ele></trkpt>
      <trkpt lat="30.112868" lon="99.705446"><ele>4296</ele></trkpt>
      <trkpt lat="30.112865" lon="99.705555"><ele>4297</ele></trkpt>
      <trkpt lat="30.112914" lon="99.705653"><ele>4298</ele></trkpt>
      <trkpt lat="30.112976" lon="99.705746"><ele>4298</ele></trkpt>
      <trkpt lat="30.113064" lon="99.705794"><ele>4297</ele></trkpt>
      <trkpt lat="30.113145" lon="99.705853"><ele>4297</ele></trkpt>
      <trkpt lat="30.113214" lon="99.705932"><ele>4297</ele></trkpt>
      <trkpt lat="30.113538" lon="99.706603"><ele>4303</ele></trkpt>
      <trkpt lat="30.113624" lon="99.70692"><ele>4303</ele></trkpt>
      <trkpt lat="30.113681" lon="99.707009"><ele>4303</ele></trkpt>
      <trkpt lat="30.113827" lon="99.707161"><ele>4302</ele></trkpt>
      <trkpt lat="30.113949" lon="99.707337"><ele>4302</ele></trkpt>
      <trkpt lat="30.114023" lon="99.707408"><ele>4301</ele></trkpt>
      <trkpt lat="30.114109" lon="99.707455"><ele>4299</ele></trkpt>
      <trkpt lat="30.114194" lon="99.707518"><ele>4299</ele></trkpt>
      <trkpt lat="30.114256" lon="99.707595"><ele>4298</ele></trkpt>
      <trkpt lat="30.114373" lon="99.707774"><ele>4297</ele></trkpt>
      <trkpt lat="30.114463" lon="99.707963"><ele>4296</ele></trkpt>
      <trkpt lat="30.114516" lon="99.708049"><ele>4295</ele></trkpt>
      <trkpt lat="30.114783" lon="99.708367"><ele>4292</ele></trkpt>
      <trkpt lat="30.115132" lon="99.70875"><ele>4290</ele></trkpt>
      <trkpt lat="30.115215" lon="99.708815"><ele>4289</ele></trkpt>
      <trkpt lat="30.115352" lon="99.708966"><ele>4287</ele></trkpt>
      <trkpt lat="30.115428" lon="99.709024"><ele>4287</ele></trkpt>
      <trkpt lat="30.115705" lon="99.709317"><ele>4285</ele></trkpt>
      <trkpt lat="30.115766" lon="99.709408"><ele>4285</ele></trkpt>
      <trkpt lat="30.115809" lon="99.709503"><ele>4284</ele></trkpt>
      <trkpt lat="30.115923" lon="99.709678"><ele>4282</ele></trkpt>
      <trkpt lat="30.116026" lon="99.709875"><ele>4281</ele></trkpt>
      <trkpt lat="30.1163" lon="99.710313"><ele>4279</ele></trkpt>
      <trkpt lat="30.116347" lon="99.710403"><ele>4278</ele></trkpt>
      <trkpt lat="30.11641" lon="99.710605"><ele>4277</ele></trkpt>
      <trkpt lat="30.116426" lon="99.710709"><ele>4276</ele></trkpt>
      <trkpt lat="30.116508" lon="99.710913"><ele>4274</ele></trkpt>
      <trkpt lat="30.116633" lon="99.711082"><ele>4273</ele></trkpt>
      <trkpt lat="30.116718" lon="99.711281"><ele>4273</ele></trkpt>
      <trkpt lat="30.116824" lon="99.711589"><ele>4272</ele></trkpt>
      <trkpt lat="30.116867" lon="99.711687"><ele>4272</ele></trkpt>
      <trkpt lat="30.116936" lon="99.712011"><ele>4271</ele></trkpt>
      <trkpt lat="30.116953" lon="99.712121"><ele>4272</ele></trkpt>
      <trkpt lat="30.116952" lon="99.712229"><ele>4272</ele></trkpt>
      <trkpt lat="30.117001" lon="99.712445"><ele>4272</ele></trkpt>
      <trkpt lat="30.117105" lon="99.712753"><ele>4272</ele></trkpt>
      <trkpt lat="30.117128" lon="99.712859"><ele>4271</ele></trkpt>
      <trkpt lat="30.11728" lon="99.713258"><ele>4271</ele></trkpt>
      <trkpt lat="30.117335" lon="99.71346"><ele>4272</ele></trkpt>
      <trkpt lat="30.117316" lon="99.713565"><ele>4270</ele></trkpt>
      <trkpt lat="30.117237" lon="99.71376"><ele>4268</ele></trkpt>
      <trkpt lat="30.117166" lon="99.713839"><ele>4268</ele></trkpt>
      <trkpt lat="30.117059" lon="99.71403"><ele>4269</ele></trkpt>
      <trkpt lat="30.117039" lon="99.714133"><ele>4270</ele></trkpt>
      <trkpt lat="30.116816" lon="99.714719"><ele>4270</ele></trkpt>
      <trkpt lat="30.116789" lon="99.714829"><ele>4270</ele></trkpt>
      <trkpt lat="30.116715" lon="99.715026"><ele>4270</ele></trkpt>
      <trkpt lat="30.116689" lon="99.715131"><ele>4270</ele></trkpt>
      <trkpt lat="30.11669" lon="99.715241"><ele>4269</ele></trkpt>
      <trkpt lat="30.116669" lon="99.71535"><ele>4268</ele></trkpt>
      <trkpt lat="30.116667" lon="99.715571"><ele>4269</ele></trkpt>
      <trkpt lat="30.116703" lon="99.715672"><ele>4268</ele></trkpt>
      <trkpt lat="30.116753" lon="99.715885"><ele>4269</ele></trkpt>
      <trkpt lat="30.116769" lon="99.716447"><ele>4270</ele></trkpt>
      <trkpt lat="30.116759" lon="99.716666"><ele>4270</ele></trkpt>
      <trkpt lat="30.116712" lon="99.716878"><ele>4269</ele></trkpt>
      <trkpt lat="30.116659" lon="99.716976"><ele>4268</ele></trkpt>
      <trkpt lat="30.116597" lon="99.717063"><ele>4269</ele></trkpt>
      <trkpt lat="30.116623" lon="99.717279"><ele>4268</ele></trkpt>
      <trkpt lat="30.116682" lon="99.717499"><ele>4267</ele></trkpt>
      <trkpt lat="30.116692" lon="99.717606"><ele>4267</ele></trkpt>
      <trkpt lat="30.116735" lon="99.717824"><ele>4266</ele></trkpt>
      <trkpt lat="30.116764" lon="99.717931"><ele>4266</ele></trkpt>
      <trkpt lat="30.116783" lon="99.718147"><ele>4265</ele></trkpt>
      <trkpt lat="30.116815" lon="99.718353"><ele>4263</ele></trkpt>
      <trkpt lat="30.116851" lon="99.718454"><ele>4263</ele></trkpt>
      <trkpt lat="30.116908" lon="99.718665"><ele>4262</ele></trkpt>
      <trkpt lat="30.116923" lon="99.718781"><ele>4262</ele></trkpt>
      <trkpt lat="30.116919" lon="99.71889"><ele>4262</ele></trkpt>
      <trkpt lat="30.116894" lon="99.718995"><ele>4261</ele></trkpt>
      <trkpt lat="30.116836" lon="99.719079"><ele>4260</ele></trkpt>
      <trkpt lat="30.116791" lon="99.719179"><ele>4260</ele></trkpt>
      <trkpt lat="30.116798" lon="99.719396"><ele>4260</ele></trkpt>
      <trkpt lat="30.116815" lon="99.719606"><ele>4258</ele></trkpt>
      <trkpt lat="30.116869" lon="99.719809"><ele>4259</ele></trkpt>
      <trkpt lat="30.116913" lon="99.719911"><ele>4256</ele></trkpt>
      <trkpt lat="30.116959" lon="99.720238"><ele>4256</ele></trkpt>
      <trkpt lat="30.116953" lon="99.72058"><ele>4256</ele></trkpt>
      <trkpt lat="30.117002" lon="99.721127"><ele>4257</ele></trkpt>
      <trkpt lat="30.11694" lon="99.721335"><ele>4256</ele></trkpt>
      <trkpt lat="30.116838" lon="99.721534"><ele>4254</ele></trkpt>
      <trkpt lat="30.116762" lon="99.721748"><ele>4252</ele></trkpt>
      <trkpt lat="30.11671" lon="99.721834"><ele>4252</ele></trkpt>
      <trkpt lat="30.116717" lon="99.721946"><ele>4252</ele></trkpt>
      <trkpt lat="30.116692" lon="99.72205"><ele>4252</ele></trkpt>
      <trkpt lat="30.116713" lon="99.722156"><ele>4253</ele></trkpt>
      <trkpt lat="30.116744" lon="99.722257"><ele>4252</ele></trkpt>
      <trkpt lat="30.116656" lon="99.722554"><ele>4251</ele></trkpt>
      <trkpt lat="30.116648" lon="99.722663"><ele>4251</ele></trkpt>
      <trkpt lat="30.116662" lon="99.722767"><ele>4250</ele></trkpt>
      <trkpt lat="30.116654" lon="99.722995"><ele>4250</ele></trkpt>
      <trkpt lat="30.116616" lon="99.723103"><ele>4250</ele></trkpt>
      <trkpt lat="30.116595" lon="99.723213"><ele>4250</ele></trkpt>
      <trkpt lat="30.116614" lon="99.723317"><ele>4250</ele></trkpt>
      <trkpt lat="30.116582" lon="99.72342"><ele>4250</ele></trkpt>
      <trkpt lat="30.116576" lon="99.723639"><ele>4251</ele></trkpt>
      <trkpt lat="30.116544" lon="99.723849"><ele>4251</ele></trkpt>
      <trkpt lat="30.116559" lon="99.72417"><ele>4253</ele></trkpt>
      <trkpt lat="30.116573" lon="99.72428"><ele>4254</ele></trkpt>
      <trkpt lat="30.116599" lon="99.72439"><ele>4254</ele></trkpt>
      <trkpt lat="30.1166" lon="99.724606"><ele>4254</ele></trkpt>
      <trkpt lat="30.116572" lon="99.724712"><ele>4254</ele></trkpt>
      <trkpt lat="30.11658" lon="99.724825"><ele>4254</ele></trkpt>
      <trkpt lat="30.116629" lon="99.724917"><ele>4255</ele></trkpt>
      <trkpt lat="30.116696" lon="99.725121"><ele>4255</ele></trkpt>
      <trkpt lat="30.116741" lon="99.725211"><ele>4254</ele></trkpt>
      <trkpt lat="30.116698" lon="99.725307"><ele>4255</ele></trkpt>
      <trkpt lat="30.116682" lon="99.725413"><ele>4255</ele></trkpt>
      <trkpt lat="30.116679" lon="99.725521"><ele>4255</ele></trkpt>
      <trkpt lat="30.116689" lon="99.725745"><ele>4254</ele></trkpt>
      <trkpt lat="30.116676" lon="99.725854"><ele>4253</ele></trkpt>
      <trkpt lat="30.116683" lon="99.726293"><ele>4253</ele></trkpt>
      <trkpt lat="30.116692" lon="99.726398"><ele>4253</ele></trkpt>
      <trkpt lat="30.116687" lon="99.726618"><ele>4254</ele></trkpt>
      <trkpt lat="30.116622" lon="99.726824"><ele>4254</ele></trkpt>
      <trkpt lat="30.11664" lon="99.726926"><ele>4253</ele></trkpt>
      <trkpt lat="30.116636" lon="99.727032"><ele>4254</ele></trkpt>
      <trkpt lat="30.116606" lon="99.727135"><ele>4254</ele></trkpt>
      <trkpt lat="30.116612" lon="99.727351"><ele>4253</ele></trkpt>
      <trkpt lat="30.116601" lon="99.727461"><ele>4254</ele></trkpt>
      <trkpt lat="30.116578" lon="99.727566"><ele>4255</ele></trkpt>
      <trkpt lat="30.116584" lon="99.72778"><ele>4253</ele></trkpt>
      <trkpt lat="30.116543" lon="99.727877"><ele>4253</ele></trkpt>
      <trkpt lat="30.116486" lon="99.727968"><ele>4252</ele></trkpt>
      <trkpt lat="30.116472" lon="99.728073"><ele>4254</ele></trkpt>
      <trkpt lat="30.116499" lon="99.728175"><ele>4254</ele></trkpt>
      <trkpt lat="30.116497" lon="99.72828"><ele>4253</ele></trkpt>
      <trkpt lat="30.116469" lon="99.728391"><ele>4253</ele></trkpt>
      <trkpt lat="30.116457" lon="99.728502"><ele>4253</ele></trkpt>
      <trkpt lat="30.116396" lon="99.728588"><ele>4253</ele></trkpt>
      <trkpt lat="30.11638" lon="99.728697"><ele>4254</ele></trkpt>
      <trkpt lat="30.11626" lon="99.728868"><ele>4254</ele></trkpt>
      <trkpt lat="30.116153" lon="99.729166"><ele>4254</ele></trkpt>
      <trkpt lat="30.116095" lon="99.729245"><ele>4254</ele></trkpt>
      <trkpt lat="30.115962" lon="99.729539"><ele>4254</ele></trkpt>
      <trkpt lat="30.115837" lon="99.73007"><ele>4255</ele></trkpt>
      <trkpt lat="30.115789" lon="99.730164"><ele>4254</ele></trkpt>
      <trkpt lat="30.115725" lon="99.730364"><ele>4254</ele></trkpt>
      <trkpt lat="30.115632" lon="99.730552"><ele>4254</ele></trkpt>
      <trkpt lat="30.115614" lon="99.730664"><ele>4253</ele></trkpt>
      <trkpt lat="30.115565" lon="99.730761"><ele>4253</ele></trkpt>
      <trkpt lat="30.115498" lon="99.730835"><ele>4254</ele></trkpt>
      <trkpt lat="30.115332" lon="99.730952"><ele>4254</ele></trkpt>
      <trkpt lat="30.11522" lon="99.731115"><ele>4254</ele></trkpt>
      <trkpt lat="30.115186" lon="99.731217"><ele>4254</ele></trkpt>
      <trkpt lat="30.115177" lon="99.731324"><ele>4255</ele></trkpt>
      <trkpt lat="30.115066" lon="99.731843"><ele>4256</ele></trkpt>
      <trkpt lat="30.115013" lon="99.731933"><ele>4255</ele></trkpt>
      <trkpt lat="30.114947" lon="99.732007"><ele>4255</ele></trkpt>
      <trkpt lat="30.114851" lon="99.732025"><ele>4255</ele></trkpt>
      <trkpt lat="30.114934" lon="99.732076"><ele>4256</ele></trkpt>
      <trkpt lat="30.114999" lon="99.732159"><ele>4256</ele></trkpt>
      <trkpt lat="30.115149" lon="99.732293"><ele>4256</ele></trkpt>
      <trkpt lat="30.115093" lon="99.732386"><ele>4253</ele></trkpt>
      <trkpt lat="30.115151" lon="99.732473"><ele>4254</ele></trkpt>
      <trkpt lat="30.115204" lon="99.732573"><ele>4254</ele></trkpt>
      <trkpt lat="30.115223" lon="99.73268"><ele>4254</ele></trkpt>
      <trkpt lat="30.115226" lon="99.732784"><ele>4254</ele></trkpt>
      <trkpt lat="30.115278" lon="99.732881"><ele>4253</ele></trkpt>
      <trkpt lat="30.115452" lon="99.733126"><ele>4252</ele></trkpt>
      <trkpt lat="30.11549" lon="99.733224"><ele>4253</ele></trkpt>
      <trkpt lat="30.115442" lon="99.733129"><ele>4255</ele></trkpt>
      <trkpt lat="30.115375" lon="99.732924"><ele>4254</ele></trkpt>
      <trkpt lat="30.115336" lon="99.732829"><ele>4256</ele></trkpt>
      <trkpt lat="30.115281" lon="99.732734"><ele>4256</ele></trkpt>
      <trkpt lat="30.115219" lon="99.732653"><ele>4257</ele></trkpt>
      <trkpt lat="30.115187" lon="99.732553"><ele>4256</ele></trkpt>
      <trkpt lat="30.115139" lon="99.732463"><ele>4255</ele></trkpt>
      <trkpt lat="30.115063" lon="99.732401"><ele>4256</ele></trkpt>
      <trkpt lat="30.114979" lon="99.732355"><ele>4256</ele></trkpt>
      <trkpt lat="30.114961" lon="99.732248"><ele>4257</ele></trkpt>
      <trkpt lat="30.114905" lon="99.732166"><ele>4256</ele></trkpt>
      <trkpt lat="30.114845" lon="99.732247"><ele>4254</ele></trkpt>
      <trkpt lat="30.114886" lon="99.732145"><ele>4254</ele></trkpt>
      <trkpt lat="30.114805" lon="99.732085"><ele>4254</ele></trkpt>
      <trkpt lat="30.11474" lon="99.732181"><ele>4255</ele></trkpt>
      <trkpt lat="30.114735" lon="99.732286"><ele>4256</ele></trkpt>
      <trkpt lat="30.114695" lon="99.732391"><ele>4255</ele></trkpt>
      <trkpt lat="30.114645" lon="99.732714"><ele>4256</ele></trkpt>
      <trkpt lat="30.114607" lon="99.732817"><ele>4256</ele></trkpt>
      <trkpt lat="30.11457" lon="99.733028"><ele>4257</ele></trkpt>
      <trkpt lat="30.114534" lon="99.733133"><ele>4256</ele></trkpt>
      <trkpt lat="30.114489" lon="99.733226"><ele>4256</ele></trkpt>
      <trkpt lat="30.114458" lon="99.733333"><ele>4256</ele></trkpt>
      <trkpt lat="30.114336" lon="99.733492"><ele>4256</ele></trkpt>
      <trkpt lat="30.114302" lon="99.733593"><ele>4256</ele></trkpt>
      <trkpt lat="30.114306" lon="99.733701"><ele>4255</ele></trkpt>
      <trkpt lat="30.114281" lon="99.733807"><ele>4255</ele></trkpt>
      <trkpt lat="30.114296" lon="99.733921"><ele>4255</ele></trkpt>
      <trkpt lat="30.114281" lon="99.734029"><ele>4254</ele></trkpt>
      <trkpt lat="30.114228" lon="99.734121"><ele>4255</ele></trkpt>
      <trkpt lat="30.114262" lon="99.73422"><ele>4255</ele></trkpt>
      <trkpt lat="30.114213" lon="99.734427"><ele>4256</ele></trkpt>
      <trkpt lat="30.114131" lon="99.73449"><ele>4256</ele></trkpt>
      <trkpt lat="30.114053" lon="99.734681"><ele>4255</ele></trkpt>
      <trkpt lat="30.113987" lon="99.734883"><ele>4256</ele></trkpt>
      <trkpt lat="30.113985" lon="99.734988"><ele>4256</ele></trkpt>
      <trkpt lat="30.114003" lon="99.73509"><ele>4256</ele></trkpt>
      <trkpt lat="30.113977" lon="99.735641"><ele>4256</ele></trkpt>
      <trkpt lat="30.113933" lon="99.735864"><ele>4256</ele></trkpt>
      <trkpt lat="30.113923" lon="99.735971"><ele>4256</ele></trkpt>
      <trkpt lat="30.113903" lon="99.736077"><ele>4256</ele></trkpt>
      <trkpt lat="30.113831" lon="99.736281"><ele>4257</ele></trkpt>
      <trkpt lat="30.113778" lon="99.736484"><ele>4257</ele></trkpt>
      <trkpt lat="30.113766" lon="99.736694"><ele>4256</ele></trkpt>
      <trkpt lat="30.113722" lon="99.736785"><ele>4256</ele></trkpt>
      <trkpt lat="30.11367" lon="99.737098"><ele>4256</ele></trkpt>
      <trkpt lat="30.113665" lon="99.737211"><ele>4256</ele></trkpt>
      <trkpt lat="30.113728" lon="99.737423"><ele>4255</ele></trkpt>
      <trkpt lat="30.113745" lon="99.737539"><ele>4255</ele></trkpt>
      <trkpt lat="30.113738" lon="99.737652"><ele>4255</ele></trkpt>
      <trkpt lat="30.113731" lon="99.73776"><ele>4253</ele></trkpt>
      <trkpt lat="30.113685" lon="99.737974"><ele>4254</ele></trkpt>
      <trkpt lat="30.113618" lon="99.738043"><ele>4255</ele></trkpt>
      <trkpt lat="30.113619" lon="99.738159"><ele>4255</ele></trkpt>
      <trkpt lat="30.113597" lon="99.738261"><ele>4255</ele></trkpt>
      <trkpt lat="30.113682" lon="99.73846"><ele>4253</ele></trkpt>
      <trkpt lat="30.11374" lon="99.738552"><ele>4254</ele></trkpt>
      <trkpt lat="30.113776" lon="99.738653"><ele>4253</ele></trkpt>
      <trkpt lat="30.113799" lon="99.738758"><ele>4253</ele></trkpt>
      <trkpt lat="30.113886" lon="99.738948"><ele>4252</ele></trkpt>
      <trkpt lat="30.11395" lon="99.739031"><ele>4253</ele></trkpt>
      <trkpt lat="30.114033" lon="99.739091"><ele>4252</ele></trkpt>
      <trkpt lat="30.114216" lon="99.739355"><ele>4251</ele></trkpt>
      <trkpt lat="30.114289" lon="99.739431"><ele>4251</ele></trkpt>
      <trkpt lat="30.114391" lon="99.739738"><ele>4251</ele></trkpt>
      <trkpt lat="30.114473" lon="99.739938"><ele>4249</ele></trkpt>
      <trkpt lat="30.114668" lon="99.74055"><ele>4249</ele></trkpt>
      <trkpt lat="30.114675" lon="99.740772"><ele>4248</ele></trkpt>
      <trkpt lat="30.11469" lon="99.740879"><ele>4249</ele></trkpt>
      <trkpt lat="30.114717" lon="99.740981"><ele>4249</ele></trkpt>
      <trkpt lat="30.114764" lon="99.741076"><ele>4249</ele></trkpt>
      <trkpt lat="30.114911" lon="99.741234"><ele>4249</ele></trkpt>
      <trkpt lat="30.114947" lon="99.741338"><ele>4248</ele></trkpt>
      <trkpt lat="30.114935" lon="99.741446"><ele>4248</ele></trkpt>
      <trkpt lat="30.114978" lon="99.741546"><ele>4248</ele></trkpt>
      <trkpt lat="30.114999" lon="99.74165"><ele>4249</ele></trkpt>
      <trkpt lat="30.11507" lon="99.741856"><ele>4247</ele></trkpt>
      <trkpt lat="30.115087" lon="99.741967"><ele>4247</ele></trkpt>
      <trkpt lat="30.115092" lon="99.742079"><ele>4247</ele></trkpt>
      <trkpt lat="30.115186" lon="99.742266"><ele>4247</ele></trkpt>
      <trkpt lat="30.115246" lon="99.742345"><ele>4246</ele></trkpt>
      <trkpt lat="30.115328" lon="99.742402"><ele>4245</ele></trkpt>
      <trkpt lat="30.11541" lon="99.742476"><ele>4246</ele></trkpt>
      <trkpt lat="30.115483" lon="99.742689"><ele>4245</ele></trkpt>
      <trkpt lat="30.115611" lon="99.742856"><ele>4243</ele></trkpt>
      <trkpt lat="30.115959" lon="99.743223"><ele>4245</ele></trkpt>
      <trkpt lat="30.116044" lon="99.74329"><ele>4245</ele></trkpt>
      <trkpt lat="30.116129" lon="99.743331"><ele>4244</ele></trkpt>
      <trkpt lat="30.116222" lon="99.743354"><ele>4245</ele></trkpt>
      <trkpt lat="30.116318" lon="99.743363"><ele>4245</ele></trkpt>
      <trkpt lat="30.1165" lon="99.743334"><ele>4245</ele></trkpt>
      <trkpt lat="30.116785" lon="99.743307"><ele>4245</ele></trkpt>
    </trkseg>
  </trk>
</gpx>
