{
  "type": "FeatureCollection",
  "features": [
    {
      "type": "Feature",
      "properties": {
        "name": "贺兰山参考轨迹",
        "type": "hiking",
        "source": "两步路用户轨迹",
        "segments": 2
      },
      "geometry": {
        "type": "MultiLineString",
        "coordinates": [
          [
            [
              106.0207,
              38.739921
            ],
            [
              106.020661,
              38.739831
            ],
            [
              106.020622,
              38.739745
            ],
            [
              106.020607,
              38.739649
            ],
            [
              106.020593,
              38.739556
            ],
            [
              106.020511,
              38.73948
            ],
            [
              106.020393,
              38.739432
            ],
            [
              106.020309,
              38.73936
            ],
            [
              106.020199,
              38.739307
            ],
            [
              106.020098,
              38.739245
            ],
            [
              106.020015,
              38.73918
            ],
            [
              106.019938,
              38.739111
            ],
            [
              106.019878,
              38.739026
            ],
            [
              106.019829,
              38.738916
            ],
            [
              106.019706,
              38.7389
            ],
            [
              106.01967,
              38.738805
            ],
            [
              106.019715,
              38.738881
            ],
            [
              106.019468,
              38.738688
            ],
            [
              106.019568,
              38.738766
            ],
            [
              106.019469,
              38.738709
            ],
            [
              106.019326,
              38.738537
            ],
            [
              106.019106,
              38.738378
            ],
            [
              106.019228,
              38.738404
            ],
            [
              106.019324,
              38.73835
            ],
            [
              106.01938,
              38.738262
            ],
            [
              106.019367,
              38.73817
            ],
            [
              106.019339,
              38.73807
            ],
            [
              106.019316,
              38.73798
            ],
            [
              106.019291,
              38.737888
            ],
            [
              106.019321,
              38.737801
            ],
            [
              106.019352,
              38.737704
            ],
            [
              106.019395,
              38.737618
            ],
            [
              106.019456,
              38.737534
            ],
            [
              106.019521,
              38.73745
            ],
            [
              106.019552,
              38.73736
            ],
            [
              106.019454,
              38.737293
            ],
            [
              106.019377,
              38.737222
            ],
            [
              106.01933,
              38.737127
            ],
            [
              106.019258,
              38.737054
            ],
            [
              106.019126,
              38.737048
            ],
            [
              106.019101,
              38.736957
            ],
            [
              106.019072,
              38.736869
            ],
            [
              106.019109,
              38.736776
            ],
            [
              106.019195,
              38.736694
            ],
            [
              106.019295,
              38.736646
            ],
            [
              106.01939,
              38.736586
            ],
            [
              106.019505,
              38.736571
            ],
            [
              106.019624,
              38.73653
            ],
            [
              106.019746,
              38.736527
            ],
            [
              106.019854,
              38.736496
            ],
            [
              106.019983,
              38.736477
            ],
            [
              106.02,
              38.736384
            ],
            [
              106.02003,
              38.736284
            ],
            [
              106.020102,
              38.736192
            ],
            [
              106.019708,
              38.736308
            ],
            [
              106.019606,
              38.736376
            ],
            [
              106.019656,
              38.736183
            ],
            [
              106.019635,
              38.736308
            ],
            [
              106.019563,
              38.736232
            ],
            [
              106.019424,
              38.736215
            ],
            [
              106.019351,
              38.736286
            ],
            [
              106.019127,
              38.736345
            ],
            [
              106.019011,
              38.736376
            ],
            [
              106.018882,
              38.736345
            ],
            [
              106.018741,
              38.736422
            ],
            [
              106.01866,
              38.736489
            ],
            [
              106.01856,
              38.736548
            ],
            [
              106.017266,
              38.736534
            ],
            [
              106.017119,
              38.736432
            ],
            [
              106.017005,
              38.736308
            ],
            [
              106.016903,
              38.736232
            ],
            [
              106.017074,
              38.736282
            ],
            [
              106.016856,
              38.736356
            ],
            [
              106.016664,
              38.735951
            ],
            [
              106.016361,
              38.735832
            ],
            [
              106.016116,
              38.735648
            ],
            [
              106.015796,
              38.735614
            ],
            [
              106.015664,
              38.735619
            ],
            [
              106.015527,
              38.735577
            ],
            [
              106.015385,
              38.735527
            ],
            [
              106.015389,
              38.735283
            ],
            [
              106.015456,
              38.734897
            ],
            [
              106.01532,
              38.734943
            ],
            [
              106.015119,
              38.73511
            ],
            [
              106.014973,
              38.735094
            ],
            [
              106.014805,
              38.734993
            ],
            [
              106.014708,
              38.734913
            ],
            [
              106.014597,
              38.734834
            ],
            [
              106.01446,
              38.734729
            ],
            [
              106.014305,
              38.734612
            ],
            [
              106.013956,
              38.73448
            ],
            [
              106.014131,
              38.734754
            ],
            [
              106.013793,
              38.734806
            ],
            [
              106.013663,
              38.734829
            ],
            [
              106.013549,
              38.734854
            ],
            [
              106.013013,
              38.734963
            ],
            [
              106.012851,
              38.735009
            ],
            [
              106.012379,
              38.735154
            ],
            [
              106.012423,
              38.734843
            ]
          ],
          [
            [
              106.000501,
              38.718588
            ],
            [
              106.000495,
              38.718384
            ],
            [
              106.000489,
              38.718217
            ],
            [
              106.000485,
              38.718062
            ],
            [
              106.000531,
              38.717917
            ],
            [
              106.000517,
              38.717746
            ],
            [
              106.000489,
              38.717562
            ],
            [
              106.000483,
              38.717461
            ],
            [
              106.000473,
              38.717357
            ],
            [
              106.000489,
              38.717264
            ],
            [
              106.000501,
              38.717174
            ],
            [
              106.000439,
              38.717009
            ],
            [
              106.00043,
              38.716876
            ],
            [
              106.000418,
              38.716716
            ],
            [
              106.000404,
              38.716566
            ],
            [
              106.000387,
              38.716439
            ],
            [
              106.000369,
              38.716302
            ],
            [
              106.000348,
              38.716146
            ],
            [
              106.000327,
              38.715984
            ],
            [
              106.000302,
              38.715794
            ],
            [
              106.000297,
              38.715616
            ],
            [
              106.000214,
              38.715463
            ],
            [
              106.000186,
              38.715318
            ],
            [
              106.000218,
              38.715154
            ],
            [
              106.000187,
              38.714993
            ],
            [
              106.000166,
              38.714848
            ],
            [
              106.000146,
              38.714712
            ],
            [
              106.00012,
              38.714528
            ],
            [
              106.000102,
              38.714404
            ],
            [
              106.000087,
              38.714301
            ],
            [
              106.000072,
              38.714198
            ],
            [
              106.000052,
              38.714038
            ],
            [
              106.000046,
              38.713907
            ],
            [
              106.00002,
              38.71375
            ],
            [
              105.999974,
              38.713558
            ],
            [
              105.999969,
              38.713398
            ],
            [
              105.999939,
              38.713271
            ],
            [
              105.999917,
              38.713121
            ],
            [
              105.999896,
              38.712971
            ],
            [
              105.999871,
              38.712796
            ],
            [
              105.999829,
              38.712691
            ],
            [
              105.999801,
              38.712568
            ],
            [
              105.999825,
              38.71243
            ],
            [
              105.999805,
              38.71234
            ],
            [
              105.999763,
              38.712042
            ],
            [
              105.999757,
              38.711921
            ],
            [
              105.999721,
              38.711748
            ],
            [
              105.999695,
              38.711567
            ],
            [
              105.999668,
              38.711381
            ],
            [
              105.999641,
              38.711192
            ],
            [
              105.999616,
              38.711015
            ],
            [
              105.999589,
              38.710828
            ],
            [
              105.999561,
              38.710633
            ],
            [
              105.999533,
              38.710438
            ],
            [
              105.999504,
              38.710237
            ],
            [
              105.999509,
              38.710032
            ],
            [
              105.999479,
              38.709829
            ],
            [
              105.999434,
              38.709632
            ],
            [
              105.999398,
              38.709421
            ],
            [
              105.999362,
              38.709203
            ],
            [
              105.999331,
              38.709003
            ],
            [
              105.999286,
              38.708789
            ],
            [
              105.999238,
              38.708598
            ],
            [
              105.999149,
              38.708418
            ],
            [
              105.999056,
              38.708258
            ],
            [
              105.998944,
              38.708119
            ],
            [
              105.998806,
              38.707984
            ],
            [
              105.99863,
              38.707827
            ],
            [
              105.998445,
              38.707671
            ],
            [
              105.998261,
              38.707518
            ],
            [
              105.997981,
              38.707286
            ],
            [
              105.997812,
              38.707147
            ],
            [
              105.99764,
              38.707004
            ],
            [
              105.997475,
              38.706868
            ],
            [
              105.997318,
              38.706738
            ],
            [
              105.997169,
              38.706615
            ],
            [
              105.997017,
              38.706488
            ],
            [
              105.996849,
              38.70635
            ],
            [
              105.996703,
              38.706228
            ],
            [
              105.996561,
              38.706112
            ],
            [
              105.99642,
              38.705995
            ],
            [
              105.996286,
              38.705884
            ],
            [
              105.996162,
              38.705781
            ],
            [
              105.99604,
              38.70568
            ],
            [
              105.995933,
              38.705572
            ],
            [
              105.995844,
              38.705497
            ],
            [
              105.995703,
              38.705402
            ],
            [
              105.995574,
              38.705373
            ],
            [
              105.995513,
              38.705521
            ],
            [
              105.995345,
              38.705736
            ],
            [
              105.995284,
              38.705813
            ],
            [
              105.995164,
              38.705966
            ],
            [
              105.995094,
              38.706056
            ],
            [
              105.995026,
              38.706142
            ],
            [
              105.994956,
              38.706232
            ],
            [
              105.994884,
              38.706324
            ],
            [
              105.994808,
              38.70642
            ],
            [
              105.994683,
              38.70658
            ],
            [
              105.994571,
              38.706692
            ],
            [
              105.9945,
              38.706804
            ],
            [
              105.994442,
              38.706887
            ],
            [
              105.994371,
              38.706978
            ],
            [
              105.994301,
              38.707067
            ],
            [
              105.994198,
              38.707199
            ],
            [
              105.994108,
              38.707313
            ],
            [
              105.994019,
              38.707427
            ],
            [
              105.993933,
              38.707537
            ],
            [
              105.993837,
              38.707659
            ],
            [
              105.993742,
              38.70778
            ],
            [
              105.993642,
              38.707908
            ],
            [
              105.993545,
              38.708032
            ],
            [
              105.993448,
              38.708156
            ],
            [
              105.993345,
              38.708287
            ],
            [
              105.993243,
              38.708416
            ],
            [
              105.993139,
              38.708549
            ],
            [
              105.993043,
              38.708671
            ],
            [
              105.992948,
              38.708794
            ],
            [
              105.992852,
              38.708923
            ],
            [
              105.992764,
              38.709045
            ],
            [
              105.99267,
              38.709179
            ],
            [
              105.992582,
              38.709323
            ],
            [
              105.992502,
              38.709464
            ],
            [
              105.99242,
              38.709617
            ],
            [
              105.992344,
              38.709759
            ],
            [
              105.992275,
              38.709892
            ],
            [
              105.992199,
              38.710047
            ],
            [
              105.992125,
              38.710191
            ],
            [
              105.992056,
              38.71034
            ],
            [
              105.992007,
              38.710449
            ],
            [
              105.991942,
              38.710581
            ],
            [
              105.991862,
              38.710709
            ],
            [
              105.991792,
              38.71084
            ],
            [
              105.991711,
              38.710954
            ],
            [
              105.991662,
              38.711083
            ],
            [
              105.991607,
              38.711188
            ],
            [
              105.991466,
              38.711288
            ],
            [
              105.991385,
              38.711383
            ],
            [
              105.991298,
              38.711473
            ],
            [
              105.991165,
              38.711497
            ],
            [
              105.991056,
              38.711586
            ],
            [
              105.990951,
              38.711679
            ],
            [
              105.991023,
              38.711799
            ],
            [
              105.991042,
              38.711914
            ],
            [
              105.99099,
              38.711995
            ],
            [
              105.990959,
              38.712097
            ],
            [
              105.990899,
              38.712207
            ],
            [
              105.99085,
              38.7123
            ],
            [
              105.990837,
              38.712419
            ],
            [
              105.99082,
              38.71254
            ],
            [
              105.990855,
              38.712643
            ],
            [
              105.990894,
              38.712794
            ],
            [
              105.99092,
              38.712895
            ],
            [
              105.990945,
              38.712996
            ],
            [
              105.990971,
              38.713097
            ],
            [
              105.990982,
              38.713205
            ],
            [
              105.991039,
              38.713309
            ],
            [
              105.991077,
              38.713412
            ],
            [
              105.990871,
              38.713559
            ],
            [
              105.990738,
              38.713609
            ],
            [
              105.990631,
              38.713683
            ],
            [
              105.990528,
              38.713754
            ],
            [
              105.99038,
              38.713811
            ],
            [
              105.990287,
              38.713879
            ],
            [
              105.990118,
              38.713922
            ],
            [
              105.989991,
              38.713966
            ],
            [
              105.989882,
              38.714026
            ],
            [
              105.989801,
              38.714102
            ],
            [
              105.989735,
              38.714209
            ],
            [
              105.989636,
              38.714256
            ],
            [
              105.98978,
              38.71444
            ],
            [
              105.989659,
              38.714465
            ],
            [
              105.989561,
              38.714518
            ],
            [
              105.989452,
              38.714551
            ],
            [
              105.989341,
              38.714594
            ],
            [
              105.989231,
              38.714647
            ],
            [
              105.98913,
              38.714701
            ],
            [
              105.989012,
              38.714748
            ],
            [
              105.988917,
              38.714691
            ],
            [
              105.988826,
              38.714617
            ],
            [
              105.988952,
              38.714667
            ],
            [
              105.989004,
              38.714748
            ],
            [
              105.989125,
              38.71473
            ],
            [
              105.98921,
              38.714659
            ],
            [
              105.989324,
              38.714639
            ],
            [
              105.989426,
              38.714596
            ],
            [
              105.989549,
              38.71456
            ],
            [
              105.989636,
              38.714498
            ],
            [
              105.989743,
              38.714435
            ],
            [
              105.98973,
              38.714337
            ],
            [
              105.989725,
              38.714246
            ],
            [
              105.989669,
              38.714164
            ],
            [
              105.989556,
              38.714145
            ],
            [
              105.98944,
              38.714158
            ],
            [
              105.989411,
              38.714249
            ],
            [
              105.989305,
              38.714295
            ],
            [
              105.989186,
              38.714328
            ],
            [
              105.989076,
              38.714376
            ],
            [
              105.988963,
              38.714394
            ],
            [
              105.988856,
              38.714427
            ],
            [
              105.988782,
              38.714505
            ],
            [
              105.988693,
              38.714569
            ],
            [
              105.98861,
              38.714641
            ],
            [
              105.98851,
              38.714706
            ],
            [
              105.988387,
              38.714729
            ],
            [
              105.988263,
              38.71475
            ],
            [
              105.988175,
              38.714814
            ],
            [
              105.988058,
              38.714858
            ],
            [
              105.987965,
              38.714911
            ],
            [
              105.987851,
              38.714948
            ],
            [
              105.987745,
              38.714992
            ],
            [
              105.987698,
              38.715076
            ],
            [
              105.987611,
              38.715149
            ],
            [
              105.987561,
              38.715238
            ],
            [
              105.987495,
              38.715324
            ],
            [
              105.98742,
              38.715405
            ],
            [
              105.987297,
              38.715416
            ],
            [
              105.987238,
              38.7155
            ],
            [
              105.98729,
              38.715599
            ],
            [
              105.987415,
              38.71567
            ],
            [
              105.987323,
              38.715587
            ],
            [
              105.98742,
              38.71553
            ],
            [
              105.987201,
              38.715559
            ],
            [
              105.987094,
              38.715497
            ],
            [
              105.987234,
              38.71565
            ],
            [
              105.987232,
              38.715554
            ],
            [
              105.987342,
              38.715521
            ],
            [
              105.98749,
              38.715539
            ],
            [
              105.987025,
              38.715512
            ],
            [
              105.986899,
              38.715514
            ],
            [
              105.986879,
              38.715611
            ],
            [
              105.986882,
              38.715755
            ],
            [
              105.986711,
              38.715681
            ],
            [
              105.986632,
              38.715753
            ],
            [
              105.986537,
              38.715816
            ],
            [
              105.986445,
              38.715873
            ],
            [
              105.986372,
              38.715947
            ],
            [
              105.986256,
              38.715967
            ],
            [
              105.986126,
              38.715972
            ],
            [
              105.985982,
              38.715997
            ],
            [
              105.985871,
              38.716042
            ],
            [
              105.986004,
              38.715973
            ],
            [
              105.986134,
              38.715891
            ],
            [
              105.985923,
              38.71606
            ],
            [
              105.985905,
              38.715928
            ],
            [
              105.985904,
              38.716023
            ],
            [
              105.985887,
              38.71593
            ],
            [
              105.985935,
              38.715846
            ],
            [
              105.985896,
              38.715966
            ],
            [
              105.986014,
              38.715981
            ],
            [
              105.98591,
              38.715937
            ],
            [
              105.985844,
              38.715854
            ],
            [
              105.985709,
              38.715862
            ],
            [
              105.985588,
              38.715858
            ],
            [
              105.985495,
              38.715943
            ],
            [
              105.9854,
              38.715997
            ],
            [
              105.985244,
              38.716091
            ],
            [
              105.98515,
              38.716169
            ],
            [
              105.985058,
              38.716249
            ],
            [
              105.984921,
              38.716363
            ],
            [
              105.984879,
              38.716468
            ],
            [
              105.984718,
              38.716568
            ],
            [
              105.984626,
              38.716625
            ],
            [
              105.984522,
              38.71669
            ],
            [
              105.984423,
              38.716752
            ],
            [
              105.984262,
              38.716852
            ],
            [
              105.984166,
              38.716912
            ],
            [
              105.984,
              38.717018
            ],
            [
              105.983819,
              38.7171
            ],
            [
              105.983702,
              38.717127
            ],
            [
              105.983591,
              38.717172
            ],
            [
              105.983471,
              38.717202
            ],
            [
              105.983359,
              38.717226
            ],
            [
              105.98316,
              38.717267
            ],
            [
              105.982939,
              38.717312
            ],
            [
              105.982825,
              38.717336
            ],
            [
              105.9827,
              38.717364
            ],
            [
              105.982572,
              38.71737
            ],
            [
              105.982426,
              38.717362
            ],
            [
              105.982283,
              38.717365
            ],
            [
              105.982162,
              38.717368
            ],
            [
              105.982032,
              38.717364
            ],
            [
              105.981869,
              38.717351
            ],
            [
              105.981718,
              38.717322
            ],
            [
              105.98152,
              38.717328
            ],
            [
              105.981385,
              38.71735
            ],
            [
              105.981152,
              38.717377
            ],
            [
              105.98092,
              38.717462
            ],
            [
              105.98077,
              38.717514
            ],
            [
              105.980605,
              38.717586
            ],
            [
              105.980511,
              38.717671
            ],
            [
              105.980389,
              38.717665
            ],
            [
              105.980329,
              38.71778
            ],
            [
              105.980202,
              38.717872
            ],
            [
              105.980099,
              38.717966
            ],
            [
              105.980049,
              38.718117
            ],
            [
              105.980008,
              38.718264
            ],
            [
              105.979928,
              38.718388
            ],
            [
              105.979892,
              38.718574
            ],
            [
              105.979873,
              38.718775
            ],
            [
              105.979847,
              38.71889
            ],
            [
              105.979825,
              38.719008
            ],
            [
              105.979788,
              38.71923
            ],
            [
              105.979741,
              38.719378
            ],
            [
              105.978806,
              38.71859
            ],
            [
              105.97862,
              38.718563
            ],
            [
              105.978463,
              38.718601
            ],
            [
              105.978337,
              38.718647
            ],
            [
              105.978222,
              38.718698
            ],
            [
              105.978114,
              38.718759
            ],
            [
              105.978016,
              38.718822
            ],
            [
              105.977908,
              38.718874
            ],
            [
              105.977799,
              38.718941
            ],
            [
              105.977685,
              38.719005
            ],
            [
              105.977577,
              38.719065
            ],
            [
              105.977441,
              38.719111
            ],
            [
              105.977322,
              38.719159
            ],
            [
              105.977202,
              38.719187
            ],
            [
              105.977081,
              38.719198
            ],
            [
              105.97694,
              38.719202
            ],
            [
              105.976792,
              38.719202
            ],
            [
              105.976656,
              38.719202
            ],
            [
              105.976522,
              38.719201
            ],
            [
              105.976381,
              38.719208
            ],
            [
              105.976245,
              38.719228
            ],
            [
              105.976118,
              38.719253
            ],
            [
              105.975991,
              38.719284
            ],
            [
              105.97585,
              38.719324
            ],
            [
              105.975732,
              38.719358
            ],
            [
              105.975613,
              38.719391
            ],
            [
              105.975407,
              38.71945
            ],
            [
              105.975303,
              38.719489
            ],
            [
              105.975186,
              38.719517
            ],
            [
              105.975066,
              38.719529
            ],
            [
              105.974947,
              38.719549
            ],
            [
              105.974828,
              38.719555
            ],
            [
              105.974712,
              38.719573
            ],
            [
              105.9746,
              38.719609
            ],
            [
              105.974482,
              38.719622
            ],
            [
              105.974376,
              38.719676
            ],
            [
              105.974293,
              38.719744
            ],
            [
              105.974204,
              38.719806
            ],
            [
              105.974121,
              38.719875
            ],
            [
              105.974043,
              38.719948
            ],
            [
              105.973971,
              38.720029
            ],
            [
              105.973904,
              38.720114
            ],
            [
              105.973847,
              38.720207
            ],
            [
              105.973794,
              38.720301
            ],
            [
              105.973752,
              38.720401
            ],
            [
              105.973724,
              38.720502
            ],
            [
              105.973695,
              38.720606
            ],
            [
              105.973669,
              38.72071
            ],
            [
              105.973643,
              38.720816
            ],
            [
              105.973618,
              38.720925
            ],
            [
              105.97359,
              38.721035
            ],
            [
              105.973566,
              38.721147
            ],
            [
              105.973543,
              38.721257
            ],
            [
              105.973511,
              38.72137
            ],
            [
              105.973484,
              38.72148
            ],
            [
              105.973471,
              38.721593
            ],
            [
              105.973431,
              38.721689
            ],
            [
              105.973409,
              38.721787
            ],
            [
              105.973288,
              38.722218
            ],
            [
              105.973232,
              38.722355
            ],
            [
              105.973166,
              38.72246
            ],
            [
              105.973054,
              38.722604
            ],
            [
              105.972943,
              38.722733
            ],
            [
              105.972848,
              38.72285
            ],
            [
              105.972744,
              38.723019
            ],
            [
              105.972686,
              38.723123
            ],
            [
              105.972639,
              38.723207
            ],
            [
              105.972536,
              38.72337
            ],
            [
              105.972467,
              38.723445
            ],
            [
              105.972344,
              38.723519
            ],
            [
              105.972229,
              38.723563
            ],
            [
              105.971989,
              38.723602
            ],
            [
              105.971713,
              38.723548
            ],
            [
              105.971435,
              38.72361
            ],
            [
              105.97132,
              38.723672
            ],
            [
              105.971222,
              38.723731
            ],
            [
              105.971102,
              38.723802
            ],
            [
              105.970941,
              38.723907
            ],
            [
              105.970836,
              38.723976
            ],
            [
              105.970656,
              38.724096
            ],
            [
              105.970538,
              38.724193
            ],
            [
              105.970408,
              38.72429
            ],
            [
              105.970365,
              38.724397
            ],
            [
              105.970293,
              38.724484
            ],
            [
              105.970225,
              38.724613
            ],
            [
              105.970167,
              38.724709
            ],
            [
              105.970109,
              38.724824
            ],
            [
              105.97006,
              38.724929
            ],
            [
              105.970011,
              38.725048
            ],
            [
              105.969964,
              38.725162
            ],
            [
              105.969916,
              38.725277
            ],
            [
              105.969869,
              38.72539
            ],
            [
              105.969823,
              38.7255
            ],
            [
              105.969776,
              38.725613
            ],
            [
              105.969751,
              38.725733
            ],
            [
              105.969729,
              38.725843
            ],
            [
              105.969659,
              38.725956
            ],
            [
              105.969562,
              38.726056
            ],
            [
              105.969511,
              38.726172
            ],
            [
              105.969462,
              38.726284
            ],
            [
              105.969412,
              38.726396
            ],
            [
              105.969358,
              38.726503
            ],
            [
              105.969303,
              38.72661
            ],
            [
              105.969247,
              38.726717
            ],
            [
              105.969195,
              38.726826
            ],
            [
              105.969142,
              38.726937
            ],
            [
              105.96909,
              38.727048
            ],
            [
              105.969036,
              38.727161
            ],
            [
              105.968979,
              38.727265
            ],
            [
              105.968921,
              38.727371
            ],
            [
              105.968857,
              38.727477
            ],
            [
              105.968789,
              38.727566
            ],
            [
              105.968709,
              38.727647
            ],
            [
              105.968611,
              38.727718
            ],
            [
              105.968501,
              38.727774
            ],
            [
              105.968377,
              38.727831
            ],
            [
              105.96825,
              38.727887
            ],
            [
              105.968118,
              38.727945
            ],
            [
              105.967982,
              38.728004
            ],
            [
              105.967848,
              38.728063
            ],
            [
              105.967713,
              38.728122
            ],
            [
              105.967573,
              38.728183
            ],
            [
              105.967483,
              38.72831
            ],
            [
              105.967356,
              38.728405
            ],
            [
              105.967228,
              38.728488
            ],
            [
              105.967087,
              38.728583
            ],
            [
              105.966927,
              38.728659
            ],
            [
              105.966813,
              38.72876
            ],
            [
              105.966681,
              38.728854
            ],
            [
              105.966525,
              38.728937
            ],
            [
              105.966356,
              38.729013
            ],
            [
              105.966228,
              38.729112
            ],
            [
              105.966088,
              38.729202
            ],
            [
              105.965952,
              38.729295
            ],
            [
              105.965822,
              38.729392
            ],
            [
              105.96569,
              38.729485
            ],
            [
              105.965563,
              38.729571
            ],
            [
              105.965423,
              38.729652
            ],
            [
              105.965284,
              38.729731
            ],
            [
              105.965145,
              38.729809
            ],
            [
              105.965009,
              38.72989
            ],
            [
              105.964873,
              38.729971
            ],
            [
              105.964739,
              38.730054
            ],
            [
              105.964611,
              38.730137
            ],
            [
              105.964487,
              38.730226
            ],
            [
              105.964362,
              38.73031
            ],
            [
              105.964241,
              38.730398
            ],
            [
              105.964118,
              38.730484
            ],
            [
              105.963994,
              38.730567
            ],
            [
              105.963874,
              38.730654
            ],
            [
              105.963776,
              38.730729
            ],
            [
              105.963688,
              38.73081
            ],
            [
              105.963582,
              38.730878
            ],
            [
              105.963499,
              38.730954
            ],
            [
              105.963358,
              38.731073
            ],
            [
              105.963267,
              38.731164
            ],
            [
              105.963144,
              38.731236
            ],
            [
              105.963028,
              38.731293
            ],
            [
              105.962918,
              38.731375
            ],
            [
              105.962792,
              38.731417
            ],
            [
              105.962677,
              38.731476
            ],
            [
              105.962554,
              38.731583
            ],
            [
              105.962461,
              38.731649
            ],
            [
              105.962314,
              38.731721
            ],
            [
              105.962099,
              38.731847
            ],
            [
              105.961953,
              38.73191
            ],
            [
              105.961787,
              38.731952
            ],
            [
              105.961676,
              38.732026
            ],
            [
              105.96156,
              38.732094
            ],
            [
              105.961418,
              38.732148
            ],
            [
              105.961283,
              38.732217
            ],
            [
              105.961138,
              38.732209
            ],
            [
              105.960989,
              38.73221
            ],
            [
              105.960829,
              38.732214
            ],
            [
              105.960615,
              38.732187
            ],
            [
              105.960515,
              38.732119
            ],
            [
              105.960358,
              38.732116
            ],
            [
              105.960241,
              38.732101
            ],
            [
              105.960066,
              38.732277
            ],
            [
              105.960019,
              38.732149
            ],
            [
              105.959996,
              38.73192
            ],
            [
              105.959975,
              38.731811
            ],
            [
              105.959902,
              38.731309
            ],
            [
              105.959984,
              38.731033
            ],
            [
              105.959891,
              38.730931
            ],
            [
              105.959857,
              38.730809
            ],
            [
              105.95982,
              38.730692
            ],
            [
              105.959736,
              38.730583
            ],
            [
              105.959608,
              38.730382
            ],
            [
              105.959567,
              38.730291
            ],
            [
              105.959521,
              38.730197
            ],
            [
              105.959105,
              38.73006
            ],
            [
              105.958289,
              38.730623
            ],
            [
              105.958226,
              38.730886
            ],
            [
              105.958075,
              38.730927
            ],
            [
              105.957949,
              38.730995
            ],
            [
              105.95783,
              38.731066
            ],
            [
              105.957646,
              38.731164
            ],
            [
              105.957599,
              38.731265
            ],
            [
              105.957586,
              38.731404
            ],
            [
              105.95753,
              38.731502
            ],
            [
              105.957553,
              38.731672
            ],
            [
              105.957436,
              38.731739
            ],
            [
              105.957197,
              38.731776
            ],
            [
              105.957088,
              38.73184
            ],
            [
              105.95697,
              38.731897
            ],
            [
              105.956851,
              38.731951
            ],
            [
              105.956728,
              38.732005
            ],
            [
              105.95661,
              38.732061
            ],
            [
              105.956489,
              38.732116
            ],
            [
              105.956367,
              38.732169
            ],
            [
              105.956247,
              38.732221
            ],
            [
              105.956127,
              38.732274
            ],
            [
              105.956007,
              38.732328
            ],
            [
              105.955624,
              38.732039
            ],
            [
              105.955366,
              38.732217
            ],
            [
              105.95522,
              38.732255
            ],
            [
              105.95504,
              38.732285
            ],
            [
              105.954939,
              38.732214
            ],
            [
              105.954747,
              38.732249
            ],
            [
              105.95468,
              38.732334
            ],
            [
              105.954559,
              38.732492
            ],
            [
              105.954456,
              38.732594
            ],
            [
              105.954404,
              38.732746
            ],
            [
              105.954347,
              38.732825
            ],
            [
              105.954289,
              38.732948
            ],
            [
              105.954217,
              38.733038
            ],
            [
              105.95409,
              38.73315
            ],
            [
              105.953981,
              38.733241
            ],
            [
              105.953843,
              38.733342
            ],
            [
              105.953739,
              38.73344
            ],
            [
              105.953701,
              38.73357
            ],
            [
              105.953658,
              38.733685
            ],
            [
              105.953643,
              38.733805
            ],
            [
              105.953624,
              38.733931
            ],
            [
              105.953588,
              38.734035
            ],
            [
              105.953554,
              38.734172
            ],
            [
              105.953552,
              38.734286
            ],
            [
              105.953513,
              38.734424
            ],
            [
              105.953416,
              38.734566
            ],
            [
              105.953359,
              38.734673
            ],
            [
              105.953266,
              38.734782
            ],
            [
              105.953105,
              38.734908
            ],
            [
              105.95301,
              38.735021
            ],
            [
              105.952878,
              38.735146
            ],
            [
              105.952757,
              38.735261
            ],
            [
              105.952634,
              38.735359
            ],
            [
              105.952594,
              38.735452
            ],
            [
              105.95253,
              38.735611
            ],
            [
              105.952506,
              38.73571
            ],
            [
              105.952443,
              38.735814
            ],
            [
              105.952393,
              38.735951
            ],
            [
              105.952364,
              38.736084
            ],
            [
              105.952325,
              38.736207
            ],
            [
              105.952266,
              38.736332
            ],
            [
              105.952224,
              38.736446
            ],
            [
              105.952166,
              38.736572
            ],
            [
              105.952106,
              38.736698
            ],
            [
              105.952068,
              38.73684
            ],
            [
              105.952015,
              38.736966
            ],
            [
              105.951957,
              38.737096
            ],
            [
              105.95189,
              38.737231
            ],
            [
              105.951844,
              38.737361
            ],
            [
              105.951803,
              38.737492
            ],
            [
              105.951743,
              38.737624
            ],
            [
              105.951692,
              38.737753
            ],
            [
              105.951656,
              38.737883
            ],
            [
              105.951607,
              38.738019
            ],
            [
              105.951548,
              38.738146
            ],
            [
              105.951474,
              38.73826
            ],
            [
              105.951402,
              38.738366
            ],
            [
              105.951334,
              38.738457
            ],
            [
              105.951262,
              38.738536
            ],
            [
              105.951113,
              38.738642
            ],
            [
              105.950988,
              38.738694
            ],
            [
              105.950789,
              38.738699
            ],
            [
              105.950584,
              38.738673
            ],
            [
              105.950447,
              38.738575
            ],
            [
              105.950288,
              38.738544
            ],
            [
              105.950149,
              38.738491
            ],
            [
              105.949985,
              38.738475
            ],
            [
              105.949898,
              38.738379
            ],
            [
              105.949817,
              38.738253
            ],
            [
              105.949721,
              38.738154
            ],
            [
              105.949603,
              38.738125
            ],
            [
              105.949419,
              38.738106
            ],
            [
              105.94929,
              38.738081
            ],
            [
              105.949174,
              38.738008
            ],
            [
              105.948963,
              38.737922
            ],
            [
              105.94877,
              38.737872
            ],
            [
              105.948562,
              38.737901
            ],
            [
              105.948374,
              38.737832
            ],
            [
              105.947639,
              38.738056
            ],
            [
              105.947443,
              38.738044
            ],
            [
              105.947273,
              38.738024
            ],
            [
              105.947061,
              38.738006
            ],
            [
              105.946935,
              38.737998
            ],
            [
              105.946789,
              38.737934
            ],
            [
              105.946607,
              38.737963
            ],
            [
              105.946448,
              38.737998
            ],
            [
              105.946249,
              38.737995
            ],
            [
              105.946028,
              38.738025
            ],
            [
              105.94562,
              38.738023
            ],
            [
              105.945492,
              38.738024
            ],
            [
              105.945354,
              38.738024
            ],
            [
              105.945228,
              38.738037
            ],
            [
              105.945059,
              38.738063
            ],
            [
              105.944912,
              38.738066
            ],
            [
              105.944762,
              38.738079
            ],
            [
              105.944611,
              38.738093
            ],
            [
              105.944454,
              38.738125
            ],
            [
              105.944313,
              38.738173
            ],
            [
              105.944174,
              38.73824
            ],
            [
              105.944059,
              38.738313
            ],
            [
              105.943946,
              38.738383
            ],
            [
              105.94385,
              38.738479
            ],
            [
              105.943728,
              38.738571
            ],
            [
              105.943596,
              38.738652
            ],
            [
              105.943491,
              38.738755
            ],
            [
              105.94337,
              38.738833
            ],
            [
              105.943252,
              38.738911
            ],
            [
              105.943144,
              38.739008
            ],
            [
              105.943038,
              38.739103
            ],
            [
              105.942934,
              38.739199
            ],
            [
              105.94287,
              38.739308
            ],
            [
              105.942775,
              38.739423
            ],
            [
              105.942706,
              38.739535
            ],
            [
              105.942637,
              38.739643
            ],
            [
              105.942547,
              38.739738
            ],
            [
              105.942466,
              38.739851
            ],
            [
              105.942399,
              38.739961
            ],
            [
              105.942351,
              38.740077
            ],
            [
              105.942269,
              38.740181
            ],
            [
              105.942185,
              38.740283
            ],
            [
              105.942098,
              38.740378
            ],
            [
              105.942019,
              38.740474
            ],
            [
              105.941936,
              38.740561
            ],
            [
              105.941835,
              38.740623
            ],
            [
              105.941746,
              38.740695
            ],
            [
              105.941657,
              38.740766
            ],
            [
              105.941575,
              38.740831
            ],
            [
              105.941453,
              38.740924
            ],
            [
              105.941334,
              38.741015
            ],
            [
              105.941203,
              38.741115
            ],
            [
              105.941117,
              38.741179
            ],
            [
              105.940958,
              38.741299
            ],
            [
              105.940864,
              38.741369
            ],
            [
              105.940723,
              38.741475
            ],
            [
              105.940534,
              38.741617
            ],
            [
              105.940436,
              38.741691
            ],
            [
              105.940339,
              38.741762
            ],
            [
              105.940245,
              38.741832
            ],
            [
              105.940147,
              38.741905
            ],
            [
              105.940055,
              38.741973
            ],
            [
              105.939952,
              38.74205
            ],
            [
              105.939853,
              38.742123
            ],
            [
              105.939748,
              38.742199
            ],
            [
              105.93964,
              38.742276
            ],
            [
              105.939533,
              38.742353
            ],
            [
              105.939424,
              38.742431
            ],
            [
              105.939314,
              38.742509
            ],
            [
              105.939201,
              38.742589
            ],
            [
              105.939091,
              38.742668
            ],
            [
              105.938984,
              38.742745
            ],
            [
              105.938868,
              38.742827
            ],
            [
              105.938758,
              38.742906
            ],
            [
              105.938652,
              38.742983
            ],
            [
              105.938538,
              38.743067
            ],
            [
              105.938426,
              38.74315
            ],
            [
              105.938316,
              38.743236
            ],
            [
              105.938211,
              38.743319
            ],
            [
              105.938103,
              38.743404
            ],
            [
              105.937992,
              38.743491
            ],
            [
              105.937872,
              38.74358
            ],
            [
              105.937761,
              38.743662
            ],
            [
              105.937637,
              38.743732
            ],
            [
              105.937503,
              38.743799
            ],
            [
              105.937375,
              38.743869
            ],
            [
              105.937248,
              38.743926
            ],
            [
              105.937117,
              38.744001
            ],
            [
              105.936969,
              38.744066
            ],
            [
              105.93685,
              38.744139
            ],
            [
              105.93673,
              38.744221
            ],
            [
              105.936598,
              38.744282
            ],
            [
              105.936472,
              38.744339
            ],
            [
              105.936346,
              38.744401
            ],
            [
              105.936223,
              38.744455
            ],
            [
              105.936073,
              38.744491
            ],
            [
              105.935916,
              38.744487
            ],
            [
              105.935783,
              38.744516
            ],
            [
              105.935643,
              38.744542
            ],
            [
              105.935502,
              38.744564
            ],
            [
              105.935369,
              38.744574
            ],
            [
              105.935236,
              38.744581
            ],
            [
              105.935101,
              38.74458
            ],
            [
              105.93496,
              38.744576
            ],
            [
              105.934799,
              38.744571
            ],
            [
              105.93465,
              38.744567
            ],
            [
              105.934498,
              38.744576
            ],
            [
              105.934356,
              38.744557
            ],
            [
              105.934233,
              38.744542
            ],
            [
              105.934095,
              38.74453
            ],
            [
              105.933958,
              38.744536
            ],
            [
              105.933834,
              38.744542
            ],
            [
              105.933668,
              38.744523
            ],
            [
              105.933491,
              38.744489
            ],
            [
              105.933363,
              38.744474
            ],
            [
              105.933059,
              38.744434
            ],
            [
              105.932881,
              38.744399
            ],
            [
              105.932715,
              38.744367
            ],
            [
              105.932532,
              38.744331
            ],
            [
              105.932356,
              38.744283
            ],
            [
              105.931961,
              38.74406
            ],
            [
              105.931872,
              38.743961
            ],
            [
              105.931589,
              38.743585
            ],
            [
              105.931507,
              38.743498
            ],
            [
              105.93141,
              38.743417
            ],
            [
              105.931324,
              38.743354
            ],
            [
              105.931181,
              38.743253
            ],
            [
              105.930996,
              38.743164
            ],
            [
              105.930874,
              38.743151
            ],
            [
              105.930729,
              38.743185
            ],
            [
              105.930554,
              38.743237
            ],
            [
              105.930455,
              38.743301
            ],
            [
              105.930353,
              38.74336
            ],
            [
              105.930325,
              38.743468
            ],
            [
              105.93026,
              38.743592
            ],
            [
              105.930134,
              38.743633
            ],
            [
              105.929939,
              38.743673
            ],
            [
              105.929486,
              38.743647
            ],
            [
              105.929254,
              38.74364
            ],
            [
              105.929033,
              38.743666
            ],
            [
              105.92885,
              38.743716
            ],
            [
              105.928713,
              38.743764
            ],
            [
              105.928586,
              38.743891
            ],
            [
              105.928548,
              38.744107
            ],
            [
              105.928725,
              38.744212
            ],
            [
              105.928832,
              38.744318
            ],
            [
              105.928735,
              38.744372
            ],
            [
              105.928626,
              38.744473
            ],
            [
              105.928516,
              38.744532
            ],
            [
              105.928403,
              38.744567
            ],
            [
              105.92825,
              38.744565
            ],
            [
              105.928099,
              38.744751
            ],
            [
              105.928098,
              38.744888
            ],
            [
              105.927999,
              38.744954
            ],
            [
              105.927932,
              38.745032
            ],
            [
              105.927764,
              38.74496
            ],
            [
              105.927592,
              38.744862
            ],
            [
              105.927415,
              38.74478
            ],
            [
              105.927446,
              38.744871
            ],
            [
              105.92751,
              38.744998
            ],
            [
              105.927665,
              38.745074
            ],
            [
              105.92785,
              38.745145
            ],
            [
              105.927967,
              38.745206
            ],
            [
              105.928089,
              38.745188
            ],
            [
              105.928229,
              38.745243
            ],
            [
              105.928346,
              38.745363
            ],
            [
              105.928446,
              38.745478
            ],
            [
              105.928532,
              38.745629
            ],
            [
              105.928353,
              38.745734
            ],
            [
              105.928332,
              38.745835
            ],
            [
              105.928161,
              38.745879
            ],
            [
              105.928046,
              38.74592
            ],
            [
              105.927927,
              38.745934
            ],
            [
              105.927801,
              38.746156
            ],
            [
              105.927631,
              38.746365
            ],
            [
              105.927522,
              38.746476
            ],
            [
              105.927443,
              38.746553
            ],
            [
              105.927349,
              38.746611
            ],
            [
              105.927221,
              38.746732
            ],
            [
              105.927046,
              38.746807
            ],
            [
              105.926899,
              38.746857
            ],
            [
              105.926776,
              38.74689
            ],
            [
              105.926627,
              38.746923
            ],
            [
              105.926264,
              38.74695
            ],
            [
              105.926133,
              38.746951
            ],
            [
              105.926017,
              38.746956
            ],
            [
              105.925876,
              38.746969
            ],
            [
              105.92575,
              38.746957
            ],
            [
              105.925628,
              38.746929
            ],
            [
              105.925459,
              38.746906
            ],
            [
              105.92529,
              38.746867
            ],
            [
              105.925154,
              38.746836
            ],
            [
              105.925023,
              38.746806
            ],
            [
              105.9249,
              38.746777
            ],
            [
              105.924744,
              38.746733
            ],
            [
              105.924521,
              38.746708
            ],
            [
              105.924309,
              38.746775
            ],
            [
              105.924175,
              38.746828
            ],
            [
              105.923929,
              38.746926
            ],
            [
              105.923793,
              38.746974
            ],
            [
              105.923589,
              38.747033
            ],
            [
              105.923408,
              38.747049
            ],
            [
              105.923127,
              38.746933
            ],
            [
              105.922985,
              38.746875
            ],
            [
              105.92283,
              38.746863
            ],
            [
              105.922717,
              38.74688
            ],
            [
              105.922573,
              38.746933
            ],
            [
              105.922298,
              38.747011
            ],
            [
              105.922189,
              38.747044
            ],
            [
              105.922023,
              38.747092
            ],
            [
              105.921835,
              38.747142
            ],
            [
              105.921707,
              38.747189
            ],
            [
              105.921594,
              38.747216
            ],
            [
              105.921473,
              38.747257
            ],
            [
              105.921353,
              38.7473
            ],
            [
              105.921193,
              38.74736
            ],
            [
              105.920912,
              38.747464
            ],
            [
              105.920791,
              38.747514
            ],
            [
              105.920629,
              38.747599
            ],
            [
              105.920496,
              38.747676
            ],
            [
              105.92041,
              38.747746
            ],
            [
              105.920305,
              38.747806
            ],
            [
              105.920172,
              38.747839
            ],
            [
              105.92005,
              38.747841
            ],
            [
              105.919948,
              38.74775
            ],
            [
              105.919881,
              38.747659
            ],
            [
              105.919776,
              38.747572
            ],
            [
              105.919672,
              38.747486
            ],
            [
              105.919557,
              38.747405
            ],
            [
              105.919414,
              38.747367
            ],
            [
              105.919257,
              38.747364
            ],
            [
              105.919144,
              38.747411
            ],
            [
              105.919061,
              38.747492
            ],
            [
              105.918959,
              38.747583
            ],
            [
              105.918848,
              38.747704
            ],
            [
              105.91878,
              38.747786
            ],
            [
              105.918709,
              38.74788
            ],
            [
              105.91866,
              38.747986
            ],
            [
              105.91858,
              38.748072
            ],
            [
              105.918532,
              38.748165
            ],
            [
              105.918501,
              38.748257
            ],
            [
              105.918457,
              38.74834
            ],
            [
              105.918411,
              38.748424
            ],
            [
              105.918359,
              38.748506
            ],
            [
              105.918282,
              38.748582
            ],
            [
              105.918222,
              38.748671
            ],
            [
              105.918134,
              38.748734
            ],
            [
              105.918041,
              38.748818
            ],
            [
              105.91794,
              38.748871
            ],
            [
              105.917816,
              38.748916
            ],
            [
              105.917694,
              38.748962
            ],
            [
              105.91756,
              38.748995
            ],
            [
              105.917444,
              38.74902
            ],
            [
              105.917351,
              38.749088
            ],
            [
              105.917229,
              38.749157
            ],
            [
              105.917091,
              38.749196
            ],
            [
              105.916964,
              38.749281
            ],
            [
              105.916844,
              38.749362
            ],
            [
              105.916717,
              38.749283
            ],
            [
              105.916782,
              38.749361
            ],
            [
              105.916971,
              38.749279
            ],
            [
              105.916993,
              38.749186
            ],
            [
              105.917033,
              38.749094
            ],
            [
              105.917091,
              38.749014
            ],
            [
              105.917024,
              38.74894
            ],
            [
              105.916956,
              38.748868
            ],
            [
              105.916883,
              38.748792
            ],
            [
              105.91699,
              38.748842
            ],
            [
              105.917051,
              38.74892
            ],
            [
              105.917085,
              38.748833
            ],
            [
              105.916993,
              38.74876
            ],
            [
              105.91691,
              38.748688
            ],
            [
              105.916831,
              38.748613
            ],
            [
              105.916733,
              38.748542
            ],
            [
              105.916643,
              38.748473
            ],
            [
              105.916579,
              38.748393
            ],
            [
              105.916479,
              38.74833
            ],
            [
              105.91636,
              38.748304
            ],
            [
              105.916247,
              38.748263
            ],
            [
              105.916124,
              38.74825
            ],
            [
              105.916009,
              38.748257
            ],
            [
              105.915884,
              38.748265
            ],
            [
              105.915763,
              38.748267
            ],
            [
              105.915639,
              38.748298
            ],
            [
              105.915517,
              38.748309
            ],
            [
              105.915402,
              38.748322
            ],
            [
              105.915291,
              38.748295
            ],
            [
              105.91519,
              38.748242
            ],
            [
              105.915052,
              38.748202
            ],
            [
              105.914937,
              38.748224
            ],
            [
              105.914816,
              38.748218
            ],
            [
              105.914693,
              38.748232
            ],
            [
              105.914563,
              38.74825
            ],
            [
              105.914629,
              38.748175
            ],
            [
              105.914712,
              38.748101
            ],
            [
              105.914759,
              38.748009
            ],
            [
              105.91482,
              38.747929
            ],
            [
              105.91492,
              38.747876
            ],
            [
              105.91504,
              38.747878
            ],
            [
              105.91513,
              38.747814
            ],
            [
              105.915133,
              38.747718
            ],
            [
              105.915084,
              38.747636
            ],
            [
              105.915056,
              38.747542
            ],
            [
              105.91512,
              38.747456
            ],
            [
              105.915249,
              38.747441
            ],
            [
              105.915366,
              38.747431
            ],
            [
              105.915489,
              38.747419
            ],
            [
              105.915471,
              38.747329
            ],
            [
              105.915585,
              38.747313
            ],
            [
              105.915708,
              38.747317
            ],
            [
              105.915789,
              38.747245
            ],
            [
              105.91588,
              38.747186
            ],
            [
              105.915947,
              38.747108
            ],
            [
              105.915843,
              38.747043
            ],
            [
              105.91573,
              38.746985
            ],
            [
              105.915831,
              38.747043
            ],
            [
              105.915958,
              38.74704
            ],
            [
              105.916052,
              38.747095
            ],
            [
              105.916175,
              38.747089
            ],
            [
              105.916291,
              38.747114
            ],
            [
              105.916383,
              38.747183
            ],
            [
              105.916499,
              38.74717
            ],
            [
              105.916606,
              38.747212
            ],
            [
              105.916726,
              38.747233
            ],
            [
              105.916844,
              38.747254
            ],
            [
              105.916942,
              38.747204
            ],
            [
              105.916845,
              38.747138
            ],
            [
              105.916757,
              38.747059
            ],
            [
              105.916682,
              38.746988
            ],
            [
              105.916582,
              38.746926
            ],
            [
              105.916513,
              38.746843
            ],
            [
              105.916415,
              38.746775
            ],
            [
              105.916381,
              38.74668
            ],
            [
              105.916405,
              38.746587
            ],
            [
              105.916365,
              38.7465
            ],
            [
              105.916249,
              38.746449
            ],
            [
              105.916184,
              38.74637
            ],
            [
              105.916145,
              38.746275
            ],
            [
              105.916044,
              38.746213
            ],
            [
              105.91599,
              38.746124
            ],
            [
              105.915962,
              38.746027
            ],
            [
              105.915936,
              38.745924
            ],
            [
              105.915931,
              38.745833
            ],
            [
              105.915894,
              38.745738
            ],
            [
              105.915988,
              38.745673
            ],
            [
              105.916106,
              38.745666
            ],
            [
              105.916238,
              38.745662
            ],
            [
              105.916338,
              38.745597
            ],
            [
              105.916468,
              38.74557
            ],
            [
              105.91656,
              38.7455
            ],
            [
              105.916637,
              38.745393
            ],
            [
              105.916575,
              38.745485
            ],
            [
              105.916632,
              38.745397
            ],
            [
              105.916762,
              38.745419
            ],
            [
              105.916876,
              38.745393
            ],
            [
              105.916967,
              38.745316
            ],
            [
              105.917036,
              38.74524
            ],
            [
              105.917082,
              38.745154
            ],
            [
              105.916985,
              38.7451
            ],
            [
              105.916858,
              38.745107
            ],
            [
              105.916771,
              38.745041
            ],
            [
              105.916699,
              38.744948
            ],
            [
              105.916601,
              38.744883
            ],
            [
              105.916484,
              38.744872
            ],
            [
              105.916411,
              38.744797
            ],
            [
              105.916355,
              38.744712
            ],
            [
              105.916283,
              38.744634
            ],
            [
              105.916331,
              38.744531
            ],
            [
              105.916306,
              38.744443
            ],
            [
              105.916227,
              38.744373
            ],
            [
              105.916264,
              38.744281
            ],
            [
              105.916361,
              38.744223
            ],
            [
              105.916412,
              38.744121
            ],
            [
              105.916452,
              38.744029
            ],
            [
              105.916566,
              38.744008
            ],
            [
              105.91666,
              38.743943
            ],
            [
              105.916603,
              38.743856
            ],
            [
              105.916559,
              38.743756
            ],
            [
              105.916518,
              38.743664
            ],
            [
              105.916494,
              38.743567
            ],
            [
              105.916552,
              38.743481
            ],
            [
              105.916499,
              38.743391
            ],
            [
              105.916549,
              38.74327
            ],
            [
              105.916678,
              38.743232
            ],
            [
              105.916798,
              38.7432
            ],
            [
              105.916926,
              38.74319
            ],
            [
              105.917037,
              38.743157
            ],
            [
              105.916936,
              38.743204
            ],
            [
              105.916811,
              38.743169
            ],
            [
              105.916698,
              38.743202
            ],
            [
              105.916598,
              38.743252
            ],
            [
              105.916483,
              38.743212
            ],
            [
              105.916416,
              38.743131
            ],
            [
              105.916336,
              38.743053
            ],
            [
              105.916448,
              38.743016
            ],
            [
              105.916368,
              38.743087
            ],
            [
              105.916419,
              38.743173
            ],
            [
              105.916458,
              38.743283
            ],
            [
              105.916519,
              38.743362
            ],
            [
              105.916465,
              38.743465
            ],
            [
              105.916464,
              38.743562
            ],
            [
              105.916449,
              38.743657
            ],
            [
              105.916554,
              38.743724
            ],
            [
              105.916547,
              38.743822
            ],
            [
              105.91662,
              38.743902
            ],
            [
              105.916654,
              38.743999
            ],
            [
              105.916527,
              38.743997
            ],
            [
              105.916469,
              38.744079
            ],
            [
              105.916357,
              38.744124
            ],
            [
              105.916354,
              38.744221
            ],
            [
              105.916273,
              38.744288
            ],
            [
              105.916216,
              38.744367
            ],
            [
              105.916299,
              38.744451
            ],
            [
              105.91631,
              38.744541
            ],
            [
              105.91629,
              38.744633
            ],
            [
              105.916318,
              38.744736
            ],
            [
              105.916423,
              38.744784
            ],
            [
              105.91653,
              38.744821
            ],
            [
              105.916597,
              38.744899
            ],
            [
              105.916719,
              38.744944
            ],
            [
              105.916815,
              38.74501
            ],
            [
              105.916855,
              38.745099
            ],
            [
              105.916988,
              38.745119
            ],
            [
              105.917062,
              38.745194
            ],
            [
              105.916988,
              38.745263
            ],
            [
              105.916921,
              38.74535
            ],
            [
              105.916834,
              38.745427
            ],
            [
              105.91672,
              38.745395
            ],
            [
              105.916624,
              38.745465
            ],
            [
              105.916509,
              38.7455
            ],
            [
              105.916449,
              38.745581
            ],
            [
              105.916328,
              38.745595
            ],
            [
              105.916242,
              38.745671
            ],
            [
              105.91611,
              38.745669
            ],
            [
              105.91596,
              38.745674
            ],
            [
              105.915841,
              38.745664
            ],
            [
              105.915928,
              38.745775
            ],
            [
              105.915913,
              38.745866
            ],
            [
              105.915964,
              38.745968
            ],
            [
              105.915989,
              38.746071
            ],
            [
              105.915992,
              38.74617
            ],
            [
              105.916098,
              38.746232
            ],
            [
              105.916146,
              38.746319
            ],
            [
              105.916224,
              38.746387
            ],
            [
              105.916256,
              38.746474
            ],
            [
              105.916364,
              38.746517
            ],
            [
              105.916376,
              38.746618
            ],
            [
              105.916341,
              38.746738
            ],
            [
              105.916446,
              38.746786
            ],
            [
              105.916513,
              38.746872
            ],
            [
              105.916593,
              38.746947
            ],
            [
              105.916702,
              38.747007
            ],
            [
              105.916798,
              38.747088
            ],
            [
              105.916871,
              38.747159
            ],
            [
              105.916955,
              38.747229
            ],
            [
              105.917012,
              38.747317
            ],
            [
              105.917029,
              38.747409
            ],
            [
              105.91702,
              38.747507
            ],
            [
              105.916932,
              38.747565
            ],
            [
              105.916872,
              38.747646
            ],
            [
              105.916748,
              38.747639
            ],
            [
              105.916652,
              38.74769
            ],
            [
              105.916612,
              38.747786
            ],
            [
              105.916617,
              38.747878
            ],
            [
              105.916561,
              38.747964
            ],
            [
              105.916459,
              38.748008
            ],
            [
              105.91637,
              38.748079
            ],
            [
              105.9164,
              38.74817
            ],
            [
              105.916461,
              38.748253
            ],
            [
              105.916548,
              38.748331
            ],
            [
              105.916589,
              38.748418
            ],
            [
              105.916623,
              38.748506
            ],
            [
              105.916734,
              38.748568
            ],
            [
              105.91682,
              38.748642
            ],
            [
              105.916902,
              38.748717
            ],
            [
              105.916981,
              38.748796
            ],
            [
              105.917054,
              38.748879
            ],
            [
              105.917143,
              38.748966
            ],
            [
              105.917021,
              38.748966
            ],
            [
              105.916906,
              38.748999
            ],
            [
              105.917007,
              38.748949
            ],
            [
              105.916898,
              38.748894
            ],
            [
              105.916757,
              38.748847
            ],
            [
              105.916737,
              38.748936
            ],
            [
              105.916841,
              38.748983
            ],
            [
              105.916956,
              38.749024
            ],
            [
              105.917082,
              38.748993
            ],
            [
              105.91723,
              38.748979
            ],
            [
              105.917411,
              38.748982
            ],
            [
              105.917552,
              38.748967
            ],
            [
              105.917678,
              38.748917
            ],
            [
              105.917807,
              38.748866
            ],
            [
              105.917928,
              38.74881
            ],
            [
              105.918053,
              38.748734
            ],
            [
              105.918166,
              38.748645
            ],
            [
              105.918339,
              38.748577
            ],
            [
              105.918424,
              38.748454
            ],
            [
              105.91849,
              38.748335
            ],
            [
              105.918566,
              38.748189
            ],
            [
              105.918647,
              38.748041
            ],
            [
              105.918726,
              38.747965
            ],
            [
              105.918819,
              38.747832
            ],
            [
              105.918934,
              38.747707
            ],
            [
              105.919035,
              38.747589
            ],
            [
              105.919131,
              38.747455
            ],
            [
              105.919245,
              38.747362
            ],
            [
              105.919376,
              38.747327
            ],
            [
              105.919532,
              38.747327
            ],
            [
              105.919692,
              38.747351
            ],
            [
              105.919805,
              38.747394
            ],
            [
              105.919921,
              38.747479
            ],
            [
              105.920007,
              38.747582
            ],
            [
              105.920153,
              38.747672
            ],
            [
              105.920308,
              38.747698
            ],
            [
              105.920477,
              38.747638
            ],
            [
              105.92061,
              38.747532
            ],
            [
              105.920768,
              38.747469
            ],
            [
              105.920932,
              38.747397
            ],
            [
              105.921135,
              38.747326
            ],
            [
              105.92125,
              38.747284
            ],
            [
              105.921445,
              38.747197
            ],
            [
              105.921645,
              38.747147
            ],
            [
              105.921853,
              38.747093
            ],
            [
              105.922049,
              38.747041
            ],
            [
              105.922238,
              38.746974
            ],
            [
              105.922441,
              38.746922
            ],
            [
              105.922627,
              38.746876
            ],
            [
              105.922795,
              38.746838
            ],
            [
              105.922986,
              38.746821
            ],
            [
              105.923139,
              38.746896
            ],
            [
              105.92327,
              38.746975
            ],
            [
              105.923427,
              38.746999
            ],
            [
              105.923624,
              38.746971
            ],
            [
              105.923825,
              38.746908
            ],
            [
              105.923942,
              38.746866
            ],
            [
              105.924067,
              38.746823
            ],
            [
              105.924232,
              38.746766
            ],
            [
              105.924413,
              38.746716
            ],
            [
              105.924616,
              38.746697
            ],
            [
              105.924776,
              38.746693
            ],
            [
              105.924894,
              38.746718
            ],
            [
              105.925004,
              38.746749
            ],
            [
              105.92523,
              38.746801
            ],
            [
              105.925365,
              38.746832
            ],
            [
              105.925566,
              38.746852
            ],
            [
              105.925704,
              38.74687
            ],
            [
              105.925828,
              38.746894
            ],
            [
              105.925989,
              38.746889
            ],
            [
              105.926178,
              38.746907
            ],
            [
              105.926391,
              38.746955
            ],
            [
              105.926595,
              38.746974
            ],
            [
              105.926843,
              38.746843
            ],
            [
              105.927136,
              38.747111
            ],
            [
              105.927313,
              38.747163
            ],
            [
              105.927688,
              38.747059
            ],
            [
              105.92788,
              38.747062
            ],
            [
              105.927967,
              38.746856
            ],
            [
              105.927909,
              38.746696
            ],
            [
              105.927783,
              38.746621
            ],
            [
              105.927619,
              38.746512
            ],
            [
              105.927617,
              38.746416
            ],
            [
              105.92774,
              38.746479
            ],
            [
              105.927573,
              38.746386
            ],
            [
              105.927548,
              38.746282
            ],
            [
              105.927645,
              38.746366
            ],
            [
              105.927788,
              38.746458
            ],
            [
              105.927837,
              38.746576
            ],
            [
              105.927934,
              38.746655
            ],
            [
              105.927883,
              38.746552
            ],
            [
              105.927872,
              38.746455
            ],
            [
              105.927965,
              38.746319
            ],
            [
              105.92806,
              38.746182
            ],
            [
              105.928043,
              38.745822
            ],
            [
              105.928105,
              38.745744
            ],
            [
              105.928177,
              38.745598
            ],
            [
              105.928115,
              38.74549
            ],
            [
              105.928003,
              38.745381
            ],
            [
              105.92785,
              38.74527
            ],
            [
              105.927711,
              38.745168
            ],
            [
              105.927571,
              38.745066
            ],
            [
              105.927526,
              38.744922
            ],
            [
              105.927516,
              38.744775
            ],
            [
              105.927433,
              38.74469
            ],
            [
              105.927553,
              38.744536
            ],
            [
              105.927715,
              38.74446
            ],
            [
              105.927782,
              38.744542
            ],
            [
              105.927948,
              38.744547
            ],
            [
              105.928131,
              38.744544
            ],
            [
              105.928339,
              38.744546
            ],
            [
              105.928469,
              38.74452
            ],
            [
              105.928604,
              38.744491
            ],
            [
              105.928752,
              38.744445
            ],
            [
              105.928816,
              38.744299
            ],
            [
              105.928838,
              38.744204
            ],
            [
              105.928775,
              38.744123
            ],
            [
              105.928749,
              38.744014
            ],
            [
              105.92876,
              38.743896
            ],
            [
              105.928765,
              38.743778
            ],
            [
              105.928741,
              38.743649
            ],
            [
              105.928787,
              38.743543
            ],
            [
              105.928825,
              38.743432
            ],
            [
              105.928949,
              38.74338
            ],
            [
              105.929076,
              38.743329
            ],
            [
              105.929276,
              38.743335
            ],
            [
              105.929462,
              38.743254
            ],
            [
              105.929645,
              38.743352
            ],
            [
              105.929792,
              38.743411
            ],
            [
              105.929922,
              38.743485
            ],
            [
              105.930056,
              38.743607
            ],
            [
              105.930244,
              38.743547
            ],
            [
              105.930363,
              38.743483
            ],
            [
              105.930391,
              38.743311
            ],
            [
              105.930509,
              38.743205
            ],
            [
              105.930652,
              38.743163
            ],
            [
              105.930785,
              38.743134
            ],
            [
              105.930997,
              38.743115
            ],
            [
              105.931177,
              38.743196
            ],
            [
              105.931343,
              38.743311
            ],
            [
              105.931509,
              38.743437
            ],
            [
              105.93159,
              38.743514
            ],
            [
              105.93165,
              38.7436
            ],
            [
              105.931749,
              38.743693
            ],
            [
              105.931862,
              38.743835
            ],
            [
              105.931931,
              38.743912
            ],
            [
              105.931986,
              38.743991
            ],
            [
              105.932038,
              38.744072
            ],
            [
              105.93214,
              38.744137
            ],
            [
              105.932236,
              38.744192
            ],
            [
              105.932413,
              38.744258
            ],
            [
              105.932624,
              38.744306
            ],
            [
              105.932745,
              38.74433
            ],
            [
              105.932872,
              38.744354
            ],
            [
              105.932995,
              38.744378
            ],
            [
              105.933231,
              38.744418
            ],
            [
              105.933367,
              38.744433
            ],
            [
              105.933508,
              38.744449
            ],
            [
              105.933718,
              38.744472
            ],
            [
              105.933939,
              38.744483
            ],
            [
              105.934063,
              38.744481
            ],
            [
              105.934194,
              38.74449
            ],
            [
              105.934329,
              38.7445
            ],
            [
              105.934458,
              38.744499
            ],
            [
              105.934591,
              38.7445
            ],
            [
              105.934728,
              38.74451
            ],
            [
              105.934868,
              38.744534
            ],
            [
              105.935124,
              38.744532
            ],
            [
              105.935264,
              38.744532
            ],
            [
              105.935392,
              38.744522
            ],
            [
              105.935586,
              38.7445
            ],
            [
              105.935704,
              38.74449
            ],
            [
              105.935851,
              38.744458
            ],
            [
              105.935973,
              38.744427
            ],
            [
              105.936278,
              38.744337
            ],
            [
              105.936411,
              38.744287
            ],
            [
              105.936626,
              38.744166
            ],
            [
              105.93673,
              38.744109
            ],
            [
              105.936855,
              38.744061
            ],
            [
              105.936972,
              38.744001
            ],
            [
              105.937092,
              38.743925
            ],
            [
              105.937222,
              38.743862
            ],
            [
              105.937374,
              38.743797
            ],
            [
              105.937572,
              38.743618
            ],
            [
              105.937668,
              38.743548
            ],
            [
              105.937929,
              38.74347
            ],
            [
              105.938017,
              38.743401
            ],
            [
              105.938124,
              38.743317
            ],
            [
              105.938379,
              38.743128
            ],
            [
              105.938489,
              38.743046
            ],
            [
              105.938605,
              38.742974
            ],
            [
              105.938711,
              38.742896
            ],
            [
              105.938814,
              38.742828
            ],
            [
              105.938925,
              38.742753
            ],
            [
              105.93903,
              38.742648
            ],
            [
              105.939135,
              38.742579
            ],
            [
              105.939235,
              38.742483
            ],
            [
              105.939342,
              38.742407
            ],
            [
              105.939469,
              38.742331
            ],
            [
              105.939642,
              38.742207
            ],
            [
              105.939747,
              38.742133
            ],
            [
              105.939855,
              38.742053
            ],
            [
              105.939951,
              38.741982
            ],
            [
              105.94004,
              38.741917
            ],
            [
              105.940212,
              38.7418
            ],
            [
              105.940303,
              38.741732
            ],
            [
              105.940476,
              38.741603
            ],
            [
              105.940561,
              38.741539
            ],
            [
              105.940654,
              38.741469
            ],
            [
              105.940745,
              38.741402
            ],
            [
              105.940834,
              38.741335
            ],
            [
              105.940922,
              38.741268
            ],
            [
              105.941081,
              38.741149
            ],
            [
              105.941233,
              38.741034
            ],
            [
              105.941387,
              38.740917
            ],
            [
              105.941471,
              38.740852
            ],
            [
              105.941557,
              38.740786
            ],
            [
              105.94165,
              38.740712
            ],
            [
              105.941743,
              38.740638
            ],
            [
              105.941831,
              38.740566
            ],
            [
              105.941919,
              38.740492
            ],
            [
              105.942005,
              38.740407
            ],
            [
              105.942087,
              38.740317
            ],
            [
              105.942153,
              38.740239
            ],
            [
              105.942222,
              38.740148
            ],
            [
              105.942287,
              38.740049
            ],
            [
              105.942347,
              38.73995
            ],
            [
              105.942406,
              38.739853
            ],
            [
              105.942471,
              38.739759
            ],
            [
              105.942537,
              38.739667
            ],
            [
              105.942613,
              38.739559
            ],
            [
              105.942687,
              38.739455
            ],
            [
              105.942765,
              38.739355
            ],
            [
              105.942858,
              38.739243
            ],
            [
              105.942953,
              38.739136
            ],
            [
              105.943032,
              38.739058
            ],
            [
              105.943132,
              38.738971
            ],
            [
              105.943231,
              38.738886
            ],
            [
              105.943337,
              38.7388
            ],
            [
              105.943436,
              38.738721
            ],
            [
              105.943546,
              38.738633
            ],
            [
              105.943643,
              38.738557
            ],
            [
              105.943745,
              38.73848
            ],
            [
              105.94385,
              38.738406
            ],
            [
              105.943949,
              38.738342
            ],
            [
              105.944047,
              38.738295
            ],
            [
              105.944123,
              38.738226
            ],
            [
              105.944252,
              38.738161
            ],
            [
              105.944366,
              38.738103
            ],
            [
              105.944481,
              38.738081
            ],
            [
              105.944602,
              38.738043
            ],
            [
              105.944833,
              38.738022
            ],
            [
              105.944963,
              38.737995
            ],
            [
              105.945083,
              38.738
            ],
            [
              105.945215,
              38.737991
            ],
            [
              105.945342,
              38.737983
            ],
            [
              105.945459,
              38.737974
            ],
            [
              105.945594,
              38.737967
            ],
            [
              105.945722,
              38.737966
            ],
            [
              105.945849,
              38.737986
            ],
            [
              105.945974,
              38.737987
            ],
            [
              105.946206,
              38.737958
            ],
            [
              105.946359,
              38.737957
            ],
            [
              105.946569,
              38.737912
            ],
            [
              105.94669,
              38.737894
            ],
            [
              105.946808,
              38.737883
            ],
            [
              105.946931,
              38.737882
            ],
            [
              105.947047,
              38.7379
            ],
            [
              105.947176,
              38.737917
            ],
            [
              105.94731,
              38.737934
            ],
            [
              105.947432,
              38.737949
            ],
            [
              105.947673,
              38.737984
            ],
            [
              105.947797,
              38.738008
            ],
            [
              105.948029,
              38.73801
            ],
            [
              105.94816,
              38.738001
            ],
            [
              105.948281,
              38.738022
            ],
            [
              105.948401,
              38.737971
            ],
            [
              105.948519,
              38.737948
            ],
            [
              105.948628,
              38.737917
            ],
            [
              105.948846,
              38.73787
            ],
            [
              105.948966,
              38.737868
            ],
            [
              105.949183,
              38.737915
            ],
            [
              105.949287,
              38.737972
            ],
            [
              105.949418,
              38.738053
            ],
            [
              105.949547,
              38.738118
            ],
            [
              105.949685,
              38.738167
            ],
            [
              105.949806,
              38.738216
            ],
            [
              105.949913,
              38.738253
            ],
            [
              105.95002,
              38.738313
            ],
            [
              105.950122,
              38.738392
            ],
            [
              105.950231,
              38.738441
            ],
            [
              105.950352,
              38.738496
            ],
            [
              105.950474,
              38.73853
            ],
            [
              105.950579,
              38.738568
            ],
            [
              105.950753,
              38.738604
            ],
            [
              105.950902,
              38.738605
            ],
            [
              105.951013,
              38.738583
            ],
            [
              105.951145,
              38.738509
            ],
            [
              105.95144,
              38.73818
            ],
            [
              105.95148,
              38.73809
            ],
            [
              105.951517,
              38.738003
            ],
            [
              105.951555,
              38.737905
            ],
            [
              105.951596,
              38.737796
            ],
            [
              105.951637,
              38.737687
            ],
            [
              105.951675,
              38.737587
            ],
            [
              105.951716,
              38.73748
            ],
            [
              105.951756,
              38.737375
            ],
            [
              105.951801,
              38.73726
            ],
            [
              105.951848,
              38.737155
            ],
            [
              105.951896,
              38.737046
            ],
            [
              105.951939,
              38.736948
            ],
            [
              105.951985,
              38.736846
            ],
            [
              105.952029,
              38.736742
            ],
            [
              105.952067,
              38.736654
            ],
            [
              105.952109,
              38.736554
            ],
            [
              105.952152,
              38.736453
            ],
            [
              105.952197,
              38.736347
            ],
            [
              105.952272,
              38.736254
            ],
            [
              105.952318,
              38.736157
            ],
            [
              105.952354,
              38.736061
            ],
            [
              105.952394,
              38.735961
            ],
            [
              105.952436,
              38.735862
            ],
            [
              105.952489,
              38.735762
            ],
            [
              105.952541,
              38.735662
            ],
            [
              105.952589,
              38.735556
            ],
            [
              105.952668,
              38.73546
            ],
            [
              105.952716,
              38.735364
            ],
            [
              105.952824,
              38.735196
            ],
            [
              105.952926,
              38.735099
            ],
            [
              105.953044,
              38.734926
            ],
            [
              105.953116,
              38.734816
            ],
            [
              105.953214,
              38.734729
            ],
            [
              105.953282,
              38.734632
            ],
            [
              105.953369,
              38.734455
            ],
            [
              105.953428,
              38.734359
            ],
            [
              105.953463,
              38.734255
            ],
            [
              105.953485,
              38.734153
            ],
            [
              105.953502,
              38.734042
            ],
            [
              105.953518,
              38.733938
            ],
            [
              105.953561,
              38.73384
            ],
            [
              105.953585,
              38.73374
            ],
            [
              105.953599,
              38.733649
            ],
            [
              105.953635,
              38.733552
            ],
            [
              105.953674,
              38.733456
            ],
            [
              105.953713,
              38.73336
            ],
            [
              105.953765,
              38.733259
            ],
            [
              105.95381,
              38.733168
            ],
            [
              105.953895,
              38.733094
            ],
            [
              105.954045,
              38.732955
            ],
            [
              105.954116,
              38.732882
            ],
            [
              105.954192,
              38.732811
            ],
            [
              105.954264,
              38.732737
            ],
            [
              105.954344,
              38.732664
            ],
            [
              105.954414,
              38.732582
            ],
            [
              105.954577,
              38.732448
            ],
            [
              105.954669,
              38.732385
            ],
            [
              105.954767,
              38.732322
            ],
            [
              105.954886,
              38.732263
            ],
            [
              105.955011,
              38.732212
            ],
            [
              105.955132,
              38.732165
            ],
            [
              105.955278,
              38.732115
            ],
            [
              105.955418,
              38.732076
            ],
            [
              105.955554,
              38.732042
            ],
            [
              105.955695,
              38.732006
            ],
            [
              105.955833,
              38.731971
            ],
            [
              105.956062,
              38.731914
            ],
            [
              105.956185,
              38.731883
            ],
            [
              105.95631,
              38.731852
            ],
            [
              105.956432,
              38.731821
            ],
            [
              105.956549,
              38.731792
            ],
            [
              105.956661,
              38.731762
            ],
            [
              105.956782,
              38.73174
            ],
            [
              105.956885,
              38.731695
            ],
            [
              105.957001,
              38.731661
            ],
            [
              105.957198,
              38.731599
            ],
            [
              105.960187,
              38.731847
            ],
            [
              105.960224,
              38.731943
            ],
            [
              105.96028,
              38.732026
            ],
            [
              105.960301,
              38.732068
            ],
            [
              105.960392,
              38.732147
            ],
            [
              105.960479,
              38.732209
            ],
            [
              105.960688,
              38.732256
            ],
            [
              105.96087,
              38.73221
            ],
            [
              105.960986,
              38.732203
            ],
            [
              105.961107,
              38.732192
            ],
            [
              105.96123,
              38.732181
            ],
            [
              105.961357,
              38.73215
            ],
            [
              105.961475,
              38.732107
            ],
            [
              105.961587,
              38.732045
            ],
            [
              105.961694,
              38.731973
            ],
            [
              105.96179,
              38.731885
            ],
            [
              105.961877,
              38.731802
            ],
            [
              105.96199,
              38.731726
            ],
            [
              105.962109,
              38.731679
            ],
            [
              105.962227,
              38.731608
            ],
            [
              105.962348,
              38.731558
            ],
            [
              105.962471,
              38.731503
            ],
            [
              105.962587,
              38.73144
            ],
            [
              105.962704,
              38.73138
            ],
            [
              105.962821,
              38.731315
            ],
            [
              105.962935,
              38.731246
            ],
            [
              105.963041,
              38.73118
            ],
            [
              105.963154,
              38.731117
            ],
            [
              105.963261,
              38.73105
            ],
            [
              105.963366,
              38.730979
            ],
            [
              105.963468,
              38.730906
            ],
            [
              105.963565,
              38.730838
            ],
            [
              105.963664,
              38.730769
            ],
            [
              105.963768,
              38.730704
            ],
            [
              105.963863,
              38.730634
            ],
            [
              105.963963,
              38.730566
            ],
            [
              105.964063,
              38.730494
            ],
            [
              105.964162,
              38.730419
            ],
            [
              105.964259,
              38.73035
            ],
            [
              105.964357,
              38.730279
            ],
            [
              105.96446,
              38.730204
            ],
            [
              105.964568,
              38.730132
            ],
            [
              105.964676,
              38.730056
            ],
            [
              105.964785,
              38.729981
            ],
            [
              105.964899,
              38.729907
            ],
            [
              105.965017,
              38.729841
            ],
            [
              105.965135,
              38.729778
            ],
            [
              105.965252,
              38.729717
            ],
            [
              105.965363,
              38.72965
            ],
            [
              105.965474,
              38.729588
            ],
            [
              105.965582,
              38.72952
            ],
            [
              105.965687,
              38.729447
            ],
            [
              105.965789,
              38.729375
            ],
            [
              105.965887,
              38.729307
            ],
            [
              105.965984,
              38.729237
            ],
            [
              105.966081,
              38.729171
            ],
            [
              105.966177,
              38.729111
            ],
            [
              105.966278,
              38.729046
            ],
            [
              105.966383,
              38.728983
            ],
            [
              105.966493,
              38.728927
            ],
            [
              105.966602,
              38.728856
            ],
            [
              105.966712,
              38.728791
            ],
            [
              105.966823,
              38.728728
            ],
            [
              105.966928,
              38.728659
            ],
            [
              105.967034,
              38.728595
            ],
            [
              105.967139,
              38.728523
            ],
            [
              105.967245,
              38.728454
            ],
            [
              105.967352,
              38.728391
            ],
            [
              105.967458,
              38.728332
            ],
            [
              105.967566,
              38.728272
            ],
            [
              105.967672,
              38.728214
            ],
            [
              105.967778,
              38.728162
            ],
            [
              105.967886,
              38.728114
            ],
            [
              105.967991,
              38.728056
            ],
            [
              105.9681,
              38.728008
            ],
            [
              105.968209,
              38.72796
            ],
            [
              105.968315,
              38.727918
            ],
            [
              105.968417,
              38.727868
            ],
            [
              105.968518,
              38.727825
            ],
            [
              105.968613,
              38.727772
            ],
            [
              105.968697,
              38.727709
            ],
            [
              105.968776,
              38.727637
            ],
            [
              105.968843,
              38.72756
            ],
            [
              105.9689,
              38.727466
            ],
            [
              105.968948,
              38.727374
            ],
            [
              105.968997,
              38.727284
            ],
            [
              105.969038,
              38.727188
            ],
            [
              105.969081,
              38.727091
            ],
            [
              105.969069,
              38.726972
            ],
            [
              105.969117,
              38.726872
            ],
            [
              105.969165,
              38.72677
            ],
            [
              105.969212,
              38.726673
            ],
            [
              105.969264,
              38.726574
            ],
            [
              105.969314,
              38.726478
            ],
            [
              105.969362,
              38.726383
            ],
            [
              105.969404,
              38.726289
            ],
            [
              105.969446,
              38.726193
            ],
            [
              105.969488,
              38.726097
            ],
            [
              105.969531,
              38.726001
            ],
            [
              105.969577,
              38.725901
            ],
            [
              105.969651,
              38.725809
            ],
            [
              105.969703,
              38.725711
            ],
            [
              105.969749,
              38.725612
            ],
            [
              105.969796,
              38.725511
            ],
            [
              105.969839,
              38.725409
            ],
            [
              105.969879,
              38.725309
            ],
            [
              105.969916,
              38.725212
            ],
            [
              105.969957,
              38.725112
            ],
            [
              105.969999,
              38.725018
            ],
            [
              105.97004,
              38.724926
            ],
            [
              105.970082,
              38.724835
            ],
            [
              105.970125,
              38.724745
            ],
            [
              105.97017,
              38.724659
            ],
            [
              105.970216,
              38.724566
            ],
            [
              105.970264,
              38.724476
            ],
            [
              105.970319,
              38.724382
            ],
            [
              105.970365,
              38.724283
            ],
            [
              105.970451,
              38.724199
            ],
            [
              105.970545,
              38.724119
            ],
            [
              105.97064,
              38.724042
            ],
            [
              105.970738,
              38.723962
            ],
            [
              105.970837,
              38.723893
            ],
            [
              105.970951,
              38.723834
            ],
            [
              105.971047,
              38.723767
            ],
            [
              105.971156,
              38.723705
            ],
            [
              105.971265,
              38.723645
            ],
            [
              105.971379,
              38.723591
            ],
            [
              105.971502,
              38.72355
            ],
            [
              105.971628,
              38.723528
            ],
            [
              105.971767,
              38.723518
            ],
            [
              105.971901,
              38.723525
            ],
            [
              105.972023,
              38.723549
            ],
            [
              105.97215,
              38.72354
            ],
            [
              105.97227,
              38.723517
            ],
            [
              105.972382,
              38.723468
            ],
            [
              105.972477,
              38.723403
            ],
            [
              105.972566,
              38.723235
            ],
            [
              105.972621,
              38.723137
            ],
            [
              105.972674,
              38.723043
            ],
            [
              105.972726,
              38.722949
            ],
            [
              105.97279,
              38.722847
            ],
            [
              105.97288,
              38.722757
            ],
            [
              105.972957,
              38.722662
            ],
            [
              105.97304,
              38.72257
            ],
            [
              105.973114,
              38.722477
            ],
            [
              105.973176,
              38.722385
            ],
            [
              105.97321,
              38.722281
            ],
            [
              105.973246,
              38.722185
            ],
            [
              105.973279,
              38.722087
            ],
            [
              105.973307,
              38.721989
            ],
            [
              105.973331,
              38.721897
            ],
            [
              105.973353,
              38.721799
            ],
            [
              105.973374,
              38.721706
            ],
            [
              105.973396,
              38.721608
            ],
            [
              105.973418,
              38.721507
            ],
            [
              105.97344,
              38.721408
            ],
            [
              105.973462,
              38.721311
            ],
            [
              105.973484,
              38.72121
            ],
            [
              105.973506,
              38.721113
            ],
            [
              105.973528,
              38.721016
            ],
            [
              105.973549,
              38.720921
            ],
            [
              105.973572,
              38.720826
            ],
            [
              105.973614,
              38.720737
            ],
            [
              105.973625,
              38.72064
            ],
            [
              105.973663,
              38.720546
            ],
            [
              105.973693,
              38.720451
            ],
            [
              105.973725,
              38.720357
            ],
            [
              105.973762,
              38.720263
            ],
            [
              105.97381,
              38.72017
            ],
            [
              105.973872,
              38.720085
            ],
            [
              105.97394,
              38.720002
            ],
            [
              105.974014,
              38.719921
            ],
            [
              105.974093,
              38.719845
            ],
            [
              105.974177,
              38.719757
            ],
            [
              105.974277,
              38.719684
            ],
            [
              105.974387,
              38.719618
            ],
            [
              105.974517,
              38.719565
            ],
            [
              105.974667,
              38.719537
            ],
            [
              105.974807,
              38.719529
            ],
            [
              105.974946,
              38.719503
            ],
            [
              105.975084,
              38.719476
            ],
            [
              105.975224,
              38.719443
            ],
            [
              105.975366,
              38.719413
            ],
            [
              105.975502,
              38.719375
            ],
            [
              105.975639,
              38.719338
            ],
            [
              105.975779,
              38.719294
            ],
            [
              105.975921,
              38.719265
            ],
            [
              105.976061,
              38.71923
            ],
            [
              105.9762,
              38.719201
            ],
            [
              105.976343,
              38.719193
            ],
            [
              105.976485,
              38.71916
            ],
            [
              105.976628,
              38.71916
            ],
            [
              105.976766,
              38.719161
            ],
            [
              105.976906,
              38.719161
            ],
            [
              105.97704,
              38.719158
            ],
            [
              105.977168,
              38.719148
            ],
            [
              105.977283,
              38.71912
            ],
            [
              105.977402,
              38.71908
            ],
            [
              105.977517,
              38.719031
            ],
            [
              105.977635,
              38.718972
            ],
            [
              105.977757,
              38.718905
            ],
            [
              105.977881,
              38.718836
            ],
            [
              105.977997,
              38.718771
            ],
            [
              105.978115,
              38.718708
            ],
            [
              105.978231,
              38.718646
            ],
            [
              105.978351,
              38.718596
            ],
            [
              105.978467,
              38.718554
            ],
            [
              105.978595,
              38.718538
            ],
            [
              105.978715,
              38.718517
            ],
            [
              105.978835,
              38.718505
            ],
            [
              105.978952,
              38.718489
            ],
            [
              105.97907,
              38.718472
            ],
            [
              105.979292,
              38.718453
            ],
            [
              105.979491,
              38.71841
            ],
            [
              105.979662,
              38.718313
            ],
            [
              105.979745,
              38.718236
            ],
            [
              105.979829,
              38.718161
            ],
            [
              105.979925,
              38.718098
            ],
            [
              105.980008,
              38.718022
            ],
            [
              105.980098,
              38.717952
            ],
            [
              105.980189,
              38.717883
            ],
            [
              105.980287,
              38.717814
            ],
            [
              105.980371,
              38.717732
            ],
            [
              105.980469,
              38.717677
            ],
            [
              105.980558,
              38.717616
            ],
            [
              105.980647,
              38.717555
            ],
            [
              105.980819,
              38.71744
            ],
            [
              105.98094,
              38.717394
            ],
            [
              105.981056,
              38.717361
            ],
            [
              105.981171,
              38.717334
            ],
            [
              105.981391,
              38.717277
            ],
            [
              105.981507,
              38.717296
            ],
            [
              105.981732,
              38.717289
            ],
            [
              105.981847,
              38.717298
            ],
            [
              105.981966,
              38.71731
            ],
            [
              105.982194,
              38.717305
            ],
            [
              105.98231,
              38.717318
            ],
            [
              105.982511,
              38.717327
            ],
            [
              105.982713,
              38.717308
            ],
            [
              105.982905,
              38.717276
            ],
            [
              105.983106,
              38.717235
            ],
            [
              105.983219,
              38.717212
            ],
            [
              105.983444,
              38.717164
            ],
            [
              105.983561,
              38.717132
            ],
            [
              105.983686,
              38.717101
            ],
            [
              105.983808,
              38.717057
            ],
            [
              105.98393,
              38.717002
            ],
            [
              105.984038,
              38.716938
            ],
            [
              105.98413,
              38.71686
            ],
            [
              105.984232,
              38.716812
            ],
            [
              105.984333,
              38.716763
            ],
            [
              105.984433,
              38.716701
            ],
            [
              105.98453,
              38.716643
            ],
            [
              105.984627,
              38.716582
            ],
            [
              105.984724,
              38.716524
            ],
            [
              105.98482,
              38.716467
            ],
            [
              105.984913,
              38.716411
            ],
            [
              105.985098,
              38.716298
            ],
            [
              105.985192,
              38.716239
            ],
            [
              105.985365,
              38.716122
            ],
            [
              105.985539,
              38.716049
            ],
            [
              105.985531,
              38.715901
            ],
            [
              105.98561,
              38.715777
            ],
            [
              105.985671,
              38.715688
            ],
            [
              105.98576,
              38.715628
            ],
            [
              105.985948,
              38.71572
            ],
            [
              105.986031,
              38.715794
            ],
            [
              105.986122,
              38.715857
            ],
            [
              105.986034,
              38.71579
            ],
            [
              105.986124,
              38.715859
            ],
            [
              105.98622,
              38.715925
            ],
            [
              105.986407,
              38.715856
            ],
            [
              105.986529,
              38.71583
            ],
            [
              105.986613,
              38.715751
            ],
            [
              105.986715,
              38.715695
            ],
            [
              105.986805,
              38.715629
            ],
            [
              105.986884,
              38.715555
            ],
            [
              105.987,
              38.715525
            ],
            [
              105.987113,
              38.715546
            ],
            [
              105.987198,
              38.715617
            ],
            [
              105.987297,
              38.715506
            ],
            [
              105.987237,
              38.71549
            ],
            [
              105.987558,
              38.715212
            ],
            [
              105.987596,
              38.715125
            ],
            [
              105.987703,
              38.71508
            ],
            [
              105.987781,
              38.715
            ],
            [
              105.987888,
              38.714956
            ],
            [
              105.987995,
              38.714914
            ],
            [
              105.988078,
              38.714838
            ],
            [
              105.988177,
              38.714771
            ],
            [
              105.988292,
              38.714714
            ],
            [
              105.988407,
              38.714681
            ],
            [
              105.988511,
              38.714624
            ],
            [
              105.988591,
              38.714559
            ],
            [
              105.988701,
              38.714532
            ],
            [
              105.988779,
              38.714454
            ],
            [
              105.988891,
              38.714403
            ],
            [
              105.98901,
              38.714408
            ],
            [
              105.989123,
              38.714366
            ],
            [
              105.989218,
              38.714314
            ],
            [
              105.989343,
              38.714307
            ],
            [
              105.989454,
              38.714264
            ]
          ]
        ]
      }
    }
  ]
}
