<?xml version="1.0" encoding="UTF-8"?>
<gpx version="1.1" creator="霞客 · 两步路轨迹" xmlns="http://www.topografix.com/GPX/1/1">
  <metadata><name>贺兰山参考轨迹</name></metadata>
  <trk><name>贺兰山</name>
    <trkseg>
      <trkpt lat="38.739921" lon="106.0207"><ele>1447</ele></trkpt>
      <trkpt lat="38.739831" lon="106.020661"><ele>1446</ele></trkpt>
      <trkpt lat="38.739745" lon="106.020622"><ele>1448</ele></trkpt>
      <trkpt lat="38.739649" lon="106.020607"><ele>1448</ele></trkpt>
      <trkpt lat="38.739556" lon="106.020593"><ele>1448</ele></trkpt>
      <trkpt lat="38.73948" lon="106.020511"><ele>1446</ele></trkpt>
      <trkpt lat="38.739432" lon="106.020393"><ele>1444</ele></trkpt>
      <trkpt lat="38.73936" lon="106.020309"><ele>1442</ele></trkpt>
      <trkpt lat="38.739307" lon="106.020199"><ele>1440</ele></trkpt>
      <trkpt lat="38.739245" lon="106.020098"><ele>1442</ele></trkpt>
      <trkpt lat="38.73918" lon="106.020015"><ele>1443</ele></trkpt>
      <trkpt lat="38.739111" lon="106.019938"><ele>1439</ele></trkpt>
      <trkpt lat="38.739026" lon="106.019878"><ele>1442</ele></trkpt>
      <trkpt lat="38.738916" lon="106.019829"><ele>1442</ele></trkpt>
      <trkpt lat="38.7389" lon="106.019706"><ele>1441</ele></trkpt>
      <trkpt lat="38.738805" lon="106.01967"><ele>1440</ele></trkpt>
      <trkpt lat="38.738881" lon="106.019715"><ele>1439</ele></trkpt>
      <trkpt lat="38.738688" lon="106.019468"><ele>1439</ele></trkpt>
      <trkpt lat="38.738766" lon="106.019568"><ele>1439</ele></trkpt>
      <trkpt lat="38.738709" lon="106.019469"><ele>1439</ele></trkpt>
      <trkpt lat="38.738537" lon="106.019326"><ele>1438</ele></trkpt>
      <trkpt lat="38.738378" lon="106.019106"><ele>1436</ele></trkpt>
      <trkpt lat="38.738404" lon="106.019228"><ele>1431</ele></trkpt>
      <trkpt lat="38.73835" lon="106.019324"><ele>1433</ele></trkpt>
      <trkpt lat="38.738262" lon="106.01938"><ele>1436</ele></trkpt>
      <trkpt lat="38.73817" lon="106.019367"><ele>1435</ele></trkpt>
      <trkpt lat="38.73807" lon="106.019339"><ele>1435</ele></trkpt>
      <trkpt lat="38.73798" lon="106.019316"><ele>1435</ele></trkpt>
      <trkpt lat="38.737888" lon="106.019291"><ele>1434</ele></trkpt>
      <trkpt lat="38.737801" lon="106.019321"><ele>1431</ele></trkpt>
      <trkpt lat="38.737704" lon="106.019352"><ele>1433</ele></trkpt>
      <trkpt lat="38.737618" lon="106.019395"><ele>1433</ele></trkpt>
      <trkpt lat="38.737534" lon="106.019456"><ele>1432</ele></trkpt>
      <trkpt lat="38.73745" lon="106.019521"><ele>1431</ele></trkpt>
      <trkpt lat="38.73736" lon="106.019552"><ele>1430</ele></trkpt>
      <trkpt lat="38.737293" lon="106.019454"><ele>1429</ele></trkpt>
      <trkpt lat="38.737222" lon="106.019377"><ele>1429</ele></trkpt>
      <trkpt lat="38.737127" lon="106.01933"><ele>1429</ele></trkpt>
      <trkpt lat="38.737054" lon="106.019258"><ele>1429</ele></trkpt>
      <trkpt lat="38.737048" lon="106.019126"><ele>1431</ele></trkpt>
      <trkpt lat="38.736957" lon="106.019101"><ele>1431</ele></trkpt>
      <trkpt lat="38.736869" lon="106.019072"><ele>1427</ele></trkpt>
      <trkpt lat="38.736776" lon="106.019109"><ele>1426</ele></trkpt>
      <trkpt lat="38.736694" lon="106.019195"><ele>1426</ele></trkpt>
      <trkpt lat="38.736646" lon="106.019295"><ele>1424</ele></trkpt>
      <trkpt lat="38.736586" lon="106.01939"><ele>1425</ele></trkpt>
      <trkpt lat="38.736571" lon="106.019505"><ele>1427</ele></trkpt>
      <trkpt lat="38.73653" lon="106.019624"><ele>1426</ele></trkpt>
      <trkpt lat="38.736527" lon="106.019746"><ele>1424</ele></trkpt>
      <trkpt lat="38.736496" lon="106.019854"><ele>1426</ele></trkpt>
      <trkpt lat="38.736477" lon="106.019983"><ele>1426</ele></trkpt>
      <trkpt lat="38.736384" lon="106.02"><ele>1424</ele></trkpt>
      <trkpt lat="38.736284" lon="106.02003"><ele>1420</ele></trkpt>
      <trkpt lat="38.736192" lon="106.020102"><ele>1422</ele></trkpt>
      <trkpt lat="38.736308" lon="106.019708"><ele>1426</ele></trkpt>
      <trkpt lat="38.736376" lon="106.019606"><ele>1425</ele></trkpt>
      <trkpt lat="38.736183" lon="106.019656"><ele>1422</ele></trkpt>
      <trkpt lat="38.736308" lon="106.019635"><ele>1422</ele></trkpt>
      <trkpt lat="38.736232" lon="106.019563"><ele>1422</ele></trkpt>
      <trkpt lat="38.736215" lon="106.019424"><ele>1422</ele></trkpt>
      <trkpt lat="38.736286" lon="106.019351"><ele>1422</ele></trkpt>
      <trkpt lat="38.736345" lon="106.019127"><ele>1423</ele></trkpt>
      <trkpt lat="38.736376" lon="106.019011"><ele>1424</ele></trkpt>
      <trkpt lat="38.736345" lon="106.018882"><ele>1423</ele></trkpt>
      <trkpt lat="38.736422" lon="106.018741"><ele>1419</ele></trkpt>
      <trkpt lat="38.736489" lon="106.01866"><ele>1418</ele></trkpt>
      <trkpt lat="38.736548" lon="106.01856"><ele>1419</ele></trkpt>
      <trkpt lat="38.736534" lon="106.017266"><ele>1425</ele></trkpt>
      <trkpt lat="38.736432" lon="106.017119"><ele>1424</ele></trkpt>
      <trkpt lat="38.736308" lon="106.017005"><ele>1424</ele></trkpt>
      <trkpt lat="38.736232" lon="106.016903"><ele>1424</ele></trkpt>
      <trkpt lat="38.736282" lon="106.017074"><ele>1423</ele></trkpt>
      <trkpt lat="38.736356" lon="106.016856"><ele>1417</ele></trkpt>
      <trkpt lat="38.735951" lon="106.016664"><ele>1416</ele></trkpt>
      <trkpt lat="38.735832" lon="106.016361"><ele>1416</ele></trkpt>
      <trkpt lat="38.735648" lon="106.016116"><ele>1413</ele></trkpt>
      <trkpt lat="38.735614" lon="106.015796"><ele>1412</ele></trkpt>
      <trkpt lat="38.735619" lon="106.015664"><ele>1413</ele></trkpt>
      <trkpt lat="38.735577" lon="106.015527"><ele>1416</ele></trkpt>
      <trkpt lat="38.735527" lon="106.015385"><ele>1417</ele></trkpt>
      <trkpt lat="38.735283" lon="106.015389"><ele>1422</ele></trkpt>
      <trkpt lat="38.734897" lon="106.015456"><ele>1425</ele></trkpt>
      <trkpt lat="38.734943" lon="106.01532"><ele>1429</ele></trkpt>
      <trkpt lat="38.73511" lon="106.015119"><ele>1426</ele></trkpt>
      <trkpt lat="38.735094" lon="106.014973"><ele>1425</ele></trkpt>
      <trkpt lat="38.734993" lon="106.014805"><ele>1426</ele></trkpt>
      <trkpt lat="38.734913" lon="106.014708"><ele>1426</ele></trkpt>
      <trkpt lat="38.734834" lon="106.014597"><ele>1426</ele></trkpt>
      <trkpt lat="38.734729" lon="106.01446"><ele>1427</ele></trkpt>
      <trkpt lat="38.734612" lon="106.014305"><ele>1427</ele></trkpt>
      <trkpt lat="38.73448" lon="106.013956"><ele>1429</ele></trkpt>
      <trkpt lat="38.734754" lon="106.014131"><ele>1428</ele></trkpt>
      <trkpt lat="38.734806" lon="106.013793"><ele>1433</ele></trkpt>
      <trkpt lat="38.734829" lon="106.013663"><ele>1433</ele></trkpt>
      <trkpt lat="38.734854" lon="106.013549"><ele>1434</ele></trkpt>
      <trkpt lat="38.734963" lon="106.013013"><ele>1438</ele></trkpt>
      <trkpt lat="38.735009" lon="106.012851"><ele>1440</ele></trkpt>
      <trkpt lat="38.735154" lon="106.012379"><ele>1448</ele></trkpt>
      <trkpt lat="38.734843" lon="106.012423"><ele>1460</ele></trkpt>
    </trkseg>
    <trkseg>
      <trkpt lat="38.718588" lon="106.000501"><ele>1388</ele></trkpt>
      <trkpt lat="38.718384" lon="106.000495"><ele>1388</ele></trkpt>
      <trkpt lat="38.718217" lon="106.000489"><ele>1388</ele></trkpt>
      <trkpt lat="38.718062" lon="106.000485"><ele>1389</ele></trkpt>
      <trkpt lat="38.717917" lon="106.000531"><ele>1390</ele></trkpt>
      <trkpt lat="38.717746" lon="106.000517"><ele>1391</ele></trkpt>
      <trkpt lat="38.717562" lon="106.000489"><ele>1391</ele></trkpt>
      <trkpt lat="38.717461" lon="106.000483"><ele>1391</ele></trkpt>
      <trkpt lat="38.717357" lon="106.000473"><ele>1391</ele></trkpt>
      <trkpt lat="38.717264" lon="106.000489"><ele>1399</ele></trkpt>
      <trkpt lat="38.717174" lon="106.000501"><ele>1398</ele></trkpt>
      <trkpt lat="38.717009" lon="106.000439"><ele>1394</ele></trkpt>
      <trkpt lat="38.716876" lon="106.00043"><ele>1394</ele></trkpt>
      <trkpt lat="38.716716" lon="106.000418"><ele>1395</ele></trkpt>
      <trkpt lat="38.716566" lon="106.000404"><ele>1395</ele></trkpt>
      <trkpt lat="38.716439" lon="106.000387"><ele>1395</ele></trkpt>
      <trkpt lat="38.716302" lon="106.000369"><ele>1396</ele></trkpt>
      <trkpt lat="38.716146" lon="106.000348"><ele>1395</ele></trkpt>
      <trkpt lat="38.715984" lon="106.000327"><ele>1395</ele></trkpt>
      <trkpt lat="38.715794" lon="106.000302"><ele>1395</ele></trkpt>
      <trkpt lat="38.715616" lon="106.000297"><ele>1394</ele></trkpt>
      <trkpt lat="38.715463" lon="106.000214"><ele>1394</ele></trkpt>
      <trkpt lat="38.715318" lon="106.000186"><ele>1392</ele></trkpt>
      <trkpt lat="38.715154" lon="106.000218"><ele>1393</ele></trkpt>
      <trkpt lat="38.714993" lon="106.000187"><ele>1393</ele></trkpt>
      <trkpt lat="38.714848" lon="106.000166"><ele>1394</ele></trkpt>
      <trkpt lat="38.714712" lon="106.000146"><ele>1393</ele></trkpt>
      <trkpt lat="38.714528" lon="106.00012"><ele>1392</ele></trkpt>
      <trkpt lat="38.714404" lon="106.000102"><ele>1391</ele></trkpt>
      <trkpt lat="38.714301" lon="106.000087"><ele>1393</ele></trkpt>
      <trkpt lat="38.714198" lon="106.000072"><ele>1394</ele></trkpt>
      <trkpt lat="38.714038" lon="106.000052"><ele>1394</ele></trkpt>
      <trkpt lat="38.713907" lon="106.000046"><ele>1394</ele></trkpt>
      <trkpt lat="38.71375" lon="106.00002"><ele>1393</ele></trkpt>
      <trkpt lat="38.713558" lon="105.999974"><ele>1394</ele></trkpt>
      <trkpt lat="38.713398" lon="105.999969"><ele>1396</ele></trkpt>
      <trkpt lat="38.713271" lon="105.999939"><ele>1396</ele></trkpt>
      <trkpt lat="38.713121" lon="105.999917"><ele>1396</ele></trkpt>
      <trkpt lat="38.712971" lon="105.999896"><ele>1395</ele></trkpt>
      <trkpt lat="38.712796" lon="105.999871"><ele>1395</ele></trkpt>
      <trkpt lat="38.712691" lon="105.999829"><ele>1394</ele></trkpt>
      <trkpt lat="38.712568" lon="105.999801"><ele>1393</ele></trkpt>
      <trkpt lat="38.71243" lon="105.999825"><ele>1394</ele></trkpt>
      <trkpt lat="38.71234" lon="105.999805"><ele>1395</ele></trkpt>
      <trkpt lat="38.712042" lon="105.999763"><ele>1392</ele></trkpt>
      <trkpt lat="38.711921" lon="105.999757"><ele>1392</ele></trkpt>
      <trkpt lat="38.711748" lon="105.999721"><ele>1392</ele></trkpt>
      <trkpt lat="38.711567" lon="105.999695"><ele>1394</ele></trkpt>
      <trkpt lat="38.711381" lon="105.999668"><ele>1393</ele></trkpt>
      <trkpt lat="38.711192" lon="105.999641"><ele>1391</ele></trkpt>
      <trkpt lat="38.711015" lon="105.999616"><ele>1392</ele></trkpt>
      <trkpt lat="38.710828" lon="105.999589"><ele>1393</ele></trkpt>
      <trkpt lat="38.710633" lon="105.999561"><ele>1392</ele></trkpt>
      <trkpt lat="38.710438" lon="105.999533"><ele>1391</ele></trkpt>
      <trkpt lat="38.710237" lon="105.999504"><ele>1392</ele></trkpt>
      <trkpt lat="38.710032" lon="105.999509"><ele>1392</ele></trkpt>
      <trkpt lat="38.709829" lon="105.999479"><ele>1392</ele></trkpt>
      <trkpt lat="38.709632" lon="105.999434"><ele>1391</ele></trkpt>
      <trkpt lat="38.709421" lon="105.999398"><ele>1391</ele></trkpt>
      <trkpt lat="38.709203" lon="105.999362"><ele>1391</ele></trkpt>
      <trkpt lat="38.709003" lon="105.999331"><ele>1389</ele></trkpt>
      <trkpt lat="38.708789" lon="105.999286"><ele>1389</ele></trkpt>
      <trkpt lat="38.708598" lon="105.999238"><ele>1388</ele></trkpt>
      <trkpt lat="38.708418" lon="105.999149"><ele>1387</ele></trkpt>
      <trkpt lat="38.708258" lon="105.999056"><ele>1386</ele></trkpt>
      <trkpt lat="38.708119" lon="105.998944"><ele>1384</ele></trkpt>
      <trkpt lat="38.707984" lon="105.998806"><ele>1383</ele></trkpt>
      <trkpt lat="38.707827" lon="105.99863"><ele>1383</ele></trkpt>
      <trkpt lat="38.707671" lon="105.998445"><ele>1384</ele></trkpt>
      <trkpt lat="38.707518" lon="105.998261"><ele>1384</ele></trkpt>
      <trkpt lat="38.707286" lon="105.997981"><ele>1378</ele></trkpt>
      <trkpt lat="38.707147" lon="105.997812"><ele>1376</ele></trkpt>
      <trkpt lat="38.707004" lon="105.99764"><ele>1375</ele></trkpt>
      <trkpt lat="38.706868" lon="105.997475"><ele>1375</ele></trkpt>
      <trkpt lat="38.706738" lon="105.997318"><ele>1375</ele></trkpt>
      <trkpt lat="38.706615" lon="105.997169"><ele>1375</ele></trkpt>
      <trkpt lat="38.706488" lon="105.997017"><ele>1374</ele></trkpt>
      <trkpt lat="38.70635" lon="105.996849"><ele>1374</ele></trkpt>
      <trkpt lat="38.706228" lon="105.996703"><ele>1374</ele></trkpt>
      <trkpt lat="38.706112" lon="105.996561"><ele>1375</ele></trkpt>
      <trkpt lat="38.705995" lon="105.99642"><ele>1375</ele></trkpt>
      <trkpt lat="38.705884" lon="105.996286"><ele>1375</ele></trkpt>
      <trkpt lat="38.705781" lon="105.996162"><ele>1375</ele></trkpt>
      <trkpt lat="38.70568" lon="105.99604"><ele>1376</ele></trkpt>
      <trkpt lat="38.705572" lon="105.995933"><ele>1376</ele></trkpt>
      <trkpt lat="38.705497" lon="105.995844"><ele>1376</ele></trkpt>
      <trkpt lat="38.705402" lon="105.995703"><ele>1377</ele></trkpt>
      <trkpt lat="38.705373" lon="105.995574"><ele>1381</ele></trkpt>
      <trkpt lat="38.705521" lon="105.995513"><ele>1386</ele></trkpt>
      <trkpt lat="38.705736" lon="105.995345"><ele>1382</ele></trkpt>
      <trkpt lat="38.705813" lon="105.995284"><ele>1382</ele></trkpt>
      <trkpt lat="38.705966" lon="105.995164"><ele>1385</ele></trkpt>
      <trkpt lat="38.706056" lon="105.995094"><ele>1385</ele></trkpt>
      <trkpt lat="38.706142" lon="105.995026"><ele>1386</ele></trkpt>
      <trkpt lat="38.706232" lon="105.994956"><ele>1386</ele></trkpt>
      <trkpt lat="38.706324" lon="105.994884"><ele>1387</ele></trkpt>
      <trkpt lat="38.70642" lon="105.994808"><ele>1388</ele></trkpt>
      <trkpt lat="38.70658" lon="105.994683"><ele>1385</ele></trkpt>
      <trkpt lat="38.706692" lon="105.994571"><ele>1386</ele></trkpt>
      <trkpt lat="38.706804" lon="105.9945"><ele>1387</ele></trkpt>
      <trkpt lat="38.706887" lon="105.994442"><ele>1389</ele></trkpt>
      <trkpt lat="38.706978" lon="105.994371"><ele>1390</ele></trkpt>
      <trkpt lat="38.707067" lon="105.994301"><ele>1391</ele></trkpt>
      <trkpt lat="38.707199" lon="105.994198"><ele>1391</ele></trkpt>
      <trkpt lat="38.707313" lon="105.994108"><ele>1391</ele></trkpt>
      <trkpt lat="38.707427" lon="105.994019"><ele>1392</ele></trkpt>
      <trkpt lat="38.707537" lon="105.993933"><ele>1394</ele></trkpt>
      <trkpt lat="38.707659" lon="105.993837"><ele>1395</ele></trkpt>
      <trkpt lat="38.70778" lon="105.993742"><ele>1396</ele></trkpt>
      <trkpt lat="38.707908" lon="105.993642"><ele>1398</ele></trkpt>
      <trkpt lat="38.708032" lon="105.993545"><ele>1399</ele></trkpt>
      <trkpt lat="38.708156" lon="105.993448"><ele>1401</ele></trkpt>
      <trkpt lat="38.708287" lon="105.993345"><ele>1402</ele></trkpt>
      <trkpt lat="38.708416" lon="105.993243"><ele>1402</ele></trkpt>
      <trkpt lat="38.708549" lon="105.993139"><ele>1403</ele></trkpt>
      <trkpt lat="38.708671" lon="105.993043"><ele>1404</ele></trkpt>
      <trkpt lat="38.708794" lon="105.992948"><ele>1404</ele></trkpt>
      <trkpt lat="38.708923" lon="105.992852"><ele>1406</ele></trkpt>
      <trkpt lat="38.709045" lon="105.992764"><ele>1408</ele></trkpt>
      <trkpt lat="38.709179" lon="105.99267"><ele>1410</ele></trkpt>
      <trkpt lat="38.709323" lon="105.992582"><ele>1409</ele></trkpt>
      <trkpt lat="38.709464" lon="105.992502"><ele>1411</ele></trkpt>
      <trkpt lat="38.709617" lon="105.99242"><ele>1410</ele></trkpt>
      <trkpt lat="38.709759" lon="105.992344"><ele>1410</ele></trkpt>
      <trkpt lat="38.709892" lon="105.992275"><ele>1412</ele></trkpt>
      <trkpt lat="38.710047" lon="105.992199"><ele>1411</ele></trkpt>
      <trkpt lat="38.710191" lon="105.992125"><ele>1409</ele></trkpt>
      <trkpt lat="38.71034" lon="105.992056"><ele>1409</ele></trkpt>
      <trkpt lat="38.710449" lon="105.992007"><ele>1409</ele></trkpt>
      <trkpt lat="38.710581" lon="105.991942"><ele>1409</ele></trkpt>
      <trkpt lat="38.710709" lon="105.991862"><ele>1409</ele></trkpt>
      <trkpt lat="38.71084" lon="105.991792"><ele>1408</ele></trkpt>
      <trkpt lat="38.710954" lon="105.991711"><ele>1408</ele></trkpt>
      <trkpt lat="38.711083" lon="105.991662"><ele>1407</ele></trkpt>
      <trkpt lat="38.711188" lon="105.991607"><ele>1407</ele></trkpt>
      <trkpt lat="38.711288" lon="105.991466"><ele>1407</ele></trkpt>
      <trkpt lat="38.711383" lon="105.991385"><ele>1408</ele></trkpt>
      <trkpt lat="38.711473" lon="105.991298"><ele>1407</ele></trkpt>
      <trkpt lat="38.711497" lon="105.991165"><ele>1407</ele></trkpt>
      <trkpt lat="38.711586" lon="105.991056"><ele>1408</ele></trkpt>
      <trkpt lat="38.711679" lon="105.990951"><ele>1411</ele></trkpt>
      <trkpt lat="38.711799" lon="105.991023"><ele>1412</ele></trkpt>
      <trkpt lat="38.711914" lon="105.991042"><ele>1416</ele></trkpt>
      <trkpt lat="38.711995" lon="105.99099"><ele>1416</ele></trkpt>
      <trkpt lat="38.712097" lon="105.990959"><ele>1414</ele></trkpt>
      <trkpt lat="38.712207" lon="105.990899"><ele>1417</ele></trkpt>
      <trkpt lat="38.7123" lon="105.99085"><ele>1416</ele></trkpt>
      <trkpt lat="38.712419" lon="105.990837"><ele>1419</ele></trkpt>
      <trkpt lat="38.71254" lon="105.99082"><ele>1421</ele></trkpt>
      <trkpt lat="38.712643" lon="105.990855"><ele>1421</ele></trkpt>
      <trkpt lat="38.712794" lon="105.990894"><ele>1422</ele></trkpt>
      <trkpt lat="38.712895" lon="105.99092"><ele>1424</ele></trkpt>
      <trkpt lat="38.712996" lon="105.990945"><ele>1426</ele></trkpt>
      <trkpt lat="38.713097" lon="105.990971"><ele>1427</ele></trkpt>
      <trkpt lat="38.713205" lon="105.990982"><ele>1429</ele></trkpt>
      <trkpt lat="38.713309" lon="105.991039"><ele>1429</ele></trkpt>
      <trkpt lat="38.713412" lon="105.991077"><ele>1426</ele></trkpt>
      <trkpt lat="38.713559" lon="105.990871"><ele>1425</ele></trkpt>
      <trkpt lat="38.713609" lon="105.990738"><ele>1425</ele></trkpt>
      <trkpt lat="38.713683" lon="105.990631"><ele>1424</ele></trkpt>
      <trkpt lat="38.713754" lon="105.990528"><ele>1425</ele></trkpt>
      <trkpt lat="38.713811" lon="105.99038"><ele>1427</ele></trkpt>
      <trkpt lat="38.713879" lon="105.990287"><ele>1428</ele></trkpt>
      <trkpt lat="38.713922" lon="105.990118"><ele>1428</ele></trkpt>
      <trkpt lat="38.713966" lon="105.989991"><ele>1429</ele></trkpt>
      <trkpt lat="38.714026" lon="105.989882"><ele>1427</ele></trkpt>
      <trkpt lat="38.714102" lon="105.989801"><ele>1431</ele></trkpt>
      <trkpt lat="38.714209" lon="105.989735"><ele>1428</ele></trkpt>
      <trkpt lat="38.714256" lon="105.989636"><ele>1427</ele></trkpt>
      <trkpt lat="38.71444" lon="105.98978"><ele>1438</ele></trkpt>
      <trkpt lat="38.714465" lon="105.989659"><ele>1437</ele></trkpt>
      <trkpt lat="38.714518" lon="105.989561"><ele>1438</ele></trkpt>
      <trkpt lat="38.714551" lon="105.989452"><ele>1442</ele></trkpt>
      <trkpt lat="38.714594" lon="105.989341"><ele>1438</ele></trkpt>
      <trkpt lat="38.714647" lon="105.989231"><ele>1438</ele></trkpt>
      <trkpt lat="38.714701" lon="105.98913"><ele>1434</ele></trkpt>
      <trkpt lat="38.714748" lon="105.989012"><ele>1435</ele></trkpt>
      <trkpt lat="38.714691" lon="105.988917"><ele>1430</ele></trkpt>
      <trkpt lat="38.714617" lon="105.988826"><ele>1433</ele></trkpt>
      <trkpt lat="38.714667" lon="105.988952"><ele>1435</ele></trkpt>
      <trkpt lat="38.714748" lon="105.989004"><ele>1433</ele></trkpt>
      <trkpt lat="38.71473" lon="105.989125"><ele>1434</ele></trkpt>
      <trkpt lat="38.714659" lon="105.98921"><ele>1435</ele></trkpt>
      <trkpt lat="38.714639" lon="105.989324"><ele>1436</ele></trkpt>
      <trkpt lat="38.714596" lon="105.989426"><ele>1433</ele></trkpt>
      <trkpt lat="38.71456" lon="105.989549"><ele>1435</ele></trkpt>
      <trkpt lat="38.714498" lon="105.989636"><ele>1437</ele></trkpt>
      <trkpt lat="38.714435" lon="105.989743"><ele>1440</ele></trkpt>
      <trkpt lat="38.714337" lon="105.98973"><ele>1434</ele></trkpt>
      <trkpt lat="38.714246" lon="105.989725"><ele>1434</ele></trkpt>
      <trkpt lat="38.714164" lon="105.989669"><ele>1435</ele></trkpt>
      <trkpt lat="38.714145" lon="105.989556"><ele>1434</ele></trkpt>
      <trkpt lat="38.714158" lon="105.98944"><ele>1434</ele></trkpt>
      <trkpt lat="38.714249" lon="105.989411"><ele>1433</ele></trkpt>
      <trkpt lat="38.714295" lon="105.989305"><ele>1432</ele></trkpt>
      <trkpt lat="38.714328" lon="105.989186"><ele>1432</ele></trkpt>
      <trkpt lat="38.714376" lon="105.989076"><ele>1433</ele></trkpt>
      <trkpt lat="38.714394" lon="105.988963"><ele>1431</ele></trkpt>
      <trkpt lat="38.714427" lon="105.988856"><ele>1433</ele></trkpt>
      <trkpt lat="38.714505" lon="105.988782"><ele>1434</ele></trkpt>
      <trkpt lat="38.714569" lon="105.988693"><ele>1436</ele></trkpt>
      <trkpt lat="38.714641" lon="105.98861"><ele>1436</ele></trkpt>
      <trkpt lat="38.714706" lon="105.98851"><ele>1434</ele></trkpt>
      <trkpt lat="38.714729" lon="105.988387"><ele>1437</ele></trkpt>
      <trkpt lat="38.71475" lon="105.988263"><ele>1440</ele></trkpt>
      <trkpt lat="38.714814" lon="105.988175"><ele>1439</ele></trkpt>
      <trkpt lat="38.714858" lon="105.988058"><ele>1439</ele></trkpt>
      <trkpt lat="38.714911" lon="105.987965"><ele>1440</ele></trkpt>
      <trkpt lat="38.714948" lon="105.987851"><ele>1439</ele></trkpt>
      <trkpt lat="38.714992" lon="105.987745"><ele>1440</ele></trkpt>
      <trkpt lat="38.715076" lon="105.987698"><ele>1440</ele></trkpt>
      <trkpt lat="38.715149" lon="105.987611"><ele>1442</ele></trkpt>
      <trkpt lat="38.715238" lon="105.987561"><ele>1442</ele></trkpt>
      <trkpt lat="38.715324" lon="105.987495"><ele>1444</ele></trkpt>
      <trkpt lat="38.715405" lon="105.98742"><ele>1441</ele></trkpt>
      <trkpt lat="38.715416" lon="105.987297"><ele>1441</ele></trkpt>
      <trkpt lat="38.7155" lon="105.987238"><ele>1441</ele></trkpt>
      <trkpt lat="38.715599" lon="105.98729"><ele>1445</ele></trkpt>
      <trkpt lat="38.71567" lon="105.987415"><ele>1446</ele></trkpt>
      <trkpt lat="38.715587" lon="105.987323"><ele>1453</ele></trkpt>
      <trkpt lat="38.71553" lon="105.98742"><ele>1447</ele></trkpt>
      <trkpt lat="38.715559" lon="105.987201"><ele>1442</ele></trkpt>
      <trkpt lat="38.715497" lon="105.987094"><ele>1444</ele></trkpt>
      <trkpt lat="38.71565" lon="105.987234"><ele>1444</ele></trkpt>
      <trkpt lat="38.715554" lon="105.987232"><ele>1449</ele></trkpt>
      <trkpt lat="38.715521" lon="105.987342"><ele>1446</ele></trkpt>
      <trkpt lat="38.715539" lon="105.98749"><ele>1446</ele></trkpt>
      <trkpt lat="38.715512" lon="105.987025"><ele>1445</ele></trkpt>
      <trkpt lat="38.715514" lon="105.986899"><ele>1445</ele></trkpt>
      <trkpt lat="38.715611" lon="105.986879"><ele>1445</ele></trkpt>
      <trkpt lat="38.715755" lon="105.986882"><ele>1443</ele></trkpt>
      <trkpt lat="38.715681" lon="105.986711"><ele>1442</ele></trkpt>
      <trkpt lat="38.715753" lon="105.986632"><ele>1444</ele></trkpt>
      <trkpt lat="38.715816" lon="105.986537"><ele>1444</ele></trkpt>
      <trkpt lat="38.715873" lon="105.986445"><ele>1444</ele></trkpt>
      <trkpt lat="38.715947" lon="105.986372"><ele>1443</ele></trkpt>
      <trkpt lat="38.715967" lon="105.986256"><ele>1444</ele></trkpt>
      <trkpt lat="38.715972" lon="105.986126"><ele>1437</ele></trkpt>
      <trkpt lat="38.715997" lon="105.985982"><ele>1435</ele></trkpt>
      <trkpt lat="38.716042" lon="105.985871"><ele>1433</ele></trkpt>
      <trkpt lat="38.715973" lon="105.986004"><ele>1437</ele></trkpt>
      <trkpt lat="38.715891" lon="105.986134"><ele>1438</ele></trkpt>
      <trkpt lat="38.71606" lon="105.985923"><ele>1444</ele></trkpt>
      <trkpt lat="38.715928" lon="105.985905"><ele>1435</ele></trkpt>
      <trkpt lat="38.716023" lon="105.985904"><ele>1436</ele></trkpt>
      <trkpt lat="38.71593" lon="105.985887"><ele>1446</ele></trkpt>
      <trkpt lat="38.715846" lon="105.985935"><ele>1443</ele></trkpt>
      <trkpt lat="38.715966" lon="105.985896"><ele>1446</ele></trkpt>
      <trkpt lat="38.715981" lon="105.986014"><ele>1445</ele></trkpt>
      <trkpt lat="38.715937" lon="105.98591"><ele>1436</ele></trkpt>
      <trkpt lat="38.715854" lon="105.985844"><ele>1445</ele></trkpt>
      <trkpt lat="38.715862" lon="105.985709"><ele>1439</ele></trkpt>
      <trkpt lat="38.715858" lon="105.985588"><ele>1443</ele></trkpt>
      <trkpt lat="38.715943" lon="105.985495"><ele>1445</ele></trkpt>
      <trkpt lat="38.715997" lon="105.9854"><ele>1445</ele></trkpt>
      <trkpt lat="38.716091" lon="105.985244"><ele>1446</ele></trkpt>
      <trkpt lat="38.716169" lon="105.98515"><ele>1448</ele></trkpt>
      <trkpt lat="38.716249" lon="105.985058"><ele>1449</ele></trkpt>
      <trkpt lat="38.716363" lon="105.984921"><ele>1450</ele></trkpt>
      <trkpt lat="38.716468" lon="105.984879"><ele>1450</ele></trkpt>
      <trkpt lat="38.716568" lon="105.984718"><ele>1454</ele></trkpt>
      <trkpt lat="38.716625" lon="105.984626"><ele>1454</ele></trkpt>
      <trkpt lat="38.71669" lon="105.984522"><ele>1454</ele></trkpt>
      <trkpt lat="38.716752" lon="105.984423"><ele>1451</ele></trkpt>
      <trkpt lat="38.716852" lon="105.984262"><ele>1453</ele></trkpt>
      <trkpt lat="38.716912" lon="105.984166"><ele>1451</ele></trkpt>
      <trkpt lat="38.717018" lon="105.984"><ele>1454</ele></trkpt>
      <trkpt lat="38.7171" lon="105.983819"><ele>1457</ele></trkpt>
      <trkpt lat="38.717127" lon="105.983702"><ele>1458</ele></trkpt>
      <trkpt lat="38.717172" lon="105.983591"><ele>1458</ele></trkpt>
      <trkpt lat="38.717202" lon="105.983471"><ele>1459</ele></trkpt>
      <trkpt lat="38.717226" lon="105.983359"><ele>1461</ele></trkpt>
      <trkpt lat="38.717267" lon="105.98316"><ele>1462</ele></trkpt>
      <trkpt lat="38.717312" lon="105.982939"><ele>1460</ele></trkpt>
      <trkpt lat="38.717336" lon="105.982825"><ele>1459</ele></trkpt>
      <trkpt lat="38.717364" lon="105.9827"><ele>1459</ele></trkpt>
      <trkpt lat="38.71737" lon="105.982572"><ele>1460</ele></trkpt>
      <trkpt lat="38.717362" lon="105.982426"><ele>1460</ele></trkpt>
      <trkpt lat="38.717365" lon="105.982283"><ele>1461</ele></trkpt>
      <trkpt lat="38.717368" lon="105.982162"><ele>1463</ele></trkpt>
      <trkpt lat="38.717364" lon="105.982032"><ele>1462</ele></trkpt>
      <trkpt lat="38.717351" lon="105.981869"><ele>1464</ele></trkpt>
      <trkpt lat="38.717322" lon="105.981718"><ele>1465</ele></trkpt>
      <trkpt lat="38.717328" lon="105.98152"><ele>1462</ele></trkpt>
      <trkpt lat="38.71735" lon="105.981385"><ele>1465</ele></trkpt>
      <trkpt lat="38.717377" lon="105.981152"><ele>1467</ele></trkpt>
      <trkpt lat="38.717462" lon="105.98092"><ele>1468</ele></trkpt>
      <trkpt lat="38.717514" lon="105.98077"><ele>1468</ele></trkpt>
      <trkpt lat="38.717586" lon="105.980605"><ele>1469</ele></trkpt>
      <trkpt lat="38.717671" lon="105.980511"><ele>1469</ele></trkpt>
      <trkpt lat="38.717665" lon="105.980389"><ele>1468</ele></trkpt>
      <trkpt lat="38.71778" lon="105.980329"><ele>1469</ele></trkpt>
      <trkpt lat="38.717872" lon="105.980202"><ele>1469</ele></trkpt>
      <trkpt lat="38.717966" lon="105.980099"><ele>1471</ele></trkpt>
      <trkpt lat="38.718117" lon="105.980049"><ele>1471</ele></trkpt>
      <trkpt lat="38.718264" lon="105.980008"><ele>1471</ele></trkpt>
      <trkpt lat="38.718388" lon="105.979928"><ele>1470</ele></trkpt>
      <trkpt lat="38.718574" lon="105.979892"><ele>1468</ele></trkpt>
      <trkpt lat="38.718775" lon="105.979873"><ele>1468</ele></trkpt>
      <trkpt lat="38.71889" lon="105.979847"><ele>1469</ele></trkpt>
      <trkpt lat="38.719008" lon="105.979825"><ele>1469</ele></trkpt>
      <trkpt lat="38.71923" lon="105.979788"><ele>1470</ele></trkpt>
      <trkpt lat="38.719378" lon="105.979741"><ele>1470</ele></trkpt>
      <trkpt lat="38.71859" lon="105.978806"><ele>1476</ele></trkpt>
      <trkpt lat="38.718563" lon="105.97862"><ele>1477</ele></trkpt>
      <trkpt lat="38.718601" lon="105.978463"><ele>1477</ele></trkpt>
      <trkpt lat="38.718647" lon="105.978337"><ele>1478</ele></trkpt>
      <trkpt lat="38.718698" lon="105.978222"><ele>1478</ele></trkpt>
      <trkpt lat="38.718759" lon="105.978114"><ele>1479</ele></trkpt>
      <trkpt lat="38.718822" lon="105.978016"><ele>1479</ele></trkpt>
      <trkpt lat="38.718874" lon="105.977908"><ele>1479</ele></trkpt>
      <trkpt lat="38.718941" lon="105.977799"><ele>1480</ele></trkpt>
      <trkpt lat="38.719005" lon="105.977685"><ele>1480</ele></trkpt>
      <trkpt lat="38.719065" lon="105.977577"><ele>1481</ele></trkpt>
      <trkpt lat="38.719111" lon="105.977441"><ele>1481</ele></trkpt>
      <trkpt lat="38.719159" lon="105.977322"><ele>1482</ele></trkpt>
      <trkpt lat="38.719187" lon="105.977202"><ele>1482</ele></trkpt>
      <trkpt lat="38.719198" lon="105.977081"><ele>1483</ele></trkpt>
      <trkpt lat="38.719202" lon="105.97694"><ele>1483</ele></trkpt>
      <trkpt lat="38.719202" lon="105.976792"><ele>1484</ele></trkpt>
      <trkpt lat="38.719202" lon="105.976656"><ele>1484</ele></trkpt>
      <trkpt lat="38.719201" lon="105.976522"><ele>1485</ele></trkpt>
      <trkpt lat="38.719208" lon="105.976381"><ele>1485</ele></trkpt>
      <trkpt lat="38.719228" lon="105.976245"><ele>1486</ele></trkpt>
      <trkpt lat="38.719253" lon="105.976118"><ele>1487</ele></trkpt>
      <trkpt lat="38.719284" lon="105.975991"><ele>1487</ele></trkpt>
      <trkpt lat="38.719324" lon="105.97585"><ele>1488</ele></trkpt>
      <trkpt lat="38.719358" lon="105.975732"><ele>1488</ele></trkpt>
      <trkpt lat="38.719391" lon="105.975613"><ele>1489</ele></trkpt>
      <trkpt lat="38.71945" lon="105.975407"><ele>1491</ele></trkpt>
      <trkpt lat="38.719489" lon="105.975303"><ele>1490</ele></trkpt>
      <trkpt lat="38.719517" lon="105.975186"><ele>1490</ele></trkpt>
      <trkpt lat="38.719529" lon="105.975066"><ele>1490</ele></trkpt>
      <trkpt lat="38.719549" lon="105.974947"><ele>1492</ele></trkpt>
      <trkpt lat="38.719555" lon="105.974828"><ele>1493</ele></trkpt>
      <trkpt lat="38.719573" lon="105.974712"><ele>1493</ele></trkpt>
      <trkpt lat="38.719609" lon="105.9746"><ele>1494</ele></trkpt>
      <trkpt lat="38.719622" lon="105.974482"><ele>1494</ele></trkpt>
      <trkpt lat="38.719676" lon="105.974376"><ele>1495</ele></trkpt>
      <trkpt lat="38.719744" lon="105.974293"><ele>1496</ele></trkpt>
      <trkpt lat="38.719806" lon="105.974204"><ele>1497</ele></trkpt>
      <trkpt lat="38.719875" lon="105.974121"><ele>1497</ele></trkpt>
      <trkpt lat="38.719948" lon="105.974043"><ele>1498</ele></trkpt>
      <trkpt lat="38.720029" lon="105.973971"><ele>1498</ele></trkpt>
      <trkpt lat="38.720114" lon="105.973904"><ele>1499</ele></trkpt>
      <trkpt lat="38.720207" lon="105.973847"><ele>1499</ele></trkpt>
      <trkpt lat="38.720301" lon="105.973794"><ele>1500</ele></trkpt>
      <trkpt lat="38.720401" lon="105.973752"><ele>1501</ele></trkpt>
      <trkpt lat="38.720502" lon="105.973724"><ele>1503</ele></trkpt>
      <trkpt lat="38.720606" lon="105.973695"><ele>1503</ele></trkpt>
      <trkpt lat="38.72071" lon="105.973669"><ele>1503</ele></trkpt>
      <trkpt lat="38.720816" lon="105.973643"><ele>1503</ele></trkpt>
      <trkpt lat="38.720925" lon="105.973618"><ele>1503</ele></trkpt>
      <trkpt lat="38.721035" lon="105.97359"><ele>1503</ele></trkpt>
      <trkpt lat="38.721147" lon="105.973566"><ele>1504</ele></trkpt>
      <trkpt lat="38.721257" lon="105.973543"><ele>1504</ele></trkpt>
      <trkpt lat="38.72137" lon="105.973511"><ele>1504</ele></trkpt>
      <trkpt lat="38.72148" lon="105.973484"><ele>1505</ele></trkpt>
      <trkpt lat="38.721593" lon="105.973471"><ele>1507</ele></trkpt>
      <trkpt lat="38.721689" lon="105.973431"><ele>1507</ele></trkpt>
      <trkpt lat="38.721787" lon="105.973409"><ele>1509</ele></trkpt>
      <trkpt lat="38.722218" lon="105.973288"><ele>1509</ele></trkpt>
      <trkpt lat="38.722355" lon="105.973232"><ele>1509</ele></trkpt>
      <trkpt lat="38.72246" lon="105.973166"><ele>1508</ele></trkpt>
      <trkpt lat="38.722604" lon="105.973054"><ele>1508</ele></trkpt>
      <trkpt lat="38.722733" lon="105.972943"><ele>1508</ele></trkpt>
      <trkpt lat="38.72285" lon="105.972848"><ele>1507</ele></trkpt>
      <trkpt lat="38.723019" lon="105.972744"><ele>1509</ele></trkpt>
      <trkpt lat="38.723123" lon="105.972686"><ele>1509</ele></trkpt>
      <trkpt lat="38.723207" lon="105.972639"><ele>1508</ele></trkpt>
      <trkpt lat="38.72337" lon="105.972536"><ele>1511</ele></trkpt>
      <trkpt lat="38.723445" lon="105.972467"><ele>1509</ele></trkpt>
      <trkpt lat="38.723519" lon="105.972344"><ele>1508</ele></trkpt>
      <trkpt lat="38.723563" lon="105.972229"><ele>1507</ele></trkpt>
      <trkpt lat="38.723602" lon="105.971989"><ele>1509</ele></trkpt>
      <trkpt lat="38.723548" lon="105.971713"><ele>1510</ele></trkpt>
      <trkpt lat="38.72361" lon="105.971435"><ele>1511</ele></trkpt>
      <trkpt lat="38.723672" lon="105.97132"><ele>1511</ele></trkpt>
      <trkpt lat="38.723731" lon="105.971222"><ele>1511</ele></trkpt>
      <trkpt lat="38.723802" lon="105.971102"><ele>1512</ele></trkpt>
      <trkpt lat="38.723907" lon="105.970941"><ele>1510</ele></trkpt>
      <trkpt lat="38.723976" lon="105.970836"><ele>1511</ele></trkpt>
      <trkpt lat="38.724096" lon="105.970656"><ele>1515</ele></trkpt>
      <trkpt lat="38.724193" lon="105.970538"><ele>1516</ele></trkpt>
      <trkpt lat="38.72429" lon="105.970408"><ele>1517</ele></trkpt>
      <trkpt lat="38.724397" lon="105.970365"><ele>1519</ele></trkpt>
      <trkpt lat="38.724484" lon="105.970293"><ele>1520</ele></trkpt>
      <trkpt lat="38.724613" lon="105.970225"><ele>1522</ele></trkpt>
      <trkpt lat="38.724709" lon="105.970167"><ele>1524</ele></trkpt>
      <trkpt lat="38.724824" lon="105.970109"><ele>1525</ele></trkpt>
      <trkpt lat="38.724929" lon="105.97006"><ele>1525</ele></trkpt>
      <trkpt lat="38.725048" lon="105.970011"><ele>1526</ele></trkpt>
      <trkpt lat="38.725162" lon="105.969964"><ele>1526</ele></trkpt>
      <trkpt lat="38.725277" lon="105.969916"><ele>1527</ele></trkpt>
      <trkpt lat="38.72539" lon="105.969869"><ele>1527</ele></trkpt>
      <trkpt lat="38.7255" lon="105.969823"><ele>1527</ele></trkpt>
      <trkpt lat="38.725613" lon="105.969776"><ele>1528</ele></trkpt>
      <trkpt lat="38.725733" lon="105.969751"><ele>1528</ele></trkpt>
      <trkpt lat="38.725843" lon="105.969729"><ele>1530</ele></trkpt>
      <trkpt lat="38.725956" lon="105.969659"><ele>1530</ele></trkpt>
      <trkpt lat="38.726056" lon="105.969562"><ele>1530</ele></trkpt>
      <trkpt lat="38.726172" lon="105.969511"><ele>1530</ele></trkpt>
      <trkpt lat="38.726284" lon="105.969462"><ele>1530</ele></trkpt>
      <trkpt lat="38.726396" lon="105.969412"><ele>1531</ele></trkpt>
      <trkpt lat="38.726503" lon="105.969358"><ele>1531</ele></trkpt>
      <trkpt lat="38.72661" lon="105.969303"><ele>1532</ele></trkpt>
      <trkpt lat="38.726717" lon="105.969247"><ele>1532</ele></trkpt>
      <trkpt lat="38.726826" lon="105.969195"><ele>1533</ele></trkpt>
      <trkpt lat="38.726937" lon="105.969142"><ele>1534</ele></trkpt>
      <trkpt lat="38.727048" lon="105.96909"><ele>1535</ele></trkpt>
      <trkpt lat="38.727161" lon="105.969036"><ele>1536</ele></trkpt>
      <trkpt lat="38.727265" lon="105.968979"><ele>1537</ele></trkpt>
      <trkpt lat="38.727371" lon="105.968921"><ele>1537</ele></trkpt>
      <trkpt lat="38.727477" lon="105.968857"><ele>1537</ele></trkpt>
      <trkpt lat="38.727566" lon="105.968789"><ele>1539</ele></trkpt>
      <trkpt lat="38.727647" lon="105.968709"><ele>1539</ele></trkpt>
      <trkpt lat="38.727718" lon="105.968611"><ele>1540</ele></trkpt>
      <trkpt lat="38.727774" lon="105.968501"><ele>1541</ele></trkpt>
      <trkpt lat="38.727831" lon="105.968377"><ele>1543</ele></trkpt>
      <trkpt lat="38.727887" lon="105.96825"><ele>1544</ele></trkpt>
      <trkpt lat="38.727945" lon="105.968118"><ele>1543</ele></trkpt>
      <trkpt lat="38.728004" lon="105.967982"><ele>1542</ele></trkpt>
      <trkpt lat="38.728063" lon="105.967848"><ele>1542</ele></trkpt>
      <trkpt lat="38.728122" lon="105.967713"><ele>1542</ele></trkpt>
      <trkpt lat="38.728183" lon="105.967573"><ele>1543</ele></trkpt>
      <trkpt lat="38.72831" lon="105.967483"><ele>1544</ele></trkpt>
      <trkpt lat="38.728405" lon="105.967356"><ele>1546</ele></trkpt>
      <trkpt lat="38.728488" lon="105.967228"><ele>1547</ele></trkpt>
      <trkpt lat="38.728583" lon="105.967087"><ele>1548</ele></trkpt>
      <trkpt lat="38.728659" lon="105.966927"><ele>1549</ele></trkpt>
      <trkpt lat="38.72876" lon="105.966813"><ele>1550</ele></trkpt>
      <trkpt lat="38.728854" lon="105.966681"><ele>1551</ele></trkpt>
      <trkpt lat="38.728937" lon="105.966525"><ele>1551</ele></trkpt>
      <trkpt lat="38.729013" lon="105.966356"><ele>1551</ele></trkpt>
      <trkpt lat="38.729112" lon="105.966228"><ele>1552</ele></trkpt>
      <trkpt lat="38.729202" lon="105.966088"><ele>1552</ele></trkpt>
      <trkpt lat="38.729295" lon="105.965952"><ele>1552</ele></trkpt>
      <trkpt lat="38.729392" lon="105.965822"><ele>1552</ele></trkpt>
      <trkpt lat="38.729485" lon="105.96569"><ele>1552</ele></trkpt>
      <trkpt lat="38.729571" lon="105.965563"><ele>1552</ele></trkpt>
      <trkpt lat="38.729652" lon="105.965423"><ele>1553</ele></trkpt>
      <trkpt lat="38.729731" lon="105.965284"><ele>1553</ele></trkpt>
      <trkpt lat="38.729809" lon="105.965145"><ele>1553</ele></trkpt>
      <trkpt lat="38.72989" lon="105.965009"><ele>1554</ele></trkpt>
      <trkpt lat="38.729971" lon="105.964873"><ele>1554</ele></trkpt>
      <trkpt lat="38.730054" lon="105.964739"><ele>1555</ele></trkpt>
      <trkpt lat="38.730137" lon="105.964611"><ele>1555</ele></trkpt>
      <trkpt lat="38.730226" lon="105.964487"><ele>1556</ele></trkpt>
      <trkpt lat="38.73031" lon="105.964362"><ele>1557</ele></trkpt>
      <trkpt lat="38.730398" lon="105.964241"><ele>1558</ele></trkpt>
      <trkpt lat="38.730484" lon="105.964118"><ele>1558</ele></trkpt>
      <trkpt lat="38.730567" lon="105.963994"><ele>1559</ele></trkpt>
      <trkpt lat="38.730654" lon="105.963874"><ele>1560</ele></trkpt>
      <trkpt lat="38.730729" lon="105.963776"><ele>1561</ele></trkpt>
      <trkpt lat="38.73081" lon="105.963688"><ele>1565</ele></trkpt>
      <trkpt lat="38.730878" lon="105.963582"><ele>1564</ele></trkpt>
      <trkpt lat="38.730954" lon="105.963499"><ele>1566</ele></trkpt>
      <trkpt lat="38.731073" lon="105.963358"><ele>1564</ele></trkpt>
      <trkpt lat="38.731164" lon="105.963267"><ele>1566</ele></trkpt>
      <trkpt lat="38.731236" lon="105.963144"><ele>1566</ele></trkpt>
      <trkpt lat="38.731293" lon="105.963028"><ele>1567</ele></trkpt>
      <trkpt lat="38.731375" lon="105.962918"><ele>1567</ele></trkpt>
      <trkpt lat="38.731417" lon="105.962792"><ele>1568</ele></trkpt>
      <trkpt lat="38.731476" lon="105.962677"><ele>1569</ele></trkpt>
      <trkpt lat="38.731583" lon="105.962554"><ele>1570</ele></trkpt>
      <trkpt lat="38.731649" lon="105.962461"><ele>1572</ele></trkpt>
      <trkpt lat="38.731721" lon="105.962314"><ele>1571</ele></trkpt>
      <trkpt lat="38.731847" lon="105.962099"><ele>1572</ele></trkpt>
      <trkpt lat="38.73191" lon="105.961953"><ele>1572</ele></trkpt>
      <trkpt lat="38.731952" lon="105.961787"><ele>1572</ele></trkpt>
      <trkpt lat="38.732026" lon="105.961676"><ele>1572</ele></trkpt>
      <trkpt lat="38.732094" lon="105.96156"><ele>1573</ele></trkpt>
      <trkpt lat="38.732148" lon="105.961418"><ele>1573</ele></trkpt>
      <trkpt lat="38.732217" lon="105.961283"><ele>1574</ele></trkpt>
      <trkpt lat="38.732209" lon="105.961138"><ele>1574</ele></trkpt>
      <trkpt lat="38.73221" lon="105.960989"><ele>1575</ele></trkpt>
      <trkpt lat="38.732214" lon="105.960829"><ele>1577</ele></trkpt>
      <trkpt lat="38.732187" lon="105.960615"><ele>1578</ele></trkpt>
      <trkpt lat="38.732119" lon="105.960515"><ele>1577</ele></trkpt>
      <trkpt lat="38.732116" lon="105.960358"><ele>1582</ele></trkpt>
      <trkpt lat="38.732101" lon="105.960241"><ele>1582</ele></trkpt>
      <trkpt lat="38.732277" lon="105.960066"><ele>1584</ele></trkpt>
      <trkpt lat="38.732149" lon="105.960019"><ele>1584</ele></trkpt>
      <trkpt lat="38.73192" lon="105.959996"><ele>1584</ele></trkpt>
      <trkpt lat="38.731811" lon="105.959975"><ele>1584</ele></trkpt>
      <trkpt lat="38.731309" lon="105.959902"><ele>1586</ele></trkpt>
      <trkpt lat="38.731033" lon="105.959984"><ele>1587</ele></trkpt>
      <trkpt lat="38.730931" lon="105.959891"><ele>1590</ele></trkpt>
      <trkpt lat="38.730809" lon="105.959857"><ele>1593</ele></trkpt>
      <trkpt lat="38.730692" lon="105.95982"><ele>1594</ele></trkpt>
      <trkpt lat="38.730583" lon="105.959736"><ele>1598</ele></trkpt>
      <trkpt lat="38.730382" lon="105.959608"><ele>1599</ele></trkpt>
      <trkpt lat="38.730291" lon="105.959567"><ele>1598</ele></trkpt>
      <trkpt lat="38.730197" lon="105.959521"><ele>1599</ele></trkpt>
      <trkpt lat="38.73006" lon="105.959105"><ele>1601</ele></trkpt>
      <trkpt lat="38.730623" lon="105.958289"><ele>1608</ele></trkpt>
      <trkpt lat="38.730886" lon="105.958226"><ele>1605</ele></trkpt>
      <trkpt lat="38.730927" lon="105.958075"><ele>1606</ele></trkpt>
      <trkpt lat="38.730995" lon="105.957949"><ele>1611</ele></trkpt>
      <trkpt lat="38.731066" lon="105.95783"><ele>1612</ele></trkpt>
      <trkpt lat="38.731164" lon="105.957646"><ele>1617</ele></trkpt>
      <trkpt lat="38.731265" lon="105.957599"><ele>1618</ele></trkpt>
      <trkpt lat="38.731404" lon="105.957586"><ele>1620</ele></trkpt>
      <trkpt lat="38.731502" lon="105.95753"><ele>1619</ele></trkpt>
      <trkpt lat="38.731672" lon="105.957553"><ele>1620</ele></trkpt>
      <trkpt lat="38.731739" lon="105.957436"><ele>1620</ele></trkpt>
      <trkpt lat="38.731776" lon="105.957197"><ele>1620</ele></trkpt>
      <trkpt lat="38.73184" lon="105.957088"><ele>1620</ele></trkpt>
      <trkpt lat="38.731897" lon="105.95697"><ele>1621</ele></trkpt>
      <trkpt lat="38.731951" lon="105.956851"><ele>1621</ele></trkpt>
      <trkpt lat="38.732005" lon="105.956728"><ele>1620</ele></trkpt>
      <trkpt lat="38.732061" lon="105.95661"><ele>1622</ele></trkpt>
      <trkpt lat="38.732116" lon="105.956489"><ele>1621</ele></trkpt>
      <trkpt lat="38.732169" lon="105.956367"><ele>1622</ele></trkpt>
      <trkpt lat="38.732221" lon="105.956247"><ele>1621</ele></trkpt>
      <trkpt lat="38.732274" lon="105.956127"><ele>1621</ele></trkpt>
      <trkpt lat="38.732328" lon="105.956007"><ele>1622</ele></trkpt>
      <trkpt lat="38.732039" lon="105.955624"><ele>1634</ele></trkpt>
      <trkpt lat="38.732217" lon="105.955366"><ele>1625</ele></trkpt>
      <trkpt lat="38.732255" lon="105.95522"><ele>1627</ele></trkpt>
      <trkpt lat="38.732285" lon="105.95504"><ele>1629</ele></trkpt>
      <trkpt lat="38.732214" lon="105.954939"><ele>1629</ele></trkpt>
      <trkpt lat="38.732249" lon="105.954747"><ele>1633</ele></trkpt>
      <trkpt lat="38.732334" lon="105.95468"><ele>1635</ele></trkpt>
      <trkpt lat="38.732492" lon="105.954559"><ele>1636</ele></trkpt>
      <trkpt lat="38.732594" lon="105.954456"><ele>1635</ele></trkpt>
      <trkpt lat="38.732746" lon="105.954404"><ele>1635</ele></trkpt>
      <trkpt lat="38.732825" lon="105.954347"><ele>1632</ele></trkpt>
      <trkpt lat="38.732948" lon="105.954289"><ele>1633</ele></trkpt>
      <trkpt lat="38.733038" lon="105.954217"><ele>1633</ele></trkpt>
      <trkpt lat="38.73315" lon="105.95409"><ele>1634</ele></trkpt>
      <trkpt lat="38.733241" lon="105.953981"><ele>1635</ele></trkpt>
      <trkpt lat="38.733342" lon="105.953843"><ele>1635</ele></trkpt>
      <trkpt lat="38.73344" lon="105.953739"><ele>1636</ele></trkpt>
      <trkpt lat="38.73357" lon="105.953701"><ele>1633</ele></trkpt>
      <trkpt lat="38.733685" lon="105.953658"><ele>1630</ele></trkpt>
      <trkpt lat="38.733805" lon="105.953643"><ele>1630</ele></trkpt>
      <trkpt lat="38.733931" lon="105.953624"><ele>1631</ele></trkpt>
      <trkpt lat="38.734035" lon="105.953588"><ele>1630</ele></trkpt>
      <trkpt lat="38.734172" lon="105.953554"><ele>1630</ele></trkpt>
      <trkpt lat="38.734286" lon="105.953552"><ele>1631</ele></trkpt>
      <trkpt lat="38.734424" lon="105.953513"><ele>1631</ele></trkpt>
      <trkpt lat="38.734566" lon="105.953416"><ele>1630</ele></trkpt>
      <trkpt lat="38.734673" lon="105.953359"><ele>1630</ele></trkpt>
      <trkpt lat="38.734782" lon="105.953266"><ele>1630</ele></trkpt>
      <trkpt lat="38.734908" lon="105.953105"><ele>1629</ele></trkpt>
      <trkpt lat="38.735021" lon="105.95301"><ele>1629</ele></trkpt>
      <trkpt lat="38.735146" lon="105.952878"><ele>1631</ele></trkpt>
      <trkpt lat="38.735261" lon="105.952757"><ele>1631</ele></trkpt>
      <trkpt lat="38.735359" lon="105.952634"><ele>1633</ele></trkpt>
      <trkpt lat="38.735452" lon="105.952594"><ele>1633</ele></trkpt>
      <trkpt lat="38.735611" lon="105.95253"><ele>1634</ele></trkpt>
      <trkpt lat="38.73571" lon="105.952506"><ele>1636</ele></trkpt>
      <trkpt lat="38.735814" lon="105.952443"><ele>1635</ele></trkpt>
      <trkpt lat="38.735951" lon="105.952393"><ele>1637</ele></trkpt>
      <trkpt lat="38.736084" lon="105.952364"><ele>1638</ele></trkpt>
      <trkpt lat="38.736207" lon="105.952325"><ele>1641</ele></trkpt>
      <trkpt lat="38.736332" lon="105.952266"><ele>1643</ele></trkpt>
      <trkpt lat="38.736446" lon="105.952224"><ele>1642</ele></trkpt>
      <trkpt lat="38.736572" lon="105.952166"><ele>1643</ele></trkpt>
      <trkpt lat="38.736698" lon="105.952106"><ele>1642</ele></trkpt>
      <trkpt lat="38.73684" lon="105.952068"><ele>1642</ele></trkpt>
      <trkpt lat="38.736966" lon="105.952015"><ele>1643</ele></trkpt>
      <trkpt lat="38.737096" lon="105.951957"><ele>1644</ele></trkpt>
      <trkpt lat="38.737231" lon="105.95189"><ele>1644</ele></trkpt>
      <trkpt lat="38.737361" lon="105.951844"><ele>1645</ele></trkpt>
      <trkpt lat="38.737492" lon="105.951803"><ele>1646</ele></trkpt>
      <trkpt lat="38.737624" lon="105.951743"><ele>1647</ele></trkpt>
      <trkpt lat="38.737753" lon="105.951692"><ele>1647</ele></trkpt>
      <trkpt lat="38.737883" lon="105.951656"><ele>1649</ele></trkpt>
      <trkpt lat="38.738019" lon="105.951607"><ele>1649</ele></trkpt>
      <trkpt lat="38.738146" lon="105.951548"><ele>1650</ele></trkpt>
      <trkpt lat="38.73826" lon="105.951474"><ele>1649</ele></trkpt>
      <trkpt lat="38.738366" lon="105.951402"><ele>1649</ele></trkpt>
      <trkpt lat="38.738457" lon="105.951334"><ele>1651</ele></trkpt>
      <trkpt lat="38.738536" lon="105.951262"><ele>1652</ele></trkpt>
      <trkpt lat="38.738642" lon="105.951113"><ele>1652</ele></trkpt>
      <trkpt lat="38.738694" lon="105.950988"><ele>1656</ele></trkpt>
      <trkpt lat="38.738699" lon="105.950789"><ele>1658</ele></trkpt>
      <trkpt lat="38.738673" lon="105.950584"><ele>1661</ele></trkpt>
      <trkpt lat="38.738575" lon="105.950447"><ele>1663</ele></trkpt>
      <trkpt lat="38.738544" lon="105.950288"><ele>1663</ele></trkpt>
      <trkpt lat="38.738491" lon="105.950149"><ele>1662</ele></trkpt>
      <trkpt lat="38.738475" lon="105.949985"><ele>1663</ele></trkpt>
      <trkpt lat="38.738379" lon="105.949898"><ele>1665</ele></trkpt>
      <trkpt lat="38.738253" lon="105.949817"><ele>1666</ele></trkpt>
      <trkpt lat="38.738154" lon="105.949721"><ele>1665</ele></trkpt>
      <trkpt lat="38.738125" lon="105.949603"><ele>1668</ele></trkpt>
      <trkpt lat="38.738106" lon="105.949419"><ele>1668</ele></trkpt>
      <trkpt lat="38.738081" lon="105.94929"><ele>1668</ele></trkpt>
      <trkpt lat="38.738008" lon="105.949174"><ele>1667</ele></trkpt>
      <trkpt lat="38.737922" lon="105.948963"><ele>1668</ele></trkpt>
      <trkpt lat="38.737872" lon="105.94877"><ele>1670</ele></trkpt>
      <trkpt lat="38.737901" lon="105.948562"><ele>1671</ele></trkpt>
      <trkpt lat="38.737832" lon="105.948374"><ele>1671</ele></trkpt>
      <trkpt lat="38.738056" lon="105.947639"><ele>1677</ele></trkpt>
      <trkpt lat="38.738044" lon="105.947443"><ele>1675</ele></trkpt>
      <trkpt lat="38.738024" lon="105.947273"><ele>1675</ele></trkpt>
      <trkpt lat="38.738006" lon="105.947061"><ele>1676</ele></trkpt>
      <trkpt lat="38.737998" lon="105.946935"><ele>1676</ele></trkpt>
      <trkpt lat="38.737934" lon="105.946789"><ele>1676</ele></trkpt>
      <trkpt lat="38.737963" lon="105.946607"><ele>1676</ele></trkpt>
      <trkpt lat="38.737998" lon="105.946448"><ele>1676</ele></trkpt>
      <trkpt lat="38.737995" lon="105.946249"><ele>1677</ele></trkpt>
      <trkpt lat="38.738025" lon="105.946028"><ele>1677</ele></trkpt>
      <trkpt lat="38.738023" lon="105.94562"><ele>1675</ele></trkpt>
      <trkpt lat="38.738024" lon="105.945492"><ele>1673</ele></trkpt>
      <trkpt lat="38.738024" lon="105.945354"><ele>1672</ele></trkpt>
      <trkpt lat="38.738037" lon="105.945228"><ele>1673</ele></trkpt>
      <trkpt lat="38.738063" lon="105.945059"><ele>1670</ele></trkpt>
      <trkpt lat="38.738066" lon="105.944912"><ele>1671</ele></trkpt>
      <trkpt lat="38.738079" lon="105.944762"><ele>1673</ele></trkpt>
      <trkpt lat="38.738093" lon="105.944611"><ele>1674</ele></trkpt>
      <trkpt lat="38.738125" lon="105.944454"><ele>1675</ele></trkpt>
      <trkpt lat="38.738173" lon="105.944313"><ele>1677</ele></trkpt>
      <trkpt lat="38.73824" lon="105.944174"><ele>1679</ele></trkpt>
      <trkpt lat="38.738313" lon="105.944059"><ele>1679</ele></trkpt>
      <trkpt lat="38.738383" lon="105.943946"><ele>1679</ele></trkpt>
      <trkpt lat="38.738479" lon="105.94385"><ele>1680</ele></trkpt>
      <trkpt lat="38.738571" lon="105.943728"><ele>1680</ele></trkpt>
      <trkpt lat="38.738652" lon="105.943596"><ele>1681</ele></trkpt>
      <trkpt lat="38.738755" lon="105.943491"><ele>1682</ele></trkpt>
      <trkpt lat="38.738833" lon="105.94337"><ele>1682</ele></trkpt>
      <trkpt lat="38.738911" lon="105.943252"><ele>1682</ele></trkpt>
      <trkpt lat="38.739008" lon="105.943144"><ele>1683</ele></trkpt>
      <trkpt lat="38.739103" lon="105.943038"><ele>1685</ele></trkpt>
      <trkpt lat="38.739199" lon="105.942934"><ele>1687</ele></trkpt>
      <trkpt lat="38.739308" lon="105.94287"><ele>1690</ele></trkpt>
      <trkpt lat="38.739423" lon="105.942775"><ele>1691</ele></trkpt>
      <trkpt lat="38.739535" lon="105.942706"><ele>1689</ele></trkpt>
      <trkpt lat="38.739643" lon="105.942637"><ele>1690</ele></trkpt>
      <trkpt lat="38.739738" lon="105.942547"><ele>1691</ele></trkpt>
      <trkpt lat="38.739851" lon="105.942466"><ele>1691</ele></trkpt>
      <trkpt lat="38.739961" lon="105.942399"><ele>1692</ele></trkpt>
      <trkpt lat="38.740077" lon="105.942351"><ele>1692</ele></trkpt>
      <trkpt lat="38.740181" lon="105.942269"><ele>1692</ele></trkpt>
      <trkpt lat="38.740283" lon="105.942185"><ele>1692</ele></trkpt>
      <trkpt lat="38.740378" lon="105.942098"><ele>1693</ele></trkpt>
      <trkpt lat="38.740474" lon="105.942019"><ele>1693</ele></trkpt>
      <trkpt lat="38.740561" lon="105.941936"><ele>1693</ele></trkpt>
      <trkpt lat="38.740623" lon="105.941835"><ele>1694</ele></trkpt>
      <trkpt lat="38.740695" lon="105.941746"><ele>1694</ele></trkpt>
      <trkpt lat="38.740766" lon="105.941657"><ele>1693</ele></trkpt>
      <trkpt lat="38.740831" lon="105.941575"><ele>1693</ele></trkpt>
      <trkpt lat="38.740924" lon="105.941453"><ele>1693</ele></trkpt>
      <trkpt lat="38.741015" lon="105.941334"><ele>1693</ele></trkpt>
      <trkpt lat="38.741115" lon="105.941203"><ele>1694</ele></trkpt>
      <trkpt lat="38.741179" lon="105.941117"><ele>1695</ele></trkpt>
      <trkpt lat="38.741299" lon="105.940958"><ele>1696</ele></trkpt>
      <trkpt lat="38.741369" lon="105.940864"><ele>1695</ele></trkpt>
      <trkpt lat="38.741475" lon="105.940723"><ele>1698</ele></trkpt>
      <trkpt lat="38.741617" lon="105.940534"><ele>1701</ele></trkpt>
      <trkpt lat="38.741691" lon="105.940436"><ele>1701</ele></trkpt>
      <trkpt lat="38.741762" lon="105.940339"><ele>1701</ele></trkpt>
      <trkpt lat="38.741832" lon="105.940245"><ele>1702</ele></trkpt>
      <trkpt lat="38.741905" lon="105.940147"><ele>1702</ele></trkpt>
      <trkpt lat="38.741973" lon="105.940055"><ele>1704</ele></trkpt>
      <trkpt lat="38.74205" lon="105.939952"><ele>1704</ele></trkpt>
      <trkpt lat="38.742123" lon="105.939853"><ele>1705</ele></trkpt>
      <trkpt lat="38.742199" lon="105.939748"><ele>1706</ele></trkpt>
      <trkpt lat="38.742276" lon="105.93964"><ele>1706</ele></trkpt>
      <trkpt lat="38.742353" lon="105.939533"><ele>1706</ele></trkpt>
      <trkpt lat="38.742431" lon="105.939424"><ele>1706</ele></trkpt>
      <trkpt lat="38.742509" lon="105.939314"><ele>1706</ele></trkpt>
      <trkpt lat="38.742589" lon="105.939201"><ele>1707</ele></trkpt>
      <trkpt lat="38.742668" lon="105.939091"><ele>1709</ele></trkpt>
      <trkpt lat="38.742745" lon="105.938984"><ele>1709</ele></trkpt>
      <trkpt lat="38.742827" lon="105.938868"><ele>1710</ele></trkpt>
      <trkpt lat="38.742906" lon="105.938758"><ele>1711</ele></trkpt>
      <trkpt lat="38.742983" lon="105.938652"><ele>1712</ele></trkpt>
      <trkpt lat="38.743067" lon="105.938538"><ele>1713</ele></trkpt>
      <trkpt lat="38.74315" lon="105.938426"><ele>1713</ele></trkpt>
      <trkpt lat="38.743236" lon="105.938316"><ele>1714</ele></trkpt>
      <trkpt lat="38.743319" lon="105.938211"><ele>1714</ele></trkpt>
      <trkpt lat="38.743404" lon="105.938103"><ele>1716</ele></trkpt>
      <trkpt lat="38.743491" lon="105.937992"><ele>1718</ele></trkpt>
      <trkpt lat="38.74358" lon="105.937872"><ele>1717</ele></trkpt>
      <trkpt lat="38.743662" lon="105.937761"><ele>1717</ele></trkpt>
      <trkpt lat="38.743732" lon="105.937637"><ele>1717</ele></trkpt>
      <trkpt lat="38.743799" lon="105.937503"><ele>1717</ele></trkpt>
      <trkpt lat="38.743869" lon="105.937375"><ele>1718</ele></trkpt>
      <trkpt lat="38.743926" lon="105.937248"><ele>1718</ele></trkpt>
      <trkpt lat="38.744001" lon="105.937117"><ele>1719</ele></trkpt>
      <trkpt lat="38.744066" lon="105.936969"><ele>1717</ele></trkpt>
      <trkpt lat="38.744139" lon="105.93685"><ele>1718</ele></trkpt>
      <trkpt lat="38.744221" lon="105.93673"><ele>1720</ele></trkpt>
      <trkpt lat="38.744282" lon="105.936598"><ele>1721</ele></trkpt>
      <trkpt lat="38.744339" lon="105.936472"><ele>1721</ele></trkpt>
      <trkpt lat="38.744401" lon="105.936346"><ele>1723</ele></trkpt>
      <trkpt lat="38.744455" lon="105.936223"><ele>1723</ele></trkpt>
      <trkpt lat="38.744491" lon="105.936073"><ele>1723</ele></trkpt>
      <trkpt lat="38.744487" lon="105.935916"><ele>1724</ele></trkpt>
      <trkpt lat="38.744516" lon="105.935783"><ele>1726</ele></trkpt>
      <trkpt lat="38.744542" lon="105.935643"><ele>1728</ele></trkpt>
      <trkpt lat="38.744564" lon="105.935502"><ele>1728</ele></trkpt>
      <trkpt lat="38.744574" lon="105.935369"><ele>1730</ele></trkpt>
      <trkpt lat="38.744581" lon="105.935236"><ele>1731</ele></trkpt>
      <trkpt lat="38.74458" lon="105.935101"><ele>1733</ele></trkpt>
      <trkpt lat="38.744576" lon="105.93496"><ele>1733</ele></trkpt>
      <trkpt lat="38.744571" lon="105.934799"><ele>1732</ele></trkpt>
      <trkpt lat="38.744567" lon="105.93465"><ele>1732</ele></trkpt>
      <trkpt lat="38.744576" lon="105.934498"><ele>1731</ele></trkpt>
      <trkpt lat="38.744557" lon="105.934356"><ele>1731</ele></trkpt>
      <trkpt lat="38.744542" lon="105.934233"><ele>1733</ele></trkpt>
      <trkpt lat="38.74453" lon="105.934095"><ele>1736</ele></trkpt>
      <trkpt lat="38.744536" lon="105.933958"><ele>1737</ele></trkpt>
      <trkpt lat="38.744542" lon="105.933834"><ele>1736</ele></trkpt>
      <trkpt lat="38.744523" lon="105.933668"><ele>1737</ele></trkpt>
      <trkpt lat="38.744489" lon="105.933491"><ele>1734</ele></trkpt>
      <trkpt lat="38.744474" lon="105.933363"><ele>1734</ele></trkpt>
      <trkpt lat="38.744434" lon="105.933059"><ele>1741</ele></trkpt>
      <trkpt lat="38.744399" lon="105.932881"><ele>1742</ele></trkpt>
      <trkpt lat="38.744367" lon="105.932715"><ele>1742</ele></trkpt>
      <trkpt lat="38.744331" lon="105.932532"><ele>1744</ele></trkpt>
      <trkpt lat="38.744283" lon="105.932356"><ele>1745</ele></trkpt>
      <trkpt lat="38.74406" lon="105.931961"><ele>1743</ele></trkpt>
      <trkpt lat="38.743961" lon="105.931872"><ele>1745</ele></trkpt>
      <trkpt lat="38.743585" lon="105.931589"><ele>1747</ele></trkpt>
      <trkpt lat="38.743498" lon="105.931507"><ele>1748</ele></trkpt>
      <trkpt lat="38.743417" lon="105.93141"><ele>1752</ele></trkpt>
      <trkpt lat="38.743354" lon="105.931324"><ele>1753</ele></trkpt>
      <trkpt lat="38.743253" lon="105.931181"><ele>1753</ele></trkpt>
      <trkpt lat="38.743164" lon="105.930996"><ele>1753</ele></trkpt>
      <trkpt lat="38.743151" lon="105.930874"><ele>1753</ele></trkpt>
      <trkpt lat="38.743185" lon="105.930729"><ele>1756</ele></trkpt>
      <trkpt lat="38.743237" lon="105.930554"><ele>1762</ele></trkpt>
      <trkpt lat="38.743301" lon="105.930455"><ele>1760</ele></trkpt>
      <trkpt lat="38.74336" lon="105.930353"><ele>1760</ele></trkpt>
      <trkpt lat="38.743468" lon="105.930325"><ele>1759</ele></trkpt>
      <trkpt lat="38.743592" lon="105.93026"><ele>1762</ele></trkpt>
      <trkpt lat="38.743633" lon="105.930134"><ele>1773</ele></trkpt>
      <trkpt lat="38.743673" lon="105.929939"><ele>1776</ele></trkpt>
      <trkpt lat="38.743647" lon="105.929486"><ele>1783</ele></trkpt>
      <trkpt lat="38.74364" lon="105.929254"><ele>1783</ele></trkpt>
      <trkpt lat="38.743666" lon="105.929033"><ele>1781</ele></trkpt>
      <trkpt lat="38.743716" lon="105.92885"><ele>1782</ele></trkpt>
      <trkpt lat="38.743764" lon="105.928713"><ele>1783</ele></trkpt>
      <trkpt lat="38.743891" lon="105.928586"><ele>1786</ele></trkpt>
      <trkpt lat="38.744107" lon="105.928548"><ele>1787</ele></trkpt>
      <trkpt lat="38.744212" lon="105.928725"><ele>1788</ele></trkpt>
      <trkpt lat="38.744318" lon="105.928832"><ele>1788</ele></trkpt>
      <trkpt lat="38.744372" lon="105.928735"><ele>1792</ele></trkpt>
      <trkpt lat="38.744473" lon="105.928626"><ele>1796</ele></trkpt>
      <trkpt lat="38.744532" lon="105.928516"><ele>1795</ele></trkpt>
      <trkpt lat="38.744567" lon="105.928403"><ele>1795</ele></trkpt>
      <trkpt lat="38.744565" lon="105.92825"><ele>1797</ele></trkpt>
      <trkpt lat="38.744751" lon="105.928099"><ele>1797</ele></trkpt>
      <trkpt lat="38.744888" lon="105.928098"><ele>1799</ele></trkpt>
      <trkpt lat="38.744954" lon="105.927999"><ele>1800</ele></trkpt>
      <trkpt lat="38.745032" lon="105.927932"><ele>1802</ele></trkpt>
      <trkpt lat="38.74496" lon="105.927764"><ele>1803</ele></trkpt>
      <trkpt lat="38.744862" lon="105.927592"><ele>1800</ele></trkpt>
      <trkpt lat="38.74478" lon="105.927415"><ele>1798</ele></trkpt>
      <trkpt lat="38.744871" lon="105.927446"><ele>1802</ele></trkpt>
      <trkpt lat="38.744998" lon="105.92751"><ele>1803</ele></trkpt>
      <trkpt lat="38.745074" lon="105.927665"><ele>1802</ele></trkpt>
      <trkpt lat="38.745145" lon="105.92785"><ele>1809</ele></trkpt>
      <trkpt lat="38.745206" lon="105.927967"><ele>1811</ele></trkpt>
      <trkpt lat="38.745188" lon="105.928089"><ele>1809</ele></trkpt>
      <trkpt lat="38.745243" lon="105.928229"><ele>1809</ele></trkpt>
      <trkpt lat="38.745363" lon="105.928346"><ele>1810</ele></trkpt>
      <trkpt lat="38.745478" lon="105.928446"><ele>1812</ele></trkpt>
      <trkpt lat="38.745629" lon="105.928532"><ele>1814</ele></trkpt>
      <trkpt lat="38.745734" lon="105.928353"><ele>1813</ele></trkpt>
      <trkpt lat="38.745835" lon="105.928332"><ele>1815</ele></trkpt>
      <trkpt lat="38.745879" lon="105.928161"><ele>1815</ele></trkpt>
      <trkpt lat="38.74592" lon="105.928046"><ele>1815</ele></trkpt>
      <trkpt lat="38.745934" lon="105.927927"><ele>1816</ele></trkpt>
      <trkpt lat="38.746156" lon="105.927801"><ele>1819</ele></trkpt>
      <trkpt lat="38.746365" lon="105.927631"><ele>1822</ele></trkpt>
      <trkpt lat="38.746476" lon="105.927522"><ele>1823</ele></trkpt>
      <trkpt lat="38.746553" lon="105.927443"><ele>1825</ele></trkpt>
      <trkpt lat="38.746611" lon="105.927349"><ele>1827</ele></trkpt>
      <trkpt lat="38.746732" lon="105.927221"><ele>1839</ele></trkpt>
      <trkpt lat="38.746807" lon="105.927046"><ele>1850</ele></trkpt>
      <trkpt lat="38.746857" lon="105.926899"><ele>1855</ele></trkpt>
      <trkpt lat="38.74689" lon="105.926776"><ele>1860</ele></trkpt>
      <trkpt lat="38.746923" lon="105.926627"><ele>1860</ele></trkpt>
      <trkpt lat="38.74695" lon="105.926264"><ele>1868</ele></trkpt>
      <trkpt lat="38.746951" lon="105.926133"><ele>1869</ele></trkpt>
      <trkpt lat="38.746956" lon="105.926017"><ele>1877</ele></trkpt>
      <trkpt lat="38.746969" lon="105.925876"><ele>1886</ele></trkpt>
      <trkpt lat="38.746957" lon="105.92575"><ele>1891</ele></trkpt>
      <trkpt lat="38.746929" lon="105.925628"><ele>1896</ele></trkpt>
      <trkpt lat="38.746906" lon="105.925459"><ele>1900</ele></trkpt>
      <trkpt lat="38.746867" lon="105.92529"><ele>1904</ele></trkpt>
      <trkpt lat="38.746836" lon="105.925154"><ele>1907</ele></trkpt>
      <trkpt lat="38.746806" lon="105.925023"><ele>1909</ele></trkpt>
      <trkpt lat="38.746777" lon="105.9249"><ele>1910</ele></trkpt>
      <trkpt lat="38.746733" lon="105.924744"><ele>1912</ele></trkpt>
      <trkpt lat="38.746708" lon="105.924521"><ele>1913</ele></trkpt>
      <trkpt lat="38.746775" lon="105.924309"><ele>1914</ele></trkpt>
      <trkpt lat="38.746828" lon="105.924175"><ele>1913</ele></trkpt>
      <trkpt lat="38.746926" lon="105.923929"><ele>1915</ele></trkpt>
      <trkpt lat="38.746974" lon="105.923793"><ele>1916</ele></trkpt>
      <trkpt lat="38.747033" lon="105.923589"><ele>1915</ele></trkpt>
      <trkpt lat="38.747049" lon="105.923408"><ele>1915</ele></trkpt>
      <trkpt lat="38.746933" lon="105.923127"><ele>1913</ele></trkpt>
      <trkpt lat="38.746875" lon="105.922985"><ele>1913</ele></trkpt>
      <trkpt lat="38.746863" lon="105.92283"><ele>1914</ele></trkpt>
      <trkpt lat="38.74688" lon="105.922717"><ele>1914</ele></trkpt>
      <trkpt lat="38.746933" lon="105.922573"><ele>1911</ele></trkpt>
      <trkpt lat="38.747011" lon="105.922298"><ele>1909</ele></trkpt>
      <trkpt lat="38.747044" lon="105.922189"><ele>1909</ele></trkpt>
      <trkpt lat="38.747092" lon="105.922023"><ele>1912</ele></trkpt>
      <trkpt lat="38.747142" lon="105.921835"><ele>1911</ele></trkpt>
      <trkpt lat="38.747189" lon="105.921707"><ele>1915</ele></trkpt>
      <trkpt lat="38.747216" lon="105.921594"><ele>1914</ele></trkpt>
      <trkpt lat="38.747257" lon="105.921473"><ele>1913</ele></trkpt>
      <trkpt lat="38.7473" lon="105.921353"><ele>1912</ele></trkpt>
      <trkpt lat="38.74736" lon="105.921193"><ele>1914</ele></trkpt>
      <trkpt lat="38.747464" lon="105.920912"><ele>1913</ele></trkpt>
      <trkpt lat="38.747514" lon="105.920791"><ele>1913</ele></trkpt>
      <trkpt lat="38.747599" lon="105.920629"><ele>1912</ele></trkpt>
      <trkpt lat="38.747676" lon="105.920496"><ele>1910</ele></trkpt>
      <trkpt lat="38.747746" lon="105.92041"><ele>1912</ele></trkpt>
      <trkpt lat="38.747806" lon="105.920305"><ele>1914</ele></trkpt>
      <trkpt lat="38.747839" lon="105.920172"><ele>1914</ele></trkpt>
      <trkpt lat="38.747841" lon="105.92005"><ele>1916</ele></trkpt>
      <trkpt lat="38.74775" lon="105.919948"><ele>1916</ele></trkpt>
      <trkpt lat="38.747659" lon="105.919881"><ele>1917</ele></trkpt>
      <trkpt lat="38.747572" lon="105.919776"><ele>1926</ele></trkpt>
      <trkpt lat="38.747486" lon="105.919672"><ele>1931</ele></trkpt>
      <trkpt lat="38.747405" lon="105.919557"><ele>1934</ele></trkpt>
      <trkpt lat="38.747367" lon="105.919414"><ele>1938</ele></trkpt>
      <trkpt lat="38.747364" lon="105.919257"><ele>1939</ele></trkpt>
      <trkpt lat="38.747411" lon="105.919144"><ele>1940</ele></trkpt>
      <trkpt lat="38.747492" lon="105.919061"><ele>1941</ele></trkpt>
      <trkpt lat="38.747583" lon="105.918959"><ele>1939</ele></trkpt>
      <trkpt lat="38.747704" lon="105.918848"><ele>1943</ele></trkpt>
      <trkpt lat="38.747786" lon="105.91878"><ele>1944</ele></trkpt>
      <trkpt lat="38.74788" lon="105.918709"><ele>1945</ele></trkpt>
      <trkpt lat="38.747986" lon="105.91866"><ele>1946</ele></trkpt>
      <trkpt lat="38.748072" lon="105.91858"><ele>1947</ele></trkpt>
      <trkpt lat="38.748165" lon="105.918532"><ele>1948</ele></trkpt>
      <trkpt lat="38.748257" lon="105.918501"><ele>1947</ele></trkpt>
      <trkpt lat="38.74834" lon="105.918457"><ele>1947</ele></trkpt>
      <trkpt lat="38.748424" lon="105.918411"><ele>1947</ele></trkpt>
      <trkpt lat="38.748506" lon="105.918359"><ele>1945</ele></trkpt>
      <trkpt lat="38.748582" lon="105.918282"><ele>1947</ele></trkpt>
      <trkpt lat="38.748671" lon="105.918222"><ele>1947</ele></trkpt>
      <trkpt lat="38.748734" lon="105.918134"><ele>1947</ele></trkpt>
      <trkpt lat="38.748818" lon="105.918041"><ele>1948</ele></trkpt>
      <trkpt lat="38.748871" lon="105.91794"><ele>1947</ele></trkpt>
      <trkpt lat="38.748916" lon="105.917816"><ele>1947</ele></trkpt>
      <trkpt lat="38.748962" lon="105.917694"><ele>1949</ele></trkpt>
      <trkpt lat="38.748995" lon="105.91756"><ele>1950</ele></trkpt>
      <trkpt lat="38.74902" lon="105.917444"><ele>1951</ele></trkpt>
      <trkpt lat="38.749088" lon="105.917351"><ele>1950</ele></trkpt>
      <trkpt lat="38.749157" lon="105.917229"><ele>1952</ele></trkpt>
      <trkpt lat="38.749196" lon="105.917091"><ele>1954</ele></trkpt>
      <trkpt lat="38.749281" lon="105.916964"><ele>1952</ele></trkpt>
      <trkpt lat="38.749362" lon="105.916844"><ele>1951</ele></trkpt>
      <trkpt lat="38.749283" lon="105.916717"><ele>1951</ele></trkpt>
      <trkpt lat="38.749361" lon="105.916782"><ele>1952</ele></trkpt>
      <trkpt lat="38.749279" lon="105.916971"><ele>1951</ele></trkpt>
      <trkpt lat="38.749186" lon="105.916993"><ele>1951</ele></trkpt>
      <trkpt lat="38.749094" lon="105.917033"><ele>1950</ele></trkpt>
      <trkpt lat="38.749014" lon="105.917091"><ele>1953</ele></trkpt>
      <trkpt lat="38.74894" lon="105.917024"><ele>1950</ele></trkpt>
      <trkpt lat="38.748868" lon="105.916956"><ele>1950</ele></trkpt>
      <trkpt lat="38.748792" lon="105.916883"><ele>1955</ele></trkpt>
      <trkpt lat="38.748842" lon="105.91699"><ele>1951</ele></trkpt>
      <trkpt lat="38.74892" lon="105.917051"><ele>1949</ele></trkpt>
      <trkpt lat="38.748833" lon="105.917085"><ele>1952</ele></trkpt>
      <trkpt lat="38.74876" lon="105.916993"><ele>1953</ele></trkpt>
      <trkpt lat="38.748688" lon="105.91691"><ele>1954</ele></trkpt>
      <trkpt lat="38.748613" lon="105.916831"><ele>1955</ele></trkpt>
      <trkpt lat="38.748542" lon="105.916733"><ele>1958</ele></trkpt>
      <trkpt lat="38.748473" lon="105.916643"><ele>1959</ele></trkpt>
      <trkpt lat="38.748393" lon="105.916579"><ele>1961</ele></trkpt>
      <trkpt lat="38.74833" lon="105.916479"><ele>1961</ele></trkpt>
      <trkpt lat="38.748304" lon="105.91636"><ele>1971</ele></trkpt>
      <trkpt lat="38.748263" lon="105.916247"><ele>1967</ele></trkpt>
      <trkpt lat="38.74825" lon="105.916124"><ele>1965</ele></trkpt>
      <trkpt lat="38.748257" lon="105.916009"><ele>1972</ele></trkpt>
      <trkpt lat="38.748265" lon="105.915884"><ele>1970</ele></trkpt>
      <trkpt lat="38.748267" lon="105.915763"><ele>1971</ele></trkpt>
      <trkpt lat="38.748298" lon="105.915639"><ele>1971</ele></trkpt>
      <trkpt lat="38.748309" lon="105.915517"><ele>1972</ele></trkpt>
      <trkpt lat="38.748322" lon="105.915402"><ele>1984</ele></trkpt>
      <trkpt lat="38.748295" lon="105.915291"><ele>1985</ele></trkpt>
      <trkpt lat="38.748242" lon="105.91519"><ele>1979</ele></trkpt>
      <trkpt lat="38.748202" lon="105.915052"><ele>1983</ele></trkpt>
      <trkpt lat="38.748224" lon="105.914937"><ele>1985</ele></trkpt>
      <trkpt lat="38.748218" lon="105.914816"><ele>1988</ele></trkpt>
      <trkpt lat="38.748232" lon="105.914693"><ele>1994</ele></trkpt>
      <trkpt lat="38.74825" lon="105.914563"><ele>2000</ele></trkpt>
      <trkpt lat="38.748175" lon="105.914629"><ele>2002</ele></trkpt>
      <trkpt lat="38.748101" lon="105.914712"><ele>2002</ele></trkpt>
      <trkpt lat="38.748009" lon="105.914759"><ele>2002</ele></trkpt>
      <trkpt lat="38.747929" lon="105.91482"><ele>2003</ele></trkpt>
      <trkpt lat="38.747876" lon="105.91492"><ele>2008</ele></trkpt>
      <trkpt lat="38.747878" lon="105.91504"><ele>2005</ele></trkpt>
      <trkpt lat="38.747814" lon="105.91513"><ele>2010</ele></trkpt>
      <trkpt lat="38.747718" lon="105.915133"><ele>2012</ele></trkpt>
      <trkpt lat="38.747636" lon="105.915084"><ele>2011</ele></trkpt>
      <trkpt lat="38.747542" lon="105.915056"><ele>2013</ele></trkpt>
      <trkpt lat="38.747456" lon="105.91512"><ele>2015</ele></trkpt>
      <trkpt lat="38.747441" lon="105.915249"><ele>2018</ele></trkpt>
      <trkpt lat="38.747431" lon="105.915366"><ele>2025</ele></trkpt>
      <trkpt lat="38.747419" lon="105.915489"><ele>2032</ele></trkpt>
      <trkpt lat="38.747329" lon="105.915471"><ele>2025</ele></trkpt>
      <trkpt lat="38.747313" lon="105.915585"><ele>2024</ele></trkpt>
      <trkpt lat="38.747317" lon="105.915708"><ele>2029</ele></trkpt>
      <trkpt lat="38.747245" lon="105.915789"><ele>2032</ele></trkpt>
      <trkpt lat="38.747186" lon="105.91588"><ele>2034</ele></trkpt>
      <trkpt lat="38.747108" lon="105.915947"><ele>2033</ele></trkpt>
      <trkpt lat="38.747043" lon="105.915843"><ele>2043</ele></trkpt>
      <trkpt lat="38.746985" lon="105.91573"><ele>2045</ele></trkpt>
      <trkpt lat="38.747043" lon="105.915831"><ele>2043</ele></trkpt>
      <trkpt lat="38.74704" lon="105.915958"><ele>2039</ele></trkpt>
      <trkpt lat="38.747095" lon="105.916052"><ele>2039</ele></trkpt>
      <trkpt lat="38.747089" lon="105.916175"><ele>2034</ele></trkpt>
      <trkpt lat="38.747114" lon="105.916291"><ele>2025</ele></trkpt>
      <trkpt lat="38.747183" lon="105.916383"><ele>2021</ele></trkpt>
      <trkpt lat="38.74717" lon="105.916499"><ele>2016</ele></trkpt>
      <trkpt lat="38.747212" lon="105.916606"><ele>2012</ele></trkpt>
      <trkpt lat="38.747233" lon="105.916726"><ele>2008</ele></trkpt>
      <trkpt lat="38.747254" lon="105.916844"><ele>2007</ele></trkpt>
      <trkpt lat="38.747204" lon="105.916942"><ele>2000</ele></trkpt>
      <trkpt lat="38.747138" lon="105.916845"><ele>1996</ele></trkpt>
      <trkpt lat="38.747059" lon="105.916757"><ele>1997</ele></trkpt>
      <trkpt lat="38.746988" lon="105.916682"><ele>2001</ele></trkpt>
      <trkpt lat="38.746926" lon="105.916582"><ele>2002</ele></trkpt>
      <trkpt lat="38.746843" lon="105.916513"><ele>2000</ele></trkpt>
      <trkpt lat="38.746775" lon="105.916415"><ele>2006</ele></trkpt>
      <trkpt lat="38.74668" lon="105.916381"><ele>2012</ele></trkpt>
      <trkpt lat="38.746587" lon="105.916405"><ele>2014</ele></trkpt>
      <trkpt lat="38.7465" lon="105.916365"><ele>2016</ele></trkpt>
      <trkpt lat="38.746449" lon="105.916249"><ele>2017</ele></trkpt>
      <trkpt lat="38.74637" lon="105.916184"><ele>2018</ele></trkpt>
      <trkpt lat="38.746275" lon="105.916145"><ele>2025</ele></trkpt>
      <trkpt lat="38.746213" lon="105.916044"><ele>2025</ele></trkpt>
      <trkpt lat="38.746124" lon="105.91599"><ele>2032</ele></trkpt>
      <trkpt lat="38.746027" lon="105.915962"><ele>2030</ele></trkpt>
      <trkpt lat="38.745924" lon="105.915936"><ele>2034</ele></trkpt>
      <trkpt lat="38.745833" lon="105.915931"><ele>2039</ele></trkpt>
      <trkpt lat="38.745738" lon="105.915894"><ele>2045</ele></trkpt>
      <trkpt lat="38.745673" lon="105.915988"><ele>2045</ele></trkpt>
      <trkpt lat="38.745666" lon="105.916106"><ele>2050</ele></trkpt>
      <trkpt lat="38.745662" lon="105.916238"><ele>2054</ele></trkpt>
      <trkpt lat="38.745597" lon="105.916338"><ele>2058</ele></trkpt>
      <trkpt lat="38.74557" lon="105.916468"><ele>2061</ele></trkpt>
      <trkpt lat="38.7455" lon="105.91656"><ele>2064</ele></trkpt>
      <trkpt lat="38.745393" lon="105.916637"><ele>2066</ele></trkpt>
      <trkpt lat="38.745485" lon="105.916575"><ele>2070</ele></trkpt>
      <trkpt lat="38.745397" lon="105.916632"><ele>2071</ele></trkpt>
      <trkpt lat="38.745419" lon="105.916762"><ele>2072</ele></trkpt>
      <trkpt lat="38.745393" lon="105.916876"><ele>2074</ele></trkpt>
      <trkpt lat="38.745316" lon="105.916967"><ele>2075</ele></trkpt>
      <trkpt lat="38.74524" lon="105.917036"><ele>2078</ele></trkpt>
      <trkpt lat="38.745154" lon="105.917082"><ele>2078</ele></trkpt>
      <trkpt lat="38.7451" lon="105.916985"><ele>2078</ele></trkpt>
      <trkpt lat="38.745107" lon="105.916858"><ele>2078</ele></trkpt>
      <trkpt lat="38.745041" lon="105.916771"><ele>2081</ele></trkpt>
      <trkpt lat="38.744948" lon="105.916699"><ele>2086</ele></trkpt>
      <trkpt lat="38.744883" lon="105.916601"><ele>2088</ele></trkpt>
      <trkpt lat="38.744872" lon="105.916484"><ele>2091</ele></trkpt>
      <trkpt lat="38.744797" lon="105.916411"><ele>2096</ele></trkpt>
      <trkpt lat="38.744712" lon="105.916355"><ele>2098</ele></trkpt>
      <trkpt lat="38.744634" lon="105.916283"><ele>2104</ele></trkpt>
      <trkpt lat="38.744531" lon="105.916331"><ele>2106</ele></trkpt>
      <trkpt lat="38.744443" lon="105.916306"><ele>2113</ele></trkpt>
      <trkpt lat="38.744373" lon="105.916227"><ele>2114</ele></trkpt>
      <trkpt lat="38.744281" lon="105.916264"><ele>2116</ele></trkpt>
      <trkpt lat="38.744223" lon="105.916361"><ele>2118</ele></trkpt>
      <trkpt lat="38.744121" lon="105.916412"><ele>2122</ele></trkpt>
      <trkpt lat="38.744029" lon="105.916452"><ele>2120</ele></trkpt>
      <trkpt lat="38.744008" lon="105.916566"><ele>2128</ele></trkpt>
      <trkpt lat="38.743943" lon="105.91666"><ele>2131</ele></trkpt>
      <trkpt lat="38.743856" lon="105.916603"><ele>2134</ele></trkpt>
      <trkpt lat="38.743756" lon="105.916559"><ele>2133</ele></trkpt>
      <trkpt lat="38.743664" lon="105.916518"><ele>2138</ele></trkpt>
      <trkpt lat="38.743567" lon="105.916494"><ele>2141</ele></trkpt>
      <trkpt lat="38.743481" lon="105.916552"><ele>2144</ele></trkpt>
      <trkpt lat="38.743391" lon="105.916499"><ele>2144</ele></trkpt>
      <trkpt lat="38.74327" lon="105.916549"><ele>2145</ele></trkpt>
      <trkpt lat="38.743232" lon="105.916678"><ele>2153</ele></trkpt>
      <trkpt lat="38.7432" lon="105.916798"><ele>2152</ele></trkpt>
      <trkpt lat="38.74319" lon="105.916926"><ele>2152</ele></trkpt>
      <trkpt lat="38.743157" lon="105.917037"><ele>2152</ele></trkpt>
      <trkpt lat="38.743204" lon="105.916936"><ele>2153</ele></trkpt>
      <trkpt lat="38.743169" lon="105.916811"><ele>2152</ele></trkpt>
      <trkpt lat="38.743202" lon="105.916698"><ele>2151</ele></trkpt>
      <trkpt lat="38.743252" lon="105.916598"><ele>2149</ele></trkpt>
      <trkpt lat="38.743212" lon="105.916483"><ele>2150</ele></trkpt>
      <trkpt lat="38.743131" lon="105.916416"><ele>2152</ele></trkpt>
      <trkpt lat="38.743053" lon="105.916336"><ele>2150</ele></trkpt>
      <trkpt lat="38.743016" lon="105.916448"><ele>2149</ele></trkpt>
      <trkpt lat="38.743087" lon="105.916368"><ele>2153</ele></trkpt>
      <trkpt lat="38.743173" lon="105.916419"><ele>2151</ele></trkpt>
      <trkpt lat="38.743283" lon="105.916458"><ele>2149</ele></trkpt>
      <trkpt lat="38.743362" lon="105.916519"><ele>2148</ele></trkpt>
      <trkpt lat="38.743465" lon="105.916465"><ele>2145</ele></trkpt>
      <trkpt lat="38.743562" lon="105.916464"><ele>2138</ele></trkpt>
      <trkpt lat="38.743657" lon="105.916449"><ele>2137</ele></trkpt>
      <trkpt lat="38.743724" lon="105.916554"><ele>2137</ele></trkpt>
      <trkpt lat="38.743822" lon="105.916547"><ele>2136</ele></trkpt>
      <trkpt lat="38.743902" lon="105.91662"><ele>2134</ele></trkpt>
      <trkpt lat="38.743999" lon="105.916654"><ele>2131</ele></trkpt>
      <trkpt lat="38.743997" lon="105.916527"><ele>2124</ele></trkpt>
      <trkpt lat="38.744079" lon="105.916469"><ele>2125</ele></trkpt>
      <trkpt lat="38.744124" lon="105.916357"><ele>2123</ele></trkpt>
      <trkpt lat="38.744221" lon="105.916354"><ele>2115</ele></trkpt>
      <trkpt lat="38.744288" lon="105.916273"><ele>2112</ele></trkpt>
      <trkpt lat="38.744367" lon="105.916216"><ele>2111</ele></trkpt>
      <trkpt lat="38.744451" lon="105.916299"><ele>2114</ele></trkpt>
      <trkpt lat="38.744541" lon="105.91631"><ele>2108</ele></trkpt>
      <trkpt lat="38.744633" lon="105.91629"><ele>2107</ele></trkpt>
      <trkpt lat="38.744736" lon="105.916318"><ele>2106</ele></trkpt>
      <trkpt lat="38.744784" lon="105.916423"><ele>2098</ele></trkpt>
      <trkpt lat="38.744821" lon="105.91653"><ele>2097</ele></trkpt>
      <trkpt lat="38.744899" lon="105.916597"><ele>2091</ele></trkpt>
      <trkpt lat="38.744944" lon="105.916719"><ele>2086</ele></trkpt>
      <trkpt lat="38.74501" lon="105.916815"><ele>2088</ele></trkpt>
      <trkpt lat="38.745099" lon="105.916855"><ele>2083</ele></trkpt>
      <trkpt lat="38.745119" lon="105.916988"><ele>2082</ele></trkpt>
      <trkpt lat="38.745194" lon="105.917062"><ele>2078</ele></trkpt>
      <trkpt lat="38.745263" lon="105.916988"><ele>2077</ele></trkpt>
      <trkpt lat="38.74535" lon="105.916921"><ele>2072</ele></trkpt>
      <trkpt lat="38.745427" lon="105.916834"><ele>2071</ele></trkpt>
      <trkpt lat="38.745395" lon="105.91672"><ele>2071</ele></trkpt>
      <trkpt lat="38.745465" lon="105.916624"><ele>2064</ele></trkpt>
      <trkpt lat="38.7455" lon="105.916509"><ele>2066</ele></trkpt>
      <trkpt lat="38.745581" lon="105.916449"><ele>2060</ele></trkpt>
      <trkpt lat="38.745595" lon="105.916328"><ele>2053</ele></trkpt>
      <trkpt lat="38.745671" lon="105.916242"><ele>2050</ele></trkpt>
      <trkpt lat="38.745669" lon="105.91611"><ele>2053</ele></trkpt>
      <trkpt lat="38.745674" lon="105.91596"><ele>2047</ele></trkpt>
      <trkpt lat="38.745664" lon="105.915841"><ele>2041</ele></trkpt>
      <trkpt lat="38.745775" lon="105.915928"><ele>2041</ele></trkpt>
      <trkpt lat="38.745866" lon="105.915913"><ele>2037</ele></trkpt>
      <trkpt lat="38.745968" lon="105.915964"><ele>2038</ele></trkpt>
      <trkpt lat="38.746071" lon="105.915989"><ele>2034</ele></trkpt>
      <trkpt lat="38.74617" lon="105.915992"><ele>2033</ele></trkpt>
      <trkpt lat="38.746232" lon="105.916098"><ele>2039</ele></trkpt>
      <trkpt lat="38.746319" lon="105.916146"><ele>2029</ele></trkpt>
      <trkpt lat="38.746387" lon="105.916224"><ele>2026</ele></trkpt>
      <trkpt lat="38.746474" lon="105.916256"><ele>2019</ele></trkpt>
      <trkpt lat="38.746517" lon="105.916364"><ele>2018</ele></trkpt>
      <trkpt lat="38.746618" lon="105.916376"><ele>2015</ele></trkpt>
      <trkpt lat="38.746738" lon="105.916341"><ele>2012</ele></trkpt>
      <trkpt lat="38.746786" lon="105.916446"><ele>2005</ele></trkpt>
      <trkpt lat="38.746872" lon="105.916513"><ele>2005</ele></trkpt>
      <trkpt lat="38.746947" lon="105.916593"><ele>2002</ele></trkpt>
      <trkpt lat="38.747007" lon="105.916702"><ele>2003</ele></trkpt>
      <trkpt lat="38.747088" lon="105.916798"><ele>2000</ele></trkpt>
      <trkpt lat="38.747159" lon="105.916871"><ele>2002</ele></trkpt>
      <trkpt lat="38.747229" lon="105.916955"><ele>2000</ele></trkpt>
      <trkpt lat="38.747317" lon="105.917012"><ele>1999</ele></trkpt>
      <trkpt lat="38.747409" lon="105.917029"><ele>1998</ele></trkpt>
      <trkpt lat="38.747507" lon="105.91702"><ele>1988</ele></trkpt>
      <trkpt lat="38.747565" lon="105.916932"><ele>1988</ele></trkpt>
      <trkpt lat="38.747646" lon="105.916872"><ele>1985</ele></trkpt>
      <trkpt lat="38.747639" lon="105.916748"><ele>1985</ele></trkpt>
      <trkpt lat="38.74769" lon="105.916652"><ele>1979</ele></trkpt>
      <trkpt lat="38.747786" lon="105.916612"><ele>1982</ele></trkpt>
      <trkpt lat="38.747878" lon="105.916617"><ele>1977</ele></trkpt>
      <trkpt lat="38.747964" lon="105.916561"><ele>1975</ele></trkpt>
      <trkpt lat="38.748008" lon="105.916459"><ele>1959</ele></trkpt>
      <trkpt lat="38.748079" lon="105.91637"><ele>1960</ele></trkpt>
      <trkpt lat="38.74817" lon="105.9164"><ele>1969</ele></trkpt>
      <trkpt lat="38.748253" lon="105.916461"><ele>1964</ele></trkpt>
      <trkpt lat="38.748331" lon="105.916548"><ele>1958</ele></trkpt>
      <trkpt lat="38.748418" lon="105.916589"><ele>1959</ele></trkpt>
      <trkpt lat="38.748506" lon="105.916623"><ele>1962</ele></trkpt>
      <trkpt lat="38.748568" lon="105.916734"><ele>1960</ele></trkpt>
      <trkpt lat="38.748642" lon="105.91682"><ele>1959</ele></trkpt>
      <trkpt lat="38.748717" lon="105.916902"><ele>1957</ele></trkpt>
      <trkpt lat="38.748796" lon="105.916981"><ele>1956</ele></trkpt>
      <trkpt lat="38.748879" lon="105.917054"><ele>1953</ele></trkpt>
      <trkpt lat="38.748966" lon="105.917143"><ele>1950</ele></trkpt>
      <trkpt lat="38.748966" lon="105.917021"><ele>1949</ele></trkpt>
      <trkpt lat="38.748999" lon="105.916906"><ele>1950</ele></trkpt>
      <trkpt lat="38.748949" lon="105.917007"><ele>1947</ele></trkpt>
      <trkpt lat="38.748894" lon="105.916898"><ele>1948</ele></trkpt>
      <trkpt lat="38.748847" lon="105.916757"><ele>1952</ele></trkpt>
      <trkpt lat="38.748936" lon="105.916737"><ele>1954</ele></trkpt>
      <trkpt lat="38.748983" lon="105.916841"><ele>1954</ele></trkpt>
      <trkpt lat="38.749024" lon="105.916956"><ele>1956</ele></trkpt>
      <trkpt lat="38.748993" lon="105.917082"><ele>1955</ele></trkpt>
      <trkpt lat="38.748979" lon="105.91723"><ele>1953</ele></trkpt>
      <trkpt lat="38.748982" lon="105.917411"><ele>1950</ele></trkpt>
      <trkpt lat="38.748967" lon="105.917552"><ele>1947</ele></trkpt>
      <trkpt lat="38.748917" lon="105.917678"><ele>1946</ele></trkpt>
      <trkpt lat="38.748866" lon="105.917807"><ele>1947</ele></trkpt>
      <trkpt lat="38.74881" lon="105.917928"><ele>1945</ele></trkpt>
      <trkpt lat="38.748734" lon="105.918053"><ele>1944</ele></trkpt>
      <trkpt lat="38.748645" lon="105.918166"><ele>1941</ele></trkpt>
      <trkpt lat="38.748577" lon="105.918339"><ele>1942</ele></trkpt>
      <trkpt lat="38.748454" lon="105.918424"><ele>1939</ele></trkpt>
      <trkpt lat="38.748335" lon="105.91849"><ele>1935</ele></trkpt>
      <trkpt lat="38.748189" lon="105.918566"><ele>1934</ele></trkpt>
      <trkpt lat="38.748041" lon="105.918647"><ele>1931</ele></trkpt>
      <trkpt lat="38.747965" lon="105.918726"><ele>1932</ele></trkpt>
      <trkpt lat="38.747832" lon="105.918819"><ele>1931</ele></trkpt>
      <trkpt lat="38.747707" lon="105.918934"><ele>1930</ele></trkpt>
      <trkpt lat="38.747589" lon="105.919035"><ele>1928</ele></trkpt>
      <trkpt lat="38.747455" lon="105.919131"><ele>1928</ele></trkpt>
      <trkpt lat="38.747362" lon="105.919245"><ele>1927</ele></trkpt>
      <trkpt lat="38.747327" lon="105.919376"><ele>1925</ele></trkpt>
      <trkpt lat="38.747327" lon="105.919532"><ele>1923</ele></trkpt>
      <trkpt lat="38.747351" lon="105.919692"><ele>1921</ele></trkpt>
      <trkpt lat="38.747394" lon="105.919805"><ele>1917</ele></trkpt>
      <trkpt lat="38.747479" lon="105.919921"><ele>1915</ele></trkpt>
      <trkpt lat="38.747582" lon="105.920007"><ele>1914</ele></trkpt>
      <trkpt lat="38.747672" lon="105.920153"><ele>1912</ele></trkpt>
      <trkpt lat="38.747698" lon="105.920308"><ele>1912</ele></trkpt>
      <trkpt lat="38.747638" lon="105.920477"><ele>1911</ele></trkpt>
      <trkpt lat="38.747532" lon="105.92061"><ele>1907</ele></trkpt>
      <trkpt lat="38.747469" lon="105.920768"><ele>1905</ele></trkpt>
      <trkpt lat="38.747397" lon="105.920932"><ele>1903</ele></trkpt>
      <trkpt lat="38.747326" lon="105.921135"><ele>1900</ele></trkpt>
      <trkpt lat="38.747284" lon="105.92125"><ele>1897</ele></trkpt>
      <trkpt lat="38.747197" lon="105.921445"><ele>1895</ele></trkpt>
      <trkpt lat="38.747147" lon="105.921645"><ele>1895</ele></trkpt>
      <trkpt lat="38.747093" lon="105.921853"><ele>1891</ele></trkpt>
      <trkpt lat="38.747041" lon="105.922049"><ele>1889</ele></trkpt>
      <trkpt lat="38.746974" lon="105.922238"><ele>1888</ele></trkpt>
      <trkpt lat="38.746922" lon="105.922441"><ele>1885</ele></trkpt>
      <trkpt lat="38.746876" lon="105.922627"><ele>1884</ele></trkpt>
      <trkpt lat="38.746838" lon="105.922795"><ele>1881</ele></trkpt>
      <trkpt lat="38.746821" lon="105.922986"><ele>1882</ele></trkpt>
      <trkpt lat="38.746896" lon="105.923139"><ele>1879</ele></trkpt>
      <trkpt lat="38.746975" lon="105.92327"><ele>1877</ele></trkpt>
      <trkpt lat="38.746999" lon="105.923427"><ele>1875</ele></trkpt>
      <trkpt lat="38.746971" lon="105.923624"><ele>1874</ele></trkpt>
      <trkpt lat="38.746908" lon="105.923825"><ele>1874</ele></trkpt>
      <trkpt lat="38.746866" lon="105.923942"><ele>1874</ele></trkpt>
      <trkpt lat="38.746823" lon="105.924067"><ele>1875</ele></trkpt>
      <trkpt lat="38.746766" lon="105.924232"><ele>1875</ele></trkpt>
      <trkpt lat="38.746716" lon="105.924413"><ele>1876</ele></trkpt>
      <trkpt lat="38.746697" lon="105.924616"><ele>1871</ele></trkpt>
      <trkpt lat="38.746693" lon="105.924776"><ele>1872</ele></trkpt>
      <trkpt lat="38.746718" lon="105.924894"><ele>1871</ele></trkpt>
      <trkpt lat="38.746749" lon="105.925004"><ele>1870</ele></trkpt>
      <trkpt lat="38.746801" lon="105.92523"><ele>1869</ele></trkpt>
      <trkpt lat="38.746832" lon="105.925365"><ele>1867</ele></trkpt>
      <trkpt lat="38.746852" lon="105.925566"><ele>1864</ele></trkpt>
      <trkpt lat="38.74687" lon="105.925704"><ele>1862</ele></trkpt>
      <trkpt lat="38.746894" lon="105.925828"><ele>1857</ele></trkpt>
      <trkpt lat="38.746889" lon="105.925989"><ele>1854</ele></trkpt>
      <trkpt lat="38.746907" lon="105.926178"><ele>1852</ele></trkpt>
      <trkpt lat="38.746955" lon="105.926391"><ele>1850</ele></trkpt>
      <trkpt lat="38.746974" lon="105.926595"><ele>1848</ele></trkpt>
      <trkpt lat="38.746843" lon="105.926843"><ele>1847</ele></trkpt>
      <trkpt lat="38.747111" lon="105.927136"><ele>1844</ele></trkpt>
      <trkpt lat="38.747163" lon="105.927313"><ele>1843</ele></trkpt>
      <trkpt lat="38.747059" lon="105.927688"><ele>1841</ele></trkpt>
      <trkpt lat="38.747062" lon="105.92788"><ele>1840</ele></trkpt>
      <trkpt lat="38.746856" lon="105.927967"><ele>1838</ele></trkpt>
      <trkpt lat="38.746696" lon="105.927909"><ele>1827</ele></trkpt>
      <trkpt lat="38.746621" lon="105.927783"><ele>1824</ele></trkpt>
      <trkpt lat="38.746512" lon="105.927619"><ele>1820</ele></trkpt>
      <trkpt lat="38.746416" lon="105.927617"><ele>1819</ele></trkpt>
      <trkpt lat="38.746479" lon="105.92774"><ele>1819</ele></trkpt>
      <trkpt lat="38.746386" lon="105.927573"><ele>1826</ele></trkpt>
      <trkpt lat="38.746282" lon="105.927548"><ele>1834</ele></trkpt>
      <trkpt lat="38.746366" lon="105.927645"><ele>1839</ele></trkpt>
      <trkpt lat="38.746458" lon="105.927788"><ele>1839</ele></trkpt>
      <trkpt lat="38.746576" lon="105.927837"><ele>1839</ele></trkpt>
      <trkpt lat="38.746655" lon="105.927934"><ele>1840</ele></trkpt>
      <trkpt lat="38.746552" lon="105.927883"><ele>1837</ele></trkpt>
      <trkpt lat="38.746455" lon="105.927872"><ele>1834</ele></trkpt>
      <trkpt lat="38.746319" lon="105.927965"><ele>1832</ele></trkpt>
      <trkpt lat="38.746182" lon="105.92806"><ele>1830</ele></trkpt>
      <trkpt lat="38.745822" lon="105.928043"><ele>1823</ele></trkpt>
      <trkpt lat="38.745744" lon="105.928105"><ele>1822</ele></trkpt>
      <trkpt lat="38.745598" lon="105.928177"><ele>1821</ele></trkpt>
      <trkpt lat="38.74549" lon="105.928115"><ele>1820</ele></trkpt>
      <trkpt lat="38.745381" lon="105.928003"><ele>1819</ele></trkpt>
      <trkpt lat="38.74527" lon="105.92785"><ele>1818</ele></trkpt>
      <trkpt lat="38.745168" lon="105.927711"><ele>1818</ele></trkpt>
      <trkpt lat="38.745066" lon="105.927571"><ele>1816</ele></trkpt>
      <trkpt lat="38.744922" lon="105.927526"><ele>1813</ele></trkpt>
      <trkpt lat="38.744775" lon="105.927516"><ele>1811</ele></trkpt>
      <trkpt lat="38.74469" lon="105.927433"><ele>1808</ele></trkpt>
      <trkpt lat="38.744536" lon="105.927553"><ele>1806</ele></trkpt>
      <trkpt lat="38.74446" lon="105.927715"><ele>1806</ele></trkpt>
      <trkpt lat="38.744542" lon="105.927782"><ele>1805</ele></trkpt>
      <trkpt lat="38.744547" lon="105.927948"><ele>1804</ele></trkpt>
      <trkpt lat="38.744544" lon="105.928131"><ele>1803</ele></trkpt>
      <trkpt lat="38.744546" lon="105.928339"><ele>1803</ele></trkpt>
      <trkpt lat="38.74452" lon="105.928469"><ele>1801</ele></trkpt>
      <trkpt lat="38.744491" lon="105.928604"><ele>1797</ele></trkpt>
      <trkpt lat="38.744445" lon="105.928752"><ele>1797</ele></trkpt>
      <trkpt lat="38.744299" lon="105.928816"><ele>1792</ele></trkpt>
      <trkpt lat="38.744204" lon="105.928838"><ele>1787</ele></trkpt>
      <trkpt lat="38.744123" lon="105.928775"><ele>1785</ele></trkpt>
      <trkpt lat="38.744014" lon="105.928749"><ele>1785</ele></trkpt>
      <trkpt lat="38.743896" lon="105.92876"><ele>1784</ele></trkpt>
      <trkpt lat="38.743778" lon="105.928765"><ele>1785</ele></trkpt>
      <trkpt lat="38.743649" lon="105.928741"><ele>1784</ele></trkpt>
      <trkpt lat="38.743543" lon="105.928787"><ele>1780</ele></trkpt>
      <trkpt lat="38.743432" lon="105.928825"><ele>1782</ele></trkpt>
      <trkpt lat="38.74338" lon="105.928949"><ele>1785</ele></trkpt>
      <trkpt lat="38.743329" lon="105.929076"><ele>1783</ele></trkpt>
      <trkpt lat="38.743335" lon="105.929276"><ele>1781</ele></trkpt>
      <trkpt lat="38.743254" lon="105.929462"><ele>1781</ele></trkpt>
      <trkpt lat="38.743352" lon="105.929645"><ele>1779</ele></trkpt>
      <trkpt lat="38.743411" lon="105.929792"><ele>1777</ele></trkpt>
      <trkpt lat="38.743485" lon="105.929922"><ele>1778</ele></trkpt>
      <trkpt lat="38.743607" lon="105.930056"><ele>1779</ele></trkpt>
      <trkpt lat="38.743547" lon="105.930244"><ele>1780</ele></trkpt>
      <trkpt lat="38.743483" lon="105.930363"><ele>1778</ele></trkpt>
      <trkpt lat="38.743311" lon="105.930391"><ele>1773</ele></trkpt>
      <trkpt lat="38.743205" lon="105.930509"><ele>1771</ele></trkpt>
      <trkpt lat="38.743163" lon="105.930652"><ele>1767</ele></trkpt>
      <trkpt lat="38.743134" lon="105.930785"><ele>1763</ele></trkpt>
      <trkpt lat="38.743115" lon="105.930997"><ele>1757</ele></trkpt>
      <trkpt lat="38.743196" lon="105.931177"><ele>1754</ele></trkpt>
      <trkpt lat="38.743311" lon="105.931343"><ele>1752</ele></trkpt>
      <trkpt lat="38.743437" lon="105.931509"><ele>1751</ele></trkpt>
      <trkpt lat="38.743514" lon="105.93159"><ele>1751</ele></trkpt>
      <trkpt lat="38.7436" lon="105.93165"><ele>1751</ele></trkpt>
      <trkpt lat="38.743693" lon="105.931749"><ele>1749</ele></trkpt>
      <trkpt lat="38.743835" lon="105.931862"><ele>1747</ele></trkpt>
      <trkpt lat="38.743912" lon="105.931931"><ele>1745</ele></trkpt>
      <trkpt lat="38.743991" lon="105.931986"><ele>1745</ele></trkpt>
      <trkpt lat="38.744072" lon="105.932038"><ele>1746</ele></trkpt>
      <trkpt lat="38.744137" lon="105.93214"><ele>1745</ele></trkpt>
      <trkpt lat="38.744192" lon="105.932236"><ele>1744</ele></trkpt>
      <trkpt lat="38.744258" lon="105.932413"><ele>1746</ele></trkpt>
      <trkpt lat="38.744306" lon="105.932624"><ele>1744</ele></trkpt>
      <trkpt lat="38.74433" lon="105.932745"><ele>1744</ele></trkpt>
      <trkpt lat="38.744354" lon="105.932872"><ele>1743</ele></trkpt>
      <trkpt lat="38.744378" lon="105.932995"><ele>1743</ele></trkpt>
      <trkpt lat="38.744418" lon="105.933231"><ele>1742</ele></trkpt>
      <trkpt lat="38.744433" lon="105.933367"><ele>1741</ele></trkpt>
      <trkpt lat="38.744449" lon="105.933508"><ele>1738</ele></trkpt>
      <trkpt lat="38.744472" lon="105.933718"><ele>1739</ele></trkpt>
      <trkpt lat="38.744483" lon="105.933939"><ele>1736</ele></trkpt>
      <trkpt lat="38.744481" lon="105.934063"><ele>1735</ele></trkpt>
      <trkpt lat="38.74449" lon="105.934194"><ele>1734</ele></trkpt>
      <trkpt lat="38.7445" lon="105.934329"><ele>1733</ele></trkpt>
      <trkpt lat="38.744499" lon="105.934458"><ele>1731</ele></trkpt>
      <trkpt lat="38.7445" lon="105.934591"><ele>1729</ele></trkpt>
      <trkpt lat="38.74451" lon="105.934728"><ele>1729</ele></trkpt>
      <trkpt lat="38.744534" lon="105.934868"><ele>1729</ele></trkpt>
      <trkpt lat="38.744532" lon="105.935124"><ele>1729</ele></trkpt>
      <trkpt lat="38.744532" lon="105.935264"><ele>1730</ele></trkpt>
      <trkpt lat="38.744522" lon="105.935392"><ele>1728</ele></trkpt>
      <trkpt lat="38.7445" lon="105.935586"><ele>1729</ele></trkpt>
      <trkpt lat="38.74449" lon="105.935704"><ele>1730</ele></trkpt>
      <trkpt lat="38.744458" lon="105.935851"><ele>1731</ele></trkpt>
      <trkpt lat="38.744427" lon="105.935973"><ele>1732</ele></trkpt>
      <trkpt lat="38.744337" lon="105.936278"><ele>1732</ele></trkpt>
      <trkpt lat="38.744287" lon="105.936411"><ele>1733</ele></trkpt>
      <trkpt lat="38.744166" lon="105.936626"><ele>1731</ele></trkpt>
      <trkpt lat="38.744109" lon="105.93673"><ele>1731</ele></trkpt>
      <trkpt lat="38.744061" lon="105.936855"><ele>1728</ele></trkpt>
      <trkpt lat="38.744001" lon="105.936972"><ele>1728</ele></trkpt>
      <trkpt lat="38.743925" lon="105.937092"><ele>1728</ele></trkpt>
      <trkpt lat="38.743862" lon="105.937222"><ele>1728</ele></trkpt>
      <trkpt lat="38.743797" lon="105.937374"><ele>1725</ele></trkpt>
      <trkpt lat="38.743618" lon="105.937572"><ele>1724</ele></trkpt>
      <trkpt lat="38.743548" lon="105.937668"><ele>1724</ele></trkpt>
      <trkpt lat="38.74347" lon="105.937929"><ele>1724</ele></trkpt>
      <trkpt lat="38.743401" lon="105.938017"><ele>1724</ele></trkpt>
      <trkpt lat="38.743317" lon="105.938124"><ele>1724</ele></trkpt>
      <trkpt lat="38.743128" lon="105.938379"><ele>1708</ele></trkpt>
      <trkpt lat="38.743046" lon="105.938489"><ele>1707</ele></trkpt>
      <trkpt lat="38.742974" lon="105.938605"><ele>1706</ele></trkpt>
      <trkpt lat="38.742896" lon="105.938711"><ele>1706</ele></trkpt>
      <trkpt lat="38.742828" lon="105.938814"><ele>1705</ele></trkpt>
      <trkpt lat="38.742753" lon="105.938925"><ele>1705</ele></trkpt>
      <trkpt lat="38.742648" lon="105.93903"><ele>1707</ele></trkpt>
      <trkpt lat="38.742579" lon="105.939135"><ele>1708</ele></trkpt>
      <trkpt lat="38.742483" lon="105.939235"><ele>1707</ele></trkpt>
      <trkpt lat="38.742407" lon="105.939342"><ele>1707</ele></trkpt>
      <trkpt lat="38.742331" lon="105.939469"><ele>1703</ele></trkpt>
      <trkpt lat="38.742207" lon="105.939642"><ele>1701</ele></trkpt>
      <trkpt lat="38.742133" lon="105.939747"><ele>1701</ele></trkpt>
      <trkpt lat="38.742053" lon="105.939855"><ele>1701</ele></trkpt>
      <trkpt lat="38.741982" lon="105.939951"><ele>1701</ele></trkpt>
      <trkpt lat="38.741917" lon="105.94004"><ele>1701</ele></trkpt>
      <trkpt lat="38.7418" lon="105.940212"><ele>1701</ele></trkpt>
      <trkpt lat="38.741732" lon="105.940303"><ele>1699</ele></trkpt>
      <trkpt lat="38.741603" lon="105.940476"><ele>1698</ele></trkpt>
      <trkpt lat="38.741539" lon="105.940561"><ele>1696</ele></trkpt>
      <trkpt lat="38.741469" lon="105.940654"><ele>1695</ele></trkpt>
      <trkpt lat="38.741402" lon="105.940745"><ele>1695</ele></trkpt>
      <trkpt lat="38.741335" lon="105.940834"><ele>1696</ele></trkpt>
      <trkpt lat="38.741268" lon="105.940922"><ele>1695</ele></trkpt>
      <trkpt lat="38.741149" lon="105.941081"><ele>1694</ele></trkpt>
      <trkpt lat="38.741034" lon="105.941233"><ele>1693</ele></trkpt>
      <trkpt lat="38.740917" lon="105.941387"><ele>1692</ele></trkpt>
      <trkpt lat="38.740852" lon="105.941471"><ele>1692</ele></trkpt>
      <trkpt lat="38.740786" lon="105.941557"><ele>1692</ele></trkpt>
      <trkpt lat="38.740712" lon="105.94165"><ele>1692</ele></trkpt>
      <trkpt lat="38.740638" lon="105.941743"><ele>1693</ele></trkpt>
      <trkpt lat="38.740566" lon="105.941831"><ele>1693</ele></trkpt>
      <trkpt lat="38.740492" lon="105.941919"><ele>1692</ele></trkpt>
      <trkpt lat="38.740407" lon="105.942005"><ele>1693</ele></trkpt>
      <trkpt lat="38.740317" lon="105.942087"><ele>1693</ele></trkpt>
      <trkpt lat="38.740239" lon="105.942153"><ele>1692</ele></trkpt>
      <trkpt lat="38.740148" lon="105.942222"><ele>1691</ele></trkpt>
      <trkpt lat="38.740049" lon="105.942287"><ele>1690</ele></trkpt>
      <trkpt lat="38.73995" lon="105.942347"><ele>1690</ele></trkpt>
      <trkpt lat="38.739853" lon="105.942406"><ele>1690</ele></trkpt>
      <trkpt lat="38.739759" lon="105.942471"><ele>1688</ele></trkpt>
      <trkpt lat="38.739667" lon="105.942537"><ele>1687</ele></trkpt>
      <trkpt lat="38.739559" lon="105.942613"><ele>1687</ele></trkpt>
      <trkpt lat="38.739455" lon="105.942687"><ele>1686</ele></trkpt>
      <trkpt lat="38.739355" lon="105.942765"><ele>1685</ele></trkpt>
      <trkpt lat="38.739243" lon="105.942858"><ele>1687</ele></trkpt>
      <trkpt lat="38.739136" lon="105.942953"><ele>1687</ele></trkpt>
      <trkpt lat="38.739058" lon="105.943032"><ele>1685</ele></trkpt>
      <trkpt lat="38.738971" lon="105.943132"><ele>1684</ele></trkpt>
      <trkpt lat="38.738886" lon="105.943231"><ele>1684</ele></trkpt>
      <trkpt lat="38.7388" lon="105.943337"><ele>1683</ele></trkpt>
      <trkpt lat="38.738721" lon="105.943436"><ele>1682</ele></trkpt>
      <trkpt lat="38.738633" lon="105.943546"><ele>1682</ele></trkpt>
      <trkpt lat="38.738557" lon="105.943643"><ele>1681</ele></trkpt>
      <trkpt lat="38.73848" lon="105.943745"><ele>1680</ele></trkpt>
      <trkpt lat="38.738406" lon="105.94385"><ele>1680</ele></trkpt>
      <trkpt lat="38.738342" lon="105.943949"><ele>1679</ele></trkpt>
      <trkpt lat="38.738295" lon="105.944047"><ele>1678</ele></trkpt>
      <trkpt lat="38.738226" lon="105.944123"><ele>1677</ele></trkpt>
      <trkpt lat="38.738161" lon="105.944252"><ele>1678</ele></trkpt>
      <trkpt lat="38.738103" lon="105.944366"><ele>1676</ele></trkpt>
      <trkpt lat="38.738081" lon="105.944481"><ele>1675</ele></trkpt>
      <trkpt lat="38.738043" lon="105.944602"><ele>1675</ele></trkpt>
      <trkpt lat="38.738022" lon="105.944833"><ele>1672</ele></trkpt>
      <trkpt lat="38.737995" lon="105.944963"><ele>1671</ele></trkpt>
      <trkpt lat="38.738" lon="105.945083"><ele>1673</ele></trkpt>
      <trkpt lat="38.737991" lon="105.945215"><ele>1672</ele></trkpt>
      <trkpt lat="38.737983" lon="105.945342"><ele>1672</ele></trkpt>
      <trkpt lat="38.737974" lon="105.945459"><ele>1675</ele></trkpt>
      <trkpt lat="38.737967" lon="105.945594"><ele>1675</ele></trkpt>
      <trkpt lat="38.737966" lon="105.945722"><ele>1673</ele></trkpt>
      <trkpt lat="38.737986" lon="105.945849"><ele>1674</ele></trkpt>
      <trkpt lat="38.737987" lon="105.945974"><ele>1674</ele></trkpt>
      <trkpt lat="38.737958" lon="105.946206"><ele>1673</ele></trkpt>
      <trkpt lat="38.737957" lon="105.946359"><ele>1672</ele></trkpt>
      <trkpt lat="38.737912" lon="105.946569"><ele>1671</ele></trkpt>
      <trkpt lat="38.737894" lon="105.94669"><ele>1672</ele></trkpt>
      <trkpt lat="38.737883" lon="105.946808"><ele>1674</ele></trkpt>
      <trkpt lat="38.737882" lon="105.946931"><ele>1671</ele></trkpt>
      <trkpt lat="38.7379" lon="105.947047"><ele>1670</ele></trkpt>
      <trkpt lat="38.737917" lon="105.947176"><ele>1670</ele></trkpt>
      <trkpt lat="38.737934" lon="105.94731"><ele>1670</ele></trkpt>
      <trkpt lat="38.737949" lon="105.947432"><ele>1670</ele></trkpt>
      <trkpt lat="38.737984" lon="105.947673"><ele>1669</ele></trkpt>
      <trkpt lat="38.738008" lon="105.947797"><ele>1668</ele></trkpt>
      <trkpt lat="38.73801" lon="105.948029"><ele>1669</ele></trkpt>
      <trkpt lat="38.738001" lon="105.94816"><ele>1668</ele></trkpt>
      <trkpt lat="38.738022" lon="105.948281"><ele>1667</ele></trkpt>
      <trkpt lat="38.737971" lon="105.948401"><ele>1668</ele></trkpt>
      <trkpt lat="38.737948" lon="105.948519"><ele>1668</ele></trkpt>
      <trkpt lat="38.737917" lon="105.948628"><ele>1666</ele></trkpt>
      <trkpt lat="38.73787" lon="105.948846"><ele>1668</ele></trkpt>
      <trkpt lat="38.737868" lon="105.948966"><ele>1666</ele></trkpt>
      <trkpt lat="38.737915" lon="105.949183"><ele>1663</ele></trkpt>
      <trkpt lat="38.737972" lon="105.949287"><ele>1665</ele></trkpt>
      <trkpt lat="38.738053" lon="105.949418"><ele>1666</ele></trkpt>
      <trkpt lat="38.738118" lon="105.949547"><ele>1667</ele></trkpt>
      <trkpt lat="38.738167" lon="105.949685"><ele>1668</ele></trkpt>
      <trkpt lat="38.738216" lon="105.949806"><ele>1665</ele></trkpt>
      <trkpt lat="38.738253" lon="105.949913"><ele>1665</ele></trkpt>
      <trkpt lat="38.738313" lon="105.95002"><ele>1665</ele></trkpt>
      <trkpt lat="38.738392" lon="105.950122"><ele>1664</ele></trkpt>
      <trkpt lat="38.738441" lon="105.950231"><ele>1665</ele></trkpt>
      <trkpt lat="38.738496" lon="105.950352"><ele>1664</ele></trkpt>
      <trkpt lat="38.73853" lon="105.950474"><ele>1663</ele></trkpt>
      <trkpt lat="38.738568" lon="105.950579"><ele>1662</ele></trkpt>
      <trkpt lat="38.738604" lon="105.950753"><ele>1661</ele></trkpt>
      <trkpt lat="38.738605" lon="105.950902"><ele>1661</ele></trkpt>
      <trkpt lat="38.738583" lon="105.951013"><ele>1661</ele></trkpt>
      <trkpt lat="38.738509" lon="105.951145"><ele>1660</ele></trkpt>
      <trkpt lat="38.73818" lon="105.95144"><ele>1658</ele></trkpt>
      <trkpt lat="38.73809" lon="105.95148"><ele>1657</ele></trkpt>
      <trkpt lat="38.738003" lon="105.951517"><ele>1655</ele></trkpt>
      <trkpt lat="38.737905" lon="105.951555"><ele>1653</ele></trkpt>
      <trkpt lat="38.737796" lon="105.951596"><ele>1653</ele></trkpt>
      <trkpt lat="38.737687" lon="105.951637"><ele>1653</ele></trkpt>
      <trkpt lat="38.737587" lon="105.951675"><ele>1650</ele></trkpt>
      <trkpt lat="38.73748" lon="105.951716"><ele>1648</ele></trkpt>
      <trkpt lat="38.737375" lon="105.951756"><ele>1647</ele></trkpt>
      <trkpt lat="38.73726" lon="105.951801"><ele>1646</ele></trkpt>
      <trkpt lat="38.737155" lon="105.951848"><ele>1645</ele></trkpt>
      <trkpt lat="38.737046" lon="105.951896"><ele>1645</ele></trkpt>
      <trkpt lat="38.736948" lon="105.951939"><ele>1642</ele></trkpt>
      <trkpt lat="38.736846" lon="105.951985"><ele>1641</ele></trkpt>
      <trkpt lat="38.736742" lon="105.952029"><ele>1640</ele></trkpt>
      <trkpt lat="38.736654" lon="105.952067"><ele>1633</ele></trkpt>
      <trkpt lat="38.736554" lon="105.952109"><ele>1631</ele></trkpt>
      <trkpt lat="38.736453" lon="105.952152"><ele>1630</ele></trkpt>
      <trkpt lat="38.736347" lon="105.952197"><ele>1630</ele></trkpt>
      <trkpt lat="38.736254" lon="105.952272"><ele>1630</ele></trkpt>
      <trkpt lat="38.736157" lon="105.952318"><ele>1629</ele></trkpt>
      <trkpt lat="38.736061" lon="105.952354"><ele>1628</ele></trkpt>
      <trkpt lat="38.735961" lon="105.952394"><ele>1628</ele></trkpt>
      <trkpt lat="38.735862" lon="105.952436"><ele>1628</ele></trkpt>
      <trkpt lat="38.735762" lon="105.952489"><ele>1627</ele></trkpt>
      <trkpt lat="38.735662" lon="105.952541"><ele>1626</ele></trkpt>
      <trkpt lat="38.735556" lon="105.952589"><ele>1627</ele></trkpt>
      <trkpt lat="38.73546" lon="105.952668"><ele>1627</ele></trkpt>
      <trkpt lat="38.735364" lon="105.952716"><ele>1627</ele></trkpt>
      <trkpt lat="38.735196" lon="105.952824"><ele>1625</ele></trkpt>
      <trkpt lat="38.735099" lon="105.952926"><ele>1628</ele></trkpt>
      <trkpt lat="38.734926" lon="105.953044"><ele>1629</ele></trkpt>
      <trkpt lat="38.734816" lon="105.953116"><ele>1629</ele></trkpt>
      <trkpt lat="38.734729" lon="105.953214"><ele>1628</ele></trkpt>
      <trkpt lat="38.734632" lon="105.953282"><ele>1628</ele></trkpt>
      <trkpt lat="38.734455" lon="105.953369"><ele>1626</ele></trkpt>
      <trkpt lat="38.734359" lon="105.953428"><ele>1626</ele></trkpt>
      <trkpt lat="38.734255" lon="105.953463"><ele>1626</ele></trkpt>
      <trkpt lat="38.734153" lon="105.953485"><ele>1626</ele></trkpt>
      <trkpt lat="38.734042" lon="105.953502"><ele>1625</ele></trkpt>
      <trkpt lat="38.733938" lon="105.953518"><ele>1625</ele></trkpt>
      <trkpt lat="38.73384" lon="105.953561"><ele>1625</ele></trkpt>
      <trkpt lat="38.73374" lon="105.953585"><ele>1624</ele></trkpt>
      <trkpt lat="38.733649" lon="105.953599"><ele>1625</ele></trkpt>
      <trkpt lat="38.733552" lon="105.953635"><ele>1625</ele></trkpt>
      <trkpt lat="38.733456" lon="105.953674"><ele>1625</ele></trkpt>
      <trkpt lat="38.73336" lon="105.953713"><ele>1626</ele></trkpt>
      <trkpt lat="38.733259" lon="105.953765"><ele>1627</ele></trkpt>
      <trkpt lat="38.733168" lon="105.95381"><ele>1626</ele></trkpt>
      <trkpt lat="38.733094" lon="105.953895"><ele>1626</ele></trkpt>
      <trkpt lat="38.732955" lon="105.954045"><ele>1624</ele></trkpt>
      <trkpt lat="38.732882" lon="105.954116"><ele>1623</ele></trkpt>
      <trkpt lat="38.732811" lon="105.954192"><ele>1623</ele></trkpt>
      <trkpt lat="38.732737" lon="105.954264"><ele>1623</ele></trkpt>
      <trkpt lat="38.732664" lon="105.954344"><ele>1624</ele></trkpt>
      <trkpt lat="38.732582" lon="105.954414"><ele>1624</ele></trkpt>
      <trkpt lat="38.732448" lon="105.954577"><ele>1623</ele></trkpt>
      <trkpt lat="38.732385" lon="105.954669"><ele>1622</ele></trkpt>
      <trkpt lat="38.732322" lon="105.954767"><ele>1622</ele></trkpt>
      <trkpt lat="38.732263" lon="105.954886"><ele>1621</ele></trkpt>
      <trkpt lat="38.732212" lon="105.955011"><ele>1621</ele></trkpt>
      <trkpt lat="38.732165" lon="105.955132"><ele>1620</ele></trkpt>
      <trkpt lat="38.732115" lon="105.955278"><ele>1620</ele></trkpt>
      <trkpt lat="38.732076" lon="105.955418"><ele>1621</ele></trkpt>
      <trkpt lat="38.732042" lon="105.955554"><ele>1621</ele></trkpt>
      <trkpt lat="38.732006" lon="105.955695"><ele>1620</ele></trkpt>
      <trkpt lat="38.731971" lon="105.955833"><ele>1621</ele></trkpt>
      <trkpt lat="38.731914" lon="105.956062"><ele>1618</ele></trkpt>
      <trkpt lat="38.731883" lon="105.956185"><ele>1616</ele></trkpt>
      <trkpt lat="38.731852" lon="105.95631"><ele>1616</ele></trkpt>
      <trkpt lat="38.731821" lon="105.956432"><ele>1616</ele></trkpt>
      <trkpt lat="38.731792" lon="105.956549"><ele>1616</ele></trkpt>
      <trkpt lat="38.731762" lon="105.956661"><ele>1616</ele></trkpt>
      <trkpt lat="38.73174" lon="105.956782"><ele>1614</ele></trkpt>
      <trkpt lat="38.731695" lon="105.956885"><ele>1614</ele></trkpt>
      <trkpt lat="38.731661" lon="105.957001"><ele>1614</ele></trkpt>
      <trkpt lat="38.731599" lon="105.957198"><ele>1613</ele></trkpt>
      <trkpt lat="38.731847" lon="105.960187"><ele>1613</ele></trkpt>
      <trkpt lat="38.731943" lon="105.960224"><ele>1608</ele></trkpt>
      <trkpt lat="38.732026" lon="105.96028"><ele>1604</ele></trkpt>
      <trkpt lat="38.732068" lon="105.960301"><ele>1602</ele></trkpt>
      <trkpt lat="38.732147" lon="105.960392"><ele>1597</ele></trkpt>
      <trkpt lat="38.732209" lon="105.960479"><ele>1593</ele></trkpt>
      <trkpt lat="38.732256" lon="105.960688"><ele>1590</ele></trkpt>
      <trkpt lat="38.73221" lon="105.96087"><ele>1574</ele></trkpt>
      <trkpt lat="38.732203" lon="105.960986"><ele>1572</ele></trkpt>
      <trkpt lat="38.732192" lon="105.961107"><ele>1571</ele></trkpt>
      <trkpt lat="38.732181" lon="105.96123"><ele>1571</ele></trkpt>
      <trkpt lat="38.73215" lon="105.961357"><ele>1570</ele></trkpt>
      <trkpt lat="38.732107" lon="105.961475"><ele>1570</ele></trkpt>
      <trkpt lat="38.732045" lon="105.961587"><ele>1570</ele></trkpt>
      <trkpt lat="38.731973" lon="105.961694"><ele>1570</ele></trkpt>
      <trkpt lat="38.731885" lon="105.96179"><ele>1570</ele></trkpt>
      <trkpt lat="38.731802" lon="105.961877"><ele>1571</ele></trkpt>
      <trkpt lat="38.731726" lon="105.96199"><ele>1570</ele></trkpt>
      <trkpt lat="38.731679" lon="105.962109"><ele>1573</ele></trkpt>
      <trkpt lat="38.731608" lon="105.962227"><ele>1573</ele></trkpt>
      <trkpt lat="38.731558" lon="105.962348"><ele>1572</ele></trkpt>
      <trkpt lat="38.731503" lon="105.962471"><ele>1572</ele></trkpt>
      <trkpt lat="38.73144" lon="105.962587"><ele>1571</ele></trkpt>
      <trkpt lat="38.73138" lon="105.962704"><ele>1571</ele></trkpt>
      <trkpt lat="38.731315" lon="105.962821"><ele>1570</ele></trkpt>
      <trkpt lat="38.731246" lon="105.962935"><ele>1569</ele></trkpt>
      <trkpt lat="38.73118" lon="105.963041"><ele>1567</ele></trkpt>
      <trkpt lat="38.731117" lon="105.963154"><ele>1567</ele></trkpt>
      <trkpt lat="38.73105" lon="105.963261"><ele>1566</ele></trkpt>
      <trkpt lat="38.730979" lon="105.963366"><ele>1566</ele></trkpt>
      <trkpt lat="38.730906" lon="105.963468"><ele>1566</ele></trkpt>
      <trkpt lat="38.730838" lon="105.963565"><ele>1565</ele></trkpt>
      <trkpt lat="38.730769" lon="105.963664"><ele>1565</ele></trkpt>
      <trkpt lat="38.730704" lon="105.963768"><ele>1565</ele></trkpt>
      <trkpt lat="38.730634" lon="105.963863"><ele>1563</ele></trkpt>
      <trkpt lat="38.730566" lon="105.963963"><ele>1562</ele></trkpt>
      <trkpt lat="38.730494" lon="105.964063"><ele>1562</ele></trkpt>
      <trkpt lat="38.730419" lon="105.964162"><ele>1561</ele></trkpt>
      <trkpt lat="38.73035" lon="105.964259"><ele>1561</ele></trkpt>
      <trkpt lat="38.730279" lon="105.964357"><ele>1560</ele></trkpt>
      <trkpt lat="38.730204" lon="105.96446"><ele>1559</ele></trkpt>
      <trkpt lat="38.730132" lon="105.964568"><ele>1559</ele></trkpt>
      <trkpt lat="38.730056" lon="105.964676"><ele>1558</ele></trkpt>
      <trkpt lat="38.729981" lon="105.964785"><ele>1558</ele></trkpt>
      <trkpt lat="38.729907" lon="105.964899"><ele>1558</ele></trkpt>
      <trkpt lat="38.729841" lon="105.965017"><ele>1557</ele></trkpt>
      <trkpt lat="38.729778" lon="105.965135"><ele>1557</ele></trkpt>
      <trkpt lat="38.729717" lon="105.965252"><ele>1557</ele></trkpt>
      <trkpt lat="38.72965" lon="105.965363"><ele>1556</ele></trkpt>
      <trkpt lat="38.729588" lon="105.965474"><ele>1555</ele></trkpt>
      <trkpt lat="38.72952" lon="105.965582"><ele>1555</ele></trkpt>
      <trkpt lat="38.729447" lon="105.965687"><ele>1554</ele></trkpt>
      <trkpt lat="38.729375" lon="105.965789"><ele>1554</ele></trkpt>
      <trkpt lat="38.729307" lon="105.965887"><ele>1553</ele></trkpt>
      <trkpt lat="38.729237" lon="105.965984"><ele>1553</ele></trkpt>
      <trkpt lat="38.729171" lon="105.966081"><ele>1552</ele></trkpt>
      <trkpt lat="38.729111" lon="105.966177"><ele>1552</ele></trkpt>
      <trkpt lat="38.729046" lon="105.966278"><ele>1551</ele></trkpt>
      <trkpt lat="38.728983" lon="105.966383"><ele>1550</ele></trkpt>
      <trkpt lat="38.728927" lon="105.966493"><ele>1550</ele></trkpt>
      <trkpt lat="38.728856" lon="105.966602"><ele>1550</ele></trkpt>
      <trkpt lat="38.728791" lon="105.966712"><ele>1549</ele></trkpt>
      <trkpt lat="38.728728" lon="105.966823"><ele>1548</ele></trkpt>
      <trkpt lat="38.728659" lon="105.966928"><ele>1548</ele></trkpt>
      <trkpt lat="38.728595" lon="105.967034"><ele>1548</ele></trkpt>
      <trkpt lat="38.728523" lon="105.967139"><ele>1548</ele></trkpt>
      <trkpt lat="38.728454" lon="105.967245"><ele>1548</ele></trkpt>
      <trkpt lat="38.728391" lon="105.967352"><ele>1547</ele></trkpt>
      <trkpt lat="38.728332" lon="105.967458"><ele>1546</ele></trkpt>
      <trkpt lat="38.728272" lon="105.967566"><ele>1546</ele></trkpt>
      <trkpt lat="38.728214" lon="105.967672"><ele>1545</ele></trkpt>
      <trkpt lat="38.728162" lon="105.967778"><ele>1544</ele></trkpt>
      <trkpt lat="38.728114" lon="105.967886"><ele>1544</ele></trkpt>
      <trkpt lat="38.728056" lon="105.967991"><ele>1543</ele></trkpt>
      <trkpt lat="38.728008" lon="105.9681"><ele>1543</ele></trkpt>
      <trkpt lat="38.72796" lon="105.968209"><ele>1542</ele></trkpt>
      <trkpt lat="38.727918" lon="105.968315"><ele>1542</ele></trkpt>
      <trkpt lat="38.727868" lon="105.968417"><ele>1541</ele></trkpt>
      <trkpt lat="38.727825" lon="105.968518"><ele>1540</ele></trkpt>
      <trkpt lat="38.727772" lon="105.968613"><ele>1540</ele></trkpt>
      <trkpt lat="38.727709" lon="105.968697"><ele>1539</ele></trkpt>
      <trkpt lat="38.727637" lon="105.968776"><ele>1539</ele></trkpt>
      <trkpt lat="38.72756" lon="105.968843"><ele>1538</ele></trkpt>
      <trkpt lat="38.727466" lon="105.9689"><ele>1538</ele></trkpt>
      <trkpt lat="38.727374" lon="105.968948"><ele>1537</ele></trkpt>
      <trkpt lat="38.727284" lon="105.968997"><ele>1536</ele></trkpt>
      <trkpt lat="38.727188" lon="105.969038"><ele>1535</ele></trkpt>
      <trkpt lat="38.727091" lon="105.969081"><ele>1534</ele></trkpt>
      <trkpt lat="38.726972" lon="105.969069"><ele>1533</ele></trkpt>
      <trkpt lat="38.726872" lon="105.969117"><ele>1532</ele></trkpt>
      <trkpt lat="38.72677" lon="105.969165"><ele>1531</ele></trkpt>
      <trkpt lat="38.726673" lon="105.969212"><ele>1530</ele></trkpt>
      <trkpt lat="38.726574" lon="105.969264"><ele>1530</ele></trkpt>
      <trkpt lat="38.726478" lon="105.969314"><ele>1529</ele></trkpt>
      <trkpt lat="38.726383" lon="105.969362"><ele>1529</ele></trkpt>
      <trkpt lat="38.726289" lon="105.969404"><ele>1529</ele></trkpt>
      <trkpt lat="38.726193" lon="105.969446"><ele>1528</ele></trkpt>
      <trkpt lat="38.726097" lon="105.969488"><ele>1527</ele></trkpt>
      <trkpt lat="38.726001" lon="105.969531"><ele>1526</ele></trkpt>
      <trkpt lat="38.725901" lon="105.969577"><ele>1525</ele></trkpt>
      <trkpt lat="38.725809" lon="105.969651"><ele>1525</ele></trkpt>
      <trkpt lat="38.725711" lon="105.969703"><ele>1525</ele></trkpt>
      <trkpt lat="38.725612" lon="105.969749"><ele>1525</ele></trkpt>
      <trkpt lat="38.725511" lon="105.969796"><ele>1524</ele></trkpt>
      <trkpt lat="38.725409" lon="105.969839"><ele>1524</ele></trkpt>
      <trkpt lat="38.725309" lon="105.969879"><ele>1524</ele></trkpt>
      <trkpt lat="38.725212" lon="105.969916"><ele>1523</ele></trkpt>
      <trkpt lat="38.725112" lon="105.969957"><ele>1523</ele></trkpt>
      <trkpt lat="38.725018" lon="105.969999"><ele>1523</ele></trkpt>
      <trkpt lat="38.724926" lon="105.97004"><ele>1523</ele></trkpt>
      <trkpt lat="38.724835" lon="105.970082"><ele>1523</ele></trkpt>
      <trkpt lat="38.724745" lon="105.970125"><ele>1522</ele></trkpt>
      <trkpt lat="38.724659" lon="105.97017"><ele>1523</ele></trkpt>
      <trkpt lat="38.724566" lon="105.970216"><ele>1522</ele></trkpt>
      <trkpt lat="38.724476" lon="105.970264"><ele>1521</ele></trkpt>
      <trkpt lat="38.724382" lon="105.970319"><ele>1521</ele></trkpt>
      <trkpt lat="38.724283" lon="105.970365"><ele>1520</ele></trkpt>
      <trkpt lat="38.724199" lon="105.970451"><ele>1519</ele></trkpt>
      <trkpt lat="38.724119" lon="105.970545"><ele>1518</ele></trkpt>
      <trkpt lat="38.724042" lon="105.97064"><ele>1517</ele></trkpt>
      <trkpt lat="38.723962" lon="105.970738"><ele>1516</ele></trkpt>
      <trkpt lat="38.723893" lon="105.970837"><ele>1515</ele></trkpt>
      <trkpt lat="38.723834" lon="105.970951"><ele>1516</ele></trkpt>
      <trkpt lat="38.723767" lon="105.971047"><ele>1515</ele></trkpt>
      <trkpt lat="38.723705" lon="105.971156"><ele>1514</ele></trkpt>
      <trkpt lat="38.723645" lon="105.971265"><ele>1513</ele></trkpt>
      <trkpt lat="38.723591" lon="105.971379"><ele>1512</ele></trkpt>
      <trkpt lat="38.72355" lon="105.971502"><ele>1512</ele></trkpt>
      <trkpt lat="38.723528" lon="105.971628"><ele>1511</ele></trkpt>
      <trkpt lat="38.723518" lon="105.971767"><ele>1511</ele></trkpt>
      <trkpt lat="38.723525" lon="105.971901"><ele>1511</ele></trkpt>
      <trkpt lat="38.723549" lon="105.972023"><ele>1510</ele></trkpt>
      <trkpt lat="38.72354" lon="105.97215"><ele>1510</ele></trkpt>
      <trkpt lat="38.723517" lon="105.97227"><ele>1510</ele></trkpt>
      <trkpt lat="38.723468" lon="105.972382"><ele>1510</ele></trkpt>
      <trkpt lat="38.723403" lon="105.972477"><ele>1510</ele></trkpt>
      <trkpt lat="38.723235" lon="105.972566"><ele>1509</ele></trkpt>
      <trkpt lat="38.723137" lon="105.972621"><ele>1509</ele></trkpt>
      <trkpt lat="38.723043" lon="105.972674"><ele>1509</ele></trkpt>
      <trkpt lat="38.722949" lon="105.972726"><ele>1508</ele></trkpt>
      <trkpt lat="38.722847" lon="105.97279"><ele>1508</ele></trkpt>
      <trkpt lat="38.722757" lon="105.97288"><ele>1508</ele></trkpt>
      <trkpt lat="38.722662" lon="105.972957"><ele>1508</ele></trkpt>
      <trkpt lat="38.72257" lon="105.97304"><ele>1508</ele></trkpt>
      <trkpt lat="38.722477" lon="105.973114"><ele>1508</ele></trkpt>
      <trkpt lat="38.722385" lon="105.973176"><ele>1507</ele></trkpt>
      <trkpt lat="38.722281" lon="105.97321"><ele>1507</ele></trkpt>
      <trkpt lat="38.722185" lon="105.973246"><ele>1507</ele></trkpt>
      <trkpt lat="38.722087" lon="105.973279"><ele>1507</ele></trkpt>
      <trkpt lat="38.721989" lon="105.973307"><ele>1506</ele></trkpt>
      <trkpt lat="38.721897" lon="105.973331"><ele>1506</ele></trkpt>
      <trkpt lat="38.721799" lon="105.973353"><ele>1506</ele></trkpt>
      <trkpt lat="38.721706" lon="105.973374"><ele>1506</ele></trkpt>
      <trkpt lat="38.721608" lon="105.973396"><ele>1505</ele></trkpt>
      <trkpt lat="38.721507" lon="105.973418"><ele>1504</ele></trkpt>
      <trkpt lat="38.721408" lon="105.97344"><ele>1503</ele></trkpt>
      <trkpt lat="38.721311" lon="105.973462"><ele>1503</ele></trkpt>
      <trkpt lat="38.72121" lon="105.973484"><ele>1503</ele></trkpt>
      <trkpt lat="38.721113" lon="105.973506"><ele>1502</ele></trkpt>
      <trkpt lat="38.721016" lon="105.973528"><ele>1501</ele></trkpt>
      <trkpt lat="38.720921" lon="105.973549"><ele>1501</ele></trkpt>
      <trkpt lat="38.720826" lon="105.973572"><ele>1500</ele></trkpt>
      <trkpt lat="38.720737" lon="105.973614"><ele>1500</ele></trkpt>
      <trkpt lat="38.72064" lon="105.973625"><ele>1499</ele></trkpt>
      <trkpt lat="38.720546" lon="105.973663"><ele>1499</ele></trkpt>
      <trkpt lat="38.720451" lon="105.973693"><ele>1498</ele></trkpt>
      <trkpt lat="38.720357" lon="105.973725"><ele>1497</ele></trkpt>
      <trkpt lat="38.720263" lon="105.973762"><ele>1497</ele></trkpt>
      <trkpt lat="38.72017" lon="105.97381"><ele>1496</ele></trkpt>
      <trkpt lat="38.720085" lon="105.973872"><ele>1496</ele></trkpt>
      <trkpt lat="38.720002" lon="105.97394"><ele>1495</ele></trkpt>
      <trkpt lat="38.719921" lon="105.974014"><ele>1495</ele></trkpt>
      <trkpt lat="38.719845" lon="105.974093"><ele>1494</ele></trkpt>
      <trkpt lat="38.719757" lon="105.974177"><ele>1494</ele></trkpt>
      <trkpt lat="38.719684" lon="105.974277"><ele>1493</ele></trkpt>
      <trkpt lat="38.719618" lon="105.974387"><ele>1492</ele></trkpt>
      <trkpt lat="38.719565" lon="105.974517"><ele>1492</ele></trkpt>
      <trkpt lat="38.719537" lon="105.974667"><ele>1491</ele></trkpt>
      <trkpt lat="38.719529" lon="105.974807"><ele>1491</ele></trkpt>
      <trkpt lat="38.719503" lon="105.974946"><ele>1491</ele></trkpt>
      <trkpt lat="38.719476" lon="105.975084"><ele>1491</ele></trkpt>
      <trkpt lat="38.719443" lon="105.975224"><ele>1491</ele></trkpt>
      <trkpt lat="38.719413" lon="105.975366"><ele>1491</ele></trkpt>
      <trkpt lat="38.719375" lon="105.975502"><ele>1492</ele></trkpt>
      <trkpt lat="38.719338" lon="105.975639"><ele>1491</ele></trkpt>
      <trkpt lat="38.719294" lon="105.975779"><ele>1492</ele></trkpt>
      <trkpt lat="38.719265" lon="105.975921"><ele>1492</ele></trkpt>
      <trkpt lat="38.71923" lon="105.976061"><ele>1492</ele></trkpt>
      <trkpt lat="38.719201" lon="105.9762"><ele>1491</ele></trkpt>
      <trkpt lat="38.719193" lon="105.976343"><ele>1491</ele></trkpt>
      <trkpt lat="38.71916" lon="105.976485"><ele>1492</ele></trkpt>
      <trkpt lat="38.71916" lon="105.976628"><ele>1492</ele></trkpt>
      <trkpt lat="38.719161" lon="105.976766"><ele>1491</ele></trkpt>
      <trkpt lat="38.719161" lon="105.976906"><ele>1491</ele></trkpt>
      <trkpt lat="38.719158" lon="105.97704"><ele>1491</ele></trkpt>
      <trkpt lat="38.719148" lon="105.977168"><ele>1490</ele></trkpt>
      <trkpt lat="38.71912" lon="105.977283"><ele>1489</ele></trkpt>
      <trkpt lat="38.71908" lon="105.977402"><ele>1489</ele></trkpt>
      <trkpt lat="38.719031" lon="105.977517"><ele>1489</ele></trkpt>
      <trkpt lat="38.718972" lon="105.977635"><ele>1489</ele></trkpt>
      <trkpt lat="38.718905" lon="105.977757"><ele>1488</ele></trkpt>
      <trkpt lat="38.718836" lon="105.977881"><ele>1488</ele></trkpt>
      <trkpt lat="38.718771" lon="105.977997"><ele>1487</ele></trkpt>
      <trkpt lat="38.718708" lon="105.978115"><ele>1487</ele></trkpt>
      <trkpt lat="38.718646" lon="105.978231"><ele>1486</ele></trkpt>
      <trkpt lat="38.718596" lon="105.978351"><ele>1485</ele></trkpt>
      <trkpt lat="38.718554" lon="105.978467"><ele>1484</ele></trkpt>
      <trkpt lat="38.718538" lon="105.978595"><ele>1483</ele></trkpt>
      <trkpt lat="38.718517" lon="105.978715"><ele>1483</ele></trkpt>
      <trkpt lat="38.718505" lon="105.978835"><ele>1483</ele></trkpt>
      <trkpt lat="38.718489" lon="105.978952"><ele>1482</ele></trkpt>
      <trkpt lat="38.718472" lon="105.97907"><ele>1481</ele></trkpt>
      <trkpt lat="38.718453" lon="105.979292"><ele>1479</ele></trkpt>
      <trkpt lat="38.71841" lon="105.979491"><ele>1477</ele></trkpt>
      <trkpt lat="38.718313" lon="105.979662"><ele>1475</ele></trkpt>
      <trkpt lat="38.718236" lon="105.979745"><ele>1474</ele></trkpt>
      <trkpt lat="38.718161" lon="105.979829"><ele>1473</ele></trkpt>
      <trkpt lat="38.718098" lon="105.979925"><ele>1472</ele></trkpt>
      <trkpt lat="38.718022" lon="105.980008"><ele>1471</ele></trkpt>
      <trkpt lat="38.717952" lon="105.980098"><ele>1470</ele></trkpt>
      <trkpt lat="38.717883" lon="105.980189"><ele>1469</ele></trkpt>
      <trkpt lat="38.717814" lon="105.980287"><ele>1469</ele></trkpt>
      <trkpt lat="38.717732" lon="105.980371"><ele>1468</ele></trkpt>
      <trkpt lat="38.717677" lon="105.980469"><ele>1467</ele></trkpt>
      <trkpt lat="38.717616" lon="105.980558"><ele>1466</ele></trkpt>
      <trkpt lat="38.717555" lon="105.980647"><ele>1466</ele></trkpt>
      <trkpt lat="38.71744" lon="105.980819"><ele>1464</ele></trkpt>
      <trkpt lat="38.717394" lon="105.98094"><ele>1464</ele></trkpt>
      <trkpt lat="38.717361" lon="105.981056"><ele>1464</ele></trkpt>
      <trkpt lat="38.717334" lon="105.981171"><ele>1463</ele></trkpt>
      <trkpt lat="38.717277" lon="105.981391"><ele>1462</ele></trkpt>
      <trkpt lat="38.717296" lon="105.981507"><ele>1461</ele></trkpt>
      <trkpt lat="38.717289" lon="105.981732"><ele>1461</ele></trkpt>
      <trkpt lat="38.717298" lon="105.981847"><ele>1461</ele></trkpt>
      <trkpt lat="38.71731" lon="105.981966"><ele>1461</ele></trkpt>
      <trkpt lat="38.717305" lon="105.982194"><ele>1462</ele></trkpt>
      <trkpt lat="38.717318" lon="105.98231"><ele>1462</ele></trkpt>
      <trkpt lat="38.717327" lon="105.982511"><ele>1464</ele></trkpt>
      <trkpt lat="38.717308" lon="105.982713"><ele>1465</ele></trkpt>
      <trkpt lat="38.717276" lon="105.982905"><ele>1465</ele></trkpt>
      <trkpt lat="38.717235" lon="105.983106"><ele>1464</ele></trkpt>
      <trkpt lat="38.717212" lon="105.983219"><ele>1463</ele></trkpt>
      <trkpt lat="38.717164" lon="105.983444"><ele>1462</ele></trkpt>
      <trkpt lat="38.717132" lon="105.983561"><ele>1462</ele></trkpt>
      <trkpt lat="38.717101" lon="105.983686"><ele>1461</ele></trkpt>
      <trkpt lat="38.717057" lon="105.983808"><ele>1460</ele></trkpt>
      <trkpt lat="38.717002" lon="105.98393"><ele>1460</ele></trkpt>
      <trkpt lat="38.716938" lon="105.984038"><ele>1459</ele></trkpt>
      <trkpt lat="38.71686" lon="105.98413"><ele>1458</ele></trkpt>
      <trkpt lat="38.716812" lon="105.984232"><ele>1456</ele></trkpt>
      <trkpt lat="38.716763" lon="105.984333"><ele>1456</ele></trkpt>
      <trkpt lat="38.716701" lon="105.984433"><ele>1455</ele></trkpt>
      <trkpt lat="38.716643" lon="105.98453"><ele>1454</ele></trkpt>
      <trkpt lat="38.716582" lon="105.984627"><ele>1454</ele></trkpt>
      <trkpt lat="38.716524" lon="105.984724"><ele>1453</ele></trkpt>
      <trkpt lat="38.716467" lon="105.98482"><ele>1453</ele></trkpt>
      <trkpt lat="38.716411" lon="105.984913"><ele>1452</ele></trkpt>
      <trkpt lat="38.716298" lon="105.985098"><ele>1450</ele></trkpt>
      <trkpt lat="38.716239" lon="105.985192"><ele>1450</ele></trkpt>
      <trkpt lat="38.716122" lon="105.985365"><ele>1449</ele></trkpt>
      <trkpt lat="38.716049" lon="105.985539"><ele>1447</ele></trkpt>
      <trkpt lat="38.715901" lon="105.985531"><ele>1447</ele></trkpt>
      <trkpt lat="38.715777" lon="105.98561"><ele>1446</ele></trkpt>
      <trkpt lat="38.715688" lon="105.985671"><ele>1446</ele></trkpt>
      <trkpt lat="38.715628" lon="105.98576"><ele>1446</ele></trkpt>
      <trkpt lat="38.71572" lon="105.985948"><ele>1446</ele></trkpt>
      <trkpt lat="38.715794" lon="105.986031"><ele>1447</ele></trkpt>
      <trkpt lat="38.715857" lon="105.986122"><ele>1444</ele></trkpt>
      <trkpt lat="38.71579" lon="105.986034"><ele>1447</ele></trkpt>
      <trkpt lat="38.715859" lon="105.986124"><ele>1444</ele></trkpt>
      <trkpt lat="38.715925" lon="105.98622"><ele>1445</ele></trkpt>
      <trkpt lat="38.715856" lon="105.986407"><ele>1448</ele></trkpt>
      <trkpt lat="38.71583" lon="105.986529"><ele>1444</ele></trkpt>
      <trkpt lat="38.715751" lon="105.986613"><ele>1442</ele></trkpt>
      <trkpt lat="38.715695" lon="105.986715"><ele>1443</ele></trkpt>
      <trkpt lat="38.715629" lon="105.986805"><ele>1440</ele></trkpt>
      <trkpt lat="38.715555" lon="105.986884"><ele>1442</ele></trkpt>
      <trkpt lat="38.715525" lon="105.987"><ele>1443</ele></trkpt>
      <trkpt lat="38.715546" lon="105.987113"><ele>1440</ele></trkpt>
      <trkpt lat="38.715617" lon="105.987198"><ele>1437</ele></trkpt>
      <trkpt lat="38.715506" lon="105.987297"><ele>1440</ele></trkpt>
      <trkpt lat="38.71549" lon="105.987237"><ele>1447</ele></trkpt>
      <trkpt lat="38.715212" lon="105.987558"><ele>1439</ele></trkpt>
      <trkpt lat="38.715125" lon="105.987596"><ele>1436</ele></trkpt>
      <trkpt lat="38.71508" lon="105.987703"><ele>1434</ele></trkpt>
      <trkpt lat="38.715" lon="105.987781"><ele>1440</ele></trkpt>
      <trkpt lat="38.714956" lon="105.987888"><ele>1438</ele></trkpt>
      <trkpt lat="38.714914" lon="105.987995"><ele>1436</ele></trkpt>
      <trkpt lat="38.714838" lon="105.988078"><ele>1436</ele></trkpt>
      <trkpt lat="38.714771" lon="105.988177"><ele>1435</ele></trkpt>
      <trkpt lat="38.714714" lon="105.988292"><ele>1436</ele></trkpt>
      <trkpt lat="38.714681" lon="105.988407"><ele>1436</ele></trkpt>
      <trkpt lat="38.714624" lon="105.988511"><ele>1436</ele></trkpt>
      <trkpt lat="38.714559" lon="105.988591"><ele>1439</ele></trkpt>
      <trkpt lat="38.714532" lon="105.988701"><ele>1437</ele></trkpt>
      <trkpt lat="38.714454" lon="105.988779"><ele>1440</ele></trkpt>
      <trkpt lat="38.714403" lon="105.988891"><ele>1433</ele></trkpt>
      <trkpt lat="38.714408" lon="105.98901"><ele>1433</ele></trkpt>
      <trkpt lat="38.714366" lon="105.989123"><ele>1432</ele></trkpt>
      <trkpt lat="38.714314" lon="105.989218"><ele>1434</ele></trkpt>
      <trkpt lat="38.714307" lon="105.989343"><ele>1437</ele></trkpt>
      <trkpt lat="38.714264" lon="105.989454"><ele>1435</ele></trkpt>
    </trkseg>
  </trk>
</gpx>
