<?xml version="1.0" encoding="UTF-8"?>
<gpx version="1.1" creator="霞客 · 两步路轨迹" xmlns="http://www.topografix.com/GPX/1/1">
  <metadata><name>徽杭古道参考轨迹</name></metadata>
  <trk><name>徽杭古道</name>
    <trkseg>
      <trkpt lat="30.149036" lon="118.850205"><ele>679</ele></trkpt>
      <trkpt lat="30.148795" lon="118.850386"><ele>673</ele></trkpt>
      <trkpt lat="30.14899" lon="118.850099"><ele>675</ele></trkpt>
      <trkpt lat="30.148961" lon="118.849984"><ele>682</ele></trkpt>
      <trkpt lat="30.148903" lon="118.849885"><ele>683</ele></trkpt>
      <trkpt lat="30.14884" lon="118.850158"><ele>696</ele></trkpt>
      <trkpt lat="30.14877" lon="118.850231"><ele>676</ele></trkpt>
      <trkpt lat="30.148804" lon="118.850324"><ele>676</ele></trkpt>
      <trkpt lat="30.148799" lon="118.850334"><ele>676</ele></trkpt>
      <trkpt lat="30.148617" lon="118.850605"><ele>673</ele></trkpt>
      <trkpt lat="30.148578" lon="118.850703"><ele>673</ele></trkpt>
      <trkpt lat="30.148557" lon="118.850744"><ele>673</ele></trkpt>
      <trkpt lat="30.148666" lon="118.850495"><ele>673</ele></trkpt>
      <trkpt lat="30.148772" lon="118.850279"><ele>673</ele></trkpt>
      <trkpt lat="30.148826" lon="118.850097"><ele>673</ele></trkpt>
      <trkpt lat="30.14885" lon="118.850005"><ele>673</ele></trkpt>
      <trkpt lat="30.148627" lon="118.850153"><ele>652</ele></trkpt>
      <trkpt lat="30.148635" lon="118.850178"><ele>654</ele></trkpt>
      <trkpt lat="30.148723" lon="118.850141"><ele>654</ele></trkpt>
      <trkpt lat="30.148662" lon="118.85042"><ele>669</ele></trkpt>
      <trkpt lat="30.148691" lon="118.850377"><ele>673</ele></trkpt>
      <trkpt lat="30.148677" lon="118.850245"><ele>670</ele></trkpt>
      <trkpt lat="30.148729" lon="118.850131"><ele>670</ele></trkpt>
      <trkpt lat="30.1488" lon="118.849994"><ele>671</ele></trkpt>
      <trkpt lat="30.148867" lon="118.849968"><ele>672</ele></trkpt>
      <trkpt lat="30.148885" lon="118.849996"><ele>671</ele></trkpt>
      <trkpt lat="30.148849" lon="118.850103"><ele>670</ele></trkpt>
      <trkpt lat="30.148729" lon="118.850244"><ele>669</ele></trkpt>
      <trkpt lat="30.148675" lon="118.850343"><ele>670</ele></trkpt>
      <trkpt lat="30.148733" lon="118.850365"><ele>673</ele></trkpt>
      <trkpt lat="30.148797" lon="118.850432"><ele>683</ele></trkpt>
      <trkpt lat="30.148743" lon="118.850375"><ele>681</ele></trkpt>
      <trkpt lat="30.148694" lon="118.850468"><ele>681</ele></trkpt>
      <trkpt lat="30.148644" lon="118.850356"><ele>664</ele></trkpt>
      <trkpt lat="30.14859" lon="118.850618"><ele>660</ele></trkpt>
      <trkpt lat="30.148592" lon="118.850752"><ele>661</ele></trkpt>
      <trkpt lat="30.148659" lon="118.850821"><ele>667</ele></trkpt>
      <trkpt lat="30.148704" lon="118.850853"><ele>666</ele></trkpt>
      <trkpt lat="30.148668" lon="118.850786"><ele>670</ele></trkpt>
      <trkpt lat="30.148594" lon="118.850688"><ele>670</ele></trkpt>
      <trkpt lat="30.14857" lon="118.850615"><ele>670</ele></trkpt>
      <trkpt lat="30.148668" lon="118.850707"><ele>671</ele></trkpt>
      <trkpt lat="30.148709" lon="118.850859"><ele>671</ele></trkpt>
      <trkpt lat="30.148705" lon="118.850978"><ele>671</ele></trkpt>
      <trkpt lat="30.148762" lon="118.850719"><ele>667</ele></trkpt>
      <trkpt lat="30.148769" lon="118.850729"><ele>667</ele></trkpt>
      <trkpt lat="30.148732" lon="118.850616"><ele>666</ele></trkpt>
      <trkpt lat="30.148634" lon="118.850553"><ele>665</ele></trkpt>
      <trkpt lat="30.148473" lon="118.850584"><ele>661</ele></trkpt>
      <trkpt lat="30.148413" lon="118.850485"><ele>660</ele></trkpt>
      <trkpt lat="30.148457" lon="118.850513"><ele>657</ele></trkpt>
      <trkpt lat="30.148515" lon="118.850623"><ele>656</ele></trkpt>
      <trkpt lat="30.148523" lon="118.850756"><ele>654</ele></trkpt>
      <trkpt lat="30.148547" lon="118.850718"><ele>647</ele></trkpt>
      <trkpt lat="30.148477" lon="118.850717"><ele>647</ele></trkpt>
      <trkpt lat="30.148512" lon="118.850665"><ele>646</ele></trkpt>
      <trkpt lat="30.148572" lon="118.850571"><ele>646</ele></trkpt>
      <trkpt lat="30.148627" lon="118.850475"><ele>646</ele></trkpt>
      <trkpt lat="30.148657" lon="118.850351"><ele>646</ele></trkpt>
      <trkpt lat="30.148583" lon="118.850393"><ele>650</ele></trkpt>
      <trkpt lat="30.148548" lon="118.850444"><ele>651</ele></trkpt>
      <trkpt lat="30.148613" lon="118.850411"><ele>654</ele></trkpt>
      <trkpt lat="30.148627" lon="118.850276"><ele>656</ele></trkpt>
      <trkpt lat="30.148604" lon="118.850211"><ele>655</ele></trkpt>
      <trkpt lat="30.14858" lon="118.850207"><ele>655</ele></trkpt>
      <trkpt lat="30.148559" lon="118.850372"><ele>655</ele></trkpt>
      <trkpt lat="30.148543" lon="118.850522"><ele>655</ele></trkpt>
      <trkpt lat="30.148524" lon="118.850624"><ele>655</ele></trkpt>
      <trkpt lat="30.148589" lon="118.850672"><ele>656</ele></trkpt>
      <trkpt lat="30.148666" lon="118.850796"><ele>656</ele></trkpt>
      <trkpt lat="30.148693" lon="118.85094"><ele>656</ele></trkpt>
      <trkpt lat="30.148669" lon="118.851083"><ele>656</ele></trkpt>
      <trkpt lat="30.148588" lon="118.851123"><ele>656</ele></trkpt>
      <trkpt lat="30.148567" lon="118.851051"><ele>656</ele></trkpt>
      <trkpt lat="30.148464" lon="118.851048"><ele>655</ele></trkpt>
      <trkpt lat="30.148436" lon="118.850928"><ele>655</ele></trkpt>
      <trkpt lat="30.148506" lon="118.85096"><ele>655</ele></trkpt>
      <trkpt lat="30.148583" lon="118.850893"><ele>654</ele></trkpt>
      <trkpt lat="30.148594" lon="118.850846"><ele>654</ele></trkpt>
      <trkpt lat="30.148644" lon="118.850744"><ele>654</ele></trkpt>
      <trkpt lat="30.148677" lon="118.850621"><ele>654</ele></trkpt>
      <trkpt lat="30.148708" lon="118.850429"><ele>654</ele></trkpt>
      <trkpt lat="30.148722" lon="118.850499"><ele>653</ele></trkpt>
      <trkpt lat="30.148693" lon="118.850611"><ele>654</ele></trkpt>
      <trkpt lat="30.148685" lon="118.850673"><ele>654</ele></trkpt>
      <trkpt lat="30.148605" lon="118.85061"><ele>659</ele></trkpt>
      <trkpt lat="30.148578" lon="118.850518"><ele>659</ele></trkpt>
      <trkpt lat="30.148577" lon="118.850387"><ele>657</ele></trkpt>
      <trkpt lat="30.148607" lon="118.850247"><ele>656</ele></trkpt>
      <trkpt lat="30.148697" lon="118.850128"><ele>656</ele></trkpt>
      <trkpt lat="30.148763" lon="118.850054"><ele>656</ele></trkpt>
      <trkpt lat="30.14893" lon="118.85013"><ele>652</ele></trkpt>
      <trkpt lat="30.148983" lon="118.850081"><ele>679</ele></trkpt>
      <trkpt lat="30.148909" lon="118.850105"><ele>683</ele></trkpt>
      <trkpt lat="30.148808" lon="118.850146"><ele>696</ele></trkpt>
      <trkpt lat="30.148835" lon="118.850136"><ele>702</ele></trkpt>
      <trkpt lat="30.148888" lon="118.850062"><ele>696</ele></trkpt>
      <trkpt lat="30.14889" lon="118.849957"><ele>689</ele></trkpt>
      <trkpt lat="30.14888" lon="118.850013"><ele>692</ele></trkpt>
      <trkpt lat="30.148816" lon="118.850101"><ele>691</ele></trkpt>
      <trkpt lat="30.14874" lon="118.850199"><ele>690</ele></trkpt>
      <trkpt lat="30.148823" lon="118.850134"><ele>706</ele></trkpt>
      <trkpt lat="30.148864" lon="118.850017"><ele>702</ele></trkpt>
      <trkpt lat="30.148836" lon="118.849868"><ele>702</ele></trkpt>
      <trkpt lat="30.148775" lon="118.84975"><ele>699</ele></trkpt>
      <trkpt lat="30.148681" lon="118.849684"><ele>697</ele></trkpt>
      <trkpt lat="30.148615" lon="118.849594"><ele>696</ele></trkpt>
      <trkpt lat="30.148567" lon="118.849495"><ele>696</ele></trkpt>
      <trkpt lat="30.148518" lon="118.849386"><ele>700</ele></trkpt>
      <trkpt lat="30.148487" lon="118.849268"><ele>707</ele></trkpt>
      <trkpt lat="30.148491" lon="118.849135"><ele>704</ele></trkpt>
      <trkpt lat="30.148512" lon="118.849002"><ele>702</ele></trkpt>
      <trkpt lat="30.148543" lon="118.84889"><ele>700</ele></trkpt>
      <trkpt lat="30.14859" lon="118.848781"><ele>699</ele></trkpt>
      <trkpt lat="30.148622" lon="118.848668"><ele>697</ele></trkpt>
      <trkpt lat="30.148684" lon="118.848575"><ele>697</ele></trkpt>
      <trkpt lat="30.148736" lon="118.84848"><ele>696</ele></trkpt>
      <trkpt lat="30.148779" lon="118.848369"><ele>696</ele></trkpt>
      <trkpt lat="30.148816" lon="118.848254"><ele>702</ele></trkpt>
      <trkpt lat="30.148864" lon="118.848144"><ele>701</ele></trkpt>
      <trkpt lat="30.148897" lon="118.848002"><ele>702</ele></trkpt>
      <trkpt lat="30.148911" lon="118.847878"><ele>701</ele></trkpt>
      <trkpt lat="30.148917" lon="118.847759"><ele>700</ele></trkpt>
      <trkpt lat="30.148914" lon="118.847652"><ele>699</ele></trkpt>
      <trkpt lat="30.148916" lon="118.847546"><ele>701</ele></trkpt>
      <trkpt lat="30.148921" lon="118.847442"><ele>703</ele></trkpt>
      <trkpt lat="30.148917" lon="118.847323"><ele>701</ele></trkpt>
      <trkpt lat="30.148846" lon="118.84724"><ele>702</ele></trkpt>
      <trkpt lat="30.148753" lon="118.847176"><ele>702</ele></trkpt>
      <trkpt lat="30.148801" lon="118.847198"><ele>700</ele></trkpt>
      <trkpt lat="30.148879" lon="118.847285"><ele>700</ele></trkpt>
      <trkpt lat="30.148944" lon="118.847406"><ele>700</ele></trkpt>
      <trkpt lat="30.148959" lon="118.847539"><ele>700</ele></trkpt>
      <trkpt lat="30.148937" lon="118.847668"><ele>701</ele></trkpt>
      <trkpt lat="30.14892" lon="118.847799"><ele>703</ele></trkpt>
      <trkpt lat="30.148907" lon="118.847926"><ele>705</ele></trkpt>
      <trkpt lat="30.148899" lon="118.848056"><ele>703</ele></trkpt>
      <trkpt lat="30.148874" lon="118.848213"><ele>701</ele></trkpt>
      <trkpt lat="30.148823" lon="118.848319"><ele>701</ele></trkpt>
      <trkpt lat="30.14877" lon="118.848419"><ele>701</ele></trkpt>
      <trkpt lat="30.148711" lon="118.848518"><ele>700</ele></trkpt>
      <trkpt lat="30.148659" lon="118.848622"><ele>700</ele></trkpt>
      <trkpt lat="30.148609" lon="118.848734"><ele>700</ele></trkpt>
      <trkpt lat="30.148568" lon="118.848837"><ele>699</ele></trkpt>
      <trkpt lat="30.148518" lon="118.84893"><ele>700</ele></trkpt>
      <trkpt lat="30.148469" lon="118.849042"><ele>702</ele></trkpt>
      <trkpt lat="30.148437" lon="118.849156"><ele>702</ele></trkpt>
      <trkpt lat="30.148446" lon="118.849285"><ele>700</ele></trkpt>
      <trkpt lat="30.14847" lon="118.849396"><ele>698</ele></trkpt>
      <trkpt lat="30.148524" lon="118.849534"><ele>698</ele></trkpt>
      <trkpt lat="30.148584" lon="118.849634"><ele>699</ele></trkpt>
      <trkpt lat="30.14865" lon="118.849711"><ele>698</ele></trkpt>
      <trkpt lat="30.148707" lon="118.849799"><ele>697</ele></trkpt>
      <trkpt lat="30.148777" lon="118.849886"><ele>698</ele></trkpt>
      <trkpt lat="30.148874" lon="118.849956"><ele>697</ele></trkpt>
      <trkpt lat="30.148832" lon="118.850065"><ele>697</ele></trkpt>
      <trkpt lat="30.148789" lon="118.850173"><ele>696</ele></trkpt>
      <trkpt lat="30.148811" lon="118.850277"><ele>697</ele></trkpt>
      <trkpt lat="30.148746" lon="118.850288"><ele>696</ele></trkpt>
      <trkpt lat="30.148788" lon="118.850305"><ele>694</ele></trkpt>
      <trkpt lat="30.148807" lon="118.850321"><ele>694</ele></trkpt>
      <trkpt lat="30.148812" lon="118.850402"><ele>695</ele></trkpt>
      <trkpt lat="30.148842" lon="118.850385"><ele>694</ele></trkpt>
      <trkpt lat="30.148864" lon="118.850256"><ele>694</ele></trkpt>
      <trkpt lat="30.148847" lon="118.850142"><ele>699</ele></trkpt>
      <trkpt lat="30.148877" lon="118.850042"><ele>699</ele></trkpt>
      <trkpt lat="30.148925" lon="118.850223"><ele>699</ele></trkpt>
      <trkpt lat="30.149011" lon="118.850614"><ele>712</ele></trkpt>
      <trkpt lat="30.148953" lon="118.850538"><ele>710</ele></trkpt>
      <trkpt lat="30.148841" lon="118.850314"><ele>714</ele></trkpt>
      <trkpt lat="30.148847" lon="118.850146"><ele>686</ele></trkpt>
      <trkpt lat="30.148881" lon="118.850016"><ele>689</ele></trkpt>
      <trkpt lat="30.148842" lon="118.849922"><ele>686</ele></trkpt>
      <trkpt lat="30.148778" lon="118.849827"><ele>686</ele></trkpt>
      <trkpt lat="30.148724" lon="118.849722"><ele>686</ele></trkpt>
      <trkpt lat="30.14867" lon="118.849632"><ele>686</ele></trkpt>
      <trkpt lat="30.148616" lon="118.849545"><ele>685</ele></trkpt>
      <trkpt lat="30.148551" lon="118.849463"><ele>686</ele></trkpt>
      <trkpt lat="30.148501" lon="118.849364"><ele>686</ele></trkpt>
      <trkpt lat="30.148474" lon="118.849249"><ele>686</ele></trkpt>
      <trkpt lat="30.14847" lon="118.849122"><ele>685</ele></trkpt>
      <trkpt lat="30.148496" lon="118.849012"><ele>685</ele></trkpt>
      <trkpt lat="30.14855" lon="118.84888"><ele>686</ele></trkpt>
      <trkpt lat="30.148596" lon="118.848757"><ele>687</ele></trkpt>
      <trkpt lat="30.148635" lon="118.848647"><ele>687</ele></trkpt>
      <trkpt lat="30.148681" lon="118.848551"><ele>686</ele></trkpt>
      <trkpt lat="30.148736" lon="118.848455"><ele>686</ele></trkpt>
      <trkpt lat="30.148788" lon="118.848364"><ele>686</ele></trkpt>
      <trkpt lat="30.148838" lon="118.84824"><ele>687</ele></trkpt>
      <trkpt lat="30.148876" lon="118.848111"><ele>694</ele></trkpt>
      <trkpt lat="30.148909" lon="118.848001"><ele>695</ele></trkpt>
      <trkpt lat="30.148931" lon="118.84788"><ele>696</ele></trkpt>
      <trkpt lat="30.148942" lon="118.847768"><ele>696</ele></trkpt>
      <trkpt lat="30.148941" lon="118.847638"><ele>696</ele></trkpt>
      <trkpt lat="30.148936" lon="118.847517"><ele>696</ele></trkpt>
      <trkpt lat="30.14892" lon="118.847407"><ele>697</ele></trkpt>
      <trkpt lat="30.148871" lon="118.847313"><ele>695</ele></trkpt>
      <trkpt lat="30.148787" lon="118.84723"><ele>695</ele></trkpt>
      <trkpt lat="30.148724" lon="118.84712"><ele>695</ele></trkpt>
      <trkpt lat="30.148701" lon="118.847"><ele>694</ele></trkpt>
      <trkpt lat="30.148728" lon="118.846888"><ele>693</ele></trkpt>
      <trkpt lat="30.148788" lon="118.846786"><ele>688</ele></trkpt>
      <trkpt lat="30.148864" lon="118.846674"><ele>689</ele></trkpt>
      <trkpt lat="30.148957" lon="118.84659"><ele>690</ele></trkpt>
      <trkpt lat="30.149058" lon="118.846526"><ele>690</ele></trkpt>
      <trkpt lat="30.149156" lon="118.846483"><ele>690</ele></trkpt>
      <trkpt lat="30.14926" lon="118.846456"><ele>693</ele></trkpt>
      <trkpt lat="30.149348" lon="118.846397"><ele>693</ele></trkpt>
      <trkpt lat="30.149423" lon="118.846321"><ele>694</ele></trkpt>
      <trkpt lat="30.149494" lon="118.846248"><ele>694</ele></trkpt>
      <trkpt lat="30.149576" lon="118.84616"><ele>695</ele></trkpt>
      <trkpt lat="30.149652" lon="118.846029"><ele>694</ele></trkpt>
      <trkpt lat="30.149645" lon="118.84588"><ele>694</ele></trkpt>
      <trkpt lat="30.149561" lon="118.845757"><ele>694</ele></trkpt>
      <trkpt lat="30.149472" lon="118.845627"><ele>694</ele></trkpt>
      <trkpt lat="30.149374" lon="118.845542"><ele>694</ele></trkpt>
      <trkpt lat="30.149284" lon="118.845458"><ele>696</ele></trkpt>
      <trkpt lat="30.1492" lon="118.845387"><ele>696</ele></trkpt>
      <trkpt lat="30.149097" lon="118.845345"><ele>698</ele></trkpt>
      <trkpt lat="30.149006" lon="118.845307"><ele>699</ele></trkpt>
      <trkpt lat="30.148922" lon="118.845252"><ele>699</ele></trkpt>
      <trkpt lat="30.14886" lon="118.845167"><ele>701</ele></trkpt>
      <trkpt lat="30.14881" lon="118.845065"><ele>701</ele></trkpt>
      <trkpt lat="30.148791" lon="118.84495"><ele>703</ele></trkpt>
      <trkpt lat="30.148817" lon="118.844831"><ele>703</ele></trkpt>
      <trkpt lat="30.148842" lon="118.844717"><ele>703</ele></trkpt>
      <trkpt lat="30.148759" lon="118.844676"><ele>703</ele></trkpt>
      <trkpt lat="30.148666" lon="118.844639"><ele>704</ele></trkpt>
      <trkpt lat="30.148575" lon="118.844601"><ele>705</ele></trkpt>
      <trkpt lat="30.148495" lon="118.844634"><ele>702</ele></trkpt>
      <trkpt lat="30.148493" lon="118.84473"><ele>702</ele></trkpt>
      <trkpt lat="30.148565" lon="118.844724"><ele>702</ele></trkpt>
      <trkpt lat="30.148664" lon="118.844699"><ele>701</ele></trkpt>
      <trkpt lat="30.148772" lon="118.844701"><ele>700</ele></trkpt>
      <trkpt lat="30.148875" lon="118.8447"><ele>695</ele></trkpt>
      <trkpt lat="30.148822" lon="118.844777"><ele>704</ele></trkpt>
      <trkpt lat="30.148888" lon="118.84468"><ele>701</ele></trkpt>
      <trkpt lat="30.148939" lon="118.844594"><ele>699</ele></trkpt>
      <trkpt lat="30.148966" lon="118.844486"><ele>699</ele></trkpt>
      <trkpt lat="30.148994" lon="118.844379"><ele>697</ele></trkpt>
      <trkpt lat="30.149041" lon="118.844286"><ele>697</ele></trkpt>
      <trkpt lat="30.149091" lon="118.844176"><ele>698</ele></trkpt>
      <trkpt lat="30.149111" lon="118.844033"><ele>699</ele></trkpt>
      <trkpt lat="30.149106" lon="118.843911"><ele>698</ele></trkpt>
      <trkpt lat="30.149061" lon="118.84377"><ele>697</ele></trkpt>
      <trkpt lat="30.149006" lon="118.843664"><ele>697</ele></trkpt>
      <trkpt lat="30.148902" lon="118.843607"><ele>699</ele></trkpt>
      <trkpt lat="30.148785" lon="118.843583"><ele>698</ele></trkpt>
      <trkpt lat="30.148675" lon="118.843568"><ele>699</ele></trkpt>
      <trkpt lat="30.14857" lon="118.843602"><ele>702</ele></trkpt>
      <trkpt lat="30.148474" lon="118.843577"><ele>702</ele></trkpt>
      <trkpt lat="30.148392" lon="118.843523"><ele>701</ele></trkpt>
      <trkpt lat="30.148302" lon="118.843454"><ele>702</ele></trkpt>
      <trkpt lat="30.148219" lon="118.843394"><ele>703</ele></trkpt>
      <trkpt lat="30.148133" lon="118.843337"><ele>703</ele></trkpt>
      <trkpt lat="30.148063" lon="118.843256"><ele>704</ele></trkpt>
      <trkpt lat="30.148" lon="118.843154"><ele>703</ele></trkpt>
      <trkpt lat="30.147923" lon="118.843073"><ele>703</ele></trkpt>
      <trkpt lat="30.147847" lon="118.842987"><ele>704</ele></trkpt>
      <trkpt lat="30.147768" lon="118.842905"><ele>702</ele></trkpt>
      <trkpt lat="30.1477" lon="118.842823"><ele>703</ele></trkpt>
      <trkpt lat="30.147645" lon="118.842732"><ele>704</ele></trkpt>
      <trkpt lat="30.147584" lon="118.842649"><ele>704</ele></trkpt>
      <trkpt lat="30.147517" lon="118.842573"><ele>704</ele></trkpt>
      <trkpt lat="30.147458" lon="118.842488"><ele>705</ele></trkpt>
      <trkpt lat="30.147377" lon="118.842407"><ele>706</ele></trkpt>
      <trkpt lat="30.147282" lon="118.842335"><ele>705</ele></trkpt>
      <trkpt lat="30.147186" lon="118.842307"><ele>707</ele></trkpt>
      <trkpt lat="30.1471" lon="118.842259"><ele>708</ele></trkpt>
      <trkpt lat="30.147025" lon="118.842183"><ele>708</ele></trkpt>
      <trkpt lat="30.146977" lon="118.842071"><ele>709</ele></trkpt>
      <trkpt lat="30.146919" lon="118.841959"><ele>709</ele></trkpt>
      <trkpt lat="30.146867" lon="118.841859"><ele>709</ele></trkpt>
      <trkpt lat="30.146809" lon="118.841769"><ele>708</ele></trkpt>
      <trkpt lat="30.146728" lon="118.841708"><ele>708</ele></trkpt>
      <trkpt lat="30.146638" lon="118.841655"><ele>707</ele></trkpt>
      <trkpt lat="30.146531" lon="118.841641"><ele>707</ele></trkpt>
      <trkpt lat="30.146414" lon="118.84163"><ele>709</ele></trkpt>
      <trkpt lat="30.146306" lon="118.841619"><ele>709</ele></trkpt>
      <trkpt lat="30.146208" lon="118.841609"><ele>708</ele></trkpt>
      <trkpt lat="30.146115" lon="118.841604"><ele>708</ele></trkpt>
      <trkpt lat="30.146017" lon="118.841606"><ele>709</ele></trkpt>
      <trkpt lat="30.145912" lon="118.841604"><ele>711</ele></trkpt>
      <trkpt lat="30.145818" lon="118.841619"><ele>711</ele></trkpt>
      <trkpt lat="30.145722" lon="118.841619"><ele>711</ele></trkpt>
      <trkpt lat="30.145626" lon="118.841611"><ele>712</ele></trkpt>
      <trkpt lat="30.145534" lon="118.841614"><ele>713</ele></trkpt>
      <trkpt lat="30.14542" lon="118.841591"><ele>713</ele></trkpt>
      <trkpt lat="30.145309" lon="118.841574"><ele>713</ele></trkpt>
      <trkpt lat="30.145211" lon="118.841541"><ele>714</ele></trkpt>
      <trkpt lat="30.145118" lon="118.841472"><ele>716</ele></trkpt>
      <trkpt lat="30.14503" lon="118.841415"><ele>716</ele></trkpt>
      <trkpt lat="30.14496" lon="118.841328"><ele>715</ele></trkpt>
      <trkpt lat="30.144939" lon="118.841219"><ele>715</ele></trkpt>
      <trkpt lat="30.144948" lon="118.841068"><ele>720</ele></trkpt>
      <trkpt lat="30.144931" lon="118.840941"><ele>722</ele></trkpt>
      <trkpt lat="30.144866" lon="118.840868"><ele>722</ele></trkpt>
      <trkpt lat="30.14476" lon="118.840847"><ele>722</ele></trkpt>
      <trkpt lat="30.144653" lon="118.840868"><ele>723</ele></trkpt>
      <trkpt lat="30.144556" lon="118.840904"><ele>724</ele></trkpt>
      <trkpt lat="30.144467" lon="118.840954"><ele>725</ele></trkpt>
      <trkpt lat="30.144385" lon="118.84101"><ele>724</ele></trkpt>
      <trkpt lat="30.144288" lon="118.841045"><ele>725</ele></trkpt>
      <trkpt lat="30.144188" lon="118.841065"><ele>725</ele></trkpt>
      <trkpt lat="30.144093" lon="118.841041"><ele>728</ele></trkpt>
      <trkpt lat="30.143995" lon="118.841014"><ele>729</ele></trkpt>
      <trkpt lat="30.143893" lon="118.841"><ele>732</ele></trkpt>
      <trkpt lat="30.143846" lon="118.840919"><ele>731</ele></trkpt>
      <trkpt lat="30.143874" lon="118.840798"><ele>728</ele></trkpt>
      <trkpt lat="30.143965" lon="118.840699"><ele>727</ele></trkpt>
      <trkpt lat="30.144081" lon="118.840664"><ele>728</ele></trkpt>
      <trkpt lat="30.144205" lon="118.840656"><ele>727</ele></trkpt>
      <trkpt lat="30.144324" lon="118.84065"><ele>726</ele></trkpt>
      <trkpt lat="30.144431" lon="118.8406"><ele>728</ele></trkpt>
      <trkpt lat="30.144507" lon="118.840524"><ele>729</ele></trkpt>
      <trkpt lat="30.144531" lon="118.840399"><ele>734</ele></trkpt>
      <trkpt lat="30.144483" lon="118.840272"><ele>736</ele></trkpt>
      <trkpt lat="30.144413" lon="118.840162"><ele>736</ele></trkpt>
      <trkpt lat="30.144357" lon="118.840034"><ele>736</ele></trkpt>
      <trkpt lat="30.144317" lon="118.839926"><ele>736</ele></trkpt>
      <trkpt lat="30.144265" lon="118.839817"><ele>736</ele></trkpt>
      <trkpt lat="30.14419" lon="118.83974"><ele>737</ele></trkpt>
      <trkpt lat="30.144101" lon="118.8397"><ele>739</ele></trkpt>
      <trkpt lat="30.144001" lon="118.839686"><ele>741</ele></trkpt>
      <trkpt lat="30.143908" lon="118.839671"><ele>744</ele></trkpt>
      <trkpt lat="30.143801" lon="118.83965"><ele>746</ele></trkpt>
      <trkpt lat="30.143703" lon="118.839615"><ele>747</ele></trkpt>
      <trkpt lat="30.143599" lon="118.839562"><ele>747</ele></trkpt>
      <trkpt lat="30.143496" lon="118.839511"><ele>748</ele></trkpt>
      <trkpt lat="30.143407" lon="118.839464"><ele>747</ele></trkpt>
      <trkpt lat="30.143306" lon="118.83941"><ele>748</ele></trkpt>
      <trkpt lat="30.143215" lon="118.83937"><ele>748</ele></trkpt>
      <trkpt lat="30.143123" lon="118.839411"><ele>749</ele></trkpt>
      <trkpt lat="30.143077" lon="118.839515"><ele>753</ele></trkpt>
      <trkpt lat="30.14304" lon="118.839627"><ele>751</ele></trkpt>
      <trkpt lat="30.142954" lon="118.83966"><ele>751</ele></trkpt>
      <trkpt lat="30.142869" lon="118.839604"><ele>752</ele></trkpt>
      <trkpt lat="30.142858" lon="118.83949"><ele>750</ele></trkpt>
      <trkpt lat="30.142895" lon="118.839365"><ele>750</ele></trkpt>
      <trkpt lat="30.142962" lon="118.839262"><ele>750</ele></trkpt>
      <trkpt lat="30.143038" lon="118.839175"><ele>750</ele></trkpt>
      <trkpt lat="30.143138" lon="118.839123"><ele>752</ele></trkpt>
      <trkpt lat="30.143245" lon="118.839109"><ele>753</ele></trkpt>
      <trkpt lat="30.143347" lon="118.839101"><ele>754</ele></trkpt>
      <trkpt lat="30.143439" lon="118.839078"><ele>757</ele></trkpt>
      <trkpt lat="30.143532" lon="118.839037"><ele>759</ele></trkpt>
      <trkpt lat="30.143627" lon="118.839042"><ele>756</ele></trkpt>
      <trkpt lat="30.143648" lon="118.838923"><ele>755</ele></trkpt>
      <trkpt lat="30.143683" lon="118.838794"><ele>757</ele></trkpt>
      <trkpt lat="30.143746" lon="118.838707"><ele>757</ele></trkpt>
      <trkpt lat="30.143741" lon="118.838609"><ele>757</ele></trkpt>
      <trkpt lat="30.143695" lon="118.838521"><ele>756</ele></trkpt>
      <trkpt lat="30.143638" lon="118.838426"><ele>754</ele></trkpt>
      <trkpt lat="30.143569" lon="118.838336"><ele>752</ele></trkpt>
      <trkpt lat="30.143486" lon="118.838272"><ele>751</ele></trkpt>
      <trkpt lat="30.143376" lon="118.838234"><ele>750</ele></trkpt>
      <trkpt lat="30.143244" lon="118.838218"><ele>752</ele></trkpt>
      <trkpt lat="30.143141" lon="118.838181"><ele>752</ele></trkpt>
      <trkpt lat="30.143046" lon="118.838178"><ele>750</ele></trkpt>
      <trkpt lat="30.143089" lon="118.838144"><ele>750</ele></trkpt>
      <trkpt lat="30.143049" lon="118.838104"><ele>751</ele></trkpt>
      <trkpt lat="30.142983" lon="118.838033"><ele>751</ele></trkpt>
      <trkpt lat="30.142921" lon="118.83795"><ele>751</ele></trkpt>
      <trkpt lat="30.142853" lon="118.837853"><ele>755</ele></trkpt>
      <trkpt lat="30.142788" lon="118.837759"><ele>759</ele></trkpt>
      <trkpt lat="30.142698" lon="118.83772"><ele>760</ele></trkpt>
      <trkpt lat="30.142607" lon="118.837686"><ele>763</ele></trkpt>
      <trkpt lat="30.142509" lon="118.837646"><ele>765</ele></trkpt>
      <trkpt lat="30.142427" lon="118.837593"><ele>766</ele></trkpt>
      <trkpt lat="30.142477" lon="118.837589"><ele>770</ele></trkpt>
      <trkpt lat="30.142573" lon="118.837548"><ele>769</ele></trkpt>
      <trkpt lat="30.14255" lon="118.837502"><ele>773</ele></trkpt>
      <trkpt lat="30.142501" lon="118.837409"><ele>774</ele></trkpt>
      <trkpt lat="30.142443" lon="118.837303"><ele>777</ele></trkpt>
      <trkpt lat="30.142446" lon="118.83719"><ele>779</ele></trkpt>
      <trkpt lat="30.142467" lon="118.83708"><ele>791</ele></trkpt>
      <trkpt lat="30.142445" lon="118.836977"><ele>791</ele></trkpt>
      <trkpt lat="30.142431" lon="118.836864"><ele>793</ele></trkpt>
      <trkpt lat="30.142387" lon="118.836756"><ele>796</ele></trkpt>
      <trkpt lat="30.142371" lon="118.836649"><ele>808</ele></trkpt>
      <trkpt lat="30.142314" lon="118.836564"><ele>812</ele></trkpt>
      <trkpt lat="30.142342" lon="118.836667"><ele>811</ele></trkpt>
      <trkpt lat="30.14236" lon="118.836791"><ele>810</ele></trkpt>
      <trkpt lat="30.142359" lon="118.836676"><ele>810</ele></trkpt>
      <trkpt lat="30.142321" lon="118.836575"><ele>808</ele></trkpt>
      <trkpt lat="30.14226" lon="118.836496"><ele>809</ele></trkpt>
      <trkpt lat="30.142212" lon="118.836402"><ele>811</ele></trkpt>
      <trkpt lat="30.142167" lon="118.836309"><ele>811</ele></trkpt>
      <trkpt lat="30.142092" lon="118.836231"><ele>821</ele></trkpt>
      <trkpt lat="30.142047" lon="118.836123"><ele>824</ele></trkpt>
      <trkpt lat="30.142006" lon="118.836018"><ele>824</ele></trkpt>
      <trkpt lat="30.141953" lon="118.835927"><ele>824</ele></trkpt>
      <trkpt lat="30.14192" lon="118.83583"><ele>825</ele></trkpt>
      <trkpt lat="30.14194" lon="118.835721"><ele>827</ele></trkpt>
      <trkpt lat="30.141953" lon="118.835614"><ele>830</ele></trkpt>
      <trkpt lat="30.141951" lon="118.8355"><ele>832</ele></trkpt>
      <trkpt lat="30.141948" lon="118.835379"><ele>833</ele></trkpt>
      <trkpt lat="30.141919" lon="118.835276"><ele>838</ele></trkpt>
      <trkpt lat="30.141904" lon="118.835164"><ele>839</ele></trkpt>
      <trkpt lat="30.141868" lon="118.835067"><ele>841</ele></trkpt>
      <trkpt lat="30.141832" lon="118.834966"><ele>841</ele></trkpt>
      <trkpt lat="30.141858" lon="118.834855"><ele>841</ele></trkpt>
      <trkpt lat="30.141914" lon="118.834745"><ele>842</ele></trkpt>
      <trkpt lat="30.141997" lon="118.834654"><ele>843</ele></trkpt>
      <trkpt lat="30.142029" lon="118.834547"><ele>849</ele></trkpt>
      <trkpt lat="30.14202" lon="118.834435"><ele>848</ele></trkpt>
      <trkpt lat="30.141982" lon="118.834322"><ele>849</ele></trkpt>
      <trkpt lat="30.141925" lon="118.8342"><ele>855</ele></trkpt>
      <trkpt lat="30.141913" lon="118.834085"><ele>858</ele></trkpt>
      <trkpt lat="30.141921" lon="118.833976"><ele>858</ele></trkpt>
      <trkpt lat="30.141949" lon="118.833859"><ele>858</ele></trkpt>
      <trkpt lat="30.141949" lon="118.833752"><ele>857</ele></trkpt>
      <trkpt lat="30.141947" lon="118.833641"><ele>865</ele></trkpt>
      <trkpt lat="30.141924" lon="118.833532"><ele>865</ele></trkpt>
      <trkpt lat="30.141823" lon="118.833478"><ele>874</ele></trkpt>
      <trkpt lat="30.141725" lon="118.833442"><ele>874</ele></trkpt>
      <trkpt lat="30.141641" lon="118.833387"><ele>875</ele></trkpt>
      <trkpt lat="30.141554" lon="118.833349"><ele>876</ele></trkpt>
      <trkpt lat="30.141471" lon="118.833373"><ele>881</ele></trkpt>
      <trkpt lat="30.141384" lon="118.833369"><ele>896</ele></trkpt>
      <trkpt lat="30.141352" lon="118.833286"><ele>895</ele></trkpt>
      <trkpt lat="30.141335" lon="118.833178"><ele>894</ele></trkpt>
      <trkpt lat="30.141309" lon="118.833066"><ele>894</ele></trkpt>
      <trkpt lat="30.14131" lon="118.832953"><ele>895</ele></trkpt>
      <trkpt lat="30.141322" lon="118.832827"><ele>896</ele></trkpt>
      <trkpt lat="30.141334" lon="118.832706"><ele>895</ele></trkpt>
      <trkpt lat="30.141315" lon="118.832598"><ele>895</ele></trkpt>
      <trkpt lat="30.141271" lon="118.832497"><ele>896</ele></trkpt>
      <trkpt lat="30.141202" lon="118.832417"><ele>900</ele></trkpt>
      <trkpt lat="30.141136" lon="118.832329"><ele>902</ele></trkpt>
      <trkpt lat="30.141044" lon="118.832261"><ele>908</ele></trkpt>
      <trkpt lat="30.140961" lon="118.8322"><ele>909</ele></trkpt>
      <trkpt lat="30.1409" lon="118.832121"><ele>908</ele></trkpt>
      <trkpt lat="30.140798" lon="118.832101"><ele>908</ele></trkpt>
      <trkpt lat="30.1407" lon="118.832112"><ele>910</ele></trkpt>
      <trkpt lat="30.140612" lon="118.832151"><ele>908</ele></trkpt>
      <trkpt lat="30.140526" lon="118.83223"><ele>912</ele></trkpt>
      <trkpt lat="30.140446" lon="118.832189"><ele>921</ele></trkpt>
      <trkpt lat="30.140383" lon="118.83211"><ele>921</ele></trkpt>
      <trkpt lat="30.140305" lon="118.832038"><ele>923</ele></trkpt>
      <trkpt lat="30.140212" lon="118.831995"><ele>926</ele></trkpt>
      <trkpt lat="30.140129" lon="118.831925"><ele>926</ele></trkpt>
      <trkpt lat="30.140039" lon="118.831876"><ele>928</ele></trkpt>
      <trkpt lat="30.13995" lon="118.831843"><ele>930</ele></trkpt>
      <trkpt lat="30.139848" lon="118.83184"><ele>932</ele></trkpt>
      <trkpt lat="30.139789" lon="118.831759"><ele>929</ele></trkpt>
      <trkpt lat="30.139725" lon="118.831669"><ele>929</ele></trkpt>
      <trkpt lat="30.139637" lon="118.83165"><ele>929</ele></trkpt>
      <trkpt lat="30.139543" lon="118.831666"><ele>930</ele></trkpt>
      <trkpt lat="30.139448" lon="118.831687"><ele>932</ele></trkpt>
      <trkpt lat="30.139368" lon="118.831647"><ele>934</ele></trkpt>
      <trkpt lat="30.139297" lon="118.831565"><ele>934</ele></trkpt>
      <trkpt lat="30.139239" lon="118.831471"><ele>935</ele></trkpt>
      <trkpt lat="30.139196" lon="118.831369"><ele>936</ele></trkpt>
      <trkpt lat="30.139163" lon="118.831264"><ele>936</ele></trkpt>
      <trkpt lat="30.139153" lon="118.831148"><ele>937</ele></trkpt>
      <trkpt lat="30.139131" lon="118.831026"><ele>940</ele></trkpt>
      <trkpt lat="30.139089" lon="118.830921"><ele>937</ele></trkpt>
      <trkpt lat="30.139085" lon="118.830812"><ele>937</ele></trkpt>
      <trkpt lat="30.139023" lon="118.830732"><ele>938</ele></trkpt>
      <trkpt lat="30.138944" lon="118.830777"><ele>938</ele></trkpt>
      <trkpt lat="30.138855" lon="118.830787"><ele>939</ele></trkpt>
      <trkpt lat="30.138762" lon="118.83085"><ele>939</ele></trkpt>
      <trkpt lat="30.138671" lon="118.83083"><ele>942</ele></trkpt>
      <trkpt lat="30.138647" lon="118.830932"><ele>941</ele></trkpt>
      <trkpt lat="30.138557" lon="118.830946"><ele>923</ele></trkpt>
      <trkpt lat="30.138475" lon="118.831001"><ele>924</ele></trkpt>
      <trkpt lat="30.138395" lon="118.831079"><ele>924</ele></trkpt>
      <trkpt lat="30.138311" lon="118.831162"><ele>924</ele></trkpt>
      <trkpt lat="30.138219" lon="118.831242"><ele>925</ele></trkpt>
      <trkpt lat="30.138136" lon="118.831313"><ele>926</ele></trkpt>
      <trkpt lat="30.138128" lon="118.831409"><ele>932</ele></trkpt>
      <trkpt lat="30.138066" lon="118.831439"><ele>940</ele></trkpt>
      <trkpt lat="30.137971" lon="118.831454"><ele>943</ele></trkpt>
      <trkpt lat="30.137889" lon="118.831388"><ele>944</ele></trkpt>
      <trkpt lat="30.137812" lon="118.831299"><ele>950</ele></trkpt>
      <trkpt lat="30.137744" lon="118.831205"><ele>953</ele></trkpt>
      <trkpt lat="30.137696" lon="118.831099"><ele>954</ele></trkpt>
      <trkpt lat="30.137626" lon="118.831028"><ele>957</ele></trkpt>
      <trkpt lat="30.137592" lon="118.830935"><ele>960</ele></trkpt>
      <trkpt lat="30.137558" lon="118.830819"><ele>976</ele></trkpt>
      <trkpt lat="30.137609" lon="118.830727"><ele>976</ele></trkpt>
      <trkpt lat="30.137627" lon="118.830619"><ele>976</ele></trkpt>
      <trkpt lat="30.13762" lon="118.830513"><ele>972</ele></trkpt>
      <trkpt lat="30.137653" lon="118.830414"><ele>973</ele></trkpt>
      <trkpt lat="30.137652" lon="118.830309"><ele>973</ele></trkpt>
      <trkpt lat="30.137624" lon="118.830207"><ele>978</ele></trkpt>
      <trkpt lat="30.137609" lon="118.830099"><ele>982</ele></trkpt>
      <trkpt lat="30.137581" lon="118.829982"><ele>985</ele></trkpt>
      <trkpt lat="30.137574" lon="118.829861"><ele>985</ele></trkpt>
      <trkpt lat="30.137548" lon="118.829743"><ele>988</ele></trkpt>
      <trkpt lat="30.137519" lon="118.829635"><ele>989</ele></trkpt>
      <trkpt lat="30.137471" lon="118.829521"><ele>994</ele></trkpt>
      <trkpt lat="30.13741" lon="118.829429"><ele>993</ele></trkpt>
      <trkpt lat="30.137374" lon="118.829327"><ele>992</ele></trkpt>
      <trkpt lat="30.137342" lon="118.829224"><ele>991</ele></trkpt>
      <trkpt lat="30.137324" lon="118.829119"><ele>991</ele></trkpt>
      <trkpt lat="30.137303" lon="118.82901"><ele>992</ele></trkpt>
      <trkpt lat="30.137304" lon="118.828887"><ele>995</ele></trkpt>
      <trkpt lat="30.137346" lon="118.828779"><ele>992</ele></trkpt>
      <trkpt lat="30.137373" lon="118.828663"><ele>996</ele></trkpt>
      <trkpt lat="30.137362" lon="118.828547"><ele>997</ele></trkpt>
      <trkpt lat="30.137334" lon="118.828435"><ele>997</ele></trkpt>
      <trkpt lat="30.137309" lon="118.828327"><ele>1003</ele></trkpt>
      <trkpt lat="30.137279" lon="118.828224"><ele>1006</ele></trkpt>
      <trkpt lat="30.137241" lon="118.828128"><ele>1006</ele></trkpt>
      <trkpt lat="30.13723" lon="118.828019"><ele>1009</ele></trkpt>
      <trkpt lat="30.137201" lon="118.82791"><ele>1010</ele></trkpt>
      <trkpt lat="30.137177" lon="118.827796"><ele>1012</ele></trkpt>
      <trkpt lat="30.137169" lon="118.827681"><ele>1018</ele></trkpt>
      <trkpt lat="30.13716" lon="118.827564"><ele>1021</ele></trkpt>
      <trkpt lat="30.137152" lon="118.827444"><ele>1022</ele></trkpt>
      <trkpt lat="30.13717" lon="118.827332"><ele>1025</ele></trkpt>
      <trkpt lat="30.137179" lon="118.827215"><ele>1029</ele></trkpt>
      <trkpt lat="30.137119" lon="118.827138"><ele>1032</ele></trkpt>
      <trkpt lat="30.137027" lon="118.827069"><ele>1038</ele></trkpt>
      <trkpt lat="30.136906" lon="118.827039"><ele>1040</ele></trkpt>
      <trkpt lat="30.136801" lon="118.827055"><ele>1042</ele></trkpt>
      <trkpt lat="30.136798" lon="118.827196"><ele>1044</ele></trkpt>
      <trkpt lat="30.136837" lon="118.82706"><ele>1042</ele></trkpt>
      <trkpt lat="30.136778" lon="118.82714"><ele>1044</ele></trkpt>
      <trkpt lat="30.136695" lon="118.827196"><ele>1042</ele></trkpt>
      <trkpt lat="30.136765" lon="118.827115"><ele>1042</ele></trkpt>
      <trkpt lat="30.136853" lon="118.827096"><ele>1042</ele></trkpt>
      <trkpt lat="30.136771" lon="118.82715"><ele>1042</ele></trkpt>
      <trkpt lat="30.136843" lon="118.827078"><ele>1041</ele></trkpt>
      <trkpt lat="30.136852" lon="118.826971"><ele>1041</ele></trkpt>
      <trkpt lat="30.136828" lon="118.826848"><ele>1041</ele></trkpt>
      <trkpt lat="30.136812" lon="118.826734"><ele>1041</ele></trkpt>
      <trkpt lat="30.136806" lon="118.826621"><ele>1041</ele></trkpt>
      <trkpt lat="30.13682" lon="118.826515"><ele>1039</ele></trkpt>
      <trkpt lat="30.136846" lon="118.826409"><ele>1039</ele></trkpt>
      <trkpt lat="30.136883" lon="118.826299"><ele>1038</ele></trkpt>
      <trkpt lat="30.136909" lon="118.826189"><ele>1039</ele></trkpt>
      <trkpt lat="30.13694" lon="118.826082"><ele>1039</ele></trkpt>
      <trkpt lat="30.136956" lon="118.825963"><ele>1038</ele></trkpt>
      <trkpt lat="30.136989" lon="118.825857"><ele>1037</ele></trkpt>
      <trkpt lat="30.137004" lon="118.825744"><ele>1036</ele></trkpt>
      <trkpt lat="30.137019" lon="118.825626"><ele>1035</ele></trkpt>
      <trkpt lat="30.13704" lon="118.825508"><ele>1031</ele></trkpt>
      <trkpt lat="30.137056" lon="118.825389"><ele>1029</ele></trkpt>
      <trkpt lat="30.137078" lon="118.825266"><ele>1029</ele></trkpt>
      <trkpt lat="30.137099" lon="118.825154"><ele>1028</ele></trkpt>
      <trkpt lat="30.137136" lon="118.825052"><ele>1026</ele></trkpt>
      <trkpt lat="30.137174" lon="118.824949"><ele>1025</ele></trkpt>
      <trkpt lat="30.137217" lon="118.824847"><ele>1025</ele></trkpt>
      <trkpt lat="30.13724" lon="118.824735"><ele>1025</ele></trkpt>
      <trkpt lat="30.137282" lon="118.824629"><ele>1026</ele></trkpt>
      <trkpt lat="30.137289" lon="118.824521"><ele>1026</ele></trkpt>
      <trkpt lat="30.137278" lon="118.82441"><ele>1026</ele></trkpt>
      <trkpt lat="30.13721" lon="118.824322"><ele>1025</ele></trkpt>
      <trkpt lat="30.137137" lon="118.824244"><ele>1024</ele></trkpt>
      <trkpt lat="30.137087" lon="118.824154"><ele>1021</ele></trkpt>
      <trkpt lat="30.137033" lon="118.824059"><ele>1020</ele></trkpt>
      <trkpt lat="30.136998" lon="118.823944"><ele>1015</ele></trkpt>
      <trkpt lat="30.136983" lon="118.823821"><ele>1014</ele></trkpt>
      <trkpt lat="30.136928" lon="118.823713"><ele>1015</ele></trkpt>
      <trkpt lat="30.13687" lon="118.823608"><ele>1014</ele></trkpt>
      <trkpt lat="30.136817" lon="118.823501"><ele>1013</ele></trkpt>
      <trkpt lat="30.136786" lon="118.823395"><ele>1015</ele></trkpt>
      <trkpt lat="30.136752" lon="118.82329"><ele>1016</ele></trkpt>
      <trkpt lat="30.136672" lon="118.823367"><ele>1019</ele></trkpt>
      <trkpt lat="30.136694" lon="118.823265"><ele>1017</ele></trkpt>
      <trkpt lat="30.136659" lon="118.823158"><ele>1017</ele></trkpt>
      <trkpt lat="30.136598" lon="118.823067"><ele>1017</ele></trkpt>
      <trkpt lat="30.13653" lon="118.822979"><ele>1013</ele></trkpt>
      <trkpt lat="30.136465" lon="118.822895"><ele>1013</ele></trkpt>
      <trkpt lat="30.13641" lon="118.822807"><ele>1013</ele></trkpt>
      <trkpt lat="30.136375" lon="118.822708"><ele>1010</ele></trkpt>
      <trkpt lat="30.136335" lon="118.822602"><ele>1009</ele></trkpt>
      <trkpt lat="30.136269" lon="118.822526"><ele>1008</ele></trkpt>
      <trkpt lat="30.136245" lon="118.82243"><ele>1008</ele></trkpt>
      <trkpt lat="30.136225" lon="118.82232"><ele>1007</ele></trkpt>
      <trkpt lat="30.13624" lon="118.822209"><ele>1004</ele></trkpt>
      <trkpt lat="30.136289" lon="118.822111"><ele>1003</ele></trkpt>
      <trkpt lat="30.136348" lon="118.822013"><ele>1002</ele></trkpt>
      <trkpt lat="30.136373" lon="118.821908"><ele>1000</ele></trkpt>
      <trkpt lat="30.136376" lon="118.821797"><ele>1001</ele></trkpt>
      <trkpt lat="30.136425" lon="118.821705"><ele>1002</ele></trkpt>
      <trkpt lat="30.136462" lon="118.8216"><ele>1002</ele></trkpt>
      <trkpt lat="30.136461" lon="118.821477"><ele>1003</ele></trkpt>
      <trkpt lat="30.136441" lon="118.821362"><ele>1002</ele></trkpt>
      <trkpt lat="30.136439" lon="118.821253"><ele>1001</ele></trkpt>
      <trkpt lat="30.136452" lon="118.821136"><ele>1000</ele></trkpt>
      <trkpt lat="30.136468" lon="118.821028"><ele>1000</ele></trkpt>
      <trkpt lat="30.136467" lon="118.820923"><ele>999</ele></trkpt>
      <trkpt lat="30.136474" lon="118.820809"><ele>998</ele></trkpt>
      <trkpt lat="30.136486" lon="118.820694"><ele>999</ele></trkpt>
      <trkpt lat="30.136502" lon="118.820587"><ele>998</ele></trkpt>
      <trkpt lat="30.136499" lon="118.820466"><ele>998</ele></trkpt>
      <trkpt lat="30.136541" lon="118.820369"><ele>997</ele></trkpt>
      <trkpt lat="30.136591" lon="118.820271"><ele>996</ele></trkpt>
      <trkpt lat="30.136649" lon="118.820178"><ele>995</ele></trkpt>
      <trkpt lat="30.13671" lon="118.820089"><ele>993</ele></trkpt>
      <trkpt lat="30.136777" lon="118.820003"><ele>992</ele></trkpt>
      <trkpt lat="30.136843" lon="118.819922"><ele>991</ele></trkpt>
      <trkpt lat="30.136913" lon="118.819837"><ele>990</ele></trkpt>
      <trkpt lat="30.136955" lon="118.819741"><ele>988</ele></trkpt>
      <trkpt lat="30.136995" lon="118.819646"><ele>988</ele></trkpt>
      <trkpt lat="30.137025" lon="118.819548"><ele>987</ele></trkpt>
      <trkpt lat="30.137024" lon="118.819433"><ele>986</ele></trkpt>
      <trkpt lat="30.137019" lon="118.819322"><ele>984</ele></trkpt>
      <trkpt lat="30.137069" lon="118.819229"><ele>984</ele></trkpt>
      <trkpt lat="30.137106" lon="118.819127"><ele>983</ele></trkpt>
      <trkpt lat="30.137112" lon="118.819016"><ele>978</ele></trkpt>
      <trkpt lat="30.137135" lon="118.818911"><ele>978</ele></trkpt>
      <trkpt lat="30.13716" lon="118.818804"><ele>977</ele></trkpt>
      <trkpt lat="30.137192" lon="118.818694"><ele>976</ele></trkpt>
      <trkpt lat="30.137208" lon="118.818583"><ele>976</ele></trkpt>
      <trkpt lat="30.137212" lon="118.818469"><ele>977</ele></trkpt>
      <trkpt lat="30.137183" lon="118.818367"><ele>973</ele></trkpt>
      <trkpt lat="30.137143" lon="118.818262"><ele>974</ele></trkpt>
      <trkpt lat="30.13711" lon="118.818155"><ele>970</ele></trkpt>
      <trkpt lat="30.137081" lon="118.818048"><ele>970</ele></trkpt>
      <trkpt lat="30.137103" lon="118.817932"><ele>969</ele></trkpt>
      <trkpt lat="30.137121" lon="118.817811"><ele>967</ele></trkpt>
      <trkpt lat="30.137093" lon="118.8177"><ele>965</ele></trkpt>
      <trkpt lat="30.137067" lon="118.817579"><ele>965</ele></trkpt>
      <trkpt lat="30.137006" lon="118.817492"><ele>966</ele></trkpt>
      <trkpt lat="30.136931" lon="118.817418"><ele>967</ele></trkpt>
      <trkpt lat="30.136877" lon="118.817334"><ele>966</ele></trkpt>
      <trkpt lat="30.136833" lon="118.817234"><ele>967</ele></trkpt>
      <trkpt lat="30.136792" lon="118.817126"><ele>966</ele></trkpt>
      <trkpt lat="30.136735" lon="118.817027"><ele>966</ele></trkpt>
      <trkpt lat="30.136664" lon="118.816933"><ele>969</ele></trkpt>
      <trkpt lat="30.136625" lon="118.816832"><ele>968</ele></trkpt>
      <trkpt lat="30.136588" lon="118.816735"><ele>966</ele></trkpt>
      <trkpt lat="30.136561" lon="118.816623"><ele>966</ele></trkpt>
      <trkpt lat="30.136526" lon="118.816516"><ele>965</ele></trkpt>
      <trkpt lat="30.136504" lon="118.816399"><ele>964</ele></trkpt>
      <trkpt lat="30.136494" lon="118.816289"><ele>964</ele></trkpt>
      <trkpt lat="30.136463" lon="118.816183"><ele>964</ele></trkpt>
      <trkpt lat="30.136422" lon="118.816079"><ele>963</ele></trkpt>
      <trkpt lat="30.136351" lon="118.815975"><ele>954</ele></trkpt>
      <trkpt lat="30.136275" lon="118.815896"><ele>951</ele></trkpt>
      <trkpt lat="30.136234" lon="118.815794"><ele>952</ele></trkpt>
      <trkpt lat="30.136185" lon="118.815691"><ele>953</ele></trkpt>
      <trkpt lat="30.136106" lon="118.815621"><ele>952</ele></trkpt>
      <trkpt lat="30.136019" lon="118.815573"><ele>951</ele></trkpt>
      <trkpt lat="30.135923" lon="118.815567"><ele>952</ele></trkpt>
      <trkpt lat="30.135826" lon="118.815549"><ele>953</ele></trkpt>
      <trkpt lat="30.135761" lon="118.815477"><ele>952</ele></trkpt>
      <trkpt lat="30.13574" lon="118.81537"><ele>951</ele></trkpt>
      <trkpt lat="30.135719" lon="118.815255"><ele>952</ele></trkpt>
      <trkpt lat="30.135658" lon="118.81517"><ele>952</ele></trkpt>
      <trkpt lat="30.135588" lon="118.8151"><ele>950</ele></trkpt>
      <trkpt lat="30.135529" lon="118.815006"><ele>950</ele></trkpt>
      <trkpt lat="30.135496" lon="118.8149"><ele>947</ele></trkpt>
      <trkpt lat="30.13548" lon="118.814789"><ele>945</ele></trkpt>
      <trkpt lat="30.135478" lon="118.814664"><ele>943</ele></trkpt>
      <trkpt lat="30.135467" lon="118.814551"><ele>940</ele></trkpt>
      <trkpt lat="30.135468" lon="118.814442"><ele>938</ele></trkpt>
      <trkpt lat="30.135466" lon="118.814333"><ele>934</ele></trkpt>
      <trkpt lat="30.135449" lon="118.814228"><ele>930</ele></trkpt>
      <trkpt lat="30.135434" lon="118.814117"><ele>920</ele></trkpt>
      <trkpt lat="30.135422" lon="118.814007"><ele>918</ele></trkpt>
      <trkpt lat="30.135404" lon="118.813904"><ele>916</ele></trkpt>
      <trkpt lat="30.135369" lon="118.813806"><ele>912</ele></trkpt>
      <trkpt lat="30.135354" lon="118.813696"><ele>907</ele></trkpt>
      <trkpt lat="30.135369" lon="118.813586"><ele>900</ele></trkpt>
      <trkpt lat="30.135359" lon="118.813477"><ele>894</ele></trkpt>
      <trkpt lat="30.135352" lon="118.813355"><ele>892</ele></trkpt>
      <trkpt lat="30.135345" lon="118.813226"><ele>889</ele></trkpt>
      <trkpt lat="30.135354" lon="118.813114"><ele>886</ele></trkpt>
      <trkpt lat="30.135383" lon="118.813006"><ele>883</ele></trkpt>
      <trkpt lat="30.135398" lon="118.812897"><ele>871</ele></trkpt>
      <trkpt lat="30.135415" lon="118.812786"><ele>867</ele></trkpt>
      <trkpt lat="30.135451" lon="118.812679"><ele>866</ele></trkpt>
      <trkpt lat="30.135474" lon="118.812564"><ele>862</ele></trkpt>
      <trkpt lat="30.135516" lon="118.812461"><ele>862</ele></trkpt>
      <trkpt lat="30.135548" lon="118.812358"><ele>859</ele></trkpt>
      <trkpt lat="30.135593" lon="118.812254"><ele>855</ele></trkpt>
      <trkpt lat="30.135645" lon="118.812148"><ele>854</ele></trkpt>
      <trkpt lat="30.135675" lon="118.812044"><ele>848</ele></trkpt>
      <trkpt lat="30.135686" lon="118.811931"><ele>847</ele></trkpt>
      <trkpt lat="30.135705" lon="118.811824"><ele>845</ele></trkpt>
      <trkpt lat="30.135726" lon="118.811721"><ele>843</ele></trkpt>
      <trkpt lat="30.135749" lon="118.811618"><ele>841</ele></trkpt>
      <trkpt lat="30.135785" lon="118.811516"><ele>840</ele></trkpt>
      <trkpt lat="30.135825" lon="118.81142"><ele>838</ele></trkpt>
      <trkpt lat="30.135867" lon="118.811324"><ele>835</ele></trkpt>
      <trkpt lat="30.135888" lon="118.811217"><ele>830</ele></trkpt>
      <trkpt lat="30.135905" lon="118.811105"><ele>827</ele></trkpt>
      <trkpt lat="30.13591" lon="118.810997"><ele>822</ele></trkpt>
      <trkpt lat="30.13586" lon="118.811037"><ele>822</ele></trkpt>
      <trkpt lat="30.135835" lon="118.810981"><ele>817</ele></trkpt>
      <trkpt lat="30.135834" lon="118.810883"><ele>815</ele></trkpt>
      <trkpt lat="30.135841" lon="118.810761"><ele>812</ele></trkpt>
      <trkpt lat="30.135847" lon="118.810645"><ele>809</ele></trkpt>
      <trkpt lat="30.13587" lon="118.810537"><ele>806</ele></trkpt>
      <trkpt lat="30.135875" lon="118.810412"><ele>807</ele></trkpt>
      <trkpt lat="30.135811" lon="118.810321"><ele>802</ele></trkpt>
      <trkpt lat="30.135921" lon="118.810389"><ele>802</ele></trkpt>
      <trkpt lat="30.135881" lon="118.810485"><ele>804</ele></trkpt>
      <trkpt lat="30.135938" lon="118.810387"><ele>807</ele></trkpt>
      <trkpt lat="30.135942" lon="118.810253"><ele>799</ele></trkpt>
      <trkpt lat="30.135942" lon="118.810131"><ele>800</ele></trkpt>
      <trkpt lat="30.135968" lon="118.810025"><ele>797</ele></trkpt>
      <trkpt lat="30.135993" lon="118.809907"><ele>796</ele></trkpt>
      <trkpt lat="30.135998" lon="118.809795"><ele>795</ele></trkpt>
      <trkpt lat="30.135982" lon="118.80969"><ele>796</ele></trkpt>
      <trkpt lat="30.135984" lon="118.809583"><ele>793</ele></trkpt>
      <trkpt lat="30.136012" lon="118.809478"><ele>790</ele></trkpt>
      <trkpt lat="30.136049" lon="118.809369"><ele>787</ele></trkpt>
      <trkpt lat="30.136068" lon="118.809257"><ele>785</ele></trkpt>
      <trkpt lat="30.136116" lon="118.809168"><ele>783</ele></trkpt>
      <trkpt lat="30.13614" lon="118.809065"><ele>782</ele></trkpt>
      <trkpt lat="30.136135" lon="118.808956"><ele>778</ele></trkpt>
      <trkpt lat="30.136117" lon="118.808846"><ele>774</ele></trkpt>
      <trkpt lat="30.136113" lon="118.808728"><ele>771</ele></trkpt>
      <trkpt lat="30.13615" lon="118.808617"><ele>769</ele></trkpt>
      <trkpt lat="30.136171" lon="118.808501"><ele>769</ele></trkpt>
      <trkpt lat="30.136168" lon="118.808342"><ele>768</ele></trkpt>
      <trkpt lat="30.136164" lon="118.808206"><ele>769</ele></trkpt>
      <trkpt lat="30.13615" lon="118.808091"><ele>767</ele></trkpt>
      <trkpt lat="30.136139" lon="118.807971"><ele>766</ele></trkpt>
      <trkpt lat="30.136127" lon="118.807862"><ele>766</ele></trkpt>
      <trkpt lat="30.136141" lon="118.807751"><ele>764</ele></trkpt>
      <trkpt lat="30.13617" lon="118.80765"><ele>762</ele></trkpt>
      <trkpt lat="30.136214" lon="118.807545"><ele>760</ele></trkpt>
      <trkpt lat="30.136244" lon="118.80742"><ele>761</ele></trkpt>
      <trkpt lat="30.136271" lon="118.807298"><ele>760</ele></trkpt>
      <trkpt lat="30.136301" lon="118.807177"><ele>759</ele></trkpt>
      <trkpt lat="30.13632" lon="118.80706"><ele>758</ele></trkpt>
      <trkpt lat="30.136336" lon="118.806954"><ele>757</ele></trkpt>
      <trkpt lat="30.136356" lon="118.806832"><ele>754</ele></trkpt>
      <trkpt lat="30.136388" lon="118.806723"><ele>753</ele></trkpt>
      <trkpt lat="30.136429" lon="118.806624"><ele>753</ele></trkpt>
      <trkpt lat="30.136491" lon="118.806523"><ele>751</ele></trkpt>
      <trkpt lat="30.136586" lon="118.806436"><ele>748</ele></trkpt>
      <trkpt lat="30.136673" lon="118.806375"><ele>747</ele></trkpt>
      <trkpt lat="30.13676" lon="118.806317"><ele>746</ele></trkpt>
      <trkpt lat="30.136866" lon="118.806283"><ele>745</ele></trkpt>
      <trkpt lat="30.136972" lon="118.806262"><ele>744</ele></trkpt>
      <trkpt lat="30.137073" lon="118.806206"><ele>743</ele></trkpt>
      <trkpt lat="30.137129" lon="118.806116"><ele>741</ele></trkpt>
      <trkpt lat="30.137153" lon="118.806001"><ele>741</ele></trkpt>
      <trkpt lat="30.137182" lon="118.805896"><ele>741</ele></trkpt>
      <trkpt lat="30.137239" lon="118.805788"><ele>740</ele></trkpt>
      <trkpt lat="30.137305" lon="118.805692"><ele>738</ele></trkpt>
      <trkpt lat="30.137384" lon="118.805597"><ele>737</ele></trkpt>
      <trkpt lat="30.137461" lon="118.805494"><ele>737</ele></trkpt>
      <trkpt lat="30.137536" lon="118.805404"><ele>736</ele></trkpt>
      <trkpt lat="30.13762" lon="118.805327"><ele>736</ele></trkpt>
      <trkpt lat="30.137692" lon="118.805235"><ele>735</ele></trkpt>
      <trkpt lat="30.13773" lon="118.805128"><ele>736</ele></trkpt>
      <trkpt lat="30.137808" lon="118.805138"><ele>732</ele></trkpt>
      <trkpt lat="30.137887" lon="118.805089"><ele>732</ele></trkpt>
      <trkpt lat="30.137792" lon="118.805109"><ele>732</ele></trkpt>
      <trkpt lat="30.137699" lon="118.805096"><ele>732</ele></trkpt>
      <trkpt lat="30.137605" lon="118.805141"><ele>733</ele></trkpt>
      <trkpt lat="30.137515" lon="118.805203"><ele>731</ele></trkpt>
      <trkpt lat="30.137513" lon="118.805142"><ele>725</ele></trkpt>
      <trkpt lat="30.137547" lon="118.805034"><ele>725</ele></trkpt>
      <trkpt lat="30.137617" lon="118.804936"><ele>725</ele></trkpt>
      <trkpt lat="30.137722" lon="118.804843"><ele>721</ele></trkpt>
      <trkpt lat="30.137827" lon="118.804795"><ele>720</ele></trkpt>
      <trkpt lat="30.137785" lon="118.804807"><ele>718</ele></trkpt>
      <trkpt lat="30.137698" lon="118.804866"><ele>716</ele></trkpt>
      <trkpt lat="30.137616" lon="118.804973"><ele>713</ele></trkpt>
      <trkpt lat="30.137519" lon="118.805085"><ele>713</ele></trkpt>
      <trkpt lat="30.137583" lon="118.80503"><ele>715</ele></trkpt>
      <trkpt lat="30.137658" lon="118.804944"><ele>713</ele></trkpt>
      <trkpt lat="30.137742" lon="118.804891"><ele>710</ele></trkpt>
      <trkpt lat="30.137848" lon="118.804843"><ele>713</ele></trkpt>
      <trkpt lat="30.137953" lon="118.804816"><ele>712</ele></trkpt>
      <trkpt lat="30.138049" lon="118.804787"><ele>711</ele></trkpt>
      <trkpt lat="30.138159" lon="118.80477"><ele>710</ele></trkpt>
      <trkpt lat="30.138264" lon="118.804733"><ele>708</ele></trkpt>
      <trkpt lat="30.138343" lon="118.804667"><ele>706</ele></trkpt>
      <trkpt lat="30.138432" lon="118.80461"><ele>705</ele></trkpt>
      <trkpt lat="30.138563" lon="118.804613"><ele>706</ele></trkpt>
      <trkpt lat="30.138685" lon="118.804636"><ele>706</ele></trkpt>
      <trkpt lat="30.138808" lon="118.80465"><ele>706</ele></trkpt>
      <trkpt lat="30.138927" lon="118.804629"><ele>705</ele></trkpt>
      <trkpt lat="30.139038" lon="118.804596"><ele>703</ele></trkpt>
      <trkpt lat="30.139154" lon="118.804531"><ele>700</ele></trkpt>
      <trkpt lat="30.139251" lon="118.804485"><ele>699</ele></trkpt>
      <trkpt lat="30.139365" lon="118.804574"><ele>703</ele></trkpt>
      <trkpt lat="30.139428" lon="118.804665"><ele>702</ele></trkpt>
      <trkpt lat="30.139478" lon="118.804768"><ele>699</ele></trkpt>
      <trkpt lat="30.139541" lon="118.804865"><ele>699</ele></trkpt>
      <trkpt lat="30.139641" lon="118.804951"><ele>690</ele></trkpt>
      <trkpt lat="30.139714" lon="118.805025"><ele>690</ele></trkpt>
      <trkpt lat="30.139795" lon="118.805091"><ele>690</ele></trkpt>
      <trkpt lat="30.139914" lon="118.805147"><ele>693</ele></trkpt>
      <trkpt lat="30.140014" lon="118.805184"><ele>695</ele></trkpt>
      <trkpt lat="30.140096" lon="118.805137"><ele>697</ele></trkpt>
      <trkpt lat="30.140109" lon="118.805035"><ele>697</ele></trkpt>
      <trkpt lat="30.14015" lon="118.805066"><ele>696</ele></trkpt>
      <trkpt lat="30.140219" lon="118.805137"><ele>694</ele></trkpt>
      <trkpt lat="30.140285" lon="118.805224"><ele>684</ele></trkpt>
      <trkpt lat="30.14037" lon="118.805251"><ele>678</ele></trkpt>
      <trkpt lat="30.140418" lon="118.805328"><ele>674</ele></trkpt>
      <trkpt lat="30.1405" lon="118.805365"><ele>672</ele></trkpt>
      <trkpt lat="30.140614" lon="118.805348"><ele>672</ele></trkpt>
      <trkpt lat="30.140727" lon="118.805352"><ele>670</ele></trkpt>
      <trkpt lat="30.140825" lon="118.805331"><ele>669</ele></trkpt>
      <trkpt lat="30.140908" lon="118.805379"><ele>662</ele></trkpt>
      <trkpt lat="30.141002" lon="118.80542"><ele>646</ele></trkpt>
      <trkpt lat="30.140992" lon="118.805351"><ele>638</ele></trkpt>
      <trkpt lat="30.140903" lon="118.805311"><ele>639</ele></trkpt>
      <trkpt lat="30.14082" lon="118.805236"><ele>643</ele></trkpt>
      <trkpt lat="30.140727" lon="118.805248"><ele>643</ele></trkpt>
      <trkpt lat="30.140628" lon="118.805243"><ele>644</ele></trkpt>
      <trkpt lat="30.140716" lon="118.805309"><ele>654</ele></trkpt>
      <trkpt lat="30.140813" lon="118.805288"><ele>655</ele></trkpt>
      <trkpt lat="30.140861" lon="118.805379"><ele>652</ele></trkpt>
      <trkpt lat="30.14095" lon="118.805388"><ele>650</ele></trkpt>
      <trkpt lat="30.141026" lon="118.805459"><ele>646</ele></trkpt>
      <trkpt lat="30.141093" lon="118.805533"><ele>648</ele></trkpt>
      <trkpt lat="30.141033" lon="118.805456"><ele>644</ele></trkpt>
      <trkpt lat="30.141085" lon="118.805367"><ele>635</ele></trkpt>
      <trkpt lat="30.141082" lon="118.805259"><ele>634</ele></trkpt>
      <trkpt lat="30.141055" lon="118.805155"><ele>631</ele></trkpt>
      <trkpt lat="30.141057" lon="118.805045"><ele>631</ele></trkpt>
      <trkpt lat="30.141039" lon="118.804924"><ele>629</ele></trkpt>
      <trkpt lat="30.141013" lon="118.80481"><ele>629</ele></trkpt>
      <trkpt lat="30.141003" lon="118.804684"><ele>629</ele></trkpt>
      <trkpt lat="30.140991" lon="118.804558"><ele>626</ele></trkpt>
      <trkpt lat="30.140959" lon="118.804452"><ele>627</ele></trkpt>
      <trkpt lat="30.140932" lon="118.804348"><ele>628</ele></trkpt>
      <trkpt lat="30.140921" lon="118.804244"><ele>630</ele></trkpt>
      <trkpt lat="30.140878" lon="118.804149"><ele>630</ele></trkpt>
      <trkpt lat="30.140808" lon="118.804083"><ele>630</ele></trkpt>
      <trkpt lat="30.140717" lon="118.804023"><ele>630</ele></trkpt>
      <trkpt lat="30.140631" lon="118.803948"><ele>630</ele></trkpt>
      <trkpt lat="30.140543" lon="118.803967"><ele>633</ele></trkpt>
      <trkpt lat="30.140452" lon="118.804007"><ele>636</ele></trkpt>
      <trkpt lat="30.140385" lon="118.803938"><ele>638</ele></trkpt>
      <trkpt lat="30.140336" lon="118.803818"><ele>636</ele></trkpt>
      <trkpt lat="30.140266" lon="118.803852"><ele>631</ele></trkpt>
      <trkpt lat="30.140193" lon="118.803788"><ele>630</ele></trkpt>
      <trkpt lat="30.140104" lon="118.80377"><ele>629</ele></trkpt>
      <trkpt lat="30.140022" lon="118.803712"><ele>628</ele></trkpt>
      <trkpt lat="30.139957" lon="118.803631"><ele>634</ele></trkpt>
      <trkpt lat="30.139866" lon="118.80357"><ele>634</ele></trkpt>
      <trkpt lat="30.139779" lon="118.80352"><ele>633</ele></trkpt>
      <trkpt lat="30.139695" lon="118.803447"><ele>633</ele></trkpt>
      <trkpt lat="30.139625" lon="118.803365"><ele>632</ele></trkpt>
      <trkpt lat="30.139592" lon="118.803247"><ele>632</ele></trkpt>
      <trkpt lat="30.139624" lon="118.803123"><ele>631</ele></trkpt>
      <trkpt lat="30.139704" lon="118.803025"><ele>631</ele></trkpt>
      <trkpt lat="30.13978" lon="118.802939"><ele>630</ele></trkpt>
      <trkpt lat="30.139861" lon="118.802872"><ele>629</ele></trkpt>
      <trkpt lat="30.139943" lon="118.802805"><ele>629</ele></trkpt>
      <trkpt lat="30.140014" lon="118.802722"><ele>628</ele></trkpt>
      <trkpt lat="30.140071" lon="118.802623"><ele>627</ele></trkpt>
      <trkpt lat="30.140118" lon="118.802528"><ele>630</ele></trkpt>
      <trkpt lat="30.14015" lon="118.802428"><ele>631</ele></trkpt>
      <trkpt lat="30.140202" lon="118.802346"><ele>631</ele></trkpt>
      <trkpt lat="30.140269" lon="118.802262"><ele>630</ele></trkpt>
      <trkpt lat="30.140316" lon="118.802155"><ele>630</ele></trkpt>
      <trkpt lat="30.140344" lon="118.802044"><ele>629</ele></trkpt>
      <trkpt lat="30.140387" lon="118.801935"><ele>629</ele></trkpt>
      <trkpt lat="30.140399" lon="118.801828"><ele>633</ele></trkpt>
      <trkpt lat="30.140396" lon="118.801721"><ele>633</ele></trkpt>
      <trkpt lat="30.140354" lon="118.801615"><ele>634</ele></trkpt>
      <trkpt lat="30.140296" lon="118.80151"><ele>634</ele></trkpt>
      <trkpt lat="30.140233" lon="118.801415"><ele>633</ele></trkpt>
      <trkpt lat="30.14019" lon="118.801314"><ele>634</ele></trkpt>
      <trkpt lat="30.140127" lon="118.801225"><ele>635</ele></trkpt>
      <trkpt lat="30.140056" lon="118.801152"><ele>634</ele></trkpt>
      <trkpt lat="30.139977" lon="118.801088"><ele>633</ele></trkpt>
      <trkpt lat="30.139913" lon="118.801012"><ele>632</ele></trkpt>
      <trkpt lat="30.139846" lon="118.800936"><ele>631</ele></trkpt>
      <trkpt lat="30.139782" lon="118.800862"><ele>627</ele></trkpt>
      <trkpt lat="30.139718" lon="118.800767"><ele>623</ele></trkpt>
      <trkpt lat="30.139682" lon="118.800665"><ele>624</ele></trkpt>
      <trkpt lat="30.139618" lon="118.800589"><ele>629</ele></trkpt>
      <trkpt lat="30.139572" lon="118.800494"><ele>631</ele></trkpt>
      <trkpt lat="30.139553" lon="118.800379"><ele>634</ele></trkpt>
      <trkpt lat="30.139538" lon="118.800251"><ele>634</ele></trkpt>
      <trkpt lat="30.139512" lon="118.800131"><ele>634</ele></trkpt>
      <trkpt lat="30.139486" lon="118.800023"><ele>634</ele></trkpt>
      <trkpt lat="30.139456" lon="118.799919"><ele>635</ele></trkpt>
      <trkpt lat="30.139417" lon="118.799805"><ele>636</ele></trkpt>
      <trkpt lat="30.139394" lon="118.799689"><ele>635</ele></trkpt>
      <trkpt lat="30.13936" lon="118.799584"><ele>636</ele></trkpt>
      <trkpt lat="30.139314" lon="118.799477"><ele>636</ele></trkpt>
      <trkpt lat="30.139264" lon="118.799383"><ele>636</ele></trkpt>
      <trkpt lat="30.13919" lon="118.799318"><ele>634</ele></trkpt>
      <trkpt lat="30.13915" lon="118.799216"><ele>635</ele></trkpt>
      <trkpt lat="30.139125" lon="118.799108"><ele>635</ele></trkpt>
      <trkpt lat="30.139123" lon="118.799"><ele>637</ele></trkpt>
      <trkpt lat="30.139134" lon="118.798892"><ele>637</ele></trkpt>
      <trkpt lat="30.139131" lon="118.79877"><ele>636</ele></trkpt>
      <trkpt lat="30.139168" lon="118.798661"><ele>636</ele></trkpt>
      <trkpt lat="30.139243" lon="118.798578"><ele>632</ele></trkpt>
      <trkpt lat="30.139333" lon="118.798534"><ele>630</ele></trkpt>
      <trkpt lat="30.139434" lon="118.798558"><ele>632</ele></trkpt>
      <trkpt lat="30.139526" lon="118.79862"><ele>632</ele></trkpt>
      <trkpt lat="30.139615" lon="118.798681"><ele>632</ele></trkpt>
      <trkpt lat="30.139713" lon="118.798736"><ele>632</ele></trkpt>
      <trkpt lat="30.139808" lon="118.798785"><ele>631</ele></trkpt>
      <trkpt lat="30.139904" lon="118.798805"><ele>633</ele></trkpt>
      <trkpt lat="30.139994" lon="118.79883"><ele>632</ele></trkpt>
      <trkpt lat="30.140089" lon="118.798864"><ele>632</ele></trkpt>
      <trkpt lat="30.140194" lon="118.798906"><ele>632</ele></trkpt>
      <trkpt lat="30.140302" lon="118.798903"><ele>631</ele></trkpt>
      <trkpt lat="30.140401" lon="118.798888"><ele>630</ele></trkpt>
      <trkpt lat="30.140502" lon="118.798871"><ele>630</ele></trkpt>
      <trkpt lat="30.140608" lon="118.798844"><ele>629</ele></trkpt>
      <trkpt lat="30.140704" lon="118.798791"><ele>628</ele></trkpt>
      <trkpt lat="30.140793" lon="118.798737"><ele>628</ele></trkpt>
      <trkpt lat="30.14087" lon="118.79866"><ele>629</ele></trkpt>
      <trkpt lat="30.140951" lon="118.798594"><ele>627</ele></trkpt>
      <trkpt lat="30.141044" lon="118.79858"><ele>626</ele></trkpt>
      <trkpt lat="30.141138" lon="118.798601"><ele>626</ele></trkpt>
      <trkpt lat="30.141238" lon="118.798633"><ele>626</ele></trkpt>
      <trkpt lat="30.141332" lon="118.798645"><ele>626</ele></trkpt>
      <trkpt lat="30.141412" lon="118.798698"><ele>627</ele></trkpt>
      <trkpt lat="30.14149" lon="118.798757"><ele>630</ele></trkpt>
      <trkpt lat="30.141588" lon="118.798806"><ele>629</ele></trkpt>
      <trkpt lat="30.141683" lon="118.798817"><ele>628</ele></trkpt>
      <trkpt lat="30.141747" lon="118.798737"><ele>628</ele></trkpt>
      <trkpt lat="30.141718" lon="118.798621"><ele>628</ele></trkpt>
      <trkpt lat="30.141635" lon="118.798551"><ele>627</ele></trkpt>
      <trkpt lat="30.141541" lon="118.798477"><ele>627</ele></trkpt>
      <trkpt lat="30.141445" lon="118.798428"><ele>626</ele></trkpt>
      <trkpt lat="30.141359" lon="118.798368"><ele>626</ele></trkpt>
      <trkpt lat="30.141278" lon="118.798309"><ele>626</ele></trkpt>
      <trkpt lat="30.141193" lon="118.798263"><ele>626</ele></trkpt>
      <trkpt lat="30.141113" lon="118.798212"><ele>625</ele></trkpt>
      <trkpt lat="30.141034" lon="118.798162"><ele>627</ele></trkpt>
      <trkpt lat="30.140948" lon="118.798082"><ele>633</ele></trkpt>
      <trkpt lat="30.140887" lon="118.797986"><ele>633</ele></trkpt>
      <trkpt lat="30.140824" lon="118.79789"><ele>632</ele></trkpt>
      <trkpt lat="30.14077" lon="118.797791"><ele>634</ele></trkpt>
      <trkpt lat="30.14074" lon="118.797679"><ele>633</ele></trkpt>
      <trkpt lat="30.140719" lon="118.797559"><ele>633</ele></trkpt>
      <trkpt lat="30.140706" lon="118.797449"><ele>633</ele></trkpt>
      <trkpt lat="30.140714" lon="118.79733"><ele>633</ele></trkpt>
      <trkpt lat="30.140758" lon="118.797231"><ele>632</ele></trkpt>
      <trkpt lat="30.140811" lon="118.797138"><ele>630</ele></trkpt>
      <trkpt lat="30.140865" lon="118.797051"><ele>628</ele></trkpt>
      <trkpt lat="30.140911" lon="118.796955"><ele>624</ele></trkpt>
      <trkpt lat="30.140945" lon="118.796842"><ele>622</ele></trkpt>
      <trkpt lat="30.140961" lon="118.796715"><ele>621</ele></trkpt>
      <trkpt lat="30.140979" lon="118.796591"><ele>619</ele></trkpt>
      <trkpt lat="30.140976" lon="118.796472"><ele>620</ele></trkpt>
      <trkpt lat="30.140955" lon="118.796347"><ele>624</ele></trkpt>
      <trkpt lat="30.140914" lon="118.796232"><ele>623</ele></trkpt>
      <trkpt lat="30.140884" lon="118.796119"><ele>623</ele></trkpt>
      <trkpt lat="30.140833" lon="118.796028"><ele>622</ele></trkpt>
      <trkpt lat="30.140777" lon="118.795934"><ele>621</ele></trkpt>
      <trkpt lat="30.140721" lon="118.795848"><ele>620</ele></trkpt>
      <trkpt lat="30.140657" lon="118.795766"><ele>620</ele></trkpt>
      <trkpt lat="30.140645" lon="118.795654"><ele>620</ele></trkpt>
      <trkpt lat="30.140681" lon="118.795541"><ele>619</ele></trkpt>
      <trkpt lat="30.140719" lon="118.795434"><ele>617</ele></trkpt>
      <trkpt lat="30.140715" lon="118.795318"><ele>614</ele></trkpt>
      <trkpt lat="30.140731" lon="118.795209"><ele>614</ele></trkpt>
      <trkpt lat="30.140741" lon="118.795088"><ele>614</ele></trkpt>
      <trkpt lat="30.140723" lon="118.794967"><ele>613</ele></trkpt>
      <trkpt lat="30.140684" lon="118.794853"><ele>612</ele></trkpt>
      <trkpt lat="30.140634" lon="118.794758"><ele>612</ele></trkpt>
      <trkpt lat="30.140584" lon="118.794658"><ele>611</ele></trkpt>
      <trkpt lat="30.140521" lon="118.794575"><ele>611</ele></trkpt>
      <trkpt lat="30.140478" lon="118.79448"><ele>610</ele></trkpt>
      <trkpt lat="30.140443" lon="118.794379"><ele>610</ele></trkpt>
      <trkpt lat="30.14037" lon="118.79429"><ele>610</ele></trkpt>
      <trkpt lat="30.140314" lon="118.794192"><ele>610</ele></trkpt>
      <trkpt lat="30.140277" lon="118.794088"><ele>610</ele></trkpt>
      <trkpt lat="30.140244" lon="118.793978"><ele>608</ele></trkpt>
      <trkpt lat="30.140198" lon="118.793878"><ele>607</ele></trkpt>
      <trkpt lat="30.140145" lon="118.793775"><ele>607</ele></trkpt>
      <trkpt lat="30.140079" lon="118.793671"><ele>608</ele></trkpt>
      <trkpt lat="30.140024" lon="118.793564"><ele>607</ele></trkpt>
      <trkpt lat="30.139962" lon="118.793472"><ele>607</ele></trkpt>
      <trkpt lat="30.139902" lon="118.793387"><ele>608</ele></trkpt>
      <trkpt lat="30.139826" lon="118.793311"><ele>607</ele></trkpt>
      <trkpt lat="30.139769" lon="118.793227"><ele>607</ele></trkpt>
      <trkpt lat="30.13972" lon="118.793132"><ele>605</ele></trkpt>
      <trkpt lat="30.139657" lon="118.793036"><ele>603</ele></trkpt>
      <trkpt lat="30.139598" lon="118.792945"><ele>602</ele></trkpt>
      <trkpt lat="30.139531" lon="118.792856"><ele>601</ele></trkpt>
      <trkpt lat="30.139479" lon="118.792753"><ele>600</ele></trkpt>
      <trkpt lat="30.13944" lon="118.792636"><ele>600</ele></trkpt>
      <trkpt lat="30.139402" lon="118.792533"><ele>600</ele></trkpt>
      <trkpt lat="30.139411" lon="118.792431"><ele>600</ele></trkpt>
      <trkpt lat="30.139381" lon="118.792332"><ele>598</ele></trkpt>
      <trkpt lat="30.139352" lon="118.792228"><ele>595</ele></trkpt>
      <trkpt lat="30.139349" lon="118.792119"><ele>594</ele></trkpt>
      <trkpt lat="30.13937" lon="118.792012"><ele>594</ele></trkpt>
      <trkpt lat="30.139394" lon="118.791877"><ele>594</ele></trkpt>
      <trkpt lat="30.139422" lon="118.791742"><ele>594</ele></trkpt>
      <trkpt lat="30.13946" lon="118.791632"><ele>595</ele></trkpt>
      <trkpt lat="30.139513" lon="118.791533"><ele>594</ele></trkpt>
      <trkpt lat="30.139572" lon="118.791436"><ele>593</ele></trkpt>
      <trkpt lat="30.139626" lon="118.791338"><ele>593</ele></trkpt>
      <trkpt lat="30.139662" lon="118.791239"><ele>593</ele></trkpt>
      <trkpt lat="30.139677" lon="118.791126"><ele>593</ele></trkpt>
      <trkpt lat="30.139664" lon="118.791003"><ele>592</ele></trkpt>
      <trkpt lat="30.139638" lon="118.790894"><ele>590</ele></trkpt>
      <trkpt lat="30.139607" lon="118.790779"><ele>589</ele></trkpt>
      <trkpt lat="30.139575" lon="118.790658"><ele>590</ele></trkpt>
      <trkpt lat="30.139518" lon="118.790563"><ele>590</ele></trkpt>
      <trkpt lat="30.139488" lon="118.790458"><ele>590</ele></trkpt>
      <trkpt lat="30.13945" lon="118.790362"><ele>590</ele></trkpt>
      <trkpt lat="30.139402" lon="118.790271"><ele>589</ele></trkpt>
      <trkpt lat="30.13935" lon="118.790177"><ele>591</ele></trkpt>
      <trkpt lat="30.139287" lon="118.790092"><ele>592</ele></trkpt>
      <trkpt lat="30.139204" lon="118.79002"><ele>592</ele></trkpt>
      <trkpt lat="30.139109" lon="118.789947"><ele>592</ele></trkpt>
      <trkpt lat="30.139022" lon="118.789892"><ele>591</ele></trkpt>
      <trkpt lat="30.138937" lon="118.789842"><ele>591</ele></trkpt>
      <trkpt lat="30.138837" lon="118.789805"><ele>590</ele></trkpt>
      <trkpt lat="30.138732" lon="118.789756"><ele>590</ele></trkpt>
      <trkpt lat="30.138641" lon="118.789709"><ele>590</ele></trkpt>
      <trkpt lat="30.138547" lon="118.789651"><ele>590</ele></trkpt>
      <trkpt lat="30.13846" lon="118.789604"><ele>588</ele></trkpt>
      <trkpt lat="30.138381" lon="118.789549"><ele>588</ele></trkpt>
      <trkpt lat="30.138296" lon="118.789482"><ele>590</ele></trkpt>
      <trkpt lat="30.138231" lon="118.789394"><ele>590</ele></trkpt>
      <trkpt lat="30.138166" lon="118.78931"><ele>591</ele></trkpt>
      <trkpt lat="30.138112" lon="118.789215"><ele>589</ele></trkpt>
      <trkpt lat="30.138061" lon="118.789114"><ele>588</ele></trkpt>
      <trkpt lat="30.137988" lon="118.789007"><ele>588</ele></trkpt>
      <trkpt lat="30.13792" lon="118.788909"><ele>588</ele></trkpt>
      <trkpt lat="30.137865" lon="118.788799"><ele>588</ele></trkpt>
      <trkpt lat="30.137824" lon="118.788684"><ele>587</ele></trkpt>
      <trkpt lat="30.137791" lon="118.788569"><ele>585</ele></trkpt>
      <trkpt lat="30.137794" lon="118.788459"><ele>585</ele></trkpt>
      <trkpt lat="30.137827" lon="118.788348"><ele>582</ele></trkpt>
      <trkpt lat="30.137879" lon="118.788246"><ele>581</ele></trkpt>
      <trkpt lat="30.137936" lon="118.788141"><ele>579</ele></trkpt>
      <trkpt lat="30.137976" lon="118.788041"><ele>579</ele></trkpt>
      <trkpt lat="30.138013" lon="118.787941"><ele>578</ele></trkpt>
      <trkpt lat="30.138041" lon="118.787826"><ele>578</ele></trkpt>
      <trkpt lat="30.138046" lon="118.787709"><ele>579</ele></trkpt>
      <trkpt lat="30.138038" lon="118.787583"><ele>580</ele></trkpt>
      <trkpt lat="30.137997" lon="118.787466"><ele>579</ele></trkpt>
      <trkpt lat="30.137945" lon="118.78737"><ele>579</ele></trkpt>
      <trkpt lat="30.137886" lon="118.787283"><ele>580</ele></trkpt>
      <trkpt lat="30.137825" lon="118.787184"><ele>580</ele></trkpt>
      <trkpt lat="30.137772" lon="118.787081"><ele>580</ele></trkpt>
      <trkpt lat="30.137704" lon="118.786997"><ele>580</ele></trkpt>
      <trkpt lat="30.137639" lon="118.786915"><ele>581</ele></trkpt>
      <trkpt lat="30.137565" lon="118.786838"><ele>581</ele></trkpt>
      <trkpt lat="30.137508" lon="118.786746"><ele>583</ele></trkpt>
      <trkpt lat="30.137453" lon="118.786652"><ele>582</ele></trkpt>
      <trkpt lat="30.137401" lon="118.786552"><ele>581</ele></trkpt>
      <trkpt lat="30.137387" lon="118.786429"><ele>581</ele></trkpt>
      <trkpt lat="30.137387" lon="118.786312"><ele>580</ele></trkpt>
      <trkpt lat="30.137422" lon="118.786194"><ele>578</ele></trkpt>
      <trkpt lat="30.137493" lon="118.78609"><ele>575</ele></trkpt>
      <trkpt lat="30.137549" lon="118.785989"><ele>573</ele></trkpt>
      <trkpt lat="30.137546" lon="118.785887"><ele>575</ele></trkpt>
      <trkpt lat="30.137618" lon="118.785951"><ele>575</ele></trkpt>
      <trkpt lat="30.137654" lon="118.785981"><ele>575</ele></trkpt>
      <trkpt lat="30.137583" lon="118.78602"><ele>575</ele></trkpt>
      <trkpt lat="30.137714" lon="118.786005"><ele>575</ele></trkpt>
      <trkpt lat="30.137782" lon="118.786114"><ele>576</ele></trkpt>
      <trkpt lat="30.137747" lon="118.786102"><ele>576</ele></trkpt>
      <trkpt lat="30.137706" lon="118.786068"><ele>576</ele></trkpt>
      <trkpt lat="30.137689" lon="118.786135"><ele>576</ele></trkpt>
      <trkpt lat="30.137687" lon="118.786204"><ele>576</ele></trkpt>
      <trkpt lat="30.137815" lon="118.786364"><ele>576</ele></trkpt>
      <trkpt lat="30.137528" lon="118.786083"><ele>576</ele></trkpt>
      <trkpt lat="30.137519" lon="118.785943"><ele>582</ele></trkpt>
      <trkpt lat="30.137581" lon="118.78585"><ele>581</ele></trkpt>
      <trkpt lat="30.137603" lon="118.785908"><ele>570</ele></trkpt>
      <trkpt lat="30.137518" lon="118.785833"><ele>578</ele></trkpt>
      <trkpt lat="30.137575" lon="118.785917"><ele>577</ele></trkpt>
      <trkpt lat="30.13767" lon="118.785964"><ele>574</ele></trkpt>
      <trkpt lat="30.137595" lon="118.785925"><ele>572</ele></trkpt>
      <trkpt lat="30.137636" lon="118.785949"><ele>574</ele></trkpt>
      <trkpt lat="30.137638" lon="118.785877"><ele>575</ele></trkpt>
      <trkpt lat="30.137725" lon="118.785751"><ele>575</ele></trkpt>
      <trkpt lat="30.137781" lon="118.785659"><ele>575</ele></trkpt>
      <trkpt lat="30.137845" lon="118.785573"><ele>575</ele></trkpt>
      <trkpt lat="30.137886" lon="118.78545"><ele>575</ele></trkpt>
      <trkpt lat="30.13791" lon="118.785328"><ele>576</ele></trkpt>
      <trkpt lat="30.137966" lon="118.785221"><ele>576</ele></trkpt>
      <trkpt lat="30.138041" lon="118.785131"><ele>576</ele></trkpt>
      <trkpt lat="30.13808" lon="118.785026"><ele>576</ele></trkpt>
      <trkpt lat="30.138102" lon="118.784903"><ele>576</ele></trkpt>
      <trkpt lat="30.138125" lon="118.784796"><ele>577</ele></trkpt>
      <trkpt lat="30.138133" lon="118.784682"><ele>577</ele></trkpt>
      <trkpt lat="30.138108" lon="118.784576"><ele>574</ele></trkpt>
      <trkpt lat="30.138073" lon="118.784467"><ele>571</ele></trkpt>
      <trkpt lat="30.138042" lon="118.784359"><ele>570</ele></trkpt>
      <trkpt lat="30.138002" lon="118.784244"><ele>568</ele></trkpt>
      <trkpt lat="30.137966" lon="118.78414"><ele>568</ele></trkpt>
      <trkpt lat="30.137947" lon="118.784037"><ele>567</ele></trkpt>
      <trkpt lat="30.137941" lon="118.783928"><ele>566</ele></trkpt>
      <trkpt lat="30.137938" lon="118.783814"><ele>565</ele></trkpt>
      <trkpt lat="30.137948" lon="118.783698"><ele>566</ele></trkpt>
      <trkpt lat="30.137982" lon="118.783579"><ele>567</ele></trkpt>
      <trkpt lat="30.138012" lon="118.78346"><ele>567</ele></trkpt>
      <trkpt lat="30.138038" lon="118.783349"><ele>566</ele></trkpt>
      <trkpt lat="30.138065" lon="118.783244"><ele>566</ele></trkpt>
      <trkpt lat="30.138089" lon="118.783118"><ele>568</ele></trkpt>
      <trkpt lat="30.138088" lon="118.783006"><ele>567</ele></trkpt>
      <trkpt lat="30.138065" lon="118.782889"><ele>566</ele></trkpt>
      <trkpt lat="30.138056" lon="118.782772"><ele>566</ele></trkpt>
      <trkpt lat="30.138074" lon="118.782662"><ele>565</ele></trkpt>
      <trkpt lat="30.138102" lon="118.78255"><ele>564</ele></trkpt>
      <trkpt lat="30.138101" lon="118.782432"><ele>562</ele></trkpt>
      <trkpt lat="30.138064" lon="118.78233"><ele>561</ele></trkpt>
      <trkpt lat="30.138031" lon="118.782228"><ele>562</ele></trkpt>
      <trkpt lat="30.137996" lon="118.782131"><ele>560</ele></trkpt>
      <trkpt lat="30.137952" lon="118.782022"><ele>561</ele></trkpt>
      <trkpt lat="30.1379" lon="118.781907"><ele>560</ele></trkpt>
      <trkpt lat="30.13785" lon="118.781796"><ele>561</ele></trkpt>
      <trkpt lat="30.137786" lon="118.781692"><ele>561</ele></trkpt>
      <trkpt lat="30.137735" lon="118.781597"><ele>560</ele></trkpt>
      <trkpt lat="30.137698" lon="118.781488"><ele>558</ele></trkpt>
      <trkpt lat="30.137678" lon="118.781383"><ele>559</ele></trkpt>
      <trkpt lat="30.137707" lon="118.781279"><ele>557</ele></trkpt>
      <trkpt lat="30.137722" lon="118.781153"><ele>557</ele></trkpt>
      <trkpt lat="30.137711" lon="118.781038"><ele>557</ele></trkpt>
      <trkpt lat="30.137718" lon="118.780927"><ele>557</ele></trkpt>
      <trkpt lat="30.137727" lon="118.780821"><ele>557</ele></trkpt>
      <trkpt lat="30.137754" lon="118.780702"><ele>556</ele></trkpt>
      <trkpt lat="30.13778" lon="118.780595"><ele>557</ele></trkpt>
      <trkpt lat="30.137806" lon="118.780493"><ele>558</ele></trkpt>
      <trkpt lat="30.137825" lon="118.780378"><ele>558</ele></trkpt>
      <trkpt lat="30.137854" lon="118.780263"><ele>558</ele></trkpt>
      <trkpt lat="30.13788" lon="118.780153"><ele>556</ele></trkpt>
      <trkpt lat="30.137922" lon="118.780036"><ele>556</ele></trkpt>
      <trkpt lat="30.137965" lon="118.77993"><ele>556</ele></trkpt>
      <trkpt lat="30.137966" lon="118.779784"><ele>559</ele></trkpt>
      <trkpt lat="30.137924" lon="118.779665"><ele>557</ele></trkpt>
      <trkpt lat="30.137868" lon="118.779565"><ele>554</ele></trkpt>
      <trkpt lat="30.137834" lon="118.779456"><ele>545</ele></trkpt>
      <trkpt lat="30.137832" lon="118.779351"><ele>545</ele></trkpt>
      <trkpt lat="30.137871" lon="118.779208"><ele>544</ele></trkpt>
      <trkpt lat="30.13786" lon="118.779087"><ele>544</ele></trkpt>
      <trkpt lat="30.137827" lon="118.778978"><ele>536</ele></trkpt>
      <trkpt lat="30.137793" lon="118.778866"><ele>535</ele></trkpt>
      <trkpt lat="30.137755" lon="118.778759"><ele>533</ele></trkpt>
      <trkpt lat="30.137727" lon="118.778655"><ele>536</ele></trkpt>
      <trkpt lat="30.137726" lon="118.778524"><ele>534</ele></trkpt>
      <trkpt lat="30.13774" lon="118.778398"><ele>532</ele></trkpt>
      <trkpt lat="30.137752" lon="118.778269"><ele>541</ele></trkpt>
      <trkpt lat="30.137785" lon="118.778163"><ele>551</ele></trkpt>
      <trkpt lat="30.137811" lon="118.778048"><ele>551</ele></trkpt>
      <trkpt lat="30.137791" lon="118.777939"><ele>549</ele></trkpt>
      <trkpt lat="30.137772" lon="118.77783"><ele>549</ele></trkpt>
      <trkpt lat="30.137759" lon="118.777712"><ele>547</ele></trkpt>
      <trkpt lat="30.137707" lon="118.777615"><ele>545</ele></trkpt>
      <trkpt lat="30.13768" lon="118.777501"><ele>543</ele></trkpt>
      <trkpt lat="30.137661" lon="118.777375"><ele>542</ele></trkpt>
      <trkpt lat="30.137662" lon="118.777247"><ele>541</ele></trkpt>
      <trkpt lat="30.137687" lon="118.777134"><ele>543</ele></trkpt>
      <trkpt lat="30.137752" lon="118.77702"><ele>544</ele></trkpt>
      <trkpt lat="30.137791" lon="118.776912"><ele>545</ele></trkpt>
      <trkpt lat="30.137815" lon="118.776808"><ele>545</ele></trkpt>
      <trkpt lat="30.137879" lon="118.776738"><ele>548</ele></trkpt>
      <trkpt lat="30.137951" lon="118.77666"><ele>546</ele></trkpt>
      <trkpt lat="30.137945" lon="118.776564"><ele>543</ele></trkpt>
      <trkpt lat="30.137898" lon="118.776463"><ele>540</ele></trkpt>
      <trkpt lat="30.137845" lon="118.776346"><ele>539</ele></trkpt>
      <trkpt lat="30.137851" lon="118.776239"><ele>538</ele></trkpt>
      <trkpt lat="30.137882" lon="118.776135"><ele>538</ele></trkpt>
      <trkpt lat="30.137906" lon="118.776022"><ele>540</ele></trkpt>
      <trkpt lat="30.137943" lon="118.775916"><ele>539</ele></trkpt>
      <trkpt lat="30.138019" lon="118.775805"><ele>538</ele></trkpt>
      <trkpt lat="30.138011" lon="118.775703"><ele>537</ele></trkpt>
      <trkpt lat="30.137942" lon="118.775614"><ele>537</ele></trkpt>
      <trkpt lat="30.137858" lon="118.775537"><ele>536</ele></trkpt>
      <trkpt lat="30.137792" lon="118.775448"><ele>535</ele></trkpt>
      <trkpt lat="30.137755" lon="118.77535"><ele>534</ele></trkpt>
      <trkpt lat="30.13775" lon="118.775241"><ele>533</ele></trkpt>
      <trkpt lat="30.137767" lon="118.775119"><ele>532</ele></trkpt>
      <trkpt lat="30.137795" lon="118.775001"><ele>529</ele></trkpt>
      <trkpt lat="30.137812" lon="118.774891"><ele>528</ele></trkpt>
      <trkpt lat="30.137877" lon="118.774814"><ele>530</ele></trkpt>
      <trkpt lat="30.137932" lon="118.774719"><ele>531</ele></trkpt>
      <trkpt lat="30.13793" lon="118.774609"><ele>532</ele></trkpt>
      <trkpt lat="30.137908" lon="118.7745"><ele>534</ele></trkpt>
      <trkpt lat="30.137944" lon="118.7744"><ele>536</ele></trkpt>
      <trkpt lat="30.137996" lon="118.774297"><ele>535</ele></trkpt>
      <trkpt lat="30.138001" lon="118.774188"><ele>535</ele></trkpt>
      <trkpt lat="30.138005" lon="118.774072"><ele>534</ele></trkpt>
      <trkpt lat="30.138023" lon="118.773961"><ele>534</ele></trkpt>
      <trkpt lat="30.138018" lon="118.77384"><ele>533</ele></trkpt>
      <trkpt lat="30.137962" lon="118.773734"><ele>533</ele></trkpt>
      <trkpt lat="30.137918" lon="118.773633"><ele>533</ele></trkpt>
      <trkpt lat="30.137899" lon="118.77352"><ele>531</ele></trkpt>
      <trkpt lat="30.137912" lon="118.773404"><ele>530</ele></trkpt>
      <trkpt lat="30.137872" lon="118.77328"><ele>530</ele></trkpt>
      <trkpt lat="30.13783" lon="118.773178"><ele>530</ele></trkpt>
      <trkpt lat="30.137816" lon="118.773069"><ele>532</ele></trkpt>
      <trkpt lat="30.137858" lon="118.772972"><ele>533</ele></trkpt>
      <trkpt lat="30.137939" lon="118.772895"><ele>533</ele></trkpt>
      <trkpt lat="30.138012" lon="118.772795"><ele>532</ele></trkpt>
      <trkpt lat="30.138073" lon="118.772701"><ele>531</ele></trkpt>
      <trkpt lat="30.138119" lon="118.772588"><ele>530</ele></trkpt>
      <trkpt lat="30.138177" lon="118.772503"><ele>529</ele></trkpt>
      <trkpt lat="30.138242" lon="118.772422"><ele>533</ele></trkpt>
      <trkpt lat="30.138325" lon="118.772421"><ele>532</ele></trkpt>
      <trkpt lat="30.138389" lon="118.772361"><ele>532</ele></trkpt>
      <trkpt lat="30.138484" lon="118.772311"><ele>532</ele></trkpt>
      <trkpt lat="30.138512" lon="118.772212"><ele>534</ele></trkpt>
      <trkpt lat="30.138489" lon="118.772085"><ele>531</ele></trkpt>
      <trkpt lat="30.138501" lon="118.771971"><ele>531</ele></trkpt>
      <trkpt lat="30.138551" lon="118.771874"><ele>531</ele></trkpt>
      <trkpt lat="30.138617" lon="118.771781"><ele>531</ele></trkpt>
      <trkpt lat="30.138681" lon="118.771696"><ele>530</ele></trkpt>
      <trkpt lat="30.138732" lon="118.771591"><ele>530</ele></trkpt>
      <trkpt lat="30.138776" lon="118.77149"><ele>530</ele></trkpt>
      <trkpt lat="30.138787" lon="118.771378"><ele>533</ele></trkpt>
      <trkpt lat="30.13882" lon="118.771272"><ele>533</ele></trkpt>
      <trkpt lat="30.138898" lon="118.771272"><ele>532</ele></trkpt>
      <trkpt lat="30.139004" lon="118.771259"><ele>531</ele></trkpt>
      <trkpt lat="30.139101" lon="118.771212"><ele>532</ele></trkpt>
      <trkpt lat="30.139183" lon="118.771151"><ele>531</ele></trkpt>
      <trkpt lat="30.139206" lon="118.771051"><ele>530</ele></trkpt>
      <trkpt lat="30.139231" lon="118.770929"><ele>529</ele></trkpt>
      <trkpt lat="30.139282" lon="118.770837"><ele>528</ele></trkpt>
      <trkpt lat="30.13923" lon="118.770782"><ele>518</ele></trkpt>
      <trkpt lat="30.139168" lon="118.770705"><ele>513</ele></trkpt>
      <trkpt lat="30.139191" lon="118.770605"><ele>512</ele></trkpt>
      <trkpt lat="30.13923" lon="118.770502"><ele>511</ele></trkpt>
      <trkpt lat="30.139302" lon="118.770423"><ele>511</ele></trkpt>
      <trkpt lat="30.139385" lon="118.77036"><ele>511</ele></trkpt>
      <trkpt lat="30.139479" lon="118.770324"><ele>511</ele></trkpt>
      <trkpt lat="30.13957" lon="118.770276"><ele>511</ele></trkpt>
      <trkpt lat="30.139633" lon="118.7702"><ele>512</ele></trkpt>
      <trkpt lat="30.139669" lon="118.7701"><ele>519</ele></trkpt>
      <trkpt lat="30.139714" lon="118.770006"><ele>518</ele></trkpt>
      <trkpt lat="30.139758" lon="118.76991"><ele>516</ele></trkpt>
      <trkpt lat="30.139823" lon="118.769829"><ele>516</ele></trkpt>
      <trkpt lat="30.139906" lon="118.769783"><ele>515</ele></trkpt>
      <trkpt lat="30.139964" lon="118.769708"><ele>513</ele></trkpt>
      <trkpt lat="30.139994" lon="118.769612"><ele>510</ele></trkpt>
      <trkpt lat="30.140069" lon="118.769555"><ele>498</ele></trkpt>
      <trkpt lat="30.140188" lon="118.769574"><ele>500</ele></trkpt>
      <trkpt lat="30.140094" lon="118.769559"><ele>498</ele></trkpt>
      <trkpt lat="30.140178" lon="118.769504"><ele>493</ele></trkpt>
      <trkpt lat="30.140226" lon="118.7694"><ele>493</ele></trkpt>
      <trkpt lat="30.140295" lon="118.769302"><ele>494</ele></trkpt>
      <trkpt lat="30.140355" lon="118.769204"><ele>495</ele></trkpt>
      <trkpt lat="30.140415" lon="118.769101"><ele>494</ele></trkpt>
      <trkpt lat="30.140484" lon="118.769014"><ele>494</ele></trkpt>
      <trkpt lat="30.140581" lon="118.768996"><ele>493</ele></trkpt>
      <trkpt lat="30.140684" lon="118.769016"><ele>493</ele></trkpt>
      <trkpt lat="30.140777" lon="118.769002"><ele>492</ele></trkpt>
      <trkpt lat="30.140873" lon="118.768958"><ele>491</ele></trkpt>
      <trkpt lat="30.140929" lon="118.768875"><ele>489</ele></trkpt>
      <trkpt lat="30.140944" lon="118.768746"><ele>487</ele></trkpt>
      <trkpt lat="30.141" lon="118.768657"><ele>489</ele></trkpt>
      <trkpt lat="30.141084" lon="118.768623"><ele>489</ele></trkpt>
      <trkpt lat="30.141176" lon="118.768598"><ele>487</ele></trkpt>
      <trkpt lat="30.141254" lon="118.768537"><ele>484</ele></trkpt>
      <trkpt lat="30.141342" lon="118.768492"><ele>483</ele></trkpt>
      <trkpt lat="30.141434" lon="118.76848"><ele>477</ele></trkpt>
      <trkpt lat="30.141535" lon="118.768504"><ele>475</ele></trkpt>
      <trkpt lat="30.141608" lon="118.768451"><ele>476</ele></trkpt>
      <trkpt lat="30.141632" lon="118.768344"><ele>474</ele></trkpt>
      <trkpt lat="30.141619" lon="118.768209"><ele>473</ele></trkpt>
      <trkpt lat="30.141596" lon="118.768089"><ele>471</ele></trkpt>
      <trkpt lat="30.141572" lon="118.767977"><ele>471</ele></trkpt>
      <trkpt lat="30.141591" lon="118.767862"><ele>470</ele></trkpt>
      <trkpt lat="30.14166" lon="118.767798"><ele>469</ele></trkpt>
      <trkpt lat="30.141727" lon="118.76771"><ele>469</ele></trkpt>
      <trkpt lat="30.141776" lon="118.767604"><ele>468</ele></trkpt>
      <trkpt lat="30.14183" lon="118.767501"><ele>466</ele></trkpt>
      <trkpt lat="30.141864" lon="118.767397"><ele>465</ele></trkpt>
      <trkpt lat="30.141847" lon="118.767291"><ele>459</ele></trkpt>
      <trkpt lat="30.141852" lon="118.767181"><ele>455</ele></trkpt>
      <trkpt lat="30.141875" lon="118.767073"><ele>453</ele></trkpt>
      <trkpt lat="30.141878" lon="118.766959"><ele>450</ele></trkpt>
      <trkpt lat="30.141855" lon="118.766847"><ele>447</ele></trkpt>
      <trkpt lat="30.141839" lon="118.766728"><ele>445</ele></trkpt>
      <trkpt lat="30.14185" lon="118.766618"><ele>438</ele></trkpt>
      <trkpt lat="30.141964" lon="118.766595"><ele>429</ele></trkpt>
      <trkpt lat="30.14199" lon="118.766473"><ele>429</ele></trkpt>
      <trkpt lat="30.142011" lon="118.766362"><ele>429</ele></trkpt>
      <trkpt lat="30.142006" lon="118.766257"><ele>427</ele></trkpt>
      <trkpt lat="30.141998" lon="118.766152"><ele>427</ele></trkpt>
      <trkpt lat="30.141978" lon="118.766027"><ele>426</ele></trkpt>
      <trkpt lat="30.141999" lon="118.765917"><ele>425</ele></trkpt>
      <trkpt lat="30.142061" lon="118.765813"><ele>424</ele></trkpt>
      <trkpt lat="30.142117" lon="118.765691"><ele>422</ele></trkpt>
      <trkpt lat="30.14216" lon="118.765581"><ele>422</ele></trkpt>
      <trkpt lat="30.142165" lon="118.765455"><ele>422</ele></trkpt>
      <trkpt lat="30.142149" lon="118.765316"><ele>422</ele></trkpt>
      <trkpt lat="30.142111" lon="118.765199"><ele>422</ele></trkpt>
      <trkpt lat="30.142073" lon="118.765081"><ele>422</ele></trkpt>
      <trkpt lat="30.142037" lon="118.764972"><ele>421</ele></trkpt>
      <trkpt lat="30.14202" lon="118.764865"><ele>424</ele></trkpt>
      <trkpt lat="30.142013" lon="118.764747"><ele>423</ele></trkpt>
      <trkpt lat="30.141997" lon="118.764613"><ele>422</ele></trkpt>
      <trkpt lat="30.141994" lon="118.764471"><ele>422</ele></trkpt>
      <trkpt lat="30.141984" lon="118.764321"><ele>421</ele></trkpt>
      <trkpt lat="30.141965" lon="118.764114"><ele>420</ele></trkpt>
      <trkpt lat="30.141922" lon="118.763988"><ele>417</ele></trkpt>
      <trkpt lat="30.141946" lon="118.763896"><ele>416</ele></trkpt>
      <trkpt lat="30.141923" lon="118.763812"><ele>416</ele></trkpt>
      <trkpt lat="30.141882" lon="118.763723"><ele>415</ele></trkpt>
      <trkpt lat="30.141857" lon="118.763859"><ele>411</ele></trkpt>
      <trkpt lat="30.141911" lon="118.763955"><ele>412</ele></trkpt>
      <trkpt lat="30.141922" lon="118.764059"><ele>411</ele></trkpt>
      <trkpt lat="30.141973" lon="118.764139"><ele>412</ele></trkpt>
      <trkpt lat="30.14198" lon="118.764247"><ele>415</ele></trkpt>
      <trkpt lat="30.141972" lon="118.764299"><ele>413</ele></trkpt>
      <trkpt lat="30.141939" lon="118.76438"><ele>426</ele></trkpt>
      <trkpt lat="30.141964" lon="118.764492"><ele>414</ele></trkpt>
      <trkpt lat="30.141974" lon="118.764603"><ele>414</ele></trkpt>
      <trkpt lat="30.141985" lon="118.764716"><ele>415</ele></trkpt>
      <trkpt lat="30.142024" lon="118.764831"><ele>416</ele></trkpt>
      <trkpt lat="30.142049" lon="118.764947"><ele>418</ele></trkpt>
      <trkpt lat="30.142047" lon="118.765071"><ele>419</ele></trkpt>
      <trkpt lat="30.142086" lon="118.765174"><ele>418</ele></trkpt>
      <trkpt lat="30.142125" lon="118.76529"><ele>418</ele></trkpt>
      <trkpt lat="30.142145" lon="118.765414"><ele>418</ele></trkpt>
      <trkpt lat="30.142147" lon="118.765532"><ele>420</ele></trkpt>
      <trkpt lat="30.142131" lon="118.76564"><ele>420</ele></trkpt>
      <trkpt lat="30.142115" lon="118.765756"><ele>419</ele></trkpt>
      <trkpt lat="30.142082" lon="118.765857"><ele>418</ele></trkpt>
      <trkpt lat="30.142028" lon="118.765946"><ele>418</ele></trkpt>
      <trkpt lat="30.141978" lon="118.766043"><ele>419</ele></trkpt>
      <trkpt lat="30.141985" lon="118.766159"><ele>418</ele></trkpt>
      <trkpt lat="30.14199" lon="118.766272"><ele>418</ele></trkpt>
      <trkpt lat="30.141997" lon="118.766394"><ele>419</ele></trkpt>
      <trkpt lat="30.141979" lon="118.766515"><ele>421</ele></trkpt>
      <trkpt lat="30.141951" lon="118.766622"><ele>422</ele></trkpt>
      <trkpt lat="30.141873" lon="118.766651"><ele>422</ele></trkpt>
      <trkpt lat="30.141762" lon="118.766633"><ele>428</ele></trkpt>
      <trkpt lat="30.141652" lon="118.766675"><ele>427</ele></trkpt>
      <trkpt lat="30.141633" lon="118.766772"><ele>425</ele></trkpt>
      <trkpt lat="30.141639" lon="118.766889"><ele>423</ele></trkpt>
      <trkpt lat="30.141654" lon="118.767006"><ele>422</ele></trkpt>
      <trkpt lat="30.141597" lon="118.766993"><ele>418</ele></trkpt>
      <trkpt lat="30.141535" lon="118.766913"><ele>420</ele></trkpt>
      <trkpt lat="30.141477" lon="118.766812"><ele>418</ele></trkpt>
      <trkpt lat="30.141457" lon="118.766694"><ele>415</ele></trkpt>
      <trkpt lat="30.141461" lon="118.766559"><ele>411</ele></trkpt>
      <trkpt lat="30.141434" lon="118.766447"><ele>410</ele></trkpt>
      <trkpt lat="30.141434" lon="118.76634"><ele>407</ele></trkpt>
      <trkpt lat="30.141488" lon="118.76624"><ele>405</ele></trkpt>
      <trkpt lat="30.141565" lon="118.766166"><ele>404</ele></trkpt>
      <trkpt lat="30.141523" lon="118.766064"><ele>402</ele></trkpt>
      <trkpt lat="30.1415" lon="118.76592"><ele>400</ele></trkpt>
      <trkpt lat="30.141436" lon="118.765832"><ele>400</ele></trkpt>
      <trkpt lat="30.141455" lon="118.765741"><ele>404</ele></trkpt>
      <trkpt lat="30.141462" lon="118.765629"><ele>409</ele></trkpt>
      <trkpt lat="30.141483" lon="118.765517"><ele>409</ele></trkpt>
      <trkpt lat="30.141516" lon="118.765414"><ele>411</ele></trkpt>
      <trkpt lat="30.14154" lon="118.765297"><ele>407</ele></trkpt>
      <trkpt lat="30.141567" lon="118.765185"><ele>404</ele></trkpt>
      <trkpt lat="30.141587" lon="118.765075"><ele>401</ele></trkpt>
      <trkpt lat="30.141643" lon="118.764991"><ele>393</ele></trkpt>
      <trkpt lat="30.141757" lon="118.764997"><ele>391</ele></trkpt>
      <trkpt lat="30.141673" lon="118.76503"><ele>390</ele></trkpt>
      <trkpt lat="30.141703" lon="118.765046"><ele>384</ele></trkpt>
      <trkpt lat="30.141678" lon="118.764956"><ele>391</ele></trkpt>
      <trkpt lat="30.141692" lon="118.764848"><ele>386</ele></trkpt>
      <trkpt lat="30.141639" lon="118.764759"><ele>369</ele></trkpt>
      <trkpt lat="30.141569" lon="118.764682"><ele>367</ele></trkpt>
      <trkpt lat="30.141643" lon="118.764609"><ele>362</ele></trkpt>
      <trkpt lat="30.14153" lon="118.764601"><ele>360</ele></trkpt>
      <trkpt lat="30.1415" lon="118.764485"><ele>363</ele></trkpt>
      <trkpt lat="30.141535" lon="118.76437"><ele>354</ele></trkpt>
      <trkpt lat="30.141536" lon="118.764246"><ele>355</ele></trkpt>
      <trkpt lat="30.141506" lon="118.764144"><ele>356</ele></trkpt>
      <trkpt lat="30.141476" lon="118.764035"><ele>356</ele></trkpt>
      <trkpt lat="30.141437" lon="118.763937"><ele>347</ele></trkpt>
      <trkpt lat="30.14134" lon="118.763869"><ele>347</ele></trkpt>
      <trkpt lat="30.141233" lon="118.76381"><ele>346</ele></trkpt>
      <trkpt lat="30.141237" lon="118.763728"><ele>348</ele></trkpt>
      <trkpt lat="30.14129" lon="118.763632"><ele>351</ele></trkpt>
      <trkpt lat="30.141384" lon="118.763527"><ele>351</ele></trkpt>
      <trkpt lat="30.141419" lon="118.763406"><ele>350</ele></trkpt>
      <trkpt lat="30.141427" lon="118.763284"><ele>347</ele></trkpt>
      <trkpt lat="30.141486" lon="118.763204"><ele>346</ele></trkpt>
      <trkpt lat="30.141524" lon="118.763113"><ele>346</ele></trkpt>
      <trkpt lat="30.141595" lon="118.763054"><ele>349</ele></trkpt>
      <trkpt lat="30.141608" lon="118.76295"><ele>350</ele></trkpt>
      <trkpt lat="30.141612" lon="118.762839"><ele>349</ele></trkpt>
      <trkpt lat="30.141606" lon="118.762724"><ele>348</ele></trkpt>
      <trkpt lat="30.141611" lon="118.762597"><ele>347</ele></trkpt>
      <trkpt lat="30.141615" lon="118.762485"><ele>346</ele></trkpt>
      <trkpt lat="30.141618" lon="118.76238"><ele>339</ele></trkpt>
      <trkpt lat="30.141612" lon="118.762261"><ele>337</ele></trkpt>
      <trkpt lat="30.141676" lon="118.762167"><ele>337</ele></trkpt>
      <trkpt lat="30.141669" lon="118.762043"><ele>336</ele></trkpt>
      <trkpt lat="30.141635" lon="118.761931"><ele>335</ele></trkpt>
      <trkpt lat="30.14161" lon="118.76182"><ele>332</ele></trkpt>
      <trkpt lat="30.14159" lon="118.761714"><ele>328</ele></trkpt>
      <trkpt lat="30.141667" lon="118.761712"><ele>329</ele></trkpt>
      <trkpt lat="30.14159" lon="118.761762"><ele>327</ele></trkpt>
      <trkpt lat="30.141604" lon="118.761646"><ele>328</ele></trkpt>
      <trkpt lat="30.141669" lon="118.761572"><ele>328</ele></trkpt>
      <trkpt lat="30.141734" lon="118.761493"><ele>326</ele></trkpt>
      <trkpt lat="30.14184" lon="118.761509"><ele>334</ele></trkpt>
      <trkpt lat="30.141836" lon="118.761393"><ele>315</ele></trkpt>
      <trkpt lat="30.141791" lon="118.761507"><ele>325</ele></trkpt>
      <trkpt lat="30.141715" lon="118.761584"><ele>327</ele></trkpt>
      <trkpt lat="30.141804" lon="118.761621"><ele>329</ele></trkpt>
      <trkpt lat="30.141705" lon="118.761629"><ele>327</ele></trkpt>
      <trkpt lat="30.141765" lon="118.761591"><ele>327</ele></trkpt>
      <trkpt lat="30.14179" lon="118.76149"><ele>323</ele></trkpt>
      <trkpt lat="30.141859" lon="118.761418"><ele>322</ele></trkpt>
      <trkpt lat="30.141789" lon="118.761404"><ele>326</ele></trkpt>
      <trkpt lat="30.141796" lon="118.761515"><ele>326</ele></trkpt>
      <trkpt lat="30.141891" lon="118.761504"><ele>326</ele></trkpt>
      <trkpt lat="30.141841" lon="118.761416"><ele>319</ele></trkpt>
      <trkpt lat="30.141931" lon="118.7614"><ele>325</ele></trkpt>
      <trkpt lat="30.142022" lon="118.761437"><ele>324</ele></trkpt>
      <trkpt lat="30.142042" lon="118.761342"><ele>328</ele></trkpt>
      <trkpt lat="30.142068" lon="118.761233"><ele>328</ele></trkpt>
      <trkpt lat="30.142057" lon="118.761121"><ele>329</ele></trkpt>
      <trkpt lat="30.142043" lon="118.761009"><ele>328</ele></trkpt>
      <trkpt lat="30.142016" lon="118.760897"><ele>328</ele></trkpt>
      <trkpt lat="30.141991" lon="118.760774"><ele>328</ele></trkpt>
      <trkpt lat="30.141953" lon="118.760641"><ele>328</ele></trkpt>
      <trkpt lat="30.141904" lon="118.760539"><ele>328</ele></trkpt>
      <trkpt lat="30.141865" lon="118.760444"><ele>328</ele></trkpt>
      <trkpt lat="30.141847" lon="118.76034"><ele>329</ele></trkpt>
      <trkpt lat="30.141846" lon="118.760225"><ele>328</ele></trkpt>
      <trkpt lat="30.141832" lon="118.760116"><ele>327</ele></trkpt>
      <trkpt lat="30.14182" lon="118.760001"><ele>326</ele></trkpt>
      <trkpt lat="30.141829" lon="118.759894"><ele>323</ele></trkpt>
      <trkpt lat="30.141893" lon="118.759811"><ele>320</ele></trkpt>
      <trkpt lat="30.141971" lon="118.759741"><ele>318</ele></trkpt>
      <trkpt lat="30.142025" lon="118.759641"><ele>314</ele></trkpt>
      <trkpt lat="30.142097" lon="118.759549"><ele>314</ele></trkpt>
      <trkpt lat="30.142161" lon="118.759463"><ele>312</ele></trkpt>
      <trkpt lat="30.142238" lon="118.759396"><ele>310</ele></trkpt>
      <trkpt lat="30.142327" lon="118.759329"><ele>310</ele></trkpt>
      <trkpt lat="30.142413" lon="118.759258"><ele>310</ele></trkpt>
      <trkpt lat="30.142495" lon="118.7592"><ele>302</ele></trkpt>
      <trkpt lat="30.14257" lon="118.759138"><ele>302</ele></trkpt>
      <trkpt lat="30.142639" lon="118.759057"><ele>302</ele></trkpt>
      <trkpt lat="30.142726" lon="118.758994"><ele>302</ele></trkpt>
      <trkpt lat="30.142815" lon="118.758931"><ele>303</ele></trkpt>
      <trkpt lat="30.142893" lon="118.75886"><ele>304</ele></trkpt>
      <trkpt lat="30.14294" lon="118.758764"><ele>303</ele></trkpt>
      <trkpt lat="30.142989" lon="118.758664"><ele>301</ele></trkpt>
      <trkpt lat="30.143041" lon="118.758565"><ele>299</ele></trkpt>
      <trkpt lat="30.143097" lon="118.758473"><ele>299</ele></trkpt>
      <trkpt lat="30.143151" lon="118.758383"><ele>295</ele></trkpt>
      <trkpt lat="30.143111" lon="118.758441"><ele>291</ele></trkpt>
      <trkpt lat="30.143159" lon="118.758434"><ele>304</ele></trkpt>
      <trkpt lat="30.143231" lon="118.758338"><ele>302</ele></trkpt>
      <trkpt lat="30.143191" lon="118.758229"><ele>298</ele></trkpt>
      <trkpt lat="30.143067" lon="118.758084"><ele>296</ele></trkpt>
      <trkpt lat="30.14296" lon="118.758073"><ele>298</ele></trkpt>
      <trkpt lat="30.142969" lon="118.757994"><ele>298</ele></trkpt>
      <trkpt lat="30.143018" lon="118.757905"><ele>298</ele></trkpt>
      <trkpt lat="30.143041" lon="118.75779"><ele>299</ele></trkpt>
      <trkpt lat="30.143084" lon="118.757684"><ele>297</ele></trkpt>
      <trkpt lat="30.143109" lon="118.757576"><ele>297</ele></trkpt>
      <trkpt lat="30.1431" lon="118.757465"><ele>297</ele></trkpt>
      <trkpt lat="30.143104" lon="118.757356"><ele>297</ele></trkpt>
      <trkpt lat="30.143109" lon="118.757234"><ele>297</ele></trkpt>
      <trkpt lat="30.143094" lon="118.757115"><ele>298</ele></trkpt>
      <trkpt lat="30.1431" lon="118.757005"><ele>298</ele></trkpt>
      <trkpt lat="30.143138" lon="118.756899"><ele>294</ele></trkpt>
      <trkpt lat="30.14321" lon="118.756823"><ele>292</ele></trkpt>
      <trkpt lat="30.143256" lon="118.756718"><ele>292</ele></trkpt>
      <trkpt lat="30.143257" lon="118.756606"><ele>291</ele></trkpt>
      <trkpt lat="30.143216" lon="118.756491"><ele>291</ele></trkpt>
      <trkpt lat="30.143164" lon="118.756373"><ele>293</ele></trkpt>
      <trkpt lat="30.143123" lon="118.756268"><ele>294</ele></trkpt>
      <trkpt lat="30.143112" lon="118.756162"><ele>293</ele></trkpt>
      <trkpt lat="30.14311" lon="118.756043"><ele>292</ele></trkpt>
      <trkpt lat="30.143111" lon="118.755923"><ele>292</ele></trkpt>
      <trkpt lat="30.143093" lon="118.755795"><ele>292</ele></trkpt>
      <trkpt lat="30.143062" lon="118.755668"><ele>293</ele></trkpt>
      <trkpt lat="30.143026" lon="118.75556"><ele>292</ele></trkpt>
      <trkpt lat="30.143048" lon="118.755457"><ele>291</ele></trkpt>
      <trkpt lat="30.143048" lon="118.75535"><ele>287</ele></trkpt>
      <trkpt lat="30.143051" lon="118.755245"><ele>286</ele></trkpt>
      <trkpt lat="30.143065" lon="118.75514"><ele>286</ele></trkpt>
      <trkpt lat="30.143092" lon="118.755019"><ele>285</ele></trkpt>
      <trkpt lat="30.14312" lon="118.754903"><ele>285</ele></trkpt>
      <trkpt lat="30.14317" lon="118.754801"><ele>284</ele></trkpt>
      <trkpt lat="30.143214" lon="118.754696"><ele>285</ele></trkpt>
      <trkpt lat="30.143244" lon="118.754564"><ele>284</ele></trkpt>
      <trkpt lat="30.143279" lon="118.754448"><ele>283</ele></trkpt>
      <trkpt lat="30.143312" lon="118.754335"><ele>281</ele></trkpt>
      <trkpt lat="30.143353" lon="118.754235"><ele>282</ele></trkpt>
      <trkpt lat="30.143397" lon="118.754126"><ele>283</ele></trkpt>
      <trkpt lat="30.143434" lon="118.754017"><ele>283</ele></trkpt>
      <trkpt lat="30.143458" lon="118.753913"><ele>283</ele></trkpt>
      <trkpt lat="30.143439" lon="118.753801"><ele>284</ele></trkpt>
      <trkpt lat="30.143407" lon="118.753674"><ele>284</ele></trkpt>
      <trkpt lat="30.143368" lon="118.75354"><ele>285</ele></trkpt>
      <trkpt lat="30.14333" lon="118.75341"><ele>285</ele></trkpt>
      <trkpt lat="30.143296" lon="118.753302"><ele>283</ele></trkpt>
      <trkpt lat="30.143268" lon="118.753189"><ele>284</ele></trkpt>
      <trkpt lat="30.143248" lon="118.753075"><ele>283</ele></trkpt>
      <trkpt lat="30.143235" lon="118.752966"><ele>283</ele></trkpt>
      <trkpt lat="30.14323" lon="118.752861"><ele>282</ele></trkpt>
      <trkpt lat="30.143226" lon="118.752751"><ele>282</ele></trkpt>
      <trkpt lat="30.143227" lon="118.752621"><ele>281</ele></trkpt>
      <trkpt lat="30.143229" lon="118.752508"><ele>281</ele></trkpt>
      <trkpt lat="30.143234" lon="118.75239"><ele>281</ele></trkpt>
      <trkpt lat="30.14324" lon="118.752274"><ele>282</ele></trkpt>
      <trkpt lat="30.143235" lon="118.752146"><ele>283</ele></trkpt>
      <trkpt lat="30.143236" lon="118.752025"><ele>283</ele></trkpt>
      <trkpt lat="30.14325" lon="118.751903"><ele>282</ele></trkpt>
      <trkpt lat="30.14328" lon="118.751783"><ele>281</ele></trkpt>
      <trkpt lat="30.143299" lon="118.751661"><ele>281</ele></trkpt>
      <trkpt lat="30.14332" lon="118.751554"><ele>280</ele></trkpt>
      <trkpt lat="30.143341" lon="118.751436"><ele>280</ele></trkpt>
      <trkpt lat="30.143369" lon="118.751316"><ele>279</ele></trkpt>
      <trkpt lat="30.14339" lon="118.751194"><ele>280</ele></trkpt>
      <trkpt lat="30.143416" lon="118.751086"><ele>280</ele></trkpt>
      <trkpt lat="30.143434" lon="118.750964"><ele>280</ele></trkpt>
      <trkpt lat="30.14344" lon="118.750846"><ele>279</ele></trkpt>
      <trkpt lat="30.14344" lon="118.750735"><ele>279</ele></trkpt>
      <trkpt lat="30.143422" lon="118.750625"><ele>279</ele></trkpt>
      <trkpt lat="30.143409" lon="118.750502"><ele>280</ele></trkpt>
      <trkpt lat="30.143394" lon="118.750382"><ele>280</ele></trkpt>
      <trkpt lat="30.143373" lon="118.750272"><ele>282</ele></trkpt>
      <trkpt lat="30.143348" lon="118.750149"><ele>282</ele></trkpt>
      <trkpt lat="30.143308" lon="118.750037"><ele>281</ele></trkpt>
      <trkpt lat="30.143282" lon="118.749928"><ele>281</ele></trkpt>
      <trkpt lat="30.143345" lon="118.749859"><ele>279</ele></trkpt>
      <trkpt lat="30.143408" lon="118.749772"><ele>279</ele></trkpt>
      <trkpt lat="30.143438" lon="118.749636"><ele>280</ele></trkpt>
      <trkpt lat="30.1435" lon="118.749535"><ele>280</ele></trkpt>
      <trkpt lat="30.143549" lon="118.749428"><ele>280</ele></trkpt>
      <trkpt lat="30.143528" lon="118.749475"><ele>281</ele></trkpt>
      <trkpt lat="30.143573" lon="118.749462"><ele>282</ele></trkpt>
      <trkpt lat="30.143634" lon="118.749397"><ele>281</ele></trkpt>
      <trkpt lat="30.143707" lon="118.749308"><ele>281</ele></trkpt>
      <trkpt lat="30.143777" lon="118.749216"><ele>280</ele></trkpt>
      <trkpt lat="30.143868" lon="118.749145"><ele>278</ele></trkpt>
      <trkpt lat="30.143939" lon="118.749066"><ele>277</ele></trkpt>
      <trkpt lat="30.144004" lon="118.748979"><ele>276</ele></trkpt>
      <trkpt lat="30.144069" lon="118.748894"><ele>275</ele></trkpt>
      <trkpt lat="30.144147" lon="118.74882"><ele>273</ele></trkpt>
      <trkpt lat="30.144221" lon="118.748737"><ele>272</ele></trkpt>
      <trkpt lat="30.144188" lon="118.748639"><ele>276</ele></trkpt>
      <trkpt lat="30.144104" lon="118.748559"><ele>277</ele></trkpt>
      <trkpt lat="30.144022" lon="118.748474"><ele>277</ele></trkpt>
      <trkpt lat="30.143946" lon="118.74839"><ele>277</ele></trkpt>
      <trkpt lat="30.143874" lon="118.748314"><ele>277</ele></trkpt>
      <trkpt lat="30.143838" lon="118.748221"><ele>279</ele></trkpt>
      <trkpt lat="30.143909" lon="118.748159"><ele>279</ele></trkpt>
      <trkpt lat="30.144003" lon="118.748116"><ele>278</ele></trkpt>
      <trkpt lat="30.144095" lon="118.748065"><ele>278</ele></trkpt>
      <trkpt lat="30.144173" lon="118.747979"><ele>278</ele></trkpt>
      <trkpt lat="30.144198" lon="118.747874"><ele>277</ele></trkpt>
    </trkseg>
  </trk>
</gpx>
