<?xml version="1.0" encoding="UTF-8"?>
<gpx version="1.1" creator="霞客 · 两步路轨迹" xmlns="http://www.topografix.com/GPX/1/1">
  <metadata><name>喀拉峻—琼库什台穿越参考轨迹</name></metadata>
  <trk><name>喀拉峻—琼库什台穿越</name>
    <trkseg>
      <trkpt lat="42.915822" lon="82.193203"><ele>2036</ele></trkpt>
      <trkpt lat="42.91581" lon="82.193213"><ele>2035</ele></trkpt>
      <trkpt lat="42.915806" lon="82.193194"><ele>2035</ele></trkpt>
      <trkpt lat="42.915823" lon="82.193202"><ele>2036</ele></trkpt>
      <trkpt lat="42.915818" lon="82.193193"><ele>2036</ele></trkpt>
      <trkpt lat="42.91583" lon="82.19319"><ele>2035</ele></trkpt>
      <trkpt lat="42.915834" lon="82.193196"><ele>2035</ele></trkpt>
      <trkpt lat="42.915826" lon="82.193205"><ele>2035</ele></trkpt>
      <trkpt lat="42.915823" lon="82.193187"><ele>2034</ele></trkpt>
      <trkpt lat="42.915831" lon="82.193199"><ele>2035</ele></trkpt>
      <trkpt lat="42.915827" lon="82.193194"><ele>2035</ele></trkpt>
      <trkpt lat="42.915839" lon="82.193191"><ele>2034</ele></trkpt>
      <trkpt lat="42.91583" lon="82.19319"><ele>2033</ele></trkpt>
      <trkpt lat="42.915838" lon="82.193195"><ele>2034</ele></trkpt>
      <trkpt lat="42.915908" lon="82.19316"><ele>2033</ele></trkpt>
      <trkpt lat="42.91598" lon="82.193061"><ele>2033</ele></trkpt>
      <trkpt lat="42.916108" lon="82.192857"><ele>2032</ele></trkpt>
      <trkpt lat="42.916109" lon="82.192826"><ele>2032</ele></trkpt>
      <trkpt lat="42.916126" lon="82.192774"><ele>2031</ele></trkpt>
      <trkpt lat="42.916207" lon="82.192668"><ele>2029</ele></trkpt>
      <trkpt lat="42.916204" lon="82.192638"><ele>2028</ele></trkpt>
      <trkpt lat="42.916238" lon="82.19259"><ele>2028</ele></trkpt>
      <trkpt lat="42.916311" lon="82.192526"><ele>2027</ele></trkpt>
      <trkpt lat="42.916348" lon="82.192385"><ele>2027</ele></trkpt>
      <trkpt lat="42.916362" lon="82.192294"><ele>2027</ele></trkpt>
      <trkpt lat="42.91643" lon="82.19204"><ele>2026</ele></trkpt>
      <trkpt lat="42.916457" lon="82.192018"><ele>2026</ele></trkpt>
      <trkpt lat="42.916457" lon="82.19199"><ele>2026</ele></trkpt>
      <trkpt lat="42.916613" lon="82.191827"><ele>2025</ele></trkpt>
      <trkpt lat="42.916703" lon="82.19177"><ele>2024</ele></trkpt>
      <trkpt lat="42.916782" lon="82.191731"><ele>2024</ele></trkpt>
      <trkpt lat="42.916933" lon="82.191683"><ele>2022</ele></trkpt>
      <trkpt lat="42.917382" lon="82.19166"><ele>2019</ele></trkpt>
      <trkpt lat="42.917776" lon="82.19158"><ele>2017</ele></trkpt>
      <trkpt lat="42.917929" lon="82.191569"><ele>2017</ele></trkpt>
      <trkpt lat="42.918071" lon="82.191534"><ele>2016</ele></trkpt>
      <trkpt lat="42.918334" lon="82.191568"><ele>2012</ele></trkpt>
      <trkpt lat="42.918575" lon="82.19158"><ele>2009</ele></trkpt>
      <trkpt lat="42.918846" lon="82.191555"><ele>2005</ele></trkpt>
      <trkpt lat="42.91913" lon="82.191492"><ele>2001</ele></trkpt>
      <trkpt lat="42.919278" lon="82.191404"><ele>1998</ele></trkpt>
      <trkpt lat="42.919552" lon="82.191198"><ele>1995</ele></trkpt>
      <trkpt lat="42.919646" lon="82.191142"><ele>1994</ele></trkpt>
      <trkpt lat="42.919842" lon="82.191"><ele>1992</ele></trkpt>
      <trkpt lat="42.920154" lon="82.190737"><ele>1987</ele></trkpt>
      <trkpt lat="42.920473" lon="82.19058"><ele>1983</ele></trkpt>
      <trkpt lat="42.920775" lon="82.190518"><ele>1979</ele></trkpt>
      <trkpt lat="42.920993" lon="82.190421"><ele>1977</ele></trkpt>
      <trkpt lat="42.921133" lon="82.190353"><ele>1976</ele></trkpt>
      <trkpt lat="42.921729" lon="82.189976"><ele>1971</ele></trkpt>
      <trkpt lat="42.921823" lon="82.18993"><ele>1970</ele></trkpt>
      <trkpt lat="42.921962" lon="82.18981"><ele>1968</ele></trkpt>
      <trkpt lat="42.922124" lon="82.189694"><ele>1966</ele></trkpt>
      <trkpt lat="42.922423" lon="82.189307"><ele>1961</ele></trkpt>
      <trkpt lat="42.922566" lon="82.189179"><ele>1959</ele></trkpt>
      <trkpt lat="42.922837" lon="82.189046"><ele>1957</ele></trkpt>
      <trkpt lat="42.922891" lon="82.18901"><ele>1956</ele></trkpt>
      <trkpt lat="42.923363" lon="82.188791"><ele>1954</ele></trkpt>
      <trkpt lat="42.92366" lon="82.188639"><ele>1952</ele></trkpt>
      <trkpt lat="42.923976" lon="82.188459"><ele>1951</ele></trkpt>
      <trkpt lat="42.924014" lon="82.188497"><ele>1951</ele></trkpt>
      <trkpt lat="42.924098" lon="82.188669"><ele>1951</ele></trkpt>
      <trkpt lat="42.924325" lon="82.189207"><ele>1951</ele></trkpt>
      <trkpt lat="42.92446" lon="82.18951"><ele>1952</ele></trkpt>
      <trkpt lat="42.924531" lon="82.189647"><ele>1953</ele></trkpt>
      <trkpt lat="42.924527" lon="82.189657"><ele>1953</ele></trkpt>
      <trkpt lat="42.924577" lon="82.189806"><ele>1954</ele></trkpt>
      <trkpt lat="42.924702" lon="82.190113"><ele>1956</ele></trkpt>
      <trkpt lat="42.924743" lon="82.190235"><ele>1957</ele></trkpt>
      <trkpt lat="42.924818" lon="82.190336"><ele>1958</ele></trkpt>
      <trkpt lat="42.924836" lon="82.190376"><ele>1959</ele></trkpt>
      <trkpt lat="42.924835" lon="82.190362"><ele>1960</ele></trkpt>
      <trkpt lat="42.924849" lon="82.19034"><ele>1960</ele></trkpt>
      <trkpt lat="42.924863" lon="82.190344"><ele>1960</ele></trkpt>
      <trkpt lat="42.924865" lon="82.190356"><ele>1960</ele></trkpt>
      <trkpt lat="42.924863" lon="82.190342"><ele>1960</ele></trkpt>
      <trkpt lat="42.92494" lon="82.190334"><ele>1960</ele></trkpt>
      <trkpt lat="42.925124" lon="82.190261"><ele>1960</ele></trkpt>
      <trkpt lat="42.925231" lon="82.190232"><ele>1960</ele></trkpt>
      <trkpt lat="42.925327" lon="82.19024"><ele>1959</ele></trkpt>
      <trkpt lat="42.925417" lon="82.190231"><ele>1958</ele></trkpt>
      <trkpt lat="42.925573" lon="82.190131"><ele>1957</ele></trkpt>
      <trkpt lat="42.925687" lon="82.190021"><ele>1956</ele></trkpt>
      <trkpt lat="42.925816" lon="82.190001"><ele>1954</ele></trkpt>
      <trkpt lat="42.926064" lon="82.189895"><ele>1951</ele></trkpt>
      <trkpt lat="42.926169" lon="82.189825"><ele>1951</ele></trkpt>
      <trkpt lat="42.926282" lon="82.189794"><ele>1950</ele></trkpt>
      <trkpt lat="42.926402" lon="82.189736"><ele>1950</ele></trkpt>
      <trkpt lat="42.926482" lon="82.189711"><ele>1950</ele></trkpt>
      <trkpt lat="42.92656" lon="82.189661"><ele>1949</ele></trkpt>
      <trkpt lat="42.926608" lon="82.189611"><ele>1949</ele></trkpt>
      <trkpt lat="42.926677" lon="82.189569"><ele>1948</ele></trkpt>
      <trkpt lat="42.926825" lon="82.189516"><ele>1948</ele></trkpt>
      <trkpt lat="42.92686" lon="82.189494"><ele>1949</ele></trkpt>
      <trkpt lat="42.92698" lon="82.189464"><ele>1949</ele></trkpt>
      <trkpt lat="42.927194" lon="82.189435"><ele>1950</ele></trkpt>
      <trkpt lat="42.927275" lon="82.189398"><ele>1950</ele></trkpt>
      <trkpt lat="42.927571" lon="82.18937"><ele>1951</ele></trkpt>
      <trkpt lat="42.927823" lon="82.189375"><ele>1952</ele></trkpt>
      <trkpt lat="42.927995" lon="82.189321"><ele>1953</ele></trkpt>
      <trkpt lat="42.928069" lon="82.189264"><ele>1953</ele></trkpt>
      <trkpt lat="42.92821" lon="82.18919"><ele>1954</ele></trkpt>
      <trkpt lat="42.928431" lon="82.189191"><ele>1954</ele></trkpt>
      <trkpt lat="42.928667" lon="82.189096"><ele>1951</ele></trkpt>
      <trkpt lat="42.928759" lon="82.189009"><ele>1950</ele></trkpt>
      <trkpt lat="42.928782" lon="82.189013"><ele>1949</ele></trkpt>
      <trkpt lat="42.928902" lon="82.188923"><ele>1949</ele></trkpt>
      <trkpt lat="42.928984" lon="82.188885"><ele>1948</ele></trkpt>
      <trkpt lat="42.929148" lon="82.188855"><ele>1947</ele></trkpt>
      <trkpt lat="42.929214" lon="82.188828"><ele>1947</ele></trkpt>
      <trkpt lat="42.929307" lon="82.188812"><ele>1946</ele></trkpt>
      <trkpt lat="42.929426" lon="82.188772"><ele>1946</ele></trkpt>
      <trkpt lat="42.92967" lon="82.188727"><ele>1945</ele></trkpt>
      <trkpt lat="42.929884" lon="82.188621"><ele>1945</ele></trkpt>
      <trkpt lat="42.930032" lon="82.188575"><ele>1944</ele></trkpt>
      <trkpt lat="42.930081" lon="82.188539"><ele>1944</ele></trkpt>
      <trkpt lat="42.930214" lon="82.188547"><ele>1942</ele></trkpt>
      <trkpt lat="42.930295" lon="82.188537"><ele>1941</ele></trkpt>
      <trkpt lat="42.930477" lon="82.188408"><ele>1941</ele></trkpt>
      <trkpt lat="42.930533" lon="82.188343"><ele>1942</ele></trkpt>
      <trkpt lat="42.930635" lon="82.188267"><ele>1942</ele></trkpt>
      <trkpt lat="42.931043" lon="82.188131"><ele>1944</ele></trkpt>
      <trkpt lat="42.931248" lon="82.188113"><ele>1945</ele></trkpt>
      <trkpt lat="42.931326" lon="82.188122"><ele>1945</ele></trkpt>
      <trkpt lat="42.931515" lon="82.188062"><ele>1946</ele></trkpt>
      <trkpt lat="42.931594" lon="82.188053"><ele>1946</ele></trkpt>
      <trkpt lat="42.931682" lon="82.18806"><ele>1947</ele></trkpt>
      <trkpt lat="42.931768" lon="82.188043"><ele>1946</ele></trkpt>
      <trkpt lat="42.931919" lon="82.18807"><ele>1946</ele></trkpt>
      <trkpt lat="42.932085" lon="82.188077"><ele>1948</ele></trkpt>
      <trkpt lat="42.932135" lon="82.188061"><ele>1949</ele></trkpt>
      <trkpt lat="42.932123" lon="82.188008"><ele>1950</ele></trkpt>
      <trkpt lat="42.93216" lon="82.188025"><ele>1950</ele></trkpt>
      <trkpt lat="42.932326" lon="82.18802"><ele>1949</ele></trkpt>
      <trkpt lat="42.9324" lon="82.18804"><ele>1949</ele></trkpt>
      <trkpt lat="42.93249" lon="82.188044"><ele>1948</ele></trkpt>
      <trkpt lat="42.932554" lon="82.188026"><ele>1948</ele></trkpt>
      <trkpt lat="42.932845" lon="82.188048"><ele>1951</ele></trkpt>
      <trkpt lat="42.932854" lon="82.188031"><ele>1952</ele></trkpt>
      <trkpt lat="42.932851" lon="82.18804"><ele>1952</ele></trkpt>
      <trkpt lat="42.93282" lon="82.188029"><ele>1952</ele></trkpt>
      <trkpt lat="42.932782" lon="82.188038"><ele>1951</ele></trkpt>
      <trkpt lat="42.932837" lon="82.188032"><ele>1951</ele></trkpt>
      <trkpt lat="42.93285" lon="82.18804"><ele>1951</ele></trkpt>
      <trkpt lat="42.932854" lon="82.188058"><ele>1951</ele></trkpt>
      <trkpt lat="42.932851" lon="82.188019"><ele>1951</ele></trkpt>
      <trkpt lat="42.932857" lon="82.188032"><ele>1951</ele></trkpt>
      <trkpt lat="42.932907" lon="82.188057"><ele>1951</ele></trkpt>
      <trkpt lat="42.932973" lon="82.188072"><ele>1951</ele></trkpt>
      <trkpt lat="42.933042" lon="82.188104"><ele>1951</ele></trkpt>
      <trkpt lat="42.933139" lon="82.188175"><ele>1951</ele></trkpt>
      <trkpt lat="42.93325" lon="82.188309"><ele>1951</ele></trkpt>
      <trkpt lat="42.933313" lon="82.188328"><ele>1951</ele></trkpt>
      <trkpt lat="42.933362" lon="82.188396"><ele>1951</ele></trkpt>
      <trkpt lat="42.933379" lon="82.188472"><ele>1952</ele></trkpt>
      <trkpt lat="42.933383" lon="82.188535"><ele>1953</ele></trkpt>
      <trkpt lat="42.933377" lon="82.188871"><ele>1957</ele></trkpt>
      <trkpt lat="42.933402" lon="82.188924"><ele>1959</ele></trkpt>
      <trkpt lat="42.933437" lon="82.188948"><ele>1960</ele></trkpt>
      <trkpt lat="42.933484" lon="82.188925"><ele>1961</ele></trkpt>
      <trkpt lat="42.933547" lon="82.188826"><ele>1963</ele></trkpt>
      <trkpt lat="42.933587" lon="82.188782"><ele>1964</ele></trkpt>
      <trkpt lat="42.93367" lon="82.188711"><ele>1966</ele></trkpt>
      <trkpt lat="42.933673" lon="82.188697"><ele>1966</ele></trkpt>
      <trkpt lat="42.933671" lon="82.188705"><ele>1966</ele></trkpt>
      <trkpt lat="42.933701" lon="82.188695"><ele>1966</ele></trkpt>
      <trkpt lat="42.93371" lon="82.18868"><ele>1966</ele></trkpt>
      <trkpt lat="42.933863" lon="82.188726"><ele>1968</ele></trkpt>
      <trkpt lat="42.933968" lon="82.188713"><ele>1970</ele></trkpt>
      <trkpt lat="42.934014" lon="82.188688"><ele>1971</ele></trkpt>
      <trkpt lat="42.934064" lon="82.188677"><ele>1972</ele></trkpt>
      <trkpt lat="42.934281" lon="82.188748"><ele>1976</ele></trkpt>
      <trkpt lat="42.934335" lon="82.188755"><ele>1977</ele></trkpt>
      <trkpt lat="42.934629" lon="82.188745"><ele>1983</ele></trkpt>
      <trkpt lat="42.934705" lon="82.188708"><ele>1986</ele></trkpt>
      <trkpt lat="42.934713" lon="82.188721"><ele>1986</ele></trkpt>
      <trkpt lat="42.934893" lon="82.188746"><ele>1988</ele></trkpt>
      <trkpt lat="42.934985" lon="82.188748"><ele>1990</ele></trkpt>
      <trkpt lat="42.934998" lon="82.18874"><ele>1990</ele></trkpt>
      <trkpt lat="42.935006" lon="82.188759"><ele>1990</ele></trkpt>
      <trkpt lat="42.935049" lon="82.188779"><ele>1990</ele></trkpt>
      <trkpt lat="42.935075" lon="82.188779"><ele>1991</ele></trkpt>
      <trkpt lat="42.935079" lon="82.188812"><ele>1989</ele></trkpt>
      <trkpt lat="42.935105" lon="82.188817"><ele>1988</ele></trkpt>
      <trkpt lat="42.935195" lon="82.188877"><ele>1987</ele></trkpt>
      <trkpt lat="42.935264" lon="82.188944"><ele>1986</ele></trkpt>
      <trkpt lat="42.935329" lon="82.188964"><ele>1986</ele></trkpt>
      <trkpt lat="42.935471" lon="82.188884"><ele>1988</ele></trkpt>
      <trkpt lat="42.935496" lon="82.188879"><ele>1988</ele></trkpt>
      <trkpt lat="42.935604" lon="82.188789"><ele>1987</ele></trkpt>
      <trkpt lat="42.935707" lon="82.188744"><ele>1986</ele></trkpt>
      <trkpt lat="42.93573" lon="82.188718"><ele>1986</ele></trkpt>
      <trkpt lat="42.935741" lon="82.18868"><ele>1987</ele></trkpt>
      <trkpt lat="42.935755" lon="82.18867"><ele>1987</ele></trkpt>
      <trkpt lat="42.936161" lon="82.188463"><ele>1988</ele></trkpt>
      <trkpt lat="42.936244" lon="82.188393"><ele>1989</ele></trkpt>
      <trkpt lat="42.936309" lon="82.188369"><ele>1989</ele></trkpt>
      <trkpt lat="42.936396" lon="82.188317"><ele>1989</ele></trkpt>
      <trkpt lat="42.936665" lon="82.188187"><ele>1991</ele></trkpt>
      <trkpt lat="42.936735" lon="82.188174"><ele>1991</ele></trkpt>
      <trkpt lat="42.936835" lon="82.188107"><ele>1992</ele></trkpt>
      <trkpt lat="42.936885" lon="82.1881"><ele>1992</ele></trkpt>
      <trkpt lat="42.937009" lon="82.188045"><ele>1993</ele></trkpt>
      <trkpt lat="42.937127" lon="82.18801"><ele>1995</ele></trkpt>
      <trkpt lat="42.937221" lon="82.187949"><ele>1995</ele></trkpt>
      <trkpt lat="42.937348" lon="82.187909"><ele>1997</ele></trkpt>
      <trkpt lat="42.937452" lon="82.187899"><ele>1998</ele></trkpt>
      <trkpt lat="42.937629" lon="82.187935"><ele>2001</ele></trkpt>
      <trkpt lat="42.93765" lon="82.187956"><ele>2001</ele></trkpt>
      <trkpt lat="42.937732" lon="82.187993"><ele>2003</ele></trkpt>
      <trkpt lat="42.937798" lon="82.188045"><ele>2004</ele></trkpt>
      <trkpt lat="42.937847" lon="82.188098"><ele>2005</ele></trkpt>
      <trkpt lat="42.937917" lon="82.188143"><ele>2006</ele></trkpt>
      <trkpt lat="42.937965" lon="82.188213"><ele>2007</ele></trkpt>
      <trkpt lat="42.93806" lon="82.188296"><ele>2009</ele></trkpt>
      <trkpt lat="42.938128" lon="82.188316"><ele>2011</ele></trkpt>
      <trkpt lat="42.938208" lon="82.188429"><ele>2013</ele></trkpt>
      <trkpt lat="42.938195" lon="82.188433"><ele>2013</ele></trkpt>
      <trkpt lat="42.938233" lon="82.18845"><ele>2014</ele></trkpt>
      <trkpt lat="42.93829" lon="82.188512"><ele>2014</ele></trkpt>
      <trkpt lat="42.938385" lon="82.188585"><ele>2015</ele></trkpt>
      <trkpt lat="42.938433" lon="82.188601"><ele>2017</ele></trkpt>
      <trkpt lat="42.938521" lon="82.188689"><ele>2019</ele></trkpt>
      <trkpt lat="42.938673" lon="82.188779"><ele>2022</ele></trkpt>
      <trkpt lat="42.938707" lon="82.188787"><ele>2023</ele></trkpt>
      <trkpt lat="42.938812" lon="82.188858"><ele>2025</ele></trkpt>
      <trkpt lat="42.938852" lon="82.188872"><ele>2026</ele></trkpt>
      <trkpt lat="42.938899" lon="82.188931"><ele>2027</ele></trkpt>
      <trkpt lat="42.938941" lon="82.188959"><ele>2027</ele></trkpt>
      <trkpt lat="42.938981" lon="82.188978"><ele>2028</ele></trkpt>
      <trkpt lat="42.939132" lon="82.189003"><ele>2031</ele></trkpt>
      <trkpt lat="42.939176" lon="82.189055"><ele>2032</ele></trkpt>
      <trkpt lat="42.939277" lon="82.189098"><ele>2033</ele></trkpt>
      <trkpt lat="42.939285" lon="82.189078"><ele>2032</ele></trkpt>
      <trkpt lat="42.940005" lon="82.189677"><ele>2037</ele></trkpt>
      <trkpt lat="42.940336" lon="82.189994"><ele>2038</ele></trkpt>
      <trkpt lat="42.940412" lon="82.19011"><ele>2039</ele></trkpt>
      <trkpt lat="42.940461" lon="82.190254"><ele>2039</ele></trkpt>
      <trkpt lat="42.94048" lon="82.190364"><ele>2038</ele></trkpt>
      <trkpt lat="42.940496" lon="82.190388"><ele>2037</ele></trkpt>
      <trkpt lat="42.940518" lon="82.190492"><ele>2036</ele></trkpt>
      <trkpt lat="42.940643" lon="82.190943"><ele>2034</ele></trkpt>
      <trkpt lat="42.940719" lon="82.190973"><ele>2035</ele></trkpt>
      <trkpt lat="42.940831" lon="82.191076"><ele>2036</ele></trkpt>
      <trkpt lat="42.940827" lon="82.191102"><ele>2037</ele></trkpt>
      <trkpt lat="42.94086" lon="82.191144"><ele>2037</ele></trkpt>
      <trkpt lat="42.940928" lon="82.19119"><ele>2037</ele></trkpt>
      <trkpt lat="42.94096" lon="82.191261"><ele>2037</ele></trkpt>
      <trkpt lat="42.941047" lon="82.191325"><ele>2037</ele></trkpt>
      <trkpt lat="42.941115" lon="82.191345"><ele>2037</ele></trkpt>
      <trkpt lat="42.941179" lon="82.191312"><ele>2037</ele></trkpt>
      <trkpt lat="42.941278" lon="82.191305"><ele>2039</ele></trkpt>
      <trkpt lat="42.941347" lon="82.191283"><ele>2039</ele></trkpt>
      <trkpt lat="42.941538" lon="82.191181"><ele>2040</ele></trkpt>
      <trkpt lat="42.941675" lon="82.19103"><ele>2043</ele></trkpt>
      <trkpt lat="42.941827" lon="82.190896"><ele>2045</ele></trkpt>
      <trkpt lat="42.941847" lon="82.190852"><ele>2046</ele></trkpt>
      <trkpt lat="42.941936" lon="82.190801"><ele>2046</ele></trkpt>
      <trkpt lat="42.941977" lon="82.190765"><ele>2047</ele></trkpt>
      <trkpt lat="42.942045" lon="82.190723"><ele>2047</ele></trkpt>
      <trkpt lat="42.942342" lon="82.1906"><ele>2048</ele></trkpt>
      <trkpt lat="42.942426" lon="82.190537"><ele>2048</ele></trkpt>
      <trkpt lat="42.942483" lon="82.190432"><ele>2049</ele></trkpt>
      <trkpt lat="42.942542" lon="82.19037"><ele>2050</ele></trkpt>
      <trkpt lat="42.94257" lon="82.190323"><ele>2051</ele></trkpt>
      <trkpt lat="42.942576" lon="82.190336"><ele>2051</ele></trkpt>
      <trkpt lat="42.942615" lon="82.19029"><ele>2050</ele></trkpt>
      <trkpt lat="42.94275" lon="82.190183"><ele>2051</ele></trkpt>
      <trkpt lat="42.942786" lon="82.190167"><ele>2051</ele></trkpt>
      <trkpt lat="42.942892" lon="82.190165"><ele>2051</ele></trkpt>
      <trkpt lat="42.943189" lon="82.190197"><ele>2052</ele></trkpt>
      <trkpt lat="42.94326" lon="82.190224"><ele>2052</ele></trkpt>
      <trkpt lat="42.943293" lon="82.190225"><ele>2052</ele></trkpt>
      <trkpt lat="42.943362" lon="82.190203"><ele>2052</ele></trkpt>
      <trkpt lat="42.943437" lon="82.19017"><ele>2053</ele></trkpt>
      <trkpt lat="42.94352" lon="82.190065"><ele>2056</ele></trkpt>
      <trkpt lat="42.943607" lon="82.190025"><ele>2057</ele></trkpt>
      <trkpt lat="42.943727" lon="82.190001"><ele>2057</ele></trkpt>
      <trkpt lat="42.943773" lon="82.189949"><ele>2057</ele></trkpt>
      <trkpt lat="42.943824" lon="82.189866"><ele>2058</ele></trkpt>
      <trkpt lat="42.943855" lon="82.189853"><ele>2059</ele></trkpt>
      <trkpt lat="42.943868" lon="82.189874"><ele>2061</ele></trkpt>
      <trkpt lat="42.943968" lon="82.189761"><ele>2061</ele></trkpt>
      <trkpt lat="42.944046" lon="82.189706"><ele>2062</ele></trkpt>
      <trkpt lat="42.944081" lon="82.189652"><ele>2062</ele></trkpt>
      <trkpt lat="42.944108" lon="82.189381"><ele>2064</ele></trkpt>
      <trkpt lat="42.944092" lon="82.189001"><ele>2067</ele></trkpt>
      <trkpt lat="42.944105" lon="82.188791"><ele>2071</ele></trkpt>
      <trkpt lat="42.9441" lon="82.188648"><ele>2073</ele></trkpt>
      <trkpt lat="42.944086" lon="82.18857"><ele>2074</ele></trkpt>
      <trkpt lat="42.944089" lon="82.188536"><ele>2075</ele></trkpt>
      <trkpt lat="42.94412" lon="82.188437"><ele>2076</ele></trkpt>
      <trkpt lat="42.944166" lon="82.188341"><ele>2077</ele></trkpt>
      <trkpt lat="42.944223" lon="82.18832"><ele>2077</ele></trkpt>
      <trkpt lat="42.944385" lon="82.188211"><ele>2078</ele></trkpt>
      <trkpt lat="42.944508" lon="82.188145"><ele>2080</ele></trkpt>
      <trkpt lat="42.944607" lon="82.188053"><ele>2083</ele></trkpt>
      <trkpt lat="42.944727" lon="82.188002"><ele>2085</ele></trkpt>
      <trkpt lat="42.944829" lon="82.18798"><ele>2087</ele></trkpt>
      <trkpt lat="42.944863" lon="82.18795"><ele>2088</ele></trkpt>
      <trkpt lat="42.944924" lon="82.187921"><ele>2089</ele></trkpt>
      <trkpt lat="42.945017" lon="82.187899"><ele>2090</ele></trkpt>
      <trkpt lat="42.945178" lon="82.187888"><ele>2093</ele></trkpt>
      <trkpt lat="42.945277" lon="82.187833"><ele>2095</ele></trkpt>
      <trkpt lat="42.945414" lon="82.187731"><ele>2098</ele></trkpt>
      <trkpt lat="42.945465" lon="82.187718"><ele>2099</ele></trkpt>
      <trkpt lat="42.945523" lon="82.187687"><ele>2099</ele></trkpt>
      <trkpt lat="42.945625" lon="82.187696"><ele>2101</ele></trkpt>
      <trkpt lat="42.945673" lon="82.187677"><ele>2101</ele></trkpt>
      <trkpt lat="42.945676" lon="82.18766"><ele>2102</ele></trkpt>
      <trkpt lat="42.94571" lon="82.187678"><ele>2102</ele></trkpt>
      <trkpt lat="42.945801" lon="82.187673"><ele>2102</ele></trkpt>
      <trkpt lat="42.945849" lon="82.187709"><ele>2103</ele></trkpt>
      <trkpt lat="42.945882" lon="82.187703"><ele>2103</ele></trkpt>
      <trkpt lat="42.946098" lon="82.18773"><ele>2106</ele></trkpt>
      <trkpt lat="42.946221" lon="82.187721"><ele>2108</ele></trkpt>
      <trkpt lat="42.946221" lon="82.18773"><ele>2108</ele></trkpt>
      <trkpt lat="42.946255" lon="82.187714"><ele>2108</ele></trkpt>
      <trkpt lat="42.946319" lon="82.187705"><ele>2109</ele></trkpt>
      <trkpt lat="42.946341" lon="82.187673"><ele>2110</ele></trkpt>
      <trkpt lat="42.946525" lon="82.18762"><ele>2113</ele></trkpt>
      <trkpt lat="42.946756" lon="82.18753"><ele>2118</ele></trkpt>
      <trkpt lat="42.946848" lon="82.187515"><ele>2120</ele></trkpt>
      <trkpt lat="42.946894" lon="82.187487"><ele>2121</ele></trkpt>
      <trkpt lat="42.94709" lon="82.18746"><ele>2126</ele></trkpt>
      <trkpt lat="42.947192" lon="82.187418"><ele>2129</ele></trkpt>
      <trkpt lat="42.947253" lon="82.187423"><ele>2132</ele></trkpt>
      <trkpt lat="42.94734" lon="82.187385"><ele>2135</ele></trkpt>
      <trkpt lat="42.947399" lon="82.187392"><ele>2137</ele></trkpt>
      <trkpt lat="42.947404" lon="82.187421"><ele>2137</ele></trkpt>
      <trkpt lat="42.947402" lon="82.187413"><ele>2138</ele></trkpt>
      <trkpt lat="42.947437" lon="82.18737"><ele>2138</ele></trkpt>
      <trkpt lat="42.947568" lon="82.187234"><ele>2141</ele></trkpt>
      <trkpt lat="42.947665" lon="82.18709"><ele>2143</ele></trkpt>
      <trkpt lat="42.947679" lon="82.187081"><ele>2143</ele></trkpt>
      <trkpt lat="42.947685" lon="82.187088"><ele>2142</ele></trkpt>
      <trkpt lat="42.947684" lon="82.187081"><ele>2143</ele></trkpt>
      <trkpt lat="42.94769" lon="82.187096"><ele>2142</ele></trkpt>
      <trkpt lat="42.947701" lon="82.18706"><ele>2142</ele></trkpt>
      <trkpt lat="42.947886" lon="82.18686"><ele>2144</ele></trkpt>
      <trkpt lat="42.948027" lon="82.186732"><ele>2146</ele></trkpt>
      <trkpt lat="42.948025" lon="82.186711"><ele>2146</ele></trkpt>
      <trkpt lat="42.948142" lon="82.186632"><ele>2147</ele></trkpt>
      <trkpt lat="42.94833" lon="82.18647"><ele>2150</ele></trkpt>
      <trkpt lat="42.948489" lon="82.186366"><ele>2152</ele></trkpt>
      <trkpt lat="42.948644" lon="82.186249"><ele>2152</ele></trkpt>
      <trkpt lat="42.94899" lon="82.186047"><ele>2155</ele></trkpt>
      <trkpt lat="42.949402" lon="82.185837"><ele>2160</ele></trkpt>
      <trkpt lat="42.949485" lon="82.185766"><ele>2160</ele></trkpt>
      <trkpt lat="42.949612" lon="82.185681"><ele>2163</ele></trkpt>
      <trkpt lat="42.949754" lon="82.185558"><ele>2165</ele></trkpt>
      <trkpt lat="42.949898" lon="82.18549"><ele>2167</ele></trkpt>
      <trkpt lat="42.95011" lon="82.185338"><ele>2171</ele></trkpt>
      <trkpt lat="42.950274" lon="82.185251"><ele>2174</ele></trkpt>
      <trkpt lat="42.950496" lon="82.185155"><ele>2178</ele></trkpt>
      <trkpt lat="42.950687" lon="82.185052"><ele>2181</ele></trkpt>
      <trkpt lat="42.950737" lon="82.18504"><ele>2181</ele></trkpt>
      <trkpt lat="42.951017" lon="82.184883"><ele>2189</ele></trkpt>
      <trkpt lat="42.951144" lon="82.184782"><ele>2190</ele></trkpt>
      <trkpt lat="42.951187" lon="82.184756"><ele>2191</ele></trkpt>
      <trkpt lat="42.95119" lon="82.184769"><ele>2191</ele></trkpt>
      <trkpt lat="42.951158" lon="82.184775"><ele>2192</ele></trkpt>
      <trkpt lat="42.951241" lon="82.184723"><ele>2192</ele></trkpt>
      <trkpt lat="42.951439" lon="82.184549"><ele>2195</ele></trkpt>
      <trkpt lat="42.951599" lon="82.184467"><ele>2199</ele></trkpt>
      <trkpt lat="42.951689" lon="82.184398"><ele>2201</ele></trkpt>
      <trkpt lat="42.95172" lon="82.184361"><ele>2202</ele></trkpt>
      <trkpt lat="42.951841" lon="82.1843"><ele>2205</ele></trkpt>
      <trkpt lat="42.951913" lon="82.184281"><ele>2207</ele></trkpt>
      <trkpt lat="42.951952" lon="82.184295"><ele>2208</ele></trkpt>
      <trkpt lat="42.951997" lon="82.184362"><ele>2210</ele></trkpt>
      <trkpt lat="42.951935" lon="82.184503"><ele>2212</ele></trkpt>
      <trkpt lat="42.951929" lon="82.184486"><ele>2213</ele></trkpt>
      <trkpt lat="42.95194" lon="82.184449"><ele>2213</ele></trkpt>
      <trkpt lat="42.952018" lon="82.184311"><ele>2211</ele></trkpt>
      <trkpt lat="42.952039" lon="82.184312"><ele>2212</ele></trkpt>
      <trkpt lat="42.952022" lon="82.184371"><ele>2208</ele></trkpt>
      <trkpt lat="42.952052" lon="82.184358"><ele>2209</ele></trkpt>
      <trkpt lat="42.95206" lon="82.184385"><ele>2209</ele></trkpt>
      <trkpt lat="42.952042" lon="82.184342"><ele>2209</ele></trkpt>
      <trkpt lat="42.952044" lon="82.18435"><ele>2209</ele></trkpt>
      <trkpt lat="42.952011" lon="82.184355"><ele>2210</ele></trkpt>
      <trkpt lat="42.952004" lon="82.18437"><ele>2209</ele></trkpt>
      <trkpt lat="42.952022" lon="82.184384"><ele>2209</ele></trkpt>
      <trkpt lat="42.952025" lon="82.184398"><ele>2209</ele></trkpt>
      <trkpt lat="42.952018" lon="82.1844"><ele>2208</ele></trkpt>
      <trkpt lat="42.952019" lon="82.184389"><ele>2208</ele></trkpt>
      <trkpt lat="42.952063" lon="82.184451"><ele>2205</ele></trkpt>
      <trkpt lat="42.952128" lon="82.184497"><ele>2203</ele></trkpt>
      <trkpt lat="42.952151" lon="82.184563"><ele>2202</ele></trkpt>
      <trkpt lat="42.952146" lon="82.184632"><ele>2200</ele></trkpt>
      <trkpt lat="42.95216" lon="82.184663"><ele>2199</ele></trkpt>
      <trkpt lat="42.952155" lon="82.184706"><ele>2197</ele></trkpt>
      <trkpt lat="42.952226" lon="82.184706"><ele>2195</ele></trkpt>
      <trkpt lat="42.95227" lon="82.184727"><ele>2194</ele></trkpt>
      <trkpt lat="42.952272" lon="82.184777"><ele>2193</ele></trkpt>
      <trkpt lat="42.952281" lon="82.184758"><ele>2192</ele></trkpt>
      <trkpt lat="42.952284" lon="82.184793"><ele>2193</ele></trkpt>
      <trkpt lat="42.952261" lon="82.184911"><ele>2191</ele></trkpt>
      <trkpt lat="42.952266" lon="82.184952"><ele>2190</ele></trkpt>
      <trkpt lat="42.952253" lon="82.185"><ele>2189</ele></trkpt>
      <trkpt lat="42.952227" lon="82.1852"><ele>2184</ele></trkpt>
      <trkpt lat="42.952229" lon="82.185265"><ele>2183</ele></trkpt>
      <trkpt lat="42.952244" lon="82.185314"><ele>2182</ele></trkpt>
      <trkpt lat="42.952288" lon="82.185318"><ele>2181</ele></trkpt>
      <trkpt lat="42.952415" lon="82.185361"><ele>2177</ele></trkpt>
      <trkpt lat="42.952573" lon="82.18543"><ele>2173</ele></trkpt>
      <trkpt lat="42.9528" lon="82.185511"><ele>2167</ele></trkpt>
      <trkpt lat="42.952971" lon="82.185628"><ele>2164</ele></trkpt>
      <trkpt lat="42.953145" lon="82.185775"><ele>2161</ele></trkpt>
      <trkpt lat="42.95331" lon="82.185964"><ele>2157</ele></trkpt>
      <trkpt lat="42.953405" lon="82.18617"><ele>2153</ele></trkpt>
      <trkpt lat="42.953449" lon="82.186371"><ele>2148</ele></trkpt>
      <trkpt lat="42.953481" lon="82.186419"><ele>2145</ele></trkpt>
      <trkpt lat="42.953487" lon="82.186411"><ele>2146</ele></trkpt>
      <trkpt lat="42.95348" lon="82.186467"><ele>2145</ele></trkpt>
      <trkpt lat="42.95349" lon="82.18661"><ele>2143</ele></trkpt>
      <trkpt lat="42.953477" lon="82.186744"><ele>2140</ele></trkpt>
      <trkpt lat="42.95348" lon="82.186875"><ele>2138</ele></trkpt>
      <trkpt lat="42.953496" lon="82.186957"><ele>2137</ele></trkpt>
      <trkpt lat="42.95352" lon="82.186994"><ele>2136</ele></trkpt>
      <trkpt lat="42.953631" lon="82.187057"><ele>2133</ele></trkpt>
      <trkpt lat="42.953724" lon="82.187149"><ele>2131</ele></trkpt>
      <trkpt lat="42.953772" lon="82.187176"><ele>2130</ele></trkpt>
      <trkpt lat="42.953819" lon="82.187224"><ele>2129</ele></trkpt>
      <trkpt lat="42.953855" lon="82.187248"><ele>2128</ele></trkpt>
      <trkpt lat="42.95392" lon="82.187266"><ele>2127</ele></trkpt>
      <trkpt lat="42.954035" lon="82.187372"><ele>2124</ele></trkpt>
      <trkpt lat="42.954213" lon="82.187476"><ele>2122</ele></trkpt>
      <trkpt lat="42.954386" lon="82.187495"><ele>2121</ele></trkpt>
      <trkpt lat="42.954494" lon="82.187487"><ele>2120</ele></trkpt>
      <trkpt lat="42.954613" lon="82.187506"><ele>2120</ele></trkpt>
      <trkpt lat="42.954657" lon="82.187516"><ele>2120</ele></trkpt>
      <trkpt lat="42.954757" lon="82.187573"><ele>2120</ele></trkpt>
      <trkpt lat="42.9549" lon="82.18757"><ele>2118</ele></trkpt>
      <trkpt lat="42.955007" lon="82.187604"><ele>2116</ele></trkpt>
      <trkpt lat="42.955063" lon="82.187634"><ele>2116</ele></trkpt>
      <trkpt lat="42.955204" lon="82.187735"><ele>2113</ele></trkpt>
      <trkpt lat="42.955456" lon="82.187991"><ele>2108</ele></trkpt>
      <trkpt lat="42.955492" lon="82.188042"><ele>2107</ele></trkpt>
      <trkpt lat="42.9555" lon="82.188069"><ele>2107</ele></trkpt>
      <trkpt lat="42.955577" lon="82.188141"><ele>2106</ele></trkpt>
      <trkpt lat="42.955648" lon="82.188234"><ele>2105</ele></trkpt>
      <trkpt lat="42.955687" lon="82.188306"><ele>2104</ele></trkpt>
      <trkpt lat="42.955786" lon="82.188431"><ele>2101</ele></trkpt>
      <trkpt lat="42.955828" lon="82.188514"><ele>2099</ele></trkpt>
      <trkpt lat="42.955881" lon="82.188969"><ele>2093</ele></trkpt>
      <trkpt lat="42.955882" lon="82.189076"><ele>2092</ele></trkpt>
      <trkpt lat="42.9559" lon="82.189293"><ele>2090</ele></trkpt>
      <trkpt lat="42.955893" lon="82.189483"><ele>2087</ele></trkpt>
      <trkpt lat="42.955898" lon="82.18954"><ele>2087</ele></trkpt>
      <trkpt lat="42.955881" lon="82.189589"><ele>2086</ele></trkpt>
      <trkpt lat="42.955869" lon="82.189587"><ele>2086</ele></trkpt>
      <trkpt lat="42.955881" lon="82.189589"><ele>2086</ele></trkpt>
      <trkpt lat="42.955879" lon="82.189567"><ele>2086</ele></trkpt>
      <trkpt lat="42.955897" lon="82.189612"><ele>2085</ele></trkpt>
      <trkpt lat="42.955941" lon="82.189745"><ele>2084</ele></trkpt>
      <trkpt lat="42.955963" lon="82.189842"><ele>2082</ele></trkpt>
      <trkpt lat="42.955937" lon="82.189953"><ele>2081</ele></trkpt>
      <trkpt lat="42.955932" lon="82.190027"><ele>2080</ele></trkpt>
      <trkpt lat="42.955997" lon="82.190231"><ele>2077</ele></trkpt>
      <trkpt lat="42.95599" lon="82.190319"><ele>2076</ele></trkpt>
      <trkpt lat="42.955999" lon="82.190447"><ele>2074</ele></trkpt>
      <trkpt lat="42.956035" lon="82.190581"><ele>2072</ele></trkpt>
      <trkpt lat="42.95604" lon="82.190648"><ele>2072</ele></trkpt>
      <trkpt lat="42.956087" lon="82.190919"><ele>2069</ele></trkpt>
      <trkpt lat="42.956099" lon="82.191043"><ele>2068</ele></trkpt>
      <trkpt lat="42.956116" lon="82.191125"><ele>2067</ele></trkpt>
      <trkpt lat="42.95615" lon="82.191217"><ele>2065</ele></trkpt>
      <trkpt lat="42.956181" lon="82.191397"><ele>2064</ele></trkpt>
      <trkpt lat="42.956189" lon="82.191719"><ele>2059</ele></trkpt>
      <trkpt lat="42.956181" lon="82.191807"><ele>2057</ele></trkpt>
      <trkpt lat="42.956193" lon="82.191988"><ele>2054</ele></trkpt>
      <trkpt lat="42.956219" lon="82.192074"><ele>2053</ele></trkpt>
      <trkpt lat="42.956241" lon="82.192098"><ele>2052</ele></trkpt>
      <trkpt lat="42.956272" lon="82.192112"><ele>2051</ele></trkpt>
      <trkpt lat="42.956359" lon="82.192114"><ele>2050</ele></trkpt>
      <trkpt lat="42.956561" lon="82.192004"><ele>2045</ele></trkpt>
      <trkpt lat="42.956608" lon="82.191934"><ele>2043</ele></trkpt>
      <trkpt lat="42.956645" lon="82.19189"><ele>2042</ele></trkpt>
      <trkpt lat="42.95668" lon="82.191868"><ele>2041</ele></trkpt>
      <trkpt lat="42.956726" lon="82.191807"><ele>2040</ele></trkpt>
      <trkpt lat="42.956805" lon="82.191738"><ele>2037</ele></trkpt>
      <trkpt lat="42.956864" lon="82.191709"><ele>2036</ele></trkpt>
      <trkpt lat="42.956904" lon="82.191662"><ele>2035</ele></trkpt>
      <trkpt lat="42.956946" lon="82.191638"><ele>2033</ele></trkpt>
      <trkpt lat="42.956994" lon="82.191634"><ele>2032</ele></trkpt>
      <trkpt lat="42.957063" lon="82.191601"><ele>2030</ele></trkpt>
      <trkpt lat="42.957113" lon="82.191554"><ele>2029</ele></trkpt>
      <trkpt lat="42.957194" lon="82.19151"><ele>2027</ele></trkpt>
      <trkpt lat="42.957311" lon="82.191464"><ele>2025</ele></trkpt>
      <trkpt lat="42.957487" lon="82.19143"><ele>2021</ele></trkpt>
      <trkpt lat="42.957596" lon="82.191384"><ele>2019</ele></trkpt>
      <trkpt lat="42.957653" lon="82.19134"><ele>2017</ele></trkpt>
      <trkpt lat="42.957668" lon="82.191279"><ele>2017</ele></trkpt>
      <trkpt lat="42.957661" lon="82.191255"><ele>2017</ele></trkpt>
      <trkpt lat="42.957651" lon="82.191249"><ele>2017</ele></trkpt>
      <trkpt lat="42.95771" lon="82.191221"><ele>2015</ele></trkpt>
      <trkpt lat="42.957654" lon="82.19119"><ele>2016</ele></trkpt>
      <trkpt lat="42.957654" lon="82.191027"><ele>2014</ele></trkpt>
      <trkpt lat="42.957702" lon="82.190851"><ele>2012</ele></trkpt>
      <trkpt lat="42.957784" lon="82.190715"><ele>2011</ele></trkpt>
      <trkpt lat="42.957856" lon="82.190624"><ele>2011</ele></trkpt>
      <trkpt lat="42.957894" lon="82.190552"><ele>2011</ele></trkpt>
      <trkpt lat="42.957983" lon="82.190434"><ele>2010</ele></trkpt>
      <trkpt lat="42.95806" lon="82.19029"><ele>2008</ele></trkpt>
      <trkpt lat="42.958202" lon="82.190062"><ele>2006</ele></trkpt>
      <trkpt lat="42.958234" lon="82.189922"><ele>2004</ele></trkpt>
      <trkpt lat="42.958332" lon="82.18972"><ele>2001</ele></trkpt>
      <trkpt lat="42.958498" lon="82.189592"><ele>1996</ele></trkpt>
      <trkpt lat="42.958523" lon="82.189564"><ele>1995</ele></trkpt>
      <trkpt lat="42.958538" lon="82.189521"><ele>1995</ele></trkpt>
      <trkpt lat="42.958582" lon="82.189505"><ele>1994</ele></trkpt>
      <trkpt lat="42.958598" lon="82.189487"><ele>1993</ele></trkpt>
      <trkpt lat="42.958612" lon="82.189438"><ele>1993</ele></trkpt>
      <trkpt lat="42.958661" lon="82.189388"><ele>1991</ele></trkpt>
      <trkpt lat="42.958749" lon="82.189219"><ele>1988</ele></trkpt>
      <trkpt lat="42.958811" lon="82.189136"><ele>1987</ele></trkpt>
      <trkpt lat="42.958884" lon="82.188971"><ele>1985</ele></trkpt>
      <trkpt lat="42.958915" lon="82.188874"><ele>1984</ele></trkpt>
      <trkpt lat="42.958938" lon="82.188835"><ele>1984</ele></trkpt>
      <trkpt lat="42.958939" lon="82.188796"><ele>1983</ele></trkpt>
      <trkpt lat="42.958973" lon="82.188794"><ele>1983</ele></trkpt>
      <trkpt lat="42.958983" lon="82.188782"><ele>1981</ele></trkpt>
      <trkpt lat="42.95899" lon="82.188788"><ele>1980</ele></trkpt>
      <trkpt lat="42.959232" lon="82.188246"><ele>1975</ele></trkpt>
      <trkpt lat="42.95927" lon="82.18819"><ele>1974</ele></trkpt>
      <trkpt lat="42.959361" lon="82.187933"><ele>1972</ele></trkpt>
      <trkpt lat="42.95943" lon="82.187789"><ele>1971</ele></trkpt>
      <trkpt lat="42.959461" lon="82.187685"><ele>1971</ele></trkpt>
      <trkpt lat="42.959543" lon="82.187513"><ele>1971</ele></trkpt>
      <trkpt lat="42.95964" lon="82.187356"><ele>1970</ele></trkpt>
      <trkpt lat="42.959744" lon="82.187152"><ele>1970</ele></trkpt>
      <trkpt lat="42.959934" lon="82.186963"><ele>1967</ele></trkpt>
      <trkpt lat="42.95994" lon="82.186947"><ele>1967</ele></trkpt>
      <trkpt lat="42.959989" lon="82.186909"><ele>1966</ele></trkpt>
      <trkpt lat="42.960108" lon="82.186865"><ele>1964</ele></trkpt>
      <trkpt lat="42.960144" lon="82.186871"><ele>1964</ele></trkpt>
      <trkpt lat="42.960333" lon="82.186825"><ele>1959</ele></trkpt>
      <trkpt lat="42.96037" lon="82.186801"><ele>1959</ele></trkpt>
      <trkpt lat="42.960389" lon="82.186801"><ele>1958</ele></trkpt>
      <trkpt lat="42.960382" lon="82.186755"><ele>1958</ele></trkpt>
      <trkpt lat="42.96041" lon="82.186797"><ele>1958</ele></trkpt>
      <trkpt lat="42.960417" lon="82.186802"><ele>1958</ele></trkpt>
      <trkpt lat="42.960429" lon="82.186791"><ele>1958</ele></trkpt>
      <trkpt lat="42.96047" lon="82.186829"><ele>1958</ele></trkpt>
      <trkpt lat="42.960592" lon="82.186825"><ele>1956</ele></trkpt>
      <trkpt lat="42.960681" lon="82.186794"><ele>1955</ele></trkpt>
      <trkpt lat="42.960786" lon="82.186744"><ele>1952</ele></trkpt>
      <trkpt lat="42.960813" lon="82.186697"><ele>1951</ele></trkpt>
      <trkpt lat="42.960856" lon="82.186669"><ele>1950</ele></trkpt>
      <trkpt lat="42.960855" lon="82.186678"><ele>1949</ele></trkpt>
      <trkpt lat="42.96087" lon="82.186651"><ele>1949</ele></trkpt>
      <trkpt lat="42.960889" lon="82.186666"><ele>1949</ele></trkpt>
      <trkpt lat="42.960915" lon="82.186644"><ele>1949</ele></trkpt>
      <trkpt lat="42.96092" lon="82.186652"><ele>1949</ele></trkpt>
      <trkpt lat="42.960961" lon="82.186644"><ele>1949</ele></trkpt>
      <trkpt lat="42.961008" lon="82.186608"><ele>1951</ele></trkpt>
      <trkpt lat="42.961055" lon="82.186594"><ele>1951</ele></trkpt>
      <trkpt lat="42.9612" lon="82.18651"><ele>1950</ele></trkpt>
      <trkpt lat="42.961273" lon="82.186479"><ele>1950</ele></trkpt>
      <trkpt lat="42.961289" lon="82.186481"><ele>1950</ele></trkpt>
      <trkpt lat="42.96133" lon="82.186454"><ele>1948</ele></trkpt>
      <trkpt lat="42.961405" lon="82.186369"><ele>1946</ele></trkpt>
      <trkpt lat="42.961408" lon="82.186348"><ele>1946</ele></trkpt>
      <trkpt lat="42.961421" lon="82.186343"><ele>1945</ele></trkpt>
      <trkpt lat="42.961472" lon="82.186358"><ele>1946</ele></trkpt>
      <trkpt lat="42.961523" lon="82.186385"><ele>1947</ele></trkpt>
      <trkpt lat="42.961538" lon="82.186412"><ele>1947</ele></trkpt>
      <trkpt lat="42.961568" lon="82.186438"><ele>1948</ele></trkpt>
      <trkpt lat="42.9616" lon="82.186406"><ele>1950</ele></trkpt>
      <trkpt lat="42.961619" lon="82.186344"><ele>1951</ele></trkpt>
      <trkpt lat="42.96171" lon="82.186316"><ele>1951</ele></trkpt>
      <trkpt lat="42.961751" lon="82.186317"><ele>1951</ele></trkpt>
      <trkpt lat="42.961981" lon="82.186239"><ele>1948</ele></trkpt>
      <trkpt lat="42.962009" lon="82.186227"><ele>1948</ele></trkpt>
      <trkpt lat="42.962085" lon="82.186159"><ele>1948</ele></trkpt>
      <trkpt lat="42.962123" lon="82.186086"><ele>1947</ele></trkpt>
      <trkpt lat="42.96223" lon="82.185984"><ele>1945</ele></trkpt>
      <trkpt lat="42.96227" lon="82.185922"><ele>1945</ele></trkpt>
      <trkpt lat="42.962299" lon="82.185827"><ele>1944</ele></trkpt>
      <trkpt lat="42.962356" lon="82.185687"><ele>1941</ele></trkpt>
      <trkpt lat="42.962355" lon="82.185613"><ele>1940</ele></trkpt>
      <trkpt lat="42.962347" lon="82.185592"><ele>1940</ele></trkpt>
      <trkpt lat="42.962369" lon="82.185547"><ele>1939</ele></trkpt>
      <trkpt lat="42.962402" lon="82.185434"><ele>1937</ele></trkpt>
      <trkpt lat="42.96242" lon="82.185416"><ele>1937</ele></trkpt>
      <trkpt lat="42.962454" lon="82.185348"><ele>1936</ele></trkpt>
      <trkpt lat="42.962456" lon="82.18533"><ele>1935</ele></trkpt>
      <trkpt lat="42.962447" lon="82.185318"><ele>1934</ele></trkpt>
      <trkpt lat="42.962513" lon="82.185217"><ele>1934</ele></trkpt>
      <trkpt lat="42.9625" lon="82.185189"><ele>1934</ele></trkpt>
      <trkpt lat="42.962516" lon="82.185216"><ele>1934</ele></trkpt>
      <trkpt lat="42.962527" lon="82.185214"><ele>1934</ele></trkpt>
      <trkpt lat="42.962548" lon="82.185169"><ele>1934</ele></trkpt>
      <trkpt lat="42.962553" lon="82.185134"><ele>1933</ele></trkpt>
      <trkpt lat="42.96259" lon="82.185083"><ele>1933</ele></trkpt>
      <trkpt lat="42.96261" lon="82.185031"><ele>1933</ele></trkpt>
      <trkpt lat="42.962671" lon="82.184961"><ele>1931</ele></trkpt>
      <trkpt lat="42.962774" lon="82.184809"><ele>1930</ele></trkpt>
      <trkpt lat="42.96292" lon="82.184465"><ele>1929</ele></trkpt>
      <trkpt lat="42.963011" lon="82.184215"><ele>1930</ele></trkpt>
      <trkpt lat="42.963013" lon="82.184163"><ele>1930</ele></trkpt>
      <trkpt lat="42.963021" lon="82.184164"><ele>1929</ele></trkpt>
      <trkpt lat="42.963073" lon="82.184106"><ele>1929</ele></trkpt>
      <trkpt lat="42.963114" lon="82.184019"><ele>1928</ele></trkpt>
      <trkpt lat="42.963137" lon="82.183999"><ele>1927</ele></trkpt>
      <trkpt lat="42.963116" lon="82.184036"><ele>1926</ele></trkpt>
      <trkpt lat="42.963099" lon="82.184044"><ele>1927</ele></trkpt>
      <trkpt lat="42.963183" lon="82.183929"><ele>1926</ele></trkpt>
      <trkpt lat="42.963295" lon="82.183811"><ele>1922</ele></trkpt>
      <trkpt lat="42.963347" lon="82.183779"><ele>1922</ele></trkpt>
      <trkpt lat="42.963517" lon="82.183726"><ele>1918</ele></trkpt>
      <trkpt lat="42.963582" lon="82.18372"><ele>1917</ele></trkpt>
      <trkpt lat="42.963728" lon="82.183648"><ele>1915</ele></trkpt>
      <trkpt lat="42.963805" lon="82.183635"><ele>1914</ele></trkpt>
      <trkpt lat="42.963882" lon="82.183608"><ele>1913</ele></trkpt>
      <trkpt lat="42.96404" lon="82.183545"><ele>1911</ele></trkpt>
      <trkpt lat="42.964079" lon="82.183515"><ele>1910</ele></trkpt>
      <trkpt lat="42.964145" lon="82.183503"><ele>1909</ele></trkpt>
      <trkpt lat="42.964248" lon="82.183452"><ele>1908</ele></trkpt>
      <trkpt lat="42.964317" lon="82.183394"><ele>1908</ele></trkpt>
      <trkpt lat="42.964327" lon="82.18337"><ele>1908</ele></trkpt>
      <trkpt lat="42.964415" lon="82.183338"><ele>1907</ele></trkpt>
      <trkpt lat="42.964555" lon="82.183214"><ele>1903</ele></trkpt>
      <trkpt lat="42.96458" lon="82.183206"><ele>1903</ele></trkpt>
      <trkpt lat="42.964743" lon="82.183045"><ele>1898</ele></trkpt>
      <trkpt lat="42.964948" lon="82.182985"><ele>1894</ele></trkpt>
      <trkpt lat="42.965" lon="82.183002"><ele>1893</ele></trkpt>
      <trkpt lat="42.965105" lon="82.183013"><ele>1892</ele></trkpt>
      <trkpt lat="42.965262" lon="82.183019"><ele>1890</ele></trkpt>
      <trkpt lat="42.96532" lon="82.183003"><ele>1889</ele></trkpt>
      <trkpt lat="42.965341" lon="82.182981"><ele>1888</ele></trkpt>
      <trkpt lat="42.965337" lon="82.182961"><ele>1887</ele></trkpt>
      <trkpt lat="42.965284" lon="82.182948"><ele>1887</ele></trkpt>
      <trkpt lat="42.965282" lon="82.1829"><ele>1887</ele></trkpt>
      <trkpt lat="42.965292" lon="82.182891"><ele>1887</ele></trkpt>
      <trkpt lat="42.965252" lon="82.182896"><ele>1887</ele></trkpt>
      <trkpt lat="42.965287" lon="82.182871"><ele>1887</ele></trkpt>
      <trkpt lat="42.965312" lon="82.182906"><ele>1886</ele></trkpt>
      <trkpt lat="42.965297" lon="82.182899"><ele>1887</ele></trkpt>
      <trkpt lat="42.965291" lon="82.182906"><ele>1887</ele></trkpt>
      <trkpt lat="42.965303" lon="82.182889"><ele>1887</ele></trkpt>
      <trkpt lat="42.965349" lon="82.182875"><ele>1887</ele></trkpt>
      <trkpt lat="42.965387" lon="82.182844"><ele>1887</ele></trkpt>
      <trkpt lat="42.965502" lon="82.182831"><ele>1889</ele></trkpt>
      <trkpt lat="42.965577" lon="82.182836"><ele>1889</ele></trkpt>
      <trkpt lat="42.965652" lon="82.182793"><ele>1889</ele></trkpt>
      <trkpt lat="42.965817" lon="82.182753"><ele>1890</ele></trkpt>
      <trkpt lat="42.96596" lon="82.182678"><ele>1890</ele></trkpt>
      <trkpt lat="42.965991" lon="82.182643"><ele>1890</ele></trkpt>
      <trkpt lat="42.966119" lon="82.182567"><ele>1889</ele></trkpt>
      <trkpt lat="42.966319" lon="82.182514"><ele>1888</ele></trkpt>
      <trkpt lat="42.966461" lon="82.182434"><ele>1885</ele></trkpt>
      <trkpt lat="42.966561" lon="82.182404"><ele>1884</ele></trkpt>
      <trkpt lat="42.966703" lon="82.182334"><ele>1884</ele></trkpt>
      <trkpt lat="42.966817" lon="82.182296"><ele>1886</ele></trkpt>
      <trkpt lat="42.966956" lon="82.182198"><ele>1884</ele></trkpt>
      <trkpt lat="42.967062" lon="82.182154"><ele>1881</ele></trkpt>
      <trkpt lat="42.967174" lon="82.18209"><ele>1881</ele></trkpt>
      <trkpt lat="42.96745" lon="82.182022"><ele>1881</ele></trkpt>
      <trkpt lat="42.967683" lon="82.181906"><ele>1878</ele></trkpt>
      <trkpt lat="42.967857" lon="82.181755"><ele>1878</ele></trkpt>
      <trkpt lat="42.967952" lon="82.181691"><ele>1878</ele></trkpt>
      <trkpt lat="42.968002" lon="82.181679"><ele>1877</ele></trkpt>
      <trkpt lat="42.968094" lon="82.181726"><ele>1875</ele></trkpt>
      <trkpt lat="42.968159" lon="82.181799"><ele>1872</ele></trkpt>
      <trkpt lat="42.968222" lon="82.181842"><ele>1871</ele></trkpt>
      <trkpt lat="42.968359" lon="82.181874"><ele>1867</ele></trkpt>
      <trkpt lat="42.968426" lon="82.181876"><ele>1867</ele></trkpt>
      <trkpt lat="42.968452" lon="82.181867"><ele>1866</ele></trkpt>
      <trkpt lat="42.968447" lon="82.181902"><ele>1866</ele></trkpt>
      <trkpt lat="42.968465" lon="82.181944"><ele>1865</ele></trkpt>
      <trkpt lat="42.968496" lon="82.181929"><ele>1865</ele></trkpt>
      <trkpt lat="42.968488" lon="82.181941"><ele>1865</ele></trkpt>
      <trkpt lat="42.968534" lon="82.181903"><ele>1865</ele></trkpt>
      <trkpt lat="42.968557" lon="82.181902"><ele>1865</ele></trkpt>
      <trkpt lat="42.968633" lon="82.181839"><ele>1865</ele></trkpt>
      <trkpt lat="42.968689" lon="82.181804"><ele>1865</ele></trkpt>
      <trkpt lat="42.968762" lon="82.181776"><ele>1864</ele></trkpt>
      <trkpt lat="42.968863" lon="82.181707"><ele>1864</ele></trkpt>
      <trkpt lat="42.968938" lon="82.181701"><ele>1863</ele></trkpt>
      <trkpt lat="42.968981" lon="82.18168"><ele>1863</ele></trkpt>
      <trkpt lat="42.969035" lon="82.181683"><ele>1864</ele></trkpt>
      <trkpt lat="42.969073" lon="82.181714"><ele>1865</ele></trkpt>
      <trkpt lat="42.969066" lon="82.18173"><ele>1865</ele></trkpt>
      <trkpt lat="42.96916" lon="82.181868"><ele>1868</ele></trkpt>
      <trkpt lat="42.969189" lon="82.181864"><ele>1869</ele></trkpt>
      <trkpt lat="42.969265" lon="82.181893"><ele>1868</ele></trkpt>
      <trkpt lat="42.969338" lon="82.181886"><ele>1868</ele></trkpt>
      <trkpt lat="42.969386" lon="82.181896"><ele>1868</ele></trkpt>
      <trkpt lat="42.969402" lon="82.181912"><ele>1869</ele></trkpt>
      <trkpt lat="42.969403" lon="82.181925"><ele>1869</ele></trkpt>
      <trkpt lat="42.969435" lon="82.181908"><ele>1869</ele></trkpt>
      <trkpt lat="42.969473" lon="82.181933"><ele>1868</ele></trkpt>
      <trkpt lat="42.969531" lon="82.181942"><ele>1868</ele></trkpt>
      <trkpt lat="42.969597" lon="82.181929"><ele>1868</ele></trkpt>
      <trkpt lat="42.969649" lon="82.181938"><ele>1868</ele></trkpt>
      <trkpt lat="42.969709" lon="82.181963"><ele>1869</ele></trkpt>
      <trkpt lat="42.969802" lon="82.182057"><ele>1867</ele></trkpt>
      <trkpt lat="42.969913" lon="82.182095"><ele>1865</ele></trkpt>
      <trkpt lat="42.969941" lon="82.182087"><ele>1865</ele></trkpt>
      <trkpt lat="42.970053" lon="82.182104"><ele>1862</ele></trkpt>
      <trkpt lat="42.970112" lon="82.182154"><ele>1861</ele></trkpt>
      <trkpt lat="42.970182" lon="82.182195"><ele>1858</ele></trkpt>
      <trkpt lat="42.970458" lon="82.182202"><ele>1855</ele></trkpt>
      <trkpt lat="42.970634" lon="82.182234"><ele>1854</ele></trkpt>
      <trkpt lat="42.970736" lon="82.182158"><ele>1853</ele></trkpt>
      <trkpt lat="42.970854" lon="82.182137"><ele>1854</ele></trkpt>
      <trkpt lat="42.970882" lon="82.1822"><ele>1853</ele></trkpt>
      <trkpt lat="42.970941" lon="82.182287"><ele>1854</ele></trkpt>
      <trkpt lat="42.97095" lon="82.182376"><ele>1855</ele></trkpt>
      <trkpt lat="42.970945" lon="82.18236"><ele>1855</ele></trkpt>
      <trkpt lat="42.970982" lon="82.182326"><ele>1855</ele></trkpt>
      <trkpt lat="42.970982" lon="82.182316"><ele>1855</ele></trkpt>
      <trkpt lat="42.970963" lon="82.182349"><ele>1854</ele></trkpt>
      <trkpt lat="42.970965" lon="82.182326"><ele>1854</ele></trkpt>
      <trkpt lat="42.97094" lon="82.182359"><ele>1853</ele></trkpt>
      <trkpt lat="42.97126" lon="82.182781"><ele>1854</ele></trkpt>
      <trkpt lat="42.971252" lon="82.182718"><ele>1854</ele></trkpt>
      <trkpt lat="42.971214" lon="82.18265"><ele>1855</ele></trkpt>
      <trkpt lat="42.971137" lon="82.18258"><ele>1856</ele></trkpt>
      <trkpt lat="42.971059" lon="82.182479"><ele>1857</ele></trkpt>
      <trkpt lat="42.970956" lon="82.182369"><ele>1856</ele></trkpt>
      <trkpt lat="42.970937" lon="82.182359"><ele>1856</ele></trkpt>
      <trkpt lat="42.970971" lon="82.182305"><ele>1857</ele></trkpt>
      <trkpt lat="42.970969" lon="82.18234"><ele>1857</ele></trkpt>
      <trkpt lat="42.97098" lon="82.18231"><ele>1857</ele></trkpt>
      <trkpt lat="42.970977" lon="82.182319"><ele>1859</ele></trkpt>
      <trkpt lat="42.97098" lon="82.18231"><ele>1859</ele></trkpt>
      <trkpt lat="42.970947" lon="82.18228"><ele>1859</ele></trkpt>
      <trkpt lat="42.970837" lon="82.182128"><ele>1857</ele></trkpt>
      <trkpt lat="42.970862" lon="82.182073"><ele>1857</ele></trkpt>
      <trkpt lat="42.970908" lon="82.182036"><ele>1856</ele></trkpt>
      <trkpt lat="42.970949" lon="82.182026"><ele>1855</ele></trkpt>
      <trkpt lat="42.971157" lon="82.182036"><ele>1854</ele></trkpt>
      <trkpt lat="42.971269" lon="82.182114"><ele>1853</ele></trkpt>
      <trkpt lat="42.971316" lon="82.182123"><ele>1853</ele></trkpt>
      <trkpt lat="42.971356" lon="82.182115"><ele>1852</ele></trkpt>
      <trkpt lat="42.971506" lon="82.182047"><ele>1849</ele></trkpt>
      <trkpt lat="42.971587" lon="82.182032"><ele>1847</ele></trkpt>
      <trkpt lat="42.971709" lon="82.181991"><ele>1844</ele></trkpt>
      <trkpt lat="42.971841" lon="82.182019"><ele>1841</ele></trkpt>
      <trkpt lat="42.971938" lon="82.181984"><ele>1839</ele></trkpt>
      <trkpt lat="42.972035" lon="82.18201"><ele>1837</ele></trkpt>
      <trkpt lat="42.972095" lon="82.182045"><ele>1835</ele></trkpt>
      <trkpt lat="42.972123" lon="82.182046"><ele>1835</ele></trkpt>
      <trkpt lat="42.972134" lon="82.182029"><ele>1835</ele></trkpt>
      <trkpt lat="42.972189" lon="82.182006"><ele>1835</ele></trkpt>
      <trkpt lat="42.972211" lon="82.181986"><ele>1835</ele></trkpt>
      <trkpt lat="42.97224" lon="82.181956"><ele>1834</ele></trkpt>
      <trkpt lat="42.972254" lon="82.181884"><ele>1834</ele></trkpt>
      <trkpt lat="42.97228" lon="82.181834"><ele>1834</ele></trkpt>
      <trkpt lat="42.972371" lon="82.181701"><ele>1834</ele></trkpt>
      <trkpt lat="42.97243" lon="82.181641"><ele>1833</ele></trkpt>
      <trkpt lat="42.97253" lon="82.181483"><ele>1832</ele></trkpt>
      <trkpt lat="42.972775" lon="82.181148"><ele>1829</ele></trkpt>
      <trkpt lat="42.972888" lon="82.181048"><ele>1829</ele></trkpt>
      <trkpt lat="42.972921" lon="82.181039"><ele>1828</ele></trkpt>
      <trkpt lat="42.972937" lon="82.181023"><ele>1828</ele></trkpt>
      <trkpt lat="42.972976" lon="82.180967"><ele>1827</ele></trkpt>
      <trkpt lat="42.973066" lon="82.180891"><ele>1824</ele></trkpt>
      <trkpt lat="42.973153" lon="82.180764"><ele>1823</ele></trkpt>
      <trkpt lat="42.973247" lon="82.180465"><ele>1821</ele></trkpt>
      <trkpt lat="42.973426" lon="82.180187"><ele>1818</ele></trkpt>
      <trkpt lat="42.973462" lon="82.180099"><ele>1817</ele></trkpt>
      <trkpt lat="42.973511" lon="82.179935"><ele>1816</ele></trkpt>
      <trkpt lat="42.973614" lon="82.179684"><ele>1814</ele></trkpt>
      <trkpt lat="42.973689" lon="82.179589"><ele>1813</ele></trkpt>
      <trkpt lat="42.973738" lon="82.179504"><ele>1812</ele></trkpt>
      <trkpt lat="42.973833" lon="82.179385"><ele>1811</ele></trkpt>
      <trkpt lat="42.973929" lon="82.179233"><ele>1809</ele></trkpt>
      <trkpt lat="42.973985" lon="82.179166"><ele>1809</ele></trkpt>
      <trkpt lat="42.974092" lon="82.179061"><ele>1807</ele></trkpt>
      <trkpt lat="42.974141" lon="82.17903"><ele>1806</ele></trkpt>
      <trkpt lat="42.974211" lon="82.179008"><ele>1805</ele></trkpt>
      <trkpt lat="42.974375" lon="82.178985"><ele>1801</ele></trkpt>
      <trkpt lat="42.974463" lon="82.178951"><ele>1799</ele></trkpt>
      <trkpt lat="42.974541" lon="82.178896"><ele>1798</ele></trkpt>
      <trkpt lat="42.974584" lon="82.178882"><ele>1797</ele></trkpt>
      <trkpt lat="42.974675" lon="82.178863"><ele>1796</ele></trkpt>
      <trkpt lat="42.974708" lon="82.178882"><ele>1796</ele></trkpt>
      <trkpt lat="42.974755" lon="82.17888"><ele>1796</ele></trkpt>
      <trkpt lat="42.974778" lon="82.178859"><ele>1796</ele></trkpt>
      <trkpt lat="42.974776" lon="82.178868"><ele>1796</ele></trkpt>
      <trkpt lat="42.974788" lon="82.178848"><ele>1796</ele></trkpt>
      <trkpt lat="42.974792" lon="82.178804"><ele>1796</ele></trkpt>
      <trkpt lat="42.974818" lon="82.178778"><ele>1796</ele></trkpt>
      <trkpt lat="42.974853" lon="82.178707"><ele>1795</ele></trkpt>
      <trkpt lat="42.974971" lon="82.178598"><ele>1795</ele></trkpt>
      <trkpt lat="42.975018" lon="82.178536"><ele>1796</ele></trkpt>
      <trkpt lat="42.975121" lon="82.178433"><ele>1796</ele></trkpt>
      <trkpt lat="42.975164" lon="82.178401"><ele>1795</ele></trkpt>
      <trkpt lat="42.975212" lon="82.178385"><ele>1796</ele></trkpt>
      <trkpt lat="42.975282" lon="82.178391"><ele>1796</ele></trkpt>
      <trkpt lat="42.975366" lon="82.178353"><ele>1795</ele></trkpt>
      <trkpt lat="42.975354" lon="82.178332"><ele>1794</ele></trkpt>
      <trkpt lat="42.975384" lon="82.178344"><ele>1794</ele></trkpt>
      <trkpt lat="42.975476" lon="82.178311"><ele>1794</ele></trkpt>
      <trkpt lat="42.975529" lon="82.178247"><ele>1795</ele></trkpt>
      <trkpt lat="42.975524" lon="82.178254"><ele>1795</ele></trkpt>
      <trkpt lat="42.975569" lon="82.178252"><ele>1795</ele></trkpt>
      <trkpt lat="42.975619" lon="82.178201"><ele>1795</ele></trkpt>
      <trkpt lat="42.975641" lon="82.17816"><ele>1794</ele></trkpt>
      <trkpt lat="42.975675" lon="82.178148"><ele>1793</ele></trkpt>
      <trkpt lat="42.975736" lon="82.178073"><ele>1791</ele></trkpt>
      <trkpt lat="42.975762" lon="82.178076"><ele>1790</ele></trkpt>
      <trkpt lat="42.975772" lon="82.178039"><ele>1790</ele></trkpt>
      <trkpt lat="42.975845" lon="82.178007"><ele>1790</ele></trkpt>
      <trkpt lat="42.975926" lon="82.177913"><ele>1788</ele></trkpt>
      <trkpt lat="42.975977" lon="82.177869"><ele>1786</ele></trkpt>
      <trkpt lat="42.976012" lon="82.177784"><ele>1785</ele></trkpt>
      <trkpt lat="42.97607" lon="82.177767"><ele>1783</ele></trkpt>
      <trkpt lat="42.976087" lon="82.177746"><ele>1782</ele></trkpt>
      <trkpt lat="42.976068" lon="82.177682"><ele>1781</ele></trkpt>
      <trkpt lat="42.976089" lon="82.177682"><ele>1780</ele></trkpt>
      <trkpt lat="42.976167" lon="82.17761"><ele>1779</ele></trkpt>
      <trkpt lat="42.976182" lon="82.177542"><ele>1777</ele></trkpt>
      <trkpt lat="42.976221" lon="82.177492"><ele>1777</ele></trkpt>
      <trkpt lat="42.976262" lon="82.177375"><ele>1776</ele></trkpt>
      <trkpt lat="42.976333" lon="82.177271"><ele>1775</ele></trkpt>
      <trkpt lat="42.976354" lon="82.177211"><ele>1774</ele></trkpt>
      <trkpt lat="42.976372" lon="82.177197"><ele>1773</ele></trkpt>
      <trkpt lat="42.976382" lon="82.177165"><ele>1773</ele></trkpt>
      <trkpt lat="42.976439" lon="82.17707"><ele>1770</ele></trkpt>
      <trkpt lat="42.976464" lon="82.176974"><ele>1769</ele></trkpt>
      <trkpt lat="42.97651" lon="82.176868"><ele>1767</ele></trkpt>
      <trkpt lat="42.976562" lon="82.176842"><ele>1766</ele></trkpt>
      <trkpt lat="42.976603" lon="82.176792"><ele>1765</ele></trkpt>
      <trkpt lat="42.976644" lon="82.176689"><ele>1764</ele></trkpt>
      <trkpt lat="42.976675" lon="82.176653"><ele>1763</ele></trkpt>
      <trkpt lat="42.976692" lon="82.176658"><ele>1761</ele></trkpt>
      <trkpt lat="42.976727" lon="82.176599"><ele>1761</ele></trkpt>
      <trkpt lat="42.976753" lon="82.176594"><ele>1760</ele></trkpt>
      <trkpt lat="42.976824" lon="82.176503"><ele>1758</ele></trkpt>
      <trkpt lat="42.976885" lon="82.176445"><ele>1758</ele></trkpt>
      <trkpt lat="42.976944" lon="82.176391"><ele>1758</ele></trkpt>
      <trkpt lat="42.977042" lon="82.176361"><ele>1755</ele></trkpt>
      <trkpt lat="42.977098" lon="82.17631"><ele>1754</ele></trkpt>
      <trkpt lat="42.977161" lon="82.176293"><ele>1752</ele></trkpt>
      <trkpt lat="42.977195" lon="82.176301"><ele>1752</ele></trkpt>
      <trkpt lat="42.977294" lon="82.176296"><ele>1749</ele></trkpt>
      <trkpt lat="42.977368" lon="82.176266"><ele>1746</ele></trkpt>
      <trkpt lat="42.977473" lon="82.176286"><ele>1743</ele></trkpt>
      <trkpt lat="42.977497" lon="82.176305"><ele>1742</ele></trkpt>
      <trkpt lat="42.977499" lon="82.176366"><ele>1741</ele></trkpt>
      <trkpt lat="42.977524" lon="82.176354"><ele>1741</ele></trkpt>
      <trkpt lat="42.977581" lon="82.176375"><ele>1739</ele></trkpt>
      <trkpt lat="42.977608" lon="82.176394"><ele>1739</ele></trkpt>
      <trkpt lat="42.977655" lon="82.176454"><ele>1738</ele></trkpt>
      <trkpt lat="42.977675" lon="82.176538"><ele>1737</ele></trkpt>
      <trkpt lat="42.97772" lon="82.176599"><ele>1736</ele></trkpt>
      <trkpt lat="42.977682" lon="82.176583"><ele>1737</ele></trkpt>
      <trkpt lat="42.977669" lon="82.176602"><ele>1737</ele></trkpt>
      <trkpt lat="42.977668" lon="82.176635"><ele>1736</ele></trkpt>
      <trkpt lat="42.977697" lon="82.176728"><ele>1735</ele></trkpt>
      <trkpt lat="42.977813" lon="82.176936"><ele>1734</ele></trkpt>
      <trkpt lat="42.97787" lon="82.177082"><ele>1733</ele></trkpt>
      <trkpt lat="42.977873" lon="82.177153"><ele>1733</ele></trkpt>
      <trkpt lat="42.977863" lon="82.177317"><ele>1733</ele></trkpt>
      <trkpt lat="42.977881" lon="82.177439"><ele>1733</ele></trkpt>
      <trkpt lat="42.977914" lon="82.177545"><ele>1736</ele></trkpt>
      <trkpt lat="42.977917" lon="82.177534"><ele>1735</ele></trkpt>
      <trkpt lat="42.977938" lon="82.177528"><ele>1736</ele></trkpt>
      <trkpt lat="42.97795" lon="82.177538"><ele>1737</ele></trkpt>
      <trkpt lat="42.977997" lon="82.177602"><ele>1736</ele></trkpt>
      <trkpt lat="42.978033" lon="82.177677"><ele>1735</ele></trkpt>
      <trkpt lat="42.978029" lon="82.177767"><ele>1733</ele></trkpt>
      <trkpt lat="42.978019" lon="82.177813"><ele>1732</ele></trkpt>
      <trkpt lat="42.978029" lon="82.177845"><ele>1731</ele></trkpt>
      <trkpt lat="42.977982" lon="82.177888"><ele>1730</ele></trkpt>
      <trkpt lat="42.977983" lon="82.177901"><ele>1730</ele></trkpt>
      <trkpt lat="42.977945" lon="82.177993"><ele>1729</ele></trkpt>
      <trkpt lat="42.977956" lon="82.17797"><ele>1729</ele></trkpt>
      <trkpt lat="42.977976" lon="82.177966"><ele>1729</ele></trkpt>
      <trkpt lat="42.977892" lon="82.178062"><ele>1728</ele></trkpt>
      <trkpt lat="42.97784" lon="82.178284"><ele>1726</ele></trkpt>
      <trkpt lat="42.977839" lon="82.178395"><ele>1726</ele></trkpt>
      <trkpt lat="42.977872" lon="82.178506"><ele>1726</ele></trkpt>
      <trkpt lat="42.97788" lon="82.178494"><ele>1726</ele></trkpt>
      <trkpt lat="42.977898" lon="82.178526"><ele>1726</ele></trkpt>
      <trkpt lat="42.977853" lon="82.178533"><ele>1725</ele></trkpt>
      <trkpt lat="42.977844" lon="82.1785"><ele>1726</ele></trkpt>
      <trkpt lat="42.977801" lon="82.178481"><ele>1726</ele></trkpt>
      <trkpt lat="42.977828" lon="82.178483"><ele>1726</ele></trkpt>
      <trkpt lat="42.977847" lon="82.178513"><ele>1726</ele></trkpt>
      <trkpt lat="42.977815" lon="82.178519"><ele>1726</ele></trkpt>
      <trkpt lat="42.97785" lon="82.178518"><ele>1727</ele></trkpt>
      <trkpt lat="42.977815" lon="82.178527"><ele>1726</ele></trkpt>
      <trkpt lat="42.977809" lon="82.178567"><ele>1726</ele></trkpt>
      <trkpt lat="42.977833" lon="82.178672"><ele>1726</ele></trkpt>
      <trkpt lat="42.977811" lon="82.178788"><ele>1726</ele></trkpt>
      <trkpt lat="42.97781" lon="82.178867"><ele>1727</ele></trkpt>
      <trkpt lat="42.97779" lon="82.17905"><ele>1728</ele></trkpt>
      <trkpt lat="42.977814" lon="82.179141"><ele>1728</ele></trkpt>
      <trkpt lat="42.977803" lon="82.179307"><ele>1728</ele></trkpt>
      <trkpt lat="42.977815" lon="82.179368"><ele>1728</ele></trkpt>
      <trkpt lat="42.977846" lon="82.179428"><ele>1728</ele></trkpt>
      <trkpt lat="42.97788" lon="82.179424"><ele>1729</ele></trkpt>
      <trkpt lat="42.977888" lon="82.179413"><ele>1729</ele></trkpt>
      <trkpt lat="42.977898" lon="82.17942"><ele>1729</ele></trkpt>
      <trkpt lat="42.97789" lon="82.179435"><ele>1728</ele></trkpt>
      <trkpt lat="42.977898" lon="82.179425"><ele>1729</ele></trkpt>
      <trkpt lat="42.977989" lon="82.179427"><ele>1729</ele></trkpt>
      <trkpt lat="42.978012" lon="82.179417"><ele>1728</ele></trkpt>
      <trkpt lat="42.978081" lon="82.17948"><ele>1727</ele></trkpt>
      <trkpt lat="42.978126" lon="82.179478"><ele>1728</ele></trkpt>
      <trkpt lat="42.978162" lon="82.179512"><ele>1728</ele></trkpt>
      <trkpt lat="42.978189" lon="82.179512"><ele>1728</ele></trkpt>
      <trkpt lat="42.978252" lon="82.179569"><ele>1729</ele></trkpt>
      <trkpt lat="42.978259" lon="82.17956"><ele>1728</ele></trkpt>
      <trkpt lat="42.978272" lon="82.179565"><ele>1728</ele></trkpt>
      <trkpt lat="42.978325" lon="82.179537"><ele>1729</ele></trkpt>
      <trkpt lat="42.978355" lon="82.179527"><ele>1729</ele></trkpt>
      <trkpt lat="42.978345" lon="82.179539"><ele>1729</ele></trkpt>
      <trkpt lat="42.978355" lon="82.179514"><ele>1729</ele></trkpt>
      <trkpt lat="42.978418" lon="82.179461"><ele>1728</ele></trkpt>
      <trkpt lat="42.978467" lon="82.179444"><ele>1729</ele></trkpt>
      <trkpt lat="42.978495" lon="82.179391"><ele>1729</ele></trkpt>
      <trkpt lat="42.97854" lon="82.179342"><ele>1729</ele></trkpt>
      <trkpt lat="42.978546" lon="82.179343"><ele>1729</ele></trkpt>
      <trkpt lat="42.978536" lon="82.179374"><ele>1729</ele></trkpt>
      <trkpt lat="42.978516" lon="82.179365"><ele>1729</ele></trkpt>
      <trkpt lat="42.978483" lon="82.179395"><ele>1729</ele></trkpt>
      <trkpt lat="42.978533" lon="82.179317"><ele>1729</ele></trkpt>
      <trkpt lat="42.978512" lon="82.179354"><ele>1729</ele></trkpt>
      <trkpt lat="42.978511" lon="82.179371"><ele>1729</ele></trkpt>
      <trkpt lat="42.978473" lon="82.179419"><ele>1729</ele></trkpt>
      <trkpt lat="42.978483" lon="82.179419"><ele>1729</ele></trkpt>
      <trkpt lat="42.978527" lon="82.179335"><ele>1728</ele></trkpt>
      <trkpt lat="42.978524" lon="82.179311"><ele>1728</ele></trkpt>
      <trkpt lat="42.978545" lon="82.179273"><ele>1728</ele></trkpt>
      <trkpt lat="42.978584" lon="82.179216"><ele>1728</ele></trkpt>
      <trkpt lat="42.978623" lon="82.17918"><ele>1729</ele></trkpt>
      <trkpt lat="42.978801" lon="82.179154"><ele>1730</ele></trkpt>
      <trkpt lat="42.978835" lon="82.179127"><ele>1730</ele></trkpt>
      <trkpt lat="42.978936" lon="82.179082"><ele>1731</ele></trkpt>
      <trkpt lat="42.978966" lon="82.179085"><ele>1731</ele></trkpt>
      <trkpt lat="42.979032" lon="82.179068"><ele>1732</ele></trkpt>
      <trkpt lat="42.979045" lon="82.179075"><ele>1733</ele></trkpt>
      <trkpt lat="42.979056" lon="82.179108"><ele>1732</ele></trkpt>
      <trkpt lat="42.97912" lon="82.179189"><ele>1732</ele></trkpt>
      <trkpt lat="42.97925" lon="82.179286"><ele>1734</ele></trkpt>
      <trkpt lat="42.979274" lon="82.179314"><ele>1734</ele></trkpt>
      <trkpt lat="42.979328" lon="82.179338"><ele>1735</ele></trkpt>
      <trkpt lat="42.979425" lon="82.179356"><ele>1737</ele></trkpt>
      <trkpt lat="42.979479" lon="82.179387"><ele>1738</ele></trkpt>
      <trkpt lat="42.979488" lon="82.179395"><ele>1738</ele></trkpt>
      <trkpt lat="42.979487" lon="82.179407"><ele>1738</ele></trkpt>
      <trkpt lat="42.979536" lon="82.179441"><ele>1739</ele></trkpt>
      <trkpt lat="42.979525" lon="82.179431"><ele>1739</ele></trkpt>
      <trkpt lat="42.979531" lon="82.179423"><ele>1739</ele></trkpt>
      <trkpt lat="42.979521" lon="82.179439"><ele>1739</ele></trkpt>
      <trkpt lat="42.979528" lon="82.179409"><ele>1739</ele></trkpt>
      <trkpt lat="42.979547" lon="82.179411"><ele>1739</ele></trkpt>
      <trkpt lat="42.979555" lon="82.179426"><ele>1739</ele></trkpt>
      <trkpt lat="42.979551" lon="82.179463"><ele>1739</ele></trkpt>
      <trkpt lat="42.979553" lon="82.179438"><ele>1739</ele></trkpt>
      <trkpt lat="42.979544" lon="82.179444"><ele>1739</ele></trkpt>
      <trkpt lat="42.979572" lon="82.179403"><ele>1739</ele></trkpt>
      <trkpt lat="42.979622" lon="82.179387"><ele>1739</ele></trkpt>
      <trkpt lat="42.979672" lon="82.1794"><ele>1738</ele></trkpt>
      <trkpt lat="42.979787" lon="82.179506"><ele>1740</ele></trkpt>
      <trkpt lat="42.979841" lon="82.179507"><ele>1740</ele></trkpt>
      <trkpt lat="42.979885" lon="82.179541"><ele>1741</ele></trkpt>
      <trkpt lat="42.979932" lon="82.179534"><ele>1741</ele></trkpt>
      <trkpt lat="42.979931" lon="82.179526"><ele>1742</ele></trkpt>
      <trkpt lat="42.97997" lon="82.179532"><ele>1742</ele></trkpt>
      <trkpt lat="42.97999" lon="82.179599"><ele>1743</ele></trkpt>
      <trkpt lat="42.980021" lon="82.179634"><ele>1743</ele></trkpt>
      <trkpt lat="42.980038" lon="82.179614"><ele>1744</ele></trkpt>
      <trkpt lat="42.980071" lon="82.17963"><ele>1744</ele></trkpt>
      <trkpt lat="42.980168" lon="82.179643"><ele>1744</ele></trkpt>
      <trkpt lat="42.980279" lon="82.179711"><ele>1746</ele></trkpt>
      <trkpt lat="42.980341" lon="82.179685"><ele>1747</ele></trkpt>
      <trkpt lat="42.980396" lon="82.179691"><ele>1747</ele></trkpt>
      <trkpt lat="42.980432" lon="82.179736"><ele>1748</ele></trkpt>
      <trkpt lat="42.980482" lon="82.179759"><ele>1749</ele></trkpt>
      <trkpt lat="42.980535" lon="82.179755"><ele>1750</ele></trkpt>
      <trkpt lat="42.98058" lon="82.179766"><ele>1751</ele></trkpt>
      <trkpt lat="42.980579" lon="82.179773"><ele>1750</ele></trkpt>
      <trkpt lat="42.980609" lon="82.17977"><ele>1750</ele></trkpt>
      <trkpt lat="42.980647" lon="82.179759"><ele>1751</ele></trkpt>
      <trkpt lat="42.980721" lon="82.179701"><ele>1752</ele></trkpt>
      <trkpt lat="42.980768" lon="82.179613"><ele>1753</ele></trkpt>
      <trkpt lat="42.980833" lon="82.179577"><ele>1755</ele></trkpt>
      <trkpt lat="42.980869" lon="82.179578"><ele>1756</ele></trkpt>
      <trkpt lat="42.98095" lon="82.179544"><ele>1758</ele></trkpt>
      <trkpt lat="42.980997" lon="82.179591"><ele>1759</ele></trkpt>
      <trkpt lat="42.981066" lon="82.179616"><ele>1761</ele></trkpt>
      <trkpt lat="42.981093" lon="82.179615"><ele>1761</ele></trkpt>
      <trkpt lat="42.981166" lon="82.179704"><ele>1764</ele></trkpt>
      <trkpt lat="42.981165" lon="82.179796"><ele>1766</ele></trkpt>
      <trkpt lat="42.981215" lon="82.17983"><ele>1768</ele></trkpt>
      <trkpt lat="42.981278" lon="82.17985"><ele>1770</ele></trkpt>
      <trkpt lat="42.981316" lon="82.179892"><ele>1771</ele></trkpt>
      <trkpt lat="42.981314" lon="82.179919"><ele>1772</ele></trkpt>
      <trkpt lat="42.981302" lon="82.179914"><ele>1773</ele></trkpt>
      <trkpt lat="42.981378" lon="82.179902"><ele>1773</ele></trkpt>
      <trkpt lat="42.981408" lon="82.179911"><ele>1773</ele></trkpt>
      <trkpt lat="42.981448" lon="82.179942"><ele>1773</ele></trkpt>
      <trkpt lat="42.981484" lon="82.179986"><ele>1774</ele></trkpt>
      <trkpt lat="42.98152" lon="82.180009"><ele>1774</ele></trkpt>
      <trkpt lat="42.981554" lon="82.180007"><ele>1775</ele></trkpt>
      <trkpt lat="42.981567" lon="82.180016"><ele>1775</ele></trkpt>
      <trkpt lat="42.981596" lon="82.180046"><ele>1774</ele></trkpt>
      <trkpt lat="42.981588" lon="82.180059"><ele>1775</ele></trkpt>
      <trkpt lat="42.981569" lon="82.180064"><ele>1775</ele></trkpt>
      <trkpt lat="42.981612" lon="82.180119"><ele>1776</ele></trkpt>
      <trkpt lat="42.981641" lon="82.180125"><ele>1777</ele></trkpt>
      <trkpt lat="42.981751" lon="82.180202"><ele>1779</ele></trkpt>
      <trkpt lat="42.981796" lon="82.180265"><ele>1780</ele></trkpt>
      <trkpt lat="42.981885" lon="82.18032"><ele>1781</ele></trkpt>
      <trkpt lat="42.981922" lon="82.180374"><ele>1782</ele></trkpt>
      <trkpt lat="42.981926" lon="82.180393"><ele>1782</ele></trkpt>
      <trkpt lat="42.981911" lon="82.180377"><ele>1783</ele></trkpt>
      <trkpt lat="42.981925" lon="82.180372"><ele>1782</ele></trkpt>
      <trkpt lat="42.981913" lon="82.180368"><ele>1782</ele></trkpt>
      <trkpt lat="42.981924" lon="82.180371"><ele>1782</ele></trkpt>
      <trkpt lat="42.981971" lon="82.180412"><ele>1783</ele></trkpt>
      <trkpt lat="42.981994" lon="82.1805"><ele>1784</ele></trkpt>
      <trkpt lat="42.982131" lon="82.180652"><ele>1788</ele></trkpt>
      <trkpt lat="42.982212" lon="82.180699"><ele>1790</ele></trkpt>
      <trkpt lat="42.982228" lon="82.180728"><ele>1791</ele></trkpt>
      <trkpt lat="42.982312" lon="82.180809"><ele>1793</ele></trkpt>
      <trkpt lat="42.982322" lon="82.180824"><ele>1793</ele></trkpt>
      <trkpt lat="42.982329" lon="82.180871"><ele>1794</ele></trkpt>
      <trkpt lat="42.982353" lon="82.180889"><ele>1794</ele></trkpt>
      <trkpt lat="42.982352" lon="82.180928"><ele>1796</ele></trkpt>
      <trkpt lat="42.982366" lon="82.180955"><ele>1796</ele></trkpt>
      <trkpt lat="42.982491" lon="82.181053"><ele>1796</ele></trkpt>
      <trkpt lat="42.982497" lon="82.181048"><ele>1796</ele></trkpt>
      <trkpt lat="42.98249" lon="82.181036"><ele>1796</ele></trkpt>
      <trkpt lat="42.982504" lon="82.18105"><ele>1796</ele></trkpt>
      <trkpt lat="42.982492" lon="82.181073"><ele>1796</ele></trkpt>
      <trkpt lat="42.982557" lon="82.181081"><ele>1795</ele></trkpt>
      <trkpt lat="42.982554" lon="82.181099"><ele>1794</ele></trkpt>
      <trkpt lat="42.982636" lon="82.1811"><ele>1795</ele></trkpt>
      <trkpt lat="42.982684" lon="82.181152"><ele>1796</ele></trkpt>
      <trkpt lat="42.982737" lon="82.181153"><ele>1797</ele></trkpt>
      <trkpt lat="42.982768" lon="82.181167"><ele>1797</ele></trkpt>
      <trkpt lat="42.982777" lon="82.181182"><ele>1797</ele></trkpt>
      <trkpt lat="42.982774" lon="82.181156"><ele>1798</ele></trkpt>
      <trkpt lat="42.98281" lon="82.181243"><ele>1799</ele></trkpt>
      <trkpt lat="42.982844" lon="82.181292"><ele>1799</ele></trkpt>
      <trkpt lat="42.982868" lon="82.1813"><ele>1800</ele></trkpt>
      <trkpt lat="42.98288" lon="82.181318"><ele>1801</ele></trkpt>
      <trkpt lat="42.982862" lon="82.181326"><ele>1801</ele></trkpt>
      <trkpt lat="42.982906" lon="82.181303"><ele>1801</ele></trkpt>
      <trkpt lat="42.982919" lon="82.181323"><ele>1801</ele></trkpt>
      <trkpt lat="42.98295" lon="82.181405"><ele>1803</ele></trkpt>
      <trkpt lat="42.98295" lon="82.181454"><ele>1804</ele></trkpt>
      <trkpt lat="42.982959" lon="82.181467"><ele>1804</ele></trkpt>
      <trkpt lat="42.98301" lon="82.181485"><ele>1805</ele></trkpt>
      <trkpt lat="42.983077" lon="82.181479"><ele>1808</ele></trkpt>
      <trkpt lat="42.983137" lon="82.181554"><ele>1809</ele></trkpt>
      <trkpt lat="42.983175" lon="82.181625"><ele>1810</ele></trkpt>
      <trkpt lat="42.983238" lon="82.181608"><ele>1812</ele></trkpt>
      <trkpt lat="42.983253" lon="82.181619"><ele>1813</ele></trkpt>
      <trkpt lat="42.983255" lon="82.181628"><ele>1813</ele></trkpt>
      <trkpt lat="42.983244" lon="82.181634"><ele>1813</ele></trkpt>
      <trkpt lat="42.983261" lon="82.18165"><ele>1812</ele></trkpt>
      <trkpt lat="42.98329" lon="82.181652"><ele>1813</ele></trkpt>
      <trkpt lat="42.983281" lon="82.181664"><ele>1813</ele></trkpt>
      <trkpt lat="42.983289" lon="82.181645"><ele>1813</ele></trkpt>
      <trkpt lat="42.983232" lon="82.181629"><ele>1813</ele></trkpt>
      <trkpt lat="42.983238" lon="82.181636"><ele>1813</ele></trkpt>
      <trkpt lat="42.98326" lon="82.181628"><ele>1813</ele></trkpt>
      <trkpt lat="42.983313" lon="82.181718"><ele>1814</ele></trkpt>
      <trkpt lat="42.98332" lon="82.181774"><ele>1814</ele></trkpt>
      <trkpt lat="42.983346" lon="82.181797"><ele>1814</ele></trkpt>
      <trkpt lat="42.983342" lon="82.181807"><ele>1814</ele></trkpt>
      <trkpt lat="42.983353" lon="82.181839"><ele>1814</ele></trkpt>
      <trkpt lat="42.983371" lon="82.181853"><ele>1814</ele></trkpt>
      <trkpt lat="42.983401" lon="82.181838"><ele>1813</ele></trkpt>
      <trkpt lat="42.983433" lon="82.181845"><ele>1813</ele></trkpt>
      <trkpt lat="42.983447" lon="82.181877"><ele>1813</ele></trkpt>
      <trkpt lat="42.983432" lon="82.181896"><ele>1813</ele></trkpt>
      <trkpt lat="42.983464" lon="82.181939"><ele>1815</ele></trkpt>
      <trkpt lat="42.983515" lon="82.18193"><ele>1816</ele></trkpt>
      <trkpt lat="42.983555" lon="82.18189"><ele>1819</ele></trkpt>
      <trkpt lat="42.983553" lon="82.181879"><ele>1819</ele></trkpt>
      <trkpt lat="42.983636" lon="82.18176"><ele>1822</ele></trkpt>
      <trkpt lat="42.983654" lon="82.181684"><ele>1824</ele></trkpt>
      <trkpt lat="42.983673" lon="82.181671"><ele>1825</ele></trkpt>
      <trkpt lat="42.98369" lon="82.181688"><ele>1826</ele></trkpt>
      <trkpt lat="42.983723" lon="82.181656"><ele>1826</ele></trkpt>
      <trkpt lat="42.983707" lon="82.181667"><ele>1826</ele></trkpt>
      <trkpt lat="42.983689" lon="82.181664"><ele>1826</ele></trkpt>
      <trkpt lat="42.983705" lon="82.181655"><ele>1826</ele></trkpt>
      <trkpt lat="42.9837" lon="82.181647"><ele>1826</ele></trkpt>
      <trkpt lat="42.983708" lon="82.181677"><ele>1826</ele></trkpt>
      <trkpt lat="42.983655" lon="82.181749"><ele>1824</ele></trkpt>
      <trkpt lat="42.983676" lon="82.181707"><ele>1825</ele></trkpt>
      <trkpt lat="42.983664" lon="82.181689"><ele>1826</ele></trkpt>
      <trkpt lat="42.983642" lon="82.181693"><ele>1825</ele></trkpt>
      <trkpt lat="42.983759" lon="82.181424"><ele>1829</ele></trkpt>
      <trkpt lat="42.983812" lon="82.181387"><ele>1830</ele></trkpt>
      <trkpt lat="42.983858" lon="82.18133"><ele>1831</ele></trkpt>
      <trkpt lat="42.983925" lon="82.181214"><ele>1832</ele></trkpt>
      <trkpt lat="42.983943" lon="82.181148"><ele>1833</ele></trkpt>
      <trkpt lat="42.983996" lon="82.181027"><ele>1834</ele></trkpt>
      <trkpt lat="42.984087" lon="82.180877"><ele>1836</ele></trkpt>
      <trkpt lat="42.984131" lon="82.180823"><ele>1837</ele></trkpt>
      <trkpt lat="42.984188" lon="82.18078"><ele>1837</ele></trkpt>
      <trkpt lat="42.984226" lon="82.180723"><ele>1838</ele></trkpt>
      <trkpt lat="42.984281" lon="82.180689"><ele>1838</ele></trkpt>
      <trkpt lat="42.984324" lon="82.180647"><ele>1839</ele></trkpt>
      <trkpt lat="42.984409" lon="82.180613"><ele>1841</ele></trkpt>
      <trkpt lat="42.984479" lon="82.180612"><ele>1841</ele></trkpt>
      <trkpt lat="42.984508" lon="82.180578"><ele>1842</ele></trkpt>
      <trkpt lat="42.984565" lon="82.180392"><ele>1841</ele></trkpt>
      <trkpt lat="42.984576" lon="82.180299"><ele>1840</ele></trkpt>
      <trkpt lat="42.984635" lon="82.180204"><ele>1841</ele></trkpt>
      <trkpt lat="42.984638" lon="82.180174"><ele>1841</ele></trkpt>
      <trkpt lat="42.984628" lon="82.180153"><ele>1840</ele></trkpt>
      <trkpt lat="42.98462" lon="82.180179"><ele>1841</ele></trkpt>
      <trkpt lat="42.9846" lon="82.180181"><ele>1841</ele></trkpt>
      <trkpt lat="42.984601" lon="82.180134"><ele>1840</ele></trkpt>
      <trkpt lat="42.984619" lon="82.180012"><ele>1843</ele></trkpt>
      <trkpt lat="42.98465" lon="82.179955"><ele>1845</ele></trkpt>
      <trkpt lat="42.984669" lon="82.179891"><ele>1846</ele></trkpt>
      <trkpt lat="42.984739" lon="82.179833"><ele>1847</ele></trkpt>
      <trkpt lat="42.984802" lon="82.179803"><ele>1847</ele></trkpt>
      <trkpt lat="42.984807" lon="82.17977"><ele>1848</ele></trkpt>
      <trkpt lat="42.984885" lon="82.179766"><ele>1848</ele></trkpt>
      <trkpt lat="42.984877" lon="82.179786"><ele>1848</ele></trkpt>
      <trkpt lat="42.984886" lon="82.179781"><ele>1848</ele></trkpt>
      <trkpt lat="42.984991" lon="82.179662"><ele>1848</ele></trkpt>
      <trkpt lat="42.985058" lon="82.179515"><ele>1850</ele></trkpt>
      <trkpt lat="42.985256" lon="82.179282"><ele>1853</ele></trkpt>
      <trkpt lat="42.985264" lon="82.179238"><ele>1853</ele></trkpt>
      <trkpt lat="42.985286" lon="82.179199"><ele>1854</ele></trkpt>
      <trkpt lat="42.985309" lon="82.179184"><ele>1854</ele></trkpt>
      <trkpt lat="42.985314" lon="82.179213"><ele>1855</ele></trkpt>
      <trkpt lat="42.985346" lon="82.179223"><ele>1854</ele></trkpt>
      <trkpt lat="42.985334" lon="82.179207"><ele>1855</ele></trkpt>
      <trkpt lat="42.985345" lon="82.179159"><ele>1855</ele></trkpt>
      <trkpt lat="42.985384" lon="82.179138"><ele>1855</ele></trkpt>
      <trkpt lat="42.9854" lon="82.179141"><ele>1855</ele></trkpt>
      <trkpt lat="42.985465" lon="82.179117"><ele>1856</ele></trkpt>
      <trkpt lat="42.985507" lon="82.179073"><ele>1857</ele></trkpt>
      <trkpt lat="42.985554" lon="82.179046"><ele>1858</ele></trkpt>
      <trkpt lat="42.985588" lon="82.179033"><ele>1859</ele></trkpt>
      <trkpt lat="42.985635" lon="82.179034"><ele>1860</ele></trkpt>
      <trkpt lat="42.98568" lon="82.179016"><ele>1860</ele></trkpt>
      <trkpt lat="42.985721" lon="82.17897"><ele>1861</ele></trkpt>
      <trkpt lat="42.985743" lon="82.178961"><ele>1862</ele></trkpt>
      <trkpt lat="42.985796" lon="82.178902"><ele>1863</ele></trkpt>
      <trkpt lat="42.985832" lon="82.178877"><ele>1864</ele></trkpt>
      <trkpt lat="42.985907" lon="82.178882"><ele>1867</ele></trkpt>
      <trkpt lat="42.985909" lon="82.178857"><ele>1867</ele></trkpt>
      <trkpt lat="42.98599" lon="82.178776"><ele>1868</ele></trkpt>
      <trkpt lat="42.986079" lon="82.178756"><ele>1867</ele></trkpt>
      <trkpt lat="42.986167" lon="82.178781"><ele>1867</ele></trkpt>
      <trkpt lat="42.986217" lon="82.178809"><ele>1867</ele></trkpt>
      <trkpt lat="42.986273" lon="82.178873"><ele>1867</ele></trkpt>
      <trkpt lat="42.986341" lon="82.178927"><ele>1868</ele></trkpt>
      <trkpt lat="42.986398" lon="82.178988"><ele>1868</ele></trkpt>
      <trkpt lat="42.986433" lon="82.178977"><ele>1868</ele></trkpt>
      <trkpt lat="42.986514" lon="82.179076"><ele>1869</ele></trkpt>
      <trkpt lat="42.98656" lon="82.179079"><ele>1869</ele></trkpt>
      <trkpt lat="42.986622" lon="82.17906"><ele>1870</ele></trkpt>
      <trkpt lat="42.986657" lon="82.179103"><ele>1869</ele></trkpt>
      <trkpt lat="42.986784" lon="82.179053"><ele>1871</ele></trkpt>
      <trkpt lat="42.986824" lon="82.178999"><ele>1872</ele></trkpt>
      <trkpt lat="42.986847" lon="82.178995"><ele>1872</ele></trkpt>
      <trkpt lat="42.986888" lon="82.178957"><ele>1873</ele></trkpt>
      <trkpt lat="42.986939" lon="82.17893"><ele>1873</ele></trkpt>
      <trkpt lat="42.987086" lon="82.178922"><ele>1876</ele></trkpt>
      <trkpt lat="42.987111" lon="82.178935"><ele>1876</ele></trkpt>
      <trkpt lat="42.987186" lon="82.178917"><ele>1877</ele></trkpt>
      <trkpt lat="42.98732" lon="82.178917"><ele>1878</ele></trkpt>
      <trkpt lat="42.987362" lon="82.178945"><ele>1879</ele></trkpt>
      <trkpt lat="42.987431" lon="82.17894"><ele>1881</ele></trkpt>
      <trkpt lat="42.987689" lon="82.178958"><ele>1886</ele></trkpt>
      <trkpt lat="42.987769" lon="82.178975"><ele>1889</ele></trkpt>
      <trkpt lat="42.987829" lon="82.17901"><ele>1890</ele></trkpt>
      <trkpt lat="42.987879" lon="82.179011"><ele>1891</ele></trkpt>
      <trkpt lat="42.988022" lon="82.178976"><ele>1893</ele></trkpt>
      <trkpt lat="42.98809" lon="82.178994"><ele>1894</ele></trkpt>
      <trkpt lat="42.98814" lon="82.179052"><ele>1895</ele></trkpt>
      <trkpt lat="42.988114" lon="82.17905"><ele>1895</ele></trkpt>
      <trkpt lat="42.988083" lon="82.179033"><ele>1895</ele></trkpt>
      <trkpt lat="42.988091" lon="82.179014"><ele>1895</ele></trkpt>
      <trkpt lat="42.988173" lon="82.179033"><ele>1895</ele></trkpt>
      <trkpt lat="42.988254" lon="82.179116"><ele>1897</ele></trkpt>
      <trkpt lat="42.988297" lon="82.179144"><ele>1897</ele></trkpt>
      <trkpt lat="42.988376" lon="82.17915"><ele>1897</ele></trkpt>
      <trkpt lat="42.988419" lon="82.179142"><ele>1897</ele></trkpt>
      <trkpt lat="42.988443" lon="82.179147"><ele>1897</ele></trkpt>
      <trkpt lat="42.988442" lon="82.179162"><ele>1898</ele></trkpt>
      <trkpt lat="42.988582" lon="82.179122"><ele>1899</ele></trkpt>
      <trkpt lat="42.988712" lon="82.179022"><ele>1900</ele></trkpt>
      <trkpt lat="42.988842" lon="82.178964"><ele>1902</ele></trkpt>
      <trkpt lat="42.988876" lon="82.178938"><ele>1903</ele></trkpt>
      <trkpt lat="42.988902" lon="82.178892"><ele>1903</ele></trkpt>
      <trkpt lat="42.988932" lon="82.178881"><ele>1903</ele></trkpt>
      <trkpt lat="42.988937" lon="82.178889"><ele>1904</ele></trkpt>
      <trkpt lat="42.988964" lon="82.178872"><ele>1904</ele></trkpt>
      <trkpt lat="42.989144" lon="82.178867"><ele>1908</ele></trkpt>
      <trkpt lat="42.989262" lon="82.178796"><ele>1909</ele></trkpt>
      <trkpt lat="42.989308" lon="82.178781"><ele>1910</ele></trkpt>
      <trkpt lat="42.989347" lon="82.178724"><ele>1911</ele></trkpt>
      <trkpt lat="42.989507" lon="82.178625"><ele>1913</ele></trkpt>
      <trkpt lat="42.989646" lon="82.178473"><ele>1915</ele></trkpt>
      <trkpt lat="42.989733" lon="82.178426"><ele>1917</ele></trkpt>
      <trkpt lat="42.989757" lon="82.178393"><ele>1917</ele></trkpt>
      <trkpt lat="42.989752" lon="82.178348"><ele>1916</ele></trkpt>
      <trkpt lat="42.989766" lon="82.178325"><ele>1917</ele></trkpt>
      <trkpt lat="42.989786" lon="82.178321"><ele>1917</ele></trkpt>
      <trkpt lat="42.989821" lon="82.178247"><ele>1918</ele></trkpt>
      <trkpt lat="42.989839" lon="82.178247"><ele>1917</ele></trkpt>
      <trkpt lat="42.989835" lon="82.178255"><ele>1918</ele></trkpt>
      <trkpt lat="42.989827" lon="82.178248"><ele>1918</ele></trkpt>
      <trkpt lat="42.989813" lon="82.178207"><ele>1918</ele></trkpt>
      <trkpt lat="42.989831" lon="82.178154"><ele>1918</ele></trkpt>
      <trkpt lat="42.989925" lon="82.178038"><ele>1920</ele></trkpt>
      <trkpt lat="42.989883" lon="82.177991"><ele>1922</ele></trkpt>
      <trkpt lat="42.989833" lon="82.177988"><ele>1925</ele></trkpt>
      <trkpt lat="42.989755" lon="82.177959"><ele>1927</ele></trkpt>
      <trkpt lat="42.98973" lon="82.177921"><ele>1928</ele></trkpt>
      <trkpt lat="42.98969" lon="82.177895"><ele>1930</ele></trkpt>
      <trkpt lat="42.98969" lon="82.177869"><ele>1930</ele></trkpt>
      <trkpt lat="42.989663" lon="82.17781"><ele>1931</ele></trkpt>
      <trkpt lat="42.989662" lon="82.177801"><ele>1932</ele></trkpt>
      <trkpt lat="42.989686" lon="82.177776"><ele>1933</ele></trkpt>
      <trkpt lat="42.989743" lon="82.177782"><ele>1935</ele></trkpt>
      <trkpt lat="42.989767" lon="82.177746"><ele>1936</ele></trkpt>
      <trkpt lat="42.989806" lon="82.177716"><ele>1937</ele></trkpt>
      <trkpt lat="42.989908" lon="82.177685"><ele>1941</ele></trkpt>
      <trkpt lat="42.98994" lon="82.177665"><ele>1942</ele></trkpt>
      <trkpt lat="42.989945" lon="82.17763"><ele>1943</ele></trkpt>
      <trkpt lat="42.98994" lon="82.177612"><ele>1944</ele></trkpt>
      <trkpt lat="42.989916" lon="82.177611"><ele>1945</ele></trkpt>
      <trkpt lat="42.98991" lon="82.177545"><ele>1946</ele></trkpt>
      <trkpt lat="42.989888" lon="82.177507"><ele>1947</ele></trkpt>
      <trkpt lat="42.989789" lon="82.17738"><ele>1952</ele></trkpt>
      <trkpt lat="42.989799" lon="82.177357"><ele>1953</ele></trkpt>
      <trkpt lat="42.989786" lon="82.17735"><ele>1954</ele></trkpt>
      <trkpt lat="42.989787" lon="82.177264"><ele>1955</ele></trkpt>
      <trkpt lat="42.989801" lon="82.177194"><ele>1958</ele></trkpt>
      <trkpt lat="42.98977" lon="82.177071"><ele>1960</ele></trkpt>
      <trkpt lat="42.989767" lon="82.176966"><ele>1963</ele></trkpt>
      <trkpt lat="42.989751" lon="82.176908"><ele>1965</ele></trkpt>
      <trkpt lat="42.989753" lon="82.176878"><ele>1966</ele></trkpt>
      <trkpt lat="42.98974" lon="82.176848"><ele>1967</ele></trkpt>
      <trkpt lat="42.989749" lon="82.176857"><ele>1967</ele></trkpt>
      <trkpt lat="42.989745" lon="82.176831"><ele>1968</ele></trkpt>
      <trkpt lat="42.989714" lon="82.17674"><ele>1969</ele></trkpt>
      <trkpt lat="42.989669" lon="82.176668"><ele>1971</ele></trkpt>
      <trkpt lat="42.989675" lon="82.17666"><ele>1971</ele></trkpt>
      <trkpt lat="42.98964" lon="82.17657"><ele>1973</ele></trkpt>
      <trkpt lat="42.989626" lon="82.176441"><ele>1977</ele></trkpt>
      <trkpt lat="42.98964" lon="82.176369"><ele>1979</ele></trkpt>
      <trkpt lat="42.989627" lon="82.176319"><ele>1980</ele></trkpt>
      <trkpt lat="42.989635" lon="82.17631"><ele>1981</ele></trkpt>
      <trkpt lat="42.989621" lon="82.176259"><ele>1982</ele></trkpt>
      <trkpt lat="42.989623" lon="82.176153"><ele>1985</ele></trkpt>
      <trkpt lat="42.989605" lon="82.176088"><ele>1986</ele></trkpt>
      <trkpt lat="42.989612" lon="82.175999"><ele>1988</ele></trkpt>
      <trkpt lat="42.989648" lon="82.175958"><ele>1990</ele></trkpt>
      <trkpt lat="42.989643" lon="82.175907"><ele>1991</ele></trkpt>
      <trkpt lat="42.989651" lon="82.175887"><ele>1991</ele></trkpt>
      <trkpt lat="42.989661" lon="82.175882"><ele>1991</ele></trkpt>
      <trkpt lat="42.989692" lon="82.175897"><ele>1991</ele></trkpt>
      <trkpt lat="42.989723" lon="82.175925"><ele>1992</ele></trkpt>
      <trkpt lat="42.989739" lon="82.175918"><ele>1993</ele></trkpt>
      <trkpt lat="42.989747" lon="82.175858"><ele>1994</ele></trkpt>
      <trkpt lat="42.989802" lon="82.175725"><ele>1998</ele></trkpt>
      <trkpt lat="42.989822" lon="82.175732"><ele>1998</ele></trkpt>
      <trkpt lat="42.989809" lon="82.17574"><ele>1999</ele></trkpt>
      <trkpt lat="42.989815" lon="82.175712"><ele>1999</ele></trkpt>
      <trkpt lat="42.989835" lon="82.175723"><ele>1999</ele></trkpt>
      <trkpt lat="42.98983" lon="82.175717"><ele>1999</ele></trkpt>
      <trkpt lat="42.989839" lon="82.175697"><ele>2000</ele></trkpt>
      <trkpt lat="42.989877" lon="82.175644"><ele>2002</ele></trkpt>
      <trkpt lat="42.989914" lon="82.175636"><ele>2003</ele></trkpt>
      <trkpt lat="42.989929" lon="82.175593"><ele>2004</ele></trkpt>
      <trkpt lat="42.989933" lon="82.175545"><ele>2004</ele></trkpt>
      <trkpt lat="42.98998" lon="82.175524"><ele>2007</ele></trkpt>
      <trkpt lat="42.990045" lon="82.175428"><ele>2010</ele></trkpt>
      <trkpt lat="42.990117" lon="82.17542"><ele>2012</ele></trkpt>
      <trkpt lat="42.990153" lon="82.175462"><ele>2013</ele></trkpt>
      <trkpt lat="42.990154" lon="82.17553"><ele>2014</ele></trkpt>
      <trkpt lat="42.990175" lon="82.175597"><ele>2015</ele></trkpt>
      <trkpt lat="42.990174" lon="82.175705"><ele>2017</ele></trkpt>
      <trkpt lat="42.990202" lon="82.175764"><ele>2019</ele></trkpt>
      <trkpt lat="42.990184" lon="82.175845"><ele>2021</ele></trkpt>
      <trkpt lat="42.990203" lon="82.175833"><ele>2021</ele></trkpt>
      <trkpt lat="42.990251" lon="82.175866"><ele>2022</ele></trkpt>
      <trkpt lat="42.990313" lon="82.175938"><ele>2024</ele></trkpt>
      <trkpt lat="42.990342" lon="82.175958"><ele>2026</ele></trkpt>
      <trkpt lat="42.990388" lon="82.176073"><ele>2029</ele></trkpt>
      <trkpt lat="42.990379" lon="82.176067"><ele>2029</ele></trkpt>
      <trkpt lat="42.990388" lon="82.176073"><ele>2029</ele></trkpt>
      <trkpt lat="42.99041" lon="82.176057"><ele>2029</ele></trkpt>
      <trkpt lat="42.990448" lon="82.176063"><ele>2030</ele></trkpt>
      <trkpt lat="42.990482" lon="82.175965"><ele>2032</ele></trkpt>
      <trkpt lat="42.990509" lon="82.175954"><ele>2033</ele></trkpt>
      <trkpt lat="42.990545" lon="82.175967"><ele>2034</ele></trkpt>
      <trkpt lat="42.990563" lon="82.175986"><ele>2035</ele></trkpt>
      <trkpt lat="42.990663" lon="82.176042"><ele>2038</ele></trkpt>
      <trkpt lat="42.990737" lon="82.176069"><ele>2040</ele></trkpt>
      <trkpt lat="42.990894" lon="82.176055"><ele>2044</ele></trkpt>
      <trkpt lat="42.991042" lon="82.175998"><ele>2049</ele></trkpt>
      <trkpt lat="42.991049" lon="82.175958"><ele>2050</ele></trkpt>
      <trkpt lat="42.991043" lon="82.175937"><ele>2051</ele></trkpt>
      <trkpt lat="42.991003" lon="82.175892"><ele>2053</ele></trkpt>
      <trkpt lat="42.99098" lon="82.175885"><ele>2054</ele></trkpt>
      <trkpt lat="42.990967" lon="82.175855"><ele>2054</ele></trkpt>
      <trkpt lat="42.990944" lon="82.175849"><ele>2054</ele></trkpt>
      <trkpt lat="42.990942" lon="82.175821"><ele>2055</ele></trkpt>
      <trkpt lat="42.990908" lon="82.175792"><ele>2057</ele></trkpt>
      <trkpt lat="42.990906" lon="82.175779"><ele>2057</ele></trkpt>
      <trkpt lat="42.990905" lon="82.175787"><ele>2056</ele></trkpt>
      <trkpt lat="42.990913" lon="82.175786"><ele>2056</ele></trkpt>
      <trkpt lat="42.990907" lon="82.17579"><ele>2056</ele></trkpt>
      <trkpt lat="42.99091" lon="82.175764"><ele>2057</ele></trkpt>
      <trkpt lat="42.990902" lon="82.175727"><ele>2058</ele></trkpt>
      <trkpt lat="42.990859" lon="82.175616"><ele>2060</ele></trkpt>
      <trkpt lat="42.990864" lon="82.175505"><ele>2062</ele></trkpt>
      <trkpt lat="42.990887" lon="82.175372"><ele>2065</ele></trkpt>
      <trkpt lat="42.9909" lon="82.175336"><ele>2066</ele></trkpt>
      <trkpt lat="42.990896" lon="82.175308"><ele>2066</ele></trkpt>
      <trkpt lat="42.990914" lon="82.175097"><ele>2071</ele></trkpt>
      <trkpt lat="42.990938" lon="82.175027"><ele>2073</ele></trkpt>
      <trkpt lat="42.990959" lon="82.175007"><ele>2074</ele></trkpt>
      <trkpt lat="42.990967" lon="82.174965"><ele>2075</ele></trkpt>
      <trkpt lat="42.991009" lon="82.174856"><ele>2078</ele></trkpt>
      <trkpt lat="42.991016" lon="82.174802"><ele>2079</ele></trkpt>
      <trkpt lat="42.991042" lon="82.174735"><ele>2081</ele></trkpt>
      <trkpt lat="42.991054" lon="82.174612"><ele>2083</ele></trkpt>
      <trkpt lat="42.991072" lon="82.174556"><ele>2084</ele></trkpt>
      <trkpt lat="42.991092" lon="82.17454"><ele>2085</ele></trkpt>
      <trkpt lat="42.991105" lon="82.174465"><ele>2086</ele></trkpt>
      <trkpt lat="42.991131" lon="82.174413"><ele>2087</ele></trkpt>
      <trkpt lat="42.991178" lon="82.174377"><ele>2089</ele></trkpt>
      <trkpt lat="42.991254" lon="82.174236"><ele>2093</ele></trkpt>
      <trkpt lat="42.991259" lon="82.174127"><ele>2096</ele></trkpt>
      <trkpt lat="42.991295" lon="82.174082"><ele>2097</ele></trkpt>
      <trkpt lat="42.991313" lon="82.174042"><ele>2098</ele></trkpt>
      <trkpt lat="42.991351" lon="82.174006"><ele>2100</ele></trkpt>
      <trkpt lat="42.991363" lon="82.174025"><ele>2101</ele></trkpt>
      <trkpt lat="42.991358" lon="82.174046"><ele>2100</ele></trkpt>
      <trkpt lat="42.991376" lon="82.174024"><ele>2100</ele></trkpt>
      <trkpt lat="42.99141" lon="82.174012"><ele>2101</ele></trkpt>
      <trkpt lat="42.991443" lon="82.174082"><ele>2103</ele></trkpt>
      <trkpt lat="42.991457" lon="82.174188"><ele>2108</ele></trkpt>
      <trkpt lat="42.991471" lon="82.174234"><ele>2110</ele></trkpt>
      <trkpt lat="42.991452" lon="82.174271"><ele>2112</ele></trkpt>
      <trkpt lat="42.991482" lon="82.174276"><ele>2112</ele></trkpt>
      <trkpt lat="42.99152" lon="82.174239"><ele>2113</ele></trkpt>
      <trkpt lat="42.991549" lon="82.174149"><ele>2116</ele></trkpt>
      <trkpt lat="42.991572" lon="82.174114"><ele>2117</ele></trkpt>
      <trkpt lat="42.991586" lon="82.174043"><ele>2119</ele></trkpt>
      <trkpt lat="42.991597" lon="82.173872"><ele>2124</ele></trkpt>
      <trkpt lat="42.991613" lon="82.173835"><ele>2125</ele></trkpt>
      <trkpt lat="42.991651" lon="82.173792"><ele>2127</ele></trkpt>
      <trkpt lat="42.991667" lon="82.173667"><ele>2129</ele></trkpt>
      <trkpt lat="42.991667" lon="82.173597"><ele>2131</ele></trkpt>
      <trkpt lat="42.991678" lon="82.173557"><ele>2131</ele></trkpt>
      <trkpt lat="42.99167" lon="82.173414"><ele>2134</ele></trkpt>
      <trkpt lat="42.991661" lon="82.173376"><ele>2135</ele></trkpt>
      <trkpt lat="42.991679" lon="82.173311"><ele>2137</ele></trkpt>
      <trkpt lat="42.991744" lon="82.173217"><ele>2142</ele></trkpt>
      <trkpt lat="42.991821" lon="82.17318"><ele>2144</ele></trkpt>
      <trkpt lat="42.991841" lon="82.173205"><ele>2145</ele></trkpt>
      <trkpt lat="42.991865" lon="82.173181"><ele>2145</ele></trkpt>
      <trkpt lat="42.991875" lon="82.173148"><ele>2146</ele></trkpt>
      <trkpt lat="42.991868" lon="82.173055"><ele>2148</ele></trkpt>
      <trkpt lat="42.991883" lon="82.172996"><ele>2149</ele></trkpt>
      <trkpt lat="42.991892" lon="82.172991"><ele>2150</ele></trkpt>
      <trkpt lat="42.991901" lon="82.172962"><ele>2151</ele></trkpt>
      <trkpt lat="42.991926" lon="82.172943"><ele>2152</ele></trkpt>
      <trkpt lat="42.991967" lon="82.172883"><ele>2154</ele></trkpt>
      <trkpt lat="42.991973" lon="82.172856"><ele>2156</ele></trkpt>
      <trkpt lat="42.991952" lon="82.172744"><ele>2158</ele></trkpt>
      <trkpt lat="42.991955" lon="82.172714"><ele>2159</ele></trkpt>
      <trkpt lat="42.991974" lon="82.172694"><ele>2159</ele></trkpt>
      <trkpt lat="42.992049" lon="82.1727"><ele>2161</ele></trkpt>
      <trkpt lat="42.992066" lon="82.172689"><ele>2162</ele></trkpt>
      <trkpt lat="42.992082" lon="82.172649"><ele>2165</ele></trkpt>
      <trkpt lat="42.99209" lon="82.172579"><ele>2166</ele></trkpt>
      <trkpt lat="42.992087" lon="82.172526"><ele>2167</ele></trkpt>
      <trkpt lat="42.992074" lon="82.17245"><ele>2168</ele></trkpt>
      <trkpt lat="42.992058" lon="82.172432"><ele>2169</ele></trkpt>
      <trkpt lat="42.992058" lon="82.172383"><ele>2169</ele></trkpt>
      <trkpt lat="42.992022" lon="82.172382"><ele>2169</ele></trkpt>
      <trkpt lat="42.991989" lon="82.172349"><ele>2169</ele></trkpt>
      <trkpt lat="42.991971" lon="82.172323"><ele>2170</ele></trkpt>
      <trkpt lat="42.991965" lon="82.172286"><ele>2171</ele></trkpt>
      <trkpt lat="42.991992" lon="82.172239"><ele>2172</ele></trkpt>
      <trkpt lat="42.991987" lon="82.172148"><ele>2175</ele></trkpt>
      <trkpt lat="42.99205" lon="82.172013"><ele>2179</ele></trkpt>
      <trkpt lat="42.992069" lon="82.171993"><ele>2180</ele></trkpt>
      <trkpt lat="42.992104" lon="82.172003"><ele>2180</ele></trkpt>
      <trkpt lat="42.992108" lon="82.172019"><ele>2180</ele></trkpt>
      <trkpt lat="42.992118" lon="82.171996"><ele>2181</ele></trkpt>
      <trkpt lat="42.992154" lon="82.171987"><ele>2182</ele></trkpt>
      <trkpt lat="42.992299" lon="82.172"><ele>2187</ele></trkpt>
      <trkpt lat="42.992346" lon="82.172022"><ele>2188</ele></trkpt>
      <trkpt lat="42.992338" lon="82.172041"><ele>2189</ele></trkpt>
      <trkpt lat="42.992347" lon="82.172037"><ele>2189</ele></trkpt>
      <trkpt lat="42.992414" lon="82.17207"><ele>2191</ele></trkpt>
      <trkpt lat="42.992452" lon="82.172047"><ele>2192</ele></trkpt>
      <trkpt lat="42.992481" lon="82.172054"><ele>2193</ele></trkpt>
      <trkpt lat="42.992507" lon="82.172031"><ele>2195</ele></trkpt>
      <trkpt lat="42.992545" lon="82.172051"><ele>2196</ele></trkpt>
      <trkpt lat="42.992583" lon="82.17209"><ele>2197</ele></trkpt>
      <trkpt lat="42.992629" lon="82.172147"><ele>2199</ele></trkpt>
      <trkpt lat="42.992618" lon="82.172141"><ele>2199</ele></trkpt>
      <trkpt lat="42.992623" lon="82.172153"><ele>2198</ele></trkpt>
      <trkpt lat="42.992621" lon="82.172144"><ele>2198</ele></trkpt>
      <trkpt lat="42.992743" lon="82.172222"><ele>2202</ele></trkpt>
      <trkpt lat="42.992792" lon="82.172313"><ele>2204</ele></trkpt>
      <trkpt lat="42.992791" lon="82.17238"><ele>2205</ele></trkpt>
      <trkpt lat="42.992751" lon="82.172488"><ele>2207</ele></trkpt>
      <trkpt lat="42.992793" lon="82.172515"><ele>2209</ele></trkpt>
      <trkpt lat="42.992787" lon="82.172518"><ele>2209</ele></trkpt>
      <trkpt lat="42.992838" lon="82.17249"><ele>2210</ele></trkpt>
      <trkpt lat="42.992872" lon="82.172448"><ele>2211</ele></trkpt>
      <trkpt lat="42.992899" lon="82.172437"><ele>2212</ele></trkpt>
      <trkpt lat="42.992942" lon="82.172461"><ele>2213</ele></trkpt>
      <trkpt lat="42.992976" lon="82.172537"><ele>2215</ele></trkpt>
      <trkpt lat="42.992985" lon="82.172595"><ele>2216</ele></trkpt>
      <trkpt lat="42.99304" lon="82.172624"><ele>2218</ele></trkpt>
      <trkpt lat="42.993075" lon="82.172655"><ele>2219</ele></trkpt>
      <trkpt lat="42.993131" lon="82.17273"><ele>2221</ele></trkpt>
      <trkpt lat="42.993119" lon="82.172773"><ele>2222</ele></trkpt>
      <trkpt lat="42.993039" lon="82.17283"><ele>2222</ele></trkpt>
      <trkpt lat="42.993014" lon="82.172869"><ele>2223</ele></trkpt>
      <trkpt lat="42.992972" lon="82.172959"><ele>2225</ele></trkpt>
      <trkpt lat="42.992969" lon="82.173022"><ele>2226</ele></trkpt>
      <trkpt lat="42.992943" lon="82.173128"><ele>2227</ele></trkpt>
      <trkpt lat="42.992917" lon="82.173153"><ele>2227</ele></trkpt>
      <trkpt lat="42.992925" lon="82.173108"><ele>2227</ele></trkpt>
      <trkpt lat="42.992925" lon="82.173029"><ele>2226</ele></trkpt>
      <trkpt lat="42.992909" lon="82.172928"><ele>2224</ele></trkpt>
      <trkpt lat="42.992879" lon="82.172946"><ele>2224</ele></trkpt>
      <trkpt lat="42.99288" lon="82.172955"><ele>2223</ele></trkpt>
      <trkpt lat="42.992922" lon="82.172945"><ele>2223</ele></trkpt>
      <trkpt lat="42.992923" lon="82.17292"><ele>2224</ele></trkpt>
      <trkpt lat="42.992937" lon="82.172895"><ele>2224</ele></trkpt>
      <trkpt lat="42.99293" lon="82.172924"><ele>2225</ele></trkpt>
      <trkpt lat="42.992915" lon="82.172925"><ele>2225</ele></trkpt>
      <trkpt lat="42.992915" lon="82.172933"><ele>2225</ele></trkpt>
      <trkpt lat="42.992902" lon="82.172886"><ele>2225</ele></trkpt>
      <trkpt lat="42.992917" lon="82.172919"><ele>2224</ele></trkpt>
      <trkpt lat="42.992919" lon="82.172891"><ele>2226</ele></trkpt>
      <trkpt lat="42.99291" lon="82.172891"><ele>2225</ele></trkpt>
      <trkpt lat="42.992933" lon="82.172926"><ele>2225</ele></trkpt>
      <trkpt lat="42.992916" lon="82.172902"><ele>2225</ele></trkpt>
      <trkpt lat="42.992925" lon="82.172894"><ele>2225</ele></trkpt>
      <trkpt lat="42.992916" lon="82.172902"><ele>2225</ele></trkpt>
      <trkpt lat="42.992926" lon="82.172897"><ele>2225</ele></trkpt>
      <trkpt lat="42.992933" lon="82.172931"><ele>2225</ele></trkpt>
      <trkpt lat="42.992928" lon="82.172905"><ele>2225</ele></trkpt>
      <trkpt lat="42.992894" lon="82.172957"><ele>2225</ele></trkpt>
      <trkpt lat="42.992857" lon="82.172978"><ele>2224</ele></trkpt>
      <trkpt lat="42.99287" lon="82.172953"><ele>2223</ele></trkpt>
      <trkpt lat="42.992917" lon="82.172909"><ele>2224</ele></trkpt>
      <trkpt lat="42.992929" lon="82.172909"><ele>2225</ele></trkpt>
      <trkpt lat="42.992917" lon="82.172909"><ele>2225</ele></trkpt>
      <trkpt lat="42.992924" lon="82.172894"><ele>2225</ele></trkpt>
      <trkpt lat="42.992904" lon="82.172928"><ele>2225</ele></trkpt>
      <trkpt lat="42.992892" lon="82.172926"><ele>2225</ele></trkpt>
      <trkpt lat="42.992913" lon="82.172903"><ele>2225</ele></trkpt>
      <trkpt lat="42.992922" lon="82.172914"><ele>2225</ele></trkpt>
      <trkpt lat="42.992949" lon="82.172911"><ele>2225</ele></trkpt>
      <trkpt lat="42.992925" lon="82.172924"><ele>2226</ele></trkpt>
      <trkpt lat="42.992887" lon="82.172932"><ele>2224</ele></trkpt>
      <trkpt lat="42.992903" lon="82.172914"><ele>2224</ele></trkpt>
      <trkpt lat="42.992967" lon="82.172901"><ele>2225</ele></trkpt>
      <trkpt lat="42.992986" lon="82.172853"><ele>2225</ele></trkpt>
      <trkpt lat="42.99305" lon="82.172838"><ele>2225</ele></trkpt>
      <trkpt lat="42.993118" lon="82.172747"><ele>2223</ele></trkpt>
      <trkpt lat="42.993206" lon="82.172653"><ele>2223</ele></trkpt>
      <trkpt lat="42.99324" lon="82.172627"><ele>2224</ele></trkpt>
      <trkpt lat="42.993327" lon="82.172598"><ele>2227</ele></trkpt>
      <trkpt lat="42.993361" lon="82.172575"><ele>2228</ele></trkpt>
      <trkpt lat="42.993375" lon="82.172545"><ele>2228</ele></trkpt>
      <trkpt lat="42.993364" lon="82.1725"><ele>2230</ele></trkpt>
      <trkpt lat="42.993375" lon="82.172449"><ele>2231</ele></trkpt>
      <trkpt lat="42.993397" lon="82.172437"><ele>2231</ele></trkpt>
      <trkpt lat="42.993404" lon="82.172419"><ele>2232</ele></trkpt>
      <trkpt lat="42.993397" lon="82.172406"><ele>2232</ele></trkpt>
      <trkpt lat="42.993432" lon="82.172318"><ele>2235</ele></trkpt>
      <trkpt lat="42.993498" lon="82.17224"><ele>2238</ele></trkpt>
      <trkpt lat="42.993501" lon="82.172198"><ele>2238</ele></trkpt>
      <trkpt lat="42.993487" lon="82.172177"><ele>2239</ele></trkpt>
      <trkpt lat="42.993433" lon="82.17215"><ele>2241</ele></trkpt>
      <trkpt lat="42.993379" lon="82.172163"><ele>2242</ele></trkpt>
      <trkpt lat="42.993323" lon="82.172159"><ele>2245</ele></trkpt>
      <trkpt lat="42.993337" lon="82.17213"><ele>2245</ele></trkpt>
      <trkpt lat="42.993348" lon="82.172057"><ele>2246</ele></trkpt>
      <trkpt lat="42.993398" lon="82.171899"><ele>2247</ele></trkpt>
      <trkpt lat="42.993373" lon="82.171858"><ele>2248</ele></trkpt>
      <trkpt lat="42.993335" lon="82.171763"><ele>2250</ele></trkpt>
      <trkpt lat="42.993318" lon="82.171665"><ele>2251</ele></trkpt>
      <trkpt lat="42.99328" lon="82.171547"><ele>2253</ele></trkpt>
      <trkpt lat="42.993284" lon="82.171469"><ele>2254</ele></trkpt>
      <trkpt lat="42.993302" lon="82.171407"><ele>2255</ele></trkpt>
      <trkpt lat="42.993321" lon="82.171285"><ele>2258</ele></trkpt>
      <trkpt lat="42.993342" lon="82.171242"><ele>2259</ele></trkpt>
      <trkpt lat="42.993362" lon="82.171239"><ele>2261</ele></trkpt>
      <trkpt lat="42.993349" lon="82.171157"><ele>2262</ele></trkpt>
      <trkpt lat="42.993355" lon="82.171099"><ele>2263</ele></trkpt>
      <trkpt lat="42.993338" lon="82.170935"><ele>2266</ele></trkpt>
      <trkpt lat="42.993304" lon="82.170869"><ele>2268</ele></trkpt>
      <trkpt lat="42.993306" lon="82.170837"><ele>2268</ele></trkpt>
      <trkpt lat="42.993344" lon="82.170811"><ele>2270</ele></trkpt>
      <trkpt lat="42.993349" lon="82.170781"><ele>2270</ele></trkpt>
      <trkpt lat="42.993371" lon="82.170744"><ele>2272</ele></trkpt>
      <trkpt lat="42.99344" lon="82.170722"><ele>2274</ele></trkpt>
      <trkpt lat="42.993479" lon="82.170736"><ele>2275</ele></trkpt>
      <trkpt lat="42.993507" lon="82.17076"><ele>2277</ele></trkpt>
      <trkpt lat="42.993512" lon="82.170783"><ele>2278</ele></trkpt>
      <trkpt lat="42.99357" lon="82.170827"><ele>2278</ele></trkpt>
      <trkpt lat="42.993611" lon="82.170886"><ele>2279</ele></trkpt>
      <trkpt lat="42.993658" lon="82.170883"><ele>2280</ele></trkpt>
      <trkpt lat="42.993714" lon="82.17084"><ele>2281</ele></trkpt>
      <trkpt lat="42.99372" lon="82.170741"><ele>2282</ele></trkpt>
      <trkpt lat="42.993751" lon="82.170706"><ele>2283</ele></trkpt>
      <trkpt lat="42.993775" lon="82.170442"><ele>2288</ele></trkpt>
      <trkpt lat="42.993808" lon="82.170301"><ele>2291</ele></trkpt>
      <trkpt lat="42.993821" lon="82.170185"><ele>2293</ele></trkpt>
      <trkpt lat="42.993861" lon="82.170054"><ele>2296</ele></trkpt>
      <trkpt lat="42.993859" lon="82.169966"><ele>2298</ele></trkpt>
      <trkpt lat="42.993894" lon="82.169828"><ele>2301</ele></trkpt>
      <trkpt lat="42.993899" lon="82.169729"><ele>2302</ele></trkpt>
      <trkpt lat="42.993886" lon="82.169528"><ele>2307</ele></trkpt>
      <trkpt lat="42.993905" lon="82.16941"><ele>2309</ele></trkpt>
      <trkpt lat="42.993872" lon="82.16925"><ele>2312</ele></trkpt>
      <trkpt lat="42.99386" lon="82.16909"><ele>2316</ele></trkpt>
      <trkpt lat="42.993868" lon="82.169058"><ele>2317</ele></trkpt>
      <trkpt lat="42.9939" lon="82.16906"><ele>2317</ele></trkpt>
      <trkpt lat="42.993895" lon="82.169067"><ele>2317</ele></trkpt>
      <trkpt lat="42.993875" lon="82.16906"><ele>2317</ele></trkpt>
      <trkpt lat="42.993862" lon="82.168956"><ele>2318</ele></trkpt>
      <trkpt lat="42.993825" lon="82.168876"><ele>2320</ele></trkpt>
      <trkpt lat="42.993774" lon="82.168664"><ele>2324</ele></trkpt>
      <trkpt lat="42.993756" lon="82.168447"><ele>2328</ele></trkpt>
      <trkpt lat="42.993742" lon="82.168372"><ele>2330</ele></trkpt>
      <trkpt lat="42.993746" lon="82.168239"><ele>2332</ele></trkpt>
      <trkpt lat="42.993768" lon="82.16822"><ele>2333</ele></trkpt>
      <trkpt lat="42.993749" lon="82.168101"><ele>2334</ele></trkpt>
      <trkpt lat="42.993746" lon="82.167985"><ele>2337</ele></trkpt>
      <trkpt lat="42.993753" lon="82.16784"><ele>2340</ele></trkpt>
      <trkpt lat="42.993785" lon="82.167783"><ele>2341</ele></trkpt>
      <trkpt lat="42.993771" lon="82.167652"><ele>2343</ele></trkpt>
      <trkpt lat="42.993791" lon="82.167526"><ele>2346</ele></trkpt>
      <trkpt lat="42.993785" lon="82.167465"><ele>2347</ele></trkpt>
      <trkpt lat="42.99379" lon="82.167413"><ele>2348</ele></trkpt>
      <trkpt lat="42.993783" lon="82.167388"><ele>2349</ele></trkpt>
      <trkpt lat="42.99379" lon="82.167337"><ele>2350</ele></trkpt>
      <trkpt lat="42.993797" lon="82.167335"><ele>2351</ele></trkpt>
      <trkpt lat="42.993795" lon="82.167259"><ele>2352</ele></trkpt>
      <trkpt lat="42.993764" lon="82.167096"><ele>2356</ele></trkpt>
      <trkpt lat="42.993753" lon="82.167077"><ele>2356</ele></trkpt>
      <trkpt lat="42.993726" lon="82.166885"><ele>2360</ele></trkpt>
      <trkpt lat="42.993725" lon="82.16679"><ele>2362</ele></trkpt>
      <trkpt lat="42.993706" lon="82.166705"><ele>2364</ele></trkpt>
      <trkpt lat="42.993678" lon="82.166667"><ele>2365</ele></trkpt>
      <trkpt lat="42.993633" lon="82.166635"><ele>2366</ele></trkpt>
      <trkpt lat="42.993593" lon="82.166578"><ele>2365</ele></trkpt>
      <trkpt lat="42.993597" lon="82.166553"><ele>2366</ele></trkpt>
      <trkpt lat="42.993614" lon="82.166552"><ele>2367</ele></trkpt>
      <trkpt lat="42.993645" lon="82.166624"><ele>2366</ele></trkpt>
      <trkpt lat="42.993642" lon="82.166618"><ele>2366</ele></trkpt>
      <trkpt lat="42.993671" lon="82.166593"><ele>2366</ele></trkpt>
      <trkpt lat="42.993776" lon="82.16646"><ele>2368</ele></trkpt>
      <trkpt lat="42.993856" lon="82.166381"><ele>2371</ele></trkpt>
      <trkpt lat="42.993884" lon="82.166333"><ele>2371</ele></trkpt>
      <trkpt lat="42.993963" lon="82.166255"><ele>2374</ele></trkpt>
      <trkpt lat="42.994003" lon="82.166232"><ele>2375</ele></trkpt>
      <trkpt lat="42.994085" lon="82.166157"><ele>2377</ele></trkpt>
      <trkpt lat="42.994177" lon="82.166048"><ele>2380</ele></trkpt>
      <trkpt lat="42.994201" lon="82.166057"><ele>2380</ele></trkpt>
      <trkpt lat="42.994226" lon="82.166048"><ele>2380</ele></trkpt>
      <trkpt lat="42.994281" lon="82.165994"><ele>2381</ele></trkpt>
      <trkpt lat="42.994307" lon="82.165954"><ele>2381</ele></trkpt>
      <trkpt lat="42.994344" lon="82.165938"><ele>2381</ele></trkpt>
      <trkpt lat="42.994389" lon="82.165965"><ele>2381</ele></trkpt>
      <trkpt lat="42.994452" lon="82.166022"><ele>2382</ele></trkpt>
      <trkpt lat="42.994469" lon="82.165987"><ele>2382</ele></trkpt>
      <trkpt lat="42.99458" lon="82.165897"><ele>2383</ele></trkpt>
      <trkpt lat="42.994713" lon="82.165817"><ele>2385</ele></trkpt>
      <trkpt lat="42.994892" lon="82.165771"><ele>2386</ele></trkpt>
      <trkpt lat="42.995126" lon="82.165763"><ele>2388</ele></trkpt>
      <trkpt lat="42.995143" lon="82.165746"><ele>2388</ele></trkpt>
      <trkpt lat="42.995217" lon="82.16575"><ele>2389</ele></trkpt>
      <trkpt lat="42.995297" lon="82.16573"><ele>2390</ele></trkpt>
      <trkpt lat="42.995379" lon="82.165745"><ele>2390</ele></trkpt>
      <trkpt lat="42.995395" lon="82.165771"><ele>2390</ele></trkpt>
      <trkpt lat="42.995403" lon="82.165759"><ele>2391</ele></trkpt>
      <trkpt lat="42.995478" lon="82.165768"><ele>2390</ele></trkpt>
      <trkpt lat="42.995559" lon="82.165752"><ele>2391</ele></trkpt>
      <trkpt lat="42.995759" lon="82.165761"><ele>2392</ele></trkpt>
      <trkpt lat="42.995959" lon="82.165776"><ele>2393</ele></trkpt>
      <trkpt lat="42.996228" lon="82.165814"><ele>2394</ele></trkpt>
      <trkpt lat="42.996245" lon="82.165807"><ele>2394</ele></trkpt>
      <trkpt lat="42.996334" lon="82.165825"><ele>2395</ele></trkpt>
      <trkpt lat="42.996803" lon="82.165855"><ele>2399</ele></trkpt>
      <trkpt lat="42.996844" lon="82.16587"><ele>2399</ele></trkpt>
      <trkpt lat="42.996919" lon="82.165861"><ele>2400</ele></trkpt>
      <trkpt lat="42.997244" lon="82.165906"><ele>2401</ele></trkpt>
      <trkpt lat="42.997463" lon="82.16592"><ele>2402</ele></trkpt>
      <trkpt lat="42.997505" lon="82.165933"><ele>2402</ele></trkpt>
      <trkpt lat="42.997667" lon="82.165936"><ele>2403</ele></trkpt>
      <trkpt lat="42.997876" lon="82.16598"><ele>2406</ele></trkpt>
      <trkpt lat="42.998056" lon="82.16604"><ele>2408</ele></trkpt>
      <trkpt lat="42.998276" lon="82.166078"><ele>2410</ele></trkpt>
      <trkpt lat="42.998328" lon="82.166092"><ele>2410</ele></trkpt>
      <trkpt lat="42.998365" lon="82.166115"><ele>2410</ele></trkpt>
      <trkpt lat="42.998544" lon="82.166154"><ele>2412</ele></trkpt>
      <trkpt lat="42.998687" lon="82.166168"><ele>2413</ele></trkpt>
      <trkpt lat="42.998857" lon="82.166236"><ele>2415</ele></trkpt>
      <trkpt lat="42.998865" lon="82.166183"><ele>2415</ele></trkpt>
      <trkpt lat="42.998905" lon="82.166151"><ele>2416</ele></trkpt>
      <trkpt lat="42.999002" lon="82.166174"><ele>2418</ele></trkpt>
      <trkpt lat="42.999103" lon="82.166248"><ele>2418</ele></trkpt>
      <trkpt lat="42.999326" lon="82.166277"><ele>2420</ele></trkpt>
      <trkpt lat="42.999639" lon="82.166367"><ele>2422</ele></trkpt>
      <trkpt lat="42.999658" lon="82.166364"><ele>2422</ele></trkpt>
      <trkpt lat="42.999673" lon="82.166325"><ele>2421</ele></trkpt>
      <trkpt lat="42.999706" lon="82.166142"><ele>2422</ele></trkpt>
      <trkpt lat="42.999713" lon="82.166142"><ele>2421</ele></trkpt>
      <trkpt lat="42.999735" lon="82.166178"><ele>2422</ele></trkpt>
      <trkpt lat="42.999738" lon="82.166237"><ele>2422</ele></trkpt>
      <trkpt lat="42.999718" lon="82.16636"><ele>2421</ele></trkpt>
      <trkpt lat="42.999741" lon="82.166381"><ele>2421</ele></trkpt>
      <trkpt lat="43.00022" lon="82.166584"><ele>2423</ele></trkpt>
      <trkpt lat="43.000384" lon="82.166667"><ele>2425</ele></trkpt>
      <trkpt lat="43.000465" lon="82.166726"><ele>2425</ele></trkpt>
      <trkpt lat="43.000507" lon="82.16677"><ele>2425</ele></trkpt>
      <trkpt lat="43.000644" lon="82.166836"><ele>2427</ele></trkpt>
      <trkpt lat="43.000851" lon="82.166965"><ele>2429</ele></trkpt>
      <trkpt lat="43.000898" lon="82.166987"><ele>2429</ele></trkpt>
      <trkpt lat="43.000962" lon="82.166985"><ele>2430</ele></trkpt>
      <trkpt lat="43.000999" lon="82.16701"><ele>2430</ele></trkpt>
      <trkpt lat="43.001029" lon="82.167048"><ele>2431</ele></trkpt>
      <trkpt lat="43.001067" lon="82.167004"><ele>2431</ele></trkpt>
      <trkpt lat="43.001122" lon="82.16712"><ele>2431</ele></trkpt>
      <trkpt lat="43.001195" lon="82.167208"><ele>2432</ele></trkpt>
      <trkpt lat="43.001207" lon="82.167243"><ele>2432</ele></trkpt>
      <trkpt lat="43.001194" lon="82.167257"><ele>2432</ele></trkpt>
      <trkpt lat="43.001352" lon="82.167333"><ele>2433</ele></trkpt>
      <trkpt lat="43.001412" lon="82.167381"><ele>2433</ele></trkpt>
      <trkpt lat="43.001478" lon="82.167417"><ele>2434</ele></trkpt>
      <trkpt lat="43.00163" lon="82.167543"><ele>2435</ele></trkpt>
      <trkpt lat="43.00173" lon="82.167601"><ele>2436</ele></trkpt>
      <trkpt lat="43.00179" lon="82.167648"><ele>2437</ele></trkpt>
      <trkpt lat="43.001829" lon="82.167693"><ele>2437</ele></trkpt>
      <trkpt lat="43.001911" lon="82.16773"><ele>2438</ele></trkpt>
      <trkpt lat="43.00196" lon="82.167786"><ele>2439</ele></trkpt>
      <trkpt lat="43.001968" lon="82.167813"><ele>2440</ele></trkpt>
      <trkpt lat="43.002065" lon="82.167836"><ele>2440</ele></trkpt>
      <trkpt lat="43.002156" lon="82.167905"><ele>2442</ele></trkpt>
      <trkpt lat="43.002415" lon="82.168047"><ele>2444</ele></trkpt>
      <trkpt lat="43.002558" lon="82.168177"><ele>2445</ele></trkpt>
      <trkpt lat="43.002673" lon="82.16825"><ele>2445</ele></trkpt>
      <trkpt lat="43.002739" lon="82.168267"><ele>2445</ele></trkpt>
      <trkpt lat="43.002845" lon="82.168347"><ele>2446</ele></trkpt>
      <trkpt lat="43.002991" lon="82.168434"><ele>2448</ele></trkpt>
      <trkpt lat="43.002998" lon="82.168476"><ele>2448</ele></trkpt>
      <trkpt lat="43.002981" lon="82.168477"><ele>2449</ele></trkpt>
      <trkpt lat="43.002995" lon="82.168463"><ele>2449</ele></trkpt>
      <trkpt lat="43.003017" lon="82.168466"><ele>2449</ele></trkpt>
      <trkpt lat="43.003035" lon="82.168506"><ele>2449</ele></trkpt>
      <trkpt lat="43.003061" lon="82.168503"><ele>2449</ele></trkpt>
      <trkpt lat="43.003084" lon="82.168528"><ele>2449</ele></trkpt>
      <trkpt lat="43.00315" lon="82.16853"><ele>2450</ele></trkpt>
      <trkpt lat="43.003181" lon="82.168549"><ele>2450</ele></trkpt>
      <trkpt lat="43.003351" lon="82.168674"><ele>2452</ele></trkpt>
      <trkpt lat="43.003589" lon="82.168871"><ele>2454</ele></trkpt>
      <trkpt lat="43.003694" lon="82.168929"><ele>2455</ele></trkpt>
      <trkpt lat="43.00379" lon="82.169013"><ele>2456</ele></trkpt>
      <trkpt lat="43.003798" lon="82.169038"><ele>2456</ele></trkpt>
      <trkpt lat="43.003823" lon="82.169065"><ele>2456</ele></trkpt>
      <trkpt lat="43.003917" lon="82.169082"><ele>2457</ele></trkpt>
      <trkpt lat="43.003949" lon="82.169098"><ele>2457</ele></trkpt>
      <trkpt lat="43.003965" lon="82.169127"><ele>2456</ele></trkpt>
      <trkpt lat="43.004263" lon="82.169355"><ele>2456</ele></trkpt>
      <trkpt lat="43.004331" lon="82.169386"><ele>2457</ele></trkpt>
      <trkpt lat="43.00446" lon="82.169473"><ele>2457</ele></trkpt>
      <trkpt lat="43.004784" lon="82.169635"><ele>2458</ele></trkpt>
      <trkpt lat="43.004822" lon="82.169671"><ele>2459</ele></trkpt>
      <trkpt lat="43.004875" lon="82.169696"><ele>2459</ele></trkpt>
      <trkpt lat="43.004917" lon="82.169666"><ele>2459</ele></trkpt>
      <trkpt lat="43.004964" lon="82.169721"><ele>2460</ele></trkpt>
      <trkpt lat="43.005019" lon="82.169756"><ele>2459</ele></trkpt>
      <trkpt lat="43.005032" lon="82.169757"><ele>2460</ele></trkpt>
      <trkpt lat="43.005019" lon="82.169756"><ele>2460</ele></trkpt>
      <trkpt lat="43.005034" lon="82.16973"><ele>2460</ele></trkpt>
      <trkpt lat="43.005062" lon="82.169807"><ele>2460</ele></trkpt>
      <trkpt lat="43.005201" lon="82.169818"><ele>2461</ele></trkpt>
      <trkpt lat="43.005273" lon="82.16988"><ele>2462</ele></trkpt>
      <trkpt lat="43.005374" lon="82.169925"><ele>2463</ele></trkpt>
      <trkpt lat="43.005432" lon="82.169984"><ele>2463</ele></trkpt>
      <trkpt lat="43.005431" lon="82.17003"><ele>2463</ele></trkpt>
      <trkpt lat="43.005452" lon="82.170089"><ele>2463</ele></trkpt>
      <trkpt lat="43.005596" lon="82.170149"><ele>2465</ele></trkpt>
      <trkpt lat="43.005677" lon="82.170209"><ele>2466</ele></trkpt>
      <trkpt lat="43.005873" lon="82.170305"><ele>2468</ele></trkpt>
      <trkpt lat="43.005921" lon="82.17034"><ele>2469</ele></trkpt>
      <trkpt lat="43.006038" lon="82.170382"><ele>2470</ele></trkpt>
      <trkpt lat="43.006184" lon="82.170467"><ele>2471</ele></trkpt>
      <trkpt lat="43.006253" lon="82.17049"><ele>2472</ele></trkpt>
      <trkpt lat="43.00638" lon="82.170572"><ele>2473</ele></trkpt>
      <trkpt lat="43.006397" lon="82.17061"><ele>2473</ele></trkpt>
      <trkpt lat="43.006391" lon="82.170621"><ele>2473</ele></trkpt>
      <trkpt lat="43.006411" lon="82.170626"><ele>2473</ele></trkpt>
      <trkpt lat="43.006391" lon="82.170536"><ele>2474</ele></trkpt>
      <trkpt lat="43.006432" lon="82.170489"><ele>2474</ele></trkpt>
      <trkpt lat="43.006447" lon="82.170497"><ele>2473</ele></trkpt>
      <trkpt lat="43.00641" lon="82.17052"><ele>2473</ele></trkpt>
      <trkpt lat="43.006412" lon="82.170604"><ele>2473</ele></trkpt>
      <trkpt lat="43.006425" lon="82.170622"><ele>2474</ele></trkpt>
      <trkpt lat="43.006627" lon="82.170751"><ele>2474</ele></trkpt>
      <trkpt lat="43.006675" lon="82.170768"><ele>2474</ele></trkpt>
      <trkpt lat="43.006732" lon="82.170832"><ele>2474</ele></trkpt>
      <trkpt lat="43.006932" lon="82.170912"><ele>2474</ele></trkpt>
      <trkpt lat="43.007001" lon="82.170955"><ele>2474</ele></trkpt>
      <trkpt lat="43.00723" lon="82.171122"><ele>2474</ele></trkpt>
      <trkpt lat="43.007276" lon="82.171189"><ele>2474</ele></trkpt>
      <trkpt lat="43.007324" lon="82.171232"><ele>2474</ele></trkpt>
      <trkpt lat="43.007784" lon="82.171556"><ele>2475</ele></trkpt>
      <trkpt lat="43.007831" lon="82.171594"><ele>2476</ele></trkpt>
      <trkpt lat="43.007846" lon="82.171626"><ele>2477</ele></trkpt>
      <trkpt lat="43.007941" lon="82.171669"><ele>2478</ele></trkpt>
      <trkpt lat="43.008053" lon="82.171749"><ele>2479</ele></trkpt>
      <trkpt lat="43.008217" lon="82.171944"><ele>2481</ele></trkpt>
      <trkpt lat="43.008314" lon="82.172024"><ele>2481</ele></trkpt>
      <trkpt lat="43.008411" lon="82.172124"><ele>2481</ele></trkpt>
      <trkpt lat="43.008447" lon="82.172139"><ele>2481</ele></trkpt>
      <trkpt lat="43.008514" lon="82.172192"><ele>2482</ele></trkpt>
      <trkpt lat="43.008531" lon="82.172232"><ele>2482</ele></trkpt>
      <trkpt lat="43.008573" lon="82.172275"><ele>2482</ele></trkpt>
      <trkpt lat="43.008728" lon="82.172395"><ele>2482</ele></trkpt>
      <trkpt lat="43.008894" lon="82.172553"><ele>2483</ele></trkpt>
      <trkpt lat="43.009039" lon="82.172719"><ele>2484</ele></trkpt>
      <trkpt lat="43.009048" lon="82.172754"><ele>2484</ele></trkpt>
      <trkpt lat="43.00903" lon="82.172779"><ele>2484</ele></trkpt>
      <trkpt lat="43.008978" lon="82.172813"><ele>2484</ele></trkpt>
      <trkpt lat="43.008852" lon="82.172874"><ele>2485</ele></trkpt>
      <trkpt lat="43.008775" lon="82.172889"><ele>2486</ele></trkpt>
      <trkpt lat="43.008725" lon="82.172873"><ele>2486</ele></trkpt>
      <trkpt lat="43.008686" lon="82.172874"><ele>2486</ele></trkpt>
      <trkpt lat="43.008629" lon="82.172842"><ele>2486</ele></trkpt>
      <trkpt lat="43.00859" lon="82.172835"><ele>2486</ele></trkpt>
      <trkpt lat="43.008484" lon="82.17276"><ele>2487</ele></trkpt>
      <trkpt lat="43.008343" lon="82.172695"><ele>2488</ele></trkpt>
      <trkpt lat="43.008294" lon="82.172653"><ele>2488</ele></trkpt>
      <trkpt lat="43.008261" lon="82.172683"><ele>2488</ele></trkpt>
      <trkpt lat="43.008259" lon="82.172773"><ele>2399</ele></trkpt>
      <trkpt lat="43.008241" lon="82.172794"><ele>2399</ele></trkpt>
      <trkpt lat="43.00825" lon="82.172773"><ele>2400</ele></trkpt>
      <trkpt lat="43.008254" lon="82.172781"><ele>2400</ele></trkpt>
      <trkpt lat="43.008273" lon="82.172776"><ele>2400</ele></trkpt>
      <trkpt lat="43.008323" lon="82.172808"><ele>2400</ele></trkpt>
      <trkpt lat="43.008378" lon="82.172807"><ele>2400</ele></trkpt>
      <trkpt lat="43.008507" lon="82.172908"><ele>2401</ele></trkpt>
      <trkpt lat="43.008519" lon="82.173115"><ele>2399</ele></trkpt>
      <trkpt lat="43.008539" lon="82.173158"><ele>2399</ele></trkpt>
      <trkpt lat="43.008557" lon="82.173147"><ele>2399</ele></trkpt>
      <trkpt lat="43.008616" lon="82.173072"><ele>2399</ele></trkpt>
      <trkpt lat="43.008652" lon="82.172986"><ele>2399</ele></trkpt>
      <trkpt lat="43.008647" lon="82.172932"><ele>2399</ele></trkpt>
      <trkpt lat="43.008627" lon="82.172945"><ele>2399</ele></trkpt>
      <trkpt lat="43.008626" lon="82.172935"><ele>2399</ele></trkpt>
      <trkpt lat="43.008622" lon="82.172952"><ele>2399</ele></trkpt>
      <trkpt lat="43.008638" lon="82.17292"><ele>2399</ele></trkpt>
      <trkpt lat="43.008638" lon="82.172938"><ele>2399</ele></trkpt>
      <trkpt lat="43.008638" lon="82.172924"><ele>2399</ele></trkpt>
      <trkpt lat="43.008807" lon="82.172843"><ele>2398</ele></trkpt>
      <trkpt lat="43.008955" lon="82.172814"><ele>2397</ele></trkpt>
      <trkpt lat="43.009037" lon="82.172765"><ele>2396</ele></trkpt>
      <trkpt lat="43.009092" lon="82.172762"><ele>2396</ele></trkpt>
      <trkpt lat="43.009131" lon="82.172776"><ele>2396</ele></trkpt>
      <trkpt lat="43.009153" lon="82.172808"><ele>2396</ele></trkpt>
      <trkpt lat="43.009183" lon="82.172817"><ele>2396</ele></trkpt>
      <trkpt lat="43.009277" lon="82.172891"><ele>2396</ele></trkpt>
      <trkpt lat="43.0093" lon="82.172921"><ele>2396</ele></trkpt>
      <trkpt lat="43.009311" lon="82.172979"><ele>2397</ele></trkpt>
      <trkpt lat="43.009348" lon="82.173018"><ele>2397</ele></trkpt>
      <trkpt lat="43.009417" lon="82.173062"><ele>2399</ele></trkpt>
      <trkpt lat="43.009795" lon="82.173362"><ele>2400</ele></trkpt>
      <trkpt lat="43.009827" lon="82.17338"><ele>2400</ele></trkpt>
      <trkpt lat="43.009998" lon="82.173424"><ele>2401</ele></trkpt>
      <trkpt lat="43.010432" lon="82.173726"><ele>2405</ele></trkpt>
      <trkpt lat="43.010768" lon="82.173923"><ele>2406</ele></trkpt>
      <trkpt lat="43.010844" lon="82.173938"><ele>2406</ele></trkpt>
      <trkpt lat="43.010896" lon="82.17399"><ele>2406</ele></trkpt>
      <trkpt lat="43.011021" lon="82.174067"><ele>2407</ele></trkpt>
      <trkpt lat="43.011139" lon="82.174116"><ele>2408</ele></trkpt>
      <trkpt lat="43.011215" lon="82.174115"><ele>2409</ele></trkpt>
      <trkpt lat="43.011276" lon="82.174138"><ele>2409</ele></trkpt>
      <trkpt lat="43.011275" lon="82.174118"><ele>2408</ele></trkpt>
      <trkpt lat="43.011273" lon="82.174132"><ele>2408</ele></trkpt>
      <trkpt lat="43.011293" lon="82.174112"><ele>2408</ele></trkpt>
      <trkpt lat="43.011283" lon="82.174119"><ele>2408</ele></trkpt>
      <trkpt lat="43.011321" lon="82.174133"><ele>2408</ele></trkpt>
      <trkpt lat="43.011445" lon="82.174241"><ele>2409</ele></trkpt>
      <trkpt lat="43.011694" lon="82.174339"><ele>2411</ele></trkpt>
      <trkpt lat="43.011827" lon="82.174365"><ele>2412</ele></trkpt>
      <trkpt lat="43.011887" lon="82.174418"><ele>2412</ele></trkpt>
      <trkpt lat="43.012091" lon="82.174526"><ele>2411</ele></trkpt>
      <trkpt lat="43.012271" lon="82.174679"><ele>2410</ele></trkpt>
      <trkpt lat="43.012346" lon="82.174724"><ele>2409</ele></trkpt>
      <trkpt lat="43.012457" lon="82.174826"><ele>2409</ele></trkpt>
      <trkpt lat="43.012545" lon="82.174933"><ele>2410</ele></trkpt>
      <trkpt lat="43.012605" lon="82.174982"><ele>2411</ele></trkpt>
      <trkpt lat="43.012684" lon="82.175023"><ele>2412</ele></trkpt>
      <trkpt lat="43.012732" lon="82.17508"><ele>2412</ele></trkpt>
      <trkpt lat="43.012812" lon="82.17523"><ele>2413</ele></trkpt>
      <trkpt lat="43.013041" lon="82.175406"><ele>2416</ele></trkpt>
      <trkpt lat="43.013123" lon="82.17548"><ele>2417</ele></trkpt>
      <trkpt lat="43.013143" lon="82.175528"><ele>2417</ele></trkpt>
      <trkpt lat="43.013153" lon="82.1756"><ele>2416</ele></trkpt>
      <trkpt lat="43.013281" lon="82.175674"><ele>2418</ele></trkpt>
      <trkpt lat="43.01342" lon="82.175735"><ele>2420</ele></trkpt>
      <trkpt lat="43.013673" lon="82.175798"><ele>2422</ele></trkpt>
      <trkpt lat="43.013785" lon="82.175815"><ele>2422</ele></trkpt>
      <trkpt lat="43.014065" lon="82.175924"><ele>2424</ele></trkpt>
      <trkpt lat="43.014274" lon="82.175965"><ele>2426</ele></trkpt>
      <trkpt lat="43.014286" lon="82.175977"><ele>2426</ele></trkpt>
      <trkpt lat="43.014363" lon="82.175993"><ele>2426</ele></trkpt>
      <trkpt lat="43.014445" lon="82.175989"><ele>2426</ele></trkpt>
      <trkpt lat="43.014541" lon="82.176006"><ele>2426</ele></trkpt>
      <trkpt lat="43.014752" lon="82.17608"><ele>2428</ele></trkpt>
      <trkpt lat="43.014842" lon="82.176099"><ele>2428</ele></trkpt>
      <trkpt lat="43.014951" lon="82.176147"><ele>2430</ele></trkpt>
      <trkpt lat="43.015067" lon="82.176163"><ele>2431</ele></trkpt>
      <trkpt lat="43.015097" lon="82.176156"><ele>2431</ele></trkpt>
      <trkpt lat="43.015124" lon="82.176168"><ele>2431</ele></trkpt>
      <trkpt lat="43.015184" lon="82.176154"><ele>2432</ele></trkpt>
      <trkpt lat="43.01537" lon="82.175936"><ele>2432</ele></trkpt>
      <trkpt lat="43.015376" lon="82.175953"><ele>2432</ele></trkpt>
      <trkpt lat="43.015382" lon="82.175943"><ele>2431</ele></trkpt>
      <trkpt lat="43.015378" lon="82.175958"><ele>2432</ele></trkpt>
      <trkpt lat="43.015372" lon="82.175952"><ele>2432</ele></trkpt>
      <trkpt lat="43.01538" lon="82.175942"><ele>2432</ele></trkpt>
      <trkpt lat="43.015382" lon="82.175961"><ele>2432</ele></trkpt>
      <trkpt lat="43.015384" lon="82.175948"><ele>2431</ele></trkpt>
      <trkpt lat="43.015382" lon="82.175961"><ele>2432</ele></trkpt>
      <trkpt lat="43.015393" lon="82.17595"><ele>2432</ele></trkpt>
      <trkpt lat="43.0154" lon="82.175958"><ele>2431</ele></trkpt>
      <trkpt lat="43.015475" lon="82.17594"><ele>2432</ele></trkpt>
      <trkpt lat="43.015518" lon="82.175918"><ele>2433</ele></trkpt>
      <trkpt lat="43.015565" lon="82.175923"><ele>2433</ele></trkpt>
      <trkpt lat="43.015614" lon="82.175976"><ele>2433</ele></trkpt>
      <trkpt lat="43.015652" lon="82.176031"><ele>2433</ele></trkpt>
      <trkpt lat="43.015662" lon="82.176063"><ele>2433</ele></trkpt>
      <trkpt lat="43.015659" lon="82.176115"><ele>2433</ele></trkpt>
      <trkpt lat="43.01564" lon="82.176145"><ele>2432</ele></trkpt>
      <trkpt lat="43.015624" lon="82.176147"><ele>2432</ele></trkpt>
      <trkpt lat="43.015648" lon="82.176253"><ele>2432</ele></trkpt>
      <trkpt lat="43.015636" lon="82.176336"><ele>2431</ele></trkpt>
      <trkpt lat="43.015605" lon="82.176396"><ele>2432</ele></trkpt>
      <trkpt lat="43.01561" lon="82.176522"><ele>2434</ele></trkpt>
      <trkpt lat="43.015591" lon="82.176573"><ele>2434</ele></trkpt>
      <trkpt lat="43.015589" lon="82.176652"><ele>2435</ele></trkpt>
      <trkpt lat="43.015559" lon="82.176708"><ele>2436</ele></trkpt>
      <trkpt lat="43.015518" lon="82.176868"><ele>2437</ele></trkpt>
      <trkpt lat="43.015511" lon="82.176926"><ele>2438</ele></trkpt>
      <trkpt lat="43.015476" lon="82.176996"><ele>2438</ele></trkpt>
      <trkpt lat="43.015303" lon="82.177469"><ele>2441</ele></trkpt>
      <trkpt lat="43.015287" lon="82.177531"><ele>2441</ele></trkpt>
      <trkpt lat="43.015282" lon="82.177616"><ele>2441</ele></trkpt>
      <trkpt lat="43.015262" lon="82.17768"><ele>2441</ele></trkpt>
      <trkpt lat="43.015259" lon="82.177724"><ele>2441</ele></trkpt>
      <trkpt lat="43.015201" lon="82.177775"><ele>2442</ele></trkpt>
      <trkpt lat="43.015214" lon="82.177798"><ele>2442</ele></trkpt>
      <trkpt lat="43.015206" lon="82.177797"><ele>2441</ele></trkpt>
      <trkpt lat="43.015164" lon="82.177906"><ele>2440</ele></trkpt>
      <trkpt lat="43.015106" lon="82.177979"><ele>2440</ele></trkpt>
      <trkpt lat="43.015066" lon="82.178012"><ele>2441</ele></trkpt>
      <trkpt lat="43.015058" lon="82.178044"><ele>2442</ele></trkpt>
      <trkpt lat="43.015062" lon="82.178129"><ele>2440</ele></trkpt>
      <trkpt lat="43.015042" lon="82.178149"><ele>2441</ele></trkpt>
      <trkpt lat="43.015003" lon="82.178243"><ele>2440</ele></trkpt>
      <trkpt lat="43.014944" lon="82.178459"><ele>2438</ele></trkpt>
      <trkpt lat="43.014938" lon="82.178678"><ele>2439</ele></trkpt>
      <trkpt lat="43.014949" lon="82.178889"><ele>2439</ele></trkpt>
      <trkpt lat="43.015011" lon="82.179367"><ele>2440</ele></trkpt>
      <trkpt lat="43.015014" lon="82.179548"><ele>2440</ele></trkpt>
      <trkpt lat="43.015038" lon="82.179744"><ele>2441</ele></trkpt>
      <trkpt lat="43.01505" lon="82.180053"><ele>2442</ele></trkpt>
      <trkpt lat="43.015035" lon="82.180228"><ele>2441</ele></trkpt>
      <trkpt lat="43.015033" lon="82.180391"><ele>2442</ele></trkpt>
      <trkpt lat="43.015008" lon="82.180644"><ele>2442</ele></trkpt>
      <trkpt lat="43.014991" lon="82.18101"><ele>2443</ele></trkpt>
      <trkpt lat="43.015015" lon="82.181177"><ele>2444</ele></trkpt>
      <trkpt lat="43.015018" lon="82.181395"><ele>2445</ele></trkpt>
      <trkpt lat="43.015065" lon="82.181571"><ele>2445</ele></trkpt>
      <trkpt lat="43.015063" lon="82.181628"><ele>2445</ele></trkpt>
      <trkpt lat="43.015048" lon="82.181649"><ele>2447</ele></trkpt>
      <trkpt lat="43.015055" lon="82.18174"><ele>2446</ele></trkpt>
      <trkpt lat="43.01507" lon="82.181748"><ele>2448</ele></trkpt>
      <trkpt lat="43.01504" lon="82.182051"><ele>2447</ele></trkpt>
      <trkpt lat="43.015032" lon="82.182249"><ele>2447</ele></trkpt>
      <trkpt lat="43.015044" lon="82.182418"><ele>2447</ele></trkpt>
      <trkpt lat="43.015033" lon="82.182537"><ele>2447</ele></trkpt>
      <trkpt lat="43.01503" lon="82.182759"><ele>2446</ele></trkpt>
      <trkpt lat="43.015022" lon="82.182756"><ele>2446</ele></trkpt>
      <trkpt lat="43.015095" lon="82.182807"><ele>2447</ele></trkpt>
      <trkpt lat="43.015117" lon="82.182805"><ele>2447</ele></trkpt>
      <trkpt lat="43.015165" lon="82.182826"><ele>2447</ele></trkpt>
      <trkpt lat="43.015354" lon="82.182782"><ele>2447</ele></trkpt>
      <trkpt lat="43.015463" lon="82.182791"><ele>2448</ele></trkpt>
      <trkpt lat="43.015617" lon="82.182784"><ele>2450</ele></trkpt>
      <trkpt lat="43.015742" lon="82.182703"><ele>2452</ele></trkpt>
      <trkpt lat="43.015779" lon="82.18269"><ele>2453</ele></trkpt>
      <trkpt lat="43.015861" lon="82.182678"><ele>2454</ele></trkpt>
      <trkpt lat="43.015898" lon="82.182682"><ele>2455</ele></trkpt>
      <trkpt lat="43.01591" lon="82.182691"><ele>2457</ele></trkpt>
      <trkpt lat="43.015905" lon="82.182699"><ele>2455</ele></trkpt>
      <trkpt lat="43.015898" lon="82.182693"><ele>2455</ele></trkpt>
      <trkpt lat="43.015918" lon="82.182684"><ele>2456</ele></trkpt>
      <trkpt lat="43.015991" lon="82.182738"><ele>2456</ele></trkpt>
      <trkpt lat="43.016005" lon="82.182759"><ele>2457</ele></trkpt>
      <trkpt lat="43.016118" lon="82.182801"><ele>2458</ele></trkpt>
      <trkpt lat="43.016216" lon="82.182911"><ele>2459</ele></trkpt>
      <trkpt lat="43.016222" lon="82.182934"><ele>2459</ele></trkpt>
      <trkpt lat="43.016372" lon="82.183023"><ele>2461</ele></trkpt>
      <trkpt lat="43.016498" lon="82.183072"><ele>2462</ele></trkpt>
      <trkpt lat="43.016556" lon="82.18308"><ele>2463</ele></trkpt>
      <trkpt lat="43.016638" lon="82.183121"><ele>2463</ele></trkpt>
      <trkpt lat="43.016733" lon="82.183118"><ele>2464</ele></trkpt>
      <trkpt lat="43.016904" lon="82.183161"><ele>2465</ele></trkpt>
      <trkpt lat="43.016942" lon="82.183152"><ele>2465</ele></trkpt>
      <trkpt lat="43.016926" lon="82.183155"><ele>2464</ele></trkpt>
      <trkpt lat="43.016948" lon="82.183196"><ele>2464</ele></trkpt>
      <trkpt lat="43.017015" lon="82.183201"><ele>2465</ele></trkpt>
      <trkpt lat="43.017117" lon="82.183185"><ele>2465</ele></trkpt>
      <trkpt lat="43.017169" lon="82.183209"><ele>2466</ele></trkpt>
      <trkpt lat="43.017249" lon="82.183367"><ele>2465</ele></trkpt>
      <trkpt lat="43.017342" lon="82.183482"><ele>2466</ele></trkpt>
      <trkpt lat="43.017458" lon="82.183703"><ele>2468</ele></trkpt>
      <trkpt lat="43.017461" lon="82.18374"><ele>2469</ele></trkpt>
      <trkpt lat="43.017476" lon="82.183779"><ele>2469</ele></trkpt>
      <trkpt lat="43.017381" lon="82.18384"><ele>2469</ele></trkpt>
      <trkpt lat="43.017484" lon="82.183773"><ele>2469</ele></trkpt>
      <trkpt lat="43.017502" lon="82.183851"><ele>2469</ele></trkpt>
      <trkpt lat="43.017558" lon="82.183933"><ele>2471</ele></trkpt>
      <trkpt lat="43.01766" lon="82.184145"><ele>2472</ele></trkpt>
      <trkpt lat="43.017823" lon="82.184429"><ele>2475</ele></trkpt>
      <trkpt lat="43.017872" lon="82.184554"><ele>2476</ele></trkpt>
      <trkpt lat="43.017942" lon="82.184695"><ele>2478</ele></trkpt>
      <trkpt lat="43.018004" lon="82.184853"><ele>2479</ele></trkpt>
      <trkpt lat="43.018041" lon="82.184973"><ele>2480</ele></trkpt>
      <trkpt lat="43.018043" lon="82.185001"><ele>2480</ele></trkpt>
      <trkpt lat="43.018029" lon="82.185043"><ele>2480</ele></trkpt>
      <trkpt lat="43.018036" lon="82.18503"><ele>2480</ele></trkpt>
      <trkpt lat="43.018034" lon="82.18505"><ele>2480</ele></trkpt>
      <trkpt lat="43.018052" lon="82.185036"><ele>2482</ele></trkpt>
      <trkpt lat="43.01805" lon="82.184991"><ele>2480</ele></trkpt>
      <trkpt lat="43.018038" lon="82.18498"><ele>2480</ele></trkpt>
      <trkpt lat="43.018062" lon="82.184995"><ele>2480</ele></trkpt>
      <trkpt lat="43.018141" lon="82.185181"><ele>2481</ele></trkpt>
      <trkpt lat="43.018328" lon="82.185505"><ele>2486</ele></trkpt>
      <trkpt lat="43.018527" lon="82.185703"><ele>2491</ele></trkpt>
      <trkpt lat="43.018656" lon="82.185848"><ele>2492</ele></trkpt>
      <trkpt lat="43.018746" lon="82.185965"><ele>2495</ele></trkpt>
      <trkpt lat="43.018946" lon="82.186158"><ele>2498</ele></trkpt>
      <trkpt lat="43.019025" lon="82.186281"><ele>2500</ele></trkpt>
      <trkpt lat="43.019095" lon="82.186417"><ele>2502</ele></trkpt>
      <trkpt lat="43.019188" lon="82.186506"><ele>2502</ele></trkpt>
      <trkpt lat="43.019193" lon="82.186528"><ele>2502</ele></trkpt>
      <trkpt lat="43.019165" lon="82.186645"><ele>2504</ele></trkpt>
      <trkpt lat="43.019169" lon="82.186846"><ele>2503</ele></trkpt>
      <trkpt lat="43.019198" lon="82.187149"><ele>2503</ele></trkpt>
      <trkpt lat="43.019224" lon="82.18724"><ele>2503</ele></trkpt>
      <trkpt lat="43.019254" lon="82.187303"><ele>2503</ele></trkpt>
      <trkpt lat="43.019251" lon="82.187335"><ele>2502</ele></trkpt>
      <trkpt lat="43.019223" lon="82.187344"><ele>2503</ele></trkpt>
      <trkpt lat="43.019254" lon="82.187262"><ele>2503</ele></trkpt>
      <trkpt lat="43.019244" lon="82.187289"><ele>2502</ele></trkpt>
      <trkpt lat="43.019215" lon="82.187315"><ele>2502</ele></trkpt>
      <trkpt lat="43.019197" lon="82.187314"><ele>2502</ele></trkpt>
      <trkpt lat="43.0192" lon="82.187296"><ele>2502</ele></trkpt>
      <trkpt lat="43.019242" lon="82.187296"><ele>2502</ele></trkpt>
      <trkpt lat="43.019231" lon="82.187241"><ele>2502</ele></trkpt>
      <trkpt lat="43.019211" lon="82.187232"><ele>2502</ele></trkpt>
      <trkpt lat="43.019234" lon="82.187237"><ele>2499</ele></trkpt>
      <trkpt lat="43.01923" lon="82.187228"><ele>2499</ele></trkpt>
      <trkpt lat="43.01933" lon="82.187283"><ele>2500</ele></trkpt>
      <trkpt lat="43.019402" lon="82.187261"><ele>2500</ele></trkpt>
      <trkpt lat="43.019435" lon="82.187277"><ele>2500</ele></trkpt>
      <trkpt lat="43.019491" lon="82.187348"><ele>2502</ele></trkpt>
      <trkpt lat="43.019532" lon="82.187439"><ele>2503</ele></trkpt>
      <trkpt lat="43.019535" lon="82.18747"><ele>2504</ele></trkpt>
      <trkpt lat="43.019519" lon="82.187547"><ele>2504</ele></trkpt>
      <trkpt lat="43.019644" lon="82.187642"><ele>2509</ele></trkpt>
      <trkpt lat="43.019787" lon="82.187811"><ele>2512</ele></trkpt>
      <trkpt lat="43.019804" lon="82.187841"><ele>2512</ele></trkpt>
      <trkpt lat="43.019804" lon="82.187852"><ele>2511</ele></trkpt>
      <trkpt lat="43.019791" lon="82.187861"><ele>2511</ele></trkpt>
      <trkpt lat="43.019812" lon="82.187843"><ele>2512</ele></trkpt>
      <trkpt lat="43.019844" lon="82.187846"><ele>2512</ele></trkpt>
      <trkpt lat="43.019872" lon="82.187809"><ele>2512</ele></trkpt>
      <trkpt lat="43.019908" lon="82.187698"><ele>2511</ele></trkpt>
      <trkpt lat="43.01996" lon="82.187624"><ele>2512</ele></trkpt>
      <trkpt lat="43.020132" lon="82.187517"><ele>2512</ele></trkpt>
      <trkpt lat="43.020208" lon="82.187511"><ele>2512</ele></trkpt>
      <trkpt lat="43.020263" lon="82.187479"><ele>2512</ele></trkpt>
      <trkpt lat="43.02028" lon="82.18749"><ele>2512</ele></trkpt>
      <trkpt lat="43.020296" lon="82.187456"><ele>2512</ele></trkpt>
      <trkpt lat="43.020457" lon="82.187307"><ele>2513</ele></trkpt>
      <trkpt lat="43.020557" lon="82.187199"><ele>2514</ele></trkpt>
      <trkpt lat="43.02061" lon="82.187162"><ele>2514</ele></trkpt>
      <trkpt lat="43.020692" lon="82.187071"><ele>2515</ele></trkpt>
      <trkpt lat="43.020806" lon="82.187093"><ele>2514</ele></trkpt>
      <trkpt lat="43.020835" lon="82.187064"><ele>2514</ele></trkpt>
      <trkpt lat="43.02089" lon="82.187055"><ele>2515</ele></trkpt>
      <trkpt lat="43.021031" lon="82.186969"><ele>2515</ele></trkpt>
      <trkpt lat="43.021151" lon="82.186958"><ele>2515</ele></trkpt>
      <trkpt lat="43.021547" lon="82.187006"><ele>2512</ele></trkpt>
      <trkpt lat="43.021574" lon="82.186996"><ele>2511</ele></trkpt>
      <trkpt lat="43.021574" lon="82.186954"><ele>2511</ele></trkpt>
      <trkpt lat="43.021576" lon="82.187005"><ele>2511</ele></trkpt>
      <trkpt lat="43.021783" lon="82.187043"><ele>2511</ele></trkpt>
      <trkpt lat="43.022562" lon="82.187261"><ele>2505</ele></trkpt>
      <trkpt lat="43.022694" lon="82.187308"><ele>2504</ele></trkpt>
      <trkpt lat="43.022747" lon="82.187344"><ele>2504</ele></trkpt>
      <trkpt lat="43.023034" lon="82.187426"><ele>2501</ele></trkpt>
      <trkpt lat="43.023326" lon="82.187489"><ele>2499</ele></trkpt>
      <trkpt lat="43.023377" lon="82.187483"><ele>2498</ele></trkpt>
      <trkpt lat="43.023395" lon="82.187494"><ele>2498</ele></trkpt>
      <trkpt lat="43.023399" lon="82.187539"><ele>2498</ele></trkpt>
      <trkpt lat="43.023435" lon="82.187555"><ele>2498</ele></trkpt>
      <trkpt lat="43.023514" lon="82.187545"><ele>2498</ele></trkpt>
      <trkpt lat="43.023554" lon="82.187555"><ele>2498</ele></trkpt>
      <trkpt lat="43.023648" lon="82.187622"><ele>2497</ele></trkpt>
      <trkpt lat="43.023728" lon="82.187723"><ele>2499</ele></trkpt>
      <trkpt lat="43.023823" lon="82.187807"><ele>2500</ele></trkpt>
      <trkpt lat="43.023883" lon="82.187893"><ele>2500</ele></trkpt>
      <trkpt lat="43.023903" lon="82.187942"><ele>2500</ele></trkpt>
      <trkpt lat="43.023936" lon="82.187951"><ele>2500</ele></trkpt>
      <trkpt lat="43.02397" lon="82.187982"><ele>2500</ele></trkpt>
      <trkpt lat="43.024084" lon="82.188159"><ele>2500</ele></trkpt>
      <trkpt lat="43.024246" lon="82.188495"><ele>2499</ele></trkpt>
      <trkpt lat="43.024303" lon="82.188708"><ele>2498</ele></trkpt>
      <trkpt lat="43.024329" lon="82.188716"><ele>2498</ele></trkpt>
      <trkpt lat="43.02433" lon="82.18873"><ele>2498</ele></trkpt>
      <trkpt lat="43.024436" lon="82.18885"><ele>2496</ele></trkpt>
      <trkpt lat="43.024504" lon="82.189003"><ele>2496</ele></trkpt>
      <trkpt lat="43.02454" lon="82.189111"><ele>2495</ele></trkpt>
      <trkpt lat="43.024674" lon="82.189376"><ele>2492</ele></trkpt>
      <trkpt lat="43.024853" lon="82.189659"><ele>2490</ele></trkpt>
      <trkpt lat="43.025094" lon="82.189989"><ele>2488</ele></trkpt>
      <trkpt lat="43.025281" lon="82.190155"><ele>2487</ele></trkpt>
      <trkpt lat="43.025349" lon="82.190196"><ele>2485</ele></trkpt>
      <trkpt lat="43.02542" lon="82.190219"><ele>2483</ele></trkpt>
      <trkpt lat="43.025455" lon="82.190283"><ele>2483</ele></trkpt>
      <trkpt lat="43.02548" lon="82.190357"><ele>2481</ele></trkpt>
      <trkpt lat="43.02551" lon="82.190493"><ele>2479</ele></trkpt>
      <trkpt lat="43.025469" lon="82.190602"><ele>2477</ele></trkpt>
      <trkpt lat="43.025467" lon="82.190642"><ele>2476</ele></trkpt>
      <trkpt lat="43.025455" lon="82.190649"><ele>2475</ele></trkpt>
      <trkpt lat="43.025473" lon="82.190679"><ele>2475</ele></trkpt>
      <trkpt lat="43.025481" lon="82.190752"><ele>2475</ele></trkpt>
      <trkpt lat="43.02547" lon="82.190763"><ele>2475</ele></trkpt>
      <trkpt lat="43.02544" lon="82.19076"><ele>2475</ele></trkpt>
      <trkpt lat="43.025409" lon="82.190785"><ele>2475</ele></trkpt>
      <trkpt lat="43.025431" lon="82.190827"><ele>2475</ele></trkpt>
      <trkpt lat="43.025424" lon="82.19086"><ele>2476</ele></trkpt>
      <trkpt lat="43.025377" lon="82.190945"><ele>2475</ele></trkpt>
      <trkpt lat="43.02539" lon="82.190958"><ele>2476</ele></trkpt>
      <trkpt lat="43.025376" lon="82.190955"><ele>2475</ele></trkpt>
      <trkpt lat="43.025383" lon="82.190955"><ele>2475</ele></trkpt>
      <trkpt lat="43.025372" lon="82.190986"><ele>2475</ele></trkpt>
      <trkpt lat="43.025317" lon="82.191108"><ele>2476</ele></trkpt>
      <trkpt lat="43.025282" lon="82.191255"><ele>2478</ele></trkpt>
      <trkpt lat="43.02525" lon="82.191316"><ele>2480</ele></trkpt>
      <trkpt lat="43.025168" lon="82.191389"><ele>2481</ele></trkpt>
      <trkpt lat="43.025118" lon="82.191401"><ele>2481</ele></trkpt>
      <trkpt lat="43.025136" lon="82.191402"><ele>2481</ele></trkpt>
      <trkpt lat="43.025151" lon="82.191338"><ele>2479</ele></trkpt>
      <trkpt lat="43.025146" lon="82.191303"><ele>2476</ele></trkpt>
      <trkpt lat="43.025069" lon="82.191336"><ele>2477</ele></trkpt>
      <trkpt lat="43.02504" lon="82.191298"><ele>2477</ele></trkpt>
      <trkpt lat="43.025073" lon="82.191347"><ele>2477</ele></trkpt>
      <trkpt lat="43.025122" lon="82.191368"><ele>2478</ele></trkpt>
      <trkpt lat="43.025083" lon="82.191358"><ele>2478</ele></trkpt>
      <trkpt lat="43.025137" lon="82.191422"><ele>2479</ele></trkpt>
      <trkpt lat="43.025154" lon="82.191465"><ele>2480</ele></trkpt>
      <trkpt lat="43.025153" lon="82.191482"><ele>2481</ele></trkpt>
      <trkpt lat="43.02518" lon="82.191564"><ele>2483</ele></trkpt>
      <trkpt lat="43.02519" lon="82.191754"><ele>2486</ele></trkpt>
      <trkpt lat="43.025241" lon="82.191928"><ele>2488</ele></trkpt>
      <trkpt lat="43.025273" lon="82.192104"><ele>2489</ele></trkpt>
      <trkpt lat="43.02527" lon="82.19217"><ele>2489</ele></trkpt>
      <trkpt lat="43.025164" lon="82.192509"><ele>2489</ele></trkpt>
      <trkpt lat="43.025163" lon="82.192669"><ele>2490</ele></trkpt>
      <trkpt lat="43.025117" lon="82.192715"><ele>2490</ele></trkpt>
      <trkpt lat="43.025134" lon="82.192701"><ele>2489</ele></trkpt>
      <trkpt lat="43.02516" lon="82.192651"><ele>2489</ele></trkpt>
      <trkpt lat="43.025183" lon="82.192574"><ele>2489</ele></trkpt>
      <trkpt lat="43.02521" lon="82.192567"><ele>2489</ele></trkpt>
      <trkpt lat="43.025294" lon="82.19261"><ele>2490</ele></trkpt>
      <trkpt lat="43.025455" lon="82.19267"><ele>2491</ele></trkpt>
      <trkpt lat="43.025609" lon="82.192792"><ele>2489</ele></trkpt>
      <trkpt lat="43.0257" lon="82.192783"><ele>2489</ele></trkpt>
      <trkpt lat="43.025815" lon="82.19281"><ele>2491</ele></trkpt>
      <trkpt lat="43.025864" lon="82.19281"><ele>2492</ele></trkpt>
      <trkpt lat="43.026006" lon="82.192858"><ele>2492</ele></trkpt>
      <trkpt lat="43.02601" lon="82.192845"><ele>2493</ele></trkpt>
      <trkpt lat="43.026" lon="82.192885"><ele>2492</ele></trkpt>
      <trkpt lat="43.02602" lon="82.19295"><ele>2492</ele></trkpt>
      <trkpt lat="43.026238" lon="82.193215"><ele>2491</ele></trkpt>
      <trkpt lat="43.026292" lon="82.19326"><ele>2490</ele></trkpt>
      <trkpt lat="43.026309" lon="82.193337"><ele>2490</ele></trkpt>
      <trkpt lat="43.026344" lon="82.193394"><ele>2489</ele></trkpt>
      <trkpt lat="43.026331" lon="82.193444"><ele>2489</ele></trkpt>
      <trkpt lat="43.026338" lon="82.193501"><ele>2486</ele></trkpt>
      <trkpt lat="43.02641" lon="82.193566"><ele>2485</ele></trkpt>
      <trkpt lat="43.026413" lon="82.193595"><ele>2484</ele></trkpt>
      <trkpt lat="43.02638" lon="82.193654"><ele>2482</ele></trkpt>
      <trkpt lat="43.026399" lon="82.193732"><ele>2480</ele></trkpt>
      <trkpt lat="43.02644" lon="82.19381"><ele>2478</ele></trkpt>
      <trkpt lat="43.026466" lon="82.193824"><ele>2476</ele></trkpt>
      <trkpt lat="43.026479" lon="82.19385"><ele>2476</ele></trkpt>
      <trkpt lat="43.026491" lon="82.193911"><ele>2475</ele></trkpt>
      <trkpt lat="43.026511" lon="82.193966"><ele>2474</ele></trkpt>
      <trkpt lat="43.026533" lon="82.194"><ele>2473</ele></trkpt>
      <trkpt lat="43.026551" lon="82.194068"><ele>2472</ele></trkpt>
      <trkpt lat="43.026643" lon="82.194205"><ele>2469</ele></trkpt>
      <trkpt lat="43.026677" lon="82.194302"><ele>2468</ele></trkpt>
      <trkpt lat="43.026711" lon="82.194367"><ele>2468</ele></trkpt>
      <trkpt lat="43.026722" lon="82.194418"><ele>2468</ele></trkpt>
      <trkpt lat="43.026717" lon="82.194426"><ele>2468</ele></trkpt>
      <trkpt lat="43.026756" lon="82.194516"><ele>2466</ele></trkpt>
      <trkpt lat="43.026806" lon="82.194597"><ele>2466</ele></trkpt>
      <trkpt lat="43.027032" lon="82.195079"><ele>2462</ele></trkpt>
      <trkpt lat="43.027039" lon="82.19511"><ele>2462</ele></trkpt>
      <trkpt lat="43.027073" lon="82.195179"><ele>2462</ele></trkpt>
      <trkpt lat="43.027194" lon="82.195374"><ele>2461</ele></trkpt>
      <trkpt lat="43.027386" lon="82.19585"><ele>2458</ele></trkpt>
      <trkpt lat="43.027377" lon="82.195865"><ele>2458</ele></trkpt>
      <trkpt lat="43.027353" lon="82.195842"><ele>2459</ele></trkpt>
      <trkpt lat="43.027359" lon="82.195856"><ele>2459</ele></trkpt>
      <trkpt lat="43.027378" lon="82.19584"><ele>2460</ele></trkpt>
      <trkpt lat="43.027385" lon="82.19589"><ele>2459</ele></trkpt>
      <trkpt lat="43.027372" lon="82.195966"><ele>2458</ele></trkpt>
      <trkpt lat="43.027366" lon="82.196095"><ele>2458</ele></trkpt>
      <trkpt lat="43.02743" lon="82.196382"><ele>2460</ele></trkpt>
      <trkpt lat="43.027447" lon="82.196551"><ele>2461</ele></trkpt>
      <trkpt lat="43.027448" lon="82.196696"><ele>2461</ele></trkpt>
      <trkpt lat="43.027468" lon="82.19676"><ele>2462</ele></trkpt>
      <trkpt lat="43.027479" lon="82.196935"><ele>2462</ele></trkpt>
      <trkpt lat="43.02754" lon="82.197175"><ele>2464</ele></trkpt>
      <trkpt lat="43.027559" lon="82.197303"><ele>2464</ele></trkpt>
      <trkpt lat="43.027603" lon="82.1974"><ele>2465</ele></trkpt>
      <trkpt lat="43.027598" lon="82.197386"><ele>2466</ele></trkpt>
      <trkpt lat="43.027588" lon="82.197419"><ele>2466</ele></trkpt>
      <trkpt lat="43.027635" lon="82.197585"><ele>2465</ele></trkpt>
      <trkpt lat="43.027665" lon="82.197631"><ele>2466</ele></trkpt>
      <trkpt lat="43.027672" lon="82.197753"><ele>2468</ele></trkpt>
      <trkpt lat="43.027807" lon="82.197954"><ele>2467</ele></trkpt>
      <trkpt lat="43.027869" lon="82.198094"><ele>2466</ele></trkpt>
      <trkpt lat="43.027875" lon="82.198094"><ele>2466</ele></trkpt>
      <trkpt lat="43.027886" lon="82.19825"><ele>2464</ele></trkpt>
      <trkpt lat="43.027889" lon="82.198489"><ele>2466</ele></trkpt>
      <trkpt lat="43.027887" lon="82.198585"><ele>2467</ele></trkpt>
      <trkpt lat="43.027864" lon="82.198666"><ele>2467</ele></trkpt>
      <trkpt lat="43.027827" lon="82.198886"><ele>2468</ele></trkpt>
      <trkpt lat="43.02783" lon="82.198951"><ele>2469</ele></trkpt>
      <trkpt lat="43.027814" lon="82.199047"><ele>2469</ele></trkpt>
      <trkpt lat="43.027693" lon="82.199375"><ele>2470</ele></trkpt>
      <trkpt lat="43.027651" lon="82.199529"><ele>2470</ele></trkpt>
      <trkpt lat="43.027626" lon="82.19973"><ele>2471</ele></trkpt>
      <trkpt lat="43.027613" lon="82.199951"><ele>2471</ele></trkpt>
      <trkpt lat="43.027626" lon="82.200087"><ele>2472</ele></trkpt>
      <trkpt lat="43.027623" lon="82.20016"><ele>2471</ele></trkpt>
      <trkpt lat="43.027641" lon="82.200273"><ele>2472</ele></trkpt>
      <trkpt lat="43.027656" lon="82.200496"><ele>2472</ele></trkpt>
      <trkpt lat="43.027649" lon="82.200567"><ele>2471</ele></trkpt>
      <trkpt lat="43.027659" lon="82.200668"><ele>2472</ele></trkpt>
      <trkpt lat="43.027691" lon="82.200917"><ele>2473</ele></trkpt>
      <trkpt lat="43.027709" lon="82.201001"><ele>2472</ele></trkpt>
      <trkpt lat="43.027719" lon="82.201135"><ele>2472</ele></trkpt>
      <trkpt lat="43.027712" lon="82.201147"><ele>2472</ele></trkpt>
      <trkpt lat="43.027772" lon="82.201508"><ele>2473</ele></trkpt>
      <trkpt lat="43.027765" lon="82.201536"><ele>2474</ele></trkpt>
      <trkpt lat="43.027793" lon="82.201671"><ele>2474</ele></trkpt>
      <trkpt lat="43.027792" lon="82.201751"><ele>2475</ele></trkpt>
      <trkpt lat="43.027763" lon="82.201895"><ele>2474</ele></trkpt>
      <trkpt lat="43.027738" lon="82.20197"><ele>2474</ele></trkpt>
      <trkpt lat="43.027696" lon="82.202196"><ele>2476</ele></trkpt>
      <trkpt lat="43.027691" lon="82.202318"><ele>2476</ele></trkpt>
      <trkpt lat="43.027669" lon="82.202378"><ele>2476</ele></trkpt>
      <trkpt lat="43.027669" lon="82.202467"><ele>2477</ele></trkpt>
      <trkpt lat="43.027725" lon="82.202927"><ele>2478</ele></trkpt>
      <trkpt lat="43.027729" lon="82.203188"><ele>2478</ele></trkpt>
      <trkpt lat="43.027719" lon="82.203268"><ele>2479</ele></trkpt>
      <trkpt lat="43.027713" lon="82.203527"><ele>2479</ele></trkpt>
      <trkpt lat="43.027717" lon="82.203871"><ele>2480</ele></trkpt>
      <trkpt lat="43.027725" lon="82.203941"><ele>2480</ele></trkpt>
      <trkpt lat="43.027765" lon="82.204086"><ele>2481</ele></trkpt>
      <trkpt lat="43.027796" lon="82.20425"><ele>2481</ele></trkpt>
      <trkpt lat="43.027819" lon="82.204501"><ele>2482</ele></trkpt>
      <trkpt lat="43.027805" lon="82.20461"><ele>2482</ele></trkpt>
      <trkpt lat="43.027676" lon="82.205134"><ele>2484</ele></trkpt>
      <trkpt lat="43.027674" lon="82.205181"><ele>2484</ele></trkpt>
      <trkpt lat="43.027552" lon="82.205447"><ele>2484</ele></trkpt>
      <trkpt lat="43.027496" lon="82.205605"><ele>2483</ele></trkpt>
      <trkpt lat="43.027463" lon="82.205765"><ele>2483</ele></trkpt>
      <trkpt lat="43.027474" lon="82.205913"><ele>2482</ele></trkpt>
      <trkpt lat="43.027468" lon="82.205943"><ele>2482</ele></trkpt>
      <trkpt lat="43.027432" lon="82.20601"><ele>2480</ele></trkpt>
      <trkpt lat="43.027434" lon="82.206076"><ele>2480</ele></trkpt>
      <trkpt lat="43.027424" lon="82.206115"><ele>2479</ele></trkpt>
      <trkpt lat="43.027395" lon="82.206154"><ele>2479</ele></trkpt>
      <trkpt lat="43.027068" lon="82.206416"><ele>2475</ele></trkpt>
      <trkpt lat="43.026809" lon="82.206702"><ele>2473</ele></trkpt>
      <trkpt lat="43.026779" lon="82.206787"><ele>2472</ele></trkpt>
      <trkpt lat="43.026724" lon="82.206852"><ele>2471</ele></trkpt>
      <trkpt lat="43.026671" lon="82.206884"><ele>2471</ele></trkpt>
      <trkpt lat="43.026638" lon="82.206937"><ele>2471</ele></trkpt>
      <trkpt lat="43.026513" lon="82.206964"><ele>2471</ele></trkpt>
      <trkpt lat="43.026466" lon="82.207008"><ele>2471</ele></trkpt>
      <trkpt lat="43.026424" lon="82.207"><ele>2472</ele></trkpt>
      <trkpt lat="43.026434" lon="82.207007"><ele>2472</ele></trkpt>
      <trkpt lat="43.026403" lon="82.207004"><ele>2471</ele></trkpt>
      <trkpt lat="43.026312" lon="82.207033"><ele>2472</ele></trkpt>
      <trkpt lat="43.026204" lon="82.207125"><ele>2472</ele></trkpt>
      <trkpt lat="43.026163" lon="82.207187"><ele>2472</ele></trkpt>
      <trkpt lat="43.026121" lon="82.207275"><ele>2472</ele></trkpt>
      <trkpt lat="43.026073" lon="82.207312"><ele>2472</ele></trkpt>
      <trkpt lat="43.026054" lon="82.207385"><ele>2472</ele></trkpt>
      <trkpt lat="43.026062" lon="82.207451"><ele>2472</ele></trkpt>
      <trkpt lat="43.025997" lon="82.207454"><ele>2472</ele></trkpt>
      <trkpt lat="43.026018" lon="82.207421"><ele>2473</ele></trkpt>
      <trkpt lat="43.02603" lon="82.207428"><ele>2473</ele></trkpt>
      <trkpt lat="43.026007" lon="82.207453"><ele>2472</ele></trkpt>
      <trkpt lat="43.025992" lon="82.207544"><ele>2471</ele></trkpt>
      <trkpt lat="43.026009" lon="82.207612"><ele>2471</ele></trkpt>
      <trkpt lat="43.026002" lon="82.207576"><ele>2472</ele></trkpt>
      <trkpt lat="43.025987" lon="82.207565"><ele>2472</ele></trkpt>
      <trkpt lat="43.025992" lon="82.207539"><ele>2472</ele></trkpt>
      <trkpt lat="43.025978" lon="82.20748"><ele>2472</ele></trkpt>
      <trkpt lat="43.025968" lon="82.207467"><ele>2472</ele></trkpt>
      <trkpt lat="43.025861" lon="82.20751"><ele>2471</ele></trkpt>
      <trkpt lat="43.025851" lon="82.207503"><ele>2471</ele></trkpt>
      <trkpt lat="43.025801" lon="82.207521"><ele>2469</ele></trkpt>
      <trkpt lat="43.025761" lon="82.207548"><ele>2469</ele></trkpt>
      <trkpt lat="43.025672" lon="82.207576"><ele>2468</ele></trkpt>
      <trkpt lat="43.025634" lon="82.20761"><ele>2466</ele></trkpt>
      <trkpt lat="43.025581" lon="82.207703"><ele>2464</ele></trkpt>
      <trkpt lat="43.025567" lon="82.207776"><ele>2463</ele></trkpt>
      <trkpt lat="43.025599" lon="82.207911"><ele>2462</ele></trkpt>
      <trkpt lat="43.025637" lon="82.208004"><ele>2461</ele></trkpt>
      <trkpt lat="43.025767" lon="82.208466"><ele>2454</ele></trkpt>
      <trkpt lat="43.025814" lon="82.208684"><ele>2451</ele></trkpt>
      <trkpt lat="43.025826" lon="82.20878"><ele>2450</ele></trkpt>
      <trkpt lat="43.025904" lon="82.209182"><ele>2446</ele></trkpt>
      <trkpt lat="43.025968" lon="82.209451"><ele>2443</ele></trkpt>
      <trkpt lat="43.025965" lon="82.209476"><ele>2442</ele></trkpt>
      <trkpt lat="43.026002" lon="82.209672"><ele>2439</ele></trkpt>
      <trkpt lat="43.026001" lon="82.209766"><ele>2437</ele></trkpt>
      <trkpt lat="43.026024" lon="82.210067"><ele>2435</ele></trkpt>
      <trkpt lat="43.02603" lon="82.21033"><ele>2432</ele></trkpt>
      <trkpt lat="43.026015" lon="82.210356"><ele>2430</ele></trkpt>
      <trkpt lat="43.025987" lon="82.210538"><ele>2428</ele></trkpt>
      <trkpt lat="43.025959" lon="82.210647"><ele>2427</ele></trkpt>
      <trkpt lat="43.025942" lon="82.210801"><ele>2425</ele></trkpt>
      <trkpt lat="43.025959" lon="82.210856"><ele>2424</ele></trkpt>
      <trkpt lat="43.025967" lon="82.210842"><ele>2422</ele></trkpt>
      <trkpt lat="43.025959" lon="82.210845"><ele>2423</ele></trkpt>
      <trkpt lat="43.025953" lon="82.210941"><ele>2422</ele></trkpt>
      <trkpt lat="43.025982" lon="82.211048"><ele>2420</ele></trkpt>
      <trkpt lat="43.025979" lon="82.211095"><ele>2419</ele></trkpt>
      <trkpt lat="43.026052" lon="82.211256"><ele>2416</ele></trkpt>
      <trkpt lat="43.026057" lon="82.211344"><ele>2414</ele></trkpt>
      <trkpt lat="43.026052" lon="82.211361"><ele>2413</ele></trkpt>
      <trkpt lat="43.026047" lon="82.211334"><ele>2413</ele></trkpt>
      <trkpt lat="43.026084" lon="82.211437"><ele>2413</ele></trkpt>
      <trkpt lat="43.026105" lon="82.211588"><ele>2411</ele></trkpt>
      <trkpt lat="43.026114" lon="82.21187"><ele>2407</ele></trkpt>
      <trkpt lat="43.026106" lon="82.211971"><ele>2405</ele></trkpt>
      <trkpt lat="43.026087" lon="82.212047"><ele>2404</ele></trkpt>
      <trkpt lat="43.026088" lon="82.212105"><ele>2403</ele></trkpt>
      <trkpt lat="43.026077" lon="82.212155"><ele>2402</ele></trkpt>
      <trkpt lat="43.026078" lon="82.212211"><ele>2401</ele></trkpt>
      <trkpt lat="43.026085" lon="82.212221"><ele>2401</ele></trkpt>
      <trkpt lat="43.026102" lon="82.212354"><ele>2399</ele></trkpt>
      <trkpt lat="43.026079" lon="82.212465"><ele>2397</ele></trkpt>
      <trkpt lat="43.026088" lon="82.212598"><ele>2395</ele></trkpt>
      <trkpt lat="43.026079" lon="82.212801"><ele>2392</ele></trkpt>
      <trkpt lat="43.026052" lon="82.212995"><ele>2389</ele></trkpt>
      <trkpt lat="43.02606" lon="82.213116"><ele>2388</ele></trkpt>
      <trkpt lat="43.026047" lon="82.213118"><ele>2387</ele></trkpt>
      <trkpt lat="43.026048" lon="82.213155"><ele>2387</ele></trkpt>
      <trkpt lat="43.026032" lon="82.213216"><ele>2386</ele></trkpt>
      <trkpt lat="43.026037" lon="82.213286"><ele>2384</ele></trkpt>
      <trkpt lat="43.026083" lon="82.213482"><ele>2382</ele></trkpt>
      <trkpt lat="43.026044" lon="82.213704"><ele>2378</ele></trkpt>
      <trkpt lat="43.026048" lon="82.213731"><ele>2378</ele></trkpt>
      <trkpt lat="43.026043" lon="82.213719"><ele>2378</ele></trkpt>
      <trkpt lat="43.02606" lon="82.213751"><ele>2378</ele></trkpt>
      <trkpt lat="43.0261" lon="82.213789"><ele>2378</ele></trkpt>
      <trkpt lat="43.026309" lon="82.214158"><ele>2383</ele></trkpt>
      <trkpt lat="43.026316" lon="82.214155"><ele>2383</ele></trkpt>
      <trkpt lat="43.026341" lon="82.214189"><ele>2383</ele></trkpt>
      <trkpt lat="43.026359" lon="82.21419"><ele>2383</ele></trkpt>
      <trkpt lat="43.026423" lon="82.214249"><ele>2383</ele></trkpt>
      <trkpt lat="43.02652" lon="82.214309"><ele>2382</ele></trkpt>
      <trkpt lat="43.026604" lon="82.214352"><ele>2381</ele></trkpt>
      <trkpt lat="43.026643" lon="82.214358"><ele>2379</ele></trkpt>
      <trkpt lat="43.026637" lon="82.214359"><ele>2379</ele></trkpt>
      <trkpt lat="43.02665" lon="82.214373"><ele>2379</ele></trkpt>
      <trkpt lat="43.026834" lon="82.214423"><ele>2378</ele></trkpt>
      <trkpt lat="43.026874" lon="82.214444"><ele>2377</ele></trkpt>
      <trkpt lat="43.026922" lon="82.214488"><ele>2375</ele></trkpt>
      <trkpt lat="43.027022" lon="82.214532"><ele>2375</ele></trkpt>
      <trkpt lat="43.027062" lon="82.214582"><ele>2375</ele></trkpt>
      <trkpt lat="43.027102" lon="82.214607"><ele>2374</ele></trkpt>
      <trkpt lat="43.027236" lon="82.214637"><ele>2377</ele></trkpt>
      <trkpt lat="43.02727" lon="82.214655"><ele>2378</ele></trkpt>
      <trkpt lat="43.027321" lon="82.214703"><ele>2381</ele></trkpt>
      <trkpt lat="43.027355" lon="82.214705"><ele>2382</ele></trkpt>
      <trkpt lat="43.027392" lon="82.214743"><ele>2385</ele></trkpt>
      <trkpt lat="43.02747" lon="82.214774"><ele>2387</ele></trkpt>
      <trkpt lat="43.02749" lon="82.214804"><ele>2388</ele></trkpt>
      <trkpt lat="43.027516" lon="82.214822"><ele>2389</ele></trkpt>
      <trkpt lat="43.027512" lon="82.214851"><ele>2390</ele></trkpt>
      <trkpt lat="43.02754" lon="82.21489"><ele>2390</ele></trkpt>
      <trkpt lat="43.027557" lon="82.214882"><ele>2391</ele></trkpt>
      <trkpt lat="43.02756" lon="82.214898"><ele>2392</ele></trkpt>
      <trkpt lat="43.027556" lon="82.214883"><ele>2392</ele></trkpt>
      <trkpt lat="43.027598" lon="82.214923"><ele>2393</ele></trkpt>
      <trkpt lat="43.027602" lon="82.214957"><ele>2393</ele></trkpt>
      <trkpt lat="43.027642" lon="82.215022"><ele>2396</ele></trkpt>
      <trkpt lat="43.027649" lon="82.215013"><ele>2396</ele></trkpt>
      <trkpt lat="43.027642" lon="82.215022"><ele>2396</ele></trkpt>
      <trkpt lat="43.027648" lon="82.215013"><ele>2396</ele></trkpt>
      <trkpt lat="43.027639" lon="82.215013"><ele>2396</ele></trkpt>
      <trkpt lat="43.027602" lon="82.215146"><ele>2395</ele></trkpt>
      <trkpt lat="43.027549" lon="82.21526"><ele>2393</ele></trkpt>
      <trkpt lat="43.027413" lon="82.215445"><ele>2387</ele></trkpt>
      <trkpt lat="43.02735" lon="82.215496"><ele>2385</ele></trkpt>
      <trkpt lat="43.027301" lon="82.215517"><ele>2382</ele></trkpt>
      <trkpt lat="43.027231" lon="82.215614"><ele>2381</ele></trkpt>
      <trkpt lat="43.0272" lon="82.215638"><ele>2380</ele></trkpt>
      <trkpt lat="43.027163" lon="82.215697"><ele>2379</ele></trkpt>
      <trkpt lat="43.027132" lon="82.215778"><ele>2378</ele></trkpt>
      <trkpt lat="43.027087" lon="82.215837"><ele>2376</ele></trkpt>
      <trkpt lat="43.027039" lon="82.215936"><ele>2374</ele></trkpt>
      <trkpt lat="43.026965" lon="82.215975"><ele>2372</ele></trkpt>
      <trkpt lat="43.0269" lon="82.216028"><ele>2370</ele></trkpt>
      <trkpt lat="43.026762" lon="82.216172"><ele>2366</ele></trkpt>
      <trkpt lat="43.026696" lon="82.216196"><ele>2365</ele></trkpt>
      <trkpt lat="43.026545" lon="82.216222"><ele>2362</ele></trkpt>
      <trkpt lat="43.026168" lon="82.216389"><ele>2351</ele></trkpt>
      <trkpt lat="43.026136" lon="82.216444"><ele>2351</ele></trkpt>
      <trkpt lat="43.026103" lon="82.216468"><ele>2350</ele></trkpt>
      <trkpt lat="43.026045" lon="82.216538"><ele>2348</ele></trkpt>
      <trkpt lat="43.026043" lon="82.216559"><ele>2348</ele></trkpt>
      <trkpt lat="43.026015" lon="82.216594"><ele>2347</ele></trkpt>
      <trkpt lat="43.026008" lon="82.216636"><ele>2346</ele></trkpt>
      <trkpt lat="43.025962" lon="82.216714"><ele>2344</ele></trkpt>
      <trkpt lat="43.025872" lon="82.216821"><ele>2340</ele></trkpt>
      <trkpt lat="43.025851" lon="82.21693"><ele>2339</ele></trkpt>
      <trkpt lat="43.025788" lon="82.217125"><ele>2337</ele></trkpt>
      <trkpt lat="43.025779" lon="82.217254"><ele>2336</ele></trkpt>
      <trkpt lat="43.025711" lon="82.217484"><ele>2333</ele></trkpt>
      <trkpt lat="43.025721" lon="82.217552"><ele>2333</ele></trkpt>
      <trkpt lat="43.025692" lon="82.217609"><ele>2332</ele></trkpt>
      <trkpt lat="43.025651" lon="82.217656"><ele>2330</ele></trkpt>
      <trkpt lat="43.02563" lon="82.217753"><ele>2330</ele></trkpt>
      <trkpt lat="43.025639" lon="82.217859"><ele>2329</ele></trkpt>
      <trkpt lat="43.025825" lon="82.218273"><ele>2327</ele></trkpt>
      <trkpt lat="43.025858" lon="82.218464"><ele>2325</ele></trkpt>
      <trkpt lat="43.025852" lon="82.218482"><ele>2325</ele></trkpt>
      <trkpt lat="43.025874" lon="82.218573"><ele>2325</ele></trkpt>
      <trkpt lat="43.025941" lon="82.21897"><ele>2323</ele></trkpt>
      <trkpt lat="43.026004" lon="82.219078"><ele>2322</ele></trkpt>
      <trkpt lat="43.026046" lon="82.219126"><ele>2321</ele></trkpt>
      <trkpt lat="43.026081" lon="82.219229"><ele>2321</ele></trkpt>
      <trkpt lat="43.026124" lon="82.219313"><ele>2321</ele></trkpt>
      <trkpt lat="43.026135" lon="82.219383"><ele>2321</ele></trkpt>
      <trkpt lat="43.026142" lon="82.219586"><ele>2321</ele></trkpt>
      <trkpt lat="43.026156" lon="82.219661"><ele>2321</ele></trkpt>
      <trkpt lat="43.026214" lon="82.21981"><ele>2321</ele></trkpt>
      <trkpt lat="43.026234" lon="82.219883"><ele>2320</ele></trkpt>
      <trkpt lat="43.026277" lon="82.22016"><ele>2319</ele></trkpt>
      <trkpt lat="43.026307" lon="82.22025"><ele>2319</ele></trkpt>
      <trkpt lat="43.026366" lon="82.220512"><ele>2319</ele></trkpt>
      <trkpt lat="43.026369" lon="82.220576"><ele>2319</ele></trkpt>
      <trkpt lat="43.026392" lon="82.220689"><ele>2319</ele></trkpt>
      <trkpt lat="43.026381" lon="82.221232"><ele>2319</ele></trkpt>
      <trkpt lat="43.026368" lon="82.221457"><ele>2319</ele></trkpt>
      <trkpt lat="43.026374" lon="82.221774"><ele>2319</ele></trkpt>
      <trkpt lat="43.026357" lon="82.221871"><ele>2319</ele></trkpt>
      <trkpt lat="43.026351" lon="82.221977"><ele>2319</ele></trkpt>
      <trkpt lat="43.026371" lon="82.222056"><ele>2319</ele></trkpt>
      <trkpt lat="43.02641" lon="82.222149"><ele>2319</ele></trkpt>
      <trkpt lat="43.026429" lon="82.222237"><ele>2318</ele></trkpt>
      <trkpt lat="43.026412" lon="82.222405"><ele>2319</ele></trkpt>
      <trkpt lat="43.026441" lon="82.222497"><ele>2318</ele></trkpt>
      <trkpt lat="43.02644" lon="82.222588"><ele>2317</ele></trkpt>
      <trkpt lat="43.02643" lon="82.222607"><ele>2317</ele></trkpt>
      <trkpt lat="43.026479" lon="82.222734"><ele>2315</ele></trkpt>
      <trkpt lat="43.026526" lon="82.222895"><ele>2313</ele></trkpt>
      <trkpt lat="43.026541" lon="82.223067"><ele>2311</ele></trkpt>
      <trkpt lat="43.026534" lon="82.223284"><ele>2308</ele></trkpt>
      <trkpt lat="43.026443" lon="82.223684"><ele>2305</ele></trkpt>
      <trkpt lat="43.026497" lon="82.223877"><ele>2303</ele></trkpt>
      <trkpt lat="43.02653" lon="82.223933"><ele>2302</ele></trkpt>
      <trkpt lat="43.026644" lon="82.224054"><ele>2297</ele></trkpt>
      <trkpt lat="43.026677" lon="82.224042"><ele>2297</ele></trkpt>
      <trkpt lat="43.026693" lon="82.224048"><ele>2296</ele></trkpt>
      <trkpt lat="43.026716" lon="82.224076"><ele>2295</ele></trkpt>
      <trkpt lat="43.026803" lon="82.224137"><ele>2293</ele></trkpt>
      <trkpt lat="43.026853" lon="82.224209"><ele>2292</ele></trkpt>
      <trkpt lat="43.02695" lon="82.224257"><ele>2291</ele></trkpt>
      <trkpt lat="43.027004" lon="82.224347"><ele>2290</ele></trkpt>
      <trkpt lat="43.027011" lon="82.224413"><ele>2290</ele></trkpt>
      <trkpt lat="43.026998" lon="82.224556"><ele>2292</ele></trkpt>
      <trkpt lat="43.026863" lon="82.224736"><ele>2296</ele></trkpt>
      <trkpt lat="43.026821" lon="82.224737"><ele>2298</ele></trkpt>
      <trkpt lat="43.026805" lon="82.224711"><ele>2299</ele></trkpt>
      <trkpt lat="43.026732" lon="82.224683"><ele>2300</ele></trkpt>
      <trkpt lat="43.026658" lon="82.224689"><ele>2300</ele></trkpt>
      <trkpt lat="43.026519" lon="82.224748"><ele>2301</ele></trkpt>
      <trkpt lat="43.026427" lon="82.224848"><ele>2303</ele></trkpt>
      <trkpt lat="43.026392" lon="82.224833"><ele>2303</ele></trkpt>
      <trkpt lat="43.026345" lon="82.22487"><ele>2305</ele></trkpt>
      <trkpt lat="43.026316" lon="82.224928"><ele>2306</ele></trkpt>
      <trkpt lat="43.026256" lon="82.225117"><ele>2306</ele></trkpt>
      <trkpt lat="43.026226" lon="82.225347"><ele>2305</ele></trkpt>
      <trkpt lat="43.026183" lon="82.225483"><ele>2304</ele></trkpt>
      <trkpt lat="43.026137" lon="82.225609"><ele>2304</ele></trkpt>
      <trkpt lat="43.026039" lon="82.225813"><ele>2304</ele></trkpt>
      <trkpt lat="43.025992" lon="82.225963"><ele>2303</ele></trkpt>
      <trkpt lat="43.025951" lon="82.226141"><ele>2302</ele></trkpt>
      <trkpt lat="43.025946" lon="82.226226"><ele>2302</ele></trkpt>
      <trkpt lat="43.025958" lon="82.226847"><ele>2298</ele></trkpt>
      <trkpt lat="43.025976" lon="82.226943"><ele>2299</ele></trkpt>
      <trkpt lat="43.025968" lon="82.22716"><ele>2298</ele></trkpt>
      <trkpt lat="43.025947" lon="82.227278"><ele>2297</ele></trkpt>
      <trkpt lat="43.025895" lon="82.227731"><ele>2296</ele></trkpt>
      <trkpt lat="43.025886" lon="82.227841"><ele>2295</ele></trkpt>
      <trkpt lat="43.025894" lon="82.227941"><ele>2296</ele></trkpt>
      <trkpt lat="43.025883" lon="82.227999"><ele>2296</ele></trkpt>
      <trkpt lat="43.025876" lon="82.228169"><ele>2294</ele></trkpt>
      <trkpt lat="43.02585" lon="82.228295"><ele>2294</ele></trkpt>
      <trkpt lat="43.025817" lon="82.228543"><ele>2293</ele></trkpt>
      <trkpt lat="43.025789" lon="82.22867"><ele>2293</ele></trkpt>
      <trkpt lat="43.025747" lon="82.228783"><ele>2293</ele></trkpt>
      <trkpt lat="43.025718" lon="82.22895"><ele>2293</ele></trkpt>
      <trkpt lat="43.025633" lon="82.22927"><ele>2294</ele></trkpt>
      <trkpt lat="43.025579" lon="82.229441"><ele>2294</ele></trkpt>
      <trkpt lat="43.025519" lon="82.229744"><ele>2296</ele></trkpt>
      <trkpt lat="43.02548" lon="82.229831"><ele>2295</ele></trkpt>
      <trkpt lat="43.025482" lon="82.229849"><ele>2296</ele></trkpt>
      <trkpt lat="43.025412" lon="82.2302"><ele>2295</ele></trkpt>
      <trkpt lat="43.025287" lon="82.230732"><ele>2296</ele></trkpt>
      <trkpt lat="43.025269" lon="82.230869"><ele>2297</ele></trkpt>
      <trkpt lat="43.025244" lon="82.231231"><ele>2296</ele></trkpt>
      <trkpt lat="43.025232" lon="82.231705"><ele>2297</ele></trkpt>
      <trkpt lat="43.025239" lon="82.231848"><ele>2297</ele></trkpt>
      <trkpt lat="43.025257" lon="82.231916"><ele>2297</ele></trkpt>
      <trkpt lat="43.025242" lon="82.231939"><ele>2297</ele></trkpt>
      <trkpt lat="43.025235" lon="82.23203"><ele>2297</ele></trkpt>
      <trkpt lat="43.025255" lon="82.232088"><ele>2297</ele></trkpt>
      <trkpt lat="43.025333" lon="82.232439"><ele>2296</ele></trkpt>
      <trkpt lat="43.025357" lon="82.232492"><ele>2297</ele></trkpt>
      <trkpt lat="43.025406" lon="82.232715"><ele>2297</ele></trkpt>
      <trkpt lat="43.025395" lon="82.232797"><ele>2297</ele></trkpt>
      <trkpt lat="43.025492" lon="82.233413"><ele>2299</ele></trkpt>
      <trkpt lat="43.025472" lon="82.233604"><ele>2299</ele></trkpt>
      <trkpt lat="43.025495" lon="82.23364"><ele>2299</ele></trkpt>
      <trkpt lat="43.025515" lon="82.23365"><ele>2299</ele></trkpt>
      <trkpt lat="43.025549" lon="82.233858"><ele>2298</ele></trkpt>
      <trkpt lat="43.025626" lon="82.234149"><ele>2297</ele></trkpt>
      <trkpt lat="43.025664" lon="82.234251"><ele>2297</ele></trkpt>
      <trkpt lat="43.02571" lon="82.234425"><ele>2296</ele></trkpt>
      <trkpt lat="43.025844" lon="82.23504"><ele>2295</ele></trkpt>
      <trkpt lat="43.025896" lon="82.235205"><ele>2295</ele></trkpt>
      <trkpt lat="43.025859" lon="82.235075"><ele>2295</ele></trkpt>
      <trkpt lat="43.025863" lon="82.23506"><ele>2295</ele></trkpt>
      <trkpt lat="43.025978" lon="82.235538"><ele>2295</ele></trkpt>
      <trkpt lat="43.026027" lon="82.235696"><ele>2294</ele></trkpt>
      <trkpt lat="43.026079" lon="82.235954"><ele>2294</ele></trkpt>
      <trkpt lat="43.026132" lon="82.236113"><ele>2295</ele></trkpt>
      <trkpt lat="43.026135" lon="82.236175"><ele>2294</ele></trkpt>
      <trkpt lat="43.026166" lon="82.236228"><ele>2294</ele></trkpt>
      <trkpt lat="43.026308" lon="82.236699"><ele>2295</ele></trkpt>
      <trkpt lat="43.026332" lon="82.236802"><ele>2295</ele></trkpt>
      <trkpt lat="43.026354" lon="82.236982"><ele>2295</ele></trkpt>
      <trkpt lat="43.026385" lon="82.237088"><ele>2295</ele></trkpt>
      <trkpt lat="43.026424" lon="82.23719"><ele>2295</ele></trkpt>
      <trkpt lat="43.026463" lon="82.237258"><ele>2295</ele></trkpt>
      <trkpt lat="43.026466" lon="82.237293"><ele>2294</ele></trkpt>
      <trkpt lat="43.026483" lon="82.237325"><ele>2295</ele></trkpt>
      <trkpt lat="43.026628" lon="82.23754"><ele>2293</ele></trkpt>
      <trkpt lat="43.026712" lon="82.237634"><ele>2293</ele></trkpt>
      <trkpt lat="43.026842" lon="82.237889"><ele>2291</ele></trkpt>
      <trkpt lat="43.026897" lon="82.238047"><ele>2292</ele></trkpt>
      <trkpt lat="43.026901" lon="82.238129"><ele>2292</ele></trkpt>
      <trkpt lat="43.02699" lon="82.238507"><ele>2292</ele></trkpt>
      <trkpt lat="43.027005" lon="82.238606"><ele>2292</ele></trkpt>
      <trkpt lat="43.027062" lon="82.238726"><ele>2293</ele></trkpt>
      <trkpt lat="43.027112" lon="82.238793"><ele>2293</ele></trkpt>
      <trkpt lat="43.027144" lon="82.238879"><ele>2293</ele></trkpt>
      <trkpt lat="43.027267" lon="82.239251"><ele>2291</ele></trkpt>
      <trkpt lat="43.027312" lon="82.239439"><ele>2291</ele></trkpt>
      <trkpt lat="43.027379" lon="82.239606"><ele>2290</ele></trkpt>
      <trkpt lat="43.027423" lon="82.239678"><ele>2290</ele></trkpt>
      <trkpt lat="43.02747" lon="82.239865"><ele>2290</ele></trkpt>
      <trkpt lat="43.027505" lon="82.23994"><ele>2290</ele></trkpt>
      <trkpt lat="43.027613" lon="82.240284"><ele>2290</ele></trkpt>
      <trkpt lat="43.027718" lon="82.240567"><ele>2291</ele></trkpt>
      <trkpt lat="43.027757" lon="82.240729"><ele>2291</ele></trkpt>
      <trkpt lat="43.027878" lon="82.240986"><ele>2291</ele></trkpt>
      <trkpt lat="43.028052" lon="82.241408"><ele>2291</ele></trkpt>
      <trkpt lat="43.028108" lon="82.241563"><ele>2291</ele></trkpt>
      <trkpt lat="43.028242" lon="82.241851"><ele>2292</ele></trkpt>
      <trkpt lat="43.028292" lon="82.241932"><ele>2293</ele></trkpt>
      <trkpt lat="43.028399" lon="82.242048"><ele>2293</ele></trkpt>
      <trkpt lat="43.028448" lon="82.242126"><ele>2293</ele></trkpt>
      <trkpt lat="43.028706" lon="82.242309"><ele>2292</ele></trkpt>
      <trkpt lat="43.028997" lon="82.242468"><ele>2289</ele></trkpt>
      <trkpt lat="43.029065" lon="82.24248"><ele>2288</ele></trkpt>
      <trkpt lat="43.029158" lon="82.242476"><ele>2287</ele></trkpt>
      <trkpt lat="43.02925" lon="82.242525"><ele>2285</ele></trkpt>
      <trkpt lat="43.029344" lon="82.242546"><ele>2284</ele></trkpt>
      <trkpt lat="43.029488" lon="82.242538"><ele>2282</ele></trkpt>
      <trkpt lat="43.029563" lon="82.242561"><ele>2281</ele></trkpt>
      <trkpt lat="43.029638" lon="82.242627"><ele>2280</ele></trkpt>
      <trkpt lat="43.029803" lon="82.242707"><ele>2280</ele></trkpt>
      <trkpt lat="43.029838" lon="82.242712"><ele>2280</ele></trkpt>
      <trkpt lat="43.029875" lon="82.242693"><ele>2281</ele></trkpt>
      <trkpt lat="43.029861" lon="82.24269"><ele>2281</ele></trkpt>
      <trkpt lat="43.029874" lon="82.242685"><ele>2282</ele></trkpt>
      <trkpt lat="43.029919" lon="82.242697"><ele>2281</ele></trkpt>
      <trkpt lat="43.029919" lon="82.242588"><ele>2282</ele></trkpt>
      <trkpt lat="43.029928" lon="82.242555"><ele>2283</ele></trkpt>
      <trkpt lat="43.029918" lon="82.24252"><ele>2284</ele></trkpt>
      <trkpt lat="43.029921" lon="82.242408"><ele>2288</ele></trkpt>
      <trkpt lat="43.029895" lon="82.242313"><ele>2288</ele></trkpt>
      <trkpt lat="43.029878" lon="82.242328"><ele>2288</ele></trkpt>
      <trkpt lat="43.029901" lon="82.242369"><ele>2287</ele></trkpt>
      <trkpt lat="43.029899" lon="82.242407"><ele>2287</ele></trkpt>
      <trkpt lat="43.029881" lon="82.242461"><ele>2287</ele></trkpt>
      <trkpt lat="43.029879" lon="82.242527"><ele>2285</ele></trkpt>
      <trkpt lat="43.029884" lon="82.242623"><ele>2283</ele></trkpt>
      <trkpt lat="43.029895" lon="82.242679"><ele>2282</ele></trkpt>
      <trkpt lat="43.029908" lon="82.242691"><ele>2281</ele></trkpt>
      <trkpt lat="43.029902" lon="82.242687"><ele>2281</ele></trkpt>
      <trkpt lat="43.029917" lon="82.242678"><ele>2282</ele></trkpt>
      <trkpt lat="43.029902" lon="82.242697"><ele>2282</ele></trkpt>
      <trkpt lat="43.030279" lon="82.242658"><ele>2278</ele></trkpt>
      <trkpt lat="43.030261" lon="82.242656"><ele>2277</ele></trkpt>
      <trkpt lat="43.030381" lon="82.242621"><ele>2277</ele></trkpt>
      <trkpt lat="43.030448" lon="82.242659"><ele>2275</ele></trkpt>
      <trkpt lat="43.030522" lon="82.242732"><ele>2273</ele></trkpt>
      <trkpt lat="43.030582" lon="82.242728"><ele>2271</ele></trkpt>
      <trkpt lat="43.030622" lon="82.242758"><ele>2270</ele></trkpt>
      <trkpt lat="43.030615" lon="82.242769"><ele>2269</ele></trkpt>
      <trkpt lat="43.030655" lon="82.242792"><ele>2270</ele></trkpt>
      <trkpt lat="43.030667" lon="82.242811"><ele>2270</ele></trkpt>
      <trkpt lat="43.030658" lon="82.242794"><ele>2269</ele></trkpt>
      <trkpt lat="43.030651" lon="82.242796"><ele>2269</ele></trkpt>
      <trkpt lat="43.030682" lon="82.242775"><ele>2268</ele></trkpt>
      <trkpt lat="43.030791" lon="82.242789"><ele>2265</ele></trkpt>
      <trkpt lat="43.030804" lon="82.242778"><ele>2264</ele></trkpt>
      <trkpt lat="43.030814" lon="82.242783"><ele>2264</ele></trkpt>
      <trkpt lat="43.030905" lon="82.242849"><ele>2261</ele></trkpt>
      <trkpt lat="43.031066" lon="82.242996"><ele>2259</ele></trkpt>
      <trkpt lat="43.031078" lon="82.243043"><ele>2259</ele></trkpt>
      <trkpt lat="43.031037" lon="82.243102"><ele>2259</ele></trkpt>
      <trkpt lat="43.031014" lon="82.243228"><ele>2260</ele></trkpt>
      <trkpt lat="43.030991" lon="82.243256"><ele>2259</ele></trkpt>
      <trkpt lat="43.03095" lon="82.243341"><ele>2259</ele></trkpt>
      <trkpt lat="43.03085" lon="82.243603"><ele>2262</ele></trkpt>
      <trkpt lat="43.03085" lon="82.243595"><ele>2262</ele></trkpt>
      <trkpt lat="43.030824" lon="82.243615"><ele>2262</ele></trkpt>
      <trkpt lat="43.030736" lon="82.24382"><ele>2265</ele></trkpt>
      <trkpt lat="43.030655" lon="82.243951"><ele>2269</ele></trkpt>
      <trkpt lat="43.030646" lon="82.243987"><ele>2269</ele></trkpt>
      <trkpt lat="43.030627" lon="82.244007"><ele>2270</ele></trkpt>
      <trkpt lat="43.030635" lon="82.244023"><ele>2271</ele></trkpt>
      <trkpt lat="43.030615" lon="82.244028"><ele>2271</ele></trkpt>
      <trkpt lat="43.030571" lon="82.244091"><ele>2273</ele></trkpt>
      <trkpt lat="43.030581" lon="82.244131"><ele>2273</ele></trkpt>
      <trkpt lat="43.03059" lon="82.244139"><ele>2274</ele></trkpt>
      <trkpt lat="43.030581" lon="82.244179"><ele>2275</ele></trkpt>
      <trkpt lat="43.030538" lon="82.24423"><ele>2277</ele></trkpt>
      <trkpt lat="43.030518" lon="82.244226"><ele>2277</ele></trkpt>
      <trkpt lat="43.030489" lon="82.244196"><ele>2278</ele></trkpt>
      <trkpt lat="43.030495" lon="82.244196"><ele>2278</ele></trkpt>
      <trkpt lat="43.030489" lon="82.244212"><ele>2278</ele></trkpt>
      <trkpt lat="43.030458" lon="82.24424"><ele>2278</ele></trkpt>
      <trkpt lat="43.030442" lon="82.244269"><ele>2279</ele></trkpt>
      <trkpt lat="43.030307" lon="82.244305"><ele>2283</ele></trkpt>
      <trkpt lat="43.030307" lon="82.244346"><ele>2284</ele></trkpt>
      <trkpt lat="43.030297" lon="82.244379"><ele>2285</ele></trkpt>
      <trkpt lat="43.030255" lon="82.244438"><ele>2287</ele></trkpt>
      <trkpt lat="43.030232" lon="82.244458"><ele>2288</ele></trkpt>
      <trkpt lat="43.03019" lon="82.244473"><ele>2289</ele></trkpt>
      <trkpt lat="43.030186" lon="82.244504"><ele>2290</ele></trkpt>
      <trkpt lat="43.030168" lon="82.244539"><ele>2291</ele></trkpt>
      <trkpt lat="43.030138" lon="82.244571"><ele>2292</ele></trkpt>
      <trkpt lat="43.030098" lon="82.244582"><ele>2294</ele></trkpt>
      <trkpt lat="43.030082" lon="82.24453"><ele>2295</ele></trkpt>
      <trkpt lat="43.030026" lon="82.244493"><ele>2294</ele></trkpt>
      <trkpt lat="43.02999" lon="82.244498"><ele>2294</ele></trkpt>
      <trkpt lat="43.029979" lon="82.244488"><ele>2295</ele></trkpt>
      <trkpt lat="43.029936" lon="82.244485"><ele>2295</ele></trkpt>
      <trkpt lat="43.029931" lon="82.244493"><ele>2295</ele></trkpt>
      <trkpt lat="43.029804" lon="82.244496"><ele>2293</ele></trkpt>
      <trkpt lat="43.029621" lon="82.244466"><ele>2294</ele></trkpt>
      <trkpt lat="43.029494" lon="82.244428"><ele>2294</ele></trkpt>
      <trkpt lat="43.029388" lon="82.244437"><ele>2294</ele></trkpt>
      <trkpt lat="43.029169" lon="82.244577"><ele>2295</ele></trkpt>
      <trkpt lat="43.029111" lon="82.244643"><ele>2295</ele></trkpt>
      <trkpt lat="43.028996" lon="82.244731"><ele>2295</ele></trkpt>
      <trkpt lat="43.028899" lon="82.244777"><ele>2296</ele></trkpt>
      <trkpt lat="43.028862" lon="82.244783"><ele>2296</ele></trkpt>
      <trkpt lat="43.028729" lon="82.244852"><ele>2297</ele></trkpt>
      <trkpt lat="43.028529" lon="82.244996"><ele>2298</ele></trkpt>
      <trkpt lat="43.028365" lon="82.245084"><ele>2299</ele></trkpt>
      <trkpt lat="43.028314" lon="82.2451"><ele>2299</ele></trkpt>
      <trkpt lat="43.028285" lon="82.245122"><ele>2299</ele></trkpt>
      <trkpt lat="43.028146" lon="82.245184"><ele>2299</ele></trkpt>
      <trkpt lat="43.027909" lon="82.245384"><ele>2302</ele></trkpt>
      <trkpt lat="43.027797" lon="82.245561"><ele>2303</ele></trkpt>
      <trkpt lat="43.027707" lon="82.245678"><ele>2306</ele></trkpt>
      <trkpt lat="43.027686" lon="82.245767"><ele>2308</ele></trkpt>
      <trkpt lat="43.027672" lon="82.245798"><ele>2308</ele></trkpt>
      <trkpt lat="43.027653" lon="82.245808"><ele>2308</ele></trkpt>
      <trkpt lat="43.027601" lon="82.245938"><ele>2310</ele></trkpt>
      <trkpt lat="43.027591" lon="82.245972"><ele>2310</ele></trkpt>
      <trkpt lat="43.027589" lon="82.246054"><ele>2311</ele></trkpt>
      <trkpt lat="43.02754" lon="82.246211"><ele>2313</ele></trkpt>
      <trkpt lat="43.027504" lon="82.24631"><ele>2314</ele></trkpt>
      <trkpt lat="43.027484" lon="82.246312"><ele>2314</ele></trkpt>
      <trkpt lat="43.027458" lon="82.246395"><ele>2314</ele></trkpt>
      <trkpt lat="43.027461" lon="82.246429"><ele>2315</ele></trkpt>
      <trkpt lat="43.027448" lon="82.246529"><ele>2315</ele></trkpt>
      <trkpt lat="43.02743" lon="82.246596"><ele>2315</ele></trkpt>
      <trkpt lat="43.02742" lon="82.246678"><ele>2315</ele></trkpt>
      <trkpt lat="43.027349" lon="82.246667"><ele>2315</ele></trkpt>
      <trkpt lat="43.027397" lon="82.246673"><ele>2316</ele></trkpt>
      <trkpt lat="43.027405" lon="82.246702"><ele>2316</ele></trkpt>
      <trkpt lat="43.027386" lon="82.24702"><ele>2317</ele></trkpt>
      <trkpt lat="43.027386" lon="82.24706"><ele>2317</ele></trkpt>
      <trkpt lat="43.027395" lon="82.247087"><ele>2317</ele></trkpt>
      <trkpt lat="43.027388" lon="82.247371"><ele>2319</ele></trkpt>
      <trkpt lat="43.027441" lon="82.247989"><ele>2324</ele></trkpt>
      <trkpt lat="43.027436" lon="82.248026"><ele>2324</ele></trkpt>
      <trkpt lat="43.027443" lon="82.248093"><ele>2324</ele></trkpt>
      <trkpt lat="43.02742" lon="82.248125"><ele>2324</ele></trkpt>
      <trkpt lat="43.027433" lon="82.248146"><ele>2325</ele></trkpt>
      <trkpt lat="43.027474" lon="82.24838"><ele>2326</ele></trkpt>
      <trkpt lat="43.027513" lon="82.248535"><ele>2327</ele></trkpt>
      <trkpt lat="43.027543" lon="82.248745"><ele>2329</ele></trkpt>
      <trkpt lat="43.027549" lon="82.248922"><ele>2329</ele></trkpt>
      <trkpt lat="43.027561" lon="82.248993"><ele>2330</ele></trkpt>
      <trkpt lat="43.027561" lon="82.249095"><ele>2330</ele></trkpt>
      <trkpt lat="43.027585" lon="82.24928"><ele>2331</ele></trkpt>
      <trkpt lat="43.027591" lon="82.249623"><ele>2332</ele></trkpt>
      <trkpt lat="43.027606" lon="82.249887"><ele>2333</ele></trkpt>
      <trkpt lat="43.027631" lon="82.249961"><ele>2333</ele></trkpt>
      <trkpt lat="43.027655" lon="82.250177"><ele>2333</ele></trkpt>
      <trkpt lat="43.027681" lon="82.250305"><ele>2334</ele></trkpt>
      <trkpt lat="43.027678" lon="82.250325"><ele>2334</ele></trkpt>
      <trkpt lat="43.027697" lon="82.250377"><ele>2333</ele></trkpt>
      <trkpt lat="43.027704" lon="82.250602"><ele>2334</ele></trkpt>
      <trkpt lat="43.027722" lon="82.250674"><ele>2334</ele></trkpt>
      <trkpt lat="43.02773" lon="82.250768"><ele>2335</ele></trkpt>
      <trkpt lat="43.027754" lon="82.250848"><ele>2335</ele></trkpt>
      <trkpt lat="43.027775" lon="82.250985"><ele>2335</ele></trkpt>
      <trkpt lat="43.027763" lon="82.250983"><ele>2335</ele></trkpt>
      <trkpt lat="43.027827" lon="82.251275"><ele>2336</ele></trkpt>
      <trkpt lat="43.027791" lon="82.251379"><ele>2336</ele></trkpt>
      <trkpt lat="43.027791" lon="82.251433"><ele>2335</ele></trkpt>
      <trkpt lat="43.027805" lon="82.251536"><ele>2335</ele></trkpt>
      <trkpt lat="43.027839" lon="82.251682"><ele>2336</ele></trkpt>
      <trkpt lat="43.027863" lon="82.251891"><ele>2337</ele></trkpt>
      <trkpt lat="43.027896" lon="82.251971"><ele>2337</ele></trkpt>
      <trkpt lat="43.027935" lon="82.252329"><ele>2339</ele></trkpt>
      <trkpt lat="43.027955" lon="82.252432"><ele>2340</ele></trkpt>
      <trkpt lat="43.027931" lon="82.252456"><ele>2341</ele></trkpt>
      <trkpt lat="43.027938" lon="82.25247"><ele>2341</ele></trkpt>
      <trkpt lat="43.027971" lon="82.252881"><ele>2343</ele></trkpt>
      <trkpt lat="43.027998" lon="82.252947"><ele>2344</ele></trkpt>
      <trkpt lat="43.028006" lon="82.253182"><ele>2345</ele></trkpt>
      <trkpt lat="43.028067" lon="82.253441"><ele>2347</ele></trkpt>
      <trkpt lat="43.028081" lon="82.253563"><ele>2347</ele></trkpt>
      <trkpt lat="43.028069" lon="82.253609"><ele>2348</ele></trkpt>
      <trkpt lat="43.028086" lon="82.253644"><ele>2348</ele></trkpt>
      <trkpt lat="43.028101" lon="82.253816"><ele>2348</ele></trkpt>
      <trkpt lat="43.028105" lon="82.253997"><ele>2348</ele></trkpt>
      <trkpt lat="43.028129" lon="82.254059"><ele>2348</ele></trkpt>
      <trkpt lat="43.02813" lon="82.254216"><ele>2348</ele></trkpt>
      <trkpt lat="43.028109" lon="82.25454"><ele>2346</ele></trkpt>
      <trkpt lat="43.028117" lon="82.254971"><ele>2347</ele></trkpt>
      <trkpt lat="43.028129" lon="82.255041"><ele>2347</ele></trkpt>
      <trkpt lat="43.028163" lon="82.255101"><ele>2348</ele></trkpt>
      <trkpt lat="43.028167" lon="82.255124"><ele>2348</ele></trkpt>
      <trkpt lat="43.028169" lon="82.255207"><ele>2348</ele></trkpt>
      <trkpt lat="43.028152" lon="82.255247"><ele>2348</ele></trkpt>
      <trkpt lat="43.028153" lon="82.255318"><ele>2348</ele></trkpt>
      <trkpt lat="43.028168" lon="82.255441"><ele>2348</ele></trkpt>
      <trkpt lat="43.0282" lon="82.255604"><ele>2349</ele></trkpt>
      <trkpt lat="43.028197" lon="82.255657"><ele>2349</ele></trkpt>
      <trkpt lat="43.028214" lon="82.255719"><ele>2349</ele></trkpt>
      <trkpt lat="43.028239" lon="82.255912"><ele>2350</ele></trkpt>
      <trkpt lat="43.028259" lon="82.25598"><ele>2350</ele></trkpt>
      <trkpt lat="43.028265" lon="82.256033"><ele>2350</ele></trkpt>
      <trkpt lat="43.028275" lon="82.256183"><ele>2351</ele></trkpt>
      <trkpt lat="43.028275" lon="82.256389"><ele>2352</ele></trkpt>
      <trkpt lat="43.028285" lon="82.256504"><ele>2353</ele></trkpt>
      <trkpt lat="43.028271" lon="82.256524"><ele>2353</ele></trkpt>
      <trkpt lat="43.028279" lon="82.256513"><ele>2352</ele></trkpt>
      <trkpt lat="43.028275" lon="82.25652"><ele>2351</ele></trkpt>
      <trkpt lat="43.028296" lon="82.256545"><ele>2352</ele></trkpt>
      <trkpt lat="43.028328" lon="82.256771"><ele>2353</ele></trkpt>
      <trkpt lat="43.028396" lon="82.257031"><ele>2353</ele></trkpt>
      <trkpt lat="43.028422" lon="82.257201"><ele>2353</ele></trkpt>
      <trkpt lat="43.028447" lon="82.257301"><ele>2354</ele></trkpt>
      <trkpt lat="43.028511" lon="82.257918"><ele>2356</ele></trkpt>
      <trkpt lat="43.028546" lon="82.258175"><ele>2357</ele></trkpt>
      <trkpt lat="43.028585" lon="82.258384"><ele>2357</ele></trkpt>
      <trkpt lat="43.028611" lon="82.258453"><ele>2357</ele></trkpt>
      <trkpt lat="43.028633" lon="82.258545"><ele>2358</ele></trkpt>
      <trkpt lat="43.028643" lon="82.258629"><ele>2358</ele></trkpt>
      <trkpt lat="43.028745" lon="82.259047"><ele>2359</ele></trkpt>
      <trkpt lat="43.02881" lon="82.259435"><ele>2361</ele></trkpt>
      <trkpt lat="43.028892" lon="82.25997"><ele>2359</ele></trkpt>
      <trkpt lat="43.028959" lon="82.260684"><ele>2359</ele></trkpt>
      <trkpt lat="43.029012" lon="82.261027"><ele>2361</ele></trkpt>
      <trkpt lat="43.029026" lon="82.261195"><ele>2362</ele></trkpt>
      <trkpt lat="43.029046" lon="82.261288"><ele>2362</ele></trkpt>
      <trkpt lat="43.02904" lon="82.261322"><ele>2362</ele></trkpt>
      <trkpt lat="43.029025" lon="82.261335"><ele>2360</ele></trkpt>
      <trkpt lat="43.029041" lon="82.261359"><ele>2360</ele></trkpt>
      <trkpt lat="43.02906" lon="82.261572"><ele>2360</ele></trkpt>
      <trkpt lat="43.029098" lon="82.261793"><ele>2360</ele></trkpt>
      <trkpt lat="43.029124" lon="82.262045"><ele>2362</ele></trkpt>
      <trkpt lat="43.029109" lon="82.262134"><ele>2362</ele></trkpt>
      <trkpt lat="43.02912" lon="82.262234"><ele>2363</ele></trkpt>
      <trkpt lat="43.029131" lon="82.262596"><ele>2364</ele></trkpt>
      <trkpt lat="43.029105" lon="82.262846"><ele>2365</ele></trkpt>
      <trkpt lat="43.029106" lon="82.262948"><ele>2366</ele></trkpt>
      <trkpt lat="43.02909" lon="82.263181"><ele>2365</ele></trkpt>
      <trkpt lat="43.0291" lon="82.263691"><ele>2366</ele></trkpt>
      <trkpt lat="43.029081" lon="82.263722"><ele>2366</ele></trkpt>
      <trkpt lat="43.029076" lon="82.263839"><ele>2367</ele></trkpt>
      <trkpt lat="43.029101" lon="82.26421"><ele>2367</ele></trkpt>
      <trkpt lat="43.029076" lon="82.2646"><ele>2369</ele></trkpt>
      <trkpt lat="43.02905" lon="82.26486"><ele>2371</ele></trkpt>
      <trkpt lat="43.029037" lon="82.265434"><ele>2374</ele></trkpt>
      <trkpt lat="43.029007" lon="82.265991"><ele>2374</ele></trkpt>
      <trkpt lat="43.028951" lon="82.266461"><ele>2375</ele></trkpt>
      <trkpt lat="43.028883" lon="82.266786"><ele>2378</ele></trkpt>
      <trkpt lat="43.028872" lon="82.266887"><ele>2378</ele></trkpt>
      <trkpt lat="43.028867" lon="82.267186"><ele>2378</ele></trkpt>
      <trkpt lat="43.028858" lon="82.267231"><ele>2378</ele></trkpt>
      <trkpt lat="43.028864" lon="82.267428"><ele>2378</ele></trkpt>
      <trkpt lat="43.028895" lon="82.267764"><ele>2379</ele></trkpt>
      <trkpt lat="43.028908" lon="82.268094"><ele>2379</ele></trkpt>
      <trkpt lat="43.028964" lon="82.268437"><ele>2379</ele></trkpt>
      <trkpt lat="43.028963" lon="82.268483"><ele>2379</ele></trkpt>
      <trkpt lat="43.028956" lon="82.268487"><ele>2379</ele></trkpt>
      <trkpt lat="43.028936" lon="82.268567"><ele>2378</ele></trkpt>
      <trkpt lat="43.028966" lon="82.26866"><ele>2378</ele></trkpt>
      <trkpt lat="43.029063" lon="82.26921"><ele>2377</ele></trkpt>
      <trkpt lat="43.029078" lon="82.269407"><ele>2378</ele></trkpt>
      <trkpt lat="43.029095" lon="82.269505"><ele>2379</ele></trkpt>
      <trkpt lat="43.029113" lon="82.269579"><ele>2379</ele></trkpt>
      <trkpt lat="43.029136" lon="82.269602"><ele>2379</ele></trkpt>
      <trkpt lat="43.029162" lon="82.26982"><ele>2380</ele></trkpt>
      <trkpt lat="43.029235" lon="82.270253"><ele>2380</ele></trkpt>
      <trkpt lat="43.029235" lon="82.270337"><ele>2380</ele></trkpt>
      <trkpt lat="43.029269" lon="82.270645"><ele>2380</ele></trkpt>
      <trkpt lat="43.029298" lon="82.270823"><ele>2380</ele></trkpt>
      <trkpt lat="43.029319" lon="82.270926"><ele>2380</ele></trkpt>
      <trkpt lat="43.029342" lon="82.270964"><ele>2380</ele></trkpt>
      <trkpt lat="43.029379" lon="82.271143"><ele>2380</ele></trkpt>
      <trkpt lat="43.029493" lon="82.271507"><ele>2380</ele></trkpt>
      <trkpt lat="43.029556" lon="82.271749"><ele>2379</ele></trkpt>
      <trkpt lat="43.029543" lon="82.271736"><ele>2379</ele></trkpt>
      <trkpt lat="43.029568" lon="82.271821"><ele>2379</ele></trkpt>
      <trkpt lat="43.029614" lon="82.272139"><ele>2378</ele></trkpt>
      <trkpt lat="43.029652" lon="82.272262"><ele>2378</ele></trkpt>
      <trkpt lat="43.029712" lon="82.272511"><ele>2378</ele></trkpt>
      <trkpt lat="43.02979" lon="82.272876"><ele>2377</ele></trkpt>
      <trkpt lat="43.029804" lon="82.273012"><ele>2377</ele></trkpt>
      <trkpt lat="43.029834" lon="82.273146"><ele>2377</ele></trkpt>
      <trkpt lat="43.029856" lon="82.273321"><ele>2377</ele></trkpt>
      <trkpt lat="43.029975" lon="82.273968"><ele>2377</ele></trkpt>
      <trkpt lat="43.030002" lon="82.274437"><ele>2380</ele></trkpt>
      <trkpt lat="43.030018" lon="82.274438"><ele>2379</ele></trkpt>
      <trkpt lat="43.030021" lon="82.274482"><ele>2379</ele></trkpt>
      <trkpt lat="43.030013" lon="82.274575"><ele>2380</ele></trkpt>
      <trkpt lat="43.030022" lon="82.274703"><ele>2380</ele></trkpt>
      <trkpt lat="43.030016" lon="82.274821"><ele>2380</ele></trkpt>
      <trkpt lat="43.030021" lon="82.274941"><ele>2381</ele></trkpt>
      <trkpt lat="43.029999" lon="82.275362"><ele>2382</ele></trkpt>
      <trkpt lat="43.030001" lon="82.275478"><ele>2382</ele></trkpt>
      <trkpt lat="43.030029" lon="82.275656"><ele>2382</ele></trkpt>
      <trkpt lat="43.030024" lon="82.276015"><ele>2382</ele></trkpt>
      <trkpt lat="43.030033" lon="82.27612"><ele>2382</ele></trkpt>
      <trkpt lat="43.030034" lon="82.276365"><ele>2382</ele></trkpt>
      <trkpt lat="43.030068" lon="82.276803"><ele>2384</ele></trkpt>
      <trkpt lat="43.030061" lon="82.277174"><ele>2385</ele></trkpt>
      <trkpt lat="43.030071" lon="82.277468"><ele>2386</ele></trkpt>
      <trkpt lat="43.030056" lon="82.277626"><ele>2386</ele></trkpt>
      <trkpt lat="43.030095" lon="82.278057"><ele>2388</ele></trkpt>
      <trkpt lat="43.030092" lon="82.278153"><ele>2388</ele></trkpt>
      <trkpt lat="43.030102" lon="82.278208"><ele>2388</ele></trkpt>
      <trkpt lat="43.03011" lon="82.278356"><ele>2388</ele></trkpt>
      <trkpt lat="43.030104" lon="82.278517"><ele>2388</ele></trkpt>
      <trkpt lat="43.030118" lon="82.278599"><ele>2388</ele></trkpt>
      <trkpt lat="43.030123" lon="82.278755"><ele>2388</ele></trkpt>
      <trkpt lat="43.030117" lon="82.278858"><ele>2389</ele></trkpt>
      <trkpt lat="43.030126" lon="82.278976"><ele>2389</ele></trkpt>
      <trkpt lat="43.030122" lon="82.279048"><ele>2389</ele></trkpt>
      <trkpt lat="43.030155" lon="82.279417"><ele>2388</ele></trkpt>
      <trkpt lat="43.030191" lon="82.279644"><ele>2387</ele></trkpt>
      <trkpt lat="43.030269" lon="82.280002"><ele>2387</ele></trkpt>
      <trkpt lat="43.030277" lon="82.280018"><ele>2387</ele></trkpt>
      <trkpt lat="43.030299" lon="82.280026"><ele>2388</ele></trkpt>
      <trkpt lat="43.030322" lon="82.280081"><ele>2388</ele></trkpt>
      <trkpt lat="43.030548" lon="82.280694"><ele>2387</ele></trkpt>
      <trkpt lat="43.030627" lon="82.280967"><ele>2386</ele></trkpt>
      <trkpt lat="43.030692" lon="82.281158"><ele>2386</ele></trkpt>
      <trkpt lat="43.030823" lon="82.281633"><ele>2385</ele></trkpt>
      <trkpt lat="43.031097" lon="82.282777"><ele>2382</ele></trkpt>
      <trkpt lat="43.031113" lon="82.282802"><ele>2382</ele></trkpt>
      <trkpt lat="43.031153" lon="82.282963"><ele>2382</ele></trkpt>
      <trkpt lat="43.031228" lon="82.283182"><ele>2383</ele></trkpt>
      <trkpt lat="43.031276" lon="82.283369"><ele>2383</ele></trkpt>
      <trkpt lat="43.031415" lon="82.283761"><ele>2384</ele></trkpt>
      <trkpt lat="43.031621" lon="82.284208"><ele>2383</ele></trkpt>
      <trkpt lat="43.031772" lon="82.284578"><ele>2382</ele></trkpt>
      <trkpt lat="43.031899" lon="82.284835"><ele>2384</ele></trkpt>
      <trkpt lat="43.031944" lon="82.284949"><ele>2385</ele></trkpt>
      <trkpt lat="43.031976" lon="82.285004"><ele>2386</ele></trkpt>
      <trkpt lat="43.032002" lon="82.285029"><ele>2386</ele></trkpt>
      <trkpt lat="43.03202" lon="82.285074"><ele>2386</ele></trkpt>
      <trkpt lat="43.032072" lon="82.285217"><ele>2384</ele></trkpt>
      <trkpt lat="43.0321" lon="82.285363"><ele>2383</ele></trkpt>
      <trkpt lat="43.032097" lon="82.285377"><ele>2383</ele></trkpt>
      <trkpt lat="43.032117" lon="82.285428"><ele>2382</ele></trkpt>
      <trkpt lat="43.03215" lon="82.285569"><ele>2380</ele></trkpt>
      <trkpt lat="43.032143" lon="82.285563"><ele>2380</ele></trkpt>
      <trkpt lat="43.032167" lon="82.285676"><ele>2379</ele></trkpt>
      <trkpt lat="43.032164" lon="82.285745"><ele>2378</ele></trkpt>
      <trkpt lat="43.032191" lon="82.285808"><ele>2376</ele></trkpt>
      <trkpt lat="43.03221" lon="82.285886"><ele>2375</ele></trkpt>
      <trkpt lat="43.032251" lon="82.285975"><ele>2374</ele></trkpt>
      <trkpt lat="43.032298" lon="82.286045"><ele>2373</ele></trkpt>
      <trkpt lat="43.032335" lon="82.286134"><ele>2373</ele></trkpt>
      <trkpt lat="43.032341" lon="82.286229"><ele>2372</ele></trkpt>
      <trkpt lat="43.032354" lon="82.286283"><ele>2373</ele></trkpt>
      <trkpt lat="43.032339" lon="82.286472"><ele>2374</ele></trkpt>
      <trkpt lat="43.032305" lon="82.286612"><ele>2374</ele></trkpt>
      <trkpt lat="43.032262" lon="82.286759"><ele>2376</ele></trkpt>
      <trkpt lat="43.032234" lon="82.286825"><ele>2376</ele></trkpt>
      <trkpt lat="43.032216" lon="82.286903"><ele>2376</ele></trkpt>
      <trkpt lat="43.032176" lon="82.286956"><ele>2377</ele></trkpt>
      <trkpt lat="43.032112" lon="82.287088"><ele>2377</ele></trkpt>
      <trkpt lat="43.032053" lon="82.287183"><ele>2378</ele></trkpt>
      <trkpt lat="43.031917" lon="82.28746"><ele>2380</ele></trkpt>
      <trkpt lat="43.031894" lon="82.287541"><ele>2381</ele></trkpt>
      <trkpt lat="43.031816" lon="82.287677"><ele>2383</ele></trkpt>
      <trkpt lat="43.031767" lon="82.28779"><ele>2384</ele></trkpt>
      <trkpt lat="43.031743" lon="82.287822"><ele>2384</ele></trkpt>
      <trkpt lat="43.031727" lon="82.28786"><ele>2384</ele></trkpt>
      <trkpt lat="43.031694" lon="82.28803"><ele>2384</ele></trkpt>
      <trkpt lat="43.031657" lon="82.28815"><ele>2384</ele></trkpt>
      <trkpt lat="43.031595" lon="82.288529"><ele>2384</ele></trkpt>
      <trkpt lat="43.031569" lon="82.288748"><ele>2384</ele></trkpt>
      <trkpt lat="43.031515" lon="82.289057"><ele>2384</ele></trkpt>
      <trkpt lat="43.031516" lon="82.289368"><ele>2383</ele></trkpt>
      <trkpt lat="43.031497" lon="82.28941"><ele>2383</ele></trkpt>
      <trkpt lat="43.031432" lon="82.289735"><ele>2384</ele></trkpt>
      <trkpt lat="43.031391" lon="82.289994"><ele>2383</ele></trkpt>
      <trkpt lat="43.031371" lon="82.290065"><ele>2383</ele></trkpt>
      <trkpt lat="43.031323" lon="82.290377"><ele>2384</ele></trkpt>
      <trkpt lat="43.031219" lon="82.290848"><ele>2384</ele></trkpt>
      <trkpt lat="43.031164" lon="82.291337"><ele>2387</ele></trkpt>
      <trkpt lat="43.031144" lon="82.291428"><ele>2387</ele></trkpt>
      <trkpt lat="43.031143" lon="82.291618"><ele>2387</ele></trkpt>
      <trkpt lat="43.031132" lon="82.291699"><ele>2386</ele></trkpt>
      <trkpt lat="43.031135" lon="82.291831"><ele>2385</ele></trkpt>
      <trkpt lat="43.031145" lon="82.291951"><ele>2385</ele></trkpt>
      <trkpt lat="43.03116" lon="82.292023"><ele>2384</ele></trkpt>
      <trkpt lat="43.031146" lon="82.292089"><ele>2384</ele></trkpt>
      <trkpt lat="43.031182" lon="82.292132"><ele>2383</ele></trkpt>
      <trkpt lat="43.031172" lon="82.292127"><ele>2383</ele></trkpt>
      <trkpt lat="43.031177" lon="82.292128"><ele>2383</ele></trkpt>
      <trkpt lat="43.031172" lon="82.292127"><ele>2383</ele></trkpt>
      <trkpt lat="43.031144" lon="82.292561"><ele>2380</ele></trkpt>
      <trkpt lat="43.031155" lon="82.292817"><ele>2379</ele></trkpt>
      <trkpt lat="43.031143" lon="82.293117"><ele>2378</ele></trkpt>
      <trkpt lat="43.031084" lon="82.293658"><ele>2377</ele></trkpt>
      <trkpt lat="43.031062" lon="82.293801"><ele>2377</ele></trkpt>
      <trkpt lat="43.031038" lon="82.293848"><ele>2377</ele></trkpt>
      <trkpt lat="43.03102" lon="82.293953"><ele>2377</ele></trkpt>
      <trkpt lat="43.031015" lon="82.294183"><ele>2377</ele></trkpt>
      <trkpt lat="43.03099" lon="82.294451"><ele>2376</ele></trkpt>
      <trkpt lat="43.030975" lon="82.294531"><ele>2376</ele></trkpt>
      <trkpt lat="43.030948" lon="82.294566"><ele>2376</ele></trkpt>
      <trkpt lat="43.030964" lon="82.294555"><ele>2377</ele></trkpt>
      <trkpt lat="43.030949" lon="82.294682"><ele>2376</ele></trkpt>
      <trkpt lat="43.03092" lon="82.294822"><ele>2376</ele></trkpt>
      <trkpt lat="43.030896" lon="82.294887"><ele>2376</ele></trkpt>
      <trkpt lat="43.030847" lon="82.295265"><ele>2375</ele></trkpt>
      <trkpt lat="43.030828" lon="82.295602"><ele>2375</ele></trkpt>
      <trkpt lat="43.030832" lon="82.295743"><ele>2375</ele></trkpt>
      <trkpt lat="43.030822" lon="82.295844"><ele>2375</ele></trkpt>
      <trkpt lat="43.030823" lon="82.295964"><ele>2375</ele></trkpt>
      <trkpt lat="43.030846" lon="82.296244"><ele>2375</ele></trkpt>
      <trkpt lat="43.030902" lon="82.296606"><ele>2374</ele></trkpt>
      <trkpt lat="43.030985" lon="82.296927"><ele>2373</ele></trkpt>
      <trkpt lat="43.031076" lon="82.297151"><ele>2372</ele></trkpt>
      <trkpt lat="43.031146" lon="82.297297"><ele>2372</ele></trkpt>
      <trkpt lat="43.031186" lon="82.297354"><ele>2372</ele></trkpt>
      <trkpt lat="43.0312" lon="82.297427"><ele>2372</ele></trkpt>
      <trkpt lat="43.031264" lon="82.297615"><ele>2371</ele></trkpt>
      <trkpt lat="43.03128" lon="82.297697"><ele>2371</ele></trkpt>
      <trkpt lat="43.031295" lon="82.297897"><ele>2370</ele></trkpt>
      <trkpt lat="43.031285" lon="82.297948"><ele>2371</ele></trkpt>
      <trkpt lat="43.031278" lon="82.297951"><ele>2371</ele></trkpt>
      <trkpt lat="43.031139" lon="82.297958"><ele>2368</ele></trkpt>
      <trkpt lat="43.031126" lon="82.298011"><ele>2368</ele></trkpt>
      <trkpt lat="43.031088" lon="82.298067"><ele>2368</ele></trkpt>
      <trkpt lat="43.031006" lon="82.298156"><ele>2367</ele></trkpt>
      <trkpt lat="43.030801" lon="82.298283"><ele>2366</ele></trkpt>
      <trkpt lat="43.030687" lon="82.298426"><ele>2366</ele></trkpt>
      <trkpt lat="43.030582" lon="82.298481"><ele>2364</ele></trkpt>
      <trkpt lat="43.030408" lon="82.298601"><ele>2364</ele></trkpt>
      <trkpt lat="43.030263" lon="82.298675"><ele>2363</ele></trkpt>
      <trkpt lat="43.030211" lon="82.298737"><ele>2363</ele></trkpt>
      <trkpt lat="43.030165" lon="82.298739"><ele>2363</ele></trkpt>
      <trkpt lat="43.030146" lon="82.298754"><ele>2364</ele></trkpt>
      <trkpt lat="43.030159" lon="82.298776"><ele>2364</ele></trkpt>
      <trkpt lat="43.030146" lon="82.298767"><ele>2363</ele></trkpt>
      <trkpt lat="43.030212" lon="82.298824"><ele>2365</ele></trkpt>
      <trkpt lat="43.030231" lon="82.298894"><ele>2365</ele></trkpt>
      <trkpt lat="43.030206" lon="82.29893"><ele>2365</ele></trkpt>
      <trkpt lat="43.030246" lon="82.29905"><ele>2366</ele></trkpt>
      <trkpt lat="43.03031" lon="82.299074"><ele>2366</ele></trkpt>
      <trkpt lat="43.030343" lon="82.2991"><ele>2367</ele></trkpt>
      <trkpt lat="43.030398" lon="82.299227"><ele>2368</ele></trkpt>
      <trkpt lat="43.030451" lon="82.299391"><ele>2368</ele></trkpt>
      <trkpt lat="43.030549" lon="82.299626"><ele>2369</ele></trkpt>
      <trkpt lat="43.030546" lon="82.299634"><ele>2369</ele></trkpt>
      <trkpt lat="43.030551" lon="82.299584"><ele>2368</ele></trkpt>
      <trkpt lat="43.030541" lon="82.299609"><ele>2366</ele></trkpt>
      <trkpt lat="43.030549" lon="82.299603"><ele>2367</ele></trkpt>
      <trkpt lat="43.030539" lon="82.299607"><ele>2366</ele></trkpt>
      <trkpt lat="43.030536" lon="82.299638"><ele>2366</ele></trkpt>
      <trkpt lat="43.030636" lon="82.300056"><ele>2369</ele></trkpt>
      <trkpt lat="43.030801" lon="82.300398"><ele>2372</ele></trkpt>
      <trkpt lat="43.030854" lon="82.300585"><ele>2373</ele></trkpt>
      <trkpt lat="43.030902" lon="82.300798"><ele>2376</ele></trkpt>
      <trkpt lat="43.030921" lon="82.300965"><ele>2377</ele></trkpt>
      <trkpt lat="43.030951" lon="82.30103"><ele>2378</ele></trkpt>
      <trkpt lat="43.03095" lon="82.301092"><ele>2378</ele></trkpt>
      <trkpt lat="43.030966" lon="82.30115"><ele>2378</ele></trkpt>
      <trkpt lat="43.03096" lon="82.301321"><ele>2378</ele></trkpt>
      <trkpt lat="43.03097" lon="82.301436"><ele>2378</ele></trkpt>
      <trkpt lat="43.030961" lon="82.3015"><ele>2378</ele></trkpt>
      <trkpt lat="43.030977" lon="82.301574"><ele>2378</ele></trkpt>
      <trkpt lat="43.030972" lon="82.301611"><ele>2377</ele></trkpt>
      <trkpt lat="43.03101" lon="82.301681"><ele>2379</ele></trkpt>
      <trkpt lat="43.031084" lon="82.301993"><ele>2379</ele></trkpt>
      <trkpt lat="43.031133" lon="82.302032"><ele>2379</ele></trkpt>
      <trkpt lat="43.031181" lon="82.302175"><ele>2380</ele></trkpt>
      <trkpt lat="43.031238" lon="82.302454"><ele>2381</ele></trkpt>
      <trkpt lat="43.031263" lon="82.302612"><ele>2383</ele></trkpt>
      <trkpt lat="43.031271" lon="82.302931"><ele>2384</ele></trkpt>
      <trkpt lat="43.031283" lon="82.303101"><ele>2385</ele></trkpt>
      <trkpt lat="43.031351" lon="82.303527"><ele>2386</ele></trkpt>
      <trkpt lat="43.031382" lon="82.3036"><ele>2386</ele></trkpt>
      <trkpt lat="43.031435" lon="82.303846"><ele>2387</ele></trkpt>
      <trkpt lat="43.03143" lon="82.30392"><ele>2387</ele></trkpt>
      <trkpt lat="43.031452" lon="82.304001"><ele>2387</ele></trkpt>
      <trkpt lat="43.031464" lon="82.304094"><ele>2388</ele></trkpt>
      <trkpt lat="43.031472" lon="82.304293"><ele>2388</ele></trkpt>
      <trkpt lat="43.031454" lon="82.304536"><ele>2389</ele></trkpt>
      <trkpt lat="43.031456" lon="82.304822"><ele>2391</ele></trkpt>
      <trkpt lat="43.031423" lon="82.304848"><ele>2391</ele></trkpt>
      <trkpt lat="43.031422" lon="82.304863"><ele>2391</ele></trkpt>
      <trkpt lat="43.031439" lon="82.304921"><ele>2391</ele></trkpt>
      <trkpt lat="43.031446" lon="82.304985"><ele>2391</ele></trkpt>
      <trkpt lat="43.031447" lon="82.305149"><ele>2390</ele></trkpt>
      <trkpt lat="43.031473" lon="82.30522"><ele>2390</ele></trkpt>
      <trkpt lat="43.031476" lon="82.305296"><ele>2389</ele></trkpt>
      <trkpt lat="43.031499" lon="82.305464"><ele>2388</ele></trkpt>
      <trkpt lat="43.031504" lon="82.305552"><ele>2387</ele></trkpt>
      <trkpt lat="43.031495" lon="82.305724"><ele>2386</ele></trkpt>
      <trkpt lat="43.031501" lon="82.305863"><ele>2386</ele></trkpt>
      <trkpt lat="43.031496" lon="82.306016"><ele>2386</ele></trkpt>
      <trkpt lat="43.031473" lon="82.306273"><ele>2386</ele></trkpt>
      <trkpt lat="43.031461" lon="82.306327"><ele>2387</ele></trkpt>
      <trkpt lat="43.031451" lon="82.306483"><ele>2388</ele></trkpt>
      <trkpt lat="43.031434" lon="82.306569"><ele>2390</ele></trkpt>
      <trkpt lat="43.031425" lon="82.306914"><ele>2393</ele></trkpt>
      <trkpt lat="43.031435" lon="82.307057"><ele>2394</ele></trkpt>
      <trkpt lat="43.031433" lon="82.307286"><ele>2395</ele></trkpt>
      <trkpt lat="43.031424" lon="82.30741"><ele>2396</ele></trkpt>
      <trkpt lat="43.03141" lon="82.307457"><ele>2396</ele></trkpt>
      <trkpt lat="43.031419" lon="82.307463"><ele>2397</ele></trkpt>
      <trkpt lat="43.031429" lon="82.307497"><ele>2397</ele></trkpt>
      <trkpt lat="43.031428" lon="82.307583"><ele>2397</ele></trkpt>
      <trkpt lat="43.031404" lon="82.307821"><ele>2397</ele></trkpt>
      <trkpt lat="43.031405" lon="82.307974"><ele>2398</ele></trkpt>
      <trkpt lat="43.031396" lon="82.308014"><ele>2398</ele></trkpt>
      <trkpt lat="43.031401" lon="82.308015"><ele>2398</ele></trkpt>
      <trkpt lat="43.031346" lon="82.308214"><ele>2399</ele></trkpt>
      <trkpt lat="43.031332" lon="82.3083"><ele>2399</ele></trkpt>
      <trkpt lat="43.031268" lon="82.308521"><ele>2400</ele></trkpt>
      <trkpt lat="43.031205" lon="82.308836"><ele>2403</ele></trkpt>
      <trkpt lat="43.031194" lon="82.308992"><ele>2404</ele></trkpt>
      <trkpt lat="43.031181" lon="82.309027"><ele>2405</ele></trkpt>
      <trkpt lat="43.031175" lon="82.309018"><ele>2405</ele></trkpt>
      <trkpt lat="43.0312" lon="82.309038"><ele>2405</ele></trkpt>
      <trkpt lat="43.031184" lon="82.309075"><ele>2405</ele></trkpt>
      <trkpt lat="43.031175" lon="82.309131"><ele>2405</ele></trkpt>
      <trkpt lat="43.031179" lon="82.309243"><ele>2405</ele></trkpt>
      <trkpt lat="43.031152" lon="82.309628"><ele>2406</ele></trkpt>
      <trkpt lat="43.031149" lon="82.310167"><ele>2407</ele></trkpt>
      <trkpt lat="43.031123" lon="82.310571"><ele>2409</ele></trkpt>
      <trkpt lat="43.031121" lon="82.310708"><ele>2409</ele></trkpt>
      <trkpt lat="43.031106" lon="82.310794"><ele>2410</ele></trkpt>
      <trkpt lat="43.031096" lon="82.31108"><ele>2412</ele></trkpt>
      <trkpt lat="43.031107" lon="82.311224"><ele>2413</ele></trkpt>
      <trkpt lat="43.031099" lon="82.311296"><ele>2414</ele></trkpt>
      <trkpt lat="43.031115" lon="82.311569"><ele>2414</ele></trkpt>
      <trkpt lat="43.031141" lon="82.311756"><ele>2414</ele></trkpt>
      <trkpt lat="43.031194" lon="82.311957"><ele>2414</ele></trkpt>
      <trkpt lat="43.031263" lon="82.312125"><ele>2414</ele></trkpt>
      <trkpt lat="43.031352" lon="82.312388"><ele>2412</ele></trkpt>
      <trkpt lat="43.031386" lon="82.312517"><ele>2413</ele></trkpt>
      <trkpt lat="43.031421" lon="82.312754"><ele>2412</ele></trkpt>
      <trkpt lat="43.03146" lon="82.312874"><ele>2413</ele></trkpt>
      <trkpt lat="43.031451" lon="82.312911"><ele>2413</ele></trkpt>
      <trkpt lat="43.031447" lon="82.312906"><ele>2413</ele></trkpt>
      <trkpt lat="43.031433" lon="82.312928"><ele>2413</ele></trkpt>
      <trkpt lat="43.031416" lon="82.312999"><ele>2413</ele></trkpt>
      <trkpt lat="43.031436" lon="82.313061"><ele>2413</ele></trkpt>
      <trkpt lat="43.031359" lon="82.31343"><ele>2417</ele></trkpt>
      <trkpt lat="43.031341" lon="82.313639"><ele>2417</ele></trkpt>
      <trkpt lat="43.031368" lon="82.313784"><ele>2417</ele></trkpt>
      <trkpt lat="43.031373" lon="82.313796"><ele>2417</ele></trkpt>
      <trkpt lat="43.031386" lon="82.313791"><ele>2417</ele></trkpt>
      <trkpt lat="43.031422" lon="82.313957"><ele>2416</ele></trkpt>
      <trkpt lat="43.031409" lon="82.314189"><ele>2415</ele></trkpt>
      <trkpt lat="43.031377" lon="82.314353"><ele>2417</ele></trkpt>
      <trkpt lat="43.03139" lon="82.314613"><ele>2417</ele></trkpt>
      <trkpt lat="43.031431" lon="82.31483"><ele>2417</ele></trkpt>
      <trkpt lat="43.031424" lon="82.31486"><ele>2417</ele></trkpt>
      <trkpt lat="43.031397" lon="82.314907"><ele>2417</ele></trkpt>
      <trkpt lat="43.03132" lon="82.315011"><ele>2417</ele></trkpt>
      <trkpt lat="43.03128" lon="82.315089"><ele>2418</ele></trkpt>
      <trkpt lat="43.031266" lon="82.315155"><ele>2419</ele></trkpt>
      <trkpt lat="43.031179" lon="82.315374"><ele>2420</ele></trkpt>
      <trkpt lat="43.031164" lon="82.315433"><ele>2421</ele></trkpt>
      <trkpt lat="43.031137" lon="82.315641"><ele>2422</ele></trkpt>
      <trkpt lat="43.031107" lon="82.315768"><ele>2423</ele></trkpt>
      <trkpt lat="43.031098" lon="82.315854"><ele>2423</ele></trkpt>
      <trkpt lat="43.03115" lon="82.316023"><ele>2422</ele></trkpt>
      <trkpt lat="43.031148" lon="82.316121"><ele>2421</ele></trkpt>
      <trkpt lat="43.031095" lon="82.316293"><ele>2419</ele></trkpt>
      <trkpt lat="43.031096" lon="82.31641"><ele>2420</ele></trkpt>
      <trkpt lat="43.031101" lon="82.316408"><ele>2421</ele></trkpt>
      <trkpt lat="43.031051" lon="82.316459"><ele>2421</ele></trkpt>
      <trkpt lat="43.031026" lon="82.316422"><ele>2420</ele></trkpt>
      <trkpt lat="43.031033" lon="82.316447"><ele>2421</ele></trkpt>
      <trkpt lat="43.031024" lon="82.316527"><ele>2420</ele></trkpt>
      <trkpt lat="43.031001" lon="82.316585"><ele>2421</ele></trkpt>
      <trkpt lat="43.030767" lon="82.316824"><ele>2423</ele></trkpt>
      <trkpt lat="43.030691" lon="82.316941"><ele>2424</ele></trkpt>
      <trkpt lat="43.030562" lon="82.317209"><ele>2428</ele></trkpt>
      <trkpt lat="43.030542" lon="82.317269"><ele>2429</ele></trkpt>
      <trkpt lat="43.030432" lon="82.317453"><ele>2433</ele></trkpt>
      <trkpt lat="43.030302" lon="82.317709"><ele>2438</ele></trkpt>
      <trkpt lat="43.030245" lon="82.317855"><ele>2441</ele></trkpt>
      <trkpt lat="43.030178" lon="82.317987"><ele>2444</ele></trkpt>
      <trkpt lat="43.030173" lon="82.318034"><ele>2446</ele></trkpt>
      <trkpt lat="43.030083" lon="82.31821"><ele>2449</ele></trkpt>
      <trkpt lat="43.030054" lon="82.318286"><ele>2450</ele></trkpt>
      <trkpt lat="43.029929" lon="82.318485"><ele>2452</ele></trkpt>
      <trkpt lat="43.029853" lon="82.318654"><ele>2453</ele></trkpt>
      <trkpt lat="43.029823" lon="82.31868"><ele>2453</ele></trkpt>
      <trkpt lat="43.029826" lon="82.318702"><ele>2453</ele></trkpt>
      <trkpt lat="43.029806" lon="82.318769"><ele>2453</ele></trkpt>
      <trkpt lat="43.029776" lon="82.318936"><ele>2454</ele></trkpt>
      <trkpt lat="43.02978" lon="82.319018"><ele>2455</ele></trkpt>
      <trkpt lat="43.029765" lon="82.319085"><ele>2455</ele></trkpt>
      <trkpt lat="43.029791" lon="82.319193"><ele>2455</ele></trkpt>
      <trkpt lat="43.029793" lon="82.31933"><ele>2455</ele></trkpt>
      <trkpt lat="43.029772" lon="82.319343"><ele>2455</ele></trkpt>
      <trkpt lat="43.029737" lon="82.319411"><ele>2454</ele></trkpt>
      <trkpt lat="43.029734" lon="82.319468"><ele>2453</ele></trkpt>
      <trkpt lat="43.029743" lon="82.319602"><ele>2453</ele></trkpt>
      <trkpt lat="43.029738" lon="82.319823"><ele>2452</ele></trkpt>
      <trkpt lat="43.029788" lon="82.320332"><ele>2451</ele></trkpt>
      <trkpt lat="43.029776" lon="82.320336"><ele>2451</ele></trkpt>
      <trkpt lat="43.02982" lon="82.320533"><ele>2451</ele></trkpt>
      <trkpt lat="43.029837" lon="82.320646"><ele>2451</ele></trkpt>
      <trkpt lat="43.029869" lon="82.320901"><ele>2451</ele></trkpt>
      <trkpt lat="43.029883" lon="82.32111"><ele>2450</ele></trkpt>
      <trkpt lat="43.029916" lon="82.321278"><ele>2449</ele></trkpt>
      <trkpt lat="43.029935" lon="82.321449"><ele>2450</ele></trkpt>
      <trkpt lat="43.029942" lon="82.321845"><ele>2450</ele></trkpt>
      <trkpt lat="43.029951" lon="82.321911"><ele>2450</ele></trkpt>
      <trkpt lat="43.029941" lon="82.322059"><ele>2451</ele></trkpt>
      <trkpt lat="43.029957" lon="82.322552"><ele>2452</ele></trkpt>
      <trkpt lat="43.029947" lon="82.322794"><ele>2450</ele></trkpt>
      <trkpt lat="43.029956" lon="82.323137"><ele>2449</ele></trkpt>
      <trkpt lat="43.029974" lon="82.323143"><ele>2449</ele></trkpt>
      <trkpt lat="43.029988" lon="82.32318"><ele>2449</ele></trkpt>
      <trkpt lat="43.030001" lon="82.323192"><ele>2449</ele></trkpt>
      <trkpt lat="43.030074" lon="82.323201"><ele>2449</ele></trkpt>
      <trkpt lat="43.030293" lon="82.323179"><ele>2451</ele></trkpt>
      <trkpt lat="43.030356" lon="82.323191"><ele>2451</ele></trkpt>
      <trkpt lat="43.030401" lon="82.323242"><ele>2451</ele></trkpt>
      <trkpt lat="43.030465" lon="82.32322"><ele>2451</ele></trkpt>
      <trkpt lat="43.030462" lon="82.323185"><ele>2451</ele></trkpt>
      <trkpt lat="43.030423" lon="82.323225"><ele>2451</ele></trkpt>
      <trkpt lat="43.030466" lon="82.323176"><ele>2451</ele></trkpt>
      <trkpt lat="43.030454" lon="82.323176"><ele>2451</ele></trkpt>
      <trkpt lat="43.030512" lon="82.32315"><ele>2451</ele></trkpt>
      <trkpt lat="43.030493" lon="82.323201"><ele>2451</ele></trkpt>
      <trkpt lat="43.030364" lon="82.323175"><ele>2451</ele></trkpt>
      <trkpt lat="43.030339" lon="82.323145"><ele>2450</ele></trkpt>
      <trkpt lat="43.030333" lon="82.323112"><ele>2450</ele></trkpt>
      <trkpt lat="43.030348" lon="82.323095"><ele>2450</ele></trkpt>
      <trkpt lat="43.03054" lon="82.323337"><ele>2448</ele></trkpt>
      <trkpt lat="43.030543" lon="82.323392"><ele>2448</ele></trkpt>
      <trkpt lat="43.030529" lon="82.323411"><ele>2448</ele></trkpt>
      <trkpt lat="43.030604" lon="82.323456"><ele>2447</ele></trkpt>
      <trkpt lat="43.030642" lon="82.323509"><ele>2447</ele></trkpt>
      <trkpt lat="43.030802" lon="82.323671"><ele>2446</ele></trkpt>
      <trkpt lat="43.030812" lon="82.323677"><ele>2446</ele></trkpt>
      <trkpt lat="43.030802" lon="82.323671"><ele>2446</ele></trkpt>
      <trkpt lat="43.030816" lon="82.323669"><ele>2446</ele></trkpt>
      <trkpt lat="43.030801" lon="82.32366"><ele>2446</ele></trkpt>
      <trkpt lat="43.030766" lon="82.323604"><ele>2446</ele></trkpt>
      <trkpt lat="43.030595" lon="82.323435"><ele>2447</ele></trkpt>
      <trkpt lat="43.030498" lon="82.323319"><ele>2448</ele></trkpt>
      <trkpt lat="43.030418" lon="82.323277"><ele>2448</ele></trkpt>
      <trkpt lat="43.030375" lon="82.323242"><ele>2448</ele></trkpt>
      <trkpt lat="43.030336" lon="82.323153"><ele>2448</ele></trkpt>
      <trkpt lat="43.030335" lon="82.323092"><ele>2449</ele></trkpt>
      <trkpt lat="43.030325" lon="82.323087"><ele>2449</ele></trkpt>
      <trkpt lat="43.030333" lon="82.32309"><ele>2449</ele></trkpt>
      <trkpt lat="43.030328" lon="82.323081"><ele>2449</ele></trkpt>
      <trkpt lat="43.030341" lon="82.323072"><ele>2449</ele></trkpt>
      <trkpt lat="43.030332" lon="82.32305"><ele>2449</ele></trkpt>
      <trkpt lat="43.030338" lon="82.323086"><ele>2448</ele></trkpt>
      <trkpt lat="43.030354" lon="82.32308"><ele>2448</ele></trkpt>
      <trkpt lat="43.030358" lon="82.323089"><ele>2448</ele></trkpt>
      <trkpt lat="43.030374" lon="82.323067"><ele>2448</ele></trkpt>
      <trkpt lat="43.03027" lon="82.323097"><ele>2447</ele></trkpt>
      <trkpt lat="43.030251" lon="82.323139"><ele>2447</ele></trkpt>
      <trkpt lat="43.03018" lon="82.323171"><ele>2446</ele></trkpt>
      <trkpt lat="43.030059" lon="82.323175"><ele>2445</ele></trkpt>
      <trkpt lat="43.029995" lon="82.323184"><ele>2445</ele></trkpt>
      <trkpt lat="43.029983" lon="82.323198"><ele>2445</ele></trkpt>
      <trkpt lat="43.029968" lon="82.323264"><ele>2445</ele></trkpt>
      <trkpt lat="43.029962" lon="82.323344"><ele>2445</ele></trkpt>
      <trkpt lat="43.029976" lon="82.323402"><ele>2445</ele></trkpt>
      <trkpt lat="43.029891" lon="82.323774"><ele>2446</ele></trkpt>
      <trkpt lat="43.029871" lon="82.323899"><ele>2447</ele></trkpt>
      <trkpt lat="43.029811" lon="82.323924"><ele>2448</ele></trkpt>
      <trkpt lat="43.029809" lon="82.324071"><ele>2448</ele></trkpt>
      <trkpt lat="43.029817" lon="82.324183"><ele>2448</ele></trkpt>
      <trkpt lat="43.029792" lon="82.324262"><ele>2448</ele></trkpt>
      <trkpt lat="43.029786" lon="82.324308"><ele>2448</ele></trkpt>
      <trkpt lat="43.029726" lon="82.324423"><ele>2448</ele></trkpt>
      <trkpt lat="43.029636" lon="82.324905"><ele>2450</ele></trkpt>
      <trkpt lat="43.029616" lon="82.324949"><ele>2451</ele></trkpt>
      <trkpt lat="43.029613" lon="82.325035"><ele>2451</ele></trkpt>
      <trkpt lat="43.029585" lon="82.325149"><ele>2452</ele></trkpt>
      <trkpt lat="43.029562" lon="82.325227"><ele>2452</ele></trkpt>
      <trkpt lat="43.029512" lon="82.325325"><ele>2452</ele></trkpt>
      <trkpt lat="43.02938" lon="82.325764"><ele>2451</ele></trkpt>
      <trkpt lat="43.029217" lon="82.326172"><ele>2450</ele></trkpt>
      <trkpt lat="43.029143" lon="82.32643"><ele>2450</ele></trkpt>
      <trkpt lat="43.029109" lon="82.326511"><ele>2450</ele></trkpt>
      <trkpt lat="43.029012" lon="82.326989"><ele>2452</ele></trkpt>
      <trkpt lat="43.028991" lon="82.327127"><ele>2452</ele></trkpt>
      <trkpt lat="43.028966" lon="82.327197"><ele>2453</ele></trkpt>
      <trkpt lat="43.028939" lon="82.327316"><ele>2453</ele></trkpt>
      <trkpt lat="43.028928" lon="82.327432"><ele>2454</ele></trkpt>
      <trkpt lat="43.028908" lon="82.32752"><ele>2454</ele></trkpt>
      <trkpt lat="43.028893" lon="82.327763"><ele>2455</ele></trkpt>
      <trkpt lat="43.028859" lon="82.327951"><ele>2457</ele></trkpt>
      <trkpt lat="43.028854" lon="82.328028"><ele>2458</ele></trkpt>
      <trkpt lat="43.028821" lon="82.328156"><ele>2458</ele></trkpt>
      <trkpt lat="43.028793" lon="82.328229"><ele>2458</ele></trkpt>
      <trkpt lat="43.028671" lon="82.328682"><ele>2459</ele></trkpt>
      <trkpt lat="43.028397" lon="82.329499"><ele>2461</ele></trkpt>
      <trkpt lat="43.028372" lon="82.329594"><ele>2461</ele></trkpt>
      <trkpt lat="43.028168" lon="82.329984"><ele>2464</ele></trkpt>
      <trkpt lat="43.028114" lon="82.330218"><ele>2464</ele></trkpt>
      <trkpt lat="43.028093" lon="82.330257"><ele>2464</ele></trkpt>
      <trkpt lat="43.028044" lon="82.330397"><ele>2464</ele></trkpt>
      <trkpt lat="43.027938" lon="82.330572"><ele>2466</ele></trkpt>
      <trkpt lat="43.027912" lon="82.330649"><ele>2466</ele></trkpt>
      <trkpt lat="43.027866" lon="82.330729"><ele>2467</ele></trkpt>
      <trkpt lat="43.027805" lon="82.330963"><ele>2468</ele></trkpt>
      <trkpt lat="43.027765" lon="82.331062"><ele>2468</ele></trkpt>
      <trkpt lat="43.027741" lon="82.331149"><ele>2468</ele></trkpt>
      <trkpt lat="43.027716" lon="82.331336"><ele>2468</ele></trkpt>
      <trkpt lat="43.027655" lon="82.331621"><ele>2468</ele></trkpt>
      <trkpt lat="43.027665" lon="82.331729"><ele>2468</ele></trkpt>
      <trkpt lat="43.027645" lon="82.33198"><ele>2468</ele></trkpt>
      <trkpt lat="43.027646" lon="82.332173"><ele>2468</ele></trkpt>
      <trkpt lat="43.027655" lon="82.332344"><ele>2467</ele></trkpt>
      <trkpt lat="43.027664" lon="82.332356"><ele>2467</ele></trkpt>
      <trkpt lat="43.027725" lon="82.332667"><ele>2466</ele></trkpt>
      <trkpt lat="43.027712" lon="82.332779"><ele>2466</ele></trkpt>
      <trkpt lat="43.027726" lon="82.332855"><ele>2465</ele></trkpt>
      <trkpt lat="43.027745" lon="82.332937"><ele>2465</ele></trkpt>
      <trkpt lat="43.02783" lon="82.333182"><ele>2463</ele></trkpt>
      <trkpt lat="43.027876" lon="82.333386"><ele>2462</ele></trkpt>
      <trkpt lat="43.027879" lon="82.33346"><ele>2462</ele></trkpt>
      <trkpt lat="43.027868" lon="82.333615"><ele>2461</ele></trkpt>
      <trkpt lat="43.027827" lon="82.333794"><ele>2462</ele></trkpt>
      <trkpt lat="43.027717" lon="82.334013"><ele>2462</ele></trkpt>
      <trkpt lat="43.027619" lon="82.334147"><ele>2463</ele></trkpt>
      <trkpt lat="43.027561" lon="82.334262"><ele>2464</ele></trkpt>
      <trkpt lat="43.027526" lon="82.334293"><ele>2464</ele></trkpt>
      <trkpt lat="43.027487" lon="82.334364"><ele>2465</ele></trkpt>
      <trkpt lat="43.027394" lon="82.334575"><ele>2466</ele></trkpt>
      <trkpt lat="43.027379" lon="82.334641"><ele>2466</ele></trkpt>
      <trkpt lat="43.027347" lon="82.334711"><ele>2466</ele></trkpt>
      <trkpt lat="43.027297" lon="82.334772"><ele>2467</ele></trkpt>
      <trkpt lat="43.027264" lon="82.334842"><ele>2467</ele></trkpt>
      <trkpt lat="43.027225" lon="82.3349"><ele>2467</ele></trkpt>
      <trkpt lat="43.02706" lon="82.335098"><ele>2469</ele></trkpt>
      <trkpt lat="43.027012" lon="82.335128"><ele>2469</ele></trkpt>
      <trkpt lat="43.026981" lon="82.335171"><ele>2470</ele></trkpt>
      <trkpt lat="43.026894" lon="82.335237"><ele>2472</ele></trkpt>
      <trkpt lat="43.026876" lon="82.335228"><ele>2473</ele></trkpt>
      <trkpt lat="43.026847" lon="82.335248"><ele>2472</ele></trkpt>
      <trkpt lat="43.026805" lon="82.335281"><ele>2473</ele></trkpt>
      <trkpt lat="43.026792" lon="82.335318"><ele>2474</ele></trkpt>
      <trkpt lat="43.026702" lon="82.335371"><ele>2476</ele></trkpt>
      <trkpt lat="43.026668" lon="82.335402"><ele>2477</ele></trkpt>
      <trkpt lat="43.026583" lon="82.335497"><ele>2478</ele></trkpt>
      <trkpt lat="43.026534" lon="82.335572"><ele>2478</ele></trkpt>
      <trkpt lat="43.026484" lon="82.335733"><ele>2480</ele></trkpt>
      <trkpt lat="43.026462" lon="82.33594"><ele>2481</ele></trkpt>
      <trkpt lat="43.026456" lon="82.335962"><ele>2482</ele></trkpt>
      <trkpt lat="43.026432" lon="82.335989"><ele>2482</ele></trkpt>
      <trkpt lat="43.026426" lon="82.336015"><ele>2481</ele></trkpt>
      <trkpt lat="43.026439" lon="82.336041"><ele>2481</ele></trkpt>
      <trkpt lat="43.026446" lon="82.336133"><ele>2482</ele></trkpt>
      <trkpt lat="43.026427" lon="82.336401"><ele>2483</ele></trkpt>
      <trkpt lat="43.026443" lon="82.336695"><ele>2483</ele></trkpt>
      <trkpt lat="43.026463" lon="82.336844"><ele>2483</ele></trkpt>
      <trkpt lat="43.026508" lon="82.337001"><ele>2484</ele></trkpt>
      <trkpt lat="43.026542" lon="82.33721"><ele>2484</ele></trkpt>
      <trkpt lat="43.026537" lon="82.337274"><ele>2484</ele></trkpt>
      <trkpt lat="43.026559" lon="82.337382"><ele>2484</ele></trkpt>
      <trkpt lat="43.026591" lon="82.337649"><ele>2485</ele></trkpt>
      <trkpt lat="43.026597" lon="82.33783"><ele>2485</ele></trkpt>
      <trkpt lat="43.026575" lon="82.338164"><ele>2484</ele></trkpt>
      <trkpt lat="43.02657" lon="82.338389"><ele>2485</ele></trkpt>
      <trkpt lat="43.026521" lon="82.338608"><ele>2486</ele></trkpt>
      <trkpt lat="43.026473" lon="82.338748"><ele>2487</ele></trkpt>
      <trkpt lat="43.026426" lon="82.338966"><ele>2488</ele></trkpt>
      <trkpt lat="43.026361" lon="82.33915"><ele>2489</ele></trkpt>
      <trkpt lat="43.026347" lon="82.339214"><ele>2489</ele></trkpt>
      <trkpt lat="43.02627" lon="82.339645"><ele>2493</ele></trkpt>
      <trkpt lat="43.026264" lon="82.339756"><ele>2494</ele></trkpt>
      <trkpt lat="43.026217" lon="82.339969"><ele>2495</ele></trkpt>
      <trkpt lat="43.026221" lon="82.340027"><ele>2495</ele></trkpt>
      <trkpt lat="43.026204" lon="82.3402"><ele>2496</ele></trkpt>
      <trkpt lat="43.026208" lon="82.340257"><ele>2496</ele></trkpt>
      <trkpt lat="43.026217" lon="82.340281"><ele>2496</ele></trkpt>
      <trkpt lat="43.026219" lon="82.340372"><ele>2497</ele></trkpt>
      <trkpt lat="43.026252" lon="82.340519"><ele>2498</ele></trkpt>
      <trkpt lat="43.026254" lon="82.340552"><ele>2498</ele></trkpt>
      <trkpt lat="43.026246" lon="82.340574"><ele>2498</ele></trkpt>
      <trkpt lat="43.026256" lon="82.340572"><ele>2499</ele></trkpt>
      <trkpt lat="43.026292" lon="82.340847"><ele>2499</ele></trkpt>
      <trkpt lat="43.026344" lon="82.341094"><ele>2499</ele></trkpt>
      <trkpt lat="43.026383" lon="82.341676"><ele>2494</ele></trkpt>
      <trkpt lat="43.026416" lon="82.341767"><ele>2493</ele></trkpt>
      <trkpt lat="43.026418" lon="82.342181"><ele>2488</ele></trkpt>
      <trkpt lat="43.026425" lon="82.34226"><ele>2487</ele></trkpt>
      <trkpt lat="43.026417" lon="82.342359"><ele>2486</ele></trkpt>
      <trkpt lat="43.02643" lon="82.342417"><ele>2485</ele></trkpt>
      <trkpt lat="43.026448" lon="82.342445"><ele>2485</ele></trkpt>
      <trkpt lat="43.02645" lon="82.34251"><ele>2483</ele></trkpt>
      <trkpt lat="43.026463" lon="82.342574"><ele>2483</ele></trkpt>
      <trkpt lat="43.026468" lon="82.342585"><ele>2482</ele></trkpt>
      <trkpt lat="43.026478" lon="82.342589"><ele>2481</ele></trkpt>
      <trkpt lat="43.026468" lon="82.342585"><ele>2481</ele></trkpt>
      <trkpt lat="43.026477" lon="82.342581"><ele>2481</ele></trkpt>
      <trkpt lat="43.026468" lon="82.342585"><ele>2482</ele></trkpt>
      <trkpt lat="43.026459" lon="82.342615"><ele>2483</ele></trkpt>
      <trkpt lat="43.026463" lon="82.342628"><ele>2481</ele></trkpt>
      <trkpt lat="43.026486" lon="82.342652"><ele>2481</ele></trkpt>
      <trkpt lat="43.026488" lon="82.342642"><ele>2482</ele></trkpt>
      <trkpt lat="43.026507" lon="82.342638"><ele>2482</ele></trkpt>
      <trkpt lat="43.026544" lon="82.342681"><ele>2481</ele></trkpt>
      <trkpt lat="43.026545" lon="82.342693"><ele>2480</ele></trkpt>
      <trkpt lat="43.026544" lon="82.342681"><ele>2480</ele></trkpt>
      <trkpt lat="43.026525" lon="82.342692"><ele>2481</ele></trkpt>
      <trkpt lat="43.026546" lon="82.342691"><ele>2480</ele></trkpt>
      <trkpt lat="43.026457" lon="82.342769"><ele>2481</ele></trkpt>
      <trkpt lat="43.026407" lon="82.342831"><ele>2481</ele></trkpt>
      <trkpt lat="43.026367" lon="82.34298"><ele>2479</ele></trkpt>
      <trkpt lat="43.026347" lon="82.342929"><ele>2479</ele></trkpt>
      <trkpt lat="43.026341" lon="82.342935"><ele>2479</ele></trkpt>
      <trkpt lat="43.026343" lon="82.342969"><ele>2479</ele></trkpt>
      <trkpt lat="43.026327" lon="82.343071"><ele>2478</ele></trkpt>
      <trkpt lat="43.026242" lon="82.343241"><ele>2477</ele></trkpt>
      <trkpt lat="43.026222" lon="82.343407"><ele>2477</ele></trkpt>
      <trkpt lat="43.02623" lon="82.343424"><ele>2477</ele></trkpt>
      <trkpt lat="43.026245" lon="82.343625"><ele>2477</ele></trkpt>
      <trkpt lat="43.026232" lon="82.343954"><ele>2477</ele></trkpt>
      <trkpt lat="43.026189" lon="82.344403"><ele>2477</ele></trkpt>
      <trkpt lat="43.026141" lon="82.344608"><ele>2477</ele></trkpt>
      <trkpt lat="43.026092" lon="82.344947"><ele>2478</ele></trkpt>
      <trkpt lat="43.02606" lon="82.345109"><ele>2478</ele></trkpt>
      <trkpt lat="43.026076" lon="82.345274"><ele>2478</ele></trkpt>
      <trkpt lat="43.026074" lon="82.345341"><ele>2478</ele></trkpt>
      <trkpt lat="43.026046" lon="82.345396"><ele>2478</ele></trkpt>
      <trkpt lat="43.025987" lon="82.345446"><ele>2479</ele></trkpt>
      <trkpt lat="43.025934" lon="82.345603"><ele>2479</ele></trkpt>
      <trkpt lat="43.025915" lon="82.345687"><ele>2480</ele></trkpt>
      <trkpt lat="43.025884" lon="82.345928"><ele>2480</ele></trkpt>
      <trkpt lat="43.025864" lon="82.346005"><ele>2480</ele></trkpt>
      <trkpt lat="43.025841" lon="82.34646"><ele>2480</ele></trkpt>
      <trkpt lat="43.025844" lon="82.346761"><ele>2481</ele></trkpt>
      <trkpt lat="43.025837" lon="82.346848"><ele>2481</ele></trkpt>
      <trkpt lat="43.025852" lon="82.34699"><ele>2482</ele></trkpt>
      <trkpt lat="43.025837" lon="82.347105"><ele>2482</ele></trkpt>
      <trkpt lat="43.025845" lon="82.347105"><ele>2482</ele></trkpt>
      <trkpt lat="43.025819" lon="82.347253"><ele>2483</ele></trkpt>
      <trkpt lat="43.025823" lon="82.347292"><ele>2483</ele></trkpt>
      <trkpt lat="43.025809" lon="82.347484"><ele>2483</ele></trkpt>
      <trkpt lat="43.025828" lon="82.347939"><ele>2483</ele></trkpt>
      <trkpt lat="43.025824" lon="82.348136"><ele>2483</ele></trkpt>
      <trkpt lat="43.025863" lon="82.348292"><ele>2483</ele></trkpt>
      <trkpt lat="43.025858" lon="82.348473"><ele>2485</ele></trkpt>
      <trkpt lat="43.025875" lon="82.348545"><ele>2486</ele></trkpt>
      <trkpt lat="43.025888" lon="82.348728"><ele>2487</ele></trkpt>
      <trkpt lat="43.025922" lon="82.348953"><ele>2488</ele></trkpt>
      <trkpt lat="43.025939" lon="82.349321"><ele>2492</ele></trkpt>
      <trkpt lat="43.025969" lon="82.349454"><ele>2493</ele></trkpt>
      <trkpt lat="43.026012" lon="82.349587"><ele>2494</ele></trkpt>
      <trkpt lat="43.026029" lon="82.349685"><ele>2495</ele></trkpt>
      <trkpt lat="43.026052" lon="82.34974"><ele>2496</ele></trkpt>
      <trkpt lat="43.026071" lon="82.349823"><ele>2498</ele></trkpt>
      <trkpt lat="43.026131" lon="82.349959"><ele>2499</ele></trkpt>
      <trkpt lat="43.026179" lon="82.350026"><ele>2500</ele></trkpt>
      <trkpt lat="43.026227" lon="82.350117"><ele>2501</ele></trkpt>
      <trkpt lat="43.026262" lon="82.350227"><ele>2503</ele></trkpt>
      <trkpt lat="43.026288" lon="82.350282"><ele>2504</ele></trkpt>
      <trkpt lat="43.026299" lon="82.350348"><ele>2505</ele></trkpt>
      <trkpt lat="43.026288" lon="82.35038"><ele>2506</ele></trkpt>
      <trkpt lat="43.026297" lon="82.350427"><ele>2507</ele></trkpt>
      <trkpt lat="43.026308" lon="82.350438"><ele>2508</ele></trkpt>
      <trkpt lat="43.026359" lon="82.350644"><ele>2510</ele></trkpt>
      <trkpt lat="43.026428" lon="82.350847"><ele>2512</ele></trkpt>
      <trkpt lat="43.026466" lon="82.351066"><ele>2514</ele></trkpt>
      <trkpt lat="43.026513" lon="82.351271"><ele>2516</ele></trkpt>
      <trkpt lat="43.026509" lon="82.351311"><ele>2516</ele></trkpt>
      <trkpt lat="43.026519" lon="82.351399"><ele>2517</ele></trkpt>
      <trkpt lat="43.026563" lon="82.351611"><ele>2519</ele></trkpt>
      <trkpt lat="43.026603" lon="82.351974"><ele>2522</ele></trkpt>
      <trkpt lat="43.026612" lon="82.352028"><ele>2522</ele></trkpt>
      <trkpt lat="43.02664" lon="82.352065"><ele>2523</ele></trkpt>
      <trkpt lat="43.026662" lon="82.352256"><ele>2524</ele></trkpt>
      <trkpt lat="43.026706" lon="82.35246"><ele>2526</ele></trkpt>
      <trkpt lat="43.026732" lon="82.352625"><ele>2527</ele></trkpt>
      <trkpt lat="43.026775" lon="82.352981"><ele>2531</ele></trkpt>
      <trkpt lat="43.026789" lon="82.353019"><ele>2531</ele></trkpt>
      <trkpt lat="43.026816" lon="82.353168"><ele>2532</ele></trkpt>
      <trkpt lat="43.026864" lon="82.353288"><ele>2533</ele></trkpt>
      <trkpt lat="43.026888" lon="82.353409"><ele>2533</ele></trkpt>
      <trkpt lat="43.027002" lon="82.353763"><ele>2534</ele></trkpt>
      <trkpt lat="43.027046" lon="82.353992"><ele>2534</ele></trkpt>
      <trkpt lat="43.02706" lon="82.354036"><ele>2534</ele></trkpt>
      <trkpt lat="43.027074" lon="82.354038"><ele>2535</ele></trkpt>
      <trkpt lat="43.027066" lon="82.354009"><ele>2534</ele></trkpt>
      <trkpt lat="43.027071" lon="82.354006"><ele>2534</ele></trkpt>
      <trkpt lat="43.027175" lon="82.354624"><ele>2535</ele></trkpt>
      <trkpt lat="43.027219" lon="82.355043"><ele>2539</ele></trkpt>
      <trkpt lat="43.027253" lon="82.355642"><ele>2546</ele></trkpt>
      <trkpt lat="43.027271" lon="82.355751"><ele>2547</ele></trkpt>
      <trkpt lat="43.027285" lon="82.355937"><ele>2548</ele></trkpt>
      <trkpt lat="43.027295" lon="82.355975"><ele>2548</ele></trkpt>
      <trkpt lat="43.027309" lon="82.356139"><ele>2549</ele></trkpt>
      <trkpt lat="43.027357" lon="82.356504"><ele>2551</ele></trkpt>
      <trkpt lat="43.027359" lon="82.356604"><ele>2551</ele></trkpt>
      <trkpt lat="43.027382" lon="82.356725"><ele>2551</ele></trkpt>
      <trkpt lat="43.027427" lon="82.356881"><ele>2552</ele></trkpt>
      <trkpt lat="43.027448" lon="82.357053"><ele>2552</ele></trkpt>
      <trkpt lat="43.027513" lon="82.357416"><ele>2551</ele></trkpt>
      <trkpt lat="43.027503" lon="82.357423"><ele>2552</ele></trkpt>
      <trkpt lat="43.027504" lon="82.357439"><ele>2551</ele></trkpt>
      <trkpt lat="43.027526" lon="82.35754"><ele>2551</ele></trkpt>
      <trkpt lat="43.02755" lon="82.357789"><ele>2551</ele></trkpt>
      <trkpt lat="43.027543" lon="82.357904"><ele>2551</ele></trkpt>
      <trkpt lat="43.027555" lon="82.35793"><ele>2551</ele></trkpt>
      <trkpt lat="43.027575" lon="82.358111"><ele>2551</ele></trkpt>
      <trkpt lat="43.027595" lon="82.358187"><ele>2551</ele></trkpt>
      <trkpt lat="43.027607" lon="82.358494"><ele>2553</ele></trkpt>
      <trkpt lat="43.027621" lon="82.358647"><ele>2554</ele></trkpt>
      <trkpt lat="43.027671" lon="82.3588"><ele>2554</ele></trkpt>
      <trkpt lat="43.02779" lon="82.359042"><ele>2553</ele></trkpt>
      <trkpt lat="43.027814" lon="82.359154"><ele>2553</ele></trkpt>
      <trkpt lat="43.027878" lon="82.359281"><ele>2554</ele></trkpt>
      <trkpt lat="43.02787" lon="82.359469"><ele>2555</ele></trkpt>
      <trkpt lat="43.027886" lon="82.359569"><ele>2555</ele></trkpt>
      <trkpt lat="43.027927" lon="82.359642"><ele>2556</ele></trkpt>
      <trkpt lat="43.027925" lon="82.359721"><ele>2557</ele></trkpt>
      <trkpt lat="43.027953" lon="82.359923"><ele>2558</ele></trkpt>
      <trkpt lat="43.027951" lon="82.359989"><ele>2558</ele></trkpt>
      <trkpt lat="43.027968" lon="82.360077"><ele>2558</ele></trkpt>
      <trkpt lat="43.027962" lon="82.360123"><ele>2559</ele></trkpt>
      <trkpt lat="43.027976" lon="82.36026"><ele>2560</ele></trkpt>
      <trkpt lat="43.027993" lon="82.360329"><ele>2561</ele></trkpt>
      <trkpt lat="43.028014" lon="82.360489"><ele>2563</ele></trkpt>
      <trkpt lat="43.028048" lon="82.360617"><ele>2563</ele></trkpt>
      <trkpt lat="43.02805" lon="82.360657"><ele>2564</ele></trkpt>
      <trkpt lat="43.028072" lon="82.360724"><ele>2566</ele></trkpt>
      <trkpt lat="43.028069" lon="82.360804"><ele>2565</ele></trkpt>
      <trkpt lat="43.028009" lon="82.360925"><ele>2566</ele></trkpt>
      <trkpt lat="43.027988" lon="82.361076"><ele>2568</ele></trkpt>
      <trkpt lat="43.027964" lon="82.361177"><ele>2569</ele></trkpt>
      <trkpt lat="43.027957" lon="82.361241"><ele>2570</ele></trkpt>
      <trkpt lat="43.027963" lon="82.361244"><ele>2571</ele></trkpt>
      <trkpt lat="43.027972" lon="82.361411"><ele>2572</ele></trkpt>
      <trkpt lat="43.027962" lon="82.361516"><ele>2573</ele></trkpt>
      <trkpt lat="43.027968" lon="82.36158"><ele>2574</ele></trkpt>
      <trkpt lat="43.027959" lon="82.361728"><ele>2575</ele></trkpt>
      <trkpt lat="43.027966" lon="82.361851"><ele>2575</ele></trkpt>
      <trkpt lat="43.02802" lon="82.362025"><ele>2578</ele></trkpt>
      <trkpt lat="43.028042" lon="82.362166"><ele>2580</ele></trkpt>
      <trkpt lat="43.028032" lon="82.362213"><ele>2581</ele></trkpt>
      <trkpt lat="43.028037" lon="82.362249"><ele>2581</ele></trkpt>
      <trkpt lat="43.028094" lon="82.362518"><ele>2583</ele></trkpt>
      <trkpt lat="43.028102" lon="82.362601"><ele>2583</ele></trkpt>
      <trkpt lat="43.028201" lon="82.362812"><ele>2586</ele></trkpt>
      <trkpt lat="43.028276" lon="82.362918"><ele>2587</ele></trkpt>
      <trkpt lat="43.028327" lon="82.362972"><ele>2588</ele></trkpt>
      <trkpt lat="43.028332" lon="82.362995"><ele>2588</ele></trkpt>
      <trkpt lat="43.028393" lon="82.36311"><ele>2589</ele></trkpt>
      <trkpt lat="43.028412" lon="82.363132"><ele>2590</ele></trkpt>
      <trkpt lat="43.028407" lon="82.363139"><ele>2590</ele></trkpt>
      <trkpt lat="43.028424" lon="82.36319"><ele>2591</ele></trkpt>
      <trkpt lat="43.028575" lon="82.363446"><ele>2593</ele></trkpt>
      <trkpt lat="43.028756" lon="82.363886"><ele>2597</ele></trkpt>
      <trkpt lat="43.028819" lon="82.364068"><ele>2599</ele></trkpt>
      <trkpt lat="43.028852" lon="82.364192"><ele>2600</ele></trkpt>
      <trkpt lat="43.028933" lon="82.36439"><ele>2601</ele></trkpt>
      <trkpt lat="43.029004" lon="82.364594"><ele>2602</ele></trkpt>
      <trkpt lat="43.02906" lon="82.364718"><ele>2602</ele></trkpt>
      <trkpt lat="43.029069" lon="82.364718"><ele>2603</ele></trkpt>
      <trkpt lat="43.029206" lon="82.365118"><ele>2606</ele></trkpt>
      <trkpt lat="43.029242" lon="82.365251"><ele>2606</ele></trkpt>
      <trkpt lat="43.029249" lon="82.365335"><ele>2607</ele></trkpt>
      <trkpt lat="43.029277" lon="82.365418"><ele>2607</ele></trkpt>
      <trkpt lat="43.029316" lon="82.365619"><ele>2608</ele></trkpt>
      <trkpt lat="43.029323" lon="82.365711"><ele>2608</ele></trkpt>
      <trkpt lat="43.029374" lon="82.365901"><ele>2610</ele></trkpt>
      <trkpt lat="43.029433" lon="82.366051"><ele>2610</ele></trkpt>
      <trkpt lat="43.029481" lon="82.366122"><ele>2610</ele></trkpt>
      <trkpt lat="43.029593" lon="82.366325"><ele>2612</ele></trkpt>
      <trkpt lat="43.029667" lon="82.366531"><ele>2613</ele></trkpt>
      <trkpt lat="43.02975" lon="82.366819"><ele>2614</ele></trkpt>
      <trkpt lat="43.029856" lon="82.367078"><ele>2615</ele></trkpt>
      <trkpt lat="43.029875" lon="82.367155"><ele>2615</ele></trkpt>
      <trkpt lat="43.02999" lon="82.367435"><ele>2616</ele></trkpt>
      <trkpt lat="43.02999" lon="82.36757"><ele>2617</ele></trkpt>
      <trkpt lat="43.030031" lon="82.367592"><ele>2617</ele></trkpt>
      <trkpt lat="43.030114" lon="82.3677"><ele>2618</ele></trkpt>
      <trkpt lat="43.030203" lon="82.367784"><ele>2618</ele></trkpt>
      <trkpt lat="43.030322" lon="82.367957"><ele>2619</ele></trkpt>
      <trkpt lat="43.030439" lon="82.368076"><ele>2620</ele></trkpt>
      <trkpt lat="43.030504" lon="82.368129"><ele>2620</ele></trkpt>
      <trkpt lat="43.030603" lon="82.368253"><ele>2620</ele></trkpt>
      <trkpt lat="43.030711" lon="82.368444"><ele>2619</ele></trkpt>
      <trkpt lat="43.030867" lon="82.368675"><ele>2617</ele></trkpt>
      <trkpt lat="43.030976" lon="82.368777"><ele>2616</ele></trkpt>
      <trkpt lat="43.031157" lon="82.369004"><ele>2614</ele></trkpt>
      <trkpt lat="43.031243" lon="82.369045"><ele>2612</ele></trkpt>
      <trkpt lat="43.031267" lon="82.369072"><ele>2612</ele></trkpt>
      <trkpt lat="43.031269" lon="82.369099"><ele>2612</ele></trkpt>
      <trkpt lat="43.031257" lon="82.369154"><ele>2613</ele></trkpt>
      <trkpt lat="43.031207" lon="82.369305"><ele>2613</ele></trkpt>
      <trkpt lat="43.031202" lon="82.369407"><ele>2613</ele></trkpt>
      <trkpt lat="43.031191" lon="82.369447"><ele>2613</ele></trkpt>
      <trkpt lat="43.031288" lon="82.369075"><ele>2613</ele></trkpt>
      <trkpt lat="43.031334" lon="82.369051"><ele>2613</ele></trkpt>
      <trkpt lat="43.031356" lon="82.36905"><ele>2613</ele></trkpt>
      <trkpt lat="43.031522" lon="82.368938"><ele>2613</ele></trkpt>
      <trkpt lat="43.031607" lon="82.368914"><ele>2613</ele></trkpt>
      <trkpt lat="43.031664" lon="82.368912"><ele>2613</ele></trkpt>
      <trkpt lat="43.031727" lon="82.368874"><ele>2613</ele></trkpt>
      <trkpt lat="43.031861" lon="82.368848"><ele>2614</ele></trkpt>
      <trkpt lat="43.031937" lon="82.368867"><ele>2613</ele></trkpt>
      <trkpt lat="43.031945" lon="82.368882"><ele>2613</ele></trkpt>
      <trkpt lat="43.031939" lon="82.368892"><ele>2613</ele></trkpt>
      <trkpt lat="43.031984" lon="82.368855"><ele>2614</ele></trkpt>
      <trkpt lat="43.032016" lon="82.368858"><ele>2614</ele></trkpt>
      <trkpt lat="43.0321" lon="82.368921"><ele>2614</ele></trkpt>
      <trkpt lat="43.032138" lon="82.368967"><ele>2614</ele></trkpt>
      <trkpt lat="43.03217" lon="82.369032"><ele>2613</ele></trkpt>
      <trkpt lat="43.032252" lon="82.369152"><ele>2614</ele></trkpt>
      <trkpt lat="43.032269" lon="82.369173"><ele>2614</ele></trkpt>
      <trkpt lat="43.032328" lon="82.369206"><ele>2614</ele></trkpt>
      <trkpt lat="43.03251" lon="82.369455"><ele>2614</ele></trkpt>
      <trkpt lat="43.032655" lon="82.369596"><ele>2617</ele></trkpt>
      <trkpt lat="43.032762" lon="82.369675"><ele>2618</ele></trkpt>
      <trkpt lat="43.032841" lon="82.369764"><ele>2618</ele></trkpt>
      <trkpt lat="43.032827" lon="82.369761"><ele>2619</ele></trkpt>
      <trkpt lat="43.032841" lon="82.369767"><ele>2619</ele></trkpt>
      <trkpt lat="43.032819" lon="82.369928"><ele>2619</ele></trkpt>
      <trkpt lat="43.032821" lon="82.369997"><ele>2620</ele></trkpt>
      <trkpt lat="43.032846" lon="82.370096"><ele>2621</ele></trkpt>
      <trkpt lat="43.032841" lon="82.370087"><ele>2621</ele></trkpt>
      <trkpt lat="43.032794" lon="82.370108"><ele>2621</ele></trkpt>
      <trkpt lat="43.032613" lon="82.370215"><ele>2622</ele></trkpt>
      <trkpt lat="43.032535" lon="82.370241"><ele>2622</ele></trkpt>
      <trkpt lat="43.032517" lon="82.370257"><ele>2622</ele></trkpt>
      <trkpt lat="43.032389" lon="82.370272"><ele>2622</ele></trkpt>
      <trkpt lat="43.032328" lon="82.370293"><ele>2623</ele></trkpt>
      <trkpt lat="43.03223" lon="82.370301"><ele>2623</ele></trkpt>
      <trkpt lat="43.032124" lon="82.370355"><ele>2625</ele></trkpt>
      <trkpt lat="43.03208" lon="82.370407"><ele>2626</ele></trkpt>
      <trkpt lat="43.032026" lon="82.370445"><ele>2627</ele></trkpt>
      <trkpt lat="43.031944" lon="82.370524"><ele>2629</ele></trkpt>
      <trkpt lat="43.031906" lon="82.370603"><ele>2631</ele></trkpt>
      <trkpt lat="43.031884" lon="82.370617"><ele>2632</ele></trkpt>
      <trkpt lat="43.031808" lon="82.370726"><ele>2632</ele></trkpt>
      <trkpt lat="43.031717" lon="82.370938"><ele>2632</ele></trkpt>
      <trkpt lat="43.031689" lon="82.370966"><ele>2632</ele></trkpt>
      <trkpt lat="43.031635" lon="82.371066"><ele>2633</ele></trkpt>
      <trkpt lat="43.031407" lon="82.371649"><ele>2635</ele></trkpt>
      <trkpt lat="43.031411" lon="82.371619"><ele>2634</ele></trkpt>
      <trkpt lat="43.031365" lon="82.37171"><ele>2634</ele></trkpt>
      <trkpt lat="43.031335" lon="82.371789"><ele>2634</ele></trkpt>
      <trkpt lat="43.031214" lon="82.372023"><ele>2634</ele></trkpt>
      <trkpt lat="43.031145" lon="82.372186"><ele>2635</ele></trkpt>
      <trkpt lat="43.030946" lon="82.37253"><ele>2636</ele></trkpt>
      <trkpt lat="43.03092" lon="82.372632"><ele>2637</ele></trkpt>
      <trkpt lat="43.030921" lon="82.37268"><ele>2638</ele></trkpt>
      <trkpt lat="43.0309" lon="82.372803"><ele>2641</ele></trkpt>
      <trkpt lat="43.030906" lon="82.372855"><ele>2642</ele></trkpt>
      <trkpt lat="43.030901" lon="82.372929"><ele>2643</ele></trkpt>
      <trkpt lat="43.030908" lon="82.372939"><ele>2643</ele></trkpt>
      <trkpt lat="43.030903" lon="82.373033"><ele>2644</ele></trkpt>
      <trkpt lat="43.03093" lon="82.373211"><ele>2647</ele></trkpt>
      <trkpt lat="43.030995" lon="82.373361"><ele>2650</ele></trkpt>
      <trkpt lat="43.031045" lon="82.37355"><ele>2653</ele></trkpt>
      <trkpt lat="43.031099" lon="82.373653"><ele>2655</ele></trkpt>
      <trkpt lat="43.031169" lon="82.373767"><ele>2657</ele></trkpt>
      <trkpt lat="43.031226" lon="82.373836"><ele>2660</ele></trkpt>
      <trkpt lat="43.031303" lon="82.373896"><ele>2661</ele></trkpt>
      <trkpt lat="43.031352" lon="82.373951"><ele>2662</ele></trkpt>
      <trkpt lat="43.031368" lon="82.373983"><ele>2662</ele></trkpt>
      <trkpt lat="43.031557" lon="82.374097"><ele>2664</ele></trkpt>
      <trkpt lat="43.031555" lon="82.374104"><ele>2663</ele></trkpt>
      <trkpt lat="43.031549" lon="82.374091"><ele>2664</ele></trkpt>
      <trkpt lat="43.03161" lon="82.374091"><ele>2665</ele></trkpt>
      <trkpt lat="43.031681" lon="82.374133"><ele>2665</ele></trkpt>
      <trkpt lat="43.031672" lon="82.37412"><ele>2663</ele></trkpt>
      <trkpt lat="43.031681" lon="82.374133"><ele>2664</ele></trkpt>
      <trkpt lat="43.031674" lon="82.374143"><ele>2663</ele></trkpt>
      <trkpt lat="43.031724" lon="82.374152"><ele>2664</ele></trkpt>
      <trkpt lat="43.031811" lon="82.374193"><ele>2663</ele></trkpt>
      <trkpt lat="43.031906" lon="82.374195"><ele>2663</ele></trkpt>
      <trkpt lat="43.03205" lon="82.374165"><ele>2662</ele></trkpt>
      <trkpt lat="43.032275" lon="82.374221"><ele>2661</ele></trkpt>
      <trkpt lat="43.032456" lon="82.374284"><ele>2661</ele></trkpt>
      <trkpt lat="43.032613" lon="82.374361"><ele>2661</ele></trkpt>
      <trkpt lat="43.032759" lon="82.374454"><ele>2661</ele></trkpt>
      <trkpt lat="43.03304" lon="82.374726"><ele>2661</ele></trkpt>
      <trkpt lat="43.033256" lon="82.374876"><ele>2662</ele></trkpt>
      <trkpt lat="43.033304" lon="82.374919"><ele>2662</ele></trkpt>
      <trkpt lat="43.0336" lon="82.375226"><ele>2664</ele></trkpt>
      <trkpt lat="43.033644" lon="82.375252"><ele>2665</ele></trkpt>
      <trkpt lat="43.033652" lon="82.375267"><ele>2665</ele></trkpt>
      <trkpt lat="43.033658" lon="82.375263"><ele>2665</ele></trkpt>
      <trkpt lat="43.033728" lon="82.375353"><ele>2665</ele></trkpt>
      <trkpt lat="43.033785" lon="82.375409"><ele>2665</ele></trkpt>
      <trkpt lat="43.033819" lon="82.375471"><ele>2666</ele></trkpt>
      <trkpt lat="43.033863" lon="82.375527"><ele>2665</ele></trkpt>
      <trkpt lat="43.03406" lon="82.375731"><ele>2667</ele></trkpt>
      <trkpt lat="43.034141" lon="82.37579"><ele>2668</ele></trkpt>
      <trkpt lat="43.034213" lon="82.375792"><ele>2667</ele></trkpt>
      <trkpt lat="43.034215" lon="82.375784"><ele>2667</ele></trkpt>
      <trkpt lat="43.034205" lon="82.375816"><ele>2667</ele></trkpt>
      <trkpt lat="43.03423" lon="82.37588"><ele>2668</ele></trkpt>
      <trkpt lat="43.03426" lon="82.375919"><ele>2668</ele></trkpt>
      <trkpt lat="43.034304" lon="82.375955"><ele>2668</ele></trkpt>
      <trkpt lat="43.034298" lon="82.375959"><ele>2668</ele></trkpt>
      <trkpt lat="43.034299" lon="82.375987"><ele>2668</ele></trkpt>
      <trkpt lat="43.034456" lon="82.376187"><ele>2669</ele></trkpt>
      <trkpt lat="43.034482" lon="82.376196"><ele>2669</ele></trkpt>
      <trkpt lat="43.034679" lon="82.376549"><ele>2670</ele></trkpt>
      <trkpt lat="43.034723" lon="82.376597"><ele>2671</ele></trkpt>
      <trkpt lat="43.034824" lon="82.376771"><ele>2672</ele></trkpt>
      <trkpt lat="43.034826" lon="82.376817"><ele>2672</ele></trkpt>
      <trkpt lat="43.034919" lon="82.376993"><ele>2673</ele></trkpt>
      <trkpt lat="43.034945" lon="82.377157"><ele>2673</ele></trkpt>
      <trkpt lat="43.034951" lon="82.377332"><ele>2674</ele></trkpt>
      <trkpt lat="43.034923" lon="82.377514"><ele>2674</ele></trkpt>
      <trkpt lat="43.034908" lon="82.377535"><ele>2674</ele></trkpt>
      <trkpt lat="43.034868" lon="82.377726"><ele>2673</ele></trkpt>
      <trkpt lat="43.034868" lon="82.377798"><ele>2672</ele></trkpt>
      <trkpt lat="43.034842" lon="82.377959"><ele>2672</ele></trkpt>
      <trkpt lat="43.034824" lon="82.37816"><ele>2671</ele></trkpt>
      <trkpt lat="43.034837" lon="82.378235"><ele>2671</ele></trkpt>
      <trkpt lat="43.034892" lon="82.378253"><ele>2671</ele></trkpt>
      <trkpt lat="43.034881" lon="82.37825"><ele>2670</ele></trkpt>
      <trkpt lat="43.034842" lon="82.378286"><ele>2672</ele></trkpt>
      <trkpt lat="43.034817" lon="82.378354"><ele>2672</ele></trkpt>
      <trkpt lat="43.034813" lon="82.378413"><ele>2672</ele></trkpt>
      <trkpt lat="43.034839" lon="82.378602"><ele>2670</ele></trkpt>
      <trkpt lat="43.034885" lon="82.378819"><ele>2670</ele></trkpt>
      <trkpt lat="43.034903" lon="82.378892"><ele>2670</ele></trkpt>
      <trkpt lat="43.034935" lon="82.378952"><ele>2670</ele></trkpt>
      <trkpt lat="43.034959" lon="82.379042"><ele>2670</ele></trkpt>
      <trkpt lat="43.034983" lon="82.379142"><ele>2669</ele></trkpt>
      <trkpt lat="43.034988" lon="82.379222"><ele>2670</ele></trkpt>
      <trkpt lat="43.035017" lon="82.37936"><ele>2670</ele></trkpt>
      <trkpt lat="43.035082" lon="82.37956"><ele>2670</ele></trkpt>
      <trkpt lat="43.035093" lon="82.379695"><ele>2670</ele></trkpt>
      <trkpt lat="43.035159" lon="82.38002"><ele>2671</ele></trkpt>
      <trkpt lat="43.035164" lon="82.380165"><ele>2672</ele></trkpt>
      <trkpt lat="43.035241" lon="82.380691"><ele>2674</ele></trkpt>
      <trkpt lat="43.035234" lon="82.380811"><ele>2675</ele></trkpt>
      <trkpt lat="43.035248" lon="82.380975"><ele>2675</ele></trkpt>
      <trkpt lat="43.035243" lon="82.380986"><ele>2675</ele></trkpt>
      <trkpt lat="43.035249" lon="82.380983"><ele>2676</ele></trkpt>
      <trkpt lat="43.035244" lon="82.381104"><ele>2676</ele></trkpt>
      <trkpt lat="43.035257" lon="82.381184"><ele>2677</ele></trkpt>
      <trkpt lat="43.035255" lon="82.381316"><ele>2677</ele></trkpt>
      <trkpt lat="43.035265" lon="82.381487"><ele>2678</ele></trkpt>
      <trkpt lat="43.035318" lon="82.381928"><ele>2682</ele></trkpt>
      <trkpt lat="43.035311" lon="82.382068"><ele>2683</ele></trkpt>
      <trkpt lat="43.035326" lon="82.382054"><ele>2684</ele></trkpt>
      <trkpt lat="43.035239" lon="82.382506"><ele>2689</ele></trkpt>
      <trkpt lat="43.035224" lon="82.382656"><ele>2692</ele></trkpt>
      <trkpt lat="43.035191" lon="82.382787"><ele>2694</ele></trkpt>
      <trkpt lat="43.035196" lon="82.382986"><ele>2696</ele></trkpt>
      <trkpt lat="43.035167" lon="82.383062"><ele>2698</ele></trkpt>
      <trkpt lat="43.035153" lon="82.383051"><ele>2698</ele></trkpt>
      <trkpt lat="43.035191" lon="82.383349"><ele>2700</ele></trkpt>
      <trkpt lat="43.035195" lon="82.383438"><ele>2701</ele></trkpt>
      <trkpt lat="43.03522" lon="82.383521"><ele>2700</ele></trkpt>
      <trkpt lat="43.035234" lon="82.383639"><ele>2699</ele></trkpt>
      <trkpt lat="43.035259" lon="82.383714"><ele>2700</ele></trkpt>
      <trkpt lat="43.035311" lon="82.384051"><ele>2699</ele></trkpt>
      <trkpt lat="43.035372" lon="82.384356"><ele>2697</ele></trkpt>
      <trkpt lat="43.035395" lon="82.384542"><ele>2696</ele></trkpt>
      <trkpt lat="43.035415" lon="82.384874"><ele>2694</ele></trkpt>
      <trkpt lat="43.035447" lon="82.385154"><ele>2695</ele></trkpt>
      <trkpt lat="43.035465" lon="82.385229"><ele>2695</ele></trkpt>
      <trkpt lat="43.03548" lon="82.385536"><ele>2696</ele></trkpt>
      <trkpt lat="43.035506" lon="82.385714"><ele>2697</ele></trkpt>
      <trkpt lat="43.035532" lon="82.385785"><ele>2697</ele></trkpt>
      <trkpt lat="43.035561" lon="82.385935"><ele>2698</ele></trkpt>
      <trkpt lat="43.035573" lon="82.386065"><ele>2698</ele></trkpt>
      <trkpt lat="43.035601" lon="82.38614"><ele>2698</ele></trkpt>
      <trkpt lat="43.035583" lon="82.386218"><ele>2698</ele></trkpt>
      <trkpt lat="43.03554" lon="82.386306"><ele>2699</ele></trkpt>
      <trkpt lat="43.035526" lon="82.386442"><ele>2700</ele></trkpt>
      <trkpt lat="43.035527" lon="82.386537"><ele>2701</ele></trkpt>
      <trkpt lat="43.035563" lon="82.386633"><ele>2702</ele></trkpt>
      <trkpt lat="43.035584" lon="82.38664"><ele>2703</ele></trkpt>
      <trkpt lat="43.035575" lon="82.386612"><ele>2703</ele></trkpt>
      <trkpt lat="43.035606" lon="82.386745"><ele>2703</ele></trkpt>
      <trkpt lat="43.035631" lon="82.386787"><ele>2703</ele></trkpt>
      <trkpt lat="43.035691" lon="82.386951"><ele>2704</ele></trkpt>
      <trkpt lat="43.035697" lon="82.386993"><ele>2704</ele></trkpt>
      <trkpt lat="43.035728" lon="82.387086"><ele>2705</ele></trkpt>
      <trkpt lat="43.035767" lon="82.38733"><ele>2706</ele></trkpt>
      <trkpt lat="43.035771" lon="82.387323"><ele>2706</ele></trkpt>
      <trkpt lat="43.035777" lon="82.38738"><ele>2707</ele></trkpt>
      <trkpt lat="43.035812" lon="82.387512"><ele>2707</ele></trkpt>
      <trkpt lat="43.03582" lon="82.387643"><ele>2708</ele></trkpt>
      <trkpt lat="43.035853" lon="82.3878"><ele>2708</ele></trkpt>
      <trkpt lat="43.0359" lon="82.387941"><ele>2709</ele></trkpt>
      <trkpt lat="43.035918" lon="82.388033"><ele>2709</ele></trkpt>
      <trkpt lat="43.035946" lon="82.388026"><ele>2710</ele></trkpt>
      <trkpt lat="43.035976" lon="82.388046"><ele>2707</ele></trkpt>
      <trkpt lat="43.035968" lon="82.388038"><ele>2707</ele></trkpt>
      <trkpt lat="43.035945" lon="82.388062"><ele>2707</ele></trkpt>
      <trkpt lat="43.03594" lon="82.3881"><ele>2707</ele></trkpt>
      <trkpt lat="43.035941" lon="82.388176"><ele>2707</ele></trkpt>
      <trkpt lat="43.035961" lon="82.388255"><ele>2707</ele></trkpt>
      <trkpt lat="43.036095" lon="82.388534"><ele>2709</ele></trkpt>
      <trkpt lat="43.036189" lon="82.388659"><ele>2710</ele></trkpt>
      <trkpt lat="43.03626" lon="82.388896"><ele>2713</ele></trkpt>
      <trkpt lat="43.036288" lon="82.389046"><ele>2714</ele></trkpt>
      <trkpt lat="43.036311" lon="82.389113"><ele>2714</ele></trkpt>
      <trkpt lat="43.03632" lon="82.3892"><ele>2715</ele></trkpt>
      <trkpt lat="43.036365" lon="82.389281"><ele>2715</ele></trkpt>
      <trkpt lat="43.036396" lon="82.389308"><ele>2717</ele></trkpt>
      <trkpt lat="43.036417" lon="82.389366"><ele>2717</ele></trkpt>
      <trkpt lat="43.036496" lon="82.389697"><ele>2719</ele></trkpt>
      <trkpt lat="43.036516" lon="82.389991"><ele>2721</ele></trkpt>
      <trkpt lat="43.036534" lon="82.390101"><ele>2722</ele></trkpt>
      <trkpt lat="43.036525" lon="82.390114"><ele>2723</ele></trkpt>
      <trkpt lat="43.036581" lon="82.390428"><ele>2725</ele></trkpt>
      <trkpt lat="43.036611" lon="82.390551"><ele>2727</ele></trkpt>
      <trkpt lat="43.036719" lon="82.3909"><ele>2729</ele></trkpt>
      <trkpt lat="43.036727" lon="82.390948"><ele>2730</ele></trkpt>
      <trkpt lat="43.036753" lon="82.391014"><ele>2731</ele></trkpt>
      <trkpt lat="43.036756" lon="82.391003"><ele>2731</ele></trkpt>
      <trkpt lat="43.036704" lon="82.390863"><ele>2730</ele></trkpt>
      <trkpt lat="43.036731" lon="82.390936"><ele>2729</ele></trkpt>
      <trkpt lat="43.03673" lon="82.390996"><ele>2730</ele></trkpt>
      <trkpt lat="43.0368" lon="82.391199"><ele>2732</ele></trkpt>
      <trkpt lat="43.036815" lon="82.391283"><ele>2733</ele></trkpt>
      <trkpt lat="43.036802" lon="82.391338"><ele>2733</ele></trkpt>
      <trkpt lat="43.036932" lon="82.391567"><ele>2736</ele></trkpt>
      <trkpt lat="43.036924" lon="82.391573"><ele>2737</ele></trkpt>
      <trkpt lat="43.036927" lon="82.391632"><ele>2737</ele></trkpt>
      <trkpt lat="43.036943" lon="82.391791"><ele>2738</ele></trkpt>
      <trkpt lat="43.036971" lon="82.391923"><ele>2739</ele></trkpt>
      <trkpt lat="43.036983" lon="82.392144"><ele>2741</ele></trkpt>
      <trkpt lat="43.037039" lon="82.392319"><ele>2743</ele></trkpt>
      <trkpt lat="43.037042" lon="82.392437"><ele>2744</ele></trkpt>
      <trkpt lat="43.037099" lon="82.392707"><ele>2745</ele></trkpt>
      <trkpt lat="43.03718" lon="82.392936"><ele>2747</ele></trkpt>
      <trkpt lat="43.037196" lon="82.393006"><ele>2748</ele></trkpt>
      <trkpt lat="43.037187" lon="82.39301"><ele>2748</ele></trkpt>
      <trkpt lat="43.037161" lon="82.393071"><ele>2749</ele></trkpt>
      <trkpt lat="43.03712" lon="82.393136"><ele>2749</ele></trkpt>
      <trkpt lat="43.036992" lon="82.393316"><ele>2749</ele></trkpt>
      <trkpt lat="43.036913" lon="82.393516"><ele>2750</ele></trkpt>
      <trkpt lat="43.036853" lon="82.393713"><ele>2751</ele></trkpt>
      <trkpt lat="43.036834" lon="82.393798"><ele>2751</ele></trkpt>
      <trkpt lat="43.036837" lon="82.393822"><ele>2752</ele></trkpt>
      <trkpt lat="43.036799" lon="82.394091"><ele>2752</ele></trkpt>
      <trkpt lat="43.036794" lon="82.39425"><ele>2753</ele></trkpt>
      <trkpt lat="43.036776" lon="82.394325"><ele>2753</ele></trkpt>
      <trkpt lat="43.036775" lon="82.39441"><ele>2754</ele></trkpt>
      <trkpt lat="43.036697" lon="82.394723"><ele>2755</ele></trkpt>
      <trkpt lat="43.036669" lon="82.394869"><ele>2756</ele></trkpt>
      <trkpt lat="43.036662" lon="82.394947"><ele>2756</ele></trkpt>
      <trkpt lat="43.036617" lon="82.395106"><ele>2757</ele></trkpt>
      <trkpt lat="43.036546" lon="82.395266"><ele>2757</ele></trkpt>
      <trkpt lat="43.036491" lon="82.395428"><ele>2757</ele></trkpt>
      <trkpt lat="43.036422" lon="82.395647"><ele>2756</ele></trkpt>
      <trkpt lat="43.036416" lon="82.395702"><ele>2756</ele></trkpt>
      <trkpt lat="43.036385" lon="82.395816"><ele>2756</ele></trkpt>
      <trkpt lat="43.036357" lon="82.395893"><ele>2755</ele></trkpt>
      <trkpt lat="43.036332" lon="82.395907"><ele>2755</ele></trkpt>
      <trkpt lat="43.03634" lon="82.395915"><ele>2755</ele></trkpt>
      <trkpt lat="43.036332" lon="82.395907"><ele>2755</ele></trkpt>
      <trkpt lat="43.036336" lon="82.395929"><ele>2756</ele></trkpt>
      <trkpt lat="43.036303" lon="82.39605"><ele>2755</ele></trkpt>
      <trkpt lat="43.036273" lon="82.396241"><ele>2754</ele></trkpt>
      <trkpt lat="43.036267" lon="82.396356"><ele>2753</ele></trkpt>
      <trkpt lat="43.036258" lon="82.396565"><ele>2752</ele></trkpt>
      <trkpt lat="43.036267" lon="82.396863"><ele>2751</ele></trkpt>
      <trkpt lat="43.036289" lon="82.397031"><ele>2750</ele></trkpt>
      <trkpt lat="43.036288" lon="82.397087"><ele>2749</ele></trkpt>
      <trkpt lat="43.03642" lon="82.397771"><ele>2750</ele></trkpt>
      <trkpt lat="43.036453" lon="82.397834"><ele>2751</ele></trkpt>
      <trkpt lat="43.036477" lon="82.397929"><ele>2751</ele></trkpt>
      <trkpt lat="43.036527" lon="82.398029"><ele>2752</ele></trkpt>
      <trkpt lat="43.036533" lon="82.398098"><ele>2753</ele></trkpt>
      <trkpt lat="43.036728" lon="82.39857"><ele>2757</ele></trkpt>
      <trkpt lat="43.036774" lon="82.398715"><ele>2758</ele></trkpt>
      <trkpt lat="43.036768" lon="82.398718"><ele>2758</ele></trkpt>
      <trkpt lat="43.036774" lon="82.398713"><ele>2759</ele></trkpt>
      <trkpt lat="43.03677" lon="82.39875"><ele>2759</ele></trkpt>
      <trkpt lat="43.036803" lon="82.398869"><ele>2759</ele></trkpt>
      <trkpt lat="43.036833" lon="82.39893"><ele>2760</ele></trkpt>
      <trkpt lat="43.036865" lon="82.399065"><ele>2762</ele></trkpt>
      <trkpt lat="43.036888" lon="82.399125"><ele>2762</ele></trkpt>
      <trkpt lat="43.036937" lon="82.399343"><ele>2765</ele></trkpt>
      <trkpt lat="43.036991" lon="82.399683"><ele>2768</ele></trkpt>
      <trkpt lat="43.036965" lon="82.399766"><ele>2768</ele></trkpt>
      <trkpt lat="43.036931" lon="82.399824"><ele>2769</ele></trkpt>
      <trkpt lat="43.037077" lon="82.400062"><ele>2769</ele></trkpt>
      <trkpt lat="43.03715" lon="82.400211"><ele>2771</ele></trkpt>
      <trkpt lat="43.037259" lon="82.400546"><ele>2770</ele></trkpt>
      <trkpt lat="43.037269" lon="82.400801"><ele>2769</ele></trkpt>
      <trkpt lat="43.037268" lon="82.401107"><ele>2768</ele></trkpt>
      <trkpt lat="43.037286" lon="82.401304"><ele>2767</ele></trkpt>
      <trkpt lat="43.037245" lon="82.401482"><ele>2766</ele></trkpt>
      <trkpt lat="43.037222" lon="82.401545"><ele>2766</ele></trkpt>
      <trkpt lat="43.037229" lon="82.401808"><ele>2765</ele></trkpt>
      <trkpt lat="43.037222" lon="82.401832"><ele>2765</ele></trkpt>
      <trkpt lat="43.037219" lon="82.402005"><ele>2765</ele></trkpt>
      <trkpt lat="43.037194" lon="82.402298"><ele>2764</ele></trkpt>
      <trkpt lat="43.037161" lon="82.402567"><ele>2765</ele></trkpt>
      <trkpt lat="43.037159" lon="82.402648"><ele>2765</ele></trkpt>
      <trkpt lat="43.037098" lon="82.403044"><ele>2766</ele></trkpt>
      <trkpt lat="43.037049" lon="82.403226"><ele>2767</ele></trkpt>
      <trkpt lat="43.037009" lon="82.403585"><ele>2770</ele></trkpt>
      <trkpt lat="43.036982" lon="82.403709"><ele>2771</ele></trkpt>
      <trkpt lat="43.037013" lon="82.403988"><ele>2773</ele></trkpt>
      <trkpt lat="43.037016" lon="82.404132"><ele>2774</ele></trkpt>
      <trkpt lat="43.037034" lon="82.404268"><ele>2775</ele></trkpt>
      <trkpt lat="43.037025" lon="82.404462"><ele>2777</ele></trkpt>
      <trkpt lat="43.037036" lon="82.404598"><ele>2777</ele></trkpt>
      <trkpt lat="43.037073" lon="82.404715"><ele>2778</ele></trkpt>
      <trkpt lat="43.037099" lon="82.404765"><ele>2778</ele></trkpt>
      <trkpt lat="43.037162" lon="82.405103"><ele>2782</ele></trkpt>
      <trkpt lat="43.037299" lon="82.405402"><ele>2783</ele></trkpt>
      <trkpt lat="43.037349" lon="82.405578"><ele>2785</ele></trkpt>
      <trkpt lat="43.037435" lon="82.40579"><ele>2786</ele></trkpt>
      <trkpt lat="43.037484" lon="82.405885"><ele>2788</ele></trkpt>
      <trkpt lat="43.037483" lon="82.405866"><ele>2787</ele></trkpt>
      <trkpt lat="43.037509" lon="82.405944"><ele>2787</ele></trkpt>
      <trkpt lat="43.037662" lon="82.406168"><ele>2788</ele></trkpt>
      <trkpt lat="43.037715" lon="82.406223"><ele>2789</ele></trkpt>
      <trkpt lat="43.037774" lon="82.406314"><ele>2790</ele></trkpt>
      <trkpt lat="43.037829" lon="82.406355"><ele>2790</ele></trkpt>
      <trkpt lat="43.038087" lon="82.406652"><ele>2792</ele></trkpt>
      <trkpt lat="43.038127" lon="82.406712"><ele>2792</ele></trkpt>
      <trkpt lat="43.038185" lon="82.406847"><ele>2793</ele></trkpt>
      <trkpt lat="43.038292" lon="82.407034"><ele>2793</ele></trkpt>
      <trkpt lat="43.03826" lon="82.40709"><ele>2793</ele></trkpt>
      <trkpt lat="43.038227" lon="82.407103"><ele>2793</ele></trkpt>
      <trkpt lat="43.038205" lon="82.407082"><ele>2794</ele></trkpt>
      <trkpt lat="43.038201" lon="82.407061"><ele>2794</ele></trkpt>
      <trkpt lat="43.038121" lon="82.407116"><ele>2794</ele></trkpt>
      <trkpt lat="43.037971" lon="82.407189"><ele>2795</ele></trkpt>
      <trkpt lat="43.037939" lon="82.40724"><ele>2795</ele></trkpt>
      <trkpt lat="43.037872" lon="82.407301"><ele>2795</ele></trkpt>
      <trkpt lat="43.037658" lon="82.407437"><ele>2798</ele></trkpt>
      <trkpt lat="43.037667" lon="82.407522"><ele>2799</ele></trkpt>
      <trkpt lat="43.03759" lon="82.407586"><ele>2800</ele></trkpt>
      <trkpt lat="43.03757" lon="82.407619"><ele>2800</ele></trkpt>
      <trkpt lat="43.03747" lon="82.407649"><ele>2802</ele></trkpt>
      <trkpt lat="43.037471" lon="82.407658"><ele>2803</ele></trkpt>
      <trkpt lat="43.037432" lon="82.407705"><ele>2803</ele></trkpt>
      <trkpt lat="43.037319" lon="82.407788"><ele>2804</ele></trkpt>
      <trkpt lat="43.03724" lon="82.40804"><ele>2805</ele></trkpt>
      <trkpt lat="43.037188" lon="82.408453"><ele>2809</ele></trkpt>
      <trkpt lat="43.037196" lon="82.408463"><ele>2810</ele></trkpt>
      <trkpt lat="43.037188" lon="82.408453"><ele>2810</ele></trkpt>
      <trkpt lat="43.037197" lon="82.408457"><ele>2810</ele></trkpt>
      <trkpt lat="43.037198" lon="82.408449"><ele>2810</ele></trkpt>
      <trkpt lat="43.037188" lon="82.408453"><ele>2810</ele></trkpt>
      <trkpt lat="43.037198" lon="82.40845"><ele>2810</ele></trkpt>
      <trkpt lat="43.037198" lon="82.408484"><ele>2809</ele></trkpt>
      <trkpt lat="43.037196" lon="82.408453"><ele>2809</ele></trkpt>
      <trkpt lat="43.037171" lon="82.408517"><ele>2810</ele></trkpt>
      <trkpt lat="43.037096" lon="82.408845"><ele>2812</ele></trkpt>
      <trkpt lat="43.037087" lon="82.408839"><ele>2812</ele></trkpt>
      <trkpt lat="43.037075" lon="82.408851"><ele>2812</ele></trkpt>
      <trkpt lat="43.037062" lon="82.408891"><ele>2813</ele></trkpt>
      <trkpt lat="43.037014" lon="82.40921"><ele>2815</ele></trkpt>
      <trkpt lat="43.037003" lon="82.409383"><ele>2817</ele></trkpt>
      <trkpt lat="43.036943" lon="82.409867"><ele>2821</ele></trkpt>
      <trkpt lat="43.036936" lon="82.410064"><ele>2824</ele></trkpt>
      <trkpt lat="43.036917" lon="82.410237"><ele>2825</ele></trkpt>
      <trkpt lat="43.036901" lon="82.410657"><ele>2829</ele></trkpt>
      <trkpt lat="43.036887" lon="82.410771"><ele>2830</ele></trkpt>
      <trkpt lat="43.036893" lon="82.411068"><ele>2833</ele></trkpt>
      <trkpt lat="43.036919" lon="82.411242"><ele>2834</ele></trkpt>
      <trkpt lat="43.036918" lon="82.411286"><ele>2834</ele></trkpt>
      <trkpt lat="43.036965" lon="82.411488"><ele>2834</ele></trkpt>
      <trkpt lat="43.037009" lon="82.411806"><ele>2835</ele></trkpt>
      <trkpt lat="43.037069" lon="82.412128"><ele>2834</ele></trkpt>
      <trkpt lat="43.037177" lon="82.412853"><ele>2837</ele></trkpt>
      <trkpt lat="43.03717" lon="82.41288"><ele>2838</ele></trkpt>
      <trkpt lat="43.037187" lon="82.413096"><ele>2839</ele></trkpt>
      <trkpt lat="43.037184" lon="82.413179"><ele>2840</ele></trkpt>
      <trkpt lat="43.037202" lon="82.41319"><ele>2840</ele></trkpt>
      <trkpt lat="43.037217" lon="82.413225"><ele>2841</ele></trkpt>
      <trkpt lat="43.037204" lon="82.413383"><ele>2842</ele></trkpt>
      <trkpt lat="43.037208" lon="82.413443"><ele>2842</ele></trkpt>
      <trkpt lat="43.03719" lon="82.41359"><ele>2843</ele></trkpt>
      <trkpt lat="43.037195" lon="82.41364"><ele>2844</ele></trkpt>
      <trkpt lat="43.037185" lon="82.413662"><ele>2844</ele></trkpt>
      <trkpt lat="43.037184" lon="82.413721"><ele>2845</ele></trkpt>
      <trkpt lat="43.037169" lon="82.413777"><ele>2845</ele></trkpt>
      <trkpt lat="43.037161" lon="82.413915"><ele>2846</ele></trkpt>
      <trkpt lat="43.037146" lon="82.413984"><ele>2847</ele></trkpt>
      <trkpt lat="43.037126" lon="82.414278"><ele>2849</ele></trkpt>
      <trkpt lat="43.037104" lon="82.4144"><ele>2850</ele></trkpt>
      <trkpt lat="43.037095" lon="82.414503"><ele>2850</ele></trkpt>
      <trkpt lat="43.03709" lon="82.414726"><ele>2852</ele></trkpt>
      <trkpt lat="43.037059" lon="82.414899"><ele>2853</ele></trkpt>
      <trkpt lat="43.037059" lon="82.414984"><ele>2854</ele></trkpt>
      <trkpt lat="43.037053" lon="82.414969"><ele>2854</ele></trkpt>
      <trkpt lat="43.037052" lon="82.415127"><ele>2853</ele></trkpt>
      <trkpt lat="43.037085" lon="82.415531"><ele>2854</ele></trkpt>
      <trkpt lat="43.037089" lon="82.415776"><ele>2853</ele></trkpt>
      <trkpt lat="43.037078" lon="82.41605"><ele>2854</ele></trkpt>
      <trkpt lat="43.037085" lon="82.416133"><ele>2854</ele></trkpt>
      <trkpt lat="43.037075" lon="82.41619"><ele>2855</ele></trkpt>
      <trkpt lat="43.037097" lon="82.416359"><ele>2855</ele></trkpt>
      <trkpt lat="43.037103" lon="82.416544"><ele>2856</ele></trkpt>
      <trkpt lat="43.037108" lon="82.416924"><ele>2859</ele></trkpt>
      <trkpt lat="43.037099" lon="82.417092"><ele>2861</ele></trkpt>
      <trkpt lat="43.037109" lon="82.417254"><ele>2861</ele></trkpt>
      <trkpt lat="43.037105" lon="82.417399"><ele>2862</ele></trkpt>
      <trkpt lat="43.037097" lon="82.417401"><ele>2863</ele></trkpt>
      <trkpt lat="43.037094" lon="82.417432"><ele>2863</ele></trkpt>
      <trkpt lat="43.037059" lon="82.417536"><ele>2863</ele></trkpt>
      <trkpt lat="43.037033" lon="82.417657"><ele>2864</ele></trkpt>
      <trkpt lat="43.037015" lon="82.417862"><ele>2864</ele></trkpt>
      <trkpt lat="43.037014" lon="82.417984"><ele>2865</ele></trkpt>
      <trkpt lat="43.037005" lon="82.418066"><ele>2865</ele></trkpt>
      <trkpt lat="43.03698" lon="82.41814"><ele>2866</ele></trkpt>
      <trkpt lat="43.037005" lon="82.418171"><ele>2866</ele></trkpt>
      <trkpt lat="43.03702" lon="82.418169"><ele>2866</ele></trkpt>
      <trkpt lat="43.036962" lon="82.418277"><ele>2866</ele></trkpt>
      <trkpt lat="43.036907" lon="82.418483"><ele>2867</ele></trkpt>
      <trkpt lat="43.036838" lon="82.418599"><ele>2868</ele></trkpt>
      <trkpt lat="43.036845" lon="82.418601"><ele>2867</ele></trkpt>
      <trkpt lat="43.03681" lon="82.418714"><ele>2868</ele></trkpt>
      <trkpt lat="43.036724" lon="82.418937"><ele>2869</ele></trkpt>
      <trkpt lat="43.036573" lon="82.419255"><ele>2870</ele></trkpt>
      <trkpt lat="43.036509" lon="82.419365"><ele>2871</ele></trkpt>
      <trkpt lat="43.036485" lon="82.419432"><ele>2872</ele></trkpt>
      <trkpt lat="43.036494" lon="82.41939"><ele>2872</ele></trkpt>
      <trkpt lat="43.036469" lon="82.419439"><ele>2872</ele></trkpt>
      <trkpt lat="43.036422" lon="82.419638"><ele>2872</ele></trkpt>
      <trkpt lat="43.036396" lon="82.419703"><ele>2873</ele></trkpt>
      <trkpt lat="43.036271" lon="82.419873"><ele>2873</ele></trkpt>
      <trkpt lat="43.036253" lon="82.419881"><ele>2873</ele></trkpt>
      <trkpt lat="43.036216" lon="82.420007"><ele>2874</ele></trkpt>
      <trkpt lat="43.036146" lon="82.420131"><ele>2875</ele></trkpt>
      <trkpt lat="43.036094" lon="82.420188"><ele>2876</ele></trkpt>
      <trkpt lat="43.036014" lon="82.420248"><ele>2876</ele></trkpt>
      <trkpt lat="43.035986" lon="82.420233"><ele>2877</ele></trkpt>
      <trkpt lat="43.03592" lon="82.420223"><ele>2877</ele></trkpt>
      <trkpt lat="43.035834" lon="82.420229"><ele>2878</ele></trkpt>
      <trkpt lat="43.035755" lon="82.420219"><ele>2878</ele></trkpt>
      <trkpt lat="43.035655" lon="82.420188"><ele>2878</ele></trkpt>
      <trkpt lat="43.035549" lon="82.420138"><ele>2878</ele></trkpt>
      <trkpt lat="43.035479" lon="82.420134"><ele>2878</ele></trkpt>
      <trkpt lat="43.03543" lon="82.420162"><ele>2879</ele></trkpt>
      <trkpt lat="43.035369" lon="82.42029"><ele>2879</ele></trkpt>
      <trkpt lat="43.03523" lon="82.42051"><ele>2882</ele></trkpt>
      <trkpt lat="43.035115" lon="82.420733"><ele>2883</ele></trkpt>
      <trkpt lat="43.035036" lon="82.420841"><ele>2885</ele></trkpt>
      <trkpt lat="43.035038" lon="82.42091"><ele>2885</ele></trkpt>
      <trkpt lat="43.035095" lon="82.421032"><ele>2885</ele></trkpt>
      <trkpt lat="43.035192" lon="82.421149"><ele>2885</ele></trkpt>
      <trkpt lat="43.035249" lon="82.421245"><ele>2886</ele></trkpt>
      <trkpt lat="43.035321" lon="82.421299"><ele>2886</ele></trkpt>
      <trkpt lat="43.035082" lon="82.420938"><ele>2867</ele></trkpt>
      <trkpt lat="43.034999" lon="82.420853"><ele>2866</ele></trkpt>
      <trkpt lat="43.034979" lon="82.420866"><ele>2866</ele></trkpt>
      <trkpt lat="43.034898" lon="82.420971"><ele>2864</ele></trkpt>
      <trkpt lat="43.034862" lon="82.421002"><ele>2864</ele></trkpt>
      <trkpt lat="43.034812" lon="82.421023"><ele>2864</ele></trkpt>
      <trkpt lat="43.034802" lon="82.421037"><ele>2864</ele></trkpt>
      <trkpt lat="43.034781" lon="82.421036"><ele>2863</ele></trkpt>
      <trkpt lat="43.034796" lon="82.421037"><ele>2863</ele></trkpt>
      <trkpt lat="43.03478" lon="82.421024"><ele>2863</ele></trkpt>
      <trkpt lat="43.034771" lon="82.421038"><ele>2864</ele></trkpt>
      <trkpt lat="43.034783" lon="82.421029"><ele>2863</ele></trkpt>
      <trkpt lat="43.034776" lon="82.421029"><ele>2863</ele></trkpt>
      <trkpt lat="43.034782" lon="82.421029"><ele>2863</ele></trkpt>
      <trkpt lat="43.034772" lon="82.421013"><ele>2863</ele></trkpt>
      <trkpt lat="43.034731" lon="82.42101"><ele>2863</ele></trkpt>
      <trkpt lat="43.034721" lon="82.421023"><ele>2863</ele></trkpt>
      <trkpt lat="43.034751" lon="82.420933"><ele>2863</ele></trkpt>
      <trkpt lat="43.034677" lon="82.420908"><ele>2865</ele></trkpt>
      <trkpt lat="43.034674" lon="82.420938"><ele>2866</ele></trkpt>
      <trkpt lat="43.034658" lon="82.420856"><ele>2866</ele></trkpt>
      <trkpt lat="43.03461" lon="82.4208"><ele>2865</ele></trkpt>
      <trkpt lat="43.034501" lon="82.42081"><ele>2867</ele></trkpt>
      <trkpt lat="43.034512" lon="82.420804"><ele>2867</ele></trkpt>
      <trkpt lat="43.034489" lon="82.420795"><ele>2866</ele></trkpt>
      <trkpt lat="43.034471" lon="82.420804"><ele>2865</ele></trkpt>
      <trkpt lat="43.034454" lon="82.420754"><ele>2864</ele></trkpt>
      <trkpt lat="43.034374" lon="82.420707"><ele>2865</ele></trkpt>
      <trkpt lat="43.034382" lon="82.420672"><ele>2864</ele></trkpt>
      <trkpt lat="43.03437" lon="82.420609"><ele>2864</ele></trkpt>
      <trkpt lat="43.03435" lon="82.420587"><ele>2865</ele></trkpt>
      <trkpt lat="43.034444" lon="82.420601"><ele>2865</ele></trkpt>
      <trkpt lat="43.034521" lon="82.420634"><ele>2865</ele></trkpt>
      <trkpt lat="43.034646" lon="82.420815"><ele>2865</ele></trkpt>
      <trkpt lat="43.034687" lon="82.420833"><ele>2864</ele></trkpt>
      <trkpt lat="43.034731" lon="82.420869"><ele>2864</ele></trkpt>
      <trkpt lat="43.034729" lon="82.420884"><ele>2863</ele></trkpt>
      <trkpt lat="43.034764" lon="82.420987"><ele>2862</ele></trkpt>
      <trkpt lat="43.034764" lon="82.421025"><ele>2860</ele></trkpt>
      <trkpt lat="43.034847" lon="82.421023"><ele>2861</ele></trkpt>
      <trkpt lat="43.034896" lon="82.421004"><ele>2861</ele></trkpt>
      <trkpt lat="43.034946" lon="82.420921"><ele>2861</ele></trkpt>
      <trkpt lat="43.034968" lon="82.420907"><ele>2861</ele></trkpt>
      <trkpt lat="43.03503" lon="82.42093"><ele>2862</ele></trkpt>
      <trkpt lat="43.035192" lon="82.421117"><ele>2863</ele></trkpt>
      <trkpt lat="43.035259" lon="82.421235"><ele>2863</ele></trkpt>
      <trkpt lat="43.035503" lon="82.421482"><ele>2864</ele></trkpt>
      <trkpt lat="43.035606" lon="82.421553"><ele>2865</ele></trkpt>
      <trkpt lat="43.035618" lon="82.421526"><ele>2864</ele></trkpt>
      <trkpt lat="43.035613" lon="82.421532"><ele>2864</ele></trkpt>
      <trkpt lat="43.035628" lon="82.421534"><ele>2864</ele></trkpt>
      <trkpt lat="43.035617" lon="82.421539"><ele>2864</ele></trkpt>
      <trkpt lat="43.035628" lon="82.421539"><ele>2864</ele></trkpt>
      <trkpt lat="43.035618" lon="82.421552"><ele>2864</ele></trkpt>
      <trkpt lat="43.035622" lon="82.421544"><ele>2863</ele></trkpt>
      <trkpt lat="43.035618" lon="82.421552"><ele>2863</ele></trkpt>
      <trkpt lat="43.035269" lon="82.421201"><ele>2857</ele></trkpt>
      <trkpt lat="43.035278" lon="82.421257"><ele>2859</ele></trkpt>
      <trkpt lat="43.035267" lon="82.42121"><ele>2859</ele></trkpt>
      <trkpt lat="43.035285" lon="82.421204"><ele>2858</ele></trkpt>
      <trkpt lat="43.035279" lon="82.421202"><ele>2858</ele></trkpt>
      <trkpt lat="43.035277" lon="82.421217"><ele>2858</ele></trkpt>
      <trkpt lat="43.035283" lon="82.421226"><ele>2858</ele></trkpt>
      <trkpt lat="43.035277" lon="82.421224"><ele>2858</ele></trkpt>
      <trkpt lat="43.035283" lon="82.421207"><ele>2858</ele></trkpt>
      <trkpt lat="43.035271" lon="82.421226"><ele>2858</ele></trkpt>
      <trkpt lat="43.035294" lon="82.421223"><ele>2858</ele></trkpt>
      <trkpt lat="43.035286" lon="82.421226"><ele>2858</ele></trkpt>
      <trkpt lat="43.035295" lon="82.421221"><ele>2858</ele></trkpt>
      <trkpt lat="43.035282" lon="82.421193"><ele>2858</ele></trkpt>
      <trkpt lat="43.035286" lon="82.421188"><ele>2857</ele></trkpt>
      <trkpt lat="43.035263" lon="82.421245"><ele>2859</ele></trkpt>
      <trkpt lat="43.035213" lon="82.421266"><ele>2858</ele></trkpt>
      <trkpt lat="43.035197" lon="82.421244"><ele>2858</ele></trkpt>
      <trkpt lat="43.035168" lon="82.421157"><ele>2858</ele></trkpt>
      <trkpt lat="43.03516" lon="82.421083"><ele>2858</ele></trkpt>
      <trkpt lat="43.035125" lon="82.421053"><ele>2859</ele></trkpt>
      <trkpt lat="43.035064" lon="82.420947"><ele>2858</ele></trkpt>
      <trkpt lat="43.035042" lon="82.42094"><ele>2858</ele></trkpt>
      <trkpt lat="43.035005" lon="82.420888"><ele>2858</ele></trkpt>
      <trkpt lat="43.034962" lon="82.420877"><ele>2858</ele></trkpt>
      <trkpt lat="43.035006" lon="82.420846"><ele>2858</ele></trkpt>
      <trkpt lat="43.034988" lon="82.420891"><ele>2858</ele></trkpt>
      <trkpt lat="43.034942" lon="82.420947"><ele>2857</ele></trkpt>
      <trkpt lat="43.03491" lon="82.421051"><ele>2857</ele></trkpt>
      <trkpt lat="43.034905" lon="82.421178"><ele>2856</ele></trkpt>
      <trkpt lat="43.03493" lon="82.421413"><ele>2854</ele></trkpt>
      <trkpt lat="43.034956" lon="82.421555"><ele>2853</ele></trkpt>
      <trkpt lat="43.034955" lon="82.421657"><ele>2852</ele></trkpt>
      <trkpt lat="43.034992" lon="82.421997"><ele>2852</ele></trkpt>
      <trkpt lat="43.034988" lon="82.422114"><ele>2851</ele></trkpt>
      <trkpt lat="43.035005" lon="82.422241"><ele>2851</ele></trkpt>
      <trkpt lat="43.03502" lon="82.422507"><ele>2850</ele></trkpt>
      <trkpt lat="43.035018" lon="82.422723"><ele>2850</ele></trkpt>
      <trkpt lat="43.035088" lon="82.42299"><ele>2849</ele></trkpt>
      <trkpt lat="43.035117" lon="82.423186"><ele>2847</ele></trkpt>
      <trkpt lat="43.035132" lon="82.423401"><ele>2846</ele></trkpt>
      <trkpt lat="43.03512" lon="82.423715"><ele>2846</ele></trkpt>
      <trkpt lat="43.035131" lon="82.423863"><ele>2846</ele></trkpt>
      <trkpt lat="43.035057" lon="82.423976"><ele>2844</ele></trkpt>
      <trkpt lat="43.035039" lon="82.424018"><ele>2843</ele></trkpt>
      <trkpt lat="43.035026" lon="82.424094"><ele>2842</ele></trkpt>
      <trkpt lat="43.035019" lon="82.424284"><ele>2838</ele></trkpt>
      <trkpt lat="43.03503" lon="82.424458"><ele>2836</ele></trkpt>
      <trkpt lat="43.035062" lon="82.424552"><ele>2836</ele></trkpt>
      <trkpt lat="43.035055" lon="82.424733"><ele>2833</ele></trkpt>
      <trkpt lat="43.035064" lon="82.424763"><ele>2832</ele></trkpt>
      <trkpt lat="43.035071" lon="82.424863"><ele>2831</ele></trkpt>
      <trkpt lat="43.035081" lon="82.424918"><ele>2830</ele></trkpt>
      <trkpt lat="43.035116" lon="82.425"><ele>2830</ele></trkpt>
      <trkpt lat="43.035121" lon="82.425085"><ele>2830</ele></trkpt>
      <trkpt lat="43.035158" lon="82.42527"><ele>2828</ele></trkpt>
      <trkpt lat="43.035171" lon="82.425406"><ele>2827</ele></trkpt>
      <trkpt lat="43.03517" lon="82.425533"><ele>2827</ele></trkpt>
      <trkpt lat="43.035198" lon="82.425759"><ele>2826</ele></trkpt>
      <trkpt lat="43.035199" lon="82.426051"><ele>2825</ele></trkpt>
      <trkpt lat="43.035191" lon="82.42625"><ele>2824</ele></trkpt>
      <trkpt lat="43.035146" lon="82.426801"><ele>2821</ele></trkpt>
      <trkpt lat="43.035152" lon="82.4269"><ele>2822</ele></trkpt>
      <trkpt lat="43.035167" lon="82.426905"><ele>2822</ele></trkpt>
      <trkpt lat="43.035184" lon="82.42697"><ele>2821</ele></trkpt>
      <trkpt lat="43.035266" lon="82.427053"><ele>2821</ele></trkpt>
      <trkpt lat="43.035321" lon="82.427167"><ele>2820</ele></trkpt>
      <trkpt lat="43.035379" lon="82.427217"><ele>2820</ele></trkpt>
      <trkpt lat="43.035413" lon="82.427263"><ele>2820</ele></trkpt>
      <trkpt lat="43.035464" lon="82.427269"><ele>2819</ele></trkpt>
      <trkpt lat="43.035522" lon="82.427292"><ele>2819</ele></trkpt>
      <trkpt lat="43.035588" lon="82.42739"><ele>2817</ele></trkpt>
      <trkpt lat="43.035584" lon="82.427397"><ele>2815</ele></trkpt>
      <trkpt lat="43.035666" lon="82.427448"><ele>2814</ele></trkpt>
      <trkpt lat="43.035713" lon="82.427503"><ele>2814</ele></trkpt>
      <trkpt lat="43.035776" lon="82.427696"><ele>2810</ele></trkpt>
      <trkpt lat="43.035858" lon="82.427837"><ele>2810</ele></trkpt>
      <trkpt lat="43.035913" lon="82.427997"><ele>2808</ele></trkpt>
      <trkpt lat="43.036043" lon="82.428322"><ele>2805</ele></trkpt>
      <trkpt lat="43.036046" lon="82.42838"><ele>2804</ele></trkpt>
      <trkpt lat="43.036065" lon="82.428477"><ele>2802</ele></trkpt>
      <trkpt lat="43.03606" lon="82.428496"><ele>2801</ele></trkpt>
      <trkpt lat="43.036126" lon="82.42859"><ele>2802</ele></trkpt>
      <trkpt lat="43.036144" lon="82.428595"><ele>2801</ele></trkpt>
      <trkpt lat="43.036179" lon="82.428693"><ele>2799</ele></trkpt>
      <trkpt lat="43.036301" lon="82.428836"><ele>2795</ele></trkpt>
      <trkpt lat="43.036398" lon="82.428927"><ele>2794</ele></trkpt>
      <trkpt lat="43.036512" lon="82.429058"><ele>2791</ele></trkpt>
      <trkpt lat="43.036516" lon="82.42908"><ele>2790</ele></trkpt>
      <trkpt lat="43.036524" lon="82.429074"><ele>2790</ele></trkpt>
      <trkpt lat="43.036563" lon="82.429121"><ele>2789</ele></trkpt>
      <trkpt lat="43.036664" lon="82.429286"><ele>2788</ele></trkpt>
      <trkpt lat="43.036943" lon="82.429474"><ele>2788</ele></trkpt>
      <trkpt lat="43.036995" lon="82.429487"><ele>2787</ele></trkpt>
      <trkpt lat="43.037007" lon="82.429537"><ele>2786</ele></trkpt>
      <trkpt lat="43.037" lon="82.429568"><ele>2785</ele></trkpt>
      <trkpt lat="43.037076" lon="82.429703"><ele>2782</ele></trkpt>
      <trkpt lat="43.037085" lon="82.429733"><ele>2781</ele></trkpt>
      <trkpt lat="43.037099" lon="82.429743"><ele>2781</ele></trkpt>
      <trkpt lat="43.03713" lon="82.4298"><ele>2780</ele></trkpt>
      <trkpt lat="43.037175" lon="82.429968"><ele>2777</ele></trkpt>
      <trkpt lat="43.037261" lon="82.430176"><ele>2775</ele></trkpt>
      <trkpt lat="43.037354" lon="82.430369"><ele>2773</ele></trkpt>
      <trkpt lat="43.03735" lon="82.430382"><ele>2773</ele></trkpt>
      <trkpt lat="43.037392" lon="82.430456"><ele>2772</ele></trkpt>
      <trkpt lat="43.037451" lon="82.430655"><ele>2771</ele></trkpt>
      <trkpt lat="43.03768" lon="82.431232"><ele>2768</ele></trkpt>
      <trkpt lat="43.037708" lon="82.431315"><ele>2768</ele></trkpt>
      <trkpt lat="43.037745" lon="82.431486"><ele>2768</ele></trkpt>
      <trkpt lat="43.037813" lon="82.431734"><ele>2768</ele></trkpt>
      <trkpt lat="43.037847" lon="82.432005"><ele>2766</ele></trkpt>
      <trkpt lat="43.037927" lon="82.432132"><ele>2768</ele></trkpt>
      <trkpt lat="43.037939" lon="82.43223"><ele>2768</ele></trkpt>
      <trkpt lat="43.037978" lon="82.432211"><ele>2768</ele></trkpt>
      <trkpt lat="43.037971" lon="82.432205"><ele>2769</ele></trkpt>
      <trkpt lat="43.037985" lon="82.432208"><ele>2769</ele></trkpt>
      <trkpt lat="43.038144" lon="82.432296"><ele>2765</ele></trkpt>
      <trkpt lat="43.038176" lon="82.432276"><ele>2764</ele></trkpt>
      <trkpt lat="43.038222" lon="82.432275"><ele>2763</ele></trkpt>
      <trkpt lat="43.038208" lon="82.432277"><ele>2762</ele></trkpt>
      <trkpt lat="43.038207" lon="82.432286"><ele>2762</ele></trkpt>
      <trkpt lat="43.03824" lon="82.432338"><ele>2760</ele></trkpt>
      <trkpt lat="43.038267" lon="82.432407"><ele>2760</ele></trkpt>
      <trkpt lat="43.038279" lon="82.432473"><ele>2758</ele></trkpt>
      <trkpt lat="43.038307" lon="82.432513"><ele>2757</ele></trkpt>
      <trkpt lat="43.038347" lon="82.432603"><ele>2755</ele></trkpt>
      <trkpt lat="43.038466" lon="82.432783"><ele>2750</ele></trkpt>
      <trkpt lat="43.038512" lon="82.432838"><ele>2749</ele></trkpt>
      <trkpt lat="43.038604" lon="82.433008"><ele>2746</ele></trkpt>
      <trkpt lat="43.038654" lon="82.433072"><ele>2745</ele></trkpt>
      <trkpt lat="43.038698" lon="82.4332"><ele>2743</ele></trkpt>
      <trkpt lat="43.038795" lon="82.433339"><ele>2741</ele></trkpt>
      <trkpt lat="43.038895" lon="82.433516"><ele>2740</ele></trkpt>
      <trkpt lat="43.038975" lon="82.433625"><ele>2738</ele></trkpt>
      <trkpt lat="43.039038" lon="82.433733"><ele>2737</ele></trkpt>
      <trkpt lat="43.039199" lon="82.43393"><ele>2735</ele></trkpt>
      <trkpt lat="43.039307" lon="82.434096"><ele>2735</ele></trkpt>
      <trkpt lat="43.039394" lon="82.434209"><ele>2734</ele></trkpt>
      <trkpt lat="43.03958" lon="82.434378"><ele>2732</ele></trkpt>
      <trkpt lat="43.039615" lon="82.434437"><ele>2731</ele></trkpt>
      <trkpt lat="43.039671" lon="82.434505"><ele>2730</ele></trkpt>
      <trkpt lat="43.039907" lon="82.434873"><ele>2726</ele></trkpt>
      <trkpt lat="43.039972" lon="82.434991"><ele>2724</ele></trkpt>
      <trkpt lat="43.040187" lon="82.43527"><ele>2719</ele></trkpt>
      <trkpt lat="43.040326" lon="82.435389"><ele>2716</ele></trkpt>
      <trkpt lat="43.040371" lon="82.435439"><ele>2716</ele></trkpt>
      <trkpt lat="43.040497" lon="82.43554"><ele>2714</ele></trkpt>
      <trkpt lat="43.040615" lon="82.435669"><ele>2713</ele></trkpt>
      <trkpt lat="43.040732" lon="82.435758"><ele>2713</ele></trkpt>
      <trkpt lat="43.040746" lon="82.435758"><ele>2713</ele></trkpt>
      <trkpt lat="43.040838" lon="82.435875"><ele>2713</ele></trkpt>
      <trkpt lat="43.040905" lon="82.435927"><ele>2712</ele></trkpt>
      <trkpt lat="43.040961" lon="82.435992"><ele>2712</ele></trkpt>
      <trkpt lat="43.041029" lon="82.436157"><ele>2711</ele></trkpt>
      <trkpt lat="43.041108" lon="82.436293"><ele>2709</ele></trkpt>
      <trkpt lat="43.041134" lon="82.436354"><ele>2708</ele></trkpt>
      <trkpt lat="43.041168" lon="82.436395"><ele>2707</ele></trkpt>
      <trkpt lat="43.041168" lon="82.436452"><ele>2707</ele></trkpt>
      <trkpt lat="43.041193" lon="82.436492"><ele>2705</ele></trkpt>
      <trkpt lat="43.041206" lon="82.436498"><ele>2705</ele></trkpt>
      <trkpt lat="43.041264" lon="82.43662"><ele>2703</ele></trkpt>
      <trkpt lat="43.041282" lon="82.436677"><ele>2702</ele></trkpt>
      <trkpt lat="43.041322" lon="82.436732"><ele>2701</ele></trkpt>
      <trkpt lat="43.041451" lon="82.436955"><ele>2697</ele></trkpt>
      <trkpt lat="43.0415" lon="82.437078"><ele>2696</ele></trkpt>
      <trkpt lat="43.04156" lon="82.437379"><ele>2692</ele></trkpt>
      <trkpt lat="43.04159" lon="82.437462"><ele>2691</ele></trkpt>
      <trkpt lat="43.041672" lon="82.437632"><ele>2688</ele></trkpt>
      <trkpt lat="43.04167" lon="82.437682"><ele>2687</ele></trkpt>
      <trkpt lat="43.041657" lon="82.437698"><ele>2687</ele></trkpt>
      <trkpt lat="43.041688" lon="82.437771"><ele>2686</ele></trkpt>
      <trkpt lat="43.041765" lon="82.437898"><ele>2684</ele></trkpt>
      <trkpt lat="43.041796" lon="82.437987"><ele>2683</ele></trkpt>
      <trkpt lat="43.041808" lon="82.438075"><ele>2681</ele></trkpt>
      <trkpt lat="43.041832" lon="82.438149"><ele>2680</ele></trkpt>
      <trkpt lat="43.041844" lon="82.438242"><ele>2679</ele></trkpt>
      <trkpt lat="43.0419" lon="82.438479"><ele>2675</ele></trkpt>
      <trkpt lat="43.041935" lon="82.438677"><ele>2672</ele></trkpt>
      <trkpt lat="43.041998" lon="82.4389"><ele>2668</ele></trkpt>
      <trkpt lat="43.042064" lon="82.439094"><ele>2665</ele></trkpt>
      <trkpt lat="43.042104" lon="82.439259"><ele>2663</ele></trkpt>
      <trkpt lat="43.042103" lon="82.439304"><ele>2663</ele></trkpt>
      <trkpt lat="43.042116" lon="82.439353"><ele>2663</ele></trkpt>
      <trkpt lat="43.042139" lon="82.439425"><ele>2662</ele></trkpt>
      <trkpt lat="43.042157" lon="82.439427"><ele>2661</ele></trkpt>
      <trkpt lat="43.042167" lon="82.439616"><ele>2660</ele></trkpt>
      <trkpt lat="43.042197" lon="82.439747"><ele>2659</ele></trkpt>
      <trkpt lat="43.042206" lon="82.439842"><ele>2658</ele></trkpt>
      <trkpt lat="43.042204" lon="82.43995"><ele>2656</ele></trkpt>
      <trkpt lat="43.042241" lon="82.440208"><ele>2654</ele></trkpt>
      <trkpt lat="43.042244" lon="82.44028"><ele>2653</ele></trkpt>
      <trkpt lat="43.042264" lon="82.44031"><ele>2653</ele></trkpt>
      <trkpt lat="43.042273" lon="82.440343"><ele>2652</ele></trkpt>
      <trkpt lat="43.042293" lon="82.440485"><ele>2650</ele></trkpt>
      <trkpt lat="43.04228" lon="82.440621"><ele>2648</ele></trkpt>
      <trkpt lat="43.042316" lon="82.44079"><ele>2645</ele></trkpt>
      <trkpt lat="43.042312" lon="82.440846"><ele>2644</ele></trkpt>
      <trkpt lat="43.042326" lon="82.440927"><ele>2642</ele></trkpt>
      <trkpt lat="43.042316" lon="82.440939"><ele>2642</ele></trkpt>
      <trkpt lat="43.042322" lon="82.440929"><ele>2641</ele></trkpt>
      <trkpt lat="43.042318" lon="82.440935"><ele>2641</ele></trkpt>
      <trkpt lat="43.042315" lon="82.440924"><ele>2642</ele></trkpt>
      <trkpt lat="43.042318" lon="82.440935"><ele>2641</ele></trkpt>
      <trkpt lat="43.042324" lon="82.440912"><ele>2641</ele></trkpt>
      <trkpt lat="43.042327" lon="82.44092"><ele>2640</ele></trkpt>
      <trkpt lat="43.042315" lon="82.440936"><ele>2641</ele></trkpt>
      <trkpt lat="43.042327" lon="82.440922"><ele>2641</ele></trkpt>
      <trkpt lat="43.042335" lon="82.440928"><ele>2641</ele></trkpt>
      <trkpt lat="43.042319" lon="82.440928"><ele>2641</ele></trkpt>
      <trkpt lat="43.042321" lon="82.440946"><ele>2640</ele></trkpt>
      <trkpt lat="43.042332" lon="82.440954"><ele>2639</ele></trkpt>
      <trkpt lat="43.042321" lon="82.440946"><ele>2640</ele></trkpt>
      <trkpt lat="43.042331" lon="82.440962"><ele>2640</ele></trkpt>
      <trkpt lat="43.04233" lon="82.44113"><ele>2637</ele></trkpt>
      <trkpt lat="43.042302" lon="82.441229"><ele>2635</ele></trkpt>
      <trkpt lat="43.042299" lon="82.44127"><ele>2635</ele></trkpt>
      <trkpt lat="43.042269" lon="82.441326"><ele>2633</ele></trkpt>
      <trkpt lat="43.042262" lon="82.441392"><ele>2632</ele></trkpt>
      <trkpt lat="43.042239" lon="82.441449"><ele>2631</ele></trkpt>
      <trkpt lat="43.042237" lon="82.441504"><ele>2630</ele></trkpt>
      <trkpt lat="43.042199" lon="82.44162"><ele>2627</ele></trkpt>
      <trkpt lat="43.042169" lon="82.441675"><ele>2626</ele></trkpt>
      <trkpt lat="43.04217" lon="82.441788"><ele>2624</ele></trkpt>
      <trkpt lat="43.042139" lon="82.441919"><ele>2621</ele></trkpt>
      <trkpt lat="43.042123" lon="82.441934"><ele>2620</ele></trkpt>
      <trkpt lat="43.042116" lon="82.441958"><ele>2619</ele></trkpt>
      <trkpt lat="43.042094" lon="82.442219"><ele>2615</ele></trkpt>
      <trkpt lat="43.042075" lon="82.442291"><ele>2613</ele></trkpt>
      <trkpt lat="43.042042" lon="82.442362"><ele>2612</ele></trkpt>
      <trkpt lat="43.042037" lon="82.442416"><ele>2611</ele></trkpt>
      <trkpt lat="43.042009" lon="82.442457"><ele>2609</ele></trkpt>
      <trkpt lat="43.041985" lon="82.442514"><ele>2608</ele></trkpt>
      <trkpt lat="43.041965" lon="82.442631"><ele>2605</ele></trkpt>
      <trkpt lat="43.041933" lon="82.442677"><ele>2604</ele></trkpt>
      <trkpt lat="43.041888" lon="82.442841"><ele>2601</ele></trkpt>
      <trkpt lat="43.041851" lon="82.442923"><ele>2599</ele></trkpt>
      <trkpt lat="43.041845" lon="82.44298"><ele>2597</ele></trkpt>
      <trkpt lat="43.041773" lon="82.443096"><ele>2595</ele></trkpt>
      <trkpt lat="43.04176" lon="82.443134"><ele>2595</ele></trkpt>
      <trkpt lat="43.041764" lon="82.443145"><ele>2595</ele></trkpt>
      <trkpt lat="43.041716" lon="82.443269"><ele>2592</ele></trkpt>
      <trkpt lat="43.041705" lon="82.443328"><ele>2591</ele></trkpt>
      <trkpt lat="43.041708" lon="82.443374"><ele>2590</ele></trkpt>
      <trkpt lat="43.041726" lon="82.443417"><ele>2588</ele></trkpt>
      <trkpt lat="43.041722" lon="82.443454"><ele>2588</ele></trkpt>
      <trkpt lat="43.041708" lon="82.443481"><ele>2587</ele></trkpt>
      <trkpt lat="43.04168" lon="82.443507"><ele>2586</ele></trkpt>
      <trkpt lat="43.041652" lon="82.443676"><ele>2582</ele></trkpt>
      <trkpt lat="43.041741" lon="82.443746"><ele>2579</ele></trkpt>
      <trkpt lat="43.041803" lon="82.443775"><ele>2577</ele></trkpt>
      <trkpt lat="43.041854" lon="82.443783"><ele>2576</ele></trkpt>
      <trkpt lat="43.041911" lon="82.443837"><ele>2574</ele></trkpt>
      <trkpt lat="43.042004" lon="82.443989"><ele>2570</ele></trkpt>
      <trkpt lat="43.042057" lon="82.4441"><ele>2568</ele></trkpt>
      <trkpt lat="43.04211" lon="82.44417"><ele>2565</ele></trkpt>
      <trkpt lat="43.042161" lon="82.444294"><ele>2562</ele></trkpt>
      <trkpt lat="43.0422" lon="82.444331"><ele>2561</ele></trkpt>
      <trkpt lat="43.042216" lon="82.444369"><ele>2560</ele></trkpt>
      <trkpt lat="43.042218" lon="82.444421"><ele>2559</ele></trkpt>
      <trkpt lat="43.042301" lon="82.444534"><ele>2555</ele></trkpt>
      <trkpt lat="43.042325" lon="82.444582"><ele>2553</ele></trkpt>
      <trkpt lat="43.042391" lon="82.444639"><ele>2551</ele></trkpt>
      <trkpt lat="43.042423" lon="82.444688"><ele>2550</ele></trkpt>
      <trkpt lat="43.042454" lon="82.444708"><ele>2548</ele></trkpt>
      <trkpt lat="43.042504" lon="82.444784"><ele>2546</ele></trkpt>
      <trkpt lat="43.042534" lon="82.444809"><ele>2544</ele></trkpt>
      <trkpt lat="43.042597" lon="82.444902"><ele>2542</ele></trkpt>
      <trkpt lat="43.042601" lon="82.444953"><ele>2541</ele></trkpt>
      <trkpt lat="43.042621" lon="82.445009"><ele>2540</ele></trkpt>
      <trkpt lat="43.042653" lon="82.445011"><ele>2539</ele></trkpt>
      <trkpt lat="43.042715" lon="82.445063"><ele>2538</ele></trkpt>
      <trkpt lat="43.042734" lon="82.44504"><ele>2536</ele></trkpt>
      <trkpt lat="43.042727" lon="82.445023"><ele>2536</ele></trkpt>
      <trkpt lat="43.042718" lon="82.445053"><ele>2535</ele></trkpt>
      <trkpt lat="43.042728" lon="82.445022"><ele>2535</ele></trkpt>
      <trkpt lat="43.042717" lon="82.445051"><ele>2535</ele></trkpt>
      <trkpt lat="43.042729" lon="82.4451"><ele>2533</ele></trkpt>
      <trkpt lat="43.042782" lon="82.445189"><ele>2531</ele></trkpt>
      <trkpt lat="43.042802" lon="82.4452"><ele>2530</ele></trkpt>
      <trkpt lat="43.04281" lon="82.445232"><ele>2530</ele></trkpt>
      <trkpt lat="43.042822" lon="82.445236"><ele>2529</ele></trkpt>
      <trkpt lat="43.042871" lon="82.445322"><ele>2527</ele></trkpt>
      <trkpt lat="43.042888" lon="82.445382"><ele>2525</ele></trkpt>
      <trkpt lat="43.042923" lon="82.445427"><ele>2524</ele></trkpt>
      <trkpt lat="43.042955" lon="82.445443"><ele>2523</ele></trkpt>
      <trkpt lat="43.042964" lon="82.44549"><ele>2522</ele></trkpt>
      <trkpt lat="43.042975" lon="82.445508"><ele>2521</ele></trkpt>
      <trkpt lat="43.043158" lon="82.445668"><ele>2516</ele></trkpt>
      <trkpt lat="43.043175" lon="82.445695"><ele>2515</ele></trkpt>
      <trkpt lat="43.043233" lon="82.44573"><ele>2514</ele></trkpt>
      <trkpt lat="43.043312" lon="82.4458"><ele>2511</ele></trkpt>
      <trkpt lat="43.043365" lon="82.445824"><ele>2509</ele></trkpt>
      <trkpt lat="43.043379" lon="82.445884"><ele>2508</ele></trkpt>
      <trkpt lat="43.043444" lon="82.445971"><ele>2506</ele></trkpt>
      <trkpt lat="43.043482" lon="82.446014"><ele>2505</ele></trkpt>
      <trkpt lat="43.043501" lon="82.446012"><ele>2505</ele></trkpt>
      <trkpt lat="43.043528" lon="82.446028"><ele>2504</ele></trkpt>
      <trkpt lat="43.043566" lon="82.446072"><ele>2503</ele></trkpt>
      <trkpt lat="43.043573" lon="82.446097"><ele>2502</ele></trkpt>
      <trkpt lat="43.043591" lon="82.446119"><ele>2501</ele></trkpt>
      <trkpt lat="43.043645" lon="82.446168"><ele>2500</ele></trkpt>
      <trkpt lat="43.04375" lon="82.446324"><ele>2498</ele></trkpt>
      <trkpt lat="43.043841" lon="82.446368"><ele>2497</ele></trkpt>
      <trkpt lat="43.043893" lon="82.446456"><ele>2495</ele></trkpt>
      <trkpt lat="43.043949" lon="82.446506"><ele>2494</ele></trkpt>
      <trkpt lat="43.044213" lon="82.4467"><ele>2493</ele></trkpt>
      <trkpt lat="43.044189" lon="82.446783"><ele>2491</ele></trkpt>
      <trkpt lat="43.044191" lon="82.446802"><ele>2491</ele></trkpt>
      <trkpt lat="43.044239" lon="82.446863"><ele>2491</ele></trkpt>
      <trkpt lat="43.044279" lon="82.446895"><ele>2491</ele></trkpt>
      <trkpt lat="43.044285" lon="82.446908"><ele>2491</ele></trkpt>
      <trkpt lat="43.044269" lon="82.446944"><ele>2490</ele></trkpt>
      <trkpt lat="43.044274" lon="82.446973"><ele>2490</ele></trkpt>
      <trkpt lat="43.044293" lon="82.446993"><ele>2489</ele></trkpt>
      <trkpt lat="43.044303" lon="82.447001"><ele>2488</ele></trkpt>
      <trkpt lat="43.044293" lon="82.446993"><ele>2488</ele></trkpt>
      <trkpt lat="43.04432" lon="82.446991"><ele>2488</ele></trkpt>
      <trkpt lat="43.044345" lon="82.446937"><ele>2488</ele></trkpt>
      <trkpt lat="43.044367" lon="82.446924"><ele>2488</ele></trkpt>
      <trkpt lat="43.044421" lon="82.446952"><ele>2488</ele></trkpt>
      <trkpt lat="43.044488" lon="82.446998"><ele>2488</ele></trkpt>
      <trkpt lat="43.044588" lon="82.447116"><ele>2488</ele></trkpt>
      <trkpt lat="43.044593" lon="82.4471"><ele>2487</ele></trkpt>
      <trkpt lat="43.044636" lon="82.447174"><ele>2487</ele></trkpt>
      <trkpt lat="43.044674" lon="82.447147"><ele>2487</ele></trkpt>
      <trkpt lat="43.044779" lon="82.447172"><ele>2485</ele></trkpt>
      <trkpt lat="43.044786" lon="82.447158"><ele>2485</ele></trkpt>
      <trkpt lat="43.044831" lon="82.44725"><ele>2485</ele></trkpt>
      <trkpt lat="43.044973" lon="82.447374"><ele>2484</ele></trkpt>
      <trkpt lat="43.044981" lon="82.447392"><ele>2485</ele></trkpt>
      <trkpt lat="43.045105" lon="82.447422"><ele>2484</ele></trkpt>
      <trkpt lat="43.045207" lon="82.447464"><ele>2484</ele></trkpt>
      <trkpt lat="43.045293" lon="82.447545"><ele>2484</ele></trkpt>
      <trkpt lat="43.045363" lon="82.447565"><ele>2484</ele></trkpt>
      <trkpt lat="43.04543" lon="82.4476"><ele>2484</ele></trkpt>
      <trkpt lat="43.045476" lon="82.447693"><ele>2483</ele></trkpt>
      <trkpt lat="43.045515" lon="82.447751"><ele>2483</ele></trkpt>
      <trkpt lat="43.045531" lon="82.447806"><ele>2482</ele></trkpt>
      <trkpt lat="43.045614" lon="82.447946"><ele>2479</ele></trkpt>
      <trkpt lat="43.045637" lon="82.448008"><ele>2478</ele></trkpt>
      <trkpt lat="43.045651" lon="82.448132"><ele>2476</ele></trkpt>
      <trkpt lat="43.04567" lon="82.448207"><ele>2475</ele></trkpt>
      <trkpt lat="43.045724" lon="82.448253"><ele>2474</ele></trkpt>
      <trkpt lat="43.045769" lon="82.448332"><ele>2472</ele></trkpt>
      <trkpt lat="43.045795" lon="82.448406"><ele>2471</ele></trkpt>
      <trkpt lat="43.045851" lon="82.448483"><ele>2469</ele></trkpt>
      <trkpt lat="43.045949" lon="82.448651"><ele>2467</ele></trkpt>
      <trkpt lat="43.045987" lon="82.448695"><ele>2467</ele></trkpt>
      <trkpt lat="43.046003" lon="82.448782"><ele>2467</ele></trkpt>
      <trkpt lat="43.045999" lon="82.448822"><ele>2467</ele></trkpt>
      <trkpt lat="43.045951" lon="82.448876"><ele>2467</ele></trkpt>
      <trkpt lat="43.045963" lon="82.448882"><ele>2467</ele></trkpt>
      <trkpt lat="43.046011" lon="82.448843"><ele>2467</ele></trkpt>
      <trkpt lat="43.046116" lon="82.448945"><ele>2467</ele></trkpt>
      <trkpt lat="43.046244" lon="82.44893"><ele>2465</ele></trkpt>
      <trkpt lat="43.046324" lon="82.448949"><ele>2464</ele></trkpt>
      <trkpt lat="43.046347" lon="82.44896"><ele>2463</ele></trkpt>
      <trkpt lat="43.046427" lon="82.449043"><ele>2463</ele></trkpt>
      <trkpt lat="43.046494" lon="82.449091"><ele>2463</ele></trkpt>
      <trkpt lat="43.046746" lon="82.449192"><ele>2464</ele></trkpt>
      <trkpt lat="43.046822" lon="82.449232"><ele>2464</ele></trkpt>
      <trkpt lat="43.046916" lon="82.449251"><ele>2463</ele></trkpt>
      <trkpt lat="43.046984" lon="82.449246"><ele>2463</ele></trkpt>
      <trkpt lat="43.047031" lon="82.44923"><ele>2462</ele></trkpt>
      <trkpt lat="43.047035" lon="82.44922"><ele>2461</ele></trkpt>
      <trkpt lat="43.047029" lon="82.449264"><ele>2462</ele></trkpt>
      <trkpt lat="43.047034" lon="82.44926"><ele>2461</ele></trkpt>
      <trkpt lat="43.047059" lon="82.449323"><ele>2461</ele></trkpt>
      <trkpt lat="43.04738" lon="82.449654"><ele>2460</ele></trkpt>
      <trkpt lat="43.047397" lon="82.449694"><ele>2459</ele></trkpt>
      <trkpt lat="43.047412" lon="82.449781"><ele>2458</ele></trkpt>
      <trkpt lat="43.047435" lon="82.449844"><ele>2457</ele></trkpt>
      <trkpt lat="43.047472" lon="82.449916"><ele>2456</ele></trkpt>
      <trkpt lat="43.047559" lon="82.450161"><ele>2452</ele></trkpt>
      <trkpt lat="43.047611" lon="82.450257"><ele>2452</ele></trkpt>
      <trkpt lat="43.047643" lon="82.450343"><ele>2450</ele></trkpt>
      <trkpt lat="43.047783" lon="82.450532"><ele>2448</ele></trkpt>
      <trkpt lat="43.047808" lon="82.450603"><ele>2447</ele></trkpt>
      <trkpt lat="43.047933" lon="82.450812"><ele>2446</ele></trkpt>
      <trkpt lat="43.047982" lon="82.450919"><ele>2445</ele></trkpt>
      <trkpt lat="43.048074" lon="82.45115"><ele>2442</ele></trkpt>
      <trkpt lat="43.048099" lon="82.451272"><ele>2440</ele></trkpt>
      <trkpt lat="43.048113" lon="82.451398"><ele>2439</ele></trkpt>
      <trkpt lat="43.048158" lon="82.451615"><ele>2439</ele></trkpt>
      <trkpt lat="43.048156" lon="82.451722"><ele>2439</ele></trkpt>
      <trkpt lat="43.048124" lon="82.451819"><ele>2438</ele></trkpt>
      <trkpt lat="43.048107" lon="82.451949"><ele>2437</ele></trkpt>
      <trkpt lat="43.048101" lon="82.452144"><ele>2435</ele></trkpt>
      <trkpt lat="43.04808" lon="82.452256"><ele>2434</ele></trkpt>
      <trkpt lat="43.048079" lon="82.452313"><ele>2433</ele></trkpt>
      <trkpt lat="43.048038" lon="82.452413"><ele>2431</ele></trkpt>
      <trkpt lat="43.048078" lon="82.452641"><ele>2426</ele></trkpt>
      <trkpt lat="43.048113" lon="82.45278"><ele>2423</ele></trkpt>
      <trkpt lat="43.048228" lon="82.453015"><ele>2418</ele></trkpt>
      <trkpt lat="43.048282" lon="82.453092"><ele>2417</ele></trkpt>
      <trkpt lat="43.048328" lon="82.453179"><ele>2415</ele></trkpt>
      <trkpt lat="43.04834" lon="82.453233"><ele>2414</ele></trkpt>
      <trkpt lat="43.048451" lon="82.453519"><ele>2410</ele></trkpt>
      <trkpt lat="43.048456" lon="82.453634"><ele>2408</ele></trkpt>
      <trkpt lat="43.048475" lon="82.453687"><ele>2407</ele></trkpt>
      <trkpt lat="43.048499" lon="82.453708"><ele>2406</ele></trkpt>
      <trkpt lat="43.048569" lon="82.453837"><ele>2404</ele></trkpt>
      <trkpt lat="43.048629" lon="82.4541"><ele>2401</ele></trkpt>
      <trkpt lat="43.04866" lon="82.454182"><ele>2401</ele></trkpt>
      <trkpt lat="43.048663" lon="82.454244"><ele>2400</ele></trkpt>
      <trkpt lat="43.048685" lon="82.454358"><ele>2398</ele></trkpt>
      <trkpt lat="43.048738" lon="82.454511"><ele>2394</ele></trkpt>
      <trkpt lat="43.048752" lon="82.454574"><ele>2393</ele></trkpt>
      <trkpt lat="43.048774" lon="82.454619"><ele>2392</ele></trkpt>
      <trkpt lat="43.048784" lon="82.454669"><ele>2391</ele></trkpt>
      <trkpt lat="43.048809" lon="82.454726"><ele>2389</ele></trkpt>
      <trkpt lat="43.048814" lon="82.454791"><ele>2387</ele></trkpt>
      <trkpt lat="43.048825" lon="82.454822"><ele>2387</ele></trkpt>
      <trkpt lat="43.048805" lon="82.454863"><ele>2385</ele></trkpt>
      <trkpt lat="43.048858" lon="82.455293"><ele>2378</ele></trkpt>
      <trkpt lat="43.048944" lon="82.455515"><ele>2374</ele></trkpt>
      <trkpt lat="43.048942" lon="82.45553"><ele>2374</ele></trkpt>
      <trkpt lat="43.04896" lon="82.455567"><ele>2373</ele></trkpt>
      <trkpt lat="43.049001" lon="82.455603"><ele>2372</ele></trkpt>
      <trkpt lat="43.049015" lon="82.455635"><ele>2371</ele></trkpt>
      <trkpt lat="43.049016" lon="82.455718"><ele>2370</ele></trkpt>
      <trkpt lat="43.049048" lon="82.455744"><ele>2369</ele></trkpt>
      <trkpt lat="43.049077" lon="82.455805"><ele>2367</ele></trkpt>
      <trkpt lat="43.049098" lon="82.455885"><ele>2365</ele></trkpt>
      <trkpt lat="43.049146" lon="82.455989"><ele>2363</ele></trkpt>
      <trkpt lat="43.04933" lon="82.456234"><ele>2357</ele></trkpt>
      <trkpt lat="43.049397" lon="82.4563"><ele>2355</ele></trkpt>
      <trkpt lat="43.049436" lon="82.456382"><ele>2353</ele></trkpt>
      <trkpt lat="43.04948" lon="82.456524"><ele>2350</ele></trkpt>
      <trkpt lat="43.049487" lon="82.456584"><ele>2349</ele></trkpt>
      <trkpt lat="43.049535" lon="82.456704"><ele>2346</ele></trkpt>
      <trkpt lat="43.049584" lon="82.456791"><ele>2344</ele></trkpt>
      <trkpt lat="43.049615" lon="82.456876"><ele>2343</ele></trkpt>
      <trkpt lat="43.049651" lon="82.457059"><ele>2340</ele></trkpt>
      <trkpt lat="43.049696" lon="82.457142"><ele>2338</ele></trkpt>
      <trkpt lat="43.049762" lon="82.457389"><ele>2333</ele></trkpt>
      <trkpt lat="43.049821" lon="82.457529"><ele>2330</ele></trkpt>
      <trkpt lat="43.049891" lon="82.457861"><ele>2326</ele></trkpt>
      <trkpt lat="43.049925" lon="82.45795"><ele>2325</ele></trkpt>
      <trkpt lat="43.04995" lon="82.458063"><ele>2323</ele></trkpt>
      <trkpt lat="43.049982" lon="82.458129"><ele>2322</ele></trkpt>
      <trkpt lat="43.049994" lon="82.458211"><ele>2322</ele></trkpt>
      <trkpt lat="43.050058" lon="82.458386"><ele>2319</ele></trkpt>
      <trkpt lat="43.0501" lon="82.458468"><ele>2317</ele></trkpt>
      <trkpt lat="43.050169" lon="82.458544"><ele>2316</ele></trkpt>
      <trkpt lat="43.050163" lon="82.458585"><ele>2315</ele></trkpt>
      <trkpt lat="43.050274" lon="82.458786"><ele>2312</ele></trkpt>
      <trkpt lat="43.050322" lon="82.45884"><ele>2312</ele></trkpt>
      <trkpt lat="43.050536" lon="82.459151"><ele>2309</ele></trkpt>
      <trkpt lat="43.05066" lon="82.459421"><ele>2307</ele></trkpt>
      <trkpt lat="43.050754" lon="82.459576"><ele>2306</ele></trkpt>
      <trkpt lat="43.051058" lon="82.460029"><ele>2300</ele></trkpt>
      <trkpt lat="43.051314" lon="82.460462"><ele>2294</ele></trkpt>
      <trkpt lat="43.051585" lon="82.460828"><ele>2289</ele></trkpt>
      <trkpt lat="43.051695" lon="82.46103"><ele>2287</ele></trkpt>
      <trkpt lat="43.051821" lon="82.461236"><ele>2284</ele></trkpt>
      <trkpt lat="43.051873" lon="82.461359"><ele>2281</ele></trkpt>
      <trkpt lat="43.051895" lon="82.461392"><ele>2280</ele></trkpt>
      <trkpt lat="43.051913" lon="82.461461"><ele>2280</ele></trkpt>
      <trkpt lat="43.052027" lon="82.461725"><ele>2277</ele></trkpt>
      <trkpt lat="43.052024" lon="82.461742"><ele>2277</ele></trkpt>
      <trkpt lat="43.052053" lon="82.461827"><ele>2277</ele></trkpt>
      <trkpt lat="43.052121" lon="82.46195"><ele>2276</ele></trkpt>
      <trkpt lat="43.052148" lon="82.462295"><ele>2277</ele></trkpt>
      <trkpt lat="43.052161" lon="82.462314"><ele>2278</ele></trkpt>
      <trkpt lat="43.052163" lon="82.462447"><ele>2277</ele></trkpt>
      <trkpt lat="43.052171" lon="82.462438"><ele>2277</ele></trkpt>
      <trkpt lat="43.05216" lon="82.46245"><ele>2277</ele></trkpt>
      <trkpt lat="43.052172" lon="82.462431"><ele>2277</ele></trkpt>
      <trkpt lat="43.052153" lon="82.462439"><ele>2277</ele></trkpt>
      <trkpt lat="43.052165" lon="82.462434"><ele>2276</ele></trkpt>
      <trkpt lat="43.052153" lon="82.462447"><ele>2277</ele></trkpt>
      <trkpt lat="43.052149" lon="82.462501"><ele>2277</ele></trkpt>
      <trkpt lat="43.052174" lon="82.462589"><ele>2277</ele></trkpt>
      <trkpt lat="43.052211" lon="82.462679"><ele>2277</ele></trkpt>
      <trkpt lat="43.05225" lon="82.462734"><ele>2278</ele></trkpt>
      <trkpt lat="43.052294" lon="82.462844"><ele>2279</ele></trkpt>
      <trkpt lat="43.052305" lon="82.462879"><ele>2279</ele></trkpt>
      <trkpt lat="43.052298" lon="82.462876"><ele>2278</ele></trkpt>
      <trkpt lat="43.052305" lon="82.462879"><ele>2278</ele></trkpt>
      <trkpt lat="43.0523" lon="82.46289"><ele>2278</ele></trkpt>
      <trkpt lat="43.052339" lon="82.462869"><ele>2278</ele></trkpt>
      <trkpt lat="43.052448" lon="82.462892"><ele>2279</ele></trkpt>
      <trkpt lat="43.052524" lon="82.462986"><ele>2277</ele></trkpt>
      <trkpt lat="43.052609" lon="82.463125"><ele>2275</ele></trkpt>
      <trkpt lat="43.05268" lon="82.463301"><ele>2272</ele></trkpt>
      <trkpt lat="43.052702" lon="82.463454"><ele>2269</ele></trkpt>
      <trkpt lat="43.052762" lon="82.463688"><ele>2267</ele></trkpt>
      <trkpt lat="43.052805" lon="82.463747"><ele>2265</ele></trkpt>
      <trkpt lat="43.052862" lon="82.463895"><ele>2264</ele></trkpt>
      <trkpt lat="43.052897" lon="82.463956"><ele>2263</ele></trkpt>
      <trkpt lat="43.052927" lon="82.464044"><ele>2263</ele></trkpt>
      <trkpt lat="43.052971" lon="82.464134"><ele>2262</ele></trkpt>
      <trkpt lat="43.052992" lon="82.464154"><ele>2261</ele></trkpt>
      <trkpt lat="43.053019" lon="82.46429"><ele>2261</ele></trkpt>
      <trkpt lat="43.05305" lon="82.464333"><ele>2260</ele></trkpt>
      <trkpt lat="43.053075" lon="82.464445"><ele>2257</ele></trkpt>
      <trkpt lat="43.053069" lon="82.464483"><ele>2256</ele></trkpt>
      <trkpt lat="43.053084" lon="82.464529"><ele>2255</ele></trkpt>
      <trkpt lat="43.053097" lon="82.464697"><ele>2252</ele></trkpt>
      <trkpt lat="43.053082" lon="82.464784"><ele>2249</ele></trkpt>
      <trkpt lat="43.053089" lon="82.46486"><ele>2248</ele></trkpt>
      <trkpt lat="43.053084" lon="82.464944"><ele>2247</ele></trkpt>
      <trkpt lat="43.053037" lon="82.465061"><ele>2246</ele></trkpt>
      <trkpt lat="43.053001" lon="82.465232"><ele>2244</ele></trkpt>
      <trkpt lat="43.053003" lon="82.465349"><ele>2242</ele></trkpt>
      <trkpt lat="43.052994" lon="82.46543"><ele>2241</ele></trkpt>
      <trkpt lat="43.053006" lon="82.465511"><ele>2239</ele></trkpt>
      <trkpt lat="43.053002" lon="82.465602"><ele>2238</ele></trkpt>
      <trkpt lat="43.053014" lon="82.4658"><ele>2235</ele></trkpt>
      <trkpt lat="43.053111" lon="82.466252"><ele>2227</ele></trkpt>
      <trkpt lat="43.053092" lon="82.466611"><ele>2223</ele></trkpt>
      <trkpt lat="43.053091" lon="82.466703"><ele>2222</ele></trkpt>
      <trkpt lat="43.053105" lon="82.466874"><ele>2221</ele></trkpt>
      <trkpt lat="43.053094" lon="82.467075"><ele>2221</ele></trkpt>
      <trkpt lat="43.053096" lon="82.467181"><ele>2222</ele></trkpt>
      <trkpt lat="43.053113" lon="82.467189"><ele>2223</ele></trkpt>
      <trkpt lat="43.053116" lon="82.467272"><ele>2222</ele></trkpt>
      <trkpt lat="43.053165" lon="82.46741"><ele>2221</ele></trkpt>
      <trkpt lat="43.053261" lon="82.467555"><ele>2218</ele></trkpt>
      <trkpt lat="43.053345" lon="82.467642"><ele>2216</ele></trkpt>
      <trkpt lat="43.053408" lon="82.467727"><ele>2214</ele></trkpt>
      <trkpt lat="43.053501" lon="82.467799"><ele>2213</ele></trkpt>
      <trkpt lat="43.053505" lon="82.467925"><ele>2209</ele></trkpt>
      <trkpt lat="43.053554" lon="82.467917"><ele>2209</ele></trkpt>
      <trkpt lat="43.053586" lon="82.467938"><ele>2208</ele></trkpt>
      <trkpt lat="43.053651" lon="82.467954"><ele>2207</ele></trkpt>
      <trkpt lat="43.053717" lon="82.467883"><ele>2206</ele></trkpt>
      <trkpt lat="43.053788" lon="82.467883"><ele>2204</ele></trkpt>
      <trkpt lat="43.053841" lon="82.467918"><ele>2203</ele></trkpt>
      <trkpt lat="43.053889" lon="82.467986"><ele>2202</ele></trkpt>
      <trkpt lat="43.053965" lon="82.468063"><ele>2201</ele></trkpt>
      <trkpt lat="43.054041" lon="82.4682"><ele>2200</ele></trkpt>
      <trkpt lat="43.054086" lon="82.468351"><ele>2198</ele></trkpt>
      <trkpt lat="43.054113" lon="82.468482"><ele>2195</ele></trkpt>
      <trkpt lat="43.054258" lon="82.468802"><ele>2187</ele></trkpt>
      <trkpt lat="43.054308" lon="82.468994"><ele>2183</ele></trkpt>
      <trkpt lat="43.054322" lon="82.46908"><ele>2181</ele></trkpt>
      <trkpt lat="43.054352" lon="82.469139"><ele>2179</ele></trkpt>
      <trkpt lat="43.054342" lon="82.469175"><ele>2178</ele></trkpt>
      <trkpt lat="43.054361" lon="82.469254"><ele>2176</ele></trkpt>
      <trkpt lat="43.054448" lon="82.469318"><ele>2173</ele></trkpt>
      <trkpt lat="43.054455" lon="82.469345"><ele>2173</ele></trkpt>
      <trkpt lat="43.054524" lon="82.469407"><ele>2170</ele></trkpt>
      <trkpt lat="43.054608" lon="82.469512"><ele>2168</ele></trkpt>
      <trkpt lat="43.054679" lon="82.469535"><ele>2167</ele></trkpt>
      <trkpt lat="43.054727" lon="82.469588"><ele>2166</ele></trkpt>
      <trkpt lat="43.054876" lon="82.469698"><ele>2163</ele></trkpt>
      <trkpt lat="43.054904" lon="82.469731"><ele>2163</ele></trkpt>
      <trkpt lat="43.054964" lon="82.469756"><ele>2162</ele></trkpt>
      <trkpt lat="43.055034" lon="82.469819"><ele>2162</ele></trkpt>
      <trkpt lat="43.055111" lon="82.46986"><ele>2162</ele></trkpt>
      <trkpt lat="43.055268" lon="82.469907"><ele>2161</ele></trkpt>
      <trkpt lat="43.055375" lon="82.469955"><ele>2160</ele></trkpt>
      <trkpt lat="43.055429" lon="82.469945"><ele>2159</ele></trkpt>
      <trkpt lat="43.055471" lon="82.469974"><ele>2158</ele></trkpt>
      <trkpt lat="43.055537" lon="82.47008"><ele>2156</ele></trkpt>
      <trkpt lat="43.055635" lon="82.470143"><ele>2154</ele></trkpt>
      <trkpt lat="43.055693" lon="82.470287"><ele>2154</ele></trkpt>
      <trkpt lat="43.055744" lon="82.470271"><ele>2154</ele></trkpt>
      <trkpt lat="43.055769" lon="82.470235"><ele>2154</ele></trkpt>
      <trkpt lat="43.055782" lon="82.470193"><ele>2153</ele></trkpt>
      <trkpt lat="43.055791" lon="82.47005"><ele>2151</ele></trkpt>
      <trkpt lat="43.05578" lon="82.469984"><ele>2151</ele></trkpt>
      <trkpt lat="43.055733" lon="82.469829"><ele>2151</ele></trkpt>
      <trkpt lat="43.05574" lon="82.469806"><ele>2151</ele></trkpt>
      <trkpt lat="43.055718" lon="82.469846"><ele>2151</ele></trkpt>
      <trkpt lat="43.055766" lon="82.469984"><ele>2151</ele></trkpt>
      <trkpt lat="43.055853" lon="82.470172"><ele>2151</ele></trkpt>
      <trkpt lat="43.055866" lon="82.470264"><ele>2152</ele></trkpt>
      <trkpt lat="43.055885" lon="82.470317"><ele>2152</ele></trkpt>
      <trkpt lat="43.055945" lon="82.470377"><ele>2152</ele></trkpt>
      <trkpt lat="43.056061" lon="82.470453"><ele>2151</ele></trkpt>
      <trkpt lat="43.056062" lon="82.470464"><ele>2150</ele></trkpt>
      <trkpt lat="43.056061" lon="82.470453"><ele>2150</ele></trkpt>
      <trkpt lat="43.056073" lon="82.470449"><ele>2149</ele></trkpt>
      <trkpt lat="43.056061" lon="82.470453"><ele>2149</ele></trkpt>
      <trkpt lat="43.056074" lon="82.470446"><ele>2149</ele></trkpt>
      <trkpt lat="43.056087" lon="82.470416"><ele>2149</ele></trkpt>
      <trkpt lat="43.056118" lon="82.470461"><ele>2149</ele></trkpt>
      <trkpt lat="43.056269" lon="82.470547"><ele>2149</ele></trkpt>
      <trkpt lat="43.056331" lon="82.470612"><ele>2149</ele></trkpt>
      <trkpt lat="43.056381" lon="82.470691"><ele>2149</ele></trkpt>
      <trkpt lat="43.056438" lon="82.470731"><ele>2150</ele></trkpt>
      <trkpt lat="43.056548" lon="82.470874"><ele>2151</ele></trkpt>
      <trkpt lat="43.056666" lon="82.471077"><ele>2151</ele></trkpt>
      <trkpt lat="43.056777" lon="82.471232"><ele>2152</ele></trkpt>
      <trkpt lat="43.05689" lon="82.471541"><ele>2151</ele></trkpt>
      <trkpt lat="43.056919" lon="82.471601"><ele>2151</ele></trkpt>
      <trkpt lat="43.057015" lon="82.471735"><ele>2148</ele></trkpt>
      <trkpt lat="43.057069" lon="82.471831"><ele>2147</ele></trkpt>
      <trkpt lat="43.057181" lon="82.472088"><ele>2146</ele></trkpt>
      <trkpt lat="43.057301" lon="82.472371"><ele>2144</ele></trkpt>
      <trkpt lat="43.057375" lon="82.472637"><ele>2144</ele></trkpt>
      <trkpt lat="43.057461" lon="82.47288"><ele>2143</ele></trkpt>
      <trkpt lat="43.057478" lon="82.472955"><ele>2143</ele></trkpt>
      <trkpt lat="43.057606" lon="82.473289"><ele>2142</ele></trkpt>
      <trkpt lat="43.057643" lon="82.473367"><ele>2141</ele></trkpt>
      <trkpt lat="43.057767" lon="82.473732"><ele>2140</ele></trkpt>
      <trkpt lat="43.057841" lon="82.473888"><ele>2140</ele></trkpt>
      <trkpt lat="43.057911" lon="82.474169"><ele>2140</ele></trkpt>
      <trkpt lat="43.057987" lon="82.474371"><ele>2140</ele></trkpt>
      <trkpt lat="43.058031" lon="82.474452"><ele>2140</ele></trkpt>
      <trkpt lat="43.05811" lon="82.47469"><ele>2140</ele></trkpt>
      <trkpt lat="43.058154" lon="82.474862"><ele>2139</ele></trkpt>
      <trkpt lat="43.058195" lon="82.474968"><ele>2138</ele></trkpt>
      <trkpt lat="43.058258" lon="82.47507"><ele>2138</ele></trkpt>
      <trkpt lat="43.058261" lon="82.47506"><ele>2138</ele></trkpt>
      <trkpt lat="43.058293" lon="82.475117"><ele>2138</ele></trkpt>
      <trkpt lat="43.058396" lon="82.475239"><ele>2137</ele></trkpt>
      <trkpt lat="43.058432" lon="82.475302"><ele>2137</ele></trkpt>
      <trkpt lat="43.058465" lon="82.475397"><ele>2137</ele></trkpt>
      <trkpt lat="43.058557" lon="82.475561"><ele>2139</ele></trkpt>
      <trkpt lat="43.058562" lon="82.475585"><ele>2139</ele></trkpt>
      <trkpt lat="43.058618" lon="82.475643"><ele>2139</ele></trkpt>
      <trkpt lat="43.058661" lon="82.475709"><ele>2139</ele></trkpt>
      <trkpt lat="43.058648" lon="82.47579"><ele>2139</ele></trkpt>
      <trkpt lat="43.058656" lon="82.47579"><ele>2139</ele></trkpt>
      <trkpt lat="43.058688" lon="82.475732"><ele>2140</ele></trkpt>
      <trkpt lat="43.058746" lon="82.475719"><ele>2139</ele></trkpt>
      <trkpt lat="43.058736" lon="82.475685"><ele>2140</ele></trkpt>
      <trkpt lat="43.058741" lon="82.475664"><ele>2140</ele></trkpt>
      <trkpt lat="43.058757" lon="82.475712"><ele>2140</ele></trkpt>
      <trkpt lat="43.058796" lon="82.475735"><ele>2139</ele></trkpt>
      <trkpt lat="43.058811" lon="82.475755"><ele>2138</ele></trkpt>
      <trkpt lat="43.058861" lon="82.475784"><ele>2137</ele></trkpt>
      <trkpt lat="43.05897" lon="82.475821"><ele>2135</ele></trkpt>
      <trkpt lat="43.059057" lon="82.475875"><ele>2133</ele></trkpt>
      <trkpt lat="43.059094" lon="82.47587"><ele>2132</ele></trkpt>
      <trkpt lat="43.059153" lon="82.475905"><ele>2131</ele></trkpt>
      <trkpt lat="43.059175" lon="82.475953"><ele>2129</ele></trkpt>
      <trkpt lat="43.05926" lon="82.476035"><ele>2127</ele></trkpt>
      <trkpt lat="43.059304" lon="82.476092"><ele>2125</ele></trkpt>
      <trkpt lat="43.059371" lon="82.476146"><ele>2123</ele></trkpt>
      <trkpt lat="43.059471" lon="82.476274"><ele>2118</ele></trkpt>
      <trkpt lat="43.059507" lon="82.476307"><ele>2117</ele></trkpt>
      <trkpt lat="43.059526" lon="82.476383"><ele>2116</ele></trkpt>
      <trkpt lat="43.05967" lon="82.47666"><ele>2110</ele></trkpt>
      <trkpt lat="43.059739" lon="82.476758"><ele>2108</ele></trkpt>
      <trkpt lat="43.059882" lon="82.476928"><ele>2102</ele></trkpt>
      <trkpt lat="43.059949" lon="82.477088"><ele>2100</ele></trkpt>
      <trkpt lat="43.059968" lon="82.477107"><ele>2099</ele></trkpt>
      <trkpt lat="43.060014" lon="82.47725"><ele>2097</ele></trkpt>
      <trkpt lat="43.060073" lon="82.477309"><ele>2094</ele></trkpt>
      <trkpt lat="43.060085" lon="82.4774"><ele>2093</ele></trkpt>
      <trkpt lat="43.06012" lon="82.47751"><ele>2090</ele></trkpt>
      <trkpt lat="43.060147" lon="82.477562"><ele>2089</ele></trkpt>
      <trkpt lat="43.06019" lon="82.477759"><ele>2085</ele></trkpt>
      <trkpt lat="43.060218" lon="82.47783"><ele>2083</ele></trkpt>
      <trkpt lat="43.060209" lon="82.477898"><ele>2082</ele></trkpt>
      <trkpt lat="43.060231" lon="82.477967"><ele>2082</ele></trkpt>
      <trkpt lat="43.060308" lon="82.478107"><ele>2080</ele></trkpt>
      <trkpt lat="43.060532" lon="82.47839"><ele>2076</ele></trkpt>
      <trkpt lat="43.060597" lon="82.478441"><ele>2075</ele></trkpt>
      <trkpt lat="43.060702" lon="82.478597"><ele>2073</ele></trkpt>
      <trkpt lat="43.060739" lon="82.478689"><ele>2071</ele></trkpt>
      <trkpt lat="43.060783" lon="82.478766"><ele>2069</ele></trkpt>
      <trkpt lat="43.060868" lon="82.478867"><ele>2067</ele></trkpt>
      <trkpt lat="43.060901" lon="82.478921"><ele>2065</ele></trkpt>
      <trkpt lat="43.060956" lon="82.478935"><ele>2064</ele></trkpt>
      <trkpt lat="43.061041" lon="82.479022"><ele>2062</ele></trkpt>
      <trkpt lat="43.06108" lon="82.479029"><ele>2061</ele></trkpt>
      <trkpt lat="43.061093" lon="82.479043"><ele>2060</ele></trkpt>
      <trkpt lat="43.061097" lon="82.479087"><ele>2060</ele></trkpt>
      <trkpt lat="43.061135" lon="82.479211"><ele>2058</ele></trkpt>
      <trkpt lat="43.061168" lon="82.479274"><ele>2056</ele></trkpt>
      <trkpt lat="43.061187" lon="82.479277"><ele>2056</ele></trkpt>
      <trkpt lat="43.061203" lon="82.479356"><ele>2054</ele></trkpt>
      <trkpt lat="43.061235" lon="82.479419"><ele>2053</ele></trkpt>
      <trkpt lat="43.061265" lon="82.479425"><ele>2053</ele></trkpt>
      <trkpt lat="43.061271" lon="82.479465"><ele>2052</ele></trkpt>
      <trkpt lat="43.061319" lon="82.479598"><ele>2049</ele></trkpt>
      <trkpt lat="43.061332" lon="82.479658"><ele>2048</ele></trkpt>
      <trkpt lat="43.06137" lon="82.479748"><ele>2046</ele></trkpt>
      <trkpt lat="43.061414" lon="82.479772"><ele>2045</ele></trkpt>
      <trkpt lat="43.06143" lon="82.479794"><ele>2045</ele></trkpt>
      <trkpt lat="43.061456" lon="82.479845"><ele>2044</ele></trkpt>
      <trkpt lat="43.061467" lon="82.479904"><ele>2042</ele></trkpt>
      <trkpt lat="43.061483" lon="82.47993"><ele>2042</ele></trkpt>
      <trkpt lat="43.061513" lon="82.479952"><ele>2041</ele></trkpt>
      <trkpt lat="43.061608" lon="82.480108"><ele>2039</ele></trkpt>
      <trkpt lat="43.061628" lon="82.480163"><ele>2039</ele></trkpt>
      <trkpt lat="43.061783" lon="82.480336"><ele>2036</ele></trkpt>
      <trkpt lat="43.061876" lon="82.480378"><ele>2036</ele></trkpt>
      <trkpt lat="43.062002" lon="82.480413"><ele>2035</ele></trkpt>
      <trkpt lat="43.06216" lon="82.480501"><ele>2031</ele></trkpt>
      <trkpt lat="43.062228" lon="82.480555"><ele>2029</ele></trkpt>
      <trkpt lat="43.062466" lon="82.480694"><ele>2026</ele></trkpt>
      <trkpt lat="43.062525" lon="82.480755"><ele>2025</ele></trkpt>
      <trkpt lat="43.062631" lon="82.480957"><ele>2022</ele></trkpt>
      <trkpt lat="43.062673" lon="82.481079"><ele>2020</ele></trkpt>
      <trkpt lat="43.062691" lon="82.481281"><ele>2016</ele></trkpt>
      <trkpt lat="43.062678" lon="82.481349"><ele>2014</ele></trkpt>
      <trkpt lat="43.062697" lon="82.481402"><ele>2013</ele></trkpt>
      <trkpt lat="43.062745" lon="82.481465"><ele>2012</ele></trkpt>
      <trkpt lat="43.062844" lon="82.481673"><ele>2012</ele></trkpt>
      <trkpt lat="43.062958" lon="82.481844"><ele>2012</ele></trkpt>
      <trkpt lat="43.063041" lon="82.481904"><ele>2013</ele></trkpt>
      <trkpt lat="43.063092" lon="82.481919"><ele>2013</ele></trkpt>
      <trkpt lat="43.063181" lon="82.481916"><ele>2013</ele></trkpt>
      <trkpt lat="43.063398" lon="82.481874"><ele>2011</ele></trkpt>
      <trkpt lat="43.063466" lon="82.481891"><ele>2012</ele></trkpt>
      <trkpt lat="43.06356" lon="82.481945"><ele>2012</ele></trkpt>
      <trkpt lat="43.063733" lon="82.482112"><ele>2012</ele></trkpt>
      <trkpt lat="43.063924" lon="82.482254"><ele>2012</ele></trkpt>
      <trkpt lat="43.064088" lon="82.482342"><ele>2011</ele></trkpt>
      <trkpt lat="43.064352" lon="82.482626"><ele>2010</ele></trkpt>
      <trkpt lat="43.064605" lon="82.482867"><ele>2009</ele></trkpt>
      <trkpt lat="43.064851" lon="82.483164"><ele>2007</ele></trkpt>
      <trkpt lat="43.065003" lon="82.483369"><ele>2006</ele></trkpt>
      <trkpt lat="43.065173" lon="82.483549"><ele>2005</ele></trkpt>
      <trkpt lat="43.06539" lon="82.483858"><ele>2004</ele></trkpt>
      <trkpt lat="43.065528" lon="82.484009"><ele>2003</ele></trkpt>
      <trkpt lat="43.065645" lon="82.484112"><ele>2003</ele></trkpt>
      <trkpt lat="43.065868" lon="82.484367"><ele>2003</ele></trkpt>
      <trkpt lat="43.065866" lon="82.484376"><ele>2002</ele></trkpt>
      <trkpt lat="43.065948" lon="82.484521"><ele>2002</ele></trkpt>
      <trkpt lat="43.066029" lon="82.484611"><ele>2002</ele></trkpt>
      <trkpt lat="43.066095" lon="82.484705"><ele>2002</ele></trkpt>
      <trkpt lat="43.066212" lon="82.48494"><ele>2003</ele></trkpt>
      <trkpt lat="43.066275" lon="82.48504"><ele>2004</ele></trkpt>
      <trkpt lat="43.066322" lon="82.485096"><ele>2003</ele></trkpt>
      <trkpt lat="43.066373" lon="82.485105"><ele>2002</ele></trkpt>
      <trkpt lat="43.066429" lon="82.485133"><ele>2001</ele></trkpt>
      <trkpt lat="43.066698" lon="82.485313"><ele>1999</ele></trkpt>
      <trkpt lat="43.067035" lon="82.485615"><ele>1998</ele></trkpt>
      <trkpt lat="43.067331" lon="82.485963"><ele>1996</ele></trkpt>
      <trkpt lat="43.067462" lon="82.486156"><ele>1995</ele></trkpt>
      <trkpt lat="43.067544" lon="82.486324"><ele>1993</ele></trkpt>
      <trkpt lat="43.067546" lon="82.486316"><ele>1993</ele></trkpt>
      <trkpt lat="43.06756" lon="82.486339"><ele>1993</ele></trkpt>
      <trkpt lat="43.067691" lon="82.486577"><ele>1992</ele></trkpt>
      <trkpt lat="43.067822" lon="82.486752"><ele>1991</ele></trkpt>
      <trkpt lat="43.067938" lon="82.486967"><ele>1991</ele></trkpt>
      <trkpt lat="43.068064" lon="82.487148"><ele>1991</ele></trkpt>
      <trkpt lat="43.068144" lon="82.487344"><ele>1991</ele></trkpt>
      <trkpt lat="43.068162" lon="82.48744"><ele>1992</ele></trkpt>
      <trkpt lat="43.068368" lon="82.487903"><ele>1991</ele></trkpt>
      <trkpt lat="43.068388" lon="82.487987"><ele>1992</ele></trkpt>
      <trkpt lat="43.068486" lon="82.488147"><ele>1989</ele></trkpt>
      <trkpt lat="43.068595" lon="82.488366"><ele>1989</ele></trkpt>
      <trkpt lat="43.068624" lon="82.488516"><ele>1988</ele></trkpt>
      <trkpt lat="43.068695" lon="82.488651"><ele>1988</ele></trkpt>
      <trkpt lat="43.068723" lon="82.488659"><ele>1988</ele></trkpt>
      <trkpt lat="43.068739" lon="82.488684"><ele>1988</ele></trkpt>
      <trkpt lat="43.068822" lon="82.488929"><ele>1984</ele></trkpt>
      <trkpt lat="43.068913" lon="82.489104"><ele>1981</ele></trkpt>
      <trkpt lat="43.06925" lon="82.489396"><ele>1975</ele></trkpt>
      <trkpt lat="43.06932" lon="82.489515"><ele>1974</ele></trkpt>
      <trkpt lat="43.069424" lon="82.489736"><ele>1973</ele></trkpt>
      <trkpt lat="43.069444" lon="82.489764"><ele>1973</ele></trkpt>
      <trkpt lat="43.069477" lon="82.489792"><ele>1973</ele></trkpt>
      <trkpt lat="43.06958" lon="82.489828"><ele>1972</ele></trkpt>
      <trkpt lat="43.069643" lon="82.489873"><ele>1971</ele></trkpt>
      <trkpt lat="43.069727" lon="82.48996"><ele>1970</ele></trkpt>
      <trkpt lat="43.069821" lon="82.49009"><ele>1970</ele></trkpt>
      <trkpt lat="43.069855" lon="82.490115"><ele>1969</ele></trkpt>
      <trkpt lat="43.069981" lon="82.490262"><ele>1967</ele></trkpt>
      <trkpt lat="43.070005" lon="82.490328"><ele>1966</ele></trkpt>
      <trkpt lat="43.070107" lon="82.490466"><ele>1965</ele></trkpt>
      <trkpt lat="43.070217" lon="82.490649"><ele>1964</ele></trkpt>
      <trkpt lat="43.070363" lon="82.490866"><ele>1962</ele></trkpt>
      <trkpt lat="43.07038" lon="82.490878"><ele>1961</ele></trkpt>
      <trkpt lat="43.070383" lon="82.490927"><ele>1961</ele></trkpt>
      <trkpt lat="43.070391" lon="82.490943"><ele>1961</ele></trkpt>
      <trkpt lat="43.070445" lon="82.490964"><ele>1961</ele></trkpt>
      <trkpt lat="43.070505" lon="82.491024"><ele>1960</ele></trkpt>
      <trkpt lat="43.070661" lon="82.491258"><ele>1960</ele></trkpt>
      <trkpt lat="43.070792" lon="82.49142"><ele>1962</ele></trkpt>
      <trkpt lat="43.070905" lon="82.491757"><ele>1959</ele></trkpt>
      <trkpt lat="43.070965" lon="82.491897"><ele>1956</ele></trkpt>
      <trkpt lat="43.07101" lon="82.492033"><ele>1954</ele></trkpt>
      <trkpt lat="43.071068" lon="82.492157"><ele>1952</ele></trkpt>
      <trkpt lat="43.071152" lon="82.492297"><ele>1949</ele></trkpt>
      <trkpt lat="43.071352" lon="82.492691"><ele>1943</ele></trkpt>
      <trkpt lat="43.071435" lon="82.49274"><ele>1943</ele></trkpt>
      <trkpt lat="43.071458" lon="82.492786"><ele>1942</ele></trkpt>
      <trkpt lat="43.071498" lon="82.492801"><ele>1942</ele></trkpt>
      <trkpt lat="43.071502" lon="82.492787"><ele>1942</ele></trkpt>
      <trkpt lat="43.07154" lon="82.492786"><ele>1942</ele></trkpt>
      <trkpt lat="43.07158" lon="82.492826"><ele>1941</ele></trkpt>
      <trkpt lat="43.071654" lon="82.492958"><ele>1941</ele></trkpt>
      <trkpt lat="43.071696" lon="82.493009"><ele>1942</ele></trkpt>
      <trkpt lat="43.071784" lon="82.493191"><ele>1941</ele></trkpt>
      <trkpt lat="43.071798" lon="82.493251"><ele>1941</ele></trkpt>
      <trkpt lat="43.071809" lon="82.493248"><ele>1940</ele></trkpt>
      <trkpt lat="43.071804" lon="82.493276"><ele>1940</ele></trkpt>
      <trkpt lat="43.071851" lon="82.493433"><ele>1939</ele></trkpt>
      <trkpt lat="43.071863" lon="82.493509"><ele>1939</ele></trkpt>
      <trkpt lat="43.071876" lon="82.493534"><ele>1939</ele></trkpt>
      <trkpt lat="43.071914" lon="82.493582"><ele>1938</ele></trkpt>
      <trkpt lat="43.072014" lon="82.493673"><ele>1937</ele></trkpt>
      <trkpt lat="43.072134" lon="82.493841"><ele>1936</ele></trkpt>
      <trkpt lat="43.072278" lon="82.493905"><ele>1935</ele></trkpt>
      <trkpt lat="43.072341" lon="82.49395"><ele>1936</ele></trkpt>
      <trkpt lat="43.072459" lon="82.494131"><ele>1933</ele></trkpt>
      <trkpt lat="43.072512" lon="82.494169"><ele>1932</ele></trkpt>
      <trkpt lat="43.07262" lon="82.494209"><ele>1932</ele></trkpt>
      <trkpt lat="43.072707" lon="82.494255"><ele>1932</ele></trkpt>
      <trkpt lat="43.072793" lon="82.494353"><ele>1930</ele></trkpt>
      <trkpt lat="43.072796" lon="82.494425"><ele>1928</ele></trkpt>
      <trkpt lat="43.072784" lon="82.494495"><ele>1927</ele></trkpt>
      <trkpt lat="43.072788" lon="82.494676"><ele>1925</ele></trkpt>
      <trkpt lat="43.072811" lon="82.494751"><ele>1924</ele></trkpt>
      <trkpt lat="43.072846" lon="82.494797"><ele>1923</ele></trkpt>
      <trkpt lat="43.072909" lon="82.494855"><ele>1921</ele></trkpt>
      <trkpt lat="43.073053" lon="82.494954"><ele>1919</ele></trkpt>
      <trkpt lat="43.073109" lon="82.494949"><ele>1918</ele></trkpt>
      <trkpt lat="43.07312" lon="82.494968"><ele>1917</ele></trkpt>
      <trkpt lat="43.073185" lon="82.49496"><ele>1915</ele></trkpt>
      <trkpt lat="43.073243" lon="82.494993"><ele>1912</ele></trkpt>
      <trkpt lat="43.073265" lon="82.49499"><ele>1911</ele></trkpt>
      <trkpt lat="43.07329" lon="82.495024"><ele>1910</ele></trkpt>
      <trkpt lat="43.073328" lon="82.495047"><ele>1909</ele></trkpt>
      <trkpt lat="43.07359" lon="82.495041"><ele>1902</ele></trkpt>
      <trkpt lat="43.073629" lon="82.495064"><ele>1901</ele></trkpt>
      <trkpt lat="43.073643" lon="82.495089"><ele>1900</ele></trkpt>
      <trkpt lat="43.07381" lon="82.495251"><ele>1897</ele></trkpt>
      <trkpt lat="43.073907" lon="82.495245"><ele>1896</ele></trkpt>
      <trkpt lat="43.073972" lon="82.495269"><ele>1895</ele></trkpt>
      <trkpt lat="43.074007" lon="82.495302"><ele>1894</ele></trkpt>
      <trkpt lat="43.074089" lon="82.495424"><ele>1890</ele></trkpt>
      <trkpt lat="43.074228" lon="82.495548"><ele>1885</ele></trkpt>
      <trkpt lat="43.074243" lon="82.495582"><ele>1884</ele></trkpt>
      <trkpt lat="43.074258" lon="82.495593"><ele>1884</ele></trkpt>
      <trkpt lat="43.074375" lon="82.495613"><ele>1880</ele></trkpt>
      <trkpt lat="43.074394" lon="82.495634"><ele>1879</ele></trkpt>
      <trkpt lat="43.074516" lon="82.495703"><ele>1876</ele></trkpt>
      <trkpt lat="43.074735" lon="82.495789"><ele>1871</ele></trkpt>
      <trkpt lat="43.074768" lon="82.495779"><ele>1870</ele></trkpt>
      <trkpt lat="43.074787" lon="82.495791"><ele>1869</ele></trkpt>
      <trkpt lat="43.074886" lon="82.495805"><ele>1867</ele></trkpt>
      <trkpt lat="43.07493" lon="82.495829"><ele>1866</ele></trkpt>
      <trkpt lat="43.075066" lon="82.495812"><ele>1863</ele></trkpt>
      <trkpt lat="43.075147" lon="82.495832"><ele>1862</ele></trkpt>
      <trkpt lat="43.075213" lon="82.495863"><ele>1861</ele></trkpt>
      <trkpt lat="43.075275" lon="82.495915"><ele>1860</ele></trkpt>
      <trkpt lat="43.075348" lon="82.495955"><ele>1858</ele></trkpt>
      <trkpt lat="43.075496" lon="82.496022"><ele>1856</ele></trkpt>
      <trkpt lat="43.075616" lon="82.496127"><ele>1855</ele></trkpt>
      <trkpt lat="43.075734" lon="82.496301"><ele>1854</ele></trkpt>
      <trkpt lat="43.075802" lon="82.496381"><ele>1853</ele></trkpt>
      <trkpt lat="43.07598" lon="82.496543"><ele>1850</ele></trkpt>
      <trkpt lat="43.076139" lon="82.496738"><ele>1846</ele></trkpt>
      <trkpt lat="43.076195" lon="82.496829"><ele>1845</ele></trkpt>
      <trkpt lat="43.076257" lon="82.496889"><ele>1844</ele></trkpt>
      <trkpt lat="43.076308" lon="82.496984"><ele>1844</ele></trkpt>
      <trkpt lat="43.076312" lon="82.49704"><ele>1843</ele></trkpt>
      <trkpt lat="43.076353" lon="82.497128"><ele>1842</ele></trkpt>
      <trkpt lat="43.076421" lon="82.497204"><ele>1840</ele></trkpt>
      <trkpt lat="43.076465" lon="82.497285"><ele>1839</ele></trkpt>
      <trkpt lat="43.076532" lon="82.497381"><ele>1837</ele></trkpt>
      <trkpt lat="43.076625" lon="82.497483"><ele>1836</ele></trkpt>
      <trkpt lat="43.076751" lon="82.497574"><ele>1834</ele></trkpt>
      <trkpt lat="43.07681" lon="82.497601"><ele>1832</ele></trkpt>
      <trkpt lat="43.076928" lon="82.497618"><ele>1828</ele></trkpt>
      <trkpt lat="43.077023" lon="82.497609"><ele>1826</ele></trkpt>
      <trkpt lat="43.077017" lon="82.49767"><ele>1825</ele></trkpt>
      <trkpt lat="43.077134" lon="82.497679"><ele>1822</ele></trkpt>
      <trkpt lat="43.077209" lon="82.497707"><ele>1821</ele></trkpt>
      <trkpt lat="43.07746" lon="82.49801"><ele>1817</ele></trkpt>
      <trkpt lat="43.077498" lon="82.498024"><ele>1816</ele></trkpt>
      <trkpt lat="43.077592" lon="82.498097"><ele>1814</ele></trkpt>
      <trkpt lat="43.077647" lon="82.498102"><ele>1812</ele></trkpt>
      <trkpt lat="43.07764" lon="82.498102"><ele>1811</ele></trkpt>
      <trkpt lat="43.077659" lon="82.498126"><ele>1811</ele></trkpt>
      <trkpt lat="43.077684" lon="82.498141"><ele>1810</ele></trkpt>
      <trkpt lat="43.077726" lon="82.498188"><ele>1809</ele></trkpt>
      <trkpt lat="43.077755" lon="82.498313"><ele>1805</ele></trkpt>
      <trkpt lat="43.077777" lon="82.498372"><ele>1804</ele></trkpt>
      <trkpt lat="43.077788" lon="82.498433"><ele>1803</ele></trkpt>
      <trkpt lat="43.077793" lon="82.498566"><ele>1801</ele></trkpt>
      <trkpt lat="43.077831" lon="82.498695"><ele>1798</ele></trkpt>
      <trkpt lat="43.077851" lon="82.498804"><ele>1797</ele></trkpt>
      <trkpt lat="43.077882" lon="82.498899"><ele>1797</ele></trkpt>
      <trkpt lat="43.077899" lon="82.498936"><ele>1796</ele></trkpt>
      <trkpt lat="43.077911" lon="82.498941"><ele>1796</ele></trkpt>
      <trkpt lat="43.077924" lon="82.499044"><ele>1794</ele></trkpt>
      <trkpt lat="43.07795" lon="82.499133"><ele>1792</ele></trkpt>
      <trkpt lat="43.077956" lon="82.499184"><ele>1791</ele></trkpt>
      <trkpt lat="43.077993" lon="82.499243"><ele>1790</ele></trkpt>
      <trkpt lat="43.078025" lon="82.499271"><ele>1789</ele></trkpt>
      <trkpt lat="43.078033" lon="82.499335"><ele>1787</ele></trkpt>
      <trkpt lat="43.078088" lon="82.499377"><ele>1784</ele></trkpt>
      <trkpt lat="43.078158" lon="82.499398"><ele>1783</ele></trkpt>
      <trkpt lat="43.078195" lon="82.499436"><ele>1782</ele></trkpt>
      <trkpt lat="43.07824" lon="82.499459"><ele>1781</ele></trkpt>
      <trkpt lat="43.078274" lon="82.499452"><ele>1780</ele></trkpt>
      <trkpt lat="43.07833" lon="82.499466"><ele>1779</ele></trkpt>
      <trkpt lat="43.078421" lon="82.499511"><ele>1776</ele></trkpt>
      <trkpt lat="43.07844" lon="82.499522"><ele>1774</ele></trkpt>
      <trkpt lat="43.078436" lon="82.499556"><ele>1773</ele></trkpt>
      <trkpt lat="43.078516" lon="82.499572"><ele>1772</ele></trkpt>
      <trkpt lat="43.078592" lon="82.499562"><ele>1770</ele></trkpt>
      <trkpt lat="43.07864" lon="82.499569"><ele>1768</ele></trkpt>
      <trkpt lat="43.078689" lon="82.499584"><ele>1767</ele></trkpt>
      <trkpt lat="43.078722" lon="82.49961"><ele>1766</ele></trkpt>
      <trkpt lat="43.078774" lon="82.499622"><ele>1765</ele></trkpt>
      <trkpt lat="43.078845" lon="82.499713"><ele>1764</ele></trkpt>
      <trkpt lat="43.078886" lon="82.499794"><ele>1763</ele></trkpt>
      <trkpt lat="43.078897" lon="82.499838"><ele>1763</ele></trkpt>
      <trkpt lat="43.07889" lon="82.49984"><ele>1763</ele></trkpt>
      <trkpt lat="43.078892" lon="82.499892"><ele>1763</ele></trkpt>
      <trkpt lat="43.078876" lon="82.50001"><ele>1762</ele></trkpt>
      <trkpt lat="43.078824" lon="82.500152"><ele>1761</ele></trkpt>
      <trkpt lat="43.078789" lon="82.500349"><ele>1760</ele></trkpt>
      <trkpt lat="43.078802" lon="82.500479"><ele>1761</ele></trkpt>
      <trkpt lat="43.078843" lon="82.500591"><ele>1761</ele></trkpt>
      <trkpt lat="43.078928" lon="82.500701"><ele>1760</ele></trkpt>
      <trkpt lat="43.07899" lon="82.500745"><ele>1759</ele></trkpt>
      <trkpt lat="43.079056" lon="82.500828"><ele>1758</ele></trkpt>
      <trkpt lat="43.079087" lon="82.500954"><ele>1757</ele></trkpt>
      <trkpt lat="43.079065" lon="82.501034"><ele>1757</ele></trkpt>
      <trkpt lat="43.078877" lon="82.501351"><ele>1756</ele></trkpt>
      <trkpt lat="43.078895" lon="82.50146"><ele>1755</ele></trkpt>
      <trkpt lat="43.078968" lon="82.501614"><ele>1751</ele></trkpt>
      <trkpt lat="43.079054" lon="82.501842"><ele>1746</ele></trkpt>
      <trkpt lat="43.079081" lon="82.501889"><ele>1745</ele></trkpt>
      <trkpt lat="43.079135" lon="82.501945"><ele>1744</ele></trkpt>
      <trkpt lat="43.079157" lon="82.501987"><ele>1743</ele></trkpt>
      <trkpt lat="43.079219" lon="82.502059"><ele>1741</ele></trkpt>
      <trkpt lat="43.079256" lon="82.502091"><ele>1740</ele></trkpt>
      <trkpt lat="43.079419" lon="82.502163"><ele>1737</ele></trkpt>
      <trkpt lat="43.079501" lon="82.502168"><ele>1736</ele></trkpt>
      <trkpt lat="43.079611" lon="82.502195"><ele>1735</ele></trkpt>
      <trkpt lat="43.079683" lon="82.502177"><ele>1733</ele></trkpt>
      <trkpt lat="43.079737" lon="82.502138"><ele>1732</ele></trkpt>
      <trkpt lat="43.079746" lon="82.502157"><ele>1732</ele></trkpt>
      <trkpt lat="43.079768" lon="82.502136"><ele>1731</ele></trkpt>
      <trkpt lat="43.079952" lon="82.502084"><ele>1727</ele></trkpt>
      <trkpt lat="43.079999" lon="82.502037"><ele>1725</ele></trkpt>
      <trkpt lat="43.080042" lon="82.50201"><ele>1723</ele></trkpt>
      <trkpt lat="43.080123" lon="82.501899"><ele>1720</ele></trkpt>
      <trkpt lat="43.080216" lon="82.501797"><ele>1716</ele></trkpt>
      <trkpt lat="43.080262" lon="82.501783"><ele>1715</ele></trkpt>
      <trkpt lat="43.080304" lon="82.501754"><ele>1714</ele></trkpt>
      <trkpt lat="43.080358" lon="82.501739"><ele>1714</ele></trkpt>
      <trkpt lat="43.080439" lon="82.50174"><ele>1713</ele></trkpt>
      <trkpt lat="43.080563" lon="82.501762"><ele>1710</ele></trkpt>
      <trkpt lat="43.080655" lon="82.501802"><ele>1708</ele></trkpt>
      <trkpt lat="43.080641" lon="82.501765"><ele>1708</ele></trkpt>
      <trkpt lat="43.080678" lon="82.50189"><ele>1707</ele></trkpt>
      <trkpt lat="43.0807" lon="82.501926"><ele>1706</ele></trkpt>
      <trkpt lat="43.080722" lon="82.501937"><ele>1706</ele></trkpt>
      <trkpt lat="43.080755" lon="82.502015"><ele>1704</ele></trkpt>
      <trkpt lat="43.080806" lon="82.502022"><ele>1703</ele></trkpt>
      <trkpt lat="43.080804" lon="82.502036"><ele>1702</ele></trkpt>
      <trkpt lat="43.080888" lon="82.502141"><ele>1701</ele></trkpt>
      <trkpt lat="43.08094" lon="82.502227"><ele>1700</ele></trkpt>
      <trkpt lat="43.080965" lon="82.502339"><ele>1699</ele></trkpt>
      <trkpt lat="43.081009" lon="82.502418"><ele>1697</ele></trkpt>
      <trkpt lat="43.081075" lon="82.502458"><ele>1696</ele></trkpt>
      <trkpt lat="43.081125" lon="82.502504"><ele>1694</ele></trkpt>
      <trkpt lat="43.081141" lon="82.502503"><ele>1693</ele></trkpt>
      <trkpt lat="43.081143" lon="82.502535"><ele>1693</ele></trkpt>
      <trkpt lat="43.081169" lon="82.502559"><ele>1692</ele></trkpt>
      <trkpt lat="43.081192" lon="82.502646"><ele>1690</ele></trkpt>
      <trkpt lat="43.081229" lon="82.502649"><ele>1689</ele></trkpt>
      <trkpt lat="43.081284" lon="82.502707"><ele>1687</ele></trkpt>
      <trkpt lat="43.081324" lon="82.502735"><ele>1686</ele></trkpt>
      <trkpt lat="43.081401" lon="82.502764"><ele>1684</ele></trkpt>
      <trkpt lat="43.081449" lon="82.50282"><ele>1681</ele></trkpt>
      <trkpt lat="43.081527" lon="82.502939"><ele>1678</ele></trkpt>
      <trkpt lat="43.081511" lon="82.503049"><ele>1675</ele></trkpt>
      <trkpt lat="43.081485" lon="82.503088"><ele>1674</ele></trkpt>
      <trkpt lat="43.081418" lon="82.503152"><ele>1672</ele></trkpt>
      <trkpt lat="43.081352" lon="82.503241"><ele>1669</ele></trkpt>
      <trkpt lat="43.081274" lon="82.503407"><ele>1666</ele></trkpt>
      <trkpt lat="43.081242" lon="82.503522"><ele>1663</ele></trkpt>
      <trkpt lat="43.081188" lon="82.503772"><ele>1659</ele></trkpt>
      <trkpt lat="43.081209" lon="82.503919"><ele>1655</ele></trkpt>
      <trkpt lat="43.081244" lon="82.503979"><ele>1654</ele></trkpt>
      <trkpt lat="43.081291" lon="82.503998"><ele>1653</ele></trkpt>
      <trkpt lat="43.081254" lon="82.504045"><ele>1652</ele></trkpt>
      <trkpt lat="43.081258" lon="82.504056"><ele>1652</ele></trkpt>
      <trkpt lat="43.081279" lon="82.504093"><ele>1651</ele></trkpt>
      <trkpt lat="43.0813" lon="82.504105"><ele>1650</ele></trkpt>
      <trkpt lat="43.081395" lon="82.504227"><ele>1647</ele></trkpt>
      <trkpt lat="43.081496" lon="82.504315"><ele>1645</ele></trkpt>
      <trkpt lat="43.081695" lon="82.504457"><ele>1641</ele></trkpt>
      <trkpt lat="43.08182" lon="82.504592"><ele>1639</ele></trkpt>
      <trkpt lat="43.08197" lon="82.504804"><ele>1636</ele></trkpt>
      <trkpt lat="43.082089" lon="82.504916"><ele>1633</ele></trkpt>
      <trkpt lat="43.082139" lon="82.50495"><ele>1631</ele></trkpt>
      <trkpt lat="43.082157" lon="82.50495"><ele>1631</ele></trkpt>
      <trkpt lat="43.082177" lon="82.504977"><ele>1631</ele></trkpt>
      <trkpt lat="43.08235" lon="82.505072"><ele>1629</ele></trkpt>
      <trkpt lat="43.082433" lon="82.505103"><ele>1628</ele></trkpt>
      <trkpt lat="43.082493" lon="82.505108"><ele>1627</ele></trkpt>
      <trkpt lat="43.082679" lon="82.505176"><ele>1625</ele></trkpt>
      <trkpt lat="43.082758" lon="82.505232"><ele>1625</ele></trkpt>
      <trkpt lat="43.082899" lon="82.50543"><ele>1624</ele></trkpt>
      <trkpt lat="43.083002" lon="82.50552"><ele>1623</ele></trkpt>
      <trkpt lat="43.083367" lon="82.505628"><ele>1618</ele></trkpt>
      <trkpt lat="43.083504" lon="82.505703"><ele>1617</ele></trkpt>
      <trkpt lat="43.083529" lon="82.505741"><ele>1618</ele></trkpt>
      <trkpt lat="43.083548" lon="82.505734"><ele>1618</ele></trkpt>
      <trkpt lat="43.083571" lon="82.505707"><ele>1618</ele></trkpt>
      <trkpt lat="43.08372" lon="82.505674"><ele>1614</ele></trkpt>
      <trkpt lat="43.083756" lon="82.505669"><ele>1614</ele></trkpt>
      <trkpt lat="43.083837" lon="82.505685"><ele>1613</ele></trkpt>
      <trkpt lat="43.083993" lon="82.505857"><ele>1612</ele></trkpt>
      <trkpt lat="43.084038" lon="82.505894"><ele>1612</ele></trkpt>
      <trkpt lat="43.084179" lon="82.506069"><ele>1611</ele></trkpt>
      <trkpt lat="43.084234" lon="82.506111"><ele>1610</ele></trkpt>
      <trkpt lat="43.084453" lon="82.506231"><ele>1608</ele></trkpt>
      <trkpt lat="43.08454" lon="82.506325"><ele>1608</ele></trkpt>
      <trkpt lat="43.084608" lon="82.506443"><ele>1607</ele></trkpt>
      <trkpt lat="43.084727" lon="82.506565"><ele>1607</ele></trkpt>
      <trkpt lat="43.084817" lon="82.506615"><ele>1606</ele></trkpt>
      <trkpt lat="43.085008" lon="82.506683"><ele>1605</ele></trkpt>
      <trkpt lat="43.085216" lon="82.506829"><ele>1602</ele></trkpt>
      <trkpt lat="43.085276" lon="82.506891"><ele>1602</ele></trkpt>
      <trkpt lat="43.085433" lon="82.506999"><ele>1600</ele></trkpt>
      <trkpt lat="43.08551" lon="82.507028"><ele>1600</ele></trkpt>
      <trkpt lat="43.085664" lon="82.507113"><ele>1599</ele></trkpt>
      <trkpt lat="43.085932" lon="82.507195"><ele>1596</ele></trkpt>
      <trkpt lat="43.086113" lon="82.507291"><ele>1595</ele></trkpt>
      <trkpt lat="43.086217" lon="82.507329"><ele>1594</ele></trkpt>
      <trkpt lat="43.086307" lon="82.507386"><ele>1594</ele></trkpt>
      <trkpt lat="43.086369" lon="82.507434"><ele>1594</ele></trkpt>
      <trkpt lat="43.086559" lon="82.507715"><ele>1593</ele></trkpt>
      <trkpt lat="43.08662" lon="82.507789"><ele>1592</ele></trkpt>
      <trkpt lat="43.086687" lon="82.507851"><ele>1592</ele></trkpt>
      <trkpt lat="43.08673" lon="82.507872"><ele>1591</ele></trkpt>
      <trkpt lat="43.086753" lon="82.507896"><ele>1590</ele></trkpt>
      <trkpt lat="43.086914" lon="82.50796"><ele>1586</ele></trkpt>
      <trkpt lat="43.086989" lon="82.508044"><ele>1585</ele></trkpt>
      <trkpt lat="43.087323" lon="82.508245"><ele>1581</ele></trkpt>
      <trkpt lat="43.087465" lon="82.508349"><ele>1579</ele></trkpt>
      <trkpt lat="43.087567" lon="82.50848"><ele>1576</ele></trkpt>
      <trkpt lat="43.08779" lon="82.508566"><ele>1575</ele></trkpt>
      <trkpt lat="43.087893" lon="82.508624"><ele>1574</ele></trkpt>
      <trkpt lat="43.088057" lon="82.5088"><ele>1574</ele></trkpt>
      <trkpt lat="43.08816" lon="82.508977"><ele>1576</ele></trkpt>
      <trkpt lat="43.088248" lon="82.509072"><ele>1578</ele></trkpt>
      <trkpt lat="43.088356" lon="82.509147"><ele>1578</ele></trkpt>
      <trkpt lat="43.088381" lon="82.509151"><ele>1578</ele></trkpt>
      <trkpt lat="43.088414" lon="82.50914"><ele>1578</ele></trkpt>
      <trkpt lat="43.088789" lon="82.509335"><ele>1576</ele></trkpt>
      <trkpt lat="43.089102" lon="82.509561"><ele>1576</ele></trkpt>
      <trkpt lat="43.089179" lon="82.509591"><ele>1575</ele></trkpt>
      <trkpt lat="43.089343" lon="82.509699"><ele>1575</ele></trkpt>
      <trkpt lat="43.089707" lon="82.509813"><ele>1573</ele></trkpt>
      <trkpt lat="43.089931" lon="82.509842"><ele>1573</ele></trkpt>
      <trkpt lat="43.090013" lon="82.50987"><ele>1573</ele></trkpt>
      <trkpt lat="43.090112" lon="82.509924"><ele>1573</ele></trkpt>
      <trkpt lat="43.090259" lon="82.509958"><ele>1571</ele></trkpt>
      <trkpt lat="43.090381" lon="82.509964"><ele>1570</ele></trkpt>
      <trkpt lat="43.090548" lon="82.510012"><ele>1568</ele></trkpt>
      <trkpt lat="43.090803" lon="82.510129"><ele>1567</ele></trkpt>
      <trkpt lat="43.091015" lon="82.510265"><ele>1568</ele></trkpt>
      <trkpt lat="43.091074" lon="82.510275"><ele>1569</ele></trkpt>
      <trkpt lat="43.091141" lon="82.510261"><ele>1569</ele></trkpt>
      <trkpt lat="43.091256" lon="82.510268"><ele>1568</ele></trkpt>
      <trkpt lat="43.091488" lon="82.510228"><ele>1566</ele></trkpt>
      <trkpt lat="43.091736" lon="82.510232"><ele>1566</ele></trkpt>
      <trkpt lat="43.091861" lon="82.510288"><ele>1565</ele></trkpt>
      <trkpt lat="43.092027" lon="82.51041"><ele>1566</ele></trkpt>
      <trkpt lat="43.092253" lon="82.510492"><ele>1565</ele></trkpt>
      <trkpt lat="43.092324" lon="82.510553"><ele>1565</ele></trkpt>
      <trkpt lat="43.092427" lon="82.510615"><ele>1565</ele></trkpt>
      <trkpt lat="43.092544" lon="82.510737"><ele>1566</ele></trkpt>
      <trkpt lat="43.092692" lon="82.510829"><ele>1566</ele></trkpt>
      <trkpt lat="43.092763" lon="82.510828"><ele>1566</ele></trkpt>
      <trkpt lat="43.092848" lon="82.510875"><ele>1566</ele></trkpt>
      <trkpt lat="43.092938" lon="82.510901"><ele>1565</ele></trkpt>
      <trkpt lat="43.093083" lon="82.510968"><ele>1565</ele></trkpt>
      <trkpt lat="43.09316" lon="82.510966"><ele>1564</ele></trkpt>
      <trkpt lat="43.093362" lon="82.511002"><ele>1561</ele></trkpt>
      <trkpt lat="43.093459" lon="82.51107"><ele>1560</ele></trkpt>
      <trkpt lat="43.093555" lon="82.511164"><ele>1560</ele></trkpt>
      <trkpt lat="43.093683" lon="82.511238"><ele>1561</ele></trkpt>
      <trkpt lat="43.093982" lon="82.511308"><ele>1558</ele></trkpt>
      <trkpt lat="43.094061" lon="82.511356"><ele>1558</ele></trkpt>
      <trkpt lat="43.094398" lon="82.511444"><ele>1553</ele></trkpt>
      <trkpt lat="43.094399" lon="82.511453"><ele>1553</ele></trkpt>
      <trkpt lat="43.094487" lon="82.511485"><ele>1552</ele></trkpt>
      <trkpt lat="43.094706" lon="82.51151"><ele>1551</ele></trkpt>
      <trkpt lat="43.094866" lon="82.511492"><ele>1550</ele></trkpt>
      <trkpt lat="43.094859" lon="82.511499"><ele>1550</ele></trkpt>
      <trkpt lat="43.09489" lon="82.511513"><ele>1550</ele></trkpt>
      <trkpt lat="43.094896" lon="82.511505"><ele>1550</ele></trkpt>
      <trkpt lat="43.094939" lon="82.511541"><ele>1550</ele></trkpt>
      <trkpt lat="43.095023" lon="82.511576"><ele>1550</ele></trkpt>
      <trkpt lat="43.095096" lon="82.511624"><ele>1549</ele></trkpt>
      <trkpt lat="43.095259" lon="82.511703"><ele>1549</ele></trkpt>
      <trkpt lat="43.0954" lon="82.511757"><ele>1549</ele></trkpt>
      <trkpt lat="43.095514" lon="82.51179"><ele>1549</ele></trkpt>
      <trkpt lat="43.095604" lon="82.511801"><ele>1550</ele></trkpt>
      <trkpt lat="43.095852" lon="82.511858"><ele>1550</ele></trkpt>
      <trkpt lat="43.095898" lon="82.511859"><ele>1550</ele></trkpt>
      <trkpt lat="43.095894" lon="82.51185"><ele>1551</ele></trkpt>
      <trkpt lat="43.095896" lon="82.511873"><ele>1551</ele></trkpt>
      <trkpt lat="43.096048" lon="82.511942"><ele>1550</ele></trkpt>
      <trkpt lat="43.096206" lon="82.511988"><ele>1551</ele></trkpt>
      <trkpt lat="43.096394" lon="82.512062"><ele>1552</ele></trkpt>
      <trkpt lat="43.096496" lon="82.51206"><ele>1552</ele></trkpt>
      <trkpt lat="43.096525" lon="82.512088"><ele>1552</ele></trkpt>
      <trkpt lat="43.096588" lon="82.512117"><ele>1552</ele></trkpt>
      <trkpt lat="43.096687" lon="82.512141"><ele>1551</ele></trkpt>
      <trkpt lat="43.096986" lon="82.51213"><ele>1548</ele></trkpt>
      <trkpt lat="43.097142" lon="82.512148"><ele>1546</ele></trkpt>
      <trkpt lat="43.097175" lon="82.512161"><ele>1545</ele></trkpt>
      <trkpt lat="43.097306" lon="82.512259"><ele>1545</ele></trkpt>
      <trkpt lat="43.09736" lon="82.512287"><ele>1546</ele></trkpt>
      <trkpt lat="43.097419" lon="82.512367"><ele>1546</ele></trkpt>
      <trkpt lat="43.09741" lon="82.512377"><ele>1546</ele></trkpt>
      <trkpt lat="43.097468" lon="82.512287"><ele>1547</ele></trkpt>
      <trkpt lat="43.097484" lon="82.512347"><ele>1547</ele></trkpt>
      <trkpt lat="43.097564" lon="82.512437"><ele>1546</ele></trkpt>
      <trkpt lat="43.097642" lon="82.512497"><ele>1545</ele></trkpt>
      <trkpt lat="43.097707" lon="82.51257"><ele>1545</ele></trkpt>
      <trkpt lat="43.097973" lon="82.5128"><ele>1542</ele></trkpt>
      <trkpt lat="43.098028" lon="82.512873"><ele>1542</ele></trkpt>
      <trkpt lat="43.098048" lon="82.512934"><ele>1541</ele></trkpt>
      <trkpt lat="43.098073" lon="82.512964"><ele>1541</ele></trkpt>
      <trkpt lat="43.098084" lon="82.513007"><ele>1540</ele></trkpt>
      <trkpt lat="43.098116" lon="82.513053"><ele>1540</ele></trkpt>
      <trkpt lat="43.098169" lon="82.513077"><ele>1539</ele></trkpt>
      <trkpt lat="43.098205" lon="82.513135"><ele>1538</ele></trkpt>
      <trkpt lat="43.098262" lon="82.513185"><ele>1537</ele></trkpt>
      <trkpt lat="43.098363" lon="82.513206"><ele>1535</ele></trkpt>
      <trkpt lat="43.098384" lon="82.513222"><ele>1534</ele></trkpt>
      <trkpt lat="43.098405" lon="82.51325"><ele>1533</ele></trkpt>
      <trkpt lat="43.098441" lon="82.51333"><ele>1532</ele></trkpt>
      <trkpt lat="43.098492" lon="82.513377"><ele>1532</ele></trkpt>
      <trkpt lat="43.098755" lon="82.513564"><ele>1528</ele></trkpt>
      <trkpt lat="43.098871" lon="82.513678"><ele>1527</ele></trkpt>
      <trkpt lat="43.098974" lon="82.513761"><ele>1525</ele></trkpt>
      <trkpt lat="43.09912" lon="82.513849"><ele>1524</ele></trkpt>
      <trkpt lat="43.09916" lon="82.513933"><ele>1524</ele></trkpt>
      <trkpt lat="43.099196" lon="82.514123"><ele>1524</ele></trkpt>
      <trkpt lat="43.099225" lon="82.514211"><ele>1524</ele></trkpt>
      <trkpt lat="43.099278" lon="82.514327"><ele>1524</ele></trkpt>
      <trkpt lat="43.099318" lon="82.514374"><ele>1523</ele></trkpt>
      <trkpt lat="43.099313" lon="82.514377"><ele>1523</ele></trkpt>
      <trkpt lat="43.099343" lon="82.514437"><ele>1523</ele></trkpt>
      <trkpt lat="43.099421" lon="82.514559"><ele>1521</ele></trkpt>
      <trkpt lat="43.099696" lon="82.514837"><ele>1517</ele></trkpt>
      <trkpt lat="43.099777" lon="82.514952"><ele>1515</ele></trkpt>
      <trkpt lat="43.099787" lon="82.514961"><ele>1515</ele></trkpt>
      <trkpt lat="43.099814" lon="82.514954"><ele>1514</ele></trkpt>
      <trkpt lat="43.099862" lon="82.514965"><ele>1512</ele></trkpt>
      <trkpt lat="43.09996" lon="82.515166"><ele>1509</ele></trkpt>
      <trkpt lat="43.100011" lon="82.515215"><ele>1508</ele></trkpt>
      <trkpt lat="43.100027" lon="82.515243"><ele>1507</ele></trkpt>
      <trkpt lat="43.100046" lon="82.51536"><ele>1506</ele></trkpt>
      <trkpt lat="43.100043" lon="82.5154"><ele>1505</ele></trkpt>
      <trkpt lat="43.100018" lon="82.515403"><ele>1505</ele></trkpt>
      <trkpt lat="43.100025" lon="82.515461"><ele>1503</ele></trkpt>
      <trkpt lat="43.100013" lon="82.515476"><ele>1502</ele></trkpt>
      <trkpt lat="43.100013" lon="82.515521"><ele>1501</ele></trkpt>
      <trkpt lat="43.100035" lon="82.515616"><ele>1498</ele></trkpt>
      <trkpt lat="43.10006" lon="82.515674"><ele>1497</ele></trkpt>
      <trkpt lat="43.10006" lon="82.515695"><ele>1496</ele></trkpt>
      <trkpt lat="43.100086" lon="82.515746"><ele>1494</ele></trkpt>
      <trkpt lat="43.100091" lon="82.5158"><ele>1493</ele></trkpt>
      <trkpt lat="43.100109" lon="82.515853"><ele>1492</ele></trkpt>
      <trkpt lat="43.100153" lon="82.515885"><ele>1490</ele></trkpt>
      <trkpt lat="43.100179" lon="82.515935"><ele>1488</ele></trkpt>
      <trkpt lat="43.100228" lon="82.515983"><ele>1486</ele></trkpt>
      <trkpt lat="43.100281" lon="82.516017"><ele>1484</ele></trkpt>
      <trkpt lat="43.10033" lon="82.51607"><ele>1482</ele></trkpt>
      <trkpt lat="43.100349" lon="82.516118"><ele>1480</ele></trkpt>
      <trkpt lat="43.100377" lon="82.516132"><ele>1479</ele></trkpt>
      <trkpt lat="43.100435" lon="82.516231"><ele>1476</ele></trkpt>
      <trkpt lat="43.100471" lon="82.516225"><ele>1474</ele></trkpt>
      <trkpt lat="43.100505" lon="82.516197"><ele>1473</ele></trkpt>
      <trkpt lat="43.10055" lon="82.516192"><ele>1472</ele></trkpt>
      <trkpt lat="43.100574" lon="82.516197"><ele>1472</ele></trkpt>
      <trkpt lat="43.100592" lon="82.516232"><ele>1470</ele></trkpt>
      <trkpt lat="43.100681" lon="82.516258"><ele>1468</ele></trkpt>
      <trkpt lat="43.100686" lon="82.516306"><ele>1467</ele></trkpt>
      <trkpt lat="43.100704" lon="82.516324"><ele>1466</ele></trkpt>
      <trkpt lat="43.100703" lon="82.516373"><ele>1465</ele></trkpt>
      <trkpt lat="43.100712" lon="82.516405"><ele>1464</ele></trkpt>
      <trkpt lat="43.100828" lon="82.516471"><ele>1460</ele></trkpt>
      <trkpt lat="43.10089" lon="82.516549"><ele>1457</ele></trkpt>
      <trkpt lat="43.100989" lon="82.516542"><ele>1453</ele></trkpt>
      <trkpt lat="43.10105" lon="82.516561"><ele>1451</ele></trkpt>
      <trkpt lat="43.101103" lon="82.516592"><ele>1450</ele></trkpt>
      <trkpt lat="43.101129" lon="82.516646"><ele>1449</ele></trkpt>
      <trkpt lat="43.101158" lon="82.51667"><ele>1447</ele></trkpt>
      <trkpt lat="43.101229" lon="82.516689"><ele>1445</ele></trkpt>
      <trkpt lat="43.101275" lon="82.516717"><ele>1444</ele></trkpt>
      <trkpt lat="43.101312" lon="82.516712"><ele>1443</ele></trkpt>
      <trkpt lat="43.101408" lon="82.516753"><ele>1441</ele></trkpt>
      <trkpt lat="43.10147" lon="82.516792"><ele>1438</ele></trkpt>
      <trkpt lat="43.101526" lon="82.516777"><ele>1437</ele></trkpt>
      <trkpt lat="43.10156" lon="82.516788"><ele>1436</ele></trkpt>
      <trkpt lat="43.101693" lon="82.516892"><ele>1433</ele></trkpt>
      <trkpt lat="43.101699" lon="82.516908"><ele>1433</ele></trkpt>
      <trkpt lat="43.101799" lon="82.516956"><ele>1429</ele></trkpt>
      <trkpt lat="43.101833" lon="82.516998"><ele>1428</ele></trkpt>
      <trkpt lat="43.101823" lon="82.517013"><ele>1427</ele></trkpt>
      <trkpt lat="43.101908" lon="82.517088"><ele>1425</ele></trkpt>
      <trkpt lat="43.10197" lon="82.517093"><ele>1424</ele></trkpt>
      <trkpt lat="43.101987" lon="82.517114"><ele>1423</ele></trkpt>
      <trkpt lat="43.102042" lon="82.517135"><ele>1422</ele></trkpt>
      <trkpt lat="43.102112" lon="82.517205"><ele>1420</ele></trkpt>
      <trkpt lat="43.102107" lon="82.517217"><ele>1420</ele></trkpt>
      <trkpt lat="43.102127" lon="82.517248"><ele>1420</ele></trkpt>
      <trkpt lat="43.102178" lon="82.51727"><ele>1418</ele></trkpt>
      <trkpt lat="43.102228" lon="82.517307"><ele>1418</ele></trkpt>
      <trkpt lat="43.102302" lon="82.517314"><ele>1416</ele></trkpt>
      <trkpt lat="43.10231" lon="82.517336"><ele>1416</ele></trkpt>
      <trkpt lat="43.102336" lon="82.517349"><ele>1415</ele></trkpt>
      <trkpt lat="43.102351" lon="82.517376"><ele>1414</ele></trkpt>
      <trkpt lat="43.102402" lon="82.517415"><ele>1412</ele></trkpt>
      <trkpt lat="43.102502" lon="82.517456"><ele>1411</ele></trkpt>
      <trkpt lat="43.102592" lon="82.517451"><ele>1412</ele></trkpt>
      <trkpt lat="43.102611" lon="82.517492"><ele>1411</ele></trkpt>
      <trkpt lat="43.102618" lon="82.517486"><ele>1411</ele></trkpt>
      <trkpt lat="43.102611" lon="82.517492"><ele>1411</ele></trkpt>
      <trkpt lat="43.102651" lon="82.517505"><ele>1411</ele></trkpt>
      <trkpt lat="43.102686" lon="82.517536"><ele>1411</ele></trkpt>
      <trkpt lat="43.102742" lon="82.517539"><ele>1410</ele></trkpt>
      <trkpt lat="43.102758" lon="82.517549"><ele>1410</ele></trkpt>
      <trkpt lat="43.102794" lon="82.517545"><ele>1410</ele></trkpt>
      <trkpt lat="43.102777" lon="82.517537"><ele>1410</ele></trkpt>
      <trkpt lat="43.102883" lon="82.517583"><ele>1410</ele></trkpt>
      <trkpt lat="43.10295" lon="82.5176"><ele>1409</ele></trkpt>
      <trkpt lat="43.102985" lon="82.517627"><ele>1409</ele></trkpt>
      <trkpt lat="43.103156" lon="82.517692"><ele>1408</ele></trkpt>
      <trkpt lat="43.103211" lon="82.517735"><ele>1408</ele></trkpt>
      <trkpt lat="43.103348" lon="82.517744"><ele>1408</ele></trkpt>
      <trkpt lat="43.103354" lon="82.517733"><ele>1408</ele></trkpt>
      <trkpt lat="43.103404" lon="82.517716"><ele>1408</ele></trkpt>
      <trkpt lat="43.103504" lon="82.517705"><ele>1407</ele></trkpt>
      <trkpt lat="43.103557" lon="82.517734"><ele>1407</ele></trkpt>
      <trkpt lat="43.103602" lon="82.517863"><ele>1408</ele></trkpt>
      <trkpt lat="43.103645" lon="82.517884"><ele>1407</ele></trkpt>
      <trkpt lat="43.10375" lon="82.517901"><ele>1407</ele></trkpt>
      <trkpt lat="43.103769" lon="82.517914"><ele>1407</ele></trkpt>
      <trkpt lat="43.103885" lon="82.518039"><ele>1407</ele></trkpt>
      <trkpt lat="43.103899" lon="82.518075"><ele>1408</ele></trkpt>
      <trkpt lat="43.103962" lon="82.518158"><ele>1407</ele></trkpt>
      <trkpt lat="43.104091" lon="82.518233"><ele>1407</ele></trkpt>
      <trkpt lat="43.104218" lon="82.518254"><ele>1406</ele></trkpt>
      <trkpt lat="43.104262" lon="82.518274"><ele>1406</ele></trkpt>
      <trkpt lat="43.104374" lon="82.518266"><ele>1407</ele></trkpt>
      <trkpt lat="43.104818" lon="82.518366"><ele>1406</ele></trkpt>
      <trkpt lat="43.10493" lon="82.518347"><ele>1406</ele></trkpt>
      <trkpt lat="43.104934" lon="82.518357"><ele>1407</ele></trkpt>
      <trkpt lat="43.104932" lon="82.518348"><ele>1406</ele></trkpt>
      <trkpt lat="43.104988" lon="82.518311"><ele>1406</ele></trkpt>
      <trkpt lat="43.104998" lon="82.518295"><ele>1406</ele></trkpt>
      <trkpt lat="43.105018" lon="82.518292"><ele>1406</ele></trkpt>
      <trkpt lat="43.105225" lon="82.518162"><ele>1405</ele></trkpt>
      <trkpt lat="43.105276" lon="82.51815"><ele>1405</ele></trkpt>
      <trkpt lat="43.105351" lon="82.518144"><ele>1405</ele></trkpt>
      <trkpt lat="43.105387" lon="82.518152"><ele>1405</ele></trkpt>
      <trkpt lat="43.105499" lon="82.518205"><ele>1405</ele></trkpt>
      <trkpt lat="43.105605" lon="82.518171"><ele>1405</ele></trkpt>
      <trkpt lat="43.105739" lon="82.518227"><ele>1404</ele></trkpt>
      <trkpt lat="43.105818" lon="82.518278"><ele>1404</ele></trkpt>
      <trkpt lat="43.105875" lon="82.51828"><ele>1404</ele></trkpt>
      <trkpt lat="43.106076" lon="82.518206"><ele>1404</ele></trkpt>
      <trkpt lat="43.106599" lon="82.518117"><ele>1403</ele></trkpt>
      <trkpt lat="43.106787" lon="82.518107"><ele>1403</ele></trkpt>
      <trkpt lat="43.107143" lon="82.518146"><ele>1402</ele></trkpt>
      <trkpt lat="43.107177" lon="82.518115"><ele>1402</ele></trkpt>
      <trkpt lat="43.107293" lon="82.518116"><ele>1402</ele></trkpt>
      <trkpt lat="43.107366" lon="82.518094"><ele>1402</ele></trkpt>
      <trkpt lat="43.10783" lon="82.518116"><ele>1401</ele></trkpt>
      <trkpt lat="43.107847" lon="82.518088"><ele>1401</ele></trkpt>
      <trkpt lat="43.107946" lon="82.518177"><ele>1400</ele></trkpt>
      <trkpt lat="43.108022" lon="82.518209"><ele>1400</ele></trkpt>
      <trkpt lat="43.108263" lon="82.518238"><ele>1399</ele></trkpt>
      <trkpt lat="43.108422" lon="82.518324"><ele>1399</ele></trkpt>
      <trkpt lat="43.108484" lon="82.518379"><ele>1399</ele></trkpt>
      <trkpt lat="43.108514" lon="82.51845"><ele>1399</ele></trkpt>
      <trkpt lat="43.108515" lon="82.518465"><ele>1399</ele></trkpt>
      <trkpt lat="43.108501" lon="82.518477"><ele>1399</ele></trkpt>
      <trkpt lat="43.108513" lon="82.518471"><ele>1399</ele></trkpt>
      <trkpt lat="43.108639" lon="82.518561"><ele>1398</ele></trkpt>
      <trkpt lat="43.108703" lon="82.518585"><ele>1398</ele></trkpt>
      <trkpt lat="43.108816" lon="82.518651"><ele>1398</ele></trkpt>
      <trkpt lat="43.109004" lon="82.518692"><ele>1398</ele></trkpt>
      <trkpt lat="43.109112" lon="82.5187"><ele>1398</ele></trkpt>
      <trkpt lat="43.109312" lon="82.518833"><ele>1397</ele></trkpt>
      <trkpt lat="43.109371" lon="82.518843"><ele>1397</ele></trkpt>
      <trkpt lat="43.109615" lon="82.518954"><ele>1397</ele></trkpt>
      <trkpt lat="43.109839" lon="82.519084"><ele>1396</ele></trkpt>
      <trkpt lat="43.109918" lon="82.519147"><ele>1396</ele></trkpt>
      <trkpt lat="43.109942" lon="82.519158"><ele>1396</ele></trkpt>
      <trkpt lat="43.109988" lon="82.519143"><ele>1396</ele></trkpt>
      <trkpt lat="43.110001" lon="82.519126"><ele>1396</ele></trkpt>
      <trkpt lat="43.109992" lon="82.519164"><ele>1395</ele></trkpt>
      <trkpt lat="43.11" lon="82.519233"><ele>1395</ele></trkpt>
      <trkpt lat="43.110019" lon="82.519272"><ele>1395</ele></trkpt>
      <trkpt lat="43.110135" lon="82.519408"><ele>1394</ele></trkpt>
      <trkpt lat="43.110154" lon="82.519398"><ele>1394</ele></trkpt>
      <trkpt lat="43.11016" lon="82.519404"><ele>1394</ele></trkpt>
      <trkpt lat="43.110198" lon="82.519528"><ele>1394</ele></trkpt>
      <trkpt lat="43.110368" lon="82.519893"><ele>1395</ele></trkpt>
      <trkpt lat="43.110371" lon="82.519951"><ele>1395</ele></trkpt>
      <trkpt lat="43.110362" lon="82.519972"><ele>1396</ele></trkpt>
      <trkpt lat="43.110375" lon="82.520005"><ele>1396</ele></trkpt>
      <trkpt lat="43.110352" lon="82.520056"><ele>1396</ele></trkpt>
      <trkpt lat="43.110288" lon="82.520334"><ele>1396</ele></trkpt>
      <trkpt lat="43.110215" lon="82.520387"><ele>1396</ele></trkpt>
      <trkpt lat="43.110211" lon="82.520464"><ele>1396</ele></trkpt>
      <trkpt lat="43.110188" lon="82.520551"><ele>1395</ele></trkpt>
      <trkpt lat="43.110186" lon="82.520601"><ele>1396</ele></trkpt>
      <trkpt lat="43.11021" lon="82.520626"><ele>1396</ele></trkpt>
      <trkpt lat="43.110224" lon="82.520597"><ele>1395</ele></trkpt>
      <trkpt lat="43.110215" lon="82.520453"><ele>1395</ele></trkpt>
      <trkpt lat="43.110222" lon="82.520428"><ele>1395</ele></trkpt>
      <trkpt lat="43.110227" lon="82.520473"><ele>1395</ele></trkpt>
      <trkpt lat="43.110249" lon="82.520532"><ele>1395</ele></trkpt>
      <trkpt lat="43.11028" lon="82.520539"><ele>1394</ele></trkpt>
      <trkpt lat="43.11029" lon="82.520528"><ele>1394</ele></trkpt>
      <trkpt lat="43.110284" lon="82.520516"><ele>1392</ele></trkpt>
      <trkpt lat="43.110292" lon="82.520526"><ele>1392</ele></trkpt>
      <trkpt lat="43.110194" lon="82.520519"><ele>1394</ele></trkpt>
      <trkpt lat="43.110186" lon="82.52053"><ele>1394</ele></trkpt>
    </trkseg>
  </trk>
</gpx>
