<?xml version="1.0" encoding="UTF-8"?>
<gpx version="1.1" creator="霞客 · 两步路轨迹" xmlns="http://www.topografix.com/GPX/1/1">
  <metadata><name>狼塔C+V参考轨迹</name></metadata>
  <trk><name>狼塔C+V</name>
    <trkseg>
      <trkpt lat="43.241616" lon="86.29186"><ele>2862</ele></trkpt>
      <trkpt lat="43.241596" lon="86.291751"><ele>2864</ele></trkpt>
      <trkpt lat="43.241648" lon="86.2916"><ele>2867</ele></trkpt>
      <trkpt lat="43.241654" lon="86.291411"><ele>2862</ele></trkpt>
      <trkpt lat="43.241633" lon="86.291891"><ele>2879</ele></trkpt>
      <trkpt lat="43.241618" lon="86.291628"><ele>2870</ele></trkpt>
      <trkpt lat="43.241712" lon="86.29139"><ele>2858</ele></trkpt>
      <trkpt lat="43.241617" lon="86.29163"><ele>2864</ele></trkpt>
      <trkpt lat="43.241643" lon="86.291468"><ele>2858</ele></trkpt>
      <trkpt lat="43.241521" lon="86.291925"><ele>2876</ele></trkpt>
      <trkpt lat="43.241484" lon="86.291612"><ele>2883</ele></trkpt>
      <trkpt lat="43.241659" lon="86.291096"><ele>2841</ele></trkpt>
      <trkpt lat="43.241567" lon="86.291408"><ele>2846</ele></trkpt>
      <trkpt lat="43.241641" lon="86.291478"><ele>2847</ele></trkpt>
      <trkpt lat="43.241676" lon="86.291436"><ele>2844</ele></trkpt>
      <trkpt lat="43.241733" lon="86.291081"><ele>2828</ele></trkpt>
      <trkpt lat="43.241631" lon="86.291329"><ele>2833</ele></trkpt>
      <trkpt lat="43.241651" lon="86.291517"><ele>2854</ele></trkpt>
      <trkpt lat="43.241692" lon="86.291347"><ele>2857</ele></trkpt>
      <trkpt lat="43.241606" lon="86.291499"><ele>2848</ele></trkpt>
      <trkpt lat="43.241697" lon="86.291459"><ele>2857</ele></trkpt>
      <trkpt lat="43.241725" lon="86.291862"><ele>2912</ele></trkpt>
      <trkpt lat="43.241666" lon="86.291971"><ele>2895</ele></trkpt>
      <trkpt lat="43.241629" lon="86.291857"><ele>2876</ele></trkpt>
      <trkpt lat="43.241729" lon="86.291634"><ele>2868</ele></trkpt>
      <trkpt lat="43.241574" lon="86.291167"><ele>2784</ele></trkpt>
      <trkpt lat="43.241493" lon="86.291272"><ele>2793</ele></trkpt>
      <trkpt lat="43.241577" lon="86.291219"><ele>2800</ele></trkpt>
      <trkpt lat="43.241669" lon="86.29141"><ele>2821</ele></trkpt>
      <trkpt lat="43.241598" lon="86.291746"><ele>2860</ele></trkpt>
      <trkpt lat="43.241542" lon="86.291866"><ele>2882</ele></trkpt>
      <trkpt lat="43.241693" lon="86.291763"><ele>2893</ele></trkpt>
      <trkpt lat="43.241315" lon="86.291963"><ele>2897</ele></trkpt>
      <trkpt lat="43.241403" lon="86.291867"><ele>2895</ele></trkpt>
      <trkpt lat="43.241464" lon="86.291997"><ele>2894</ele></trkpt>
      <trkpt lat="43.241598" lon="86.292015"><ele>2872</ele></trkpt>
      <trkpt lat="43.241633" lon="86.291472"><ele>2827</ele></trkpt>
      <trkpt lat="43.241672" lon="86.291997"><ele>2850</ele></trkpt>
      <trkpt lat="43.241515" lon="86.291813"><ele>2849</ele></trkpt>
      <trkpt lat="43.241594" lon="86.291453"><ele>2826</ele></trkpt>
      <trkpt lat="43.241676" lon="86.291373"><ele>2800</ele></trkpt>
      <trkpt lat="43.24147" lon="86.291271"><ele>2794</ele></trkpt>
      <trkpt lat="43.241616" lon="86.29126"><ele>2816</ele></trkpt>
      <trkpt lat="43.241637" lon="86.291416"><ele>2829</ele></trkpt>
      <trkpt lat="43.241599" lon="86.29153"><ele>2844</ele></trkpt>
      <trkpt lat="43.24129" lon="86.291528"><ele>2811</ele></trkpt>
      <trkpt lat="43.24139" lon="86.291482"><ele>2806</ele></trkpt>
      <trkpt lat="43.241138" lon="86.291535"><ele>2813</ele></trkpt>
      <trkpt lat="43.241512" lon="86.291789"><ele>2853</ele></trkpt>
      <trkpt lat="43.241557" lon="86.291568"><ele>2818</ele></trkpt>
      <trkpt lat="43.241763" lon="86.291302"><ele>2752</ele></trkpt>
      <trkpt lat="43.241583" lon="86.290541"><ele>2870</ele></trkpt>
      <trkpt lat="43.241518" lon="86.29055"><ele>2869</ele></trkpt>
      <trkpt lat="43.241676" lon="86.291323"><ele>2841</ele></trkpt>
      <trkpt lat="43.241678" lon="86.291757"><ele>2873</ele></trkpt>
      <trkpt lat="43.241971" lon="86.292668"><ele>2818</ele></trkpt>
      <trkpt lat="43.242085" lon="86.293824"><ele>2813</ele></trkpt>
      <trkpt lat="43.242195" lon="86.294179"><ele>2810</ele></trkpt>
      <trkpt lat="43.242179" lon="86.294313"><ele>2813</ele></trkpt>
      <trkpt lat="43.242068" lon="86.294525"><ele>2816</ele></trkpt>
      <trkpt lat="43.242035" lon="86.295181"><ele>2809</ele></trkpt>
      <trkpt lat="43.241976" lon="86.295434"><ele>2810</ele></trkpt>
      <trkpt lat="43.241996" lon="86.295809"><ele>2812</ele></trkpt>
      <trkpt lat="43.242137" lon="86.296313"><ele>2805</ele></trkpt>
      <trkpt lat="43.242134" lon="86.296572"><ele>2814</ele></trkpt>
      <trkpt lat="43.242232" lon="86.296795"><ele>2812</ele></trkpt>
      <trkpt lat="43.242225" lon="86.297042"><ele>2811</ele></trkpt>
      <trkpt lat="43.24216" lon="86.297421"><ele>2811</ele></trkpt>
      <trkpt lat="43.24218" lon="86.297826"><ele>2811</ele></trkpt>
      <trkpt lat="43.242002" lon="86.298318"><ele>2821</ele></trkpt>
      <trkpt lat="43.242051" lon="86.298565"><ele>2820</ele></trkpt>
      <trkpt lat="43.242016" lon="86.299448"><ele>2827</ele></trkpt>
      <trkpt lat="43.242065" lon="86.2997"><ele>2826</ele></trkpt>
      <trkpt lat="43.242051" lon="86.299826"><ele>2825</ele></trkpt>
      <trkpt lat="43.242185" lon="86.300167"><ele>2825</ele></trkpt>
      <trkpt lat="43.242279" lon="86.30055"><ele>2824</ele></trkpt>
      <trkpt lat="43.242254" lon="86.300815"><ele>2827</ele></trkpt>
      <trkpt lat="43.242286" lon="86.300953"><ele>2826</ele></trkpt>
      <trkpt lat="43.242245" lon="86.301603"><ele>2834</ele></trkpt>
      <trkpt lat="43.242113" lon="86.302251"><ele>2839</ele></trkpt>
      <trkpt lat="43.242085" lon="86.303444"><ele>2841</ele></trkpt>
      <trkpt lat="43.242032" lon="86.303687"><ele>2847</ele></trkpt>
      <trkpt lat="43.242091" lon="86.303811"><ele>2845</ele></trkpt>
      <trkpt lat="43.242098" lon="86.304331"><ele>2846</ele></trkpt>
      <trkpt lat="43.24205" lon="86.304828"><ele>2845</ele></trkpt>
      <trkpt lat="43.242055" lon="86.305235"><ele>2846</ele></trkpt>
      <trkpt lat="43.241983" lon="86.305608"><ele>2846</ele></trkpt>
      <trkpt lat="43.242028" lon="86.305724"><ele>2847</ele></trkpt>
      <trkpt lat="43.242005" lon="86.306245"><ele>2857</ele></trkpt>
      <trkpt lat="43.242025" lon="86.306368"><ele>2863</ele></trkpt>
      <trkpt lat="43.241954" lon="86.306779"><ele>2862</ele></trkpt>
      <trkpt lat="43.241877" lon="86.307021"><ele>2863</ele></trkpt>
      <trkpt lat="43.241821" lon="86.307794"><ele>2865</ele></trkpt>
      <trkpt lat="43.241652" lon="86.308264"><ele>2871</ele></trkpt>
      <trkpt lat="43.241482" lon="86.308561"><ele>2883</ele></trkpt>
      <trkpt lat="43.241337" lon="86.309054"><ele>2891</ele></trkpt>
      <trkpt lat="43.241309" lon="86.309331"><ele>2893</ele></trkpt>
      <trkpt lat="43.241204" lon="86.309713"><ele>2898</ele></trkpt>
      <trkpt lat="43.241104" lon="86.309922"><ele>2904</ele></trkpt>
      <trkpt lat="43.241008" lon="86.310296"><ele>2904</ele></trkpt>
      <trkpt lat="43.240804" lon="86.310742"><ele>2906</ele></trkpt>
      <trkpt lat="43.240635" lon="86.31122"><ele>2911</ele></trkpt>
      <trkpt lat="43.240373" lon="86.311773"><ele>2911</ele></trkpt>
      <trkpt lat="43.240284" lon="86.311859"><ele>2911</ele></trkpt>
      <trkpt lat="43.240248" lon="86.311987"><ele>2912</ele></trkpt>
      <trkpt lat="43.239808" lon="86.312805"><ele>2917</ele></trkpt>
      <trkpt lat="43.239762" lon="86.313188"><ele>2912</ele></trkpt>
      <trkpt lat="43.239202" lon="86.314855"><ele>2917</ele></trkpt>
      <trkpt lat="43.239028" lon="86.315159"><ele>2909</ele></trkpt>
      <trkpt lat="43.238809" lon="86.316028"><ele>2913</ele></trkpt>
      <trkpt lat="43.238753" lon="86.316402"><ele>2920</ele></trkpt>
      <trkpt lat="43.238821" lon="86.316781"><ele>2924</ele></trkpt>
      <trkpt lat="43.239092" lon="86.317317"><ele>2919</ele></trkpt>
      <trkpt lat="43.239138" lon="86.317571"><ele>2919</ele></trkpt>
      <trkpt lat="43.239252" lon="86.317775"><ele>2915</ele></trkpt>
      <trkpt lat="43.239358" lon="86.318137"><ele>2916</ele></trkpt>
      <trkpt lat="43.239216" lon="86.318459"><ele>2929</ele></trkpt>
      <trkpt lat="43.239215" lon="86.31872"><ele>2931</ele></trkpt>
      <trkpt lat="43.239151" lon="86.318818"><ele>2939</ele></trkpt>
      <trkpt lat="43.23914" lon="86.319067"><ele>2938</ele></trkpt>
      <trkpt lat="43.239063" lon="86.3193"><ele>2942</ele></trkpt>
      <trkpt lat="43.239068" lon="86.319551"><ele>2943</ele></trkpt>
      <trkpt lat="43.239121" lon="86.319655"><ele>2941</ele></trkpt>
      <trkpt lat="43.239062" lon="86.319904"><ele>2942</ele></trkpt>
      <trkpt lat="43.238808" lon="86.320088"><ele>2950</ele></trkpt>
      <trkpt lat="43.238509" lon="86.320391"><ele>2971</ele></trkpt>
      <trkpt lat="43.238381" lon="86.320573"><ele>2980</ele></trkpt>
      <trkpt lat="43.238358" lon="86.320694"><ele>2986</ele></trkpt>
      <trkpt lat="43.238122" lon="86.321108"><ele>2997</ele></trkpt>
      <trkpt lat="43.238096" lon="86.321229"><ele>2999</ele></trkpt>
      <trkpt lat="43.238116" lon="86.321479"><ele>2997</ele></trkpt>
      <trkpt lat="43.238063" lon="86.321719"><ele>2992</ele></trkpt>
      <trkpt lat="43.238114" lon="86.321832"><ele>2994</ele></trkpt>
      <trkpt lat="43.238142" lon="86.322217"><ele>2993</ele></trkpt>
      <trkpt lat="43.238118" lon="86.322357"><ele>2997</ele></trkpt>
      <trkpt lat="43.238177" lon="86.3226"><ele>2993</ele></trkpt>
      <trkpt lat="43.238095" lon="86.324014"><ele>2982</ele></trkpt>
      <trkpt lat="43.238142" lon="86.324265"><ele>2980</ele></trkpt>
      <trkpt lat="43.23807" lon="86.324489"><ele>2979</ele></trkpt>
      <trkpt lat="43.238072" lon="86.324741"><ele>2975</ele></trkpt>
      <trkpt lat="43.238092" lon="86.32499"><ele>2977</ele></trkpt>
      <trkpt lat="43.238266" lon="86.325466"><ele>2971</ele></trkpt>
      <trkpt lat="43.238402" lon="86.325652"><ele>2970</ele></trkpt>
      <trkpt lat="43.238449" lon="86.325894"><ele>2968</ele></trkpt>
      <trkpt lat="43.23847" lon="86.326285"><ele>2964</ele></trkpt>
      <trkpt lat="43.238406" lon="86.326541"><ele>2965</ele></trkpt>
      <trkpt lat="43.238458" lon="86.327088"><ele>2968</ele></trkpt>
      <trkpt lat="43.238455" lon="86.327477"><ele>2970</ele></trkpt>
      <trkpt lat="43.238538" lon="86.327871"><ele>2974</ele></trkpt>
      <trkpt lat="43.238401" lon="86.329018"><ele>2977</ele></trkpt>
      <trkpt lat="43.238273" lon="86.329219"><ele>2981</ele></trkpt>
      <trkpt lat="43.238246" lon="86.329481"><ele>2980</ele></trkpt>
      <trkpt lat="43.238028" lon="86.329917"><ele>2988</ele></trkpt>
      <trkpt lat="43.237984" lon="86.330179"><ele>2991</ele></trkpt>
      <trkpt lat="43.23787" lon="86.330531"><ele>2993</ele></trkpt>
      <trkpt lat="43.237701" lon="86.330989"><ele>2992</ele></trkpt>
      <trkpt lat="43.237635" lon="86.331082"><ele>2993</ele></trkpt>
      <trkpt lat="43.237513" lon="86.331729"><ele>2993</ele></trkpt>
      <trkpt lat="43.237463" lon="86.331831"><ele>2991</ele></trkpt>
      <trkpt lat="43.237179" lon="86.332012"><ele>3002</ele></trkpt>
      <trkpt lat="43.237074" lon="86.332508"><ele>3011</ele></trkpt>
      <trkpt lat="43.237005" lon="86.332589"><ele>3012</ele></trkpt>
      <trkpt lat="43.236916" lon="86.33261"><ele>3011</ele></trkpt>
      <trkpt lat="43.236628" lon="86.333119"><ele>3019</ele></trkpt>
      <trkpt lat="43.236671" lon="86.333242"><ele>3020</ele></trkpt>
      <trkpt lat="43.236653" lon="86.333364"><ele>3018</ele></trkpt>
      <trkpt lat="43.236589" lon="86.333462"><ele>3018</ele></trkpt>
      <trkpt lat="43.236551" lon="86.333713"><ele>3013</ele></trkpt>
      <trkpt lat="43.236375" lon="86.333632"><ele>3019</ele></trkpt>
      <trkpt lat="43.23623" lon="86.33379"><ele>3032</ele></trkpt>
      <trkpt lat="43.236135" lon="86.333812"><ele>3035</ele></trkpt>
      <trkpt lat="43.236089" lon="86.333922"><ele>3037</ele></trkpt>
      <trkpt lat="43.236009" lon="86.333984"><ele>3037</ele></trkpt>
      <trkpt lat="43.235837" lon="86.33444"><ele>3047</ele></trkpt>
      <trkpt lat="43.235718" lon="86.334652"><ele>3048</ele></trkpt>
      <trkpt lat="43.235459" lon="86.335009"><ele>3056</ele></trkpt>
      <trkpt lat="43.235215" lon="86.335203"><ele>3060</ele></trkpt>
      <trkpt lat="43.235087" lon="86.335394"><ele>3068</ele></trkpt>
      <trkpt lat="43.234849" lon="86.335631"><ele>3075</ele></trkpt>
      <trkpt lat="43.234804" lon="86.335758"><ele>3075</ele></trkpt>
      <trkpt lat="43.234778" lon="86.33614"><ele>3076</ele></trkpt>
      <trkpt lat="43.234589" lon="86.337154"><ele>3082</ele></trkpt>
      <trkpt lat="43.234642" lon="86.337409"><ele>3085</ele></trkpt>
      <trkpt lat="43.234539" lon="86.337626"><ele>3083</ele></trkpt>
      <trkpt lat="43.234463" lon="86.337695"><ele>3084</ele></trkpt>
      <trkpt lat="43.234355" lon="86.337922"><ele>3085</ele></trkpt>
      <trkpt lat="43.23422" lon="86.338101"><ele>3081</ele></trkpt>
      <trkpt lat="43.234143" lon="86.338173"><ele>3078</ele></trkpt>
      <trkpt lat="43.233952" lon="86.338244"><ele>3077</ele></trkpt>
      <trkpt lat="43.233753" lon="86.338242"><ele>3072</ele></trkpt>
      <trkpt lat="43.233675" lon="86.338308"><ele>3073</ele></trkpt>
      <trkpt lat="43.233638" lon="86.338426"><ele>3073</ele></trkpt>
      <trkpt lat="43.233638" lon="86.33856"><ele>3074</ele></trkpt>
      <trkpt lat="43.233716" lon="86.338931"><ele>3073</ele></trkpt>
      <trkpt lat="43.233685" lon="86.339475"><ele>3077</ele></trkpt>
      <trkpt lat="43.233599" lon="86.339846"><ele>3087</ele></trkpt>
      <trkpt lat="43.233618" lon="86.340102"><ele>3087</ele></trkpt>
      <trkpt lat="43.233535" lon="86.340752"><ele>3088</ele></trkpt>
      <trkpt lat="43.233388" lon="86.341243"><ele>3089</ele></trkpt>
      <trkpt lat="43.233283" lon="86.341453"><ele>3088</ele></trkpt>
      <trkpt lat="43.233239" lon="86.341707"><ele>3090</ele></trkpt>
      <trkpt lat="43.233049" lon="86.342311"><ele>3096</ele></trkpt>
      <trkpt lat="43.232936" lon="86.342528"><ele>3097</ele></trkpt>
      <trkpt lat="43.23268" lon="86.343687"><ele>3102</ele></trkpt>
      <trkpt lat="43.232586" lon="86.343906"><ele>3105</ele></trkpt>
      <trkpt lat="43.232569" lon="86.344038"><ele>3111</ele></trkpt>
      <trkpt lat="43.232391" lon="86.344377"><ele>3112</ele></trkpt>
      <trkpt lat="43.232344" lon="86.344643"><ele>3108</ele></trkpt>
      <trkpt lat="43.232186" lon="86.345125"><ele>3110</ele></trkpt>
      <trkpt lat="43.232047" lon="86.345317"><ele>3111</ele></trkpt>
      <trkpt lat="43.232026" lon="86.345455"><ele>3109</ele></trkpt>
      <trkpt lat="43.23179" lon="86.345848"><ele>3112</ele></trkpt>
      <trkpt lat="43.231691" lon="86.346347"><ele>3109</ele></trkpt>
      <trkpt lat="43.231621" lon="86.346994"><ele>3111</ele></trkpt>
      <trkpt lat="43.23128" lon="86.348057"><ele>3122</ele></trkpt>
      <trkpt lat="43.231114" lon="86.348537"><ele>3123</ele></trkpt>
      <trkpt lat="43.230998" lon="86.348747"><ele>3121</ele></trkpt>
      <trkpt lat="43.230697" lon="86.349692"><ele>3131</ele></trkpt>
      <trkpt lat="43.230652" lon="86.350073"><ele>3130</ele></trkpt>
      <trkpt lat="43.230579" lon="86.350161"><ele>3128</ele></trkpt>
      <trkpt lat="43.230509" lon="86.350419"><ele>3125</ele></trkpt>
      <trkpt lat="43.230487" lon="86.350551"><ele>3125</ele></trkpt>
      <trkpt lat="43.230516" lon="86.350673"><ele>3124</ele></trkpt>
      <trkpt lat="43.230442" lon="86.350777"><ele>3123</ele></trkpt>
      <trkpt lat="43.230418" lon="86.350912"><ele>3127</ele></trkpt>
      <trkpt lat="43.230364" lon="86.351567"><ele>3134</ele></trkpt>
      <trkpt lat="43.230234" lon="86.352065"><ele>3148</ele></trkpt>
      <trkpt lat="43.230052" lon="86.352539"><ele>3144</ele></trkpt>
      <trkpt lat="43.229887" lon="86.353162"><ele>3151</ele></trkpt>
      <trkpt lat="43.229674" lon="86.35378"><ele>3152</ele></trkpt>
      <trkpt lat="43.229614" lon="86.354282"><ele>3150</ele></trkpt>
      <trkpt lat="43.229447" lon="86.35491"><ele>3151</ele></trkpt>
      <trkpt lat="43.229434" lon="86.355181"><ele>3150</ele></trkpt>
      <trkpt lat="43.229296" lon="86.355942"><ele>3147</ele></trkpt>
      <trkpt lat="43.229233" lon="86.356035"><ele>3146</ele></trkpt>
      <trkpt lat="43.229254" lon="86.356156"><ele>3140</ele></trkpt>
      <trkpt lat="43.229233" lon="86.356283"><ele>3137</ele></trkpt>
      <trkpt lat="43.229017" lon="86.357033"><ele>3123</ele></trkpt>
      <trkpt lat="43.228994" lon="86.357154"><ele>3124</ele></trkpt>
      <trkpt lat="43.229011" lon="86.357292"><ele>3118</ele></trkpt>
      <trkpt lat="43.228936" lon="86.357394"><ele>3121</ele></trkpt>
      <trkpt lat="43.228984" lon="86.357915"><ele>3127</ele></trkpt>
      <trkpt lat="43.228741" lon="86.358453"><ele>3130</ele></trkpt>
      <trkpt lat="43.228637" lon="86.358499"><ele>3131</ele></trkpt>
      <trkpt lat="43.228575" lon="86.358597"><ele>3133</ele></trkpt>
      <trkpt lat="43.228477" lon="86.359114"><ele>3136</ele></trkpt>
      <trkpt lat="43.228401" lon="86.359187"><ele>3134</ele></trkpt>
      <trkpt lat="43.228385" lon="86.359319"><ele>3134</ele></trkpt>
      <trkpt lat="43.228288" lon="86.359538"><ele>3139</ele></trkpt>
      <trkpt lat="43.227949" lon="86.359773"><ele>3139</ele></trkpt>
      <trkpt lat="43.227692" lon="86.360175"><ele>3137</ele></trkpt>
      <trkpt lat="43.227542" lon="86.360676"><ele>3143</ele></trkpt>
      <trkpt lat="43.227479" lon="86.360763"><ele>3142</ele></trkpt>
      <trkpt lat="43.227464" lon="86.361051"><ele>3143</ele></trkpt>
      <trkpt lat="43.227292" lon="86.36152"><ele>3147</ele></trkpt>
      <trkpt lat="43.227256" lon="86.361769"><ele>3150</ele></trkpt>
      <trkpt lat="43.227019" lon="86.361999"><ele>3150</ele></trkpt>
      <trkpt lat="43.226975" lon="86.362533"><ele>3152</ele></trkpt>
      <trkpt lat="43.226869" lon="86.362759"><ele>3147</ele></trkpt>
      <trkpt lat="43.226931" lon="86.363152"><ele>3151</ele></trkpt>
      <trkpt lat="43.226923" lon="86.363694"><ele>3159</ele></trkpt>
      <trkpt lat="43.226804" lon="86.364428"><ele>3159</ele></trkpt>
      <trkpt lat="43.226703" lon="86.364477"><ele>3155</ele></trkpt>
      <trkpt lat="43.226641" lon="86.364749"><ele>3147</ele></trkpt>
      <trkpt lat="43.226511" lon="86.364954"><ele>3150</ele></trkpt>
      <trkpt lat="43.226419" lon="86.365327"><ele>3152</ele></trkpt>
      <trkpt lat="43.22623" lon="86.365641"><ele>3156</ele></trkpt>
      <trkpt lat="43.226156" lon="86.365879"><ele>3157</ele></trkpt>
      <trkpt lat="43.226129" lon="86.366282"><ele>3166</ele></trkpt>
      <trkpt lat="43.226204" lon="86.36681"><ele>3171</ele></trkpt>
      <trkpt lat="43.226087" lon="86.367012"><ele>3169</ele></trkpt>
      <trkpt lat="43.226202" lon="86.367224"><ele>3168</ele></trkpt>
      <trkpt lat="43.226112" lon="86.367204"><ele>3165</ele></trkpt>
      <trkpt lat="43.226182" lon="86.367123"><ele>3168</ele></trkpt>
      <trkpt lat="43.22608" lon="86.367098"><ele>3169</ele></trkpt>
      <trkpt lat="43.226153" lon="86.366859"><ele>3168</ele></trkpt>
      <trkpt lat="43.226121" lon="86.366975"><ele>3175</ele></trkpt>
      <trkpt lat="43.226022" lon="86.36704"><ele>3164</ele></trkpt>
      <trkpt lat="43.2261" lon="86.367109"><ele>3170</ele></trkpt>
      <trkpt lat="43.225997" lon="86.367606"><ele>3172</ele></trkpt>
      <trkpt lat="43.225903" lon="86.367821"><ele>3168</ele></trkpt>
      <trkpt lat="43.225971" lon="86.368068"><ele>3160</ele></trkpt>
      <trkpt lat="43.225973" lon="86.368469"><ele>3160</ele></trkpt>
      <trkpt lat="43.226038" lon="86.368843"><ele>3160</ele></trkpt>
      <trkpt lat="43.22601" lon="86.36897"><ele>3166</ele></trkpt>
      <trkpt lat="43.225936" lon="86.36905"><ele>3162</ele></trkpt>
      <trkpt lat="43.225983" lon="86.36943"><ele>3161</ele></trkpt>
      <trkpt lat="43.225921" lon="86.369526"><ele>3155</ele></trkpt>
      <trkpt lat="43.225807" lon="86.370034"><ele>3160</ele></trkpt>
      <trkpt lat="43.225786" lon="86.370292"><ele>3163</ele></trkpt>
      <trkpt lat="43.225604" lon="86.370885"><ele>3153</ele></trkpt>
      <trkpt lat="43.225562" lon="86.371281"><ele>3165</ele></trkpt>
      <trkpt lat="43.225577" lon="86.371542"><ele>3166</ele></trkpt>
      <trkpt lat="43.225498" lon="86.371612"><ele>3161</ele></trkpt>
      <trkpt lat="43.225524" lon="86.371749"><ele>3155</ele></trkpt>
      <trkpt lat="43.225485" lon="86.372286"><ele>3169</ele></trkpt>
      <trkpt lat="43.22544" lon="86.372415"><ele>3170</ele></trkpt>
      <trkpt lat="43.224912" lon="86.372963"><ele>3161</ele></trkpt>
      <trkpt lat="43.224689" lon="86.373437"><ele>3171</ele></trkpt>
      <trkpt lat="43.224623" lon="86.373835"><ele>3175</ele></trkpt>
      <trkpt lat="43.224566" lon="86.373934"><ele>3176</ele></trkpt>
      <trkpt lat="43.224481" lon="86.374305"><ele>3178</ele></trkpt>
      <trkpt lat="43.224517" lon="86.37455"><ele>3181</ele></trkpt>
      <trkpt lat="43.224466" lon="86.374677"><ele>3179</ele></trkpt>
      <trkpt lat="43.224396" lon="86.375186"><ele>3178</ele></trkpt>
      <trkpt lat="43.224357" lon="86.375866"><ele>3178</ele></trkpt>
      <trkpt lat="43.224244" lon="86.376215"><ele>3179</ele></trkpt>
      <trkpt lat="43.22417" lon="86.376732"><ele>3176</ele></trkpt>
      <trkpt lat="43.224173" lon="86.376989"><ele>3181</ele></trkpt>
      <trkpt lat="43.223934" lon="86.377987"><ele>3181</ele></trkpt>
      <trkpt lat="43.223848" lon="86.378487"><ele>3182</ele></trkpt>
      <trkpt lat="43.223852" lon="86.378619"><ele>3185</ele></trkpt>
      <trkpt lat="43.223702" lon="86.378939"><ele>3186</ele></trkpt>
      <trkpt lat="43.223637" lon="86.379321"><ele>3189</ele></trkpt>
      <trkpt lat="43.223401" lon="86.379757"><ele>3183</ele></trkpt>
      <trkpt lat="43.22314" lon="86.380465"><ele>3183</ele></trkpt>
      <trkpt lat="43.223067" lon="86.380546"><ele>3185</ele></trkpt>
      <trkpt lat="43.223025" lon="86.380667"><ele>3187</ele></trkpt>
      <trkpt lat="43.222943" lon="86.380742"><ele>3184</ele></trkpt>
      <trkpt lat="43.222576" lon="86.381384"><ele>3190</ele></trkpt>
      <trkpt lat="43.222489" lon="86.381621"><ele>3193</ele></trkpt>
      <trkpt lat="43.222136" lon="86.382265"><ele>3198</ele></trkpt>
      <trkpt lat="43.221994" lon="86.382435"><ele>3200</ele></trkpt>
      <trkpt lat="43.221818" lon="86.38255"><ele>3196</ele></trkpt>
      <trkpt lat="43.221622" lon="86.382598"><ele>3194</ele></trkpt>
      <trkpt lat="43.221463" lon="86.382724"><ele>3199</ele></trkpt>
      <trkpt lat="43.221124" lon="86.383355"><ele>3204</ele></trkpt>
      <trkpt lat="43.221093" lon="86.383484"><ele>3205</ele></trkpt>
      <trkpt lat="43.220964" lon="86.383663"><ele>3204</ele></trkpt>
      <trkpt lat="43.220789" lon="86.384276"><ele>3204</ele></trkpt>
      <trkpt lat="43.220362" lon="86.385287"><ele>3207</ele></trkpt>
      <trkpt lat="43.220201" lon="86.386044"><ele>3213</ele></trkpt>
      <trkpt lat="43.220089" lon="86.386264"><ele>3211</ele></trkpt>
      <trkpt lat="43.220065" lon="86.386385"><ele>3211</ele></trkpt>
      <trkpt lat="43.219992" lon="86.386466"><ele>3210</ele></trkpt>
      <trkpt lat="43.219958" lon="86.38685"><ele>3211</ele></trkpt>
      <trkpt lat="43.219782" lon="86.387006"><ele>3212</ele></trkpt>
      <trkpt lat="43.219624" lon="86.387326"><ele>3209</ele></trkpt>
      <trkpt lat="43.219189" lon="86.387643"><ele>3218</ele></trkpt>
      <trkpt lat="43.219162" lon="86.387775"><ele>3220</ele></trkpt>
      <trkpt lat="43.218714" lon="86.388099"><ele>3230</ele></trkpt>
      <trkpt lat="43.218495" lon="86.388369"><ele>3231</ele></trkpt>
      <trkpt lat="43.218411" lon="86.388303"><ele>3233</ele></trkpt>
      <trkpt lat="43.218239" lon="86.388403"><ele>3234</ele></trkpt>
      <trkpt lat="43.2181" lon="86.388599"><ele>3228</ele></trkpt>
      <trkpt lat="43.217971" lon="86.388947"><ele>3227</ele></trkpt>
      <trkpt lat="43.217891" lon="86.389018"><ele>3227</ele></trkpt>
      <trkpt lat="43.217723" lon="86.38947"><ele>3225</ele></trkpt>
      <trkpt lat="43.217168" lon="86.390406"><ele>3231</ele></trkpt>
      <trkpt lat="43.217099" lon="86.390661"><ele>3227</ele></trkpt>
      <trkpt lat="43.21702" lon="86.390737"><ele>3232</ele></trkpt>
      <trkpt lat="43.216904" lon="86.390948"><ele>3236</ele></trkpt>
      <trkpt lat="43.216877" lon="86.391075"><ele>3233</ele></trkpt>
      <trkpt lat="43.216734" lon="86.391269"><ele>3229</ele></trkpt>
      <trkpt lat="43.216437" lon="86.391294"><ele>3235</ele></trkpt>
      <trkpt lat="43.216351" lon="86.39137"><ele>3237</ele></trkpt>
      <trkpt lat="43.216268" lon="86.391599"><ele>3239</ele></trkpt>
      <trkpt lat="43.216178" lon="86.391653"><ele>3238</ele></trkpt>
      <trkpt lat="43.216062" lon="86.39186"><ele>3241</ele></trkpt>
      <trkpt lat="43.215913" lon="86.392023"><ele>3241</ele></trkpt>
      <trkpt lat="43.215814" lon="86.392078"><ele>3243</ele></trkpt>
      <trkpt lat="43.215738" lon="86.392299"><ele>3243</ele></trkpt>
      <trkpt lat="43.215341" lon="86.39273"><ele>3244</ele></trkpt>
      <trkpt lat="43.215171" lon="86.392864"><ele>3248</ele></trkpt>
      <trkpt lat="43.214962" lon="86.393434"><ele>3248</ele></trkpt>
      <trkpt lat="43.214786" lon="86.39357"><ele>3250</ele></trkpt>
      <trkpt lat="43.214796" lon="86.393693"><ele>3247</ele></trkpt>
      <trkpt lat="43.214679" lon="86.393897"><ele>3245</ele></trkpt>
      <trkpt lat="43.214664" lon="86.394021"><ele>3240</ele></trkpt>
      <trkpt lat="43.214561" lon="86.394077"><ele>3246</ele></trkpt>
      <trkpt lat="43.214505" lon="86.394177"><ele>3246</ele></trkpt>
      <trkpt lat="43.214483" lon="86.394449"><ele>3247</ele></trkpt>
      <trkpt lat="43.214288" lon="86.394738"><ele>3248</ele></trkpt>
      <trkpt lat="43.214067" lon="86.394974"><ele>3245</ele></trkpt>
      <trkpt lat="43.213874" lon="86.395066"><ele>3241</ele></trkpt>
      <trkpt lat="43.213862" lon="86.395217"><ele>3249</ele></trkpt>
      <trkpt lat="43.2139" lon="86.395332"><ele>3238</ele></trkpt>
      <trkpt lat="43.213786" lon="86.395393"><ele>3241</ele></trkpt>
      <trkpt lat="43.213719" lon="86.395776"><ele>3237</ele></trkpt>
      <trkpt lat="43.21364" lon="86.395842"><ele>3235</ele></trkpt>
      <trkpt lat="43.213545" lon="86.395856"><ele>3233</ele></trkpt>
      <trkpt lat="43.213369" lon="86.396005"><ele>3237</ele></trkpt>
      <trkpt lat="43.213281" lon="86.396238"><ele>3240</ele></trkpt>
      <trkpt lat="43.213185" lon="86.396218"><ele>3238</ele></trkpt>
      <trkpt lat="43.213008" lon="86.396521"><ele>3241</ele></trkpt>
      <trkpt lat="43.212857" lon="86.396661"><ele>3246</ele></trkpt>
      <trkpt lat="43.212623" lon="86.397077"><ele>3254</ele></trkpt>
      <trkpt lat="43.212455" lon="86.397175"><ele>3256</ele></trkpt>
      <trkpt lat="43.212082" lon="86.397613"><ele>3246</ele></trkpt>
      <trkpt lat="43.211925" lon="86.397919"><ele>3239</ele></trkpt>
      <trkpt lat="43.21183" lon="86.397987"><ele>3236</ele></trkpt>
      <trkpt lat="43.211762" lon="86.398105"><ele>3236</ele></trkpt>
      <trkpt lat="43.211728" lon="86.398228"><ele>3241</ele></trkpt>
      <trkpt lat="43.211649" lon="86.398289"><ele>3244</ele></trkpt>
      <trkpt lat="43.211161" lon="86.399411"><ele>3252</ele></trkpt>
      <trkpt lat="43.210687" lon="86.399642"><ele>3258</ele></trkpt>
      <trkpt lat="43.210576" lon="86.399854"><ele>3251</ele></trkpt>
      <trkpt lat="43.210496" lon="86.399921"><ele>3251</ele></trkpt>
      <trkpt lat="43.210192" lon="86.399991"><ele>3257</ele></trkpt>
      <trkpt lat="43.210143" lon="86.399868"><ele>3253</ele></trkpt>
      <trkpt lat="43.209952" lon="86.399943"><ele>3257</ele></trkpt>
      <trkpt lat="43.20987" lon="86.399891"><ele>3253</ele></trkpt>
      <trkpt lat="43.209789" lon="86.399976"><ele>3250</ele></trkpt>
      <trkpt lat="43.209424" lon="86.400086"><ele>3266</ele></trkpt>
      <trkpt lat="43.209273" lon="86.400226"><ele>3274</ele></trkpt>
      <trkpt lat="43.209236" lon="86.400356"><ele>3270</ele></trkpt>
      <trkpt lat="43.209146" lon="86.40037"><ele>3271</ele></trkpt>
      <trkpt lat="43.208894" lon="86.400779"><ele>3275</ele></trkpt>
      <trkpt lat="43.208587" lon="86.4011"><ele>3273</ele></trkpt>
      <trkpt lat="43.2085" lon="86.401133"><ele>3269</ele></trkpt>
      <trkpt lat="43.208336" lon="86.401313"><ele>3268</ele></trkpt>
      <trkpt lat="43.208046" lon="86.401454"><ele>3273</ele></trkpt>
      <trkpt lat="43.207875" lon="86.401608"><ele>3272</ele></trkpt>
      <trkpt lat="43.207689" lon="86.401685"><ele>3268</ele></trkpt>
      <trkpt lat="43.207441" lon="86.402262"><ele>3272</ele></trkpt>
      <trkpt lat="43.20718" lon="86.402669"><ele>3276</ele></trkpt>
      <trkpt lat="43.207089" lon="86.402712"><ele>3279</ele></trkpt>
      <trkpt lat="43.206864" lon="86.403143"><ele>3279</ele></trkpt>
      <trkpt lat="43.206421" lon="86.403667"><ele>3273</ele></trkpt>
      <trkpt lat="43.206169" lon="86.403854"><ele>3271</ele></trkpt>
      <trkpt lat="43.205931" lon="86.404247"><ele>3280</ele></trkpt>
      <trkpt lat="43.205526" lon="86.404293"><ele>3286</ele></trkpt>
      <trkpt lat="43.205425" lon="86.404521"><ele>3288</ele></trkpt>
      <trkpt lat="43.205235" lon="86.404509"><ele>3282</ele></trkpt>
      <trkpt lat="43.204989" lon="86.405064"><ele>3288</ele></trkpt>
      <trkpt lat="43.204905" lon="86.405107"><ele>3288</ele></trkpt>
      <trkpt lat="43.204877" lon="86.40523"><ele>3290</ele></trkpt>
      <trkpt lat="43.204708" lon="86.40556"><ele>3296</ele></trkpt>
      <trkpt lat="43.204617" lon="86.405788"><ele>3297</ele></trkpt>
      <trkpt lat="43.204593" lon="86.406037"><ele>3301</ele></trkpt>
      <trkpt lat="43.204517" lon="86.406117"><ele>3301</ele></trkpt>
      <trkpt lat="43.204287" lon="86.406836"><ele>3308</ele></trkpt>
      <trkpt lat="43.204123" lon="86.406992"><ele>3304</ele></trkpt>
      <trkpt lat="43.204071" lon="86.407251"><ele>3307</ele></trkpt>
      <trkpt lat="43.203899" lon="86.407344"><ele>3305</ele></trkpt>
      <trkpt lat="43.203894" lon="86.407626"><ele>3297</ele></trkpt>
      <trkpt lat="43.203839" lon="86.407752"><ele>3298</ele></trkpt>
      <trkpt lat="43.203482" lon="86.407987"><ele>3295</ele></trkpt>
      <trkpt lat="43.203339" lon="86.408154"><ele>3297</ele></trkpt>
      <trkpt lat="43.203244" lon="86.408128"><ele>3300</ele></trkpt>
      <trkpt lat="43.203267" lon="86.408509"><ele>3297</ele></trkpt>
      <trkpt lat="43.203156" lon="86.408894"><ele>3300</ele></trkpt>
      <trkpt lat="43.203098" lon="86.408988"><ele>3299</ele></trkpt>
      <trkpt lat="43.20305" lon="86.409251"><ele>3298</ele></trkpt>
      <trkpt lat="43.202941" lon="86.409472"><ele>3302</ele></trkpt>
      <trkpt lat="43.202889" lon="86.409727"><ele>3303</ele></trkpt>
      <trkpt lat="43.202752" lon="86.410084"><ele>3302</ele></trkpt>
      <trkpt lat="43.202722" lon="86.410331"><ele>3303</ele></trkpt>
      <trkpt lat="43.202664" lon="86.410433"><ele>3305</ele></trkpt>
      <trkpt lat="43.20262" lon="86.410711"><ele>3304</ele></trkpt>
      <trkpt lat="43.202544" lon="86.410792"><ele>3310</ele></trkpt>
      <trkpt lat="43.202493" lon="86.411039"><ele>3311</ele></trkpt>
      <trkpt lat="43.201985" lon="86.411428"><ele>3317</ele></trkpt>
      <trkpt lat="43.201883" lon="86.411419"><ele>3314</ele></trkpt>
      <trkpt lat="43.201398" lon="86.412077"><ele>3322</ele></trkpt>
      <trkpt lat="43.201129" lon="86.412171"><ele>3329</ele></trkpt>
      <trkpt lat="43.20098" lon="86.412338"><ele>3326</ele></trkpt>
      <trkpt lat="43.200784" lon="86.412793"><ele>3338</ele></trkpt>
      <trkpt lat="43.200787" lon="86.412542"><ele>3314</ele></trkpt>
      <trkpt lat="43.20079" lon="86.412666"><ele>3324</ele></trkpt>
      <trkpt lat="43.200699" lon="86.41263"><ele>3328</ele></trkpt>
      <trkpt lat="43.200473" lon="86.41286"><ele>3334</ele></trkpt>
      <trkpt lat="43.200444" lon="86.412714"><ele>3340</ele></trkpt>
      <trkpt lat="43.200241" lon="86.413018"><ele>3348</ele></trkpt>
      <trkpt lat="43.200147" lon="86.413023"><ele>3347</ele></trkpt>
      <trkpt lat="43.200086" lon="86.413133"><ele>3351</ele></trkpt>
      <trkpt lat="43.199818" lon="86.413253"><ele>3347</ele></trkpt>
      <trkpt lat="43.199763" lon="86.413144"><ele>3332</ele></trkpt>
      <trkpt lat="43.199579" lon="86.413172"><ele>3344</ele></trkpt>
      <trkpt lat="43.199518" lon="86.413276"><ele>3346</ele></trkpt>
      <trkpt lat="43.199493" lon="86.413404"><ele>3349</ele></trkpt>
      <trkpt lat="43.199298" lon="86.4134"><ele>3351</ele></trkpt>
      <trkpt lat="43.199084" lon="86.413843"><ele>3343</ele></trkpt>
      <trkpt lat="43.199069" lon="86.414115"><ele>3340</ele></trkpt>
      <trkpt lat="43.19885" lon="86.414532"><ele>3348</ele></trkpt>
      <trkpt lat="43.198758" lon="86.414526"><ele>3346</ele></trkpt>
      <trkpt lat="43.19867" lon="86.414453"><ele>3347</ele></trkpt>
      <trkpt lat="43.198379" lon="86.41447"><ele>3340</ele></trkpt>
      <trkpt lat="43.198295" lon="86.414389"><ele>3341</ele></trkpt>
      <trkpt lat="43.198245" lon="86.414551"><ele>3347</ele></trkpt>
      <trkpt lat="43.19799" lon="86.414707"><ele>3350</ele></trkpt>
      <trkpt lat="43.197777" lon="86.414961"><ele>3350</ele></trkpt>
      <trkpt lat="43.197604" lon="86.415068"><ele>3353</ele></trkpt>
      <trkpt lat="43.197152" lon="86.415526"><ele>3356</ele></trkpt>
      <trkpt lat="43.196976" lon="86.415613"><ele>3358</ele></trkpt>
      <trkpt lat="43.196648" lon="86.415905"><ele>3363</ele></trkpt>
      <trkpt lat="43.196395" lon="86.41605"><ele>3359</ele></trkpt>
      <trkpt lat="43.196198" lon="86.41608"><ele>3358</ele></trkpt>
      <trkpt lat="43.196116" lon="86.416135"><ele>3360</ele></trkpt>
      <trkpt lat="43.195885" lon="86.41638"><ele>3363</ele></trkpt>
      <trkpt lat="43.195629" lon="86.416557"><ele>3365</ele></trkpt>
      <trkpt lat="43.195489" lon="86.416725"><ele>3363</ele></trkpt>
      <trkpt lat="43.195309" lon="86.416857"><ele>3361</ele></trkpt>
      <trkpt lat="43.195127" lon="86.417136"><ele>3358</ele></trkpt>
      <trkpt lat="43.195045" lon="86.417202"><ele>3365</ele></trkpt>
      <trkpt lat="43.194941" lon="86.417404"><ele>3361</ele></trkpt>
      <trkpt lat="43.194754" lon="86.417484"><ele>3362</ele></trkpt>
      <trkpt lat="43.194542" lon="86.417738"><ele>3368</ele></trkpt>
      <trkpt lat="43.194426" lon="86.417941"><ele>3370</ele></trkpt>
      <trkpt lat="43.194259" lon="86.418409"><ele>3370</ele></trkpt>
      <trkpt lat="43.194059" lon="86.418682"><ele>3369</ele></trkpt>
      <trkpt lat="43.193784" lon="86.418766"><ele>3372</ele></trkpt>
      <trkpt lat="43.193369" lon="86.419091"><ele>3375</ele></trkpt>
      <trkpt lat="43.193214" lon="86.418957"><ele>3373</ele></trkpt>
      <trkpt lat="43.193121" lon="86.418978"><ele>3377</ele></trkpt>
      <trkpt lat="43.192881" lon="86.419185"><ele>3378</ele></trkpt>
      <trkpt lat="43.19258" lon="86.419486"><ele>3385</ele></trkpt>
      <trkpt lat="43.192482" lon="86.419844"><ele>3386</ele></trkpt>
      <trkpt lat="43.192079" lon="86.420399"><ele>3384</ele></trkpt>
      <trkpt lat="43.191908" lon="86.420473"><ele>3386</ele></trkpt>
      <trkpt lat="43.191721" lon="86.420443"><ele>3389</ele></trkpt>
      <trkpt lat="43.191633" lon="86.420385"><ele>3390</ele></trkpt>
      <trkpt lat="43.191536" lon="86.420413"><ele>3395</ele></trkpt>
      <trkpt lat="43.191118" lon="86.420812"><ele>3396</ele></trkpt>
      <trkpt lat="43.190788" lon="86.421063"><ele>3397</ele></trkpt>
      <trkpt lat="43.190559" lon="86.421309"><ele>3396</ele></trkpt>
      <trkpt lat="43.190312" lon="86.421704"><ele>3393</ele></trkpt>
      <trkpt lat="43.189852" lon="86.42216"><ele>3395</ele></trkpt>
      <trkpt lat="43.189731" lon="86.422364"><ele>3393</ele></trkpt>
      <trkpt lat="43.189414" lon="86.422674"><ele>3388</ele></trkpt>
      <trkpt lat="43.18914" lon="86.422802"><ele>3391</ele></trkpt>
      <trkpt lat="43.189063" lon="86.422902"><ele>3393</ele></trkpt>
      <trkpt lat="43.188733" lon="86.423149"><ele>3402</ele></trkpt>
      <trkpt lat="43.18855" lon="86.423219"><ele>3402</ele></trkpt>
      <trkpt lat="43.188338" lon="86.42347"><ele>3410</ele></trkpt>
      <trkpt lat="43.188248" lon="86.423519"><ele>3400</ele></trkpt>
      <trkpt lat="43.188204" lon="86.423651"><ele>3401</ele></trkpt>
      <trkpt lat="43.187901" lon="86.424165"><ele>3403</ele></trkpt>
      <trkpt lat="43.187813" lon="86.424223"><ele>3402</ele></trkpt>
      <trkpt lat="43.187712" lon="86.424446"><ele>3399</ele></trkpt>
      <trkpt lat="43.187318" lon="86.425011"><ele>3400</ele></trkpt>
      <trkpt lat="43.187244" lon="86.425097"><ele>3402</ele></trkpt>
      <trkpt lat="43.186603" lon="86.425393"><ele>3405</ele></trkpt>
      <trkpt lat="43.186267" lon="86.426013"><ele>3405</ele></trkpt>
      <trkpt lat="43.186111" lon="86.426164"><ele>3401</ele></trkpt>
      <trkpt lat="43.186061" lon="86.426289"><ele>3398</ele></trkpt>
      <trkpt lat="43.18553" lon="86.426838"><ele>3405</ele></trkpt>
      <trkpt lat="43.185278" lon="86.427021"><ele>3404</ele></trkpt>
      <trkpt lat="43.184997" lon="86.427539"><ele>3411</ele></trkpt>
      <trkpt lat="43.184519" lon="86.427967"><ele>3419</ele></trkpt>
      <trkpt lat="43.184237" lon="86.428343"><ele>3422</ele></trkpt>
      <trkpt lat="43.184056" lon="86.428428"><ele>3417</ele></trkpt>
      <trkpt lat="43.18387" lon="86.428442"><ele>3419</ele></trkpt>
      <trkpt lat="43.183791" lon="86.428502"><ele>3422</ele></trkpt>
      <trkpt lat="43.183314" lon="86.428402"><ele>3416</ele></trkpt>
      <trkpt lat="43.183122" lon="86.428474"><ele>3415</ele></trkpt>
      <trkpt lat="43.18286" lon="86.428878"><ele>3421</ele></trkpt>
      <trkpt lat="43.182486" lon="86.429036"><ele>3422</ele></trkpt>
      <trkpt lat="43.182197" lon="86.42906"><ele>3427</ele></trkpt>
      <trkpt lat="43.18176" lon="86.429312"><ele>3427</ele></trkpt>
      <trkpt lat="43.181683" lon="86.429392"><ele>3426</ele></trkpt>
      <trkpt lat="43.181654" lon="86.429524"><ele>3423</ele></trkpt>
      <trkpt lat="43.181444" lon="86.429774"><ele>3434</ele></trkpt>
      <trkpt lat="43.180876" lon="86.429959"><ele>3435</ele></trkpt>
      <trkpt lat="43.180538" lon="86.430225"><ele>3440</ele></trkpt>
      <trkpt lat="43.180173" lon="86.430371"><ele>3440</ele></trkpt>
      <trkpt lat="43.180052" lon="86.430572"><ele>3431</ele></trkpt>
      <trkpt lat="43.180009" lon="86.430821"><ele>3426</ele></trkpt>
      <trkpt lat="43.179937" lon="86.430906"><ele>3425</ele></trkpt>
      <trkpt lat="43.179731" lon="86.431355"><ele>3423</ele></trkpt>
      <trkpt lat="43.179365" lon="86.431995"><ele>3425</ele></trkpt>
      <trkpt lat="43.179214" lon="86.432149"><ele>3427</ele></trkpt>
      <trkpt lat="43.179135" lon="86.432526"><ele>3434</ele></trkpt>
      <trkpt lat="43.179045" lon="86.432749"><ele>3429</ele></trkpt>
      <trkpt lat="43.178505" lon="86.433321"><ele>3436</ele></trkpt>
      <trkpt lat="43.178324" lon="86.433779"><ele>3435</ele></trkpt>
      <trkpt lat="43.177998" lon="86.434241"><ele>3431</ele></trkpt>
      <trkpt lat="43.177967" lon="86.434498"><ele>3439</ele></trkpt>
      <trkpt lat="43.177896" lon="86.434607"><ele>3439</ele></trkpt>
      <trkpt lat="43.177879" lon="86.434737"><ele>3438</ele></trkpt>
      <trkpt lat="43.177823" lon="86.434847"><ele>3441</ele></trkpt>
      <trkpt lat="43.17766" lon="86.435002"><ele>3439</ele></trkpt>
      <trkpt lat="43.177551" lon="86.435212"><ele>3441</ele></trkpt>
      <trkpt lat="43.177461" lon="86.435242"><ele>3438</ele></trkpt>
      <trkpt lat="43.177343" lon="86.435441"><ele>3440</ele></trkpt>
      <trkpt lat="43.177036" lon="86.435736"><ele>3439</ele></trkpt>
      <trkpt lat="43.176601" lon="86.43644"><ele>3437</ele></trkpt>
      <trkpt lat="43.176375" lon="86.43667"><ele>3439</ele></trkpt>
      <trkpt lat="43.176325" lon="86.43678"><ele>3440</ele></trkpt>
      <trkpt lat="43.176251" lon="86.436865"><ele>3441</ele></trkpt>
      <trkpt lat="43.176158" lon="86.436856"><ele>3438</ele></trkpt>
      <trkpt lat="43.176037" lon="86.437071"><ele>3442</ele></trkpt>
      <trkpt lat="43.175948" lon="86.437112"><ele>3442</ele></trkpt>
      <trkpt lat="43.175804" lon="86.437451"><ele>3444</ele></trkpt>
      <trkpt lat="43.175569" lon="86.437862"><ele>3452</ele></trkpt>
      <trkpt lat="43.175755" lon="86.437849"><ele>3447</ele></trkpt>
      <trkpt lat="43.175726" lon="86.438106"><ele>3452</ele></trkpt>
      <trkpt lat="43.175481" lon="86.438494"><ele>3455</ele></trkpt>
      <trkpt lat="43.17529" lon="86.438945"><ele>3463</ele></trkpt>
      <trkpt lat="43.174909" lon="86.439365"><ele>3465</ele></trkpt>
      <trkpt lat="43.174772" lon="86.439699"><ele>3471</ele></trkpt>
      <trkpt lat="43.174705" lon="86.439786"><ele>3472</ele></trkpt>
      <trkpt lat="43.173988" lon="86.44061"><ele>3485</ele></trkpt>
      <trkpt lat="43.173805" lon="86.440912"><ele>3486</ele></trkpt>
      <trkpt lat="43.173634" lon="86.441029"><ele>3491</ele></trkpt>
      <trkpt lat="43.173509" lon="86.441219"><ele>3490</ele></trkpt>
      <trkpt lat="43.173401" lon="86.441586"><ele>3499</ele></trkpt>
      <trkpt lat="43.173059" lon="86.442199"><ele>3500</ele></trkpt>
      <trkpt lat="43.17284" lon="86.442448"><ele>3500</ele></trkpt>
      <trkpt lat="43.172254" lon="86.442901"><ele>3505</ele></trkpt>
      <trkpt lat="43.171877" lon="86.443321"><ele>3508</ele></trkpt>
      <trkpt lat="43.171714" lon="86.443447"><ele>3513</ele></trkpt>
      <trkpt lat="43.171618" lon="86.443451"><ele>3513</ele></trkpt>
      <trkpt lat="43.171448" lon="86.443567"><ele>3513</ele></trkpt>
      <trkpt lat="43.171261" lon="86.443579"><ele>3512</ele></trkpt>
      <trkpt lat="43.171087" lon="86.443674"><ele>3511</ele></trkpt>
      <trkpt lat="43.170719" lon="86.443715"><ele>3516</ele></trkpt>
      <trkpt lat="43.170456" lon="86.443856"><ele>3511</ele></trkpt>
      <trkpt lat="43.17029" lon="86.444011"><ele>3506</ele></trkpt>
      <trkpt lat="43.16991" lon="86.444603"><ele>3505</ele></trkpt>
      <trkpt lat="43.169873" lon="86.444716"><ele>3507</ele></trkpt>
      <trkpt lat="43.169709" lon="86.444865"><ele>3508</ele></trkpt>
      <trkpt lat="43.169637" lon="86.445098"><ele>3508</ele></trkpt>
      <trkpt lat="43.169547" lon="86.445108"><ele>3507</ele></trkpt>
      <trkpt lat="43.169624" lon="86.445172"><ele>3510</ele></trkpt>
      <trkpt lat="43.169708" lon="86.445404"><ele>3510</ele></trkpt>
      <trkpt lat="43.169896" lon="86.445452"><ele>3511</ele></trkpt>
      <trkpt lat="43.169917" lon="86.445577"><ele>3511</ele></trkpt>
      <trkpt lat="43.170183" lon="86.445944"><ele>3513</ele></trkpt>
      <trkpt lat="43.170289" lon="86.445986"><ele>3513</ele></trkpt>
      <trkpt lat="43.170458" lon="86.446134"><ele>3515</ele></trkpt>
      <trkpt lat="43.170727" lon="86.446195"><ele>3518</ele></trkpt>
      <trkpt lat="43.171122" lon="86.446569"><ele>3520</ele></trkpt>
      <trkpt lat="43.17131" lon="86.446628"><ele>3526</ele></trkpt>
      <trkpt lat="43.171694" lon="86.447009"><ele>3530</ele></trkpt>
      <trkpt lat="43.17187" lon="86.447111"><ele>3536</ele></trkpt>
      <trkpt lat="43.172027" lon="86.447432"><ele>3536</ele></trkpt>
      <trkpt lat="43.172113" lon="86.447477"><ele>3535</ele></trkpt>
      <trkpt lat="43.172144" lon="86.447606"><ele>3536</ele></trkpt>
      <trkpt lat="43.172315" lon="86.447761"><ele>3541</ele></trkpt>
      <trkpt lat="43.172441" lon="86.447963"><ele>3544</ele></trkpt>
      <trkpt lat="43.172496" lon="86.448198"><ele>3547</ele></trkpt>
      <trkpt lat="43.172629" lon="86.448392"><ele>3554</ele></trkpt>
      <trkpt lat="43.172739" lon="86.448615"><ele>3563</ele></trkpt>
      <trkpt lat="43.172799" lon="86.448861"><ele>3567</ele></trkpt>
      <trkpt lat="43.172926" lon="86.449046"><ele>3570</ele></trkpt>
      <trkpt lat="43.172994" lon="86.449289"><ele>3578</ele></trkpt>
      <trkpt lat="43.173035" lon="86.449671"><ele>3574</ele></trkpt>
      <trkpt lat="43.173176" lon="86.449832"><ele>3587</ele></trkpt>
      <trkpt lat="43.173215" lon="86.449952"><ele>3591</ele></trkpt>
      <trkpt lat="43.173194" lon="86.450076"><ele>3592</ele></trkpt>
      <trkpt lat="43.173244" lon="86.450328"><ele>3596</ele></trkpt>
      <trkpt lat="43.173336" lon="86.450342"><ele>3606</ele></trkpt>
      <trkpt lat="43.173525" lon="86.450666"><ele>3614</ele></trkpt>
      <trkpt lat="43.173616" lon="86.45069"><ele>3623</ele></trkpt>
      <trkpt lat="43.173762" lon="86.451005"><ele>3631</ele></trkpt>
      <trkpt lat="43.173753" lon="86.451251"><ele>3636</ele></trkpt>
      <trkpt lat="43.173827" lon="86.451482"><ele>3643</ele></trkpt>
      <trkpt lat="43.173875" lon="86.451993"><ele>3654</ele></trkpt>
      <trkpt lat="43.173995" lon="86.452177"><ele>3664</ele></trkpt>
      <trkpt lat="43.173856" lon="86.452775"><ele>3676</ele></trkpt>
      <trkpt lat="43.174039" lon="86.453084"><ele>3682</ele></trkpt>
      <trkpt lat="43.174318" lon="86.453737"><ele>3695</ele></trkpt>
      <trkpt lat="43.174816" lon="86.454298"><ele>3715</ele></trkpt>
      <trkpt lat="43.175078" lon="86.454815"><ele>3730</ele></trkpt>
      <trkpt lat="43.175187" lon="86.45518"><ele>3733</ele></trkpt>
      <trkpt lat="43.175196" lon="86.455306"><ele>3738</ele></trkpt>
      <trkpt lat="43.175291" lon="86.455522"><ele>3745</ele></trkpt>
      <trkpt lat="43.175455" lon="86.456125"><ele>3763</ele></trkpt>
      <trkpt lat="43.175451" lon="86.456248"><ele>3762</ele></trkpt>
      <trkpt lat="43.175502" lon="86.456349"><ele>3769</ele></trkpt>
      <trkpt lat="43.175578" lon="86.456841"><ele>3781</ele></trkpt>
      <trkpt lat="43.175673" lon="86.457059"><ele>3791</ele></trkpt>
      <trkpt lat="43.175717" lon="86.457302"><ele>3799</ele></trkpt>
      <trkpt lat="43.175876" lon="86.457423"><ele>3806</ele></trkpt>
      <trkpt lat="43.175899" lon="86.457545"><ele>3808</ele></trkpt>
      <trkpt lat="43.176151" lon="86.457901"><ele>3822</ele></trkpt>
      <trkpt lat="43.176204" lon="86.458277"><ele>3832</ele></trkpt>
      <trkpt lat="43.176314" lon="86.458474"><ele>3842</ele></trkpt>
      <trkpt lat="43.176267" lon="86.458579"><ele>3844</ele></trkpt>
      <trkpt lat="43.176307" lon="86.458694"><ele>3843</ele></trkpt>
      <trkpt lat="43.176294" lon="86.458816"><ele>3847</ele></trkpt>
      <trkpt lat="43.176467" lon="86.45927"><ele>3861</ele></trkpt>
      <trkpt lat="43.17655" lon="86.459326"><ele>3868</ele></trkpt>
      <trkpt lat="43.176528" lon="86.459452"><ele>3866</ele></trkpt>
      <trkpt lat="43.176623" lon="86.459666"><ele>3878</ele></trkpt>
      <trkpt lat="43.176581" lon="86.459792"><ele>3871</ele></trkpt>
      <trkpt lat="43.176649" lon="86.459877"><ele>3881</ele></trkpt>
      <trkpt lat="43.176746" lon="86.459848"><ele>3888</ele></trkpt>
      <trkpt lat="43.17666" lon="86.459886"><ele>3887</ele></trkpt>
      <trkpt lat="43.176669" lon="86.460012"><ele>3887</ele></trkpt>
      <trkpt lat="43.176632" lon="86.460126"><ele>3886</ele></trkpt>
      <trkpt lat="43.176643" lon="86.460251"><ele>3893</ele></trkpt>
      <trkpt lat="43.176602" lon="86.460492"><ele>3899</ele></trkpt>
      <trkpt lat="43.176658" lon="86.460588"><ele>3906</ele></trkpt>
      <trkpt lat="43.176643" lon="86.460837"><ele>3909</ele></trkpt>
      <trkpt lat="43.176716" lon="86.460919"><ele>3920</ele></trkpt>
      <trkpt lat="43.17671" lon="86.461169"><ele>3930</ele></trkpt>
      <trkpt lat="43.176776" lon="86.461254"><ele>3939</ele></trkpt>
      <trkpt lat="43.176733" lon="86.461368"><ele>3945</ele></trkpt>
      <trkpt lat="43.176795" lon="86.461466"><ele>3948</ele></trkpt>
      <trkpt lat="43.176754" lon="86.461581"><ele>3952</ele></trkpt>
      <trkpt lat="43.176836" lon="86.461934"><ele>3972</ele></trkpt>
      <trkpt lat="43.176694" lon="86.462254"><ele>3987</ele></trkpt>
      <trkpt lat="43.176678" lon="86.462503"><ele>3998</ele></trkpt>
      <trkpt lat="43.17652" lon="86.462823"><ele>4008</ele></trkpt>
      <trkpt lat="43.176594" lon="86.462897"><ele>4011</ele></trkpt>
      <trkpt lat="43.176788" lon="86.462897"><ele>4008</ele></trkpt>
      <trkpt lat="43.176873" lon="86.462946"><ele>4009</ele></trkpt>
      <trkpt lat="43.17691" lon="86.46306"><ele>4009</ele></trkpt>
      <trkpt lat="43.17683" lon="86.463133"><ele>4009</ele></trkpt>
      <trkpt lat="43.176645" lon="86.463572"><ele>3987</ele></trkpt>
      <trkpt lat="43.176565" lon="86.463949"><ele>3967</ele></trkpt>
      <trkpt lat="43.176586" lon="86.464077"><ele>3961</ele></trkpt>
      <trkpt lat="43.176552" lon="86.464327"><ele>3947</ele></trkpt>
      <trkpt lat="43.176411" lon="86.464929"><ele>3923</ele></trkpt>
      <trkpt lat="43.176437" lon="86.465049"><ele>3916</ele></trkpt>
      <trkpt lat="43.176392" lon="86.46557"><ele>3894</ele></trkpt>
      <trkpt lat="43.176401" lon="86.46582"><ele>3880</ele></trkpt>
      <trkpt lat="43.176221" lon="86.466562"><ele>3853</ele></trkpt>
      <trkpt lat="43.176104" lon="86.467207"><ele>3822</ele></trkpt>
      <trkpt lat="43.176111" lon="86.467331"><ele>3815</ele></trkpt>
      <trkpt lat="43.176017" lon="86.46768"><ele>3803</ele></trkpt>
      <trkpt lat="43.176094" lon="86.468329"><ele>3781</ele></trkpt>
      <trkpt lat="43.17597" lon="86.468806"><ele>3763</ele></trkpt>
      <trkpt lat="43.175959" lon="86.468945"><ele>3757</ele></trkpt>
      <trkpt lat="43.175992" lon="86.46907"><ele>3753</ele></trkpt>
      <trkpt lat="43.175913" lon="86.469135"><ele>3752</ele></trkpt>
      <trkpt lat="43.175988" lon="86.469366"><ele>3742</ele></trkpt>
      <trkpt lat="43.175955" lon="86.469618"><ele>3735</ele></trkpt>
      <trkpt lat="43.176008" lon="86.469729"><ele>3729</ele></trkpt>
      <trkpt lat="43.176105" lon="86.469727"><ele>3729</ele></trkpt>
      <trkpt lat="43.176057" lon="86.469848"><ele>3723</ele></trkpt>
      <trkpt lat="43.176138" lon="86.469912"><ele>3720</ele></trkpt>
      <trkpt lat="43.176229" lon="86.469917"><ele>3718</ele></trkpt>
      <trkpt lat="43.176407" lon="86.470235"><ele>3707</ele></trkpt>
      <trkpt lat="43.176405" lon="86.470374"><ele>3701</ele></trkpt>
      <trkpt lat="43.17655" lon="86.470535"><ele>3694</ele></trkpt>
      <trkpt lat="43.176523" lon="86.470659"><ele>3688</ele></trkpt>
      <trkpt lat="43.176781" lon="86.47106"><ele>3670</ele></trkpt>
      <trkpt lat="43.176951" lon="86.47121"><ele>3676</ele></trkpt>
      <trkpt lat="43.177249" lon="86.471575"><ele>3652</ele></trkpt>
      <trkpt lat="43.177303" lon="86.47168"><ele>3653</ele></trkpt>
      <trkpt lat="43.177318" lon="86.471809"><ele>3654</ele></trkpt>
      <trkpt lat="43.177473" lon="86.471966"><ele>3642</ele></trkpt>
      <trkpt lat="43.17755" lon="86.472192"><ele>3640</ele></trkpt>
      <trkpt lat="43.177634" lon="86.472281"><ele>3639</ele></trkpt>
      <trkpt lat="43.177811" lon="86.472333"><ele>3639</ele></trkpt>
      <trkpt lat="43.17807" lon="86.472517"><ele>3632</ele></trkpt>
      <trkpt lat="43.178172" lon="86.472556"><ele>3629</ele></trkpt>
      <trkpt lat="43.178263" lon="86.472537"><ele>3625</ele></trkpt>
      <trkpt lat="43.17843" lon="86.472667"><ele>3626</ele></trkpt>
      <trkpt lat="43.178691" lon="86.473058"><ele>3624</ele></trkpt>
      <trkpt lat="43.178931" lon="86.473273"><ele>3614</ele></trkpt>
      <trkpt lat="43.178983" lon="86.473387"><ele>3616</ele></trkpt>
      <trkpt lat="43.179013" lon="86.47377"><ele>3611</ele></trkpt>
      <trkpt lat="43.179157" lon="86.474374"><ele>3611</ele></trkpt>
      <trkpt lat="43.179179" lon="86.474632"><ele>3608</ele></trkpt>
      <trkpt lat="43.179183" lon="86.474897"><ele>3607</ele></trkpt>
      <trkpt lat="43.179107" lon="86.47569"><ele>3602</ele></trkpt>
      <trkpt lat="43.178826" lon="86.476347"><ele>3589</ele></trkpt>
      <trkpt lat="43.178792" lon="86.476468"><ele>3588</ele></trkpt>
      <trkpt lat="43.178803" lon="86.476599"><ele>3589</ele></trkpt>
      <trkpt lat="43.178755" lon="86.47673"><ele>3582</ele></trkpt>
      <trkpt lat="43.178585" lon="86.477078"><ele>3578</ele></trkpt>
      <trkpt lat="43.178601" lon="86.477213"><ele>3574</ele></trkpt>
      <trkpt lat="43.178488" lon="86.477421"><ele>3567</ele></trkpt>
      <trkpt lat="43.178362" lon="86.477775"><ele>3564</ele></trkpt>
      <trkpt lat="43.178325" lon="86.478024"><ele>3560</ele></trkpt>
      <trkpt lat="43.178229" lon="86.478246"><ele>3556</ele></trkpt>
      <trkpt lat="43.178141" lon="86.478876"><ele>3546</ele></trkpt>
      <trkpt lat="43.177936" lon="86.479326"><ele>3531</ele></trkpt>
      <trkpt lat="43.177878" lon="86.479847"><ele>3526</ele></trkpt>
      <trkpt lat="43.177884" lon="86.479972"><ele>3523</ele></trkpt>
      <trkpt lat="43.178017" lon="86.480471"><ele>3517</ele></trkpt>
      <trkpt lat="43.177926" lon="86.481252"><ele>3505</ele></trkpt>
      <trkpt lat="43.178011" lon="86.481887"><ele>3490</ele></trkpt>
      <trkpt lat="43.178083" lon="86.481979"><ele>3489</ele></trkpt>
      <trkpt lat="43.178222" lon="86.482325"><ele>3481</ele></trkpt>
      <trkpt lat="43.178291" lon="86.482406"><ele>3477</ele></trkpt>
      <trkpt lat="43.178353" lon="86.482791"><ele>3472</ele></trkpt>
      <trkpt lat="43.178439" lon="86.483016"><ele>3468</ele></trkpt>
      <trkpt lat="43.178479" lon="86.483305"><ele>3458</ele></trkpt>
      <trkpt lat="43.178442" lon="86.483571"><ele>3457</ele></trkpt>
      <trkpt lat="43.178535" lon="86.484067"><ele>3451</ele></trkpt>
      <trkpt lat="43.178635" lon="86.484298"><ele>3447</ele></trkpt>
      <trkpt lat="43.178692" lon="86.484801"><ele>3444</ele></trkpt>
      <trkpt lat="43.17948" lon="86.485905"><ele>3430</ele></trkpt>
      <trkpt lat="43.179785" lon="86.486201"><ele>3426</ele></trkpt>
      <trkpt lat="43.179819" lon="86.48633"><ele>3424</ele></trkpt>
      <trkpt lat="43.180013" lon="86.486405"><ele>3419</ele></trkpt>
      <trkpt lat="43.180308" lon="86.487063"><ele>3409</ele></trkpt>
      <trkpt lat="43.180658" lon="86.487656"><ele>3403</ele></trkpt>
      <trkpt lat="43.180739" lon="86.487885"><ele>3399</ele></trkpt>
      <trkpt lat="43.180844" lon="86.488389"><ele>3394</ele></trkpt>
      <trkpt lat="43.180904" lon="86.488496"><ele>3394</ele></trkpt>
      <trkpt lat="43.180986" lon="86.488885"><ele>3396</ele></trkpt>
      <trkpt lat="43.181045" lon="86.488998"><ele>3398</ele></trkpt>
      <trkpt lat="43.181365" lon="86.489315"><ele>3394</ele></trkpt>
      <trkpt lat="43.181561" lon="86.489603"><ele>3390</ele></trkpt>
      <trkpt lat="43.181994" lon="86.489825"><ele>3386</ele></trkpt>
      <trkpt lat="43.182087" lon="86.489792"><ele>3383</ele></trkpt>
      <trkpt lat="43.18216" lon="86.489703"><ele>3378</ele></trkpt>
      <trkpt lat="43.182291" lon="86.489508"><ele>3374</ele></trkpt>
      <trkpt lat="43.18244" lon="86.489163"><ele>3365</ele></trkpt>
      <trkpt lat="43.182443" lon="86.489032"><ele>3364</ele></trkpt>
      <trkpt lat="43.182398" lon="86.488926"><ele>3368</ele></trkpt>
      <trkpt lat="43.182476" lon="86.48886"><ele>3372</ele></trkpt>
      <trkpt lat="43.182437" lon="86.488972"><ele>3367</ele></trkpt>
      <trkpt lat="43.182312" lon="86.489143"><ele>3369</ele></trkpt>
      <trkpt lat="43.182317" lon="86.489391"><ele>3373</ele></trkpt>
      <trkpt lat="43.182342" lon="86.489125"><ele>3367</ele></trkpt>
      <trkpt lat="43.182397" lon="86.489008"><ele>3369</ele></trkpt>
      <trkpt lat="43.18223" lon="86.489142"><ele>3351</ele></trkpt>
      <trkpt lat="43.182344" lon="86.489025"><ele>3355</ele></trkpt>
      <trkpt lat="43.182298" lon="86.489132"><ele>3360</ele></trkpt>
      <trkpt lat="43.18239" lon="86.488997"><ele>3361</ele></trkpt>
      <trkpt lat="43.182299" lon="86.48901"><ele>3357</ele></trkpt>
      <trkpt lat="43.18238" lon="86.489075"><ele>3367</ele></trkpt>
      <trkpt lat="43.182289" lon="86.489074"><ele>3357</ele></trkpt>
      <trkpt lat="43.182381" lon="86.489075"><ele>3366</ele></trkpt>
      <trkpt lat="43.182282" lon="86.489104"><ele>3365</ele></trkpt>
      <trkpt lat="43.182237" lon="86.489081"><ele>3371</ele></trkpt>
      <trkpt lat="43.182225" lon="86.488953"><ele>3361</ele></trkpt>
      <trkpt lat="43.182251" lon="86.489161"><ele>3362</ele></trkpt>
      <trkpt lat="43.182229" lon="86.488994"><ele>3362</ele></trkpt>
      <trkpt lat="43.182325" lon="86.489009"><ele>3364</ele></trkpt>
      <trkpt lat="43.182344" lon="86.489136"><ele>3371</ele></trkpt>
      <trkpt lat="43.182378" lon="86.488975"><ele>3373</ele></trkpt>
      <trkpt lat="43.182307" lon="86.489082"><ele>3376</ele></trkpt>
      <trkpt lat="43.182396" lon="86.489015"><ele>3366</ele></trkpt>
      <trkpt lat="43.182267" lon="86.488968"><ele>3358</ele></trkpt>
      <trkpt lat="43.182383" lon="86.489034"><ele>3360</ele></trkpt>
      <trkpt lat="43.182327" lon="86.488937"><ele>3368</ele></trkpt>
      <trkpt lat="43.182297" lon="86.489064"><ele>3365</ele></trkpt>
      <trkpt lat="43.18235" lon="86.489038"><ele>3361</ele></trkpt>
    </trkseg>
    <trkseg>
      <trkpt lat="43.813741" lon="86.428739"><ele>1535</ele></trkpt>
      <trkpt lat="43.813521" lon="86.428632"><ele>1533</ele></trkpt>
      <trkpt lat="43.813461" lon="86.428711"><ele>1530</ele></trkpt>
      <trkpt lat="43.813321" lon="86.428695"><ele>1527</ele></trkpt>
      <trkpt lat="43.813157" lon="86.428531"><ele>1526</ele></trkpt>
      <trkpt lat="43.812958" lon="86.428454"><ele>1527</ele></trkpt>
      <trkpt lat="43.812911" lon="86.428329"><ele>1528</ele></trkpt>
      <trkpt lat="43.8127" lon="86.428154"><ele>1529</ele></trkpt>
      <trkpt lat="43.812528" lon="86.428248"><ele>1530</ele></trkpt>
      <trkpt lat="43.812475" lon="86.428241"><ele>1530</ele></trkpt>
      <trkpt lat="43.812422" lon="86.428134"><ele>1530</ele></trkpt>
      <trkpt lat="43.812238" lon="86.428163"><ele>1532</ele></trkpt>
      <trkpt lat="43.812174" lon="86.428086"><ele>1531</ele></trkpt>
      <trkpt lat="43.812027" lon="86.428023"><ele>1532</ele></trkpt>
      <trkpt lat="43.811909" lon="86.427825"><ele>1533</ele></trkpt>
      <trkpt lat="43.811864" lon="86.427804"><ele>1534</ele></trkpt>
      <trkpt lat="43.811725" lon="86.427818"><ele>1537</ele></trkpt>
      <trkpt lat="43.811638" lon="86.428034"><ele>1541</ele></trkpt>
      <trkpt lat="43.811514" lon="86.428108"><ele>1547</ele></trkpt>
      <trkpt lat="43.811286" lon="86.428043"><ele>1556</ele></trkpt>
      <trkpt lat="43.811152" lon="86.428072"><ele>1560</ele></trkpt>
      <trkpt lat="43.810947" lon="86.428193"><ele>1566</ele></trkpt>
      <trkpt lat="43.810849" lon="86.428181"><ele>1568</ele></trkpt>
      <trkpt lat="43.810806" lon="86.428161"><ele>1568</ele></trkpt>
      <trkpt lat="43.810787" lon="86.428105"><ele>1568</ele></trkpt>
      <trkpt lat="43.810819" lon="86.428044"><ele>1566</ele></trkpt>
      <trkpt lat="43.810751" lon="86.427954"><ele>1566</ele></trkpt>
      <trkpt lat="43.810487" lon="86.427869"><ele>1577</ele></trkpt>
      <trkpt lat="43.810312" lon="86.427343"><ele>1586</ele></trkpt>
      <trkpt lat="43.810148" lon="86.427409"><ele>1591</ele></trkpt>
      <trkpt lat="43.810118" lon="86.427456"><ele>1594</ele></trkpt>
      <trkpt lat="43.810148" lon="86.427502"><ele>1594</ele></trkpt>
      <trkpt lat="43.810122" lon="86.427555"><ele>1594</ele></trkpt>
      <trkpt lat="43.81003" lon="86.427554"><ele>1598</ele></trkpt>
      <trkpt lat="43.809866" lon="86.427444"><ele>1606</ele></trkpt>
      <trkpt lat="43.809738" lon="86.427513"><ele>1611</ele></trkpt>
      <trkpt lat="43.809566" lon="86.427419"><ele>1617</ele></trkpt>
      <trkpt lat="43.809385" lon="86.427467"><ele>1625</ele></trkpt>
      <trkpt lat="43.80919" lon="86.427617"><ele>1636</ele></trkpt>
      <trkpt lat="43.808834" lon="86.427533"><ele>1651</ele></trkpt>
      <trkpt lat="43.808787" lon="86.427427"><ele>1655</ele></trkpt>
      <trkpt lat="43.808697" lon="86.427393"><ele>1658</ele></trkpt>
      <trkpt lat="43.808521" lon="86.427459"><ele>1666</ele></trkpt>
      <trkpt lat="43.808227" lon="86.427287"><ele>1676</ele></trkpt>
      <trkpt lat="43.807913" lon="86.42728"><ele>1686</ele></trkpt>
      <trkpt lat="43.807789" lon="86.427189"><ele>1688</ele></trkpt>
      <trkpt lat="43.80747" lon="86.427106"><ele>1699</ele></trkpt>
      <trkpt lat="43.807135" lon="86.426866"><ele>1703</ele></trkpt>
      <trkpt lat="43.806909" lon="86.426911"><ele>1708</ele></trkpt>
      <trkpt lat="43.806874" lon="86.426776"><ele>1711</ele></trkpt>
      <trkpt lat="43.806688" lon="86.426466"><ele>1716</ele></trkpt>
      <trkpt lat="43.806612" lon="86.426398"><ele>1720</ele></trkpt>
      <trkpt lat="43.806578" lon="86.426283"><ele>1722</ele></trkpt>
      <trkpt lat="43.80639" lon="86.426333"><ele>1724</ele></trkpt>
      <trkpt lat="43.805904" lon="86.426011"><ele>1726</ele></trkpt>
      <trkpt lat="43.805605" lon="86.426044"><ele>1724</ele></trkpt>
      <trkpt lat="43.805509" lon="86.426012"><ele>1725</ele></trkpt>
      <trkpt lat="43.805403" lon="86.425887"><ele>1725</ele></trkpt>
      <trkpt lat="43.804972" lon="86.426004"><ele>1734</ele></trkpt>
      <trkpt lat="43.8047" lon="86.426134"><ele>1739</ele></trkpt>
      <trkpt lat="43.804561" lon="86.426115"><ele>1742</ele></trkpt>
      <trkpt lat="43.804536" lon="86.426057"><ele>1745</ele></trkpt>
      <trkpt lat="43.804346" lon="86.426045"><ele>1749</ele></trkpt>
      <trkpt lat="43.804257" lon="86.426002"><ele>1753</ele></trkpt>
      <trkpt lat="43.8042" lon="86.425905"><ele>1756</ele></trkpt>
      <trkpt lat="43.804141" lon="86.425622"><ele>1760</ele></trkpt>
      <trkpt lat="43.804032" lon="86.425504"><ele>1763</ele></trkpt>
      <trkpt lat="43.803981" lon="86.425313"><ele>1762</ele></trkpt>
      <trkpt lat="43.803798" lon="86.425317"><ele>1769</ele></trkpt>
      <trkpt lat="43.80367" lon="86.425234"><ele>1773</ele></trkpt>
      <trkpt lat="43.803549" lon="86.424867"><ele>1778</ele></trkpt>
      <trkpt lat="43.803555" lon="86.424728"><ele>1775</ele></trkpt>
      <trkpt lat="43.803459" lon="86.424507"><ele>1767</ele></trkpt>
      <trkpt lat="43.803417" lon="86.42448"><ele>1765</ele></trkpt>
      <trkpt lat="43.803338" lon="86.42455"><ele>1762</ele></trkpt>
      <trkpt lat="43.802812" lon="86.4244"><ele>1756</ele></trkpt>
      <trkpt lat="43.802812" lon="86.424337"><ele>1755</ele></trkpt>
      <trkpt lat="43.802705" lon="86.42421"><ele>1752</ele></trkpt>
      <trkpt lat="43.802858" lon="86.424063"><ele>1748</ele></trkpt>
      <trkpt lat="43.802978" lon="86.423686"><ele>1741</ele></trkpt>
      <trkpt lat="43.802847" lon="86.423148"><ele>1737</ele></trkpt>
      <trkpt lat="43.802856" lon="86.422971"><ele>1735</ele></trkpt>
      <trkpt lat="43.802748" lon="86.422766"><ele>1734</ele></trkpt>
      <trkpt lat="43.802761" lon="86.42265"><ele>1733</ele></trkpt>
      <trkpt lat="43.80313" lon="86.422473"><ele>1730</ele></trkpt>
      <trkpt lat="43.803599" lon="86.422366"><ele>1731</ele></trkpt>
      <trkpt lat="43.803736" lon="86.422204"><ele>1731</ele></trkpt>
      <trkpt lat="43.803659" lon="86.421968"><ele>1730</ele></trkpt>
      <trkpt lat="43.803477" lon="86.421669"><ele>1724</ele></trkpt>
      <trkpt lat="43.803433" lon="86.421473"><ele>1722</ele></trkpt>
      <trkpt lat="43.80347" lon="86.421288"><ele>1725</ele></trkpt>
      <trkpt lat="43.803452" lon="86.420965"><ele>1720</ele></trkpt>
      <trkpt lat="43.803521" lon="86.420881"><ele>1719</ele></trkpt>
      <trkpt lat="43.80352" lon="86.420755"><ele>1719</ele></trkpt>
      <trkpt lat="43.803645" lon="86.420402"><ele>1715</ele></trkpt>
      <trkpt lat="43.803794" lon="86.420231"><ele>1712</ele></trkpt>
      <trkpt lat="43.803751" lon="86.420204"><ele>1711</ele></trkpt>
      <trkpt lat="43.803338" lon="86.420353"><ele>1707</ele></trkpt>
      <trkpt lat="43.802995" lon="86.420331"><ele>1704</ele></trkpt>
      <trkpt lat="43.802758" lon="86.420262"><ele>1700</ele></trkpt>
      <trkpt lat="43.802666" lon="86.420034"><ele>1701</ele></trkpt>
      <trkpt lat="43.802651" lon="86.419707"><ele>1698</ele></trkpt>
      <trkpt lat="43.802464" lon="86.419511"><ele>1691</ele></trkpt>
      <trkpt lat="43.802252" lon="86.419381"><ele>1684</ele></trkpt>
      <trkpt lat="43.802128" lon="86.419191"><ele>1679</ele></trkpt>
      <trkpt lat="43.801964" lon="86.419045"><ele>1676</ele></trkpt>
      <trkpt lat="43.802005" lon="86.4188"><ele>1671</ele></trkpt>
      <trkpt lat="43.802152" lon="86.418531"><ele>1664</ele></trkpt>
      <trkpt lat="43.802119" lon="86.418488"><ele>1665</ele></trkpt>
      <trkpt lat="43.8021" lon="86.4183"><ele>1659</ele></trkpt>
      <trkpt lat="43.802145" lon="86.418303"><ele>1658</ele></trkpt>
      <trkpt lat="43.802168" lon="86.418253"><ele>1655</ele></trkpt>
      <trkpt lat="43.802256" lon="86.418296"><ele>1651</ele></trkpt>
      <trkpt lat="43.802287" lon="86.418475"><ele>1655</ele></trkpt>
      <trkpt lat="43.802345" lon="86.418564"><ele>1660</ele></trkpt>
      <trkpt lat="43.802304" lon="86.418596"><ele>1659</ele></trkpt>
      <trkpt lat="43.802379" lon="86.418648"><ele>1656</ele></trkpt>
      <trkpt lat="43.80244" lon="86.418482"><ele>1646</ele></trkpt>
      <trkpt lat="43.80273" lon="86.418292"><ele>1635</ele></trkpt>
      <trkpt lat="43.802739" lon="86.41823"><ele>1635</ele></trkpt>
      <trkpt lat="43.802648" lon="86.418215"><ele>1638</ele></trkpt>
      <trkpt lat="43.802646" lon="86.418152"><ele>1643</ele></trkpt>
      <trkpt lat="43.802601" lon="86.41813"><ele>1649</ele></trkpt>
      <trkpt lat="43.802628" lon="86.418079"><ele>1650</ele></trkpt>
      <trkpt lat="43.802584" lon="86.418098"><ele>1649</ele></trkpt>
      <trkpt lat="43.80263" lon="86.418081"><ele>1651</ele></trkpt>
      <trkpt lat="43.802579" lon="86.418099"><ele>1650</ele></trkpt>
      <trkpt lat="43.802522" lon="86.418012"><ele>1656</ele></trkpt>
      <trkpt lat="43.802469" lon="86.417842"><ele>1661</ele></trkpt>
      <trkpt lat="43.802769" lon="86.417666"><ele>1658</ele></trkpt>
      <trkpt lat="43.802977" lon="86.417368"><ele>1655</ele></trkpt>
      <trkpt lat="43.803141" lon="86.416995"><ele>1653</ele></trkpt>
      <trkpt lat="43.803595" lon="86.41652"><ele>1648</ele></trkpt>
      <trkpt lat="43.804224" lon="86.41532"><ele>1641</ele></trkpt>
      <trkpt lat="43.80449" lon="86.415013"><ele>1639</ele></trkpt>
      <trkpt lat="43.804746" lon="86.414792"><ele>1635</ele></trkpt>
      <trkpt lat="43.805132" lon="86.414553"><ele>1631</ele></trkpt>
      <trkpt lat="43.805323" lon="86.414202"><ele>1628</ele></trkpt>
      <trkpt lat="43.805371" lon="86.413943"><ele>1627</ele></trkpt>
      <trkpt lat="43.805451" lon="86.413758"><ele>1624</ele></trkpt>
      <trkpt lat="43.805791" lon="86.413567"><ele>1620</ele></trkpt>
      <trkpt lat="43.805832" lon="86.413508"><ele>1620</ele></trkpt>
      <trkpt lat="43.805861" lon="86.412943"><ele>1621</ele></trkpt>
      <trkpt lat="43.805772" lon="86.412466"><ele>1621</ele></trkpt>
      <trkpt lat="43.805799" lon="86.412056"><ele>1622</ele></trkpt>
      <trkpt lat="43.805745" lon="86.41174"><ele>1624</ele></trkpt>
      <trkpt lat="43.805811" lon="86.411056"><ele>1627</ele></trkpt>
      <trkpt lat="43.805793" lon="86.410526"><ele>1629</ele></trkpt>
      <trkpt lat="43.805738" lon="86.410139"><ele>1633</ele></trkpt>
      <trkpt lat="43.805617" lon="86.409635"><ele>1636</ele></trkpt>
      <trkpt lat="43.805326" lon="86.408612"><ele>1640</ele></trkpt>
      <trkpt lat="43.805301" lon="86.408344"><ele>1643</ele></trkpt>
      <trkpt lat="43.80536" lon="86.407949"><ele>1644</ele></trkpt>
      <trkpt lat="43.80537" lon="86.407592"><ele>1649</ele></trkpt>
      <trkpt lat="43.805343" lon="86.407461"><ele>1649</ele></trkpt>
      <trkpt lat="43.805176" lon="86.406967"><ele>1652</ele></trkpt>
      <trkpt lat="43.804988" lon="86.406559"><ele>1654</ele></trkpt>
      <trkpt lat="43.804868" lon="86.406441"><ele>1656</ele></trkpt>
      <trkpt lat="43.804522" lon="86.405871"><ele>1663</ele></trkpt>
      <trkpt lat="43.804479" lon="86.405672"><ele>1662</ele></trkpt>
      <trkpt lat="43.804523" lon="86.40507"><ele>1667</ele></trkpt>
      <trkpt lat="43.804482" lon="86.404891"><ele>1666</ele></trkpt>
      <trkpt lat="43.804397" lon="86.404807"><ele>1667</ele></trkpt>
      <trkpt lat="43.803885" lon="86.404615"><ele>1670</ele></trkpt>
      <trkpt lat="43.803441" lon="86.404515"><ele>1667</ele></trkpt>
      <trkpt lat="43.802813" lon="86.404061"><ele>1664</ele></trkpt>
      <trkpt lat="43.802621" lon="86.403834"><ele>1662</ele></trkpt>
      <trkpt lat="43.802308" lon="86.403205"><ele>1657</ele></trkpt>
      <trkpt lat="43.802086" lon="86.402399"><ele>1659</ele></trkpt>
      <trkpt lat="43.801713" lon="86.401657"><ele>1663</ele></trkpt>
      <trkpt lat="43.801612" lon="86.40126"><ele>1665</ele></trkpt>
      <trkpt lat="43.801431" lon="86.40085"><ele>1663</ele></trkpt>
      <trkpt lat="43.801281" lon="86.400657"><ele>1664</ele></trkpt>
      <trkpt lat="43.799908" lon="86.399328"><ele>1672</ele></trkpt>
      <trkpt lat="43.799454" lon="86.399035"><ele>1675</ele></trkpt>
      <trkpt lat="43.79905" lon="86.39895"><ele>1678</ele></trkpt>
      <trkpt lat="43.798434" lon="86.398916"><ele>1681</ele></trkpt>
      <trkpt lat="43.797735" lon="86.398734"><ele>1686</ele></trkpt>
      <trkpt lat="43.797465" lon="86.398611"><ele>1686</ele></trkpt>
      <trkpt lat="43.797285" lon="86.39869"><ele>1687</ele></trkpt>
      <trkpt lat="43.796843" lon="86.398381"><ele>1690</ele></trkpt>
      <trkpt lat="43.795505" lon="86.39811"><ele>1698</ele></trkpt>
      <trkpt lat="43.795178" lon="86.39796"><ele>1700</ele></trkpt>
      <trkpt lat="43.794975" lon="86.39776"><ele>1704</ele></trkpt>
      <trkpt lat="43.794743" lon="86.397386"><ele>1704</ele></trkpt>
      <trkpt lat="43.794219" lon="86.396717"><ele>1706</ele></trkpt>
      <trkpt lat="43.794009" lon="86.396341"><ele>1707</ele></trkpt>
      <trkpt lat="43.793651" lon="86.396038"><ele>1712</ele></trkpt>
      <trkpt lat="43.79333" lon="86.395543"><ele>1714</ele></trkpt>
      <trkpt lat="43.792542" lon="86.39498"><ele>1719</ele></trkpt>
      <trkpt lat="43.791427" lon="86.394341"><ele>1723</ele></trkpt>
      <trkpt lat="43.791249" lon="86.394128"><ele>1726</ele></trkpt>
      <trkpt lat="43.791045" lon="86.393639"><ele>1729</ele></trkpt>
      <trkpt lat="43.790919" lon="86.393514"><ele>1728</ele></trkpt>
      <trkpt lat="43.790329" lon="86.393113"><ele>1732</ele></trkpt>
      <trkpt lat="43.790075" lon="86.39305"><ele>1732</ele></trkpt>
      <trkpt lat="43.789689" lon="86.393104"><ele>1735</ele></trkpt>
      <trkpt lat="43.789404" lon="86.392862"><ele>1732</ele></trkpt>
      <trkpt lat="43.788585" lon="86.392597"><ele>1741</ele></trkpt>
      <trkpt lat="43.788086" lon="86.392191"><ele>1743</ele></trkpt>
      <trkpt lat="43.78758" lon="86.391981"><ele>1750</ele></trkpt>
      <trkpt lat="43.787082" lon="86.391636"><ele>1752</ele></trkpt>
      <trkpt lat="43.786234" lon="86.391439"><ele>1756</ele></trkpt>
      <trkpt lat="43.785631" lon="86.391616"><ele>1757</ele></trkpt>
      <trkpt lat="43.784691" lon="86.391453"><ele>1763</ele></trkpt>
      <trkpt lat="43.784367" lon="86.39132"><ele>1768</ele></trkpt>
      <trkpt lat="43.784096" lon="86.39104"><ele>1767</ele></trkpt>
      <trkpt lat="43.783883" lon="86.390882"><ele>1768</ele></trkpt>
      <trkpt lat="43.782975" lon="86.39057"><ele>1773</ele></trkpt>
      <trkpt lat="43.782453" lon="86.390326"><ele>1777</ele></trkpt>
      <trkpt lat="43.781607" lon="86.390092"><ele>1783</ele></trkpt>
      <trkpt lat="43.780623" lon="86.390005"><ele>1787</ele></trkpt>
      <trkpt lat="43.780251" lon="86.389744"><ele>1788</ele></trkpt>
      <trkpt lat="43.77962" lon="86.389075"><ele>1796</ele></trkpt>
      <trkpt lat="43.779344" lon="86.388912"><ele>1795</ele></trkpt>
      <trkpt lat="43.777504" lon="86.388369"><ele>1810</ele></trkpt>
      <trkpt lat="43.777125" lon="86.388404"><ele>1809</ele></trkpt>
      <trkpt lat="43.776782" lon="86.38854"><ele>1813</ele></trkpt>
      <trkpt lat="43.774583" lon="86.389928"><ele>1827</ele></trkpt>
      <trkpt lat="43.774192" lon="86.390063"><ele>1826</ele></trkpt>
      <trkpt lat="43.773958" lon="86.390011"><ele>1827</ele></trkpt>
      <trkpt lat="43.773799" lon="86.389912"><ele>1829</ele></trkpt>
      <trkpt lat="43.773359" lon="86.38951"><ele>1832</ele></trkpt>
      <trkpt lat="43.77326" lon="86.389374"><ele>1835</ele></trkpt>
      <trkpt lat="43.773088" lon="86.389248"><ele>1837</ele></trkpt>
      <trkpt lat="43.772775" lon="86.389108"><ele>1837</ele></trkpt>
      <trkpt lat="43.771697" lon="86.388446"><ele>1846</ele></trkpt>
      <trkpt lat="43.77098" lon="86.388238"><ele>1853</ele></trkpt>
      <trkpt lat="43.770616" lon="86.38805"><ele>1855</ele></trkpt>
      <trkpt lat="43.770208" lon="86.3877"><ele>1858</ele></trkpt>
      <trkpt lat="43.769746" lon="86.387227"><ele>1863</ele></trkpt>
      <trkpt lat="43.769335" lon="86.386999"><ele>1864</ele></trkpt>
      <trkpt lat="43.768946" lon="86.386153"><ele>1870</ele></trkpt>
      <trkpt lat="43.76839" lon="86.385464"><ele>1877</ele></trkpt>
      <trkpt lat="43.768141" lon="86.384623"><ele>1884</ele></trkpt>
      <trkpt lat="43.768098" lon="86.384577"><ele>1886</ele></trkpt>
      <trkpt lat="43.768022" lon="86.384329"><ele>1889</ele></trkpt>
      <trkpt lat="43.767617" lon="86.384116"><ele>1889</ele></trkpt>
      <trkpt lat="43.767437" lon="86.383887"><ele>1895</ele></trkpt>
      <trkpt lat="43.767087" lon="86.383311"><ele>1895</ele></trkpt>
      <trkpt lat="43.766531" lon="86.382552"><ele>1897</ele></trkpt>
      <trkpt lat="43.765953" lon="86.382008"><ele>1899</ele></trkpt>
      <trkpt lat="43.7653" lon="86.381552"><ele>1906</ele></trkpt>
      <trkpt lat="43.764282" lon="86.380653"><ele>1913</ele></trkpt>
      <trkpt lat="43.763618" lon="86.380427"><ele>1917</ele></trkpt>
      <trkpt lat="43.76336" lon="86.380241"><ele>1918</ele></trkpt>
      <trkpt lat="43.762709" lon="86.379979"><ele>1923</ele></trkpt>
      <trkpt lat="43.762404" lon="86.379757"><ele>1923</ele></trkpt>
      <trkpt lat="43.762006" lon="86.379271"><ele>1926</ele></trkpt>
      <trkpt lat="43.761839" lon="86.37901"><ele>1929</ele></trkpt>
      <trkpt lat="43.761741" lon="86.378774"><ele>1930</ele></trkpt>
      <trkpt lat="43.761594" lon="86.378606"><ele>1930</ele></trkpt>
      <trkpt lat="43.761363" lon="86.378506"><ele>1930</ele></trkpt>
      <trkpt lat="43.760941" lon="86.378687"><ele>1938</ele></trkpt>
      <trkpt lat="43.760799" lon="86.378706"><ele>1939</ele></trkpt>
      <trkpt lat="43.760789" lon="86.378773"><ele>1939</ele></trkpt>
      <trkpt lat="43.760929" lon="86.378722"><ele>1936</ele></trkpt>
      <trkpt lat="43.760933" lon="86.378785"><ele>1933</ele></trkpt>
      <trkpt lat="43.761102" lon="86.379028"><ele>1936</ele></trkpt>
      <trkpt lat="43.76128" lon="86.379117"><ele>1939</ele></trkpt>
      <trkpt lat="43.761318" lon="86.379152"><ele>1938</ele></trkpt>
      <trkpt lat="43.761316" lon="86.379215"><ele>1940</ele></trkpt>
      <trkpt lat="43.761483" lon="86.379319"><ele>1943</ele></trkpt>
      <trkpt lat="43.761447" lon="86.379319"><ele>1944</ele></trkpt>
      <trkpt lat="43.761471" lon="86.379357"><ele>1946</ele></trkpt>
      <trkpt lat="43.761497" lon="86.379319"><ele>1945</ele></trkpt>
      <trkpt lat="43.761458" lon="86.37931"><ele>1945</ele></trkpt>
      <trkpt lat="43.761488" lon="86.379263"><ele>1943</ele></trkpt>
      <trkpt lat="43.761448" lon="86.379325"><ele>1941</ele></trkpt>
      <trkpt lat="43.761493" lon="86.379063"><ele>1919</ele></trkpt>
      <trkpt lat="43.761419" lon="86.379214"><ele>1931</ele></trkpt>
      <trkpt lat="43.761442" lon="86.379295"><ele>1943</ele></trkpt>
      <trkpt lat="43.761503" lon="86.379278"><ele>1936</ele></trkpt>
      <trkpt lat="43.761406" lon="86.379324"><ele>1940</ele></trkpt>
      <trkpt lat="43.76145" lon="86.379361"><ele>1941</ele></trkpt>
      <trkpt lat="43.761485" lon="86.379279"><ele>1940</ele></trkpt>
      <trkpt lat="43.76161" lon="86.379223"><ele>1941</ele></trkpt>
      <trkpt lat="43.761633" lon="86.379089"><ele>1937</ele></trkpt>
      <trkpt lat="43.761455" lon="86.379212"><ele>1910</ele></trkpt>
      <trkpt lat="43.761479" lon="86.379209"><ele>1923</ele></trkpt>
      <trkpt lat="43.761477" lon="86.379291"><ele>1937</ele></trkpt>
      <trkpt lat="43.76152" lon="86.379182"><ele>1939</ele></trkpt>
      <trkpt lat="43.761465" lon="86.379205"><ele>1934</ele></trkpt>
      <trkpt lat="43.761556" lon="86.379275"><ele>1933</ele></trkpt>
      <trkpt lat="43.761427" lon="86.379177"><ele>1933</ele></trkpt>
      <trkpt lat="43.761356" lon="86.379488"><ele>1933</ele></trkpt>
      <trkpt lat="43.761396" lon="86.3794"><ele>1933</ele></trkpt>
      <trkpt lat="43.761352" lon="86.379367"><ele>1950</ele></trkpt>
      <trkpt lat="43.761484" lon="86.379283"><ele>1944</ele></trkpt>
      <trkpt lat="43.761565" lon="86.379316"><ele>1934</ele></trkpt>
      <trkpt lat="43.761499" lon="86.3794"><ele>1931</ele></trkpt>
      <trkpt lat="43.761584" lon="86.37939"><ele>1910</ele></trkpt>
      <trkpt lat="43.761484" lon="86.379318"><ele>1938</ele></trkpt>
      <trkpt lat="43.761414" lon="86.379359"><ele>1951</ele></trkpt>
      <trkpt lat="43.761437" lon="86.37927"><ele>1948</ele></trkpt>
      <trkpt lat="43.761376" lon="86.379292"><ele>1953</ele></trkpt>
      <trkpt lat="43.761441" lon="86.379387"><ele>1948</ele></trkpt>
      <trkpt lat="43.761478" lon="86.379278"><ele>1933</ele></trkpt>
      <trkpt lat="43.761403" lon="86.379365"><ele>1947</ele></trkpt>
      <trkpt lat="43.761405" lon="86.379302"><ele>1944</ele></trkpt>
      <trkpt lat="43.761446" lon="86.379301"><ele>1939</ele></trkpt>
      <trkpt lat="43.761394" lon="86.379309"><ele>1947</ele></trkpt>
      <trkpt lat="43.761467" lon="86.379402"><ele>1945</ele></trkpt>
      <trkpt lat="43.76147" lon="86.379311"><ele>1947</ele></trkpt>
      <trkpt lat="43.76152" lon="86.379313"><ele>1945</ele></trkpt>
      <trkpt lat="43.761431" lon="86.379379"><ele>1944</ele></trkpt>
      <trkpt lat="43.761539" lon="86.379406"><ele>1936</ele></trkpt>
      <trkpt lat="43.761457" lon="86.379304"><ele>1946</ele></trkpt>
      <trkpt lat="43.761495" lon="86.379354"><ele>1943</ele></trkpt>
      <trkpt lat="43.761371" lon="86.3793"><ele>1944</ele></trkpt>
      <trkpt lat="43.761244" lon="86.379367"><ele>1958</ele></trkpt>
      <trkpt lat="43.761362" lon="86.379325"><ele>1949</ele></trkpt>
      <trkpt lat="43.761476" lon="86.379348"><ele>1947</ele></trkpt>
      <trkpt lat="43.761354" lon="86.379279"><ele>1949</ele></trkpt>
      <trkpt lat="43.76143" lon="86.379067"><ele>1944</ele></trkpt>
      <trkpt lat="43.76141" lon="86.379325"><ele>1944</ele></trkpt>
      <trkpt lat="43.761454" lon="86.379377"><ele>1947</ele></trkpt>
      <trkpt lat="43.761491" lon="86.379333"><ele>1943</ele></trkpt>
      <trkpt lat="43.761392" lon="86.379347"><ele>1943</ele></trkpt>
      <trkpt lat="43.761472" lon="86.379265"><ele>1952</ele></trkpt>
      <trkpt lat="43.761454" lon="86.379331"><ele>1946</ele></trkpt>
      <trkpt lat="43.761509" lon="86.379359"><ele>1949</ele></trkpt>
      <trkpt lat="43.761414" lon="86.379307"><ele>1948</ele></trkpt>
      <trkpt lat="43.761495" lon="86.379371"><ele>1949</ele></trkpt>
      <trkpt lat="43.761514" lon="86.379313"><ele>1948</ele></trkpt>
      <trkpt lat="43.761478" lon="86.379265"><ele>1947</ele></trkpt>
      <trkpt lat="43.76153" lon="86.379269"><ele>1943</ele></trkpt>
      <trkpt lat="43.761593" lon="86.379387"><ele>1942</ele></trkpt>
      <trkpt lat="43.761426" lon="86.379442"><ele>1940</ele></trkpt>
      <trkpt lat="43.761387" lon="86.379623"><ele>1939</ele></trkpt>
      <trkpt lat="43.761379" lon="86.379533"><ele>1937</ele></trkpt>
      <trkpt lat="43.76142" lon="86.379556"><ele>1936</ele></trkpt>
      <trkpt lat="43.761397" lon="86.379485"><ele>1936</ele></trkpt>
      <trkpt lat="43.761425" lon="86.379314"><ele>1939</ele></trkpt>
      <trkpt lat="43.761481" lon="86.379281"><ele>1940</ele></trkpt>
      <trkpt lat="43.761455" lon="86.379286"><ele>1940</ele></trkpt>
      <trkpt lat="43.761445" lon="86.379223"><ele>1940</ele></trkpt>
      <trkpt lat="43.761466" lon="86.379165"><ele>1940</ele></trkpt>
      <trkpt lat="43.761346" lon="86.379379"><ele>1940</ele></trkpt>
      <trkpt lat="43.76123" lon="86.379189"><ele>1940</ele></trkpt>
      <trkpt lat="43.761634" lon="86.379411"><ele>1940</ele></trkpt>
      <trkpt lat="43.761563" lon="86.379307"><ele>1939</ele></trkpt>
      <trkpt lat="43.761471" lon="86.379341"><ele>1941</ele></trkpt>
      <trkpt lat="43.761448" lon="86.379256"><ele>1943</ele></trkpt>
      <trkpt lat="43.761498" lon="86.379385"><ele>1932</ele></trkpt>
      <trkpt lat="43.761499" lon="86.379356"><ele>1937</ele></trkpt>
      <trkpt lat="43.761467" lon="86.379373"><ele>1948</ele></trkpt>
      <trkpt lat="43.761466" lon="86.379316"><ele>1940</ele></trkpt>
      <trkpt lat="43.76142" lon="86.379311"><ele>1944</ele></trkpt>
      <trkpt lat="43.761311" lon="86.379514"><ele>1947</ele></trkpt>
      <trkpt lat="43.761236" lon="86.379595"><ele>1946</ele></trkpt>
      <trkpt lat="43.761141" lon="86.379619"><ele>1943</ele></trkpt>
      <trkpt lat="43.761138" lon="86.379499"><ele>1941</ele></trkpt>
      <trkpt lat="43.761238" lon="86.379361"><ele>1937</ele></trkpt>
      <trkpt lat="43.761224" lon="86.379234"><ele>1935</ele></trkpt>
      <trkpt lat="43.76125" lon="86.379111"><ele>1934</ele></trkpt>
      <trkpt lat="43.761116" lon="86.379062"><ele>1933</ele></trkpt>
      <trkpt lat="43.760894" lon="86.378724"><ele>1934</ele></trkpt>
      <trkpt lat="43.760464" lon="86.378808"><ele>1941</ele></trkpt>
      <trkpt lat="43.759869" lon="86.379289"><ele>1945</ele></trkpt>
      <trkpt lat="43.759567" lon="86.379353"><ele>1942</ele></trkpt>
      <trkpt lat="43.759053" lon="86.379118"><ele>1948</ele></trkpt>
      <trkpt lat="43.758428" lon="86.379025"><ele>1950</ele></trkpt>
      <trkpt lat="43.758226" lon="86.378848"><ele>1953</ele></trkpt>
      <trkpt lat="43.757715" lon="86.378275"><ele>1959</ele></trkpt>
      <trkpt lat="43.757712" lon="86.378207"><ele>1957</ele></trkpt>
      <trkpt lat="43.757393" lon="86.377455"><ele>1963</ele></trkpt>
      <trkpt lat="43.757252" lon="86.376957"><ele>1966</ele></trkpt>
      <trkpt lat="43.757005" lon="86.376379"><ele>1967</ele></trkpt>
      <trkpt lat="43.756584" lon="86.375553"><ele>1973</ele></trkpt>
      <trkpt lat="43.756447" lon="86.375365"><ele>1973</ele></trkpt>
      <trkpt lat="43.755961" lon="86.374917"><ele>1978</ele></trkpt>
      <trkpt lat="43.75569" lon="86.374462"><ele>1981</ele></trkpt>
      <trkpt lat="43.755038" lon="86.373776"><ele>1988</ele></trkpt>
      <trkpt lat="43.754955" lon="86.373611"><ele>1990</ele></trkpt>
      <trkpt lat="43.754741" lon="86.372882"><ele>1991</ele></trkpt>
      <trkpt lat="43.754705" lon="86.372639"><ele>1993</ele></trkpt>
      <trkpt lat="43.75476" lon="86.371706"><ele>1998</ele></trkpt>
      <trkpt lat="43.754733" lon="86.371303"><ele>2001</ele></trkpt>
      <trkpt lat="43.754601" lon="86.370858"><ele>2002</ele></trkpt>
      <trkpt lat="43.75449" lon="86.370638"><ele>2004</ele></trkpt>
      <trkpt lat="43.754156" lon="86.370341"><ele>2007</ele></trkpt>
      <trkpt lat="43.753984" lon="86.370117"><ele>2008</ele></trkpt>
      <trkpt lat="43.753744" lon="86.369985"><ele>2007</ele></trkpt>
      <trkpt lat="43.753425" lon="86.369979"><ele>2007</ele></trkpt>
      <trkpt lat="43.753029" lon="86.369904"><ele>2010</ele></trkpt>
      <trkpt lat="43.752126" lon="86.369971"><ele>2022</ele></trkpt>
      <trkpt lat="43.7518" lon="86.36984"><ele>2024</ele></trkpt>
      <trkpt lat="43.751311" lon="86.369494"><ele>2028</ele></trkpt>
      <trkpt lat="43.751174" lon="86.369299"><ele>2032</ele></trkpt>
      <trkpt lat="43.751024" lon="86.368971"><ele>2033</ele></trkpt>
      <trkpt lat="43.750899" lon="86.368535"><ele>2035</ele></trkpt>
      <trkpt lat="43.750658" lon="86.368032"><ele>2040</ele></trkpt>
      <trkpt lat="43.750426" lon="86.367347"><ele>2042</ele></trkpt>
      <trkpt lat="43.750042" lon="86.366947"><ele>2042</ele></trkpt>
      <trkpt lat="43.749904" lon="86.366875"><ele>2043</ele></trkpt>
      <trkpt lat="43.749748" lon="86.366546"><ele>2044</ele></trkpt>
      <trkpt lat="43.749607" lon="86.366357"><ele>2048</ele></trkpt>
      <trkpt lat="43.74946" lon="86.366204"><ele>2047</ele></trkpt>
      <trkpt lat="43.749272" lon="86.366108"><ele>2047</ele></trkpt>
      <trkpt lat="43.749075" lon="86.365816"><ele>2053</ele></trkpt>
      <trkpt lat="43.748986" lon="86.365575"><ele>2056</ele></trkpt>
      <trkpt lat="43.748785" lon="86.365223"><ele>2059</ele></trkpt>
      <trkpt lat="43.74871" lon="86.364964"><ele>2065</ele></trkpt>
      <trkpt lat="43.748763" lon="86.364514"><ele>2069</ele></trkpt>
      <trkpt lat="43.748918" lon="86.364096"><ele>2070</ele></trkpt>
      <trkpt lat="43.748967" lon="86.363566"><ele>2075</ele></trkpt>
      <trkpt lat="43.74895" lon="86.36328"><ele>2075</ele></trkpt>
      <trkpt lat="43.748752" lon="86.362839"><ele>2081</ele></trkpt>
      <trkpt lat="43.748705" lon="86.362575"><ele>2085</ele></trkpt>
      <trkpt lat="43.748724" lon="86.362319"><ele>2081</ele></trkpt>
      <trkpt lat="43.748778" lon="86.362146"><ele>2078</ele></trkpt>
      <trkpt lat="43.748704" lon="86.361677"><ele>2081</ele></trkpt>
      <trkpt lat="43.748516" lon="86.361211"><ele>2080</ele></trkpt>
      <trkpt lat="43.747731" lon="86.36043"><ele>2092</ele></trkpt>
      <trkpt lat="43.747353" lon="86.36014"><ele>2096</ele></trkpt>
      <trkpt lat="43.747116" lon="86.360072"><ele>2098</ele></trkpt>
      <trkpt lat="43.746917" lon="86.360107"><ele>2101</ele></trkpt>
      <trkpt lat="43.746735" lon="86.360209"><ele>2105</ele></trkpt>
      <trkpt lat="43.74653" lon="86.36041"><ele>2104</ele></trkpt>
      <trkpt lat="43.746297" lon="86.36073"><ele>2109</ele></trkpt>
      <trkpt lat="43.746002" lon="86.36091"><ele>2110</ele></trkpt>
      <trkpt lat="43.745391" lon="86.36106"><ele>2112</ele></trkpt>
      <trkpt lat="43.745137" lon="86.361027"><ele>2112</ele></trkpt>
      <trkpt lat="43.744885" lon="86.360899"><ele>2113</ele></trkpt>
      <trkpt lat="43.74425" lon="86.359976"><ele>2117</ele></trkpt>
      <trkpt lat="43.744009" lon="86.359754"><ele>2121</ele></trkpt>
      <trkpt lat="43.743729" lon="86.359301"><ele>2127</ele></trkpt>
      <trkpt lat="43.743616" lon="86.359184"><ele>2129</ele></trkpt>
      <trkpt lat="43.743561" lon="86.359191"><ele>2129</ele></trkpt>
      <trkpt lat="43.743431" lon="86.359109"><ele>2131</ele></trkpt>
      <trkpt lat="43.743209" lon="86.358862"><ele>2132</ele></trkpt>
      <trkpt lat="43.743116" lon="86.358825"><ele>2133</ele></trkpt>
      <trkpt lat="43.742927" lon="86.358633"><ele>2138</ele></trkpt>
      <trkpt lat="43.742921" lon="86.358031"><ele>2135</ele></trkpt>
      <trkpt lat="43.742847" lon="86.357864"><ele>2140</ele></trkpt>
      <trkpt lat="43.742869" lon="86.357801"><ele>2144</ele></trkpt>
      <trkpt lat="43.742754" lon="86.357591"><ele>2141</ele></trkpt>
      <trkpt lat="43.742353" lon="86.35711"><ele>2144</ele></trkpt>
      <trkpt lat="43.742239" lon="86.356829"><ele>2145</ele></trkpt>
      <trkpt lat="43.742316" lon="86.356312"><ele>2150</ele></trkpt>
      <trkpt lat="43.742315" lon="86.355896"><ele>2151</ele></trkpt>
      <trkpt lat="43.742205" lon="86.355531"><ele>2153</ele></trkpt>
      <trkpt lat="43.742004" lon="86.354617"><ele>2161</ele></trkpt>
      <trkpt lat="43.741832" lon="86.354142"><ele>2165</ele></trkpt>
      <trkpt lat="43.741832" lon="86.354008"><ele>2164</ele></trkpt>
      <trkpt lat="43.741774" lon="86.353826"><ele>2165</ele></trkpt>
      <trkpt lat="43.741782" lon="86.353621"><ele>2165</ele></trkpt>
      <trkpt lat="43.741651" lon="86.353068"><ele>2171</ele></trkpt>
      <trkpt lat="43.741447" lon="86.352544"><ele>2175</ele></trkpt>
      <trkpt lat="43.740974" lon="86.351613"><ele>2186</ele></trkpt>
      <trkpt lat="43.740953" lon="86.351361"><ele>2186</ele></trkpt>
      <trkpt lat="43.740837" lon="86.350928"><ele>2187</ele></trkpt>
      <trkpt lat="43.740315" lon="86.350084"><ele>2200</ele></trkpt>
      <trkpt lat="43.740084" lon="86.349647"><ele>2202</ele></trkpt>
      <trkpt lat="43.739825" lon="86.349335"><ele>2207</ele></trkpt>
      <trkpt lat="43.739509" lon="86.348759"><ele>2207</ele></trkpt>
      <trkpt lat="43.739144" lon="86.348336"><ele>2213</ele></trkpt>
      <trkpt lat="43.738708" lon="86.347944"><ele>2216</ele></trkpt>
      <trkpt lat="43.73846" lon="86.347472"><ele>2220</ele></trkpt>
      <trkpt lat="43.737913" lon="86.346752"><ele>2228</ele></trkpt>
      <trkpt lat="43.737619" lon="86.346542"><ele>2233</ele></trkpt>
      <trkpt lat="43.737438" lon="86.346472"><ele>2237</ele></trkpt>
      <trkpt lat="43.737187" lon="86.346273"><ele>2234</ele></trkpt>
      <trkpt lat="43.736818" lon="86.346169"><ele>2241</ele></trkpt>
      <trkpt lat="43.736676" lon="86.346206"><ele>2244</ele></trkpt>
      <trkpt lat="43.735915" lon="86.345891"><ele>2251</ele></trkpt>
      <trkpt lat="43.735469" lon="86.34564"><ele>2258</ele></trkpt>
      <trkpt lat="43.73538" lon="86.345645"><ele>2260</ele></trkpt>
      <trkpt lat="43.735356" lon="86.345762"><ele>2263</ele></trkpt>
      <trkpt lat="43.735309" lon="86.345782"><ele>2263</ele></trkpt>
      <trkpt lat="43.735188" lon="86.345973"><ele>2267</ele></trkpt>
      <trkpt lat="43.735121" lon="86.346147"><ele>2267</ele></trkpt>
      <trkpt lat="43.735105" lon="86.346403"><ele>2270</ele></trkpt>
      <trkpt lat="43.735141" lon="86.346438"><ele>2271</ele></trkpt>
      <trkpt lat="43.735165" lon="86.346566"><ele>2271</ele></trkpt>
      <trkpt lat="43.735114" lon="86.346588"><ele>2274</ele></trkpt>
      <trkpt lat="43.735159" lon="86.346624"><ele>2275</ele></trkpt>
      <trkpt lat="43.735131" lon="86.346575"><ele>2273</ele></trkpt>
      <trkpt lat="43.735113" lon="86.346634"><ele>2268</ele></trkpt>
      <trkpt lat="43.73508" lon="86.346627"><ele>2269</ele></trkpt>
      <trkpt lat="43.735087" lon="86.346552"><ele>2274</ele></trkpt>
      <trkpt lat="43.735066" lon="86.34662"><ele>2281</ele></trkpt>
      <trkpt lat="43.735148" lon="86.346565"><ele>2278</ele></trkpt>
      <trkpt lat="43.735069" lon="86.346608"><ele>2270</ele></trkpt>
      <trkpt lat="43.735099" lon="86.346619"><ele>2269</ele></trkpt>
      <trkpt lat="43.735149" lon="86.346581"><ele>2267</ele></trkpt>
      <trkpt lat="43.735061" lon="86.346601"><ele>2272</ele></trkpt>
      <trkpt lat="43.735158" lon="86.346605"><ele>2273</ele></trkpt>
      <trkpt lat="43.73511" lon="86.346603"><ele>2272</ele></trkpt>
      <trkpt lat="43.735149" lon="86.346564"><ele>2273</ele></trkpt>
      <trkpt lat="43.735106" lon="86.346596"><ele>2271</ele></trkpt>
      <trkpt lat="43.73515" lon="86.346566"><ele>2274</ele></trkpt>
      <trkpt lat="43.735083" lon="86.346692"><ele>2274</ele></trkpt>
      <trkpt lat="43.735111" lon="86.346716"><ele>2273</ele></trkpt>
      <trkpt lat="43.735148" lon="86.34672"><ele>2274</ele></trkpt>
      <trkpt lat="43.735155" lon="86.34664"><ele>2275</ele></trkpt>
      <trkpt lat="43.735104" lon="86.346613"><ele>2278</ele></trkpt>
      <trkpt lat="43.735151" lon="86.346564"><ele>2273</ele></trkpt>
      <trkpt lat="43.735155" lon="86.346678"><ele>2274</ele></trkpt>
      <trkpt lat="43.735144" lon="86.346587"><ele>2273</ele></trkpt>
      <trkpt lat="43.735101" lon="86.346565"><ele>2274</ele></trkpt>
      <trkpt lat="43.735146" lon="86.346577"><ele>2273</ele></trkpt>
      <trkpt lat="43.735103" lon="86.346601"><ele>2269</ele></trkpt>
      <trkpt lat="43.73515" lon="86.346601"><ele>2272</ele></trkpt>
      <trkpt lat="43.735178" lon="86.346655"><ele>2271</ele></trkpt>
      <trkpt lat="43.735091" lon="86.346599"><ele>2271</ele></trkpt>
      <trkpt lat="43.735178" lon="86.346556"><ele>2273</ele></trkpt>
      <trkpt lat="43.73513" lon="86.346581"><ele>2272</ele></trkpt>
      <trkpt lat="43.735102" lon="86.346512"><ele>2266</ele></trkpt>
      <trkpt lat="43.735169" lon="86.346555"><ele>2267</ele></trkpt>
      <trkpt lat="43.73513" lon="86.346584"><ele>2267</ele></trkpt>
      <trkpt lat="43.735184" lon="86.346525"><ele>2273</ele></trkpt>
      <trkpt lat="43.735067" lon="86.346582"><ele>2267</ele></trkpt>
      <trkpt lat="43.735111" lon="86.346565"><ele>2266</ele></trkpt>
      <trkpt lat="43.735143" lon="86.346609"><ele>2269</ele></trkpt>
      <trkpt lat="43.735119" lon="86.34656"><ele>2264</ele></trkpt>
      <trkpt lat="43.735144" lon="86.346737"><ele>2261</ele></trkpt>
      <trkpt lat="43.735094" lon="86.346663"><ele>2262</ele></trkpt>
      <trkpt lat="43.734954" lon="86.346759"><ele>2261</ele></trkpt>
      <trkpt lat="43.735093" lon="86.346588"><ele>2268</ele></trkpt>
      <trkpt lat="43.735151" lon="86.346579"><ele>2269</ele></trkpt>
      <trkpt lat="43.735122" lon="86.346606"><ele>2270</ele></trkpt>
      <trkpt lat="43.735106" lon="86.346548"><ele>2266</ele></trkpt>
      <trkpt lat="43.73515" lon="86.34656"><ele>2266</ele></trkpt>
      <trkpt lat="43.735107" lon="86.346583"><ele>2266</ele></trkpt>
      <trkpt lat="43.735183" lon="86.346503"><ele>2266</ele></trkpt>
      <trkpt lat="43.735121" lon="86.346582"><ele>2265</ele></trkpt>
      <trkpt lat="43.735147" lon="86.346608"><ele>2264</ele></trkpt>
      <trkpt lat="43.73513" lon="86.346575"><ele>2271</ele></trkpt>
      <trkpt lat="43.736154" lon="86.346565"><ele>2277</ele></trkpt>
      <trkpt lat="43.735117" lon="86.34645"><ele>2268</ele></trkpt>
      <trkpt lat="43.735137" lon="86.346542"><ele>2270</ele></trkpt>
      <trkpt lat="43.735246" lon="86.34658"><ele>2278</ele></trkpt>
      <trkpt lat="43.735225" lon="86.346402"><ele>2282</ele></trkpt>
      <trkpt lat="43.735135" lon="86.346553"><ele>2272</ele></trkpt>
      <trkpt lat="43.7351" lon="86.346459"><ele>2271</ele></trkpt>
      <trkpt lat="43.735116" lon="86.346381"><ele>2271</ele></trkpt>
      <trkpt lat="43.735224" lon="86.346093"><ele>2266</ele></trkpt>
      <trkpt lat="43.735267" lon="86.345831"><ele>2262</ele></trkpt>
      <trkpt lat="43.735346" lon="86.345761"><ele>2260</ele></trkpt>
      <trkpt lat="43.735349" lon="86.345631"><ele>2258</ele></trkpt>
      <trkpt lat="43.735258" lon="86.345486"><ele>2260</ele></trkpt>
      <trkpt lat="43.734859" lon="86.345279"><ele>2263</ele></trkpt>
      <trkpt lat="43.734599" lon="86.345018"><ele>2268</ele></trkpt>
      <trkpt lat="43.734553" lon="86.344842"><ele>2271</ele></trkpt>
      <trkpt lat="43.734458" lon="86.344704"><ele>2273</ele></trkpt>
      <trkpt lat="43.734366" lon="86.344469"><ele>2275</ele></trkpt>
      <trkpt lat="43.734285" lon="86.344161"><ele>2275</ele></trkpt>
      <trkpt lat="43.733808" lon="86.343363"><ele>2284</ele></trkpt>
      <trkpt lat="43.733679" lon="86.342744"><ele>2287</ele></trkpt>
      <trkpt lat="43.733359" lon="86.342064"><ele>2292</ele></trkpt>
      <trkpt lat="43.733156" lon="86.341466"><ele>2294</ele></trkpt>
      <trkpt lat="43.73296" lon="86.341011"><ele>2300</ele></trkpt>
      <trkpt lat="43.732959" lon="86.340496"><ele>2306</ele></trkpt>
      <trkpt lat="43.732905" lon="86.340222"><ele>2307</ele></trkpt>
      <trkpt lat="43.732681" lon="86.339889"><ele>2312</ele></trkpt>
      <trkpt lat="43.732603" lon="86.339648"><ele>2313</ele></trkpt>
      <trkpt lat="43.732482" lon="86.339549"><ele>2314</ele></trkpt>
      <trkpt lat="43.732055" lon="86.339035"><ele>2320</ele></trkpt>
      <trkpt lat="43.73186" lon="86.338578"><ele>2326</ele></trkpt>
      <trkpt lat="43.731751" lon="86.338206"><ele>2328</ele></trkpt>
      <trkpt lat="43.731306" lon="86.337425"><ele>2338</ele></trkpt>
      <trkpt lat="43.731088" lon="86.336737"><ele>2343</ele></trkpt>
      <trkpt lat="43.730889" lon="86.336555"><ele>2345</ele></trkpt>
      <trkpt lat="43.730819" lon="86.336386"><ele>2347</ele></trkpt>
      <trkpt lat="43.730538" lon="86.336023"><ele>2351</ele></trkpt>
      <trkpt lat="43.730218" lon="86.335375"><ele>2360</ele></trkpt>
      <trkpt lat="43.729965" lon="86.335083"><ele>2364</ele></trkpt>
      <trkpt lat="43.729611" lon="86.334386"><ele>2373</ele></trkpt>
      <trkpt lat="43.729288" lon="86.333902"><ele>2380</ele></trkpt>
      <trkpt lat="43.729204" lon="86.333755"><ele>2380</ele></trkpt>
      <trkpt lat="43.729203" lon="86.333692"><ele>2381</ele></trkpt>
      <trkpt lat="43.729031" lon="86.333472"><ele>2385</ele></trkpt>
      <trkpt lat="43.728652" lon="86.332138"><ele>2398</ele></trkpt>
      <trkpt lat="43.728563" lon="86.3317"><ele>2402</ele></trkpt>
      <trkpt lat="43.728515" lon="86.331253"><ele>2409</ele></trkpt>
      <trkpt lat="43.728574" lon="86.330422"><ele>2414</ele></trkpt>
      <trkpt lat="43.728504" lon="86.330182"><ele>2416</ele></trkpt>
      <trkpt lat="43.728476" lon="86.32953"><ele>2419</ele></trkpt>
      <trkpt lat="43.728398" lon="86.329368"><ele>2422</ele></trkpt>
      <trkpt lat="43.728361" lon="86.329042"><ele>2426</ele></trkpt>
      <trkpt lat="43.728276" lon="86.328812"><ele>2434</ele></trkpt>
      <trkpt lat="43.728059" lon="86.328653"><ele>2437</ele></trkpt>
      <trkpt lat="43.727894" lon="86.328264"><ele>2434</ele></trkpt>
      <trkpt lat="43.727766" lon="86.328088"><ele>2436</ele></trkpt>
      <trkpt lat="43.727742" lon="86.327964"><ele>2438</ele></trkpt>
      <trkpt lat="43.727529" lon="86.327599"><ele>2441</ele></trkpt>
      <trkpt lat="43.727239" lon="86.327251"><ele>2454</ele></trkpt>
      <trkpt lat="43.727059" lon="86.326886"><ele>2461</ele></trkpt>
      <trkpt lat="43.727029" lon="86.326689"><ele>2462</ele></trkpt>
      <trkpt lat="43.72695" lon="86.326522"><ele>2464</ele></trkpt>
      <trkpt lat="43.726868" lon="86.326066"><ele>2470</ele></trkpt>
      <trkpt lat="43.726916" lon="86.325355"><ele>2480</ele></trkpt>
      <trkpt lat="43.727035" lon="86.324785"><ele>2481</ele></trkpt>
      <trkpt lat="43.727279" lon="86.324202"><ele>2485</ele></trkpt>
      <trkpt lat="43.727297" lon="86.324011"><ele>2492</ele></trkpt>
      <trkpt lat="43.727493" lon="86.323551"><ele>2492</ele></trkpt>
      <trkpt lat="43.727525" lon="86.323359"><ele>2498</ele></trkpt>
      <trkpt lat="43.727675" lon="86.322962"><ele>2500</ele></trkpt>
      <trkpt lat="43.727752" lon="86.322645"><ele>2505</ele></trkpt>
      <trkpt lat="43.727768" lon="86.322061"><ele>2515</ele></trkpt>
      <trkpt lat="43.727792" lon="86.322002"><ele>2516</ele></trkpt>
      <trkpt lat="43.727761" lon="86.321813"><ele>2516</ele></trkpt>
      <trkpt lat="43.727849" lon="86.321787"><ele>2517</ele></trkpt>
      <trkpt lat="43.727931" lon="86.321483"><ele>2524</ele></trkpt>
      <trkpt lat="43.727922" lon="86.321102"><ele>2529</ele></trkpt>
      <trkpt lat="43.727838" lon="86.32038"><ele>2542</ele></trkpt>
      <trkpt lat="43.727854" lon="86.320121"><ele>2543</ele></trkpt>
      <trkpt lat="43.727935" lon="86.319745"><ele>2549</ele></trkpt>
      <trkpt lat="43.727932" lon="86.319431"><ele>2557</ele></trkpt>
      <trkpt lat="43.728055" lon="86.319158"><ele>2563</ele></trkpt>
      <trkpt lat="43.728041" lon="86.319042"><ele>2565</ele></trkpt>
      <trkpt lat="43.727912" lon="86.318959"><ele>2566</ele></trkpt>
      <trkpt lat="43.727583" lon="86.318899"><ele>2572</ele></trkpt>
      <trkpt lat="43.727265" lon="86.318763"><ele>2578</ele></trkpt>
      <trkpt lat="43.726753" lon="86.318359"><ele>2585</ele></trkpt>
      <trkpt lat="43.726426" lon="86.31831"><ele>2594</ele></trkpt>
      <trkpt lat="43.725908" lon="86.317878"><ele>2610</ele></trkpt>
      <trkpt lat="43.725667" lon="86.317124"><ele>2621</ele></trkpt>
      <trkpt lat="43.72557" lon="86.316417"><ele>2633</ele></trkpt>
      <trkpt lat="43.725411" lon="86.315941"><ele>2640</ele></trkpt>
      <trkpt lat="43.725397" lon="86.315814"><ele>2643</ele></trkpt>
      <trkpt lat="43.725461" lon="86.315308"><ele>2650</ele></trkpt>
      <trkpt lat="43.72546" lon="86.314978"><ele>2655</ele></trkpt>
      <trkpt lat="43.725536" lon="86.314533"><ele>2661</ele></trkpt>
      <trkpt lat="43.725451" lon="86.314292"><ele>2660</ele></trkpt>
      <trkpt lat="43.725216" lon="86.314053"><ele>2661</ele></trkpt>
      <trkpt lat="43.725052" lon="86.313789"><ele>2666</ele></trkpt>
      <trkpt lat="43.724893" lon="86.313628"><ele>2668</ele></trkpt>
      <trkpt lat="43.724719" lon="86.31353"><ele>2669</ele></trkpt>
      <trkpt lat="43.724424" lon="86.313105"><ele>2672</ele></trkpt>
      <trkpt lat="43.723808" lon="86.312485"><ele>2690</ele></trkpt>
      <trkpt lat="43.723502" lon="86.312324"><ele>2694</ele></trkpt>
      <trkpt lat="43.723206" lon="86.312281"><ele>2696</ele></trkpt>
      <trkpt lat="43.722851" lon="86.31216"><ele>2701</ele></trkpt>
      <trkpt lat="43.722725" lon="86.312059"><ele>2708</ele></trkpt>
      <trkpt lat="43.722321" lon="86.311336"><ele>2723</ele></trkpt>
      <trkpt lat="43.721978" lon="86.310396"><ele>2738</ele></trkpt>
      <trkpt lat="43.721524" lon="86.30994"><ele>2754</ele></trkpt>
      <trkpt lat="43.721346" lon="86.309861"><ele>2759</ele></trkpt>
      <trkpt lat="43.721072" lon="86.309644"><ele>2768</ele></trkpt>
      <trkpt lat="43.721057" lon="86.30945"><ele>2770</ele></trkpt>
      <trkpt lat="43.72108" lon="86.309396"><ele>2773</ele></trkpt>
      <trkpt lat="43.721294" lon="86.309299"><ele>2777</ele></trkpt>
      <trkpt lat="43.721315" lon="86.309245"><ele>2778</ele></trkpt>
      <trkpt lat="43.721261" lon="86.309134"><ele>2781</ele></trkpt>
      <trkpt lat="43.721079" lon="86.30913"><ele>2784</ele></trkpt>
      <trkpt lat="43.720844" lon="86.308913"><ele>2789</ele></trkpt>
      <trkpt lat="43.720288" lon="86.307909"><ele>2803</ele></trkpt>
      <trkpt lat="43.720202" lon="86.307862"><ele>2804</ele></trkpt>
      <trkpt lat="43.719937" lon="86.308027"><ele>2813</ele></trkpt>
      <trkpt lat="43.719801" lon="86.307981"><ele>2818</ele></trkpt>
      <trkpt lat="43.719758" lon="86.308004"><ele>2817</ele></trkpt>
      <trkpt lat="43.719678" lon="86.307763"><ele>2821</ele></trkpt>
      <trkpt lat="43.719578" lon="86.307196"><ele>2828</ele></trkpt>
      <trkpt lat="43.719365" lon="86.30707"><ele>2836</ele></trkpt>
      <trkpt lat="43.719283" lon="86.306913"><ele>2840</ele></trkpt>
      <trkpt lat="43.719267" lon="86.306523"><ele>2843</ele></trkpt>
      <trkpt lat="43.719047" lon="86.306415"><ele>2851</ele></trkpt>
      <trkpt lat="43.718767" lon="86.306064"><ele>2857</ele></trkpt>
      <trkpt lat="43.718577" lon="86.30601"><ele>2863</ele></trkpt>
      <trkpt lat="43.718537" lon="86.306041"><ele>2868</ele></trkpt>
      <trkpt lat="43.718502" lon="86.305996"><ele>2870</ele></trkpt>
      <trkpt lat="43.7184" lon="86.305406"><ele>2875</ele></trkpt>
      <trkpt lat="43.71834" lon="86.305237"><ele>2878</ele></trkpt>
      <trkpt lat="43.718148" lon="86.305052"><ele>2886</ele></trkpt>
      <trkpt lat="43.717965" lon="86.304971"><ele>2890</ele></trkpt>
      <trkpt lat="43.717946" lon="86.304911"><ele>2889</ele></trkpt>
      <trkpt lat="43.717704" lon="86.304752"><ele>2899</ele></trkpt>
      <trkpt lat="43.717638" lon="86.304652"><ele>2903</ele></trkpt>
      <trkpt lat="43.717519" lon="86.304306"><ele>2905</ele></trkpt>
      <trkpt lat="43.717367" lon="86.304077"><ele>2907</ele></trkpt>
      <trkpt lat="43.717348" lon="86.303951"><ele>2910</ele></trkpt>
      <trkpt lat="43.717017" lon="86.303035"><ele>2922</ele></trkpt>
      <trkpt lat="43.71681" lon="86.303007"><ele>2926</ele></trkpt>
      <trkpt lat="43.716739" lon="86.302919"><ele>2926</ele></trkpt>
      <trkpt lat="43.716504" lon="86.302948"><ele>2931</ele></trkpt>
      <trkpt lat="43.716138" lon="86.302827"><ele>2935</ele></trkpt>
      <trkpt lat="43.716099" lon="86.302865"><ele>2937</ele></trkpt>
      <trkpt lat="43.715863" lon="86.302863"><ele>2937</ele></trkpt>
      <trkpt lat="43.715698" lon="86.302984"><ele>2939</ele></trkpt>
      <trkpt lat="43.715469" lon="86.302994"><ele>2943</ele></trkpt>
      <trkpt lat="43.715339" lon="86.302949"><ele>2947</ele></trkpt>
      <trkpt lat="43.71512" lon="86.303043"><ele>2951</ele></trkpt>
      <trkpt lat="43.714993" lon="86.302962"><ele>2953</ele></trkpt>
      <trkpt lat="43.714849" lon="86.30313"><ele>2955</ele></trkpt>
      <trkpt lat="43.714826" lon="86.303303"><ele>2959</ele></trkpt>
      <trkpt lat="43.714738" lon="86.303305"><ele>2959</ele></trkpt>
      <trkpt lat="43.71413" lon="86.303883"><ele>2972</ele></trkpt>
      <trkpt lat="43.713902" lon="86.303969"><ele>2974</ele></trkpt>
      <trkpt lat="43.713649" lon="86.304155"><ele>2979</ele></trkpt>
      <trkpt lat="43.713381" lon="86.304409"><ele>2984</ele></trkpt>
      <trkpt lat="43.71316" lon="86.304747"><ele>2990</ele></trkpt>
      <trkpt lat="43.712889" lon="86.304725"><ele>2992</ele></trkpt>
      <trkpt lat="43.712488" lon="86.304889"><ele>2998</ele></trkpt>
      <trkpt lat="43.711931" lon="86.30536"><ele>3003</ele></trkpt>
      <trkpt lat="43.711619" lon="86.305483"><ele>3009</ele></trkpt>
      <trkpt lat="43.711597" lon="86.305539"><ele>3011</ele></trkpt>
      <trkpt lat="43.711425" lon="86.305614"><ele>3015</ele></trkpt>
      <trkpt lat="43.711327" lon="86.305743"><ele>3016</ele></trkpt>
      <trkpt lat="43.711063" lon="86.305848"><ele>3021</ele></trkpt>
      <trkpt lat="43.71068" lon="86.306204"><ele>3026</ele></trkpt>
      <trkpt lat="43.71038" lon="86.306402"><ele>3027</ele></trkpt>
      <trkpt lat="43.709841" lon="86.306623"><ele>3036</ele></trkpt>
      <trkpt lat="43.709696" lon="86.306646"><ele>3037</ele></trkpt>
      <trkpt lat="43.709236" lon="86.307207"><ele>3047</ele></trkpt>
      <trkpt lat="43.709189" lon="86.307223"><ele>3047</ele></trkpt>
      <trkpt lat="43.709152" lon="86.307175"><ele>3045</ele></trkpt>
      <trkpt lat="43.709105" lon="86.306912"><ele>3046</ele></trkpt>
      <trkpt lat="43.709153" lon="86.306807"><ele>3050</ele></trkpt>
      <trkpt lat="43.709136" lon="86.306747"><ele>3050</ele></trkpt>
      <trkpt lat="43.709092" lon="86.306729"><ele>3050</ele></trkpt>
      <trkpt lat="43.708893" lon="86.306882"><ele>3056</ele></trkpt>
      <trkpt lat="43.708665" lon="86.306919"><ele>3060</ele></trkpt>
      <trkpt lat="43.708292" lon="86.306937"><ele>3068</ele></trkpt>
      <trkpt lat="43.707834" lon="86.306849"><ele>3075</ele></trkpt>
      <trkpt lat="43.707506" lon="86.30685"><ele>3083</ele></trkpt>
      <trkpt lat="43.707424" lon="86.306913"><ele>3085</ele></trkpt>
      <trkpt lat="43.707219" lon="86.307342"><ele>3097</ele></trkpt>
      <trkpt lat="43.70706" lon="86.307856"><ele>3110</ele></trkpt>
      <trkpt lat="43.707076" lon="86.308037"><ele>3113</ele></trkpt>
      <trkpt lat="43.706895" lon="86.30823"><ele>3118</ele></trkpt>
      <trkpt lat="43.706845" lon="86.308337"><ele>3119</ele></trkpt>
      <trkpt lat="43.706755" lon="86.308318"><ele>3121</ele></trkpt>
      <trkpt lat="43.706424" lon="86.308395"><ele>3128</ele></trkpt>
      <trkpt lat="43.706112" lon="86.308548"><ele>3132</ele></trkpt>
      <trkpt lat="43.705744" lon="86.308452"><ele>3138</ele></trkpt>
      <trkpt lat="43.705447" lon="86.308282"><ele>3147</ele></trkpt>
      <trkpt lat="43.704982" lon="86.308198"><ele>3158</ele></trkpt>
      <trkpt lat="43.704761" lon="86.308099"><ele>3162</ele></trkpt>
      <trkpt lat="43.704107" lon="86.308056"><ele>3177</ele></trkpt>
      <trkpt lat="43.703825" lon="86.308107"><ele>3183</ele></trkpt>
      <trkpt lat="43.703738" lon="86.308075"><ele>3185</ele></trkpt>
      <trkpt lat="43.703637" lon="86.308192"><ele>3185</ele></trkpt>
      <trkpt lat="43.703595" lon="86.308374"><ele>3189</ele></trkpt>
      <trkpt lat="43.703341" lon="86.308548"><ele>3195</ele></trkpt>
      <trkpt lat="43.702836" lon="86.308692"><ele>3203</ele></trkpt>
      <trkpt lat="43.702664" lon="86.308802"><ele>3207</ele></trkpt>
      <trkpt lat="43.700793" lon="86.309025"><ele>3249</ele></trkpt>
      <trkpt lat="43.700641" lon="86.309018"><ele>3252</ele></trkpt>
      <trkpt lat="43.70061" lon="86.308982"><ele>3251</ele></trkpt>
      <trkpt lat="43.700532" lon="86.308731"><ele>3254</ele></trkpt>
      <trkpt lat="43.700354" lon="86.308346"><ele>3258</ele></trkpt>
      <trkpt lat="43.699885" lon="86.307604"><ele>3267</ele></trkpt>
      <trkpt lat="43.699605" lon="86.306935"><ele>3281</ele></trkpt>
      <trkpt lat="43.699015" lon="86.306513"><ele>3294</ele></trkpt>
      <trkpt lat="43.698353" lon="86.306125"><ele>3308</ele></trkpt>
      <trkpt lat="43.69796" lon="86.305652"><ele>3308</ele></trkpt>
      <trkpt lat="43.697555" lon="86.305407"><ele>3311</ele></trkpt>
      <trkpt lat="43.697357" lon="86.305218"><ele>3313</ele></trkpt>
      <trkpt lat="43.696796" lon="86.305086"><ele>3317</ele></trkpt>
      <trkpt lat="43.696475" lon="86.305105"><ele>3319</ele></trkpt>
      <trkpt lat="43.696154" lon="86.305254"><ele>3326</ele></trkpt>
      <trkpt lat="43.695806" lon="86.305587"><ele>3336</ele></trkpt>
      <trkpt lat="43.695756" lon="86.305568"><ele>3337</ele></trkpt>
      <trkpt lat="43.695763" lon="86.305504"><ele>3338</ele></trkpt>
      <trkpt lat="43.695725" lon="86.305466"><ele>3337</ele></trkpt>
      <trkpt lat="43.695672" lon="86.30545"><ele>3338</ele></trkpt>
      <trkpt lat="43.695655" lon="86.305508"><ele>3339</ele></trkpt>
      <trkpt lat="43.695693" lon="86.305546"><ele>3339</ele></trkpt>
      <trkpt lat="43.695669" lon="86.305487"><ele>3340</ele></trkpt>
      <trkpt lat="43.695707" lon="86.305523"><ele>3339</ele></trkpt>
      <trkpt lat="43.69564" lon="86.3055"><ele>3332</ele></trkpt>
      <trkpt lat="43.695688" lon="86.305517"><ele>3337</ele></trkpt>
      <trkpt lat="43.695716" lon="86.305455"><ele>3348</ele></trkpt>
      <trkpt lat="43.695701" lon="86.305565"><ele>3343</ele></trkpt>
      <trkpt lat="43.695657" lon="86.305531"><ele>3343</ele></trkpt>
      <trkpt lat="43.695689" lon="86.305477"><ele>3337</ele></trkpt>
      <trkpt lat="43.695689" lon="86.305545"><ele>3341</ele></trkpt>
      <trkpt lat="43.695697" lon="86.305466"><ele>3337</ele></trkpt>
      <trkpt lat="43.695683" lon="86.305525"><ele>3339</ele></trkpt>
      <trkpt lat="43.695731" lon="86.305525"><ele>3337</ele></trkpt>
      <trkpt lat="43.695768" lon="86.305464"><ele>3338</ele></trkpt>
      <trkpt lat="43.695656" lon="86.30539"><ele>3341</ele></trkpt>
      <trkpt lat="43.695646" lon="86.305459"><ele>3342</ele></trkpt>
      <trkpt lat="43.695689" lon="86.305463"><ele>3340</ele></trkpt>
      <trkpt lat="43.695678" lon="86.30554"><ele>3339</ele></trkpt>
      <trkpt lat="43.695696" lon="86.305293"><ele>3343</ele></trkpt>
      <trkpt lat="43.695652" lon="86.305098"><ele>3346</ele></trkpt>
      <trkpt lat="43.695475" lon="86.304857"><ele>3345</ele></trkpt>
      <trkpt lat="43.695247" lon="86.3042"><ele>3347</ele></trkpt>
      <trkpt lat="43.695181" lon="86.304105"><ele>3348</ele></trkpt>
      <trkpt lat="43.694903" lon="86.303956"><ele>3351</ele></trkpt>
      <trkpt lat="43.694795" lon="86.303738"><ele>3354</ele></trkpt>
      <trkpt lat="43.694711" lon="86.303281"><ele>3358</ele></trkpt>
      <trkpt lat="43.694752" lon="86.302829"><ele>3362</ele></trkpt>
      <trkpt lat="43.69469" lon="86.302578"><ele>3362</ele></trkpt>
      <trkpt lat="43.69452" lon="86.302164"><ele>3364</ele></trkpt>
      <trkpt lat="43.694643" lon="86.302103"><ele>3367</ele></trkpt>
      <trkpt lat="43.694739" lon="86.302116"><ele>3371</ele></trkpt>
      <trkpt lat="43.694769" lon="86.302065"><ele>3372</ele></trkpt>
      <trkpt lat="43.694859" lon="86.30157"><ele>3384</ele></trkpt>
      <trkpt lat="43.694843" lon="86.301501"><ele>3384</ele></trkpt>
      <trkpt lat="43.694709" lon="86.30116"><ele>3387</ele></trkpt>
      <trkpt lat="43.694413" lon="86.300924"><ele>3383</ele></trkpt>
      <trkpt lat="43.694263" lon="86.300879"><ele>3383</ele></trkpt>
      <trkpt lat="43.693554" lon="86.300829"><ele>3387</ele></trkpt>
      <trkpt lat="43.693206" lon="86.300875"><ele>3382</ele></trkpt>
      <trkpt lat="43.691734" lon="86.300573"><ele>3384</ele></trkpt>
      <trkpt lat="43.691691" lon="86.300615"><ele>3386</ele></trkpt>
      <trkpt lat="43.691459" lon="86.300626"><ele>3388</ele></trkpt>
      <trkpt lat="43.690618" lon="86.300968"><ele>3389</ele></trkpt>
      <trkpt lat="43.690085" lon="86.301038"><ele>3388</ele></trkpt>
      <trkpt lat="43.689862" lon="86.300892"><ele>3387</ele></trkpt>
      <trkpt lat="43.689557" lon="86.30088"><ele>3391</ele></trkpt>
      <trkpt lat="43.689275" lon="86.300754"><ele>3390</ele></trkpt>
      <trkpt lat="43.688691" lon="86.301276"><ele>3379</ele></trkpt>
      <trkpt lat="43.688259" lon="86.30175"><ele>3372</ele></trkpt>
      <trkpt lat="43.688004" lon="86.302161"><ele>3371</ele></trkpt>
      <trkpt lat="43.687642" lon="86.302377"><ele>3370</ele></trkpt>
      <trkpt lat="43.68746" lon="86.3026"><ele>3365</ele></trkpt>
      <trkpt lat="43.687318" lon="86.302637"><ele>3363</ele></trkpt>
      <trkpt lat="43.687158" lon="86.302784"><ele>3362</ele></trkpt>
      <trkpt lat="43.687043" lon="86.30299"><ele>3359</ele></trkpt>
      <trkpt lat="43.686891" lon="86.303061"><ele>3358</ele></trkpt>
      <trkpt lat="43.68653" lon="86.303035"><ele>3360</ele></trkpt>
      <trkpt lat="43.686266" lon="86.303329"><ele>3359</ele></trkpt>
      <trkpt lat="43.686169" lon="86.303365"><ele>3357</ele></trkpt>
      <trkpt lat="43.685926" lon="86.303575"><ele>3354</ele></trkpt>
      <trkpt lat="43.685766" lon="86.303637"><ele>3353</ele></trkpt>
      <trkpt lat="43.68556" lon="86.303809"><ele>3350</ele></trkpt>
      <trkpt lat="43.685285" lon="86.303887"><ele>3348</ele></trkpt>
      <trkpt lat="43.684953" lon="86.303803"><ele>3347</ele></trkpt>
      <trkpt lat="43.684301" lon="86.303759"><ele>3347</ele></trkpt>
      <trkpt lat="43.684063" lon="86.3039"><ele>3345</ele></trkpt>
      <trkpt lat="43.683864" lon="86.303925"><ele>3345</ele></trkpt>
      <trkpt lat="43.683708" lon="86.303775"><ele>3346</ele></trkpt>
      <trkpt lat="43.683422" lon="86.303662"><ele>3349</ele></trkpt>
      <trkpt lat="43.682908" lon="86.303914"><ele>3350</ele></trkpt>
      <trkpt lat="43.682615" lon="86.303645"><ele>3352</ele></trkpt>
      <trkpt lat="43.68227" lon="86.303698"><ele>3350</ele></trkpt>
      <trkpt lat="43.681683" lon="86.303011"><ele>3343</ele></trkpt>
      <trkpt lat="43.681452" lon="86.302597"><ele>3340</ele></trkpt>
      <trkpt lat="43.68106" lon="86.302015"><ele>3334</ele></trkpt>
      <trkpt lat="43.680996" lon="86.301852"><ele>3333</ele></trkpt>
      <trkpt lat="43.680963" lon="86.301522"><ele>3328</ele></trkpt>
      <trkpt lat="43.680848" lon="86.301309"><ele>3326</ele></trkpt>
      <trkpt lat="43.680374" lon="86.300841"><ele>3322</ele></trkpt>
      <trkpt lat="43.680246" lon="86.300758"><ele>3321</ele></trkpt>
      <trkpt lat="43.679894" lon="86.300647"><ele>3317</ele></trkpt>
      <trkpt lat="43.679835" lon="86.300562"><ele>3316</ele></trkpt>
      <trkpt lat="43.679772" lon="86.300296"><ele>3314</ele></trkpt>
      <trkpt lat="43.6797" lon="86.299503"><ele>3304</ele></trkpt>
      <trkpt lat="43.679537" lon="86.298818"><ele>3295</ele></trkpt>
      <trkpt lat="43.679546" lon="86.298564"><ele>3291</ele></trkpt>
      <trkpt lat="43.67949" lon="86.298044"><ele>3285</ele></trkpt>
      <trkpt lat="43.679539" lon="86.296995"><ele>3270</ele></trkpt>
      <trkpt lat="43.679402" lon="86.296569"><ele>3262</ele></trkpt>
      <trkpt lat="43.679316" lon="86.296414"><ele>3261</ele></trkpt>
      <trkpt lat="43.679299" lon="86.296222"><ele>3257</ele></trkpt>
      <trkpt lat="43.67905" lon="86.295515"><ele>3245</ele></trkpt>
      <trkpt lat="43.678977" lon="86.295072"><ele>3239</ele></trkpt>
      <trkpt lat="43.678911" lon="86.294897"><ele>3236</ele></trkpt>
      <trkpt lat="43.678804" lon="86.294786"><ele>3234</ele></trkpt>
      <trkpt lat="43.678422" lon="86.294586"><ele>3227</ele></trkpt>
      <trkpt lat="43.678048" lon="86.294301"><ele>3224</ele></trkpt>
      <trkpt lat="43.677647" lon="86.293735"><ele>3219</ele></trkpt>
      <trkpt lat="43.67748" lon="86.292974"><ele>3205</ele></trkpt>
      <trkpt lat="43.677382" lon="86.292182"><ele>3196</ele></trkpt>
      <trkpt lat="43.677102" lon="86.290974"><ele>3179</ele></trkpt>
      <trkpt lat="43.677054" lon="86.290662"><ele>3177</ele></trkpt>
      <trkpt lat="43.677062" lon="86.290382"><ele>3175</ele></trkpt>
      <trkpt lat="43.676977" lon="86.290378"><ele>3174</ele></trkpt>
      <trkpt lat="43.676776" lon="86.29059"><ele>3175</ele></trkpt>
      <trkpt lat="43.676539" lon="86.290688"><ele>3178</ele></trkpt>
      <trkpt lat="43.676324" lon="86.290844"><ele>3176</ele></trkpt>
      <trkpt lat="43.675992" lon="86.290915"><ele>3181</ele></trkpt>
      <trkpt lat="43.675559" lon="86.290821"><ele>3181</ele></trkpt>
      <trkpt lat="43.675377" lon="86.290624"><ele>3179</ele></trkpt>
      <trkpt lat="43.675198" lon="86.290311"><ele>3174</ele></trkpt>
      <trkpt lat="43.67497" lon="86.289735"><ele>3166</ele></trkpt>
      <trkpt lat="43.67469" lon="86.289295"><ele>3163</ele></trkpt>
      <trkpt lat="43.674625" lon="86.289112"><ele>3161</ele></trkpt>
      <trkpt lat="43.67417" lon="86.288541"><ele>3163</ele></trkpt>
      <trkpt lat="43.67412" lon="86.288521"><ele>3163</ele></trkpt>
      <trkpt lat="43.673922" lon="86.288778"><ele>3163</ele></trkpt>
      <trkpt lat="43.673827" lon="86.288666"><ele>3161</ele></trkpt>
      <trkpt lat="43.673739" lon="86.288735"><ele>3160</ele></trkpt>
      <trkpt lat="43.673109" lon="86.289491"><ele>3158</ele></trkpt>
      <trkpt lat="43.672676" lon="86.289688"><ele>3158</ele></trkpt>
      <trkpt lat="43.672382" lon="86.289771"><ele>3157</ele></trkpt>
      <trkpt lat="43.672238" lon="86.289769"><ele>3157</ele></trkpt>
      <trkpt lat="43.671776" lon="86.289643"><ele>3156</ele></trkpt>
      <trkpt lat="43.67167" lon="86.289493"><ele>3154</ele></trkpt>
      <trkpt lat="43.671528" lon="86.289157"><ele>3153</ele></trkpt>
      <trkpt lat="43.671481" lon="86.289145"><ele>3154</ele></trkpt>
      <trkpt lat="43.671367" lon="86.289243"><ele>3159</ele></trkpt>
      <trkpt lat="43.671201" lon="86.289617"><ele>3170</ele></trkpt>
      <trkpt lat="43.671055" lon="86.289464"><ele>3172</ele></trkpt>
      <trkpt lat="43.670678" lon="86.289664"><ele>3184</ele></trkpt>
      <trkpt lat="43.670574" lon="86.289679"><ele>3186</ele></trkpt>
      <trkpt lat="43.670478" lon="86.289647"><ele>3185</ele></trkpt>
      <trkpt lat="43.669988" lon="86.289255"><ele>3185</ele></trkpt>
      <trkpt lat="43.669974" lon="86.289185"><ele>3186</ele></trkpt>
      <trkpt lat="43.669892" lon="86.289215"><ele>3186</ele></trkpt>
      <trkpt lat="43.669583" lon="86.289064"><ele>3191</ele></trkpt>
      <trkpt lat="43.669449" lon="86.289047"><ele>3192</ele></trkpt>
      <trkpt lat="43.669028" lon="86.288572"><ele>3200</ele></trkpt>
      <trkpt lat="43.668889" lon="86.288139"><ele>3202</ele></trkpt>
      <trkpt lat="43.668844" lon="86.288095"><ele>3203</ele></trkpt>
      <trkpt lat="43.668411" lon="86.288076"><ele>3203</ele></trkpt>
      <trkpt lat="43.668264" lon="86.288134"><ele>3204</ele></trkpt>
      <trkpt lat="43.668149" lon="86.288038"><ele>3201</ele></trkpt>
      <trkpt lat="43.667723" lon="86.288056"><ele>3197</ele></trkpt>
      <trkpt lat="43.66737" lon="86.287839"><ele>3189</ele></trkpt>
      <trkpt lat="43.666924" lon="86.287379"><ele>3179</ele></trkpt>
      <trkpt lat="43.666371" lon="86.286907"><ele>3175</ele></trkpt>
      <trkpt lat="43.665732" lon="86.28587"><ele>3167</ele></trkpt>
      <trkpt lat="43.664882" lon="86.285398"><ele>3167</ele></trkpt>
      <trkpt lat="43.664694" lon="86.285235"><ele>3167</ele></trkpt>
      <trkpt lat="43.664482" lon="86.284967"><ele>3167</ele></trkpt>
      <trkpt lat="43.664454" lon="86.284718"><ele>3165</ele></trkpt>
      <trkpt lat="43.664488" lon="86.284549"><ele>3161</ele></trkpt>
      <trkpt lat="43.66441" lon="86.284302"><ele>3158</ele></trkpt>
      <trkpt lat="43.664411" lon="86.284164"><ele>3154</ele></trkpt>
      <trkpt lat="43.664279" lon="86.283602"><ele>3151</ele></trkpt>
      <trkpt lat="43.664145" lon="86.283158"><ele>3153</ele></trkpt>
      <trkpt lat="43.664113" lon="86.282837"><ele>3154</ele></trkpt>
      <trkpt lat="43.664019" lon="86.282688"><ele>3155</ele></trkpt>
      <trkpt lat="43.663968" lon="86.282426"><ele>3154</ele></trkpt>
      <trkpt lat="43.663859" lon="86.282294"><ele>3155</ele></trkpt>
      <trkpt lat="43.663768" lon="86.282049"><ele>3152</ele></trkpt>
      <trkpt lat="43.663726" lon="86.281643"><ele>3151</ele></trkpt>
      <trkpt lat="43.663463" lon="86.281379"><ele>3155</ele></trkpt>
      <trkpt lat="43.663061" lon="86.280696"><ele>3159</ele></trkpt>
      <trkpt lat="43.662966" lon="86.280459"><ele>3160</ele></trkpt>
      <trkpt lat="43.662731" lon="86.280138"><ele>3164</ele></trkpt>
      <trkpt lat="43.662358" lon="86.279972"><ele>3169</ele></trkpt>
      <trkpt lat="43.662201" lon="86.279819"><ele>3169</ele></trkpt>
      <trkpt lat="43.661406" lon="86.279309"><ele>3172</ele></trkpt>
      <trkpt lat="43.661155" lon="86.279116"><ele>3173</ele></trkpt>
      <trkpt lat="43.660602" lon="86.278506"><ele>3171</ele></trkpt>
      <trkpt lat="43.66049" lon="86.278289"><ele>3171</ele></trkpt>
      <trkpt lat="43.660242" lon="86.277539"><ele>3172</ele></trkpt>
      <trkpt lat="43.660077" lon="86.277199"><ele>3172</ele></trkpt>
      <trkpt lat="43.660014" lon="86.276526"><ele>3174</ele></trkpt>
      <trkpt lat="43.659979" lon="86.276388"><ele>3173</ele></trkpt>
      <trkpt lat="43.659902" lon="86.2763"><ele>3174</ele></trkpt>
      <trkpt lat="43.659715" lon="86.276303"><ele>3180</ele></trkpt>
      <trkpt lat="43.65956" lon="86.276435"><ele>3175</ele></trkpt>
      <trkpt lat="43.659417" lon="86.276475"><ele>3171</ele></trkpt>
      <trkpt lat="43.659216" lon="86.276314"><ele>3166</ele></trkpt>
      <trkpt lat="43.659171" lon="86.276337"><ele>3165</ele></trkpt>
      <trkpt lat="43.659043" lon="86.276254"><ele>3165</ele></trkpt>
      <trkpt lat="43.658909" lon="86.276248"><ele>3161</ele></trkpt>
      <trkpt lat="43.658638" lon="86.276139"><ele>3156</ele></trkpt>
      <trkpt lat="43.658587" lon="86.276157"><ele>3154</ele></trkpt>
      <trkpt lat="43.658562" lon="86.27622"><ele>3151</ele></trkpt>
      <trkpt lat="43.65847" lon="86.276257"><ele>3148</ele></trkpt>
      <trkpt lat="43.65843" lon="86.27623"><ele>3148</ele></trkpt>
      <trkpt lat="43.658407" lon="86.276343"><ele>3145</ele></trkpt>
      <trkpt lat="43.658302" lon="86.276469"><ele>3139</ele></trkpt>
      <trkpt lat="43.658042" lon="86.276625"><ele>3125</ele></trkpt>
      <trkpt lat="43.657957" lon="86.276609"><ele>3121</ele></trkpt>
      <trkpt lat="43.657829" lon="86.276659"><ele>3115</ele></trkpt>
      <trkpt lat="43.657243" lon="86.277108"><ele>3086</ele></trkpt>
      <trkpt lat="43.657154" lon="86.277406"><ele>3077</ele></trkpt>
      <trkpt lat="43.6569" lon="86.27778"><ele>3058</ele></trkpt>
      <trkpt lat="43.656854" lon="86.278031"><ele>3047</ele></trkpt>
      <trkpt lat="43.656703" lon="86.27844"><ele>3032</ele></trkpt>
      <trkpt lat="43.656491" lon="86.278604"><ele>3024</ele></trkpt>
      <trkpt lat="43.656212" lon="86.2789"><ele>3010</ele></trkpt>
      <trkpt lat="43.655689" lon="86.278786"><ele>3007</ele></trkpt>
      <trkpt lat="43.655518" lon="86.279008"><ele>2997</ele></trkpt>
      <trkpt lat="43.655287" lon="86.279"><ele>2983</ele></trkpt>
      <trkpt lat="43.655231" lon="86.279097"><ele>2979</ele></trkpt>
      <trkpt lat="43.65518" lon="86.279111"><ele>2975</ele></trkpt>
      <trkpt lat="43.655153" lon="86.279305"><ele>2971</ele></trkpt>
      <trkpt lat="43.655032" lon="86.279586"><ele>2960</ele></trkpt>
      <trkpt lat="43.65494" lon="86.279634"><ele>2954</ele></trkpt>
      <trkpt lat="43.654912" lon="86.27982"><ele>2949</ele></trkpt>
      <trkpt lat="43.654926" lon="86.279966"><ele>2947</ele></trkpt>
      <trkpt lat="43.654831" lon="86.280284"><ele>2943</ele></trkpt>
      <trkpt lat="43.654655" lon="86.280385"><ele>2937</ele></trkpt>
      <trkpt lat="43.654496" lon="86.280574"><ele>2929</ele></trkpt>
      <trkpt lat="43.654238" lon="86.2812"><ele>2915</ele></trkpt>
      <trkpt lat="43.654105" lon="86.28138"><ele>2907</ele></trkpt>
      <trkpt lat="43.654067" lon="86.281503"><ele>2904</ele></trkpt>
      <trkpt lat="43.653918" lon="86.281675"><ele>2898</ele></trkpt>
      <trkpt lat="43.653884" lon="86.281879"><ele>2895</ele></trkpt>
      <trkpt lat="43.653795" lon="86.28203"><ele>2891</ele></trkpt>
      <trkpt lat="43.653496" lon="86.282207"><ele>2889</ele></trkpt>
      <trkpt lat="43.65334" lon="86.282082"><ele>2893</ele></trkpt>
      <trkpt lat="43.65326" lon="86.282142"><ele>2899</ele></trkpt>
      <trkpt lat="43.653167" lon="86.282132"><ele>2903</ele></trkpt>
      <trkpt lat="43.652705" lon="86.282548"><ele>2913</ele></trkpt>
      <trkpt lat="43.652516" lon="86.282615"><ele>2915</ele></trkpt>
      <trkpt lat="43.651981" lon="86.283466"><ele>2910</ele></trkpt>
      <trkpt lat="43.651744" lon="86.28398"><ele>2910</ele></trkpt>
      <trkpt lat="43.651763" lon="86.283922"><ele>2908</ele></trkpt>
      <trkpt lat="43.651704" lon="86.28383"><ele>2905</ele></trkpt>
      <trkpt lat="43.65147" lon="86.283826"><ele>2896</ele></trkpt>
      <trkpt lat="43.651389" lon="86.283768"><ele>2895</ele></trkpt>
      <trkpt lat="43.651191" lon="86.283479"><ele>2890</ele></trkpt>
      <trkpt lat="43.651025" lon="86.283056"><ele>2883</ele></trkpt>
      <trkpt lat="43.650971" lon="86.283021"><ele>2884</ele></trkpt>
      <trkpt lat="43.650785" lon="86.283097"><ele>2884</ele></trkpt>
      <trkpt lat="43.650746" lon="86.283061"><ele>2882</ele></trkpt>
      <trkpt lat="43.650619" lon="86.282799"><ele>2877</ele></trkpt>
      <trkpt lat="43.650569" lon="86.282541"><ele>2874</ele></trkpt>
      <trkpt lat="43.650329" lon="86.282032"><ele>2869</ele></trkpt>
      <trkpt lat="43.65025" lon="86.281956"><ele>2866</ele></trkpt>
      <trkpt lat="43.650167" lon="86.282104"><ele>2863</ele></trkpt>
      <trkpt lat="43.649791" lon="86.282226"><ele>2843</ele></trkpt>
      <trkpt lat="43.649689" lon="86.282527"><ele>2837</ele></trkpt>
      <trkpt lat="43.649552" lon="86.282523"><ele>2828</ele></trkpt>
      <trkpt lat="43.649446" lon="86.28262"><ele>2822</ele></trkpt>
      <trkpt lat="43.64932" lon="86.282622"><ele>2817</ele></trkpt>
      <trkpt lat="43.649149" lon="86.282738"><ele>2809</ele></trkpt>
      <trkpt lat="43.649106" lon="86.282719"><ele>2807</ele></trkpt>
      <trkpt lat="43.648765" lon="86.282965"><ele>2799</ele></trkpt>
      <trkpt lat="43.648607" lon="86.28284"><ele>2796</ele></trkpt>
      <trkpt lat="43.648459" lon="86.283005"><ele>2792</ele></trkpt>
      <trkpt lat="43.648366" lon="86.283027"><ele>2789</ele></trkpt>
      <trkpt lat="43.648324" lon="86.282992"><ele>2788</ele></trkpt>
      <trkpt lat="43.648295" lon="86.28303"><ele>2787</ele></trkpt>
      <trkpt lat="43.648258" lon="86.282998"><ele>2785</ele></trkpt>
      <trkpt lat="43.648246" lon="86.282822"><ele>2781</ele></trkpt>
      <trkpt lat="43.647912" lon="86.282903"><ele>2783</ele></trkpt>
      <trkpt lat="43.647566" lon="86.282492"><ele>2790</ele></trkpt>
      <trkpt lat="43.647277" lon="86.281782"><ele>2793</ele></trkpt>
      <trkpt lat="43.647154" lon="86.28159"><ele>2794</ele></trkpt>
      <trkpt lat="43.647025" lon="86.281283"><ele>2797</ele></trkpt>
      <trkpt lat="43.646984" lon="86.281095"><ele>2796</ele></trkpt>
      <trkpt lat="43.646697" lon="86.280336"><ele>2805</ele></trkpt>
      <trkpt lat="43.646525" lon="86.280015"><ele>2808</ele></trkpt>
      <trkpt lat="43.646483" lon="86.279491"><ele>2817</ele></trkpt>
      <trkpt lat="43.646412" lon="86.27941"><ele>2817</ele></trkpt>
      <trkpt lat="43.64638" lon="86.279158"><ele>2818</ele></trkpt>
      <trkpt lat="43.645962" lon="86.27819"><ele>2829</ele></trkpt>
      <trkpt lat="43.645738" lon="86.27778"><ele>2837</ele></trkpt>
      <trkpt lat="43.645725" lon="86.277526"><ele>2840</ele></trkpt>
      <trkpt lat="43.645577" lon="86.276814"><ele>2842</ele></trkpt>
      <trkpt lat="43.645498" lon="86.276641"><ele>2842</ele></trkpt>
      <trkpt lat="43.64541" lon="86.276567"><ele>2840</ele></trkpt>
      <trkpt lat="43.645493" lon="86.275926"><ele>2845</ele></trkpt>
      <trkpt lat="43.645477" lon="86.275799"><ele>2846</ele></trkpt>
      <trkpt lat="43.645385" lon="86.275796"><ele>2847</ele></trkpt>
      <trkpt lat="43.645129" lon="86.276003"><ele>2852</ele></trkpt>
      <trkpt lat="43.644979" lon="86.276053"><ele>2854</ele></trkpt>
      <trkpt lat="43.644801" lon="86.275932"><ele>2856</ele></trkpt>
      <trkpt lat="43.644816" lon="86.275994"><ele>2860</ele></trkpt>
      <trkpt lat="43.644887" lon="86.275955"><ele>2858</ele></trkpt>
      <trkpt lat="43.644907" lon="86.276029"><ele>2862</ele></trkpt>
      <trkpt lat="43.644923" lon="86.275903"><ele>2852</ele></trkpt>
      <trkpt lat="43.64491" lon="86.275842"><ele>2850</ele></trkpt>
      <trkpt lat="43.644821" lon="86.275779"><ele>2853</ele></trkpt>
      <trkpt lat="43.644878" lon="86.275954"><ele>2854</ele></trkpt>
      <trkpt lat="43.644836" lon="86.275987"><ele>2854</ele></trkpt>
      <trkpt lat="43.644835" lon="86.276053"><ele>2858</ele></trkpt>
      <trkpt lat="43.644874" lon="86.276011"><ele>2858</ele></trkpt>
      <trkpt lat="43.644836" lon="86.276044"><ele>2860</ele></trkpt>
      <trkpt lat="43.64482" lon="86.275982"><ele>2857</ele></trkpt>
      <trkpt lat="43.644862" lon="86.276018"><ele>2852</ele></trkpt>
      <trkpt lat="43.644932" lon="86.275932"><ele>2855</ele></trkpt>
      <trkpt lat="43.64498" lon="86.275938"><ele>2854</ele></trkpt>
      <trkpt lat="43.644855" lon="86.27599"><ele>2853</ele></trkpt>
      <trkpt lat="43.644832" lon="86.276049"><ele>2854</ele></trkpt>
      <trkpt lat="43.644828" lon="86.275987"><ele>2853</ele></trkpt>
      <trkpt lat="43.644825" lon="86.27605"><ele>2860</ele></trkpt>
      <trkpt lat="43.644895" lon="86.275889"><ele>2852</ele></trkpt>
      <trkpt lat="43.644886" lon="86.275824"><ele>2852</ele></trkpt>
      <trkpt lat="43.644833" lon="86.275776"><ele>2849</ele></trkpt>
      <trkpt lat="43.64482" lon="86.275838"><ele>2847</ele></trkpt>
      <trkpt lat="43.644843" lon="86.275783"><ele>2862</ele></trkpt>
      <trkpt lat="43.644853" lon="86.275846"><ele>2853</ele></trkpt>
      <trkpt lat="43.644824" lon="86.27606"><ele>2845</ele></trkpt>
      <trkpt lat="43.644819" lon="86.275839"><ele>2844</ele></trkpt>
      <trkpt lat="43.644904" lon="86.275809"><ele>2846</ele></trkpt>
      <trkpt lat="43.644849" lon="86.275772"><ele>2844</ele></trkpt>
      <trkpt lat="43.644869" lon="86.275872"><ele>2848</ele></trkpt>
      <trkpt lat="43.644799" lon="86.27599"><ele>2861</ele></trkpt>
      <trkpt lat="43.644928" lon="86.275806"><ele>2860</ele></trkpt>
      <trkpt lat="43.644883" lon="86.275811"><ele>2851</ele></trkpt>
      <trkpt lat="43.644969" lon="86.275849"><ele>2843</ele></trkpt>
      <trkpt lat="43.644925" lon="86.275837"><ele>2844</ele></trkpt>
      <trkpt lat="43.644882" lon="86.275893"><ele>2850</ele></trkpt>
      <trkpt lat="43.644961" lon="86.275837"><ele>2851</ele></trkpt>
      <trkpt lat="43.64487" lon="86.276002"><ele>2854</ele></trkpt>
      <trkpt lat="43.644867" lon="86.27607"><ele>2859</ele></trkpt>
      <trkpt lat="43.644847" lon="86.276023"><ele>2857</ele></trkpt>
      <trkpt lat="43.644912" lon="86.27592"><ele>2853</ele></trkpt>
      <trkpt lat="43.644838" lon="86.275982"><ele>2853</ele></trkpt>
      <trkpt lat="43.644885" lon="86.275879"><ele>2851</ele></trkpt>
      <trkpt lat="43.644989" lon="86.275864"><ele>2850</ele></trkpt>
      <trkpt lat="43.644967" lon="86.275795"><ele>2855</ele></trkpt>
      <trkpt lat="43.644886" lon="86.275937"><ele>2850</ele></trkpt>
      <trkpt lat="43.644955" lon="86.275819"><ele>2855</ele></trkpt>
      <trkpt lat="43.644923" lon="86.275776"><ele>2844</ele></trkpt>
      <trkpt lat="43.644839" lon="86.275888"><ele>2851</ele></trkpt>
      <trkpt lat="43.644852" lon="86.276321"><ele>2873</ele></trkpt>
      <trkpt lat="43.644887" lon="86.276283"><ele>2869</ele></trkpt>
      <trkpt lat="43.644848" lon="86.276407"><ele>2876</ele></trkpt>
      <trkpt lat="43.644802" lon="86.276413"><ele>2886</ele></trkpt>
      <trkpt lat="43.644789" lon="86.276466"><ele>2892</ele></trkpt>
      <trkpt lat="43.644736" lon="86.276463"><ele>2891</ele></trkpt>
      <trkpt lat="43.644642" lon="86.276143"><ele>2869</ele></trkpt>
      <trkpt lat="43.644673" lon="86.276338"><ele>2873</ele></trkpt>
      <trkpt lat="43.644899" lon="86.275606"><ele>2862</ele></trkpt>
      <trkpt lat="43.645108" lon="86.275671"><ele>2906</ele></trkpt>
      <trkpt lat="43.644938" lon="86.275863"><ele>2881</ele></trkpt>
      <trkpt lat="43.644756" lon="86.275981"><ele>2856</ele></trkpt>
      <trkpt lat="43.644738" lon="86.275942"><ele>2861</ele></trkpt>
      <trkpt lat="43.644655" lon="86.275963"><ele>2856</ele></trkpt>
      <trkpt lat="43.644609" lon="86.27593"><ele>2856</ele></trkpt>
      <trkpt lat="43.644695" lon="86.275982"><ele>2859</ele></trkpt>
      <trkpt lat="43.644661" lon="86.275949"><ele>2858</ele></trkpt>
      <trkpt lat="43.644621" lon="86.275762"><ele>2858</ele></trkpt>
      <trkpt lat="43.644248" lon="86.275204"><ele>2864</ele></trkpt>
      <trkpt lat="43.643908" lon="86.274596"><ele>2869</ele></trkpt>
      <trkpt lat="43.643167" lon="86.273508"><ele>2880</ele></trkpt>
      <trkpt lat="43.642679" lon="86.272615"><ele>2888</ele></trkpt>
      <trkpt lat="43.641952" lon="86.271866"><ele>2895</ele></trkpt>
      <trkpt lat="43.641483" lon="86.271476"><ele>2900</ele></trkpt>
      <trkpt lat="43.641391" lon="86.271302"><ele>2901</ele></trkpt>
      <trkpt lat="43.641168" lon="86.271053"><ele>2904</ele></trkpt>
      <trkpt lat="43.641103" lon="86.27088"><ele>2907</ele></trkpt>
      <trkpt lat="43.640766" lon="86.270745"><ele>2903</ele></trkpt>
      <trkpt lat="43.640217" lon="86.270377"><ele>2902</ele></trkpt>
      <trkpt lat="43.639584" lon="86.270368"><ele>2904</ele></trkpt>
      <trkpt lat="43.638873" lon="86.27008"><ele>2901</ele></trkpt>
      <trkpt lat="43.63873" lon="86.270065"><ele>2900</ele></trkpt>
      <trkpt lat="43.638257" lon="86.26984"><ele>2896</ele></trkpt>
      <trkpt lat="43.637912" lon="86.269571"><ele>2894</ele></trkpt>
      <trkpt lat="43.637406" lon="86.269328"><ele>2893</ele></trkpt>
      <trkpt lat="43.636877" lon="86.269203"><ele>2894</ele></trkpt>
      <trkpt lat="43.635636" lon="86.268786"><ele>2894</ele></trkpt>
      <trkpt lat="43.635419" lon="86.268637"><ele>2893</ele></trkpt>
      <trkpt lat="43.634856" lon="86.268485"><ele>2894</ele></trkpt>
      <trkpt lat="43.634679" lon="86.268372"><ele>2895</ele></trkpt>
      <trkpt lat="43.633709" lon="86.268244"><ele>2897</ele></trkpt>
      <trkpt lat="43.633287" lon="86.268052"><ele>2898</ele></trkpt>
      <trkpt lat="43.63201" lon="86.267802"><ele>2905</ele></trkpt>
      <trkpt lat="43.631675" lon="86.267695"><ele>2907</ele></trkpt>
      <trkpt lat="43.631333" lon="86.267697"><ele>2910</ele></trkpt>
      <trkpt lat="43.6311" lon="86.26761"><ele>2908</ele></trkpt>
      <trkpt lat="43.630907" lon="86.267594"><ele>2909</ele></trkpt>
      <trkpt lat="43.630769" lon="86.267516"><ele>2910</ele></trkpt>
      <trkpt lat="43.628566" lon="86.267422"><ele>2922</ele></trkpt>
      <trkpt lat="43.627798" lon="86.267191"><ele>2929</ele></trkpt>
      <trkpt lat="43.627543" lon="86.267011"><ele>2931</ele></trkpt>
      <trkpt lat="43.62694" lon="86.266736"><ele>2934</ele></trkpt>
      <trkpt lat="43.626603" lon="86.266657"><ele>2936</ele></trkpt>
      <trkpt lat="43.626183" lon="86.266715"><ele>2937</ele></trkpt>
      <trkpt lat="43.625755" lon="86.266646"><ele>2942</ele></trkpt>
      <trkpt lat="43.624278" lon="86.265834"><ele>2958</ele></trkpt>
      <trkpt lat="43.624075" lon="86.265637"><ele>2956</ele></trkpt>
      <trkpt lat="43.623735" lon="86.265604"><ele>2958</ele></trkpt>
      <trkpt lat="43.623477" lon="86.265413"><ele>2959</ele></trkpt>
      <trkpt lat="43.623289" lon="86.265351"><ele>2960</ele></trkpt>
      <trkpt lat="43.623159" lon="86.265247"><ele>2961</ele></trkpt>
      <trkpt lat="43.622878" lon="86.265234"><ele>2962</ele></trkpt>
      <trkpt lat="43.622359" lon="86.265016"><ele>2963</ele></trkpt>
      <trkpt lat="43.622066" lon="86.264763"><ele>2966</ele></trkpt>
      <trkpt lat="43.621816" lon="86.264718"><ele>2969</ele></trkpt>
      <trkpt lat="43.621629" lon="86.264758"><ele>2971</ele></trkpt>
      <trkpt lat="43.62138" lon="86.264679"><ele>2971</ele></trkpt>
      <trkpt lat="43.621177" lon="86.264711"><ele>2972</ele></trkpt>
      <trkpt lat="43.6207" lon="86.264615"><ele>2976</ele></trkpt>
      <trkpt lat="43.620271" lon="86.264461"><ele>2979</ele></trkpt>
      <trkpt lat="43.61985" lon="86.264429"><ele>2984</ele></trkpt>
      <trkpt lat="43.619665" lon="86.264344"><ele>2985</ele></trkpt>
      <trkpt lat="43.619116" lon="86.264368"><ele>2988</ele></trkpt>
      <trkpt lat="43.618891" lon="86.264248"><ele>2990</ele></trkpt>
      <trkpt lat="43.618704" lon="86.264305"><ele>2992</ele></trkpt>
      <trkpt lat="43.61852" lon="86.264249"><ele>2991</ele></trkpt>
      <trkpt lat="43.618337" lon="86.264297"><ele>2994</ele></trkpt>
      <trkpt lat="43.618112" lon="86.264224"><ele>2996</ele></trkpt>
      <trkpt lat="43.617991" lon="86.264312"><ele>2997</ele></trkpt>
      <trkpt lat="43.61775" lon="86.264325"><ele>3000</ele></trkpt>
      <trkpt lat="43.617566" lon="86.264267"><ele>3001</ele></trkpt>
      <trkpt lat="43.617108" lon="86.264249"><ele>3004</ele></trkpt>
      <trkpt lat="43.616949" lon="86.264098"><ele>3005</ele></trkpt>
      <trkpt lat="43.616629" lon="86.263973"><ele>3009</ele></trkpt>
      <trkpt lat="43.616575" lon="86.263872"><ele>3009</ele></trkpt>
      <trkpt lat="43.616271" lon="86.263636"><ele>3011</ele></trkpt>
      <trkpt lat="43.616136" lon="86.263644"><ele>3015</ele></trkpt>
      <trkpt lat="43.616067" lon="86.263555"><ele>3015</ele></trkpt>
      <trkpt lat="43.615825" lon="86.263449"><ele>3017</ele></trkpt>
      <trkpt lat="43.615396" lon="86.263404"><ele>3019</ele></trkpt>
      <trkpt lat="43.614936" lon="86.263221"><ele>3022</ele></trkpt>
      <trkpt lat="43.614598" lon="86.262945"><ele>3025</ele></trkpt>
      <trkpt lat="43.61446" lon="86.262893"><ele>3027</ele></trkpt>
      <trkpt lat="43.614226" lon="86.262673"><ele>3027</ele></trkpt>
      <trkpt lat="43.614042" lon="86.262633"><ele>3030</ele></trkpt>
      <trkpt lat="43.613979" lon="86.262544"><ele>3038</ele></trkpt>
      <trkpt lat="43.61389" lon="86.262507"><ele>3040</ele></trkpt>
      <trkpt lat="43.613786" lon="86.262361"><ele>3041</ele></trkpt>
      <trkpt lat="43.613689" lon="86.262372"><ele>3043</ele></trkpt>
      <trkpt lat="43.613609" lon="86.262316"><ele>3047</ele></trkpt>
      <trkpt lat="43.613677" lon="86.262375"><ele>3046</ele></trkpt>
      <trkpt lat="43.613639" lon="86.262417"><ele>3041</ele></trkpt>
      <trkpt lat="43.613407" lon="86.26244"><ele>3040</ele></trkpt>
      <trkpt lat="43.613278" lon="86.262375"><ele>3043</ele></trkpt>
      <trkpt lat="43.612994" lon="86.262332"><ele>3045</ele></trkpt>
      <trkpt lat="43.612734" lon="86.262152"><ele>3047</ele></trkpt>
      <trkpt lat="43.612494" lon="86.262097"><ele>3049</ele></trkpt>
      <trkpt lat="43.61235" lon="86.262161"><ele>3050</ele></trkpt>
      <trkpt lat="43.612113" lon="86.26211"><ele>3052</ele></trkpt>
      <trkpt lat="43.611927" lon="86.262152"><ele>3054</ele></trkpt>
      <trkpt lat="43.611746" lon="86.262074"><ele>3056</ele></trkpt>
      <trkpt lat="43.611522" lon="86.262218"><ele>3053</ele></trkpt>
      <trkpt lat="43.611353" lon="86.262075"><ele>3057</ele></trkpt>
      <trkpt lat="43.611031" lon="86.26196"><ele>3059</ele></trkpt>
      <trkpt lat="43.610971" lon="86.26187"><ele>3062</ele></trkpt>
      <trkpt lat="43.610734" lon="86.261867"><ele>3065</ele></trkpt>
      <trkpt lat="43.610274" lon="86.26168"><ele>3068</ele></trkpt>
      <trkpt lat="43.609789" lon="86.261633"><ele>3072</ele></trkpt>
      <trkpt lat="43.609699" lon="86.261678"><ele>3075</ele></trkpt>
      <trkpt lat="43.60916" lon="86.261472"><ele>3081</ele></trkpt>
      <trkpt lat="43.609028" lon="86.261525"><ele>3083</ele></trkpt>
      <trkpt lat="43.608977" lon="86.26162"><ele>3084</ele></trkpt>
      <trkpt lat="43.608743" lon="86.261627"><ele>3084</ele></trkpt>
      <trkpt lat="43.608645" lon="86.261673"><ele>3084</ele></trkpt>
      <trkpt lat="43.608515" lon="86.261594"><ele>3087</ele></trkpt>
      <trkpt lat="43.608199" lon="86.26168"><ele>3091</ele></trkpt>
      <trkpt lat="43.608016" lon="86.261643"><ele>3093</ele></trkpt>
      <trkpt lat="43.607881" lon="86.261694"><ele>3095</ele></trkpt>
      <trkpt lat="43.607743" lon="86.261627"><ele>3097</ele></trkpt>
      <trkpt lat="43.607194" lon="86.261582"><ele>3100</ele></trkpt>
      <trkpt lat="43.6065" lon="86.26138"><ele>3110</ele></trkpt>
      <trkpt lat="43.606472" lon="86.261191"><ele>3111</ele></trkpt>
      <trkpt lat="43.606398" lon="86.261107"><ele>3117</ele></trkpt>
      <trkpt lat="43.606261" lon="86.261071"><ele>3118</ele></trkpt>
      <trkpt lat="43.606079" lon="86.261105"><ele>3117</ele></trkpt>
      <trkpt lat="43.606002" lon="86.261181"><ele>3118</ele></trkpt>
      <trkpt lat="43.605467" lon="86.261254"><ele>3121</ele></trkpt>
      <trkpt lat="43.604962" lon="86.261421"><ele>3125</ele></trkpt>
      <trkpt lat="43.604782" lon="86.261384"><ele>3127</ele></trkpt>
      <trkpt lat="43.604705" lon="86.261466"><ele>3128</ele></trkpt>
      <trkpt lat="43.604616" lon="86.261689"><ele>3128</ele></trkpt>
      <trkpt lat="43.604567" lon="86.261694"><ele>3128</ele></trkpt>
      <trkpt lat="43.604526" lon="86.26164"><ele>3129</ele></trkpt>
      <trkpt lat="43.604247" lon="86.261685"><ele>3133</ele></trkpt>
      <trkpt lat="43.604173" lon="86.261769"><ele>3132</ele></trkpt>
      <trkpt lat="43.6039" lon="86.261863"><ele>3136</ele></trkpt>
      <trkpt lat="43.603737" lon="86.262024"><ele>3138</ele></trkpt>
      <trkpt lat="43.603656" lon="86.262189"><ele>3140</ele></trkpt>
      <trkpt lat="43.603534" lon="86.262297"><ele>3146</ele></trkpt>
      <trkpt lat="43.603528" lon="86.262359"><ele>3145</ele></trkpt>
      <trkpt lat="43.603052" lon="86.26265"><ele>3152</ele></trkpt>
      <trkpt lat="43.602368" lon="86.26281"><ele>3159</ele></trkpt>
      <trkpt lat="43.602274" lon="86.262796"><ele>3161</ele></trkpt>
      <trkpt lat="43.602134" lon="86.262641"><ele>3164</ele></trkpt>
      <trkpt lat="43.602039" lon="86.262628"><ele>3166</ele></trkpt>
      <trkpt lat="43.601787" lon="86.262637"><ele>3166</ele></trkpt>
      <trkpt lat="43.601708" lon="86.262705"><ele>3164</ele></trkpt>
      <trkpt lat="43.601374" lon="86.262774"><ele>3166</ele></trkpt>
      <trkpt lat="43.601234" lon="86.262747"><ele>3167</ele></trkpt>
      <trkpt lat="43.601001" lon="86.262785"><ele>3168</ele></trkpt>
      <trkpt lat="43.600965" lon="86.262825"><ele>3168</ele></trkpt>
      <trkpt lat="43.600709" lon="86.262799"><ele>3170</ele></trkpt>
      <trkpt lat="43.600538" lon="86.262917"><ele>3173</ele></trkpt>
      <trkpt lat="43.600431" lon="86.263048"><ele>3172</ele></trkpt>
      <trkpt lat="43.60012" lon="86.263224"><ele>3176</ele></trkpt>
      <trkpt lat="43.599383" lon="86.263381"><ele>3180</ele></trkpt>
      <trkpt lat="43.599227" lon="86.263505"><ele>3180</ele></trkpt>
      <trkpt lat="43.599176" lon="86.263502"><ele>3183</ele></trkpt>
      <trkpt lat="43.598982" lon="86.263322"><ele>3184</ele></trkpt>
      <trkpt lat="43.598828" lon="86.263458"><ele>3183</ele></trkpt>
      <trkpt lat="43.598648" lon="86.263487"><ele>3182</ele></trkpt>
      <trkpt lat="43.598491" lon="86.263635"><ele>3184</ele></trkpt>
      <trkpt lat="43.598346" lon="86.263477"><ele>3184</ele></trkpt>
      <trkpt lat="43.5983" lon="86.263297"><ele>3185</ele></trkpt>
      <trkpt lat="43.598078" lon="86.263275"><ele>3186</ele></trkpt>
      <trkpt lat="43.597882" lon="86.262942"><ele>3196</ele></trkpt>
      <trkpt lat="43.597772" lon="86.262824"><ele>3203</ele></trkpt>
      <trkpt lat="43.597554" lon="86.262714"><ele>3208</ele></trkpt>
      <trkpt lat="43.597459" lon="86.262727"><ele>3208</ele></trkpt>
      <trkpt lat="43.597341" lon="86.262626"><ele>3215</ele></trkpt>
      <trkpt lat="43.597116" lon="86.262741"><ele>3221</ele></trkpt>
      <trkpt lat="43.597076" lon="86.262707"><ele>3223</ele></trkpt>
      <trkpt lat="43.596989" lon="86.262738"><ele>3223</ele></trkpt>
      <trkpt lat="43.596726" lon="86.262526"><ele>3222</ele></trkpt>
      <trkpt lat="43.596746" lon="86.262469"><ele>3223</ele></trkpt>
      <trkpt lat="43.596709" lon="86.262428"><ele>3222</ele></trkpt>
      <trkpt lat="43.596652" lon="86.262417"><ele>3223</ele></trkpt>
      <trkpt lat="43.596467" lon="86.262441"><ele>3225</ele></trkpt>
      <trkpt lat="43.596215" lon="86.26274"><ele>3229</ele></trkpt>
      <trkpt lat="43.595898" lon="86.262839"><ele>3234</ele></trkpt>
      <trkpt lat="43.59573" lon="86.262956"><ele>3235</ele></trkpt>
      <trkpt lat="43.595348" lon="86.262963"><ele>3240</ele></trkpt>
      <trkpt lat="43.594826" lon="86.263059"><ele>3250</ele></trkpt>
      <trkpt lat="43.594417" lon="86.263023"><ele>3262</ele></trkpt>
      <trkpt lat="43.594147" lon="86.263081"><ele>3270</ele></trkpt>
      <trkpt lat="43.593743" lon="86.263278"><ele>3280</ele></trkpt>
      <trkpt lat="43.593511" lon="86.26327"><ele>3288</ele></trkpt>
      <trkpt lat="43.5935" lon="86.263206"><ele>3285</ele></trkpt>
      <trkpt lat="43.59337" lon="86.263149"><ele>3293</ele></trkpt>
      <trkpt lat="43.592696" lon="86.263084"><ele>3295</ele></trkpt>
      <trkpt lat="43.592137" lon="86.263172"><ele>3307</ele></trkpt>
      <trkpt lat="43.59181" lon="86.263163"><ele>3315</ele></trkpt>
      <trkpt lat="43.591508" lon="86.263354"><ele>3322</ele></trkpt>
      <trkpt lat="43.591391" lon="86.263553"><ele>3314</ele></trkpt>
      <trkpt lat="43.591302" lon="86.263592"><ele>3312</ele></trkpt>
      <trkpt lat="43.59123" lon="86.263693"><ele>3312</ele></trkpt>
      <trkpt lat="43.591198" lon="86.263809"><ele>3317</ele></trkpt>
      <trkpt lat="43.591037" lon="86.263928"><ele>3327</ele></trkpt>
      <trkpt lat="43.590721" lon="86.26459"><ele>3331</ele></trkpt>
      <trkpt lat="43.590342" lon="86.264868"><ele>3343</ele></trkpt>
      <trkpt lat="43.590165" lon="86.264917"><ele>3347</ele></trkpt>
      <trkpt lat="43.589974" lon="86.264854"><ele>3356</ele></trkpt>
      <trkpt lat="43.589788" lon="86.264666"><ele>3360</ele></trkpt>
      <trkpt lat="43.589653" lon="86.264607"><ele>3364</ele></trkpt>
      <trkpt lat="43.589548" lon="86.264609"><ele>3366</ele></trkpt>
      <trkpt lat="43.589416" lon="86.264681"><ele>3367</ele></trkpt>
      <trkpt lat="43.589383" lon="86.264636"><ele>3365</ele></trkpt>
      <trkpt lat="43.589142" lon="86.26469"><ele>3374</ele></trkpt>
      <trkpt lat="43.588828" lon="86.264555"><ele>3391</ele></trkpt>
      <trkpt lat="43.588464" lon="86.264569"><ele>3404</ele></trkpt>
      <trkpt lat="43.587759" lon="86.263997"><ele>3408</ele></trkpt>
      <trkpt lat="43.587629" lon="86.263792"><ele>3408</ele></trkpt>
      <trkpt lat="43.587534" lon="86.263496"><ele>3407</ele></trkpt>
      <trkpt lat="43.58744" lon="86.263349"><ele>3403</ele></trkpt>
      <trkpt lat="43.587416" lon="86.263227"><ele>3404</ele></trkpt>
      <trkpt lat="43.587302" lon="86.262999"><ele>3400</ele></trkpt>
      <trkpt lat="43.587031" lon="86.262704"><ele>3408</ele></trkpt>
      <trkpt lat="43.586942" lon="86.262655"><ele>3410</ele></trkpt>
      <trkpt lat="43.586882" lon="86.262551"><ele>3415</ele></trkpt>
      <trkpt lat="43.586886" lon="86.262614"><ele>3416</ele></trkpt>
      <trkpt lat="43.586822" lon="86.262708"><ele>3411</ele></trkpt>
      <trkpt lat="43.586796" lon="86.262975"><ele>3406</ele></trkpt>
      <trkpt lat="43.586705" lon="86.262998"><ele>3403</ele></trkpt>
      <trkpt lat="43.586646" lon="86.263099"><ele>3400</ele></trkpt>
      <trkpt lat="43.586624" lon="86.263291"><ele>3390</ele></trkpt>
      <trkpt lat="43.586532" lon="86.263427"><ele>3383</ele></trkpt>
      <trkpt lat="43.58643" lon="86.263446"><ele>3381</ele></trkpt>
      <trkpt lat="43.586406" lon="86.263504"><ele>3375</ele></trkpt>
      <trkpt lat="43.586195" lon="86.263658"><ele>3375</ele></trkpt>
      <trkpt lat="43.586094" lon="86.263654"><ele>3375</ele></trkpt>
      <trkpt lat="43.585986" lon="86.263766"><ele>3381</ele></trkpt>
      <trkpt lat="43.585585" lon="86.263943"><ele>3380</ele></trkpt>
      <trkpt lat="43.585433" lon="86.263927"><ele>3382</ele></trkpt>
      <trkpt lat="43.585238" lon="86.263979"><ele>3385</ele></trkpt>
      <trkpt lat="43.585136" lon="86.263934"><ele>3383</ele></trkpt>
      <trkpt lat="43.584851" lon="86.263918"><ele>3396</ele></trkpt>
      <trkpt lat="43.584767" lon="86.26387"><ele>3402</ele></trkpt>
      <trkpt lat="43.58438" lon="86.263851"><ele>3423</ele></trkpt>
      <trkpt lat="43.583975" lon="86.263718"><ele>3438</ele></trkpt>
      <trkpt lat="43.583649" lon="86.263692"><ele>3460</ele></trkpt>
      <trkpt lat="43.583608" lon="86.263643"><ele>3459</ele></trkpt>
      <trkpt lat="43.583576" lon="86.263688"><ele>3466</ele></trkpt>
      <trkpt lat="43.583483" lon="86.26371"><ele>3467</ele></trkpt>
      <trkpt lat="43.583432" lon="86.263678"><ele>3467</ele></trkpt>
      <trkpt lat="43.583397" lon="86.263716"><ele>3471</ele></trkpt>
      <trkpt lat="43.583263" lon="86.263623"><ele>3469</ele></trkpt>
      <trkpt lat="43.583077" lon="86.263581"><ele>3474</ele></trkpt>
      <trkpt lat="43.582843" lon="86.263461"><ele>3482</ele></trkpt>
      <trkpt lat="43.582752" lon="86.263477"><ele>3489</ele></trkpt>
      <trkpt lat="43.582622" lon="86.263571"><ele>3502</ele></trkpt>
      <trkpt lat="43.582431" lon="86.263601"><ele>3512</ele></trkpt>
      <trkpt lat="43.582377" lon="86.263831"><ele>3521</ele></trkpt>
      <trkpt lat="43.58218" lon="86.264001"><ele>3529</ele></trkpt>
      <trkpt lat="43.581911" lon="86.264352"><ele>3548</ele></trkpt>
      <trkpt lat="43.581568" lon="86.264542"><ele>3559</ele></trkpt>
      <trkpt lat="43.581468" lon="86.264667"><ele>3562</ele></trkpt>
      <trkpt lat="43.581283" lon="86.264689"><ele>3568</ele></trkpt>
      <trkpt lat="43.580963" lon="86.264963"><ele>3578</ele></trkpt>
      <trkpt lat="43.580774" lon="86.265016"><ele>3579</ele></trkpt>
      <trkpt lat="43.580405" lon="86.265312"><ele>3582</ele></trkpt>
      <trkpt lat="43.580343" lon="86.265474"><ele>3586</ele></trkpt>
      <trkpt lat="43.580259" lon="86.265509"><ele>3587</ele></trkpt>
      <trkpt lat="43.580058" lon="86.265867"><ele>3601</ele></trkpt>
      <trkpt lat="43.57995" lon="86.265981"><ele>3607</ele></trkpt>
      <trkpt lat="43.579737" lon="86.266407"><ele>3618</ele></trkpt>
      <trkpt lat="43.5793" lon="86.266863"><ele>3627</ele></trkpt>
      <trkpt lat="43.579243" lon="86.267112"><ele>3627</ele></trkpt>
      <trkpt lat="43.579305" lon="86.267209"><ele>3631</ele></trkpt>
      <trkpt lat="43.57933" lon="86.267334"><ele>3635</ele></trkpt>
      <trkpt lat="43.579201" lon="86.267517"><ele>3643</ele></trkpt>
      <trkpt lat="43.579272" lon="86.267816"><ele>3660</ele></trkpt>
      <trkpt lat="43.579227" lon="86.267826"><ele>3661</ele></trkpt>
      <trkpt lat="43.579106" lon="86.268003"><ele>3669</ele></trkpt>
      <trkpt lat="43.579129" lon="86.268153"><ele>3677</ele></trkpt>
      <trkpt lat="43.579007" lon="86.268245"><ele>3686</ele></trkpt>
      <trkpt lat="43.578999" lon="86.268322"><ele>3690</ele></trkpt>
      <trkpt lat="43.578921" lon="86.26838"><ele>3693</ele></trkpt>
      <trkpt lat="43.578877" lon="86.268491"><ele>3696</ele></trkpt>
      <trkpt lat="43.578931" lon="86.268591"><ele>3703</ele></trkpt>
      <trkpt lat="43.578871" lon="86.268759"><ele>3709</ele></trkpt>
      <trkpt lat="43.578911" lon="86.268792"><ele>3710</ele></trkpt>
      <trkpt lat="43.578756" lon="86.2691"><ele>3722</ele></trkpt>
      <trkpt lat="43.578781" lon="86.269047"><ele>3721</ele></trkpt>
      <trkpt lat="43.578829" lon="86.269049"><ele>3721</ele></trkpt>
      <trkpt lat="43.579098" lon="86.269181"><ele>3731</ele></trkpt>
      <trkpt lat="43.579051" lon="86.269189"><ele>3740</ele></trkpt>
      <trkpt lat="43.578892" lon="86.269497"><ele>3749</ele></trkpt>
      <trkpt lat="43.578848" lon="86.269748"><ele>3752</ele></trkpt>
      <trkpt lat="43.57876" lon="86.269976"><ele>3760</ele></trkpt>
      <trkpt lat="43.578682" lon="86.27005"><ele>3764</ele></trkpt>
      <trkpt lat="43.578357" lon="86.27005"><ele>3773</ele></trkpt>
      <trkpt lat="43.57828" lon="86.270123"><ele>3777</ele></trkpt>
      <trkpt lat="43.578143" lon="86.270142"><ele>3783</ele></trkpt>
      <trkpt lat="43.578111" lon="86.270188"><ele>3784</ele></trkpt>
      <trkpt lat="43.578248" lon="86.270226"><ele>3787</ele></trkpt>
      <trkpt lat="43.578157" lon="86.270516"><ele>3799</ele></trkpt>
      <trkpt lat="43.578027" lon="86.270692"><ele>3810</ele></trkpt>
      <trkpt lat="43.578007" lon="86.270816"><ele>3813</ele></trkpt>
      <trkpt lat="43.577706" lon="86.270988"><ele>3820</ele></trkpt>
      <trkpt lat="43.577639" lon="86.271294"><ele>3827</ele></trkpt>
      <trkpt lat="43.577347" lon="86.272169"><ele>3841</ele></trkpt>
      <trkpt lat="43.576943" lon="86.272455"><ele>3849</ele></trkpt>
      <trkpt lat="43.576888" lon="86.272623"><ele>3852</ele></trkpt>
      <trkpt lat="43.576762" lon="86.272703"><ele>3855</ele></trkpt>
      <trkpt lat="43.576686" lon="86.272544"><ele>3851</ele></trkpt>
      <trkpt lat="43.576511" lon="86.272465"><ele>3848</ele></trkpt>
      <trkpt lat="43.576382" lon="86.272194"><ele>3839</ele></trkpt>
      <trkpt lat="43.576214" lon="86.27207"><ele>3830</ele></trkpt>
      <trkpt lat="43.576033" lon="86.27177"><ele>3817</ele></trkpt>
      <trkpt lat="43.575931" lon="86.271275"><ele>3807</ele></trkpt>
      <trkpt lat="43.575682" lon="86.270965"><ele>3797</ele></trkpt>
      <trkpt lat="43.575552" lon="86.270885"><ele>3791</ele></trkpt>
      <trkpt lat="43.575471" lon="86.270424"><ele>3775</ele></trkpt>
      <trkpt lat="43.575419" lon="86.270321"><ele>3772</ele></trkpt>
      <trkpt lat="43.575335" lon="86.270249"><ele>3772</ele></trkpt>
      <trkpt lat="43.575244" lon="86.270234"><ele>3771</ele></trkpt>
      <trkpt lat="43.575129" lon="86.270124"><ele>3770</ele></trkpt>
      <trkpt lat="43.575041" lon="86.269886"><ele>3768</ele></trkpt>
      <trkpt lat="43.574968" lon="86.26981"><ele>3769</ele></trkpt>
      <trkpt lat="43.574818" lon="86.269783"><ele>3765</ele></trkpt>
      <trkpt lat="43.574723" lon="86.269641"><ele>3754</ele></trkpt>
      <trkpt lat="43.574767" lon="86.269171"><ele>3743</ele></trkpt>
      <trkpt lat="43.574715" lon="86.268914"><ele>3741</ele></trkpt>
      <trkpt lat="43.574578" lon="86.268805"><ele>3743</ele></trkpt>
      <trkpt lat="43.574553" lon="86.268708"><ele>3737</ele></trkpt>
      <trkpt lat="43.574577" lon="86.268651"><ele>3728</ele></trkpt>
      <trkpt lat="43.574439" lon="86.268593"><ele>3728</ele></trkpt>
      <trkpt lat="43.574321" lon="86.268474"><ele>3730</ele></trkpt>
      <trkpt lat="43.574276" lon="86.268146"><ele>3724</ele></trkpt>
      <trkpt lat="43.574176" lon="86.267841"><ele>3717</ele></trkpt>
      <trkpt lat="43.574088" lon="86.267687"><ele>3716</ele></trkpt>
      <trkpt lat="43.573867" lon="86.267577"><ele>3712</ele></trkpt>
      <trkpt lat="43.573544" lon="86.267681"><ele>3705</ele></trkpt>
      <trkpt lat="43.57351" lon="86.267634"><ele>3699</ele></trkpt>
      <trkpt lat="43.573486" lon="86.267383"><ele>3687</ele></trkpt>
      <trkpt lat="43.573174" lon="86.267182"><ele>3679</ele></trkpt>
      <trkpt lat="43.572937" lon="86.267204"><ele>3670</ele></trkpt>
      <trkpt lat="43.572872" lon="86.267123"><ele>3665</ele></trkpt>
      <trkpt lat="43.572786" lon="86.267158"><ele>3660</ele></trkpt>
      <trkpt lat="43.572678" lon="86.267041"><ele>3651</ele></trkpt>
      <trkpt lat="43.572676" lon="86.267234"><ele>3645</ele></trkpt>
      <trkpt lat="43.572618" lon="86.26732"><ele>3639</ele></trkpt>
      <trkpt lat="43.572639" lon="86.267439"><ele>3633</ele></trkpt>
      <trkpt lat="43.572595" lon="86.267474"><ele>3631</ele></trkpt>
      <trkpt lat="43.572456" lon="86.267456"><ele>3623</ele></trkpt>
      <trkpt lat="43.571855" lon="86.267201"><ele>3597</ele></trkpt>
      <trkpt lat="43.571562" lon="86.267171"><ele>3589</ele></trkpt>
      <trkpt lat="43.57152" lon="86.267198"><ele>3586</ele></trkpt>
      <trkpt lat="43.571531" lon="86.267325"><ele>3583</ele></trkpt>
      <trkpt lat="43.571495" lon="86.267368"><ele>3581</ele></trkpt>
      <trkpt lat="43.571404" lon="86.267398"><ele>3574</ele></trkpt>
      <trkpt lat="43.571304" lon="86.267535"><ele>3571</ele></trkpt>
      <trkpt lat="43.571089" lon="86.267685"><ele>3565</ele></trkpt>
      <trkpt lat="43.570983" lon="86.26782"><ele>3568</ele></trkpt>
      <trkpt lat="43.570798" lon="86.267837"><ele>3568</ele></trkpt>
      <trkpt lat="43.570785" lon="86.267776"><ele>3566</ele></trkpt>
      <trkpt lat="43.57066" lon="86.267689"><ele>3567</ele></trkpt>
      <trkpt lat="43.570511" lon="86.267825"><ele>3559</ele></trkpt>
      <trkpt lat="43.570191" lon="86.267728"><ele>3548</ele></trkpt>
      <trkpt lat="43.570091" lon="86.267604"><ele>3543</ele></trkpt>
      <trkpt lat="43.569644" lon="86.267272"><ele>3524</ele></trkpt>
      <trkpt lat="43.569462" lon="86.267254"><ele>3518</ele></trkpt>
      <trkpt lat="43.569386" lon="86.267171"><ele>3513</ele></trkpt>
      <trkpt lat="43.569152" lon="86.267116"><ele>3504</ele></trkpt>
      <trkpt lat="43.568804" lon="86.266924"><ele>3495</ele></trkpt>
      <trkpt lat="43.568506" lon="86.266854"><ele>3490</ele></trkpt>
      <trkpt lat="43.568189" lon="86.266547"><ele>3481</ele></trkpt>
      <trkpt lat="43.568053" lon="86.266516"><ele>3475</ele></trkpt>
      <trkpt lat="43.567936" lon="86.266414"><ele>3469</ele></trkpt>
      <trkpt lat="43.567885" lon="86.26642"><ele>3467</ele></trkpt>
      <trkpt lat="43.567711" lon="86.26631"><ele>3460</ele></trkpt>
      <trkpt lat="43.5675" lon="86.266021"><ele>3452</ele></trkpt>
      <trkpt lat="43.567377" lon="86.265921"><ele>3446</ele></trkpt>
      <trkpt lat="43.567324" lon="86.265814"><ele>3441</ele></trkpt>
      <trkpt lat="43.567312" lon="86.265686"><ele>3438</ele></trkpt>
      <trkpt lat="43.567386" lon="86.26561"><ele>3436</ele></trkpt>
      <trkpt lat="43.567393" lon="86.265494"><ele>3430</ele></trkpt>
      <trkpt lat="43.567275" lon="86.265391"><ele>3430</ele></trkpt>
      <trkpt lat="43.567027" lon="86.264992"><ele>3421</ele></trkpt>
      <trkpt lat="43.566793" lon="86.264992"><ele>3423</ele></trkpt>
      <trkpt lat="43.566765" lon="86.265047"><ele>3423</ele></trkpt>
      <trkpt lat="43.56659" lon="86.264937"><ele>3423</ele></trkpt>
      <trkpt lat="43.566439" lon="86.264908"><ele>3420</ele></trkpt>
      <trkpt lat="43.566216" lon="86.264739"><ele>3416</ele></trkpt>
      <trkpt lat="43.566124" lon="86.264758"><ele>3413</ele></trkpt>
      <trkpt lat="43.565996" lon="86.264689"><ele>3410</ele></trkpt>
      <trkpt lat="43.56573" lon="86.26441"><ele>3417</ele></trkpt>
      <trkpt lat="43.565607" lon="86.264227"><ele>3414</ele></trkpt>
      <trkpt lat="43.565365" lon="86.264052"><ele>3414</ele></trkpt>
      <trkpt lat="43.56527" lon="86.263888"><ele>3413</ele></trkpt>
      <trkpt lat="43.56517" lon="86.263521"><ele>3407</ele></trkpt>
      <trkpt lat="43.564892" lon="86.263056"><ele>3400</ele></trkpt>
      <trkpt lat="43.564677" lon="86.262363"><ele>3400</ele></trkpt>
      <trkpt lat="43.564426" lon="86.262151"><ele>3396</ele></trkpt>
      <trkpt lat="43.56425" lon="86.261746"><ele>3392</ele></trkpt>
      <trkpt lat="43.564091" lon="86.261494"><ele>3392</ele></trkpt>
      <trkpt lat="43.563872" lon="86.261376"><ele>3392</ele></trkpt>
      <trkpt lat="43.563799" lon="86.261191"><ele>3388</ele></trkpt>
      <trkpt lat="43.56364" lon="86.261028"><ele>3385</ele></trkpt>
      <trkpt lat="43.563549" lon="86.260863"><ele>3385</ele></trkpt>
      <trkpt lat="43.563389" lon="86.260718"><ele>3385</ele></trkpt>
      <trkpt lat="43.563213" lon="86.260402"><ele>3391</ele></trkpt>
      <trkpt lat="43.563156" lon="86.260082"><ele>3399</ele></trkpt>
      <trkpt lat="43.563305" lon="86.259694"><ele>3400</ele></trkpt>
      <trkpt lat="43.563255" lon="86.259593"><ele>3396</ele></trkpt>
      <trkpt lat="43.56309" lon="86.259463"><ele>3392</ele></trkpt>
      <trkpt lat="43.563055" lon="86.259341"><ele>3388</ele></trkpt>
      <trkpt lat="43.562947" lon="86.259205"><ele>3387</ele></trkpt>
      <trkpt lat="43.562894" lon="86.259026"><ele>3390</ele></trkpt>
      <trkpt lat="43.562764" lon="86.258826"><ele>3398</ele></trkpt>
      <trkpt lat="43.562767" lon="86.258763"><ele>3397</ele></trkpt>
      <trkpt lat="43.562854" lon="86.25862"><ele>3403</ele></trkpt>
      <trkpt lat="43.562858" lon="86.258424"><ele>3410</ele></trkpt>
      <trkpt lat="43.562886" lon="86.258373"><ele>3409</ele></trkpt>
      <trkpt lat="43.562864" lon="86.258314"><ele>3411</ele></trkpt>
      <trkpt lat="43.56289" lon="86.257786"><ele>3399</ele></trkpt>
      <trkpt lat="43.562794" lon="86.257323"><ele>3389</ele></trkpt>
      <trkpt lat="43.562661" lon="86.256958"><ele>3382</ele></trkpt>
      <trkpt lat="43.562484" lon="86.256665"><ele>3376</ele></trkpt>
      <trkpt lat="43.562064" lon="86.256325"><ele>3360</ele></trkpt>
      <trkpt lat="43.56177" lon="86.256281"><ele>3349</ele></trkpt>
      <trkpt lat="43.561749" lon="86.256225"><ele>3347</ele></trkpt>
      <trkpt lat="43.561817" lon="86.255376"><ele>3331</ele></trkpt>
      <trkpt lat="43.561737" lon="86.255307"><ele>3325</ele></trkpt>
      <trkpt lat="43.561856" lon="86.254884"><ele>3315</ele></trkpt>
      <trkpt lat="43.561855" lon="86.254691"><ele>3313</ele></trkpt>
      <trkpt lat="43.561762" lon="86.254313"><ele>3302</ele></trkpt>
      <trkpt lat="43.561559" lon="86.253767"><ele>3289</ele></trkpt>
      <trkpt lat="43.561396" lon="86.253597"><ele>3286</ele></trkpt>
      <trkpt lat="43.561236" lon="86.253343"><ele>3276</ele></trkpt>
      <trkpt lat="43.560823" lon="86.252971"><ele>3260</ele></trkpt>
      <trkpt lat="43.560378" lon="86.252264"><ele>3247</ele></trkpt>
      <trkpt lat="43.560242" lon="86.252206"><ele>3239</ele></trkpt>
      <trkpt lat="43.560221" lon="86.251881"><ele>3229</ele></trkpt>
      <trkpt lat="43.560045" lon="86.251483"><ele>3212</ele></trkpt>
      <trkpt lat="43.560091" lon="86.25123"><ele>3204</ele></trkpt>
      <trkpt lat="43.560074" lon="86.251171"><ele>3203</ele></trkpt>
      <trkpt lat="43.559809" lon="86.2507"><ele>3182</ele></trkpt>
      <trkpt lat="43.559635" lon="86.250563"><ele>3175</ele></trkpt>
      <trkpt lat="43.559431" lon="86.250293"><ele>3163</ele></trkpt>
      <trkpt lat="43.559302" lon="86.250231"><ele>3156</ele></trkpt>
      <trkpt lat="43.559274" lon="86.250179"><ele>3153</ele></trkpt>
      <trkpt lat="43.559132" lon="86.250152"><ele>3146</ele></trkpt>
      <trkpt lat="43.558955" lon="86.250047"><ele>3137</ele></trkpt>
      <trkpt lat="43.558817" lon="86.250075"><ele>3131</ele></trkpt>
      <trkpt lat="43.558741" lon="86.250155"><ele>3123</ele></trkpt>
      <trkpt lat="43.558703" lon="86.250119"><ele>3121</ele></trkpt>
      <trkpt lat="43.558467" lon="86.250124"><ele>3103</ele></trkpt>
      <trkpt lat="43.558434" lon="86.250082"><ele>3100</ele></trkpt>
      <trkpt lat="43.5582" lon="86.250143"><ele>3087</ele></trkpt>
      <trkpt lat="43.557896" lon="86.250095"><ele>3061</ele></trkpt>
      <trkpt lat="43.557822" lon="86.250027"><ele>3057</ele></trkpt>
      <trkpt lat="43.55778" lon="86.249915"><ele>3050</ele></trkpt>
      <trkpt lat="43.55769" lon="86.249905"><ele>3046</ele></trkpt>
      <trkpt lat="43.557606" lon="86.249838"><ele>3036</ele></trkpt>
      <trkpt lat="43.557566" lon="86.249865"><ele>3033</ele></trkpt>
      <trkpt lat="43.557562" lon="86.249746"><ele>3025</ele></trkpt>
      <trkpt lat="43.557444" lon="86.249652"><ele>3016</ele></trkpt>
      <trkpt lat="43.557315" lon="86.249681"><ele>3007</ele></trkpt>
      <trkpt lat="43.557188" lon="86.249629"><ele>2990</ele></trkpt>
      <trkpt lat="43.55706" lon="86.249719"><ele>2980</ele></trkpt>
      <trkpt lat="43.557024" lon="86.249686"><ele>2978</ele></trkpt>
      <trkpt lat="43.556892" lon="86.249727"><ele>2968</ele></trkpt>
      <trkpt lat="43.556819" lon="86.249805"><ele>2961</ele></trkpt>
      <trkpt lat="43.556645" lon="86.24983"><ele>2949</ele></trkpt>
      <trkpt lat="43.556276" lon="86.250109"><ele>2918</ele></trkpt>
      <trkpt lat="43.555852" lon="86.250253"><ele>2892</ele></trkpt>
      <trkpt lat="43.555729" lon="86.250252"><ele>2887</ele></trkpt>
      <trkpt lat="43.55569" lon="86.250144"><ele>2883</ele></trkpt>
      <trkpt lat="43.555607" lon="86.250201"><ele>2879</ele></trkpt>
      <trkpt lat="43.555371" lon="86.250193"><ele>2864</ele></trkpt>
      <trkpt lat="43.55516" lon="86.250317"><ele>2849</ele></trkpt>
      <trkpt lat="43.554947" lon="86.251057"><ele>2826</ele></trkpt>
      <trkpt lat="43.554871" lon="86.251221"><ele>2816</ele></trkpt>
      <trkpt lat="43.554796" lon="86.251297"><ele>2811</ele></trkpt>
      <trkpt lat="43.55479" lon="86.251359"><ele>2809</ele></trkpt>
      <trkpt lat="43.554512" lon="86.251408"><ele>2794</ele></trkpt>
      <trkpt lat="43.554407" lon="86.251515"><ele>2788</ele></trkpt>
      <trkpt lat="43.554256" lon="86.251568"><ele>2782</ele></trkpt>
      <trkpt lat="43.55418" lon="86.251642"><ele>2778</ele></trkpt>
      <trkpt lat="43.55407" lon="86.251861"><ele>2769</ele></trkpt>
      <trkpt lat="43.554019" lon="86.251889"><ele>2768</ele></trkpt>
      <trkpt lat="43.553872" lon="86.251887"><ele>2760</ele></trkpt>
      <trkpt lat="43.55372" lon="86.251713"><ele>2749</ele></trkpt>
      <trkpt lat="43.553547" lon="86.251626"><ele>2744</ele></trkpt>
      <trkpt lat="43.553464" lon="86.251674"><ele>2743</ele></trkpt>
      <trkpt lat="43.553029" lon="86.251657"><ele>2725</ele></trkpt>
      <trkpt lat="43.552879" lon="86.251717"><ele>2721</ele></trkpt>
      <trkpt lat="43.552768" lon="86.251815"><ele>2715</ele></trkpt>
      <trkpt lat="43.552485" lon="86.252187"><ele>2705</ele></trkpt>
      <trkpt lat="43.552439" lon="86.252208"><ele>2702</ele></trkpt>
      <trkpt lat="43.552401" lon="86.252167"><ele>2700</ele></trkpt>
      <trkpt lat="43.552321" lon="86.252231"><ele>2697</ele></trkpt>
      <trkpt lat="43.552182" lon="86.252242"><ele>2690</ele></trkpt>
      <trkpt lat="43.552188" lon="86.252366"><ele>2687</ele></trkpt>
      <trkpt lat="43.552098" lon="86.252311"><ele>2681</ele></trkpt>
      <trkpt lat="43.552024" lon="86.252382"><ele>2678</ele></trkpt>
      <trkpt lat="43.552" lon="86.252327"><ele>2677</ele></trkpt>
      <trkpt lat="43.551912" lon="86.252298"><ele>2686</ele></trkpt>
      <trkpt lat="43.551762" lon="86.252469"><ele>2688</ele></trkpt>
      <trkpt lat="43.551693" lon="86.25271"><ele>2692</ele></trkpt>
      <trkpt lat="43.551526" lon="86.252612"><ele>2702</ele></trkpt>
      <trkpt lat="43.551282" lon="86.252612"><ele>2696</ele></trkpt>
      <trkpt lat="43.55114" lon="86.25242"><ele>2693</ele></trkpt>
      <trkpt lat="43.55106" lon="86.25243"><ele>2691</ele></trkpt>
      <trkpt lat="43.551031" lon="86.252495"><ele>2690</ele></trkpt>
      <trkpt lat="43.551107" lon="86.252437"><ele>2695</ele></trkpt>
      <trkpt lat="43.551049" lon="86.252488"><ele>2694</ele></trkpt>
      <trkpt lat="43.551045" lon="86.252432"><ele>2693</ele></trkpt>
      <trkpt lat="43.550859" lon="86.252357"><ele>2693</ele></trkpt>
      <trkpt lat="43.550804" lon="86.252168"><ele>2688</ele></trkpt>
      <trkpt lat="43.55089" lon="86.252411"><ele>2691</ele></trkpt>
      <trkpt lat="43.551022" lon="86.252519"><ele>2691</ele></trkpt>
      <trkpt lat="43.55099" lon="86.252611"><ele>2687</ele></trkpt>
      <trkpt lat="43.551016" lon="86.252518"><ele>2687</ele></trkpt>
      <trkpt lat="43.550953" lon="86.252463"><ele>2686</ele></trkpt>
      <trkpt lat="43.551034" lon="86.25254"><ele>2687</ele></trkpt>
      <trkpt lat="43.551053" lon="86.252519"><ele>2700</ele></trkpt>
      <trkpt lat="43.551003" lon="86.253396"><ele>2685</ele></trkpt>
      <trkpt lat="43.550905" lon="86.253556"><ele>2684</ele></trkpt>
      <trkpt lat="43.550441" lon="86.254"><ele>2682</ele></trkpt>
      <trkpt lat="43.550398" lon="86.254115"><ele>2679</ele></trkpt>
      <trkpt lat="43.550411" lon="86.254572"><ele>2669</ele></trkpt>
      <trkpt lat="43.550298" lon="86.254808"><ele>2660</ele></trkpt>
      <trkpt lat="43.550181" lon="86.254594"><ele>2657</ele></trkpt>
      <trkpt lat="43.550133" lon="86.254602"><ele>2654</ele></trkpt>
      <trkpt lat="43.550092" lon="86.25486"><ele>2650</ele></trkpt>
      <trkpt lat="43.549873" lon="86.25475"><ele>2638</ele></trkpt>
      <trkpt lat="43.549854" lon="86.254636"><ele>2638</ele></trkpt>
      <trkpt lat="43.549826" lon="86.254636"><ele>2636</ele></trkpt>
      <trkpt lat="43.54974" lon="86.254702"><ele>2624</ele></trkpt>
      <trkpt lat="43.54969" lon="86.254819"><ele>2629</ele></trkpt>
      <trkpt lat="43.549496" lon="86.254829"><ele>2630</ele></trkpt>
      <trkpt lat="43.549234" lon="86.255045"><ele>2626</ele></trkpt>
      <trkpt lat="43.549138" lon="86.255065"><ele>2628</ele></trkpt>
      <trkpt lat="43.548966" lon="86.255198"><ele>2621</ele></trkpt>
      <trkpt lat="43.54876" lon="86.255225"><ele>2619</ele></trkpt>
      <trkpt lat="43.548614" lon="86.255406"><ele>2620</ele></trkpt>
      <trkpt lat="43.548295" lon="86.255582"><ele>2607</ele></trkpt>
      <trkpt lat="43.548141" lon="86.255764"><ele>2595</ele></trkpt>
      <trkpt lat="43.547928" lon="86.255566"><ele>2582</ele></trkpt>
      <trkpt lat="43.547877" lon="86.255665"><ele>2579</ele></trkpt>
      <trkpt lat="43.547829" lon="86.255685"><ele>2576</ele></trkpt>
      <trkpt lat="43.54744" lon="86.25563"><ele>2565</ele></trkpt>
      <trkpt lat="43.547295" lon="86.255657"><ele>2565</ele></trkpt>
      <trkpt lat="43.547338" lon="86.255689"><ele>2563</ele></trkpt>
      <trkpt lat="43.547251" lon="86.255701"><ele>2560</ele></trkpt>
      <trkpt lat="43.547268" lon="86.255766"><ele>2557</ele></trkpt>
      <trkpt lat="43.547333" lon="86.255808"><ele>2549</ele></trkpt>
      <trkpt lat="43.547297" lon="86.255846"><ele>2549</ele></trkpt>
      <trkpt lat="43.547277" lon="86.255773"><ele>2542</ele></trkpt>
      <trkpt lat="43.547316" lon="86.255807"><ele>2543</ele></trkpt>
      <trkpt lat="43.547262" lon="86.255809"><ele>2550</ele></trkpt>
      <trkpt lat="43.5472" lon="86.255885"><ele>2564</ele></trkpt>
      <trkpt lat="43.547257" lon="86.255902"><ele>2560</ele></trkpt>
      <trkpt lat="43.547289" lon="86.255853"><ele>2553</ele></trkpt>
      <trkpt lat="43.547246" lon="86.255873"><ele>2557</ele></trkpt>
      <trkpt lat="43.547263" lon="86.255945"><ele>2556</ele></trkpt>
      <trkpt lat="43.547251" lon="86.255902"><ele>2556</ele></trkpt>
      <trkpt lat="43.547337" lon="86.255817"><ele>2557</ele></trkpt>
      <trkpt lat="43.547308" lon="86.255867"><ele>2558</ele></trkpt>
      <trkpt lat="43.547262" lon="86.255834"><ele>2556</ele></trkpt>
      <trkpt lat="43.547319" lon="86.255875"><ele>2554</ele></trkpt>
      <trkpt lat="43.547273" lon="86.255882"><ele>2551</ele></trkpt>
      <trkpt lat="43.547287" lon="86.255962"><ele>2558</ele></trkpt>
      <trkpt lat="43.547268" lon="86.255906"><ele>2561</ele></trkpt>
      <trkpt lat="43.54731" lon="86.255882"><ele>2553</ele></trkpt>
      <trkpt lat="43.547266" lon="86.255831"><ele>2556</ele></trkpt>
      <trkpt lat="43.547299" lon="86.255766"><ele>2554</ele></trkpt>
      <trkpt lat="43.547285" lon="86.255926"><ele>2554</ele></trkpt>
      <trkpt lat="43.547225" lon="86.255786"><ele>2559</ele></trkpt>
      <trkpt lat="43.547135" lon="86.255781"><ele>2563</ele></trkpt>
      <trkpt lat="43.54725" lon="86.25581"><ele>2555</ele></trkpt>
      <trkpt lat="43.547293" lon="86.255785"><ele>2549</ele></trkpt>
      <trkpt lat="43.547244" lon="86.25574"><ele>2549</ele></trkpt>
      <trkpt lat="43.547196" lon="86.255732"><ele>2554</ele></trkpt>
      <trkpt lat="43.547304" lon="86.255815"><ele>2546</ele></trkpt>
      <trkpt lat="43.547289" lon="86.255732"><ele>2540</ele></trkpt>
      <trkpt lat="43.547247" lon="86.25576"><ele>2547</ele></trkpt>
      <trkpt lat="43.547273" lon="86.255824"><ele>2550</ele></trkpt>
      <trkpt lat="43.547221" lon="86.255782"><ele>2562</ele></trkpt>
      <trkpt lat="43.54733" lon="86.255823"><ele>2548</ele></trkpt>
      <trkpt lat="43.547244" lon="86.255835"><ele>2560</ele></trkpt>
      <trkpt lat="43.54727" lon="86.255852"><ele>2557</ele></trkpt>
      <trkpt lat="43.547269" lon="86.2558"><ele>2548</ele></trkpt>
      <trkpt lat="43.547321" lon="86.255841"><ele>2547</ele></trkpt>
      <trkpt lat="43.547264" lon="86.255852"><ele>2558</ele></trkpt>
      <trkpt lat="43.547281" lon="86.255788"><ele>2548</ele></trkpt>
      <trkpt lat="43.547233" lon="86.255773"><ele>2558</ele></trkpt>
      <trkpt lat="43.54723" lon="86.255851"><ele>2561</ele></trkpt>
      <trkpt lat="43.547363" lon="86.255774"><ele>2549</ele></trkpt>
      <trkpt lat="43.547319" lon="86.255761"><ele>2552</ele></trkpt>
      <trkpt lat="43.547297" lon="86.255822"><ele>2553</ele></trkpt>
      <trkpt lat="43.547384" lon="86.255783"><ele>2548</ele></trkpt>
      <trkpt lat="43.547151" lon="86.255874"><ele>2544</ele></trkpt>
      <trkpt lat="43.54708" lon="86.256048"><ele>2543</ele></trkpt>
      <trkpt lat="43.547148" lon="86.256152"><ele>2541</ele></trkpt>
      <trkpt lat="43.547058" lon="86.256212"><ele>2541</ele></trkpt>
      <trkpt lat="43.546993" lon="86.256426"><ele>2528</ele></trkpt>
      <trkpt lat="43.546729" lon="86.256642"><ele>2526</ele></trkpt>
      <trkpt lat="43.546777" lon="86.256623"><ele>2525</ele></trkpt>
      <trkpt lat="43.546783" lon="86.256683"><ele>2519</ele></trkpt>
      <trkpt lat="43.546668" lon="86.25689"><ele>2516</ele></trkpt>
      <trkpt lat="43.546553" lon="86.257254"><ele>2515</ele></trkpt>
      <trkpt lat="43.546296" lon="86.257458"><ele>2511</ele></trkpt>
      <trkpt lat="43.546223" lon="86.257543"><ele>2510</ele></trkpt>
      <trkpt lat="43.546237" lon="86.257598"><ele>2511</ele></trkpt>
      <trkpt lat="43.546152" lon="86.25766"><ele>2511</ele></trkpt>
      <trkpt lat="43.546082" lon="86.257835"><ele>2511</ele></trkpt>
      <trkpt lat="43.545942" lon="86.257921"><ele>2510</ele></trkpt>
      <trkpt lat="43.545852" lon="86.258087"><ele>2508</ele></trkpt>
      <trkpt lat="43.545904" lon="86.258054"><ele>2494</ele></trkpt>
      <trkpt lat="43.545859" lon="86.258049"><ele>2499</ele></trkpt>
      <trkpt lat="43.545832" lon="86.258163"><ele>2503</ele></trkpt>
      <trkpt lat="43.545716" lon="86.258314"><ele>2497</ele></trkpt>
      <trkpt lat="43.545661" lon="86.258572"><ele>2488</ele></trkpt>
      <trkpt lat="43.545482" lon="86.259036"><ele>2480</ele></trkpt>
      <trkpt lat="43.54532" lon="86.259272"><ele>2470</ele></trkpt>
      <trkpt lat="43.545045" lon="86.259871"><ele>2453</ele></trkpt>
      <trkpt lat="43.544936" lon="86.260375"><ele>2428</ele></trkpt>
      <trkpt lat="43.544988" lon="86.260468"><ele>2432</ele></trkpt>
      <trkpt lat="43.54482" lon="86.260565"><ele>2428</ele></trkpt>
      <trkpt lat="43.544628" lon="86.260865"><ele>2415</ele></trkpt>
      <trkpt lat="43.544639" lon="86.26125"><ele>2412</ele></trkpt>
      <trkpt lat="43.544575" lon="86.261568"><ele>2409</ele></trkpt>
      <trkpt lat="43.544631" lon="86.261771"><ele>2411</ele></trkpt>
      <trkpt lat="43.544566" lon="86.261947"><ele>2411</ele></trkpt>
      <trkpt lat="43.544556" lon="86.262231"><ele>2416</ele></trkpt>
      <trkpt lat="43.544403" lon="86.262575"><ele>2422</ele></trkpt>
      <trkpt lat="43.544451" lon="86.262775"><ele>2428</ele></trkpt>
      <trkpt lat="43.544433" lon="86.262939"><ele>2433</ele></trkpt>
      <trkpt lat="43.544459" lon="86.263069"><ele>2435</ele></trkpt>
      <trkpt lat="43.54432" lon="86.263317"><ele>2427</ele></trkpt>
      <trkpt lat="43.54431" lon="86.263437"><ele>2428</ele></trkpt>
      <trkpt lat="43.544175" lon="86.263617"><ele>2424</ele></trkpt>
      <trkpt lat="43.544157" lon="86.263796"><ele>2419</ele></trkpt>
      <trkpt lat="43.544099" lon="86.263917"><ele>2418</ele></trkpt>
      <trkpt lat="43.544012" lon="86.263998"><ele>2417</ele></trkpt>
      <trkpt lat="43.543725" lon="86.263936"><ele>2411</ele></trkpt>
      <trkpt lat="43.543591" lon="86.264018"><ele>2414</ele></trkpt>
      <trkpt lat="43.543457" lon="86.264214"><ele>2416</ele></trkpt>
      <trkpt lat="43.543105" lon="86.264373"><ele>2412</ele></trkpt>
      <trkpt lat="43.543059" lon="86.264488"><ele>2416</ele></trkpt>
      <trkpt lat="43.54295" lon="86.264583"><ele>2415</ele></trkpt>
      <trkpt lat="43.542913" lon="86.264723"><ele>2417</ele></trkpt>
      <trkpt lat="43.542835" lon="86.264827"><ele>2421</ele></trkpt>
      <trkpt lat="43.542879" lon="86.264857"><ele>2434</ele></trkpt>
      <trkpt lat="43.542869" lon="86.264921"><ele>2423</ele></trkpt>
      <trkpt lat="43.542861" lon="86.264846"><ele>2424</ele></trkpt>
      <trkpt lat="43.542823" lon="86.264824"><ele>2426</ele></trkpt>
      <trkpt lat="43.542861" lon="86.264825"><ele>2437</ele></trkpt>
      <trkpt lat="43.542832" lon="86.264872"><ele>2433</ele></trkpt>
      <trkpt lat="43.542853" lon="86.264797"><ele>2421</ele></trkpt>
      <trkpt lat="43.542773" lon="86.264956"><ele>2402</ele></trkpt>
      <trkpt lat="43.542665" lon="86.264951"><ele>2405</ele></trkpt>
      <trkpt lat="43.542542" lon="86.26501"><ele>2407</ele></trkpt>
      <trkpt lat="43.542482" lon="86.264916"><ele>2406</ele></trkpt>
      <trkpt lat="43.542212" lon="86.26485"><ele>2401</ele></trkpt>
      <trkpt lat="43.54207" lon="86.265228"><ele>2412</ele></trkpt>
      <trkpt lat="43.54196" lon="86.265379"><ele>2414</ele></trkpt>
      <trkpt lat="43.541808" lon="86.265576"><ele>2430</ele></trkpt>
      <trkpt lat="43.541593" lon="86.265699"><ele>2426</ele></trkpt>
      <trkpt lat="43.541506" lon="86.26566"><ele>2425</ele></trkpt>
      <trkpt lat="43.541297" lon="86.265411"><ele>2402</ele></trkpt>
      <trkpt lat="43.54119" lon="86.265178"><ele>2385</ele></trkpt>
      <trkpt lat="43.541008" lon="86.265078"><ele>2379</ele></trkpt>
      <trkpt lat="43.540886" lon="86.264883"><ele>2374</ele></trkpt>
      <trkpt lat="43.540635" lon="86.26472"><ele>2369</ele></trkpt>
      <trkpt lat="43.540183" lon="86.264138"><ele>2360</ele></trkpt>
      <trkpt lat="43.539943" lon="86.264197"><ele>2359</ele></trkpt>
      <trkpt lat="43.539778" lon="86.263847"><ele>2356</ele></trkpt>
      <trkpt lat="43.539677" lon="86.263747"><ele>2352</ele></trkpt>
      <trkpt lat="43.539532" lon="86.263782"><ele>2343</ele></trkpt>
      <trkpt lat="43.539539" lon="86.263846"><ele>2347</ele></trkpt>
      <trkpt lat="43.539662" lon="86.26394"><ele>2356</ele></trkpt>
      <trkpt lat="43.539649" lon="86.263997"><ele>2359</ele></trkpt>
      <trkpt lat="43.5395" lon="86.264019"><ele>2366</ele></trkpt>
      <trkpt lat="43.539594" lon="86.26425"><ele>2358</ele></trkpt>
      <trkpt lat="43.539573" lon="86.264189"><ele>2365</ele></trkpt>
      <trkpt lat="43.539602" lon="86.264236"><ele>2352</ele></trkpt>
      <trkpt lat="43.539599" lon="86.264172"><ele>2367</ele></trkpt>
      <trkpt lat="43.539223" lon="86.264056"><ele>2367</ele></trkpt>
      <trkpt lat="43.539095" lon="86.264147"><ele>2365</ele></trkpt>
      <trkpt lat="43.53895" lon="86.264332"><ele>2355</ele></trkpt>
      <trkpt lat="43.538709" lon="86.26436"><ele>2349</ele></trkpt>
      <trkpt lat="43.538454" lon="86.264201"><ele>2334</ele></trkpt>
      <trkpt lat="43.538168" lon="86.264145"><ele>2316</ele></trkpt>
      <trkpt lat="43.537895" lon="86.263903"><ele>2296</ele></trkpt>
      <trkpt lat="43.537695" lon="86.263877"><ele>2294</ele></trkpt>
      <trkpt lat="43.537547" lon="86.263713"><ele>2290</ele></trkpt>
      <trkpt lat="43.537408" lon="86.263773"><ele>2295</ele></trkpt>
      <trkpt lat="43.537377" lon="86.263724"><ele>2294</ele></trkpt>
      <trkpt lat="43.537326" lon="86.263811"><ele>2282</ele></trkpt>
      <trkpt lat="43.537254" lon="86.26374"><ele>2281</ele></trkpt>
      <trkpt lat="43.537168" lon="86.26379"><ele>2272</ele></trkpt>
      <trkpt lat="43.537111" lon="86.263619"><ele>2268</ele></trkpt>
      <trkpt lat="43.53707" lon="86.26359"><ele>2268</ele></trkpt>
      <trkpt lat="43.536815" lon="86.263626"><ele>2254</ele></trkpt>
      <trkpt lat="43.536538" lon="86.263777"><ele>2250</ele></trkpt>
      <trkpt lat="43.536351" lon="86.263741"><ele>2250</ele></trkpt>
      <trkpt lat="43.536159" lon="86.263815"><ele>2254</ele></trkpt>
      <trkpt lat="43.53609" lon="86.263899"><ele>2256</ele></trkpt>
      <trkpt lat="43.535819" lon="86.263958"><ele>2266</ele></trkpt>
      <trkpt lat="43.535768" lon="86.264151"><ele>2275</ele></trkpt>
      <trkpt lat="43.535484" lon="86.264241"><ele>2295</ele></trkpt>
      <trkpt lat="43.535614" lon="86.264502"><ele>2305</ele></trkpt>
      <trkpt lat="43.535663" lon="86.264544"><ele>2305</ele></trkpt>
      <trkpt lat="43.535731" lon="86.264529"><ele>2304</ele></trkpt>
      <trkpt lat="43.535759" lon="86.264467"><ele>2302</ele></trkpt>
      <trkpt lat="43.535735" lon="86.264368"><ele>2299</ele></trkpt>
      <trkpt lat="43.535489" lon="86.264394"><ele>2297</ele></trkpt>
      <trkpt lat="43.535459" lon="86.264497"><ele>2299</ele></trkpt>
      <trkpt lat="43.535466" lon="86.264647"><ele>2306</ele></trkpt>
      <trkpt lat="43.535464" lon="86.264518"><ele>2296</ele></trkpt>
      <trkpt lat="43.535333" lon="86.264538"><ele>2297</ele></trkpt>
      <trkpt lat="43.535204" lon="86.264494"><ele>2296</ele></trkpt>
      <trkpt lat="43.535126" lon="86.26439"><ele>2291</ele></trkpt>
      <trkpt lat="43.535096" lon="86.264281"><ele>2290</ele></trkpt>
      <trkpt lat="43.53511" lon="86.264221"><ele>2288</ele></trkpt>
      <trkpt lat="43.535076" lon="86.264179"><ele>2293</ele></trkpt>
      <trkpt lat="43.535113" lon="86.264151"><ele>2293</ele></trkpt>
      <trkpt lat="43.53501" lon="86.264118"><ele>2299</ele></trkpt>
      <trkpt lat="43.535049" lon="86.264102"><ele>2298</ele></trkpt>
      <trkpt lat="43.534966" lon="86.264134"><ele>2304</ele></trkpt>
      <trkpt lat="43.534988" lon="86.264078"><ele>2304</ele></trkpt>
      <trkpt lat="43.534899" lon="86.264148"><ele>2316</ele></trkpt>
      <trkpt lat="43.534944" lon="86.264121"><ele>2314</ele></trkpt>
      <trkpt lat="43.534859" lon="86.264061"><ele>2306</ele></trkpt>
      <trkpt lat="43.534888" lon="86.264013"><ele>2304</ele></trkpt>
      <trkpt lat="43.534834" lon="86.263918"><ele>2312</ele></trkpt>
      <trkpt lat="43.534864" lon="86.26387"><ele>2315</ele></trkpt>
      <trkpt lat="43.534726" lon="86.263839"><ele>2325</ele></trkpt>
      <trkpt lat="43.534685" lon="86.263727"><ele>2336</ele></trkpt>
      <trkpt lat="43.534595" lon="86.263687"><ele>2343</ele></trkpt>
      <trkpt lat="43.534629" lon="86.263502"><ele>2346</ele></trkpt>
      <trkpt lat="43.534536" lon="86.26336"><ele>2352</ele></trkpt>
      <trkpt lat="43.534523" lon="86.263237"><ele>2338</ele></trkpt>
      <trkpt lat="43.534596" lon="86.262989"><ele>2325</ele></trkpt>
      <trkpt lat="43.534582" lon="86.262859"><ele>2326</ele></trkpt>
      <trkpt lat="43.53466" lon="86.262555"><ele>2321</ele></trkpt>
      <trkpt lat="43.534675" lon="86.262145"><ele>2319</ele></trkpt>
      <trkpt lat="43.53477" lon="86.261701"><ele>2310</ele></trkpt>
      <trkpt lat="43.534566" lon="86.261173"><ele>2290</ele></trkpt>
      <trkpt lat="43.534137" lon="86.260859"><ele>2296</ele></trkpt>
      <trkpt lat="43.534091" lon="86.260757"><ele>2284</ele></trkpt>
      <trkpt lat="43.53374" lon="86.260722"><ele>2277</ele></trkpt>
      <trkpt lat="43.533444" lon="86.260423"><ele>2273</ele></trkpt>
      <trkpt lat="43.533413" lon="86.260473"><ele>2271</ele></trkpt>
      <trkpt lat="43.53337" lon="86.260462"><ele>2268</ele></trkpt>
      <trkpt lat="43.533341" lon="86.26035"><ele>2258</ele></trkpt>
      <trkpt lat="43.533419" lon="86.260117"><ele>2249</ele></trkpt>
      <trkpt lat="43.533418" lon="86.259929"><ele>2242</ele></trkpt>
      <trkpt lat="43.533458" lon="86.259748"><ele>2233</ele></trkpt>
      <trkpt lat="43.533452" lon="86.25969"><ele>2231</ele></trkpt>
      <trkpt lat="43.533363" lon="86.25968"><ele>2223</ele></trkpt>
      <trkpt lat="43.53327" lon="86.259465"><ele>2217</ele></trkpt>
      <trkpt lat="43.533114" lon="86.259576"><ele>2203</ele></trkpt>
      <trkpt lat="43.533073" lon="86.259543"><ele>2202</ele></trkpt>
      <trkpt lat="43.533067" lon="86.259352"><ele>2197</ele></trkpt>
      <trkpt lat="43.532986" lon="86.259289"><ele>2191</ele></trkpt>
      <trkpt lat="43.532958" lon="86.259166"><ele>2187</ele></trkpt>
      <trkpt lat="43.532918" lon="86.259132"><ele>2185</ele></trkpt>
      <trkpt lat="43.532835" lon="86.259073"><ele>2183</ele></trkpt>
      <trkpt lat="43.532722" lon="86.259167"><ele>2189</ele></trkpt>
      <trkpt lat="43.53258" lon="86.259146"><ele>2190</ele></trkpt>
      <trkpt lat="43.532523" lon="86.259062"><ele>2188</ele></trkpt>
      <trkpt lat="43.532334" lon="86.259016"><ele>2188</ele></trkpt>
      <trkpt lat="43.532247" lon="86.258948"><ele>2186</ele></trkpt>
      <trkpt lat="43.532103" lon="86.258611"><ele>2196</ele></trkpt>
      <trkpt lat="43.532076" lon="86.25834"><ele>2194</ele></trkpt>
      <trkpt lat="43.531996" lon="86.25816"><ele>2191</ele></trkpt>
      <trkpt lat="43.532058" lon="86.257698"><ele>2201</ele></trkpt>
      <trkpt lat="43.53203" lon="86.257488"><ele>2199</ele></trkpt>
      <trkpt lat="43.531776" lon="86.256905"><ele>2191</ele></trkpt>
      <trkpt lat="43.531619" lon="86.256647"><ele>2192</ele></trkpt>
      <trkpt lat="43.531527" lon="86.256575"><ele>2188</ele></trkpt>
      <trkpt lat="43.531483" lon="86.256398"><ele>2185</ele></trkpt>
      <trkpt lat="43.531144" lon="86.256152"><ele>2191</ele></trkpt>
      <trkpt lat="43.531152" lon="86.255957"><ele>2191</ele></trkpt>
      <trkpt lat="43.531007" lon="86.255782"><ele>2188</ele></trkpt>
      <trkpt lat="43.530727" lon="86.255635"><ele>2193</ele></trkpt>
      <trkpt lat="43.530585" lon="86.255386"><ele>2189</ele></trkpt>
      <trkpt lat="43.530484" lon="86.255355"><ele>2189</ele></trkpt>
      <trkpt lat="43.530464" lon="86.255089"><ele>2200</ele></trkpt>
      <trkpt lat="43.530379" lon="86.255062"><ele>2217</ele></trkpt>
      <trkpt lat="43.530276" lon="86.254904"><ele>2218</ele></trkpt>
      <trkpt lat="43.530088" lon="86.254802"><ele>2205</ele></trkpt>
      <trkpt lat="43.530063" lon="86.254684"><ele>2195</ele></trkpt>
      <trkpt lat="43.529981" lon="86.254602"><ele>2193</ele></trkpt>
      <trkpt lat="43.529842" lon="86.254554"><ele>2198</ele></trkpt>
      <trkpt lat="43.52965" lon="86.254235"><ele>2214</ele></trkpt>
      <trkpt lat="43.52956" lon="86.254235"><ele>2215</ele></trkpt>
      <trkpt lat="43.529513" lon="86.254074"><ele>2212</ele></trkpt>
      <trkpt lat="43.52937" lon="86.254073"><ele>2209</ele></trkpt>
      <trkpt lat="43.529213" lon="86.253882"><ele>2213</ele></trkpt>
      <trkpt lat="43.529004" lon="86.253751"><ele>2206</ele></trkpt>
      <trkpt lat="43.52898" lon="86.253504"><ele>2203</ele></trkpt>
      <trkpt lat="43.528529" lon="86.253417"><ele>2203</ele></trkpt>
      <trkpt lat="43.528415" lon="86.253217"><ele>2196</ele></trkpt>
      <trkpt lat="43.528276" lon="86.253106"><ele>2190</ele></trkpt>
      <trkpt lat="43.528212" lon="86.253001"><ele>2187</ele></trkpt>
      <trkpt lat="43.528118" lon="86.252987"><ele>2188</ele></trkpt>
      <trkpt lat="43.528109" lon="86.252921"><ele>2195</ele></trkpt>
      <trkpt lat="43.528064" lon="86.252887"><ele>2197</ele></trkpt>
      <trkpt lat="43.528049" lon="86.252757"><ele>2204</ele></trkpt>
      <trkpt lat="43.528" lon="86.252736"><ele>2201</ele></trkpt>
      <trkpt lat="43.527971" lon="86.252613"><ele>2197</ele></trkpt>
      <trkpt lat="43.527897" lon="86.252536"><ele>2193</ele></trkpt>
      <trkpt lat="43.527866" lon="86.252279"><ele>2195</ele></trkpt>
      <trkpt lat="43.527782" lon="86.252032"><ele>2208</ele></trkpt>
      <trkpt lat="43.527782" lon="86.251903"><ele>2212</ele></trkpt>
      <trkpt lat="43.527693" lon="86.251725"><ele>2216</ele></trkpt>
      <trkpt lat="43.527316" lon="86.251477"><ele>2224</ele></trkpt>
      <trkpt lat="43.527007" lon="86.251465"><ele>2210</ele></trkpt>
      <trkpt lat="43.52696" lon="86.251353"><ele>2203</ele></trkpt>
      <trkpt lat="43.526852" lon="86.25125"><ele>2205</ele></trkpt>
      <trkpt lat="43.526879" lon="86.251283"><ele>2210</ele></trkpt>
      <trkpt lat="43.526844" lon="86.251326"><ele>2208</ele></trkpt>
      <trkpt lat="43.526751" lon="86.251367"><ele>2209</ele></trkpt>
      <trkpt lat="43.526579" lon="86.250957"><ele>2222</ele></trkpt>
      <trkpt lat="43.526563" lon="86.250814"><ele>2224</ele></trkpt>
      <trkpt lat="43.526627" lon="86.250706"><ele>2228</ele></trkpt>
      <trkpt lat="43.526639" lon="86.250583"><ele>2233</ele></trkpt>
      <trkpt lat="43.526456" lon="86.250288"><ele>2235</ele></trkpt>
      <trkpt lat="43.526581" lon="86.249966"><ele>2237</ele></trkpt>
      <trkpt lat="43.526604" lon="86.24976"><ele>2239</ele></trkpt>
      <trkpt lat="43.526572" lon="86.249436"><ele>2236</ele></trkpt>
      <trkpt lat="43.52654" lon="86.24924"><ele>2234</ele></trkpt>
      <trkpt lat="43.52646" lon="86.249173"><ele>2234</ele></trkpt>
      <trkpt lat="43.526409" lon="86.249064"><ele>2232</ele></trkpt>
      <trkpt lat="43.526427" lon="86.249006"><ele>2234</ele></trkpt>
      <trkpt lat="43.526392" lon="86.248823"><ele>2232</ele></trkpt>
      <trkpt lat="43.526166" lon="86.248298"><ele>2234</ele></trkpt>
      <trkpt lat="43.526132" lon="86.248047"><ele>2233</ele></trkpt>
      <trkpt lat="43.526172" lon="86.247922"><ele>2234</ele></trkpt>
      <trkpt lat="43.526161" lon="86.24779"><ele>2234</ele></trkpt>
      <trkpt lat="43.526075" lon="86.247571"><ele>2236</ele></trkpt>
      <trkpt lat="43.526047" lon="86.24738"><ele>2233</ele></trkpt>
      <trkpt lat="43.526085" lon="86.247197"><ele>2232</ele></trkpt>
      <trkpt lat="43.526064" lon="86.247066"><ele>2231</ele></trkpt>
      <trkpt lat="43.525993" lon="86.246907"><ele>2231</ele></trkpt>
      <trkpt lat="43.525909" lon="86.246858"><ele>2227</ele></trkpt>
      <trkpt lat="43.525851" lon="86.246883"><ele>2230</ele></trkpt>
      <trkpt lat="43.525828" lon="86.246829"><ele>2232</ele></trkpt>
      <trkpt lat="43.525885" lon="86.246716"><ele>2234</ele></trkpt>
      <trkpt lat="43.525736" lon="86.246475"><ele>2231</ele></trkpt>
      <trkpt lat="43.525627" lon="86.246349"><ele>2231</ele></trkpt>
      <trkpt lat="43.525549" lon="86.24633"><ele>2235</ele></trkpt>
      <trkpt lat="43.525462" lon="86.246175"><ele>2237</ele></trkpt>
      <trkpt lat="43.525312" lon="86.246167"><ele>2238</ele></trkpt>
      <trkpt lat="43.525123" lon="86.245856"><ele>2236</ele></trkpt>
      <trkpt lat="43.524945" lon="86.245645"><ele>2240</ele></trkpt>
      <trkpt lat="43.524972" lon="86.245522"><ele>2242</ele></trkpt>
      <trkpt lat="43.524856" lon="86.24524"><ele>2244</ele></trkpt>
      <trkpt lat="43.524827" lon="86.245006"><ele>2244</ele></trkpt>
      <trkpt lat="43.524725" lon="86.244874"><ele>2243</ele></trkpt>
      <trkpt lat="43.524723" lon="86.244749"><ele>2245</ele></trkpt>
      <trkpt lat="43.524614" lon="86.244639"><ele>2248</ele></trkpt>
      <trkpt lat="43.524526" lon="86.24465"><ele>2247</ele></trkpt>
      <trkpt lat="43.524359" lon="86.244557"><ele>2250</ele></trkpt>
      <trkpt lat="43.52422" lon="86.244299"><ele>2250</ele></trkpt>
      <trkpt lat="43.524196" lon="86.244037"><ele>2251</ele></trkpt>
      <trkpt lat="43.524225" lon="86.243778"><ele>2251</ele></trkpt>
      <trkpt lat="43.524127" lon="86.243472"><ele>2253</ele></trkpt>
      <trkpt lat="43.524082" lon="86.243122"><ele>2258</ele></trkpt>
      <trkpt lat="43.524041" lon="86.243003"><ele>2257</ele></trkpt>
      <trkpt lat="43.523972" lon="86.242932"><ele>2256</ele></trkpt>
      <trkpt lat="43.52395" lon="86.242745"><ele>2255</ele></trkpt>
      <trkpt lat="43.523977" lon="86.242539"><ele>2255</ele></trkpt>
      <trkpt lat="43.523908" lon="86.242203"><ele>2257</ele></trkpt>
      <trkpt lat="43.523743" lon="86.241937"><ele>2256</ele></trkpt>
      <trkpt lat="43.523777" lon="86.24175"><ele>2258</ele></trkpt>
      <trkpt lat="43.523589" lon="86.241394"><ele>2257</ele></trkpt>
      <trkpt lat="43.523584" lon="86.241265"><ele>2258</ele></trkpt>
      <trkpt lat="43.523475" lon="86.241115"><ele>2261</ele></trkpt>
      <trkpt lat="43.523522" lon="86.241015"><ele>2260</ele></trkpt>
      <trkpt lat="43.523557" lon="86.240751"><ele>2261</ele></trkpt>
      <trkpt lat="43.523508" lon="86.24064"><ele>2262</ele></trkpt>
      <trkpt lat="43.523572" lon="86.240398"><ele>2263</ele></trkpt>
      <trkpt lat="43.52353" lon="86.240288"><ele>2264</ele></trkpt>
      <trkpt lat="43.523531" lon="86.240088"><ele>2264</ele></trkpt>
      <trkpt lat="43.523636" lon="86.239703"><ele>2267</ele></trkpt>
      <trkpt lat="43.523626" lon="86.239513"><ele>2266</ele></trkpt>
      <trkpt lat="43.523722" lon="86.238794"><ele>2269</ele></trkpt>
      <trkpt lat="43.523681" lon="86.23867"><ele>2270</ele></trkpt>
      <trkpt lat="43.523716" lon="86.238418"><ele>2272</ele></trkpt>
      <trkpt lat="43.523655" lon="86.238021"><ele>2275</ele></trkpt>
      <trkpt lat="43.523846" lon="86.237628"><ele>2274</ele></trkpt>
      <trkpt lat="43.523853" lon="86.237256"><ele>2275</ele></trkpt>
      <trkpt lat="43.523814" lon="86.237072"><ele>2275</ele></trkpt>
      <trkpt lat="43.523892" lon="86.236909"><ele>2276</ele></trkpt>
      <trkpt lat="43.523894" lon="86.236795"><ele>2274</ele></trkpt>
      <trkpt lat="43.523931" lon="86.236758"><ele>2275</ele></trkpt>
      <trkpt lat="43.523915" lon="86.23657"><ele>2275</ele></trkpt>
      <trkpt lat="43.523939" lon="86.236507"><ele>2277</ele></trkpt>
      <trkpt lat="43.523853" lon="86.236472"><ele>2280</ele></trkpt>
      <trkpt lat="43.523838" lon="86.236349"><ele>2277</ele></trkpt>
      <trkpt lat="43.52375" lon="86.236309"><ele>2282</ele></trkpt>
      <trkpt lat="43.523695" lon="86.236209"><ele>2280</ele></trkpt>
      <trkpt lat="43.523698" lon="86.236069"><ele>2279</ele></trkpt>
      <trkpt lat="43.523647" lon="86.235835"><ele>2280</ele></trkpt>
      <trkpt lat="43.523668" lon="86.235581"><ele>2280</ele></trkpt>
      <trkpt lat="43.52348" lon="86.23525"><ele>2281</ele></trkpt>
      <trkpt lat="43.523531" lon="86.23508"><ele>2279</ele></trkpt>
      <trkpt lat="43.523528" lon="86.23469"><ele>2279</ele></trkpt>
      <trkpt lat="43.523502" lon="86.234614"><ele>2280</ele></trkpt>
      <trkpt lat="43.523527" lon="86.234338"><ele>2283</ele></trkpt>
      <trkpt lat="43.523434" lon="86.234112"><ele>2284</ele></trkpt>
      <trkpt lat="43.523425" lon="86.233984"><ele>2283</ele></trkpt>
      <trkpt lat="43.523521" lon="86.233839"><ele>2288</ele></trkpt>
      <trkpt lat="43.523513" lon="86.233721"><ele>2286</ele></trkpt>
      <trkpt lat="43.523556" lon="86.233527"><ele>2277</ele></trkpt>
      <trkpt lat="43.523382" lon="86.233144"><ele>2278</ele></trkpt>
      <trkpt lat="43.523417" lon="86.233031"><ele>2278</ele></trkpt>
      <trkpt lat="43.523393" lon="86.232981"><ele>2278</ele></trkpt>
      <trkpt lat="43.523405" lon="86.232873"><ele>2277</ele></trkpt>
      <trkpt lat="43.5232" lon="86.232676"><ele>2276</ele></trkpt>
      <trkpt lat="43.523194" lon="86.232482"><ele>2277</ele></trkpt>
      <trkpt lat="43.523045" lon="86.232318"><ele>2281</ele></trkpt>
      <trkpt lat="43.523037" lon="86.232255"><ele>2281</ele></trkpt>
      <trkpt lat="43.522861" lon="86.232009"><ele>2281</ele></trkpt>
      <trkpt lat="43.522821" lon="86.231762"><ele>2286</ele></trkpt>
      <trkpt lat="43.522728" lon="86.23159"><ele>2284</ele></trkpt>
      <trkpt lat="43.522727" lon="86.231307"><ele>2284</ele></trkpt>
      <trkpt lat="43.522532" lon="86.230604"><ele>2288</ele></trkpt>
      <trkpt lat="43.522464" lon="86.230197"><ele>2285</ele></trkpt>
      <trkpt lat="43.522381" lon="86.23003"><ele>2288</ele></trkpt>
      <trkpt lat="43.522256" lon="86.229911"><ele>2288</ele></trkpt>
      <trkpt lat="43.522162" lon="86.229893"><ele>2292</ele></trkpt>
      <trkpt lat="43.521931" lon="86.230021"><ele>2297</ele></trkpt>
      <trkpt lat="43.52174" lon="86.230035"><ele>2290</ele></trkpt>
      <trkpt lat="43.521639" lon="86.229999"><ele>2287</ele></trkpt>
      <trkpt lat="43.521577" lon="86.229911"><ele>2287</ele></trkpt>
      <trkpt lat="43.521436" lon="86.229938"><ele>2288</ele></trkpt>
      <trkpt lat="43.521375" lon="86.229848"><ele>2285</ele></trkpt>
      <trkpt lat="43.52107" lon="86.229729"><ele>2282</ele></trkpt>
      <trkpt lat="43.520979" lon="86.229493"><ele>2280</ele></trkpt>
      <trkpt lat="43.52096" lon="86.229138"><ele>2287</ele></trkpt>
      <trkpt lat="43.520876" lon="86.228889"><ele>2289</ele></trkpt>
      <trkpt lat="43.5208" lon="86.228499"><ele>2288</ele></trkpt>
      <trkpt lat="43.520676" lon="86.22815"><ele>2287</ele></trkpt>
      <trkpt lat="43.520709" lon="86.228032"><ele>2285</ele></trkpt>
      <trkpt lat="43.520637" lon="86.227932"><ele>2286</ele></trkpt>
      <trkpt lat="43.520364" lon="86.227803"><ele>2294</ele></trkpt>
      <trkpt lat="43.520355" lon="86.227743"><ele>2293</ele></trkpt>
      <trkpt lat="43.520277" lon="86.227682"><ele>2304</ele></trkpt>
      <trkpt lat="43.519725" lon="86.227495"><ele>2296</ele></trkpt>
      <trkpt lat="43.51961" lon="86.227351"><ele>2298</ele></trkpt>
      <trkpt lat="43.519515" lon="86.227363"><ele>2300</ele></trkpt>
      <trkpt lat="43.51954" lon="86.227416"><ele>2316</ele></trkpt>
      <trkpt lat="43.519575" lon="86.227366"><ele>2304</ele></trkpt>
      <trkpt lat="43.519541" lon="86.227321"><ele>2296</ele></trkpt>
      <trkpt lat="43.519454" lon="86.227321"><ele>2295</ele></trkpt>
      <trkpt lat="43.519234" lon="86.227515"><ele>2288</ele></trkpt>
      <trkpt lat="43.519061" lon="86.227572"><ele>2288</ele></trkpt>
      <trkpt lat="43.519002" lon="86.227549"><ele>2288</ele></trkpt>
      <trkpt lat="43.518888" lon="86.227399"><ele>2291</ele></trkpt>
      <trkpt lat="43.518693" lon="86.227381"><ele>2284</ele></trkpt>
      <trkpt lat="43.518641" lon="86.227232"><ele>2284</ele></trkpt>
      <trkpt lat="43.518664" lon="86.226986"><ele>2287</ele></trkpt>
      <trkpt lat="43.518604" lon="86.22692"><ele>2293</ele></trkpt>
      <trkpt lat="43.518517" lon="86.226864"><ele>2291</ele></trkpt>
      <trkpt lat="43.518359" lon="86.226946"><ele>2289</ele></trkpt>
      <trkpt lat="43.518297" lon="86.226925"><ele>2288</ele></trkpt>
      <trkpt lat="43.518196" lon="86.22678"><ele>2288</ele></trkpt>
      <trkpt lat="43.518146" lon="86.226532"><ele>2288</ele></trkpt>
      <trkpt lat="43.518127" lon="86.226609"><ele>2287</ele></trkpt>
      <trkpt lat="43.518011" lon="86.226711"><ele>2285</ele></trkpt>
      <trkpt lat="43.517938" lon="86.22664"><ele>2283</ele></trkpt>
      <trkpt lat="43.517926" lon="86.226546"><ele>2283</ele></trkpt>
      <trkpt lat="43.517981" lon="86.226383"><ele>2287</ele></trkpt>
      <trkpt lat="43.517887" lon="86.226425"><ele>2291</ele></trkpt>
      <trkpt lat="43.517831" lon="86.226343"><ele>2289</ele></trkpt>
      <trkpt lat="43.517861" lon="86.226103"><ele>2290</ele></trkpt>
      <trkpt lat="43.517848" lon="86.226033"><ele>2288</ele></trkpt>
      <trkpt lat="43.517767" lon="86.226052"><ele>2289</ele></trkpt>
      <trkpt lat="43.517765" lon="86.225975"><ele>2290</ele></trkpt>
      <trkpt lat="43.517823" lon="86.225836"><ele>2288</ele></trkpt>
      <trkpt lat="43.517759" lon="86.225761"><ele>2287</ele></trkpt>
      <trkpt lat="43.517723" lon="86.225577"><ele>2292</ele></trkpt>
      <trkpt lat="43.517464" lon="86.225658"><ele>2296</ele></trkpt>
      <trkpt lat="43.517226" lon="86.225896"><ele>2293</ele></trkpt>
      <trkpt lat="43.517114" lon="86.225824"><ele>2291</ele></trkpt>
      <trkpt lat="43.516805" lon="86.225794"><ele>2294</ele></trkpt>
      <trkpt lat="43.51683" lon="86.225667"><ele>2291</ele></trkpt>
      <trkpt lat="43.516798" lon="86.225716"><ele>2288</ele></trkpt>
      <trkpt lat="43.516658" lon="86.225693"><ele>2285</ele></trkpt>
      <trkpt lat="43.516599" lon="86.225439"><ele>2290</ele></trkpt>
      <trkpt lat="43.516656" lon="86.225256"><ele>2289</ele></trkpt>
      <trkpt lat="43.516624" lon="86.225191"><ele>2291</ele></trkpt>
      <trkpt lat="43.516527" lon="86.225159"><ele>2295</ele></trkpt>
      <trkpt lat="43.516491" lon="86.225102"><ele>2296</ele></trkpt>
      <trkpt lat="43.516505" lon="86.224925"><ele>2297</ele></trkpt>
      <trkpt lat="43.51635" lon="86.224747"><ele>2304</ele></trkpt>
      <trkpt lat="43.516362" lon="86.224596"><ele>2301</ele></trkpt>
      <trkpt lat="43.516243" lon="86.223985"><ele>2309</ele></trkpt>
      <trkpt lat="43.516062" lon="86.223892"><ele>2309</ele></trkpt>
      <trkpt lat="43.515663" lon="86.223923"><ele>2309</ele></trkpt>
      <trkpt lat="43.515426" lon="86.223824"><ele>2312</ele></trkpt>
      <trkpt lat="43.515341" lon="86.223852"><ele>2313</ele></trkpt>
      <trkpt lat="43.51493" lon="86.223709"><ele>2332</ele></trkpt>
      <trkpt lat="43.514864" lon="86.223773"><ele>2340</ele></trkpt>
      <trkpt lat="43.514827" lon="86.223736"><ele>2343</ele></trkpt>
      <trkpt lat="43.514797" lon="86.223457"><ele>2354</ele></trkpt>
      <trkpt lat="43.514671" lon="86.22332"><ele>2358</ele></trkpt>
      <trkpt lat="43.514721" lon="86.223238"><ele>2328</ele></trkpt>
      <trkpt lat="43.514692" lon="86.222959"><ele>2326</ele></trkpt>
      <trkpt lat="43.514728" lon="86.222902"><ele>2326</ele></trkpt>
      <trkpt lat="43.514748" lon="86.222669"><ele>2318</ele></trkpt>
      <trkpt lat="43.514699" lon="86.222566"><ele>2326</ele></trkpt>
      <trkpt lat="43.514747" lon="86.222444"><ele>2327</ele></trkpt>
      <trkpt lat="43.514702" lon="86.222276"><ele>2330</ele></trkpt>
      <trkpt lat="43.514592" lon="86.222171"><ele>2340</ele></trkpt>
      <trkpt lat="43.514455" lon="86.222142"><ele>2342</ele></trkpt>
      <trkpt lat="43.514453" lon="86.222079"><ele>2345</ele></trkpt>
      <trkpt lat="43.514369" lon="86.222092"><ele>2351</ele></trkpt>
      <trkpt lat="43.514304" lon="86.222"><ele>2349</ele></trkpt>
      <trkpt lat="43.51426" lon="86.222023"><ele>2355</ele></trkpt>
      <trkpt lat="43.514127" lon="86.221963"><ele>2358</ele></trkpt>
      <trkpt lat="43.514061" lon="86.221872"><ele>2357</ele></trkpt>
      <trkpt lat="43.513885" lon="86.221791"><ele>2355</ele></trkpt>
      <trkpt lat="43.513922" lon="86.221668"><ele>2368</ele></trkpt>
      <trkpt lat="43.513898" lon="86.221538"><ele>2367</ele></trkpt>
      <trkpt lat="43.513921" lon="86.221486"><ele>2368</ele></trkpt>
      <trkpt lat="43.513899" lon="86.221432"><ele>2370</ele></trkpt>
      <trkpt lat="43.513849" lon="86.221426"><ele>2371</ele></trkpt>
      <trkpt lat="43.513749" lon="86.221116"><ele>2369</ele></trkpt>
      <trkpt lat="43.513307" lon="86.220685"><ele>2370</ele></trkpt>
      <trkpt lat="43.513141" lon="86.220792"><ele>2372</ele></trkpt>
      <trkpt lat="43.512915" lon="86.220672"><ele>2364</ele></trkpt>
      <trkpt lat="43.512735" lon="86.220704"><ele>2362</ele></trkpt>
      <trkpt lat="43.512597" lon="86.220783"><ele>2379</ele></trkpt>
      <trkpt lat="43.512574" lon="86.220725"><ele>2351</ele></trkpt>
      <trkpt lat="43.512432" lon="86.220686"><ele>2365</ele></trkpt>
      <trkpt lat="43.512144" lon="86.220708"><ele>2383</ele></trkpt>
      <trkpt lat="43.512106" lon="86.220668"><ele>2386</ele></trkpt>
      <trkpt lat="43.512059" lon="86.220509"><ele>2390</ele></trkpt>
      <trkpt lat="43.511758" lon="86.219948"><ele>2394</ele></trkpt>
      <trkpt lat="43.511666" lon="86.219633"><ele>2397</ele></trkpt>
      <trkpt lat="43.51166" lon="86.219504"><ele>2395</ele></trkpt>
      <trkpt lat="43.51157" lon="86.219337"><ele>2392</ele></trkpt>
      <trkpt lat="43.51134" lon="86.218523"><ele>2383</ele></trkpt>
      <trkpt lat="43.511039" lon="86.218051"><ele>2384</ele></trkpt>
      <trkpt lat="43.510984" lon="86.217869"><ele>2385</ele></trkpt>
      <trkpt lat="43.510943" lon="86.21787"><ele>2382</ele></trkpt>
      <trkpt lat="43.51089" lon="86.217766"><ele>2382</ele></trkpt>
      <trkpt lat="43.510838" lon="86.217872"><ele>2383</ele></trkpt>
      <trkpt lat="43.510702" lon="86.217785"><ele>2384</ele></trkpt>
      <trkpt lat="43.510486" lon="86.217517"><ele>2377</ele></trkpt>
      <trkpt lat="43.510189" lon="86.217448"><ele>2384</ele></trkpt>
      <trkpt lat="43.510114" lon="86.217354"><ele>2389</ele></trkpt>
      <trkpt lat="43.509971" lon="86.217321"><ele>2387</ele></trkpt>
      <trkpt lat="43.509892" lon="86.21715"><ele>2387</ele></trkpt>
      <trkpt lat="43.509782" lon="86.217026"><ele>2390</ele></trkpt>
      <trkpt lat="43.509653" lon="86.216714"><ele>2396</ele></trkpt>
      <trkpt lat="43.509422" lon="86.216491"><ele>2391</ele></trkpt>
      <trkpt lat="43.509235" lon="86.216413"><ele>2395</ele></trkpt>
      <trkpt lat="43.509189" lon="86.21629"><ele>2416</ele></trkpt>
      <trkpt lat="43.509156" lon="86.216246"><ele>2419</ele></trkpt>
      <trkpt lat="43.509099" lon="86.21625"><ele>2423</ele></trkpt>
      <trkpt lat="43.509048" lon="86.21614"><ele>2432</ele></trkpt>
      <trkpt lat="43.50901" lon="86.216181"><ele>2415</ele></trkpt>
      <trkpt lat="43.508896" lon="86.216099"><ele>2406</ele></trkpt>
      <trkpt lat="43.508926" lon="86.216077"><ele>2404</ele></trkpt>
      <trkpt lat="43.508907" lon="86.216117"><ele>2404</ele></trkpt>
      <trkpt lat="43.508756" lon="86.21598"><ele>2410</ele></trkpt>
      <trkpt lat="43.508602" lon="86.215633"><ele>2402</ele></trkpt>
      <trkpt lat="43.50842" lon="86.215516"><ele>2405</ele></trkpt>
      <trkpt lat="43.508362" lon="86.215338"><ele>2401</ele></trkpt>
      <trkpt lat="43.507903" lon="86.215252"><ele>2427</ele></trkpt>
      <trkpt lat="43.507604" lon="86.215354"><ele>2435</ele></trkpt>
      <trkpt lat="43.507515" lon="86.215216"><ele>2436</ele></trkpt>
      <trkpt lat="43.507412" lon="86.215207"><ele>2438</ele></trkpt>
      <trkpt lat="43.50715" lon="86.215079"><ele>2440</ele></trkpt>
      <trkpt lat="43.506925" lon="86.215215"><ele>2437</ele></trkpt>
      <trkpt lat="43.506773" lon="86.215369"><ele>2430</ele></trkpt>
      <trkpt lat="43.506706" lon="86.215263"><ele>2434</ele></trkpt>
      <trkpt lat="43.506586" lon="86.215175"><ele>2440</ele></trkpt>
      <trkpt lat="43.50657" lon="86.215038"><ele>2437</ele></trkpt>
      <trkpt lat="43.506529" lon="86.215155"><ele>2450</ele></trkpt>
      <trkpt lat="43.506479" lon="86.215177"><ele>2462</ele></trkpt>
      <trkpt lat="43.50634" lon="86.215138"><ele>2459</ele></trkpt>
      <trkpt lat="43.506278" lon="86.21505"><ele>2460</ele></trkpt>
      <trkpt lat="43.506115" lon="86.214958"><ele>2466</ele></trkpt>
      <trkpt lat="43.505933" lon="86.214947"><ele>2470</ele></trkpt>
      <trkpt lat="43.505765" lon="86.21523"><ele>2489</ele></trkpt>
      <trkpt lat="43.505716" lon="86.2152"><ele>2494</ele></trkpt>
      <trkpt lat="43.505709" lon="86.215136"><ele>2500</ele></trkpt>
      <trkpt lat="43.505624" lon="86.215137"><ele>2513</ele></trkpt>
      <trkpt lat="43.505631" lon="86.215074"><ele>2513</ele></trkpt>
      <trkpt lat="43.505625" lon="86.215116"><ele>2513</ele></trkpt>
      <trkpt lat="43.50568" lon="86.215076"><ele>2504</ele></trkpt>
      <trkpt lat="43.505634" lon="86.215053"><ele>2508</ele></trkpt>
      <trkpt lat="43.505438" lon="86.215125"><ele>2526</ele></trkpt>
      <trkpt lat="43.505362" lon="86.215015"><ele>2533</ele></trkpt>
      <trkpt lat="43.505271" lon="86.215017"><ele>2526</ele></trkpt>
      <trkpt lat="43.505137" lon="86.214545"><ele>2518</ele></trkpt>
      <trkpt lat="43.505142" lon="86.21412"><ele>2510</ele></trkpt>
      <trkpt lat="43.505008" lon="86.21405"><ele>2499</ele></trkpt>
      <trkpt lat="43.504929" lon="86.213806"><ele>2482</ele></trkpt>
      <trkpt lat="43.504819" lon="86.213785"><ele>2472</ele></trkpt>
      <trkpt lat="43.504657" lon="86.213643"><ele>2479</ele></trkpt>
      <trkpt lat="43.504741" lon="86.213486"><ele>2478</ele></trkpt>
      <trkpt lat="43.504735" lon="86.213412"><ele>2468</ele></trkpt>
      <trkpt lat="43.50457" lon="86.213281"><ele>2446</ele></trkpt>
      <trkpt lat="43.504513" lon="86.213334"><ele>2443</ele></trkpt>
      <trkpt lat="43.504508" lon="86.213208"><ele>2442</ele></trkpt>
      <trkpt lat="43.504318" lon="86.213161"><ele>2445</ele></trkpt>
      <trkpt lat="43.504203" lon="86.213054"><ele>2446</ele></trkpt>
      <trkpt lat="43.5041" lon="86.21305"><ele>2451</ele></trkpt>
      <trkpt lat="43.503606" lon="86.212726"><ele>2471</ele></trkpt>
      <trkpt lat="43.503476" lon="86.212763"><ele>2471</ele></trkpt>
      <trkpt lat="43.503375" lon="86.212617"><ele>2476</ele></trkpt>
      <trkpt lat="43.503249" lon="86.212518"><ele>2476</ele></trkpt>
      <trkpt lat="43.503222" lon="86.212401"><ele>2468</ele></trkpt>
      <trkpt lat="43.502941" lon="86.212429"><ele>2472</ele></trkpt>
      <trkpt lat="43.502862" lon="86.212359"><ele>2470</ele></trkpt>
      <trkpt lat="43.50276" lon="86.21235"><ele>2470</ele></trkpt>
      <trkpt lat="43.502699" lon="86.212293"><ele>2472</ele></trkpt>
      <trkpt lat="43.502636" lon="86.212109"><ele>2474</ele></trkpt>
      <trkpt lat="43.502498" lon="86.212087"><ele>2474</ele></trkpt>
      <trkpt lat="43.502337" lon="86.211965"><ele>2474</ele></trkpt>
      <trkpt lat="43.502331" lon="86.2119"><ele>2478</ele></trkpt>
      <trkpt lat="43.502239" lon="86.211878"><ele>2479</ele></trkpt>
      <trkpt lat="43.502154" lon="86.211793"><ele>2482</ele></trkpt>
      <trkpt lat="43.502138" lon="86.211727"><ele>2487</ele></trkpt>
      <trkpt lat="43.50207" lon="86.211756"><ele>2484</ele></trkpt>
      <trkpt lat="43.501982" lon="86.211699"><ele>2486</ele></trkpt>
      <trkpt lat="43.501834" lon="86.211508"><ele>2486</ele></trkpt>
      <trkpt lat="43.501744" lon="86.21152"><ele>2484</ele></trkpt>
      <trkpt lat="43.50166" lon="86.21159"><ele>2486</ele></trkpt>
      <trkpt lat="43.50161" lon="86.211597"><ele>2484</ele></trkpt>
      <trkpt lat="43.501492" lon="86.211515"><ele>2483</ele></trkpt>
      <trkpt lat="43.50141" lon="86.211573"><ele>2482</ele></trkpt>
      <trkpt lat="43.501345" lon="86.211546"><ele>2479</ele></trkpt>
      <trkpt lat="43.501125" lon="86.211302"><ele>2485</ele></trkpt>
      <trkpt lat="43.501039" lon="86.211348"><ele>2486</ele></trkpt>
      <trkpt lat="43.500952" lon="86.211206"><ele>2491</ele></trkpt>
      <trkpt lat="43.500872" lon="86.211158"><ele>2490</ele></trkpt>
      <trkpt lat="43.500688" lon="86.21093"><ele>2496</ele></trkpt>
      <trkpt lat="43.500607" lon="86.210779"><ele>2498</ele></trkpt>
      <trkpt lat="43.50061" lon="86.21066"><ele>2500</ele></trkpt>
      <trkpt lat="43.500423" lon="86.210336"><ele>2466</ele></trkpt>
      <trkpt lat="43.50039" lon="86.210147"><ele>2469</ele></trkpt>
      <trkpt lat="43.500221" lon="86.210007"><ele>2471</ele></trkpt>
      <trkpt lat="43.500114" lon="86.209774"><ele>2479</ele></trkpt>
      <trkpt lat="43.500078" lon="86.209741"><ele>2482</ele></trkpt>
      <trkpt lat="43.499838" lon="86.209761"><ele>2492</ele></trkpt>
      <trkpt lat="43.499759" lon="86.209677"><ele>2497</ele></trkpt>
      <trkpt lat="43.499728" lon="86.209571"><ele>2492</ele></trkpt>
      <trkpt lat="43.499545" lon="86.209361"><ele>2492</ele></trkpt>
      <trkpt lat="43.499204" lon="86.209249"><ele>2475</ele></trkpt>
      <trkpt lat="43.499031" lon="86.2091"><ele>2483</ele></trkpt>
      <trkpt lat="43.498891" lon="86.209147"><ele>2489</ele></trkpt>
      <trkpt lat="43.498798" lon="86.209098"><ele>2493</ele></trkpt>
      <trkpt lat="43.498765" lon="86.209144"><ele>2498</ele></trkpt>
      <trkpt lat="43.498524" lon="86.209104"><ele>2494</ele></trkpt>
      <trkpt lat="43.49827" lon="86.209394"><ele>2493</ele></trkpt>
      <trkpt lat="43.498032" lon="86.209476"><ele>2491</ele></trkpt>
      <trkpt lat="43.497855" lon="86.209363"><ele>2497</ele></trkpt>
      <trkpt lat="43.497762" lon="86.209216"><ele>2497</ele></trkpt>
      <trkpt lat="43.497681" lon="86.208959"><ele>2507</ele></trkpt>
      <trkpt lat="43.497716" lon="86.208847"><ele>2503</ele></trkpt>
      <trkpt lat="43.497565" lon="86.208669"><ele>2503</ele></trkpt>
      <trkpt lat="43.497494" lon="86.208497"><ele>2494</ele></trkpt>
      <trkpt lat="43.497501" lon="86.208629"><ele>2495</ele></trkpt>
      <trkpt lat="43.497379" lon="86.208667"><ele>2496</ele></trkpt>
      <trkpt lat="43.497352" lon="86.208454"><ele>2492</ele></trkpt>
      <trkpt lat="43.497125" lon="86.208446"><ele>2497</ele></trkpt>
      <trkpt lat="43.496792" lon="86.208065"><ele>2493</ele></trkpt>
      <trkpt lat="43.496535" lon="86.207906"><ele>2491</ele></trkpt>
      <trkpt lat="43.496355" lon="86.207837"><ele>2494</ele></trkpt>
      <trkpt lat="43.496208" lon="86.207855"><ele>2498</ele></trkpt>
      <trkpt lat="43.496021" lon="86.207741"><ele>2498</ele></trkpt>
      <trkpt lat="43.495917" lon="86.207614"><ele>2500</ele></trkpt>
      <trkpt lat="43.495909" lon="86.207498"><ele>2501</ele></trkpt>
      <trkpt lat="43.495646" lon="86.207248"><ele>2507</ele></trkpt>
      <trkpt lat="43.495547" lon="86.2072"><ele>2506</ele></trkpt>
      <trkpt lat="43.49534" lon="86.207188"><ele>2510</ele></trkpt>
      <trkpt lat="43.495235" lon="86.207063"><ele>2509</ele></trkpt>
      <trkpt lat="43.494978" lon="86.206959"><ele>2516</ele></trkpt>
      <trkpt lat="43.494722" lon="86.206758"><ele>2517</ele></trkpt>
      <trkpt lat="43.494477" lon="86.206695"><ele>2515</ele></trkpt>
      <trkpt lat="43.494099" lon="86.206524"><ele>2519</ele></trkpt>
      <trkpt lat="43.493915" lon="86.206392"><ele>2523</ele></trkpt>
      <trkpt lat="43.493307" lon="86.206175"><ele>2532</ele></trkpt>
      <trkpt lat="43.493132" lon="86.206029"><ele>2530</ele></trkpt>
      <trkpt lat="43.492727" lon="86.206042"><ele>2536</ele></trkpt>
      <trkpt lat="43.492298" lon="86.205646"><ele>2541</ele></trkpt>
      <trkpt lat="43.49225" lon="86.205536"><ele>2541</ele></trkpt>
      <trkpt lat="43.492038" lon="86.205282"><ele>2532</ele></trkpt>
      <trkpt lat="43.491788" lon="86.204757"><ele>2534</ele></trkpt>
      <trkpt lat="43.491517" lon="86.204348"><ele>2534</ele></trkpt>
      <trkpt lat="43.491408" lon="86.204096"><ele>2536</ele></trkpt>
      <trkpt lat="43.491269" lon="86.204034"><ele>2537</ele></trkpt>
      <trkpt lat="43.491112" lon="86.203766"><ele>2537</ele></trkpt>
      <trkpt lat="43.491066" lon="86.203785"><ele>2540</ele></trkpt>
      <trkpt lat="43.491054" lon="86.203723"><ele>2539</ele></trkpt>
      <trkpt lat="43.491079" lon="86.203671"><ele>2541</ele></trkpt>
      <trkpt lat="43.49112" lon="86.203706"><ele>2547</ele></trkpt>
      <trkpt lat="43.491083" lon="86.203668"><ele>2549</ele></trkpt>
      <trkpt lat="43.491062" lon="86.203726"><ele>2544</ele></trkpt>
      <trkpt lat="43.491105" lon="86.203664"><ele>2538</ele></trkpt>
      <trkpt lat="43.490843" lon="86.203872"><ele>2512</ele></trkpt>
      <trkpt lat="43.490746" lon="86.204022"><ele>2525</ele></trkpt>
      <trkpt lat="43.490712" lon="86.203961"><ele>2518</ele></trkpt>
      <trkpt lat="43.490654" lon="86.204217"><ele>2523</ele></trkpt>
      <trkpt lat="43.490504" lon="86.204362"><ele>2524</ele></trkpt>
      <trkpt lat="43.490455" lon="86.204481"><ele>2525</ele></trkpt>
      <trkpt lat="43.490474" lon="86.204597"><ele>2534</ele></trkpt>
      <trkpt lat="43.490371" lon="86.204726"><ele>2537</ele></trkpt>
      <trkpt lat="43.490346" lon="86.20485"><ele>2540</ele></trkpt>
      <trkpt lat="43.490244" lon="86.204888"><ele>2540</ele></trkpt>
      <trkpt lat="43.490136" lon="86.205009"><ele>2543</ele></trkpt>
      <trkpt lat="43.490114" lon="86.205132"><ele>2549</ele></trkpt>
      <trkpt lat="43.490199" lon="86.2052"><ele>2553</ele></trkpt>
      <trkpt lat="43.490237" lon="86.205286"><ele>2559</ele></trkpt>
      <trkpt lat="43.490203" lon="86.205312"><ele>2562</ele></trkpt>
      <trkpt lat="43.490152" lon="86.20524"><ele>2561</ele></trkpt>
      <trkpt lat="43.489931" lon="86.205316"><ele>2582</ele></trkpt>
      <trkpt lat="43.489946" lon="86.205403"><ele>2580</ele></trkpt>
      <trkpt lat="43.489731" lon="86.205279"><ele>2597</ele></trkpt>
      <trkpt lat="43.489739" lon="86.205335"><ele>2600</ele></trkpt>
      <trkpt lat="43.48966" lon="86.205384"><ele>2606</ele></trkpt>
      <trkpt lat="43.489976" lon="86.205531"><ele>2563</ele></trkpt>
      <trkpt lat="43.489929" lon="86.205516"><ele>2560</ele></trkpt>
      <trkpt lat="43.490072" lon="86.205748"><ele>2561</ele></trkpt>
      <trkpt lat="43.490084" lon="86.205829"><ele>2563</ele></trkpt>
      <trkpt lat="43.490113" lon="86.205785"><ele>2555</ele></trkpt>
      <trkpt lat="43.49009" lon="86.205755"><ele>2554</ele></trkpt>
      <trkpt lat="43.490096" lon="86.20579"><ele>2556</ele></trkpt>
      <trkpt lat="43.489941" lon="86.205774"><ele>2557</ele></trkpt>
      <trkpt lat="43.489962" lon="86.205829"><ele>2547</ele></trkpt>
      <trkpt lat="43.489933" lon="86.205775"><ele>2555</ele></trkpt>
      <trkpt lat="43.489845" lon="86.205822"><ele>2558</ele></trkpt>
      <trkpt lat="43.489923" lon="86.205883"><ele>2562</ele></trkpt>
      <trkpt lat="43.489822" lon="86.205892"><ele>2563</ele></trkpt>
      <trkpt lat="43.489803" lon="86.206009"><ele>2566</ele></trkpt>
      <trkpt lat="43.489465" lon="86.205613"><ele>2670</ele></trkpt>
      <trkpt lat="43.489663" lon="86.206"><ele>2594</ele></trkpt>
      <trkpt lat="43.489759" lon="86.206091"><ele>2575</ele></trkpt>
      <trkpt lat="43.489755" lon="86.206134"><ele>2567</ele></trkpt>
      <trkpt lat="43.489721" lon="86.206081"><ele>2567</ele></trkpt>
      <trkpt lat="43.489733" lon="86.206026"><ele>2570</ele></trkpt>
      <trkpt lat="43.489709" lon="86.205998"><ele>2573</ele></trkpt>
      <trkpt lat="43.489735" lon="86.206135"><ele>2577</ele></trkpt>
      <trkpt lat="43.489704" lon="86.206098"><ele>2600</ele></trkpt>
      <trkpt lat="43.489825" lon="86.206184"><ele>2583</ele></trkpt>
      <trkpt lat="43.48973" lon="86.206174"><ele>2585</ele></trkpt>
      <trkpt lat="43.48978" lon="86.206189"><ele>2588</ele></trkpt>
      <trkpt lat="43.489718" lon="86.206096"><ele>2594</ele></trkpt>
      <trkpt lat="43.489741" lon="86.206148"><ele>2591</ele></trkpt>
      <trkpt lat="43.489725" lon="86.206091"><ele>2600</ele></trkpt>
      <trkpt lat="43.489725" lon="86.206224"><ele>2598</ele></trkpt>
      <trkpt lat="43.489649" lon="86.206399"><ele>2595</ele></trkpt>
      <trkpt lat="43.489524" lon="86.206334"><ele>2613</ele></trkpt>
      <trkpt lat="43.489456" lon="86.206517"><ele>2609</ele></trkpt>
      <trkpt lat="43.489414" lon="86.206549"><ele>2607</ele></trkpt>
      <trkpt lat="43.489278" lon="86.206523"><ele>2617</ele></trkpt>
      <trkpt lat="43.489299" lon="86.206579"><ele>2613</ele></trkpt>
      <trkpt lat="43.4892" lon="86.206617"><ele>2618</ele></trkpt>
      <trkpt lat="43.489009" lon="86.206984"><ele>2626</ele></trkpt>
      <trkpt lat="43.488868" lon="86.207071"><ele>2637</ele></trkpt>
      <trkpt lat="43.488857" lon="86.207137"><ele>2631</ele></trkpt>
      <trkpt lat="43.488573" lon="86.207128"><ele>2639</ele></trkpt>
      <trkpt lat="43.488765" lon="86.207184"><ele>2640</ele></trkpt>
      <trkpt lat="43.488483" lon="86.20705"><ele>2633</ele></trkpt>
      <trkpt lat="43.488468" lon="86.207117"><ele>2627</ele></trkpt>
      <trkpt lat="43.488341" lon="86.207071"><ele>2627</ele></trkpt>
      <trkpt lat="43.488362" lon="86.207138"><ele>2626</ele></trkpt>
      <trkpt lat="43.488379" lon="86.207082"><ele>2613</ele></trkpt>
      <trkpt lat="43.488194" lon="86.207294"><ele>2614</ele></trkpt>
      <trkpt lat="43.488023" lon="86.207406"><ele>2636</ele></trkpt>
      <trkpt lat="43.488002" lon="86.20755"><ele>2637</ele></trkpt>
      <trkpt lat="43.487872" lon="86.207502"><ele>2635</ele></trkpt>
      <trkpt lat="43.487977" lon="86.207562"><ele>2634</ele></trkpt>
      <trkpt lat="43.487924" lon="86.207576"><ele>2631</ele></trkpt>
      <trkpt lat="43.488007" lon="86.207608"><ele>2638</ele></trkpt>
      <trkpt lat="43.487916" lon="86.207454"><ele>2633</ele></trkpt>
      <trkpt lat="43.487939" lon="86.207436"><ele>2632</ele></trkpt>
      <trkpt lat="43.487265" lon="86.207573"><ele>4977</ele></trkpt>
      <trkpt lat="43.487483" lon="86.207596"><ele>4924</ele></trkpt>
      <trkpt lat="43.48735" lon="86.207557"><ele>4918</ele></trkpt>
      <trkpt lat="43.486203" lon="86.210755"><ele>2837</ele></trkpt>
      <trkpt lat="43.486012" lon="86.210716"><ele>2812</ele></trkpt>
      <trkpt lat="43.485907" lon="86.210637"><ele>2793</ele></trkpt>
      <trkpt lat="43.485888" lon="86.210719"><ele>2781</ele></trkpt>
      <trkpt lat="43.485942" lon="86.210763"><ele>2788</ele></trkpt>
      <trkpt lat="43.485912" lon="86.210773"><ele>2791</ele></trkpt>
      <trkpt lat="43.485921" lon="86.210821"><ele>2793</ele></trkpt>
      <trkpt lat="43.485954" lon="86.210781"><ele>2801</ele></trkpt>
      <trkpt lat="43.485987" lon="86.210809"><ele>2808</ele></trkpt>
      <trkpt lat="43.485936" lon="86.21084"><ele>2824</ele></trkpt>
      <trkpt lat="43.485965" lon="86.210964"><ele>2821</ele></trkpt>
      <trkpt lat="43.485821" lon="86.210963"><ele>2792</ele></trkpt>
      <trkpt lat="43.485751" lon="86.211059"><ele>2795</ele></trkpt>
      <trkpt lat="43.48569" lon="86.210969"><ele>2791</ele></trkpt>
      <trkpt lat="43.485672" lon="86.211024"><ele>2790</ele></trkpt>
      <trkpt lat="43.485703" lon="86.211078"><ele>2792</ele></trkpt>
      <trkpt lat="43.485635" lon="86.211174"><ele>2794</ele></trkpt>
      <trkpt lat="43.48563" lon="86.211241"><ele>2793</ele></trkpt>
      <trkpt lat="43.485665" lon="86.211285"><ele>2791</ele></trkpt>
      <trkpt lat="43.485597" lon="86.211588"><ele>2805</ele></trkpt>
      <trkpt lat="43.485614" lon="86.211792"><ele>2802</ele></trkpt>
      <trkpt lat="43.485491" lon="86.211998"><ele>2813</ele></trkpt>
      <trkpt lat="43.485407" lon="86.212054"><ele>2807</ele></trkpt>
      <trkpt lat="43.485344" lon="86.212222"><ele>2815</ele></trkpt>
      <trkpt lat="43.485264" lon="86.212314"><ele>2813</ele></trkpt>
      <trkpt lat="43.485232" lon="86.2125"><ele>2816</ele></trkpt>
      <trkpt lat="43.485141" lon="86.212565"><ele>2821</ele></trkpt>
      <trkpt lat="43.485082" lon="86.212669"><ele>2828</ele></trkpt>
      <trkpt lat="43.484988" lon="86.212657"><ele>2832</ele></trkpt>
      <trkpt lat="43.484951" lon="86.212607"><ele>2840</ele></trkpt>
      <trkpt lat="43.484845" lon="86.212797"><ele>2849</ele></trkpt>
      <trkpt lat="43.484756" lon="86.2128"><ele>2863</ele></trkpt>
      <trkpt lat="43.484773" lon="86.212744"><ele>2855</ele></trkpt>
      <trkpt lat="43.484729" lon="86.212754"><ele>2854</ele></trkpt>
      <trkpt lat="43.484687" lon="86.21293"><ele>2848</ele></trkpt>
      <trkpt lat="43.48472" lon="86.213051"><ele>2854</ele></trkpt>
      <trkpt lat="43.484705" lon="86.213187"><ele>2857</ele></trkpt>
      <trkpt lat="43.484765" lon="86.213264"><ele>2852</ele></trkpt>
      <trkpt lat="43.484678" lon="86.213299"><ele>2845</ele></trkpt>
      <trkpt lat="43.484623" lon="86.213395"><ele>2842</ele></trkpt>
      <trkpt lat="43.484452" lon="86.213516"><ele>2860</ele></trkpt>
      <trkpt lat="43.484241" lon="86.213761"><ele>2872</ele></trkpt>
      <trkpt lat="43.484263" lon="86.213951"><ele>2874</ele></trkpt>
      <trkpt lat="43.484228" lon="86.214071"><ele>2881</ele></trkpt>
      <trkpt lat="43.484243" lon="86.214132"><ele>2881</ele></trkpt>
      <trkpt lat="43.48416" lon="86.214355"><ele>2881</ele></trkpt>
      <trkpt lat="43.484184" lon="86.214475"><ele>2882</ele></trkpt>
      <trkpt lat="43.484157" lon="86.214667"><ele>2881</ele></trkpt>
      <trkpt lat="43.484076" lon="86.214824"><ele>2889</ele></trkpt>
      <trkpt lat="43.483951" lon="86.214878"><ele>2891</ele></trkpt>
      <trkpt lat="43.483932" lon="86.215007"><ele>2893</ele></trkpt>
      <trkpt lat="43.483958" lon="86.215062"><ele>2897</ele></trkpt>
      <trkpt lat="43.483916" lon="86.215249"><ele>2900</ele></trkpt>
      <trkpt lat="43.483934" lon="86.215306"><ele>2905</ele></trkpt>
      <trkpt lat="43.48386" lon="86.215531"><ele>2911</ele></trkpt>
      <trkpt lat="43.483657" lon="86.215672"><ele>2921</ele></trkpt>
      <trkpt lat="43.483465" lon="86.215694"><ele>2932</ele></trkpt>
      <trkpt lat="43.483383" lon="86.215763"><ele>2932</ele></trkpt>
      <trkpt lat="43.483408" lon="86.215883"><ele>2939</ele></trkpt>
      <trkpt lat="43.483365" lon="86.215999"><ele>2944</ele></trkpt>
      <trkpt lat="43.483024" lon="86.21632"><ele>2958</ele></trkpt>
      <trkpt lat="43.48289" lon="86.216368"><ele>2958</ele></trkpt>
      <trkpt lat="43.482435" lon="86.216692"><ele>2981</ele></trkpt>
      <trkpt lat="43.482279" lon="86.216827"><ele>2991</ele></trkpt>
      <trkpt lat="43.482156" lon="86.217019"><ele>3000</ele></trkpt>
      <trkpt lat="43.481882" lon="86.217117"><ele>3000</ele></trkpt>
      <trkpt lat="43.48167" lon="86.217252"><ele>3011</ele></trkpt>
      <trkpt lat="43.481549" lon="86.217424"><ele>3020</ele></trkpt>
      <trkpt lat="43.481232" lon="86.217557"><ele>3027</ele></trkpt>
      <trkpt lat="43.481158" lon="86.217706"><ele>3031</ele></trkpt>
      <trkpt lat="43.481073" lon="86.217776"><ele>3031</ele></trkpt>
      <trkpt lat="43.480955" lon="86.217844"><ele>3032</ele></trkpt>
      <trkpt lat="43.480953" lon="86.21779"><ele>3028</ele></trkpt>
      <trkpt lat="43.480864" lon="86.21783"><ele>3028</ele></trkpt>
      <trkpt lat="43.480824" lon="86.217802"><ele>3031</ele></trkpt>
      <trkpt lat="43.480823" lon="86.217739"><ele>3033</ele></trkpt>
      <trkpt lat="43.480688" lon="86.217729"><ele>3036</ele></trkpt>
      <trkpt lat="43.48057" lon="86.217642"><ele>3031</ele></trkpt>
      <trkpt lat="43.480434" lon="86.217941"><ele>3062</ele></trkpt>
      <trkpt lat="43.480359" lon="86.218024"><ele>3064</ele></trkpt>
      <trkpt lat="43.480229" lon="86.217775"><ele>3054</ele></trkpt>
      <trkpt lat="43.479996" lon="86.217781"><ele>3083</ele></trkpt>
      <trkpt lat="43.47988" lon="86.217698"><ele>3090</ele></trkpt>
      <trkpt lat="43.479773" lon="86.217803"><ele>3105</ele></trkpt>
      <trkpt lat="43.479732" lon="86.217775"><ele>3107</ele></trkpt>
      <trkpt lat="43.47955" lon="86.217825"><ele>3108</ele></trkpt>
      <trkpt lat="43.479466" lon="86.217884"><ele>3112</ele></trkpt>
      <trkpt lat="43.479426" lon="86.218001"><ele>3119</ele></trkpt>
      <trkpt lat="43.479305" lon="86.218078"><ele>3125</ele></trkpt>
      <trkpt lat="43.47917" lon="86.217964"><ele>3121</ele></trkpt>
      <trkpt lat="43.479029" lon="86.217938"><ele>3121</ele></trkpt>
      <trkpt lat="43.478886" lon="86.218135"><ele>3132</ele></trkpt>
      <trkpt lat="43.478791" lon="86.218156"><ele>3134</ele></trkpt>
      <trkpt lat="43.478705" lon="86.218313"><ele>3133</ele></trkpt>
      <trkpt lat="43.478618" lon="86.21836"><ele>3138</ele></trkpt>
      <trkpt lat="43.478514" lon="86.218492"><ele>3144</ele></trkpt>
      <trkpt lat="43.478385" lon="86.21904"><ele>3177</ele></trkpt>
      <trkpt lat="43.478265" lon="86.219129"><ele>3186</ele></trkpt>
      <trkpt lat="43.478028" lon="86.219433"><ele>3203</ele></trkpt>
      <trkpt lat="43.477977" lon="86.219268"><ele>3203</ele></trkpt>
      <trkpt lat="43.477855" lon="86.219345"><ele>3219</ele></trkpt>
      <trkpt lat="43.477888" lon="86.218988"><ele>3195</ele></trkpt>
      <trkpt lat="43.477831" lon="86.218817"><ele>3213</ele></trkpt>
      <trkpt lat="43.477838" lon="86.218602"><ele>3211</ele></trkpt>
      <trkpt lat="43.477806" lon="86.218412"><ele>3217</ele></trkpt>
      <trkpt lat="43.477732" lon="86.218246"><ele>3222</ele></trkpt>
      <trkpt lat="43.477701" lon="86.217908"><ele>3217</ele></trkpt>
      <trkpt lat="43.477558" lon="86.218082"><ele>3219</ele></trkpt>
      <trkpt lat="43.477514" lon="86.21809"><ele>3225</ele></trkpt>
      <trkpt lat="43.477487" lon="86.217973"><ele>3218</ele></trkpt>
      <trkpt lat="43.47741" lon="86.217988"><ele>3225</ele></trkpt>
      <trkpt lat="43.47743" lon="86.21798"><ele>3224</ele></trkpt>
      <trkpt lat="43.477397" lon="86.217936"><ele>3223</ele></trkpt>
      <trkpt lat="43.477419" lon="86.217993"><ele>3222</ele></trkpt>
      <trkpt lat="43.477362" lon="86.217909"><ele>3212</ele></trkpt>
      <trkpt lat="43.477319" lon="86.217941"><ele>3213</ele></trkpt>
      <trkpt lat="43.47718" lon="86.217898"><ele>3230</ele></trkpt>
      <trkpt lat="43.47708" lon="86.21769"><ele>3231</ele></trkpt>
      <trkpt lat="43.476874" lon="86.217568"><ele>3251</ele></trkpt>
      <trkpt lat="43.476739" lon="86.217406"><ele>3258</ele></trkpt>
      <trkpt lat="43.47661" lon="86.21746"><ele>3267</ele></trkpt>
      <trkpt lat="43.476515" lon="86.217608"><ele>3275</ele></trkpt>
      <trkpt lat="43.476319" lon="86.21759"><ele>3281</ele></trkpt>
      <trkpt lat="43.476058" lon="86.217483"><ele>3284</ele></trkpt>
      <trkpt lat="43.475967" lon="86.217493"><ele>3290</ele></trkpt>
      <trkpt lat="43.475849" lon="86.217399"><ele>3296</ele></trkpt>
      <trkpt lat="43.475882" lon="86.217215"><ele>3288</ele></trkpt>
      <trkpt lat="43.475816" lon="86.217122"><ele>3291</ele></trkpt>
      <trkpt lat="43.475675" lon="86.21712"><ele>3314</ele></trkpt>
      <trkpt lat="43.475612" lon="86.217027"><ele>3311</ele></trkpt>
      <trkpt lat="43.475562" lon="86.217015"><ele>3316</ele></trkpt>
      <trkpt lat="43.475471" lon="86.217036"><ele>3325</ele></trkpt>
      <trkpt lat="43.47519" lon="86.217421"><ele>3332</ele></trkpt>
      <trkpt lat="43.475003" lon="86.217395"><ele>3335</ele></trkpt>
      <trkpt lat="43.475005" lon="86.217332"><ele>3337</ele></trkpt>
      <trkpt lat="43.475045" lon="86.217295"><ele>3334</ele></trkpt>
      <trkpt lat="43.475139" lon="86.217278"><ele>3333</ele></trkpt>
      <trkpt lat="43.475153" lon="86.217338"><ele>3331</ele></trkpt>
      <trkpt lat="43.475137" lon="86.217395"><ele>3333</ele></trkpt>
      <trkpt lat="43.475051" lon="86.217454"><ele>3333</ele></trkpt>
      <trkpt lat="43.474953" lon="86.217414"><ele>3332</ele></trkpt>
      <trkpt lat="43.474761" lon="86.217442"><ele>3338</ele></trkpt>
      <trkpt lat="43.474481" lon="86.217401"><ele>3344</ele></trkpt>
      <trkpt lat="43.474501" lon="86.217346"><ele>3345</ele></trkpt>
      <trkpt lat="43.474458" lon="86.217351"><ele>3346</ele></trkpt>
      <trkpt lat="43.474421" lon="86.217235"><ele>3348</ele></trkpt>
      <trkpt lat="43.474057" lon="86.217183"><ele>3370</ele></trkpt>
      <trkpt lat="43.473764" lon="86.217368"><ele>3386</ele></trkpt>
      <trkpt lat="43.473583" lon="86.217575"><ele>3392</ele></trkpt>
      <trkpt lat="43.473389" lon="86.217619"><ele>3397</ele></trkpt>
      <trkpt lat="43.473365" lon="86.217673"><ele>3404</ele></trkpt>
      <trkpt lat="43.473191" lon="86.217758"><ele>3407</ele></trkpt>
      <trkpt lat="43.473114" lon="86.21784"><ele>3414</ele></trkpt>
      <trkpt lat="43.472892" lon="86.217924"><ele>3419</ele></trkpt>
      <trkpt lat="43.472805" lon="86.218074"><ele>3427</ele></trkpt>
      <trkpt lat="43.472668" lon="86.218135"><ele>3427</ele></trkpt>
      <trkpt lat="43.472702" lon="86.218095"><ele>3415</ele></trkpt>
      <trkpt lat="43.47266" lon="86.218072"><ele>3416</ele></trkpt>
      <trkpt lat="43.472539" lon="86.218148"><ele>3430</ele></trkpt>
      <trkpt lat="43.472488" lon="86.218141"><ele>3440</ele></trkpt>
      <trkpt lat="43.472505" lon="86.218077"><ele>3436</ele></trkpt>
      <trkpt lat="43.472472" lon="86.218044"><ele>3431</ele></trkpt>
      <trkpt lat="43.472515" lon="86.218064"><ele>3436</ele></trkpt>
      <trkpt lat="43.47248" lon="86.218031"><ele>3440</ele></trkpt>
      <trkpt lat="43.472436" lon="86.218059"><ele>3448</ele></trkpt>
      <trkpt lat="43.472488" lon="86.217968"><ele>3450</ele></trkpt>
      <trkpt lat="43.47246" lon="86.217924"><ele>3442</ele></trkpt>
      <trkpt lat="43.472481" lon="86.217869"><ele>3447</ele></trkpt>
      <trkpt lat="43.472416" lon="86.21778"><ele>3449</ele></trkpt>
      <trkpt lat="43.472376" lon="86.217881"><ele>3470</ele></trkpt>
      <trkpt lat="43.472328" lon="86.217888"><ele>3465</ele></trkpt>
      <trkpt lat="43.472186" lon="86.217819"><ele>3478</ele></trkpt>
      <trkpt lat="43.47208" lon="86.217697"><ele>3479</ele></trkpt>
      <trkpt lat="43.471856" lon="86.217676"><ele>3495</ele></trkpt>
      <trkpt lat="43.471764" lon="86.217526"><ele>3505</ele></trkpt>
      <trkpt lat="43.471683" lon="86.217471"><ele>3511</ele></trkpt>
      <trkpt lat="43.471678" lon="86.217399"><ele>3512</ele></trkpt>
      <trkpt lat="43.471601" lon="86.217325"><ele>3519</ele></trkpt>
      <trkpt lat="43.471554" lon="86.217329"><ele>3526</ele></trkpt>
      <trkpt lat="43.471444" lon="86.217429"><ele>3528</ele></trkpt>
      <trkpt lat="43.471337" lon="86.217768"><ele>3523</ele></trkpt>
      <trkpt lat="43.471234" lon="86.217888"><ele>3520</ele></trkpt>
      <trkpt lat="43.471246" lon="86.217948"><ele>3522</ele></trkpt>
      <trkpt lat="43.471216" lon="86.217996"><ele>3529</ele></trkpt>
      <trkpt lat="43.471163" lon="86.217996"><ele>3529</ele></trkpt>
      <trkpt lat="43.471123" lon="86.217961"><ele>3535</ele></trkpt>
      <trkpt lat="43.471133" lon="86.217783"><ele>3539</ele></trkpt>
      <trkpt lat="43.470987" lon="86.217639"><ele>3552</ele></trkpt>
      <trkpt lat="43.470927" lon="86.217465"><ele>3556</ele></trkpt>
      <trkpt lat="43.470809" lon="86.217351"><ele>3563</ele></trkpt>
      <trkpt lat="43.470753" lon="86.21724"><ele>3560</ele></trkpt>
      <trkpt lat="43.470796" lon="86.217251"><ele>3561</ele></trkpt>
      <trkpt lat="43.47086" lon="86.217153"><ele>3552</ele></trkpt>
      <trkpt lat="43.470847" lon="86.21722"><ele>3554</ele></trkpt>
      <trkpt lat="43.470797" lon="86.217241"><ele>3554</ele></trkpt>
      <trkpt lat="43.470673" lon="86.217157"><ele>3541</ele></trkpt>
      <trkpt lat="43.470581" lon="86.217027"><ele>3536</ele></trkpt>
      <trkpt lat="43.470515" lon="86.216848"><ele>3532</ele></trkpt>
      <trkpt lat="43.470304" lon="86.216698"><ele>3535</ele></trkpt>
      <trkpt lat="43.470264" lon="86.216573"><ele>3526</ele></trkpt>
      <trkpt lat="43.470285" lon="86.21645"><ele>3518</ele></trkpt>
      <trkpt lat="43.470242" lon="86.216336"><ele>3518</ele></trkpt>
      <trkpt lat="43.470003" lon="86.216039"><ele>3498</ele></trkpt>
      <trkpt lat="43.469878" lon="86.21606"><ele>3507</ele></trkpt>
      <trkpt lat="43.469753" lon="86.215951"><ele>3494</ele></trkpt>
      <trkpt lat="43.46938" lon="86.215785"><ele>3485</ele></trkpt>
      <trkpt lat="43.468888" lon="86.21568"><ele>3476</ele></trkpt>
      <trkpt lat="43.46865" lon="86.215542"><ele>3476</ele></trkpt>
      <trkpt lat="43.468539" lon="86.215543"><ele>3471</ele></trkpt>
      <trkpt lat="43.468497" lon="86.21567"><ele>3467</ele></trkpt>
      <trkpt lat="43.468451" lon="86.215677"><ele>3463</ele></trkpt>
      <trkpt lat="43.468359" lon="86.215667"><ele>3461</ele></trkpt>
      <trkpt lat="43.468172" lon="86.215529"><ele>3455</ele></trkpt>
      <trkpt lat="43.468119" lon="86.215605"><ele>3452</ele></trkpt>
      <trkpt lat="43.468065" lon="86.215424"><ele>3445</ele></trkpt>
      <trkpt lat="43.468092" lon="86.215316"><ele>3443</ele></trkpt>
      <trkpt lat="43.468071" lon="86.215258"><ele>3441</ele></trkpt>
      <trkpt lat="43.467986" lon="86.215195"><ele>3437</ele></trkpt>
      <trkpt lat="43.467857" lon="86.215392"><ele>3439</ele></trkpt>
      <trkpt lat="43.467768" lon="86.215341"><ele>3442</ele></trkpt>
      <trkpt lat="43.467754" lon="86.21521"><ele>3437</ele></trkpt>
      <trkpt lat="43.467835" lon="86.215125"><ele>3421</ele></trkpt>
      <trkpt lat="43.467792" lon="86.215104"><ele>3425</ele></trkpt>
      <trkpt lat="43.467711" lon="86.215162"><ele>3425</ele></trkpt>
      <trkpt lat="43.467704" lon="86.2151"><ele>3416</ele></trkpt>
      <trkpt lat="43.467328" lon="86.215149"><ele>3392</ele></trkpt>
      <trkpt lat="43.467143" lon="86.215131"><ele>3380</ele></trkpt>
      <trkpt lat="43.467093" lon="86.215031"><ele>3377</ele></trkpt>
      <trkpt lat="43.466683" lon="86.214832"><ele>3356</ele></trkpt>
      <trkpt lat="43.466189" lon="86.21464"><ele>3343</ele></trkpt>
      <trkpt lat="43.465978" lon="86.214621"><ele>3336</ele></trkpt>
      <trkpt lat="43.466002" lon="86.214569"><ele>3332</ele></trkpt>
      <trkpt lat="43.465969" lon="86.214311"><ele>3319</ele></trkpt>
      <trkpt lat="43.465902" lon="86.214118"><ele>3314</ele></trkpt>
      <trkpt lat="43.465945" lon="86.213773"><ele>3301</ele></trkpt>
      <trkpt lat="43.46592" lon="86.21365"><ele>3299</ele></trkpt>
      <trkpt lat="43.465864" lon="86.213516"><ele>3297</ele></trkpt>
      <trkpt lat="43.465543" lon="86.213457"><ele>3284</ele></trkpt>
      <trkpt lat="43.465455" lon="86.213496"><ele>3281</ele></trkpt>
      <trkpt lat="43.465233" lon="86.213748"><ele>3263</ele></trkpt>
      <trkpt lat="43.464934" lon="86.213984"><ele>3247</ele></trkpt>
      <trkpt lat="43.464926" lon="86.214132"><ele>3242</ele></trkpt>
      <trkpt lat="43.464826" lon="86.214322"><ele>3237</ele></trkpt>
      <trkpt lat="43.464438" lon="86.214719"><ele>3209</ele></trkpt>
      <trkpt lat="43.464361" lon="86.214901"><ele>3203</ele></trkpt>
      <trkpt lat="43.464264" lon="86.214943"><ele>3199</ele></trkpt>
      <trkpt lat="43.464124" lon="86.215111"><ele>3191</ele></trkpt>
      <trkpt lat="43.463995" lon="86.215166"><ele>3190</ele></trkpt>
      <trkpt lat="43.463792" lon="86.215523"><ele>3166</ele></trkpt>
      <trkpt lat="43.463401" lon="86.215785"><ele>3140</ele></trkpt>
      <trkpt lat="43.463123" lon="86.215873"><ele>3132</ele></trkpt>
      <trkpt lat="43.463005" lon="86.215967"><ele>3120</ele></trkpt>
      <trkpt lat="43.462903" lon="86.215956"><ele>3118</ele></trkpt>
      <trkpt lat="43.462779" lon="86.216075"><ele>3117</ele></trkpt>
      <trkpt lat="43.462763" lon="86.216135"><ele>3114</ele></trkpt>
      <trkpt lat="43.462552" lon="86.216285"><ele>3104</ele></trkpt>
      <trkpt lat="43.462369" lon="86.216245"><ele>3096</ele></trkpt>
      <trkpt lat="43.462293" lon="86.216321"><ele>3094</ele></trkpt>
      <trkpt lat="43.462109" lon="86.216392"><ele>3089</ele></trkpt>
      <trkpt lat="43.462057" lon="86.216295"><ele>3081</ele></trkpt>
      <trkpt lat="43.462098" lon="86.216287"><ele>3077</ele></trkpt>
      <trkpt lat="43.46181" lon="86.216158"><ele>3069</ele></trkpt>
      <trkpt lat="43.461748" lon="86.216341"><ele>3069</ele></trkpt>
      <trkpt lat="43.461572" lon="86.216271"><ele>3069</ele></trkpt>
      <trkpt lat="43.461396" lon="86.216525"><ele>3064</ele></trkpt>
      <trkpt lat="43.461143" lon="86.216599"><ele>3064</ele></trkpt>
      <trkpt lat="43.460937" lon="86.216607"><ele>3061</ele></trkpt>
      <trkpt lat="43.460432" lon="86.216932"><ele>3053</ele></trkpt>
      <trkpt lat="43.460075" lon="86.216989"><ele>3049</ele></trkpt>
      <trkpt lat="43.459995" lon="86.217038"><ele>3047</ele></trkpt>
      <trkpt lat="43.459719" lon="86.21704"><ele>3033</ele></trkpt>
      <trkpt lat="43.459699" lon="86.216979"><ele>3026</ele></trkpt>
      <trkpt lat="43.459619" lon="86.216927"><ele>3025</ele></trkpt>
      <trkpt lat="43.459405" lon="86.216941"><ele>3013</ele></trkpt>
      <trkpt lat="43.459356" lon="86.216909"><ele>3013</ele></trkpt>
      <trkpt lat="43.458903" lon="86.217122"><ele>3008</ele></trkpt>
      <trkpt lat="43.458825" lon="86.217041"><ele>2997</ele></trkpt>
      <trkpt lat="43.458837" lon="86.216983"><ele>2993</ele></trkpt>
      <trkpt lat="43.458778" lon="86.217076"><ele>2995</ele></trkpt>
      <trkpt lat="43.458689" lon="86.217061"><ele>2993</ele></trkpt>
      <trkpt lat="43.458375" lon="86.217227"><ele>2983</ele></trkpt>
      <trkpt lat="43.45833" lon="86.217334"><ele>2977</ele></trkpt>
      <trkpt lat="43.458002" lon="86.217637"><ele>2979</ele></trkpt>
      <trkpt lat="43.457813" lon="86.21766"><ele>2963</ele></trkpt>
      <trkpt lat="43.457674" lon="86.218029"><ele>2962</ele></trkpt>
      <trkpt lat="43.457569" lon="86.218181"><ele>2961</ele></trkpt>
      <trkpt lat="43.457523" lon="86.218495"><ele>2958</ele></trkpt>
      <trkpt lat="43.457386" lon="86.218581"><ele>2949</ele></trkpt>
      <trkpt lat="43.45725" lon="86.2185"><ele>2943</ele></trkpt>
      <trkpt lat="43.457212" lon="86.218542"><ele>2941</ele></trkpt>
      <trkpt lat="43.457147" lon="86.218467"><ele>2936</ele></trkpt>
      <trkpt lat="43.457057" lon="86.218496"><ele>2936</ele></trkpt>
      <trkpt lat="43.45695" lon="86.218465"><ele>2933</ele></trkpt>
      <trkpt lat="43.456894" lon="86.218558"><ele>2933</ele></trkpt>
      <trkpt lat="43.456801" lon="86.218572"><ele>2929</ele></trkpt>
      <trkpt lat="43.4567" lon="86.218519"><ele>2922</ele></trkpt>
      <trkpt lat="43.456448" lon="86.218491"><ele>2911</ele></trkpt>
      <trkpt lat="43.456362" lon="86.218408"><ele>2903</ele></trkpt>
      <trkpt lat="43.456332" lon="86.218459"><ele>2899</ele></trkpt>
      <trkpt lat="43.456299" lon="86.218433"><ele>2897</ele></trkpt>
      <trkpt lat="43.456075" lon="86.218686"><ele>2905</ele></trkpt>
      <trkpt lat="43.456035" lon="86.218648"><ele>2896</ele></trkpt>
      <trkpt lat="43.455903" lon="86.218697"><ele>2893</ele></trkpt>
      <trkpt lat="43.45554" lon="86.218574"><ele>2884</ele></trkpt>
      <trkpt lat="43.455256" lon="86.218683"><ele>2880</ele></trkpt>
      <trkpt lat="43.45506" lon="86.218659"><ele>2873</ele></trkpt>
      <trkpt lat="43.454933" lon="86.218793"><ele>2874</ele></trkpt>
      <trkpt lat="43.454672" lon="86.218881"><ele>2868</ele></trkpt>
      <trkpt lat="43.454582" lon="86.219033"><ele>2856</ele></trkpt>
      <trkpt lat="43.454486" lon="86.219017"><ele>2853</ele></trkpt>
      <trkpt lat="43.454397" lon="86.219068"><ele>2849</ele></trkpt>
      <trkpt lat="43.454211" lon="86.218937"><ele>2844</ele></trkpt>
      <trkpt lat="43.454068" lon="86.218937"><ele>2842</ele></trkpt>
      <trkpt lat="43.454034" lon="86.218898"><ele>2840</ele></trkpt>
      <trkpt lat="43.454042" lon="86.218926"><ele>2835</ele></trkpt>
      <trkpt lat="43.453793" lon="86.218937"><ele>2836</ele></trkpt>
      <trkpt lat="43.453611" lon="86.219173"><ele>2854</ele></trkpt>
      <trkpt lat="43.453605" lon="86.219031"><ele>2845</ele></trkpt>
      <trkpt lat="43.453561" lon="86.21904"><ele>2845</ele></trkpt>
      <trkpt lat="43.453556" lon="86.219181"><ele>2834</ele></trkpt>
      <trkpt lat="43.453481" lon="86.219006"><ele>2831</ele></trkpt>
      <trkpt lat="43.453365" lon="86.219382"><ele>2830</ele></trkpt>
      <trkpt lat="43.453216" lon="86.219551"><ele>2822</ele></trkpt>
      <trkpt lat="43.452946" lon="86.220194"><ele>2815</ele></trkpt>
      <trkpt lat="43.452828" lon="86.220294"><ele>2805</ele></trkpt>
      <trkpt lat="43.452686" lon="86.220678"><ele>2815</ele></trkpt>
      <trkpt lat="43.452711" lon="86.220736"><ele>2811</ele></trkpt>
      <trkpt lat="43.452687" lon="86.220857"><ele>2811</ele></trkpt>
      <trkpt lat="43.452613" lon="86.221021"><ele>2804</ele></trkpt>
      <trkpt lat="43.452543" lon="86.22109"><ele>2804</ele></trkpt>
      <trkpt lat="43.452535" lon="86.221167"><ele>2803</ele></trkpt>
      <trkpt lat="43.452393" lon="86.221311"><ele>2794</ele></trkpt>
      <trkpt lat="43.45217" lon="86.221437"><ele>2787</ele></trkpt>
      <trkpt lat="43.452153" lon="86.221516"><ele>2785</ele></trkpt>
      <trkpt lat="43.451867" lon="86.221745"><ele>2774</ele></trkpt>
      <trkpt lat="43.451365" lon="86.222529"><ele>2777</ele></trkpt>
      <trkpt lat="43.451245" lon="86.222644"><ele>2766</ele></trkpt>
      <trkpt lat="43.451107" lon="86.22265"><ele>2761</ele></trkpt>
      <trkpt lat="43.451009" lon="86.222713"><ele>2761</ele></trkpt>
      <trkpt lat="43.451041" lon="86.222826"><ele>2755</ele></trkpt>
      <trkpt lat="43.451123" lon="86.222888"><ele>2746</ele></trkpt>
      <trkpt lat="43.451102" lon="86.223005"><ele>2744</ele></trkpt>
      <trkpt lat="43.451051" lon="86.223009"><ele>2745</ele></trkpt>
      <trkpt lat="43.450983" lon="86.222918"><ele>2741</ele></trkpt>
      <trkpt lat="43.450884" lon="86.222931"><ele>2735</ele></trkpt>
      <trkpt lat="43.450865" lon="86.222863"><ele>2730</ele></trkpt>
      <trkpt lat="43.450631" lon="86.222862"><ele>2719</ele></trkpt>
      <trkpt lat="43.450517" lon="86.222979"><ele>2722</ele></trkpt>
      <trkpt lat="43.45028" lon="86.22308"><ele>2713</ele></trkpt>
      <trkpt lat="43.450179" lon="86.223237"><ele>2713</ele></trkpt>
      <trkpt lat="43.450024" lon="86.223342"><ele>2710</ele></trkpt>
      <trkpt lat="43.44998" lon="86.223533"><ele>2712</ele></trkpt>
      <trkpt lat="43.449834" lon="86.223564"><ele>2710</ele></trkpt>
      <trkpt lat="43.449713" lon="86.223885"><ele>2707</ele></trkpt>
      <trkpt lat="43.449628" lon="86.223944"><ele>2703</ele></trkpt>
      <trkpt lat="43.44958" lon="86.224117"><ele>2699</ele></trkpt>
      <trkpt lat="43.449403" lon="86.224246"><ele>2694</ele></trkpt>
      <trkpt lat="43.449296" lon="86.224682"><ele>2689</ele></trkpt>
      <trkpt lat="43.449222" lon="86.224759"><ele>2686</ele></trkpt>
      <trkpt lat="43.449213" lon="86.225162"><ele>2684</ele></trkpt>
      <trkpt lat="43.449264" lon="86.225364"><ele>2681</ele></trkpt>
      <trkpt lat="43.449209" lon="86.225683"><ele>2679</ele></trkpt>
      <trkpt lat="43.449134" lon="86.226001"><ele>2676</ele></trkpt>
      <trkpt lat="43.448945" lon="86.226416"><ele>2668</ele></trkpt>
      <trkpt lat="43.448898" lon="86.226604"><ele>2660</ele></trkpt>
      <trkpt lat="43.448944" lon="86.227224"><ele>2656</ele></trkpt>
      <trkpt lat="43.449017" lon="86.22739"><ele>2647</ele></trkpt>
      <trkpt lat="43.449003" lon="86.227535"><ele>2645</ele></trkpt>
      <trkpt lat="43.448917" lon="86.227802"><ele>2642</ele></trkpt>
      <trkpt lat="43.448922" lon="86.22793"><ele>2640</ele></trkpt>
      <trkpt lat="43.448737" lon="86.228526"><ele>2639</ele></trkpt>
      <trkpt lat="43.448753" lon="86.228597"><ele>2623</ele></trkpt>
      <trkpt lat="43.448729" lon="86.228462"><ele>2624</ele></trkpt>
      <trkpt lat="43.448777" lon="86.228445"><ele>2618</ele></trkpt>
      <trkpt lat="43.44874" lon="86.228615"><ele>2619</ele></trkpt>
      <trkpt lat="43.448764" lon="86.228558"><ele>2622</ele></trkpt>
      <trkpt lat="43.448763" lon="86.228453"><ele>2622</ele></trkpt>
      <trkpt lat="43.448745" lon="86.228521"><ele>2624</ele></trkpt>
      <trkpt lat="43.448742" lon="86.228461"><ele>2616</ele></trkpt>
      <trkpt lat="43.44873" lon="86.228732"><ele>2624</ele></trkpt>
      <trkpt lat="43.448774" lon="86.228857"><ele>2632</ele></trkpt>
      <trkpt lat="43.448769" lon="86.228723"><ele>2632</ele></trkpt>
      <trkpt lat="43.448718" lon="86.228842"><ele>2632</ele></trkpt>
      <trkpt lat="43.448636" lon="86.228921"><ele>2629</ele></trkpt>
      <trkpt lat="43.448563" lon="86.229168"><ele>2631</ele></trkpt>
      <trkpt lat="43.448467" lon="86.22932"><ele>2630</ele></trkpt>
      <trkpt lat="43.448269" lon="86.229825"><ele>2623</ele></trkpt>
      <trkpt lat="43.448227" lon="86.230317"><ele>2623</ele></trkpt>
      <trkpt lat="43.448272" lon="86.23059"><ele>2625</ele></trkpt>
      <trkpt lat="43.448224" lon="86.230834"><ele>2620</ele></trkpt>
      <trkpt lat="43.447845" lon="86.231079"><ele>2609</ele></trkpt>
      <trkpt lat="43.447654" lon="86.231269"><ele>2602</ele></trkpt>
      <trkpt lat="43.447568" lon="86.231239"><ele>2598</ele></trkpt>
      <trkpt lat="43.447435" lon="86.231318"><ele>2592</ele></trkpt>
      <trkpt lat="43.447331" lon="86.231437"><ele>2589</ele></trkpt>
      <trkpt lat="43.447281" lon="86.231616"><ele>2594</ele></trkpt>
      <trkpt lat="43.447198" lon="86.231573"><ele>2598</ele></trkpt>
      <trkpt lat="43.44717" lon="86.231623"><ele>2601</ele></trkpt>
      <trkpt lat="43.447129" lon="86.231586"><ele>2602</ele></trkpt>
      <trkpt lat="43.447141" lon="86.231508"><ele>2586</ele></trkpt>
      <trkpt lat="43.447216" lon="86.231459"><ele>2579</ele></trkpt>
      <trkpt lat="43.447188" lon="86.23151"><ele>2574</ele></trkpt>
      <trkpt lat="43.447206" lon="86.23145"><ele>2571</ele></trkpt>
      <trkpt lat="43.447079" lon="86.231655"><ele>2568</ele></trkpt>
      <trkpt lat="43.446984" lon="86.231669"><ele>2562</ele></trkpt>
      <trkpt lat="43.446946" lon="86.231613"><ele>2554</ele></trkpt>
      <trkpt lat="43.446912" lon="86.231681"><ele>2554</ele></trkpt>
      <trkpt lat="43.446899" lon="86.23162"><ele>2557</ele></trkpt>
      <trkpt lat="43.446857" lon="86.231608"><ele>2559</ele></trkpt>
      <trkpt lat="43.446809" lon="86.231642"><ele>2559</ele></trkpt>
      <trkpt lat="43.446631" lon="86.23183"><ele>2550</ele></trkpt>
      <trkpt lat="43.446624" lon="86.231945"><ele>2543</ele></trkpt>
      <trkpt lat="43.446478" lon="86.232293"><ele>2537</ele></trkpt>
      <trkpt lat="43.446243" lon="86.232398"><ele>2532</ele></trkpt>
      <trkpt lat="43.446175" lon="86.232489"><ele>2534</ele></trkpt>
      <trkpt lat="43.44607" lon="86.232519"><ele>2532</ele></trkpt>
      <trkpt lat="43.445769" lon="86.232438"><ele>2524</ele></trkpt>
      <trkpt lat="43.445609" lon="86.232687"><ele>2521</ele></trkpt>
      <trkpt lat="43.445267" lon="86.232683"><ele>2516</ele></trkpt>
      <trkpt lat="43.445164" lon="86.232856"><ele>2517</ele></trkpt>
      <trkpt lat="43.444996" lon="86.233006"><ele>2519</ele></trkpt>
      <trkpt lat="43.444845" lon="86.233303"><ele>2513</ele></trkpt>
      <trkpt lat="43.44461" lon="86.233437"><ele>2511</ele></trkpt>
      <trkpt lat="43.444522" lon="86.233407"><ele>2510</ele></trkpt>
      <trkpt lat="43.444468" lon="86.233639"><ele>2509</ele></trkpt>
      <trkpt lat="43.444426" lon="86.233695"><ele>2508</ele></trkpt>
      <trkpt lat="43.444087" lon="86.233795"><ele>2505</ele></trkpt>
      <trkpt lat="43.443881" lon="86.234001"><ele>2500</ele></trkpt>
      <trkpt lat="43.443733" lon="86.234066"><ele>2502</ele></trkpt>
      <trkpt lat="43.443592" lon="86.233979"><ele>2506</ele></trkpt>
      <trkpt lat="43.443356" lon="86.234046"><ele>2503</ele></trkpt>
      <trkpt lat="43.443106" lon="86.233949"><ele>2501</ele></trkpt>
      <trkpt lat="43.442976" lon="86.233998"><ele>2499</ele></trkpt>
      <trkpt lat="43.442824" lon="86.233983"><ele>2493</ele></trkpt>
      <trkpt lat="43.442514" lon="86.233816"><ele>2470</ele></trkpt>
      <trkpt lat="43.442176" lon="86.233855"><ele>2468</ele></trkpt>
      <trkpt lat="43.442121" lon="86.233727"><ele>2467</ele></trkpt>
      <trkpt lat="43.442093" lon="86.233429"><ele>2464</ele></trkpt>
      <trkpt lat="43.441945" lon="86.233188"><ele>2466</ele></trkpt>
      <trkpt lat="43.441894" lon="86.232966"><ele>2467</ele></trkpt>
      <trkpt lat="43.44169" lon="86.232769"><ele>2467</ele></trkpt>
      <trkpt lat="43.441578" lon="86.232559"><ele>2468</ele></trkpt>
      <trkpt lat="43.441572" lon="86.232608"><ele>2462</ele></trkpt>
      <trkpt lat="43.441419" lon="86.232219"><ele>2451</ele></trkpt>
      <trkpt lat="43.441334" lon="86.232228"><ele>2451</ele></trkpt>
      <trkpt lat="43.44121" lon="86.232351"><ele>2461</ele></trkpt>
      <trkpt lat="43.441161" lon="86.232334"><ele>2463</ele></trkpt>
      <trkpt lat="43.441074" lon="86.232002"><ele>2460</ele></trkpt>
      <trkpt lat="43.440927" lon="86.231853"><ele>2458</ele></trkpt>
      <trkpt lat="43.440745" lon="86.231907"><ele>2461</ele></trkpt>
      <trkpt lat="43.440594" lon="86.231854"><ele>2465</ele></trkpt>
      <trkpt lat="43.440519" lon="86.23174"><ele>2464</ele></trkpt>
      <trkpt lat="43.440442" lon="86.231371"><ele>2461</ele></trkpt>
      <trkpt lat="43.440405" lon="86.231329"><ele>2461</ele></trkpt>
      <trkpt lat="43.440261" lon="86.231316"><ele>2465</ele></trkpt>
      <trkpt lat="43.440115" lon="86.231217"><ele>2469</ele></trkpt>
      <trkpt lat="43.440044" lon="86.231105"><ele>2471</ele></trkpt>
      <trkpt lat="43.43995" lon="86.231084"><ele>2474</ele></trkpt>
      <trkpt lat="43.439888" lon="86.230986"><ele>2476</ele></trkpt>
      <trkpt lat="43.439864" lon="86.23083"><ele>2476</ele></trkpt>
      <trkpt lat="43.439785" lon="86.230652"><ele>2474</ele></trkpt>
      <trkpt lat="43.439601" lon="86.230579"><ele>2474</ele></trkpt>
      <trkpt lat="43.439458" lon="86.230225"><ele>2472</ele></trkpt>
      <trkpt lat="43.439545" lon="86.230229"><ele>2480</ele></trkpt>
      <trkpt lat="43.439432" lon="86.230352"><ele>2461</ele></trkpt>
      <trkpt lat="43.439462" lon="86.230437"><ele>2473</ele></trkpt>
      <trkpt lat="43.439458" lon="86.230368"><ele>2476</ele></trkpt>
      <trkpt lat="43.439408" lon="86.230356"><ele>2473</ele></trkpt>
      <trkpt lat="43.439188" lon="86.230482"><ele>2481</ele></trkpt>
      <trkpt lat="43.439108" lon="86.230438"><ele>2482</ele></trkpt>
      <trkpt lat="43.439014" lon="86.230476"><ele>2483</ele></trkpt>
      <trkpt lat="43.438983" lon="86.230432"><ele>2481</ele></trkpt>
      <trkpt lat="43.438996" lon="86.230234"><ele>2483</ele></trkpt>
      <trkpt lat="43.438895" lon="86.23008"><ele>2484</ele></trkpt>
      <trkpt lat="43.438805" lon="86.229682"><ele>2488</ele></trkpt>
      <trkpt lat="43.438641" lon="86.22934"><ele>2488</ele></trkpt>
      <trkpt lat="43.438411" lon="86.229054"><ele>2490</ele></trkpt>
      <trkpt lat="43.438335" lon="86.228868"><ele>2487</ele></trkpt>
      <trkpt lat="43.438133" lon="86.228567"><ele>2490</ele></trkpt>
      <trkpt lat="43.437998" lon="86.228435"><ele>2490</ele></trkpt>
      <trkpt lat="43.43772" lon="86.228048"><ele>2490</ele></trkpt>
      <trkpt lat="43.437451" lon="86.227557"><ele>2492</ele></trkpt>
      <trkpt lat="43.437006" lon="86.22721"><ele>2493</ele></trkpt>
      <trkpt lat="43.436775" lon="86.227132"><ele>2494</ele></trkpt>
      <trkpt lat="43.436568" lon="86.226839"><ele>2493</ele></trkpt>
      <trkpt lat="43.436568" lon="86.226972"><ele>2495</ele></trkpt>
      <trkpt lat="43.436483" lon="86.22699"><ele>2493</ele></trkpt>
      <trkpt lat="43.436433" lon="86.226964"><ele>2493</ele></trkpt>
      <trkpt lat="43.436357" lon="86.226808"><ele>2492</ele></trkpt>
      <trkpt lat="43.436064" lon="86.226734"><ele>2493</ele></trkpt>
      <trkpt lat="43.435893" lon="86.22659"><ele>2495</ele></trkpt>
      <trkpt lat="43.435643" lon="86.2265"><ele>2495</ele></trkpt>
      <trkpt lat="43.435359" lon="86.226099"><ele>2496</ele></trkpt>
      <trkpt lat="43.435079" lon="86.225964"><ele>2498</ele></trkpt>
      <trkpt lat="43.434752" lon="86.225604"><ele>2493</ele></trkpt>
      <trkpt lat="43.434274" lon="86.225426"><ele>2496</ele></trkpt>
      <trkpt lat="43.433761" lon="86.22547"><ele>2499</ele></trkpt>
      <trkpt lat="43.433438" lon="86.225348"><ele>2496</ele></trkpt>
      <trkpt lat="43.433359" lon="86.225169"><ele>2495</ele></trkpt>
      <trkpt lat="43.433344" lon="86.224584"><ele>2504</ele></trkpt>
      <trkpt lat="43.433291" lon="86.224178"><ele>2508</ele></trkpt>
      <trkpt lat="43.433339" lon="86.223938"><ele>2505</ele></trkpt>
      <trkpt lat="43.433283" lon="86.223848"><ele>2504</ele></trkpt>
      <trkpt lat="43.433257" lon="86.22356"><ele>2505</ele></trkpt>
      <trkpt lat="43.433261" lon="86.223419"><ele>2506</ele></trkpt>
      <trkpt lat="43.433303" lon="86.223306"><ele>2509</ele></trkpt>
      <trkpt lat="43.433272" lon="86.223049"><ele>2508</ele></trkpt>
      <trkpt lat="43.433073" lon="86.222723"><ele>2509</ele></trkpt>
      <trkpt lat="43.43286" lon="86.222604"><ele>2507</ele></trkpt>
      <trkpt lat="43.432806" lon="86.222408"><ele>2508</ele></trkpt>
      <trkpt lat="43.432609" lon="86.222011"><ele>2508</ele></trkpt>
      <trkpt lat="43.432576" lon="86.221809"><ele>2509</ele></trkpt>
      <trkpt lat="43.432417" lon="86.221591"><ele>2508</ele></trkpt>
      <trkpt lat="43.432321" lon="86.221537"><ele>2508</ele></trkpt>
      <trkpt lat="43.432132" lon="86.221126"><ele>2509</ele></trkpt>
      <trkpt lat="43.432001" lon="86.221041"><ele>2512</ele></trkpt>
      <trkpt lat="43.431855" lon="86.220819"><ele>2514</ele></trkpt>
      <trkpt lat="43.431719" lon="86.220782"><ele>2512</ele></trkpt>
      <trkpt lat="43.431539" lon="86.220526"><ele>2511</ele></trkpt>
      <trkpt lat="43.431372" lon="86.220422"><ele>2507</ele></trkpt>
      <trkpt lat="43.431352" lon="86.220355"><ele>2507</ele></trkpt>
      <trkpt lat="43.431379" lon="86.220219"><ele>2509</ele></trkpt>
      <trkpt lat="43.431328" lon="86.220084"><ele>2509</ele></trkpt>
      <trkpt lat="43.431077" lon="86.220047"><ele>2502</ele></trkpt>
      <trkpt lat="43.431064" lon="86.219901"><ele>2505</ele></trkpt>
      <trkpt lat="43.431025" lon="86.219887"><ele>2503</ele></trkpt>
      <trkpt lat="43.431022" lon="86.219649"><ele>2510</ele></trkpt>
      <trkpt lat="43.430942" lon="86.219477"><ele>2509</ele></trkpt>
      <trkpt lat="43.430819" lon="86.219359"><ele>2514</ele></trkpt>
      <trkpt lat="43.430511" lon="86.219284"><ele>2512</ele></trkpt>
      <trkpt lat="43.430357" lon="86.219117"><ele>2518</ele></trkpt>
      <trkpt lat="43.430161" lon="86.219182"><ele>2510</ele></trkpt>
      <trkpt lat="43.430003" lon="86.218904"><ele>2519</ele></trkpt>
      <trkpt lat="43.429922" lon="86.218931"><ele>2518</ele></trkpt>
      <trkpt lat="43.429821" lon="86.218859"><ele>2517</ele></trkpt>
      <trkpt lat="43.429455" lon="86.218888"><ele>2525</ele></trkpt>
      <trkpt lat="43.429266" lon="86.218805"><ele>2534</ele></trkpt>
      <trkpt lat="43.429212" lon="86.218835"><ele>2536</ele></trkpt>
      <trkpt lat="43.429102" lon="86.219021"><ele>2547</ele></trkpt>
      <trkpt lat="43.429003" lon="86.21902"><ele>2563</ele></trkpt>
      <trkpt lat="43.428901" lon="86.218881"><ele>2579</ele></trkpt>
      <trkpt lat="43.42885" lon="86.218879"><ele>2575</ele></trkpt>
      <trkpt lat="43.428707" lon="86.218973"><ele>2554</ele></trkpt>
      <trkpt lat="43.428561" lon="86.218974"><ele>2551</ele></trkpt>
      <trkpt lat="43.428478" lon="86.219075"><ele>2551</ele></trkpt>
      <trkpt lat="43.42827" lon="86.219041"><ele>2553</ele></trkpt>
      <trkpt lat="43.428227" lon="86.219081"><ele>2554</ele></trkpt>
      <trkpt lat="43.428" lon="86.219034"><ele>2559</ele></trkpt>
      <trkpt lat="43.42792" lon="86.218971"><ele>2564</ele></trkpt>
      <trkpt lat="43.427886" lon="86.218999"><ele>2567</ele></trkpt>
      <trkpt lat="43.427669" lon="86.218887"><ele>2573</ele></trkpt>
      <trkpt lat="43.427474" lon="86.218876"><ele>2584</ele></trkpt>
      <trkpt lat="43.42734" lon="86.218942"><ele>2582</ele></trkpt>
      <trkpt lat="43.427144" lon="86.218915"><ele>2580</ele></trkpt>
      <trkpt lat="43.426846" lon="86.218812"><ele>2588</ele></trkpt>
      <trkpt lat="43.426793" lon="86.218714"><ele>2587</ele></trkpt>
      <trkpt lat="43.426573" lon="86.218709"><ele>2601</ele></trkpt>
      <trkpt lat="43.426422" lon="86.218577"><ele>2581</ele></trkpt>
      <trkpt lat="43.426226" lon="86.218585"><ele>2568</ele></trkpt>
      <trkpt lat="43.426129" lon="86.218508"><ele>2566</ele></trkpt>
      <trkpt lat="43.425573" lon="86.218359"><ele>2581</ele></trkpt>
      <trkpt lat="43.425437" lon="86.218506"><ele>2588</ele></trkpt>
      <trkpt lat="43.425176" lon="86.218578"><ele>2585</ele></trkpt>
      <trkpt lat="43.425088" lon="86.218685"><ele>2584</ele></trkpt>
      <trkpt lat="43.424899" lon="86.218681"><ele>2580</ele></trkpt>
      <trkpt lat="43.424721" lon="86.218756"><ele>2578</ele></trkpt>
      <trkpt lat="43.424577" lon="86.218751"><ele>2573</ele></trkpt>
      <trkpt lat="43.424492" lon="86.218841"><ele>2573</ele></trkpt>
      <trkpt lat="43.424342" lon="86.21889"><ele>2567</ele></trkpt>
      <trkpt lat="43.424148" lon="86.219074"><ele>2558</ele></trkpt>
      <trkpt lat="43.424075" lon="86.219095"><ele>2558</ele></trkpt>
      <trkpt lat="43.423944" lon="86.219097"><ele>2560</ele></trkpt>
      <trkpt lat="43.42378" lon="86.218922"><ele>2562</ele></trkpt>
      <trkpt lat="43.423639" lon="86.219024"><ele>2568</ele></trkpt>
      <trkpt lat="43.423477" lon="86.219035"><ele>2571</ele></trkpt>
      <trkpt lat="43.423379" lon="86.219087"><ele>2570</ele></trkpt>
      <trkpt lat="43.423258" lon="86.219018"><ele>2572</ele></trkpt>
      <trkpt lat="43.423053" lon="86.219095"><ele>2571</ele></trkpt>
      <trkpt lat="43.4229" lon="86.219181"><ele>2576</ele></trkpt>
      <trkpt lat="43.422863" lon="86.2193"><ele>2578</ele></trkpt>
      <trkpt lat="43.422759" lon="86.219376"><ele>2575</ele></trkpt>
      <trkpt lat="43.42259" lon="86.219196"><ele>2589</ele></trkpt>
      <trkpt lat="43.422429" lon="86.219139"><ele>2597</ele></trkpt>
      <trkpt lat="43.422326" lon="86.219174"><ele>2604</ele></trkpt>
      <trkpt lat="43.422071" lon="86.219283"><ele>2610</ele></trkpt>
      <trkpt lat="43.422027" lon="86.219353"><ele>2615</ele></trkpt>
      <trkpt lat="43.422047" lon="86.219564"><ele>2609</ele></trkpt>
      <trkpt lat="43.421956" lon="86.219557"><ele>2615</ele></trkpt>
      <trkpt lat="43.421752" lon="86.219417"><ele>2636</ele></trkpt>
      <trkpt lat="43.421633" lon="86.219411"><ele>2642</ele></trkpt>
      <trkpt lat="43.421563" lon="86.219486"><ele>2636</ele></trkpt>
      <trkpt lat="43.421468" lon="86.219475"><ele>2633</ele></trkpt>
      <trkpt lat="43.421428" lon="86.219431"><ele>2637</ele></trkpt>
      <trkpt lat="43.421485" lon="86.21924"><ele>2607</ele></trkpt>
      <trkpt lat="43.421474" lon="86.219168"><ele>2589</ele></trkpt>
      <trkpt lat="43.421219" lon="86.218989"><ele>2588</ele></trkpt>
      <trkpt lat="43.421069" lon="86.218999"><ele>2602</ele></trkpt>
      <trkpt lat="43.420986" lon="86.218958"><ele>2613</ele></trkpt>
      <trkpt lat="43.42094" lon="86.218833"><ele>2617</ele></trkpt>
      <trkpt lat="43.420896" lon="86.218814"><ele>2625</ele></trkpt>
      <trkpt lat="43.420897" lon="86.218885"><ele>2623</ele></trkpt>
      <trkpt lat="43.420557" lon="86.218567"><ele>2627</ele></trkpt>
      <trkpt lat="43.419993" lon="86.218429"><ele>2598</ele></trkpt>
      <trkpt lat="43.419709" lon="86.218439"><ele>2595</ele></trkpt>
      <trkpt lat="43.419234" lon="86.218193"><ele>2589</ele></trkpt>
      <trkpt lat="43.419075" lon="86.217957"><ele>2593</ele></trkpt>
      <trkpt lat="43.418863" lon="86.217792"><ele>2594</ele></trkpt>
      <trkpt lat="43.41864" lon="86.217669"><ele>2588</ele></trkpt>
      <trkpt lat="43.418498" lon="86.217658"><ele>2584</ele></trkpt>
      <trkpt lat="43.418377" lon="86.217525"><ele>2590</ele></trkpt>
      <trkpt lat="43.418235" lon="86.217481"><ele>2596</ele></trkpt>
      <trkpt lat="43.418098" lon="86.21738"><ele>2606</ele></trkpt>
      <trkpt lat="43.418045" lon="86.21738"><ele>2609</ele></trkpt>
      <trkpt lat="43.418089" lon="86.217431"><ele>2602</ele></trkpt>
      <trkpt lat="43.418073" lon="86.217462"><ele>2599</ele></trkpt>
      <trkpt lat="43.417918" lon="86.217476"><ele>2601</ele></trkpt>
      <trkpt lat="43.417637" lon="86.217311"><ele>2612</ele></trkpt>
      <trkpt lat="43.417485" lon="86.217277"><ele>2604</ele></trkpt>
      <trkpt lat="43.417399" lon="86.217319"><ele>2599</ele></trkpt>
      <trkpt lat="43.417106" lon="86.21719"><ele>2612</ele></trkpt>
      <trkpt lat="43.417006" lon="86.217076"><ele>2612</ele></trkpt>
      <trkpt lat="43.416859" lon="86.217079"><ele>2610</ele></trkpt>
      <trkpt lat="43.41674" lon="86.217091"><ele>2611</ele></trkpt>
      <trkpt lat="43.416483" lon="86.217256"><ele>2607</ele></trkpt>
      <trkpt lat="43.416408" lon="86.217384"><ele>2606</ele></trkpt>
      <trkpt lat="43.41627" lon="86.217473"><ele>2602</ele></trkpt>
      <trkpt lat="43.416027" lon="86.217417"><ele>2614</ele></trkpt>
      <trkpt lat="43.41576" lon="86.217446"><ele>2612</ele></trkpt>
      <trkpt lat="43.415277" lon="86.217042"><ele>2630</ele></trkpt>
      <trkpt lat="43.415047" lon="86.217014"><ele>2614</ele></trkpt>
      <trkpt lat="43.414966" lon="86.21696"><ele>2614</ele></trkpt>
      <trkpt lat="43.41486" lon="86.216833"><ele>2620</ele></trkpt>
      <trkpt lat="43.414746" lon="86.216595"><ele>2624</ele></trkpt>
      <trkpt lat="43.41448" lon="86.216403"><ele>2623</ele></trkpt>
      <trkpt lat="43.414373" lon="86.216258"><ele>2627</ele></trkpt>
      <trkpt lat="43.414" lon="86.216247"><ele>2619</ele></trkpt>
      <trkpt lat="43.413943" lon="86.216222"><ele>2619</ele></trkpt>
      <trkpt lat="43.413901" lon="86.21611"><ele>2622</ele></trkpt>
      <trkpt lat="43.413584" lon="86.216061"><ele>2621</ele></trkpt>
      <trkpt lat="43.413608" lon="86.216019"><ele>2617</ele></trkpt>
      <trkpt lat="43.413428" lon="86.215967"><ele>2623</ele></trkpt>
      <trkpt lat="43.413251" lon="86.215849"><ele>2629</ele></trkpt>
      <trkpt lat="43.412992" lon="86.215884"><ele>2627</ele></trkpt>
      <trkpt lat="43.412702" lon="86.215784"><ele>2632</ele></trkpt>
      <trkpt lat="43.412552" lon="86.215787"><ele>2633</ele></trkpt>
      <trkpt lat="43.411524" lon="86.21518"><ele>2643</ele></trkpt>
      <trkpt lat="43.411474" lon="86.215208"><ele>2654</ele></trkpt>
      <trkpt lat="43.410782" lon="86.214869"><ele>2656</ele></trkpt>
      <trkpt lat="43.410379" lon="86.214742"><ele>2656</ele></trkpt>
      <trkpt lat="43.41031" lon="86.214573"><ele>2657</ele></trkpt>
      <trkpt lat="43.410099" lon="86.214406"><ele>2663</ele></trkpt>
      <trkpt lat="43.410009" lon="86.213881"><ele>2677</ele></trkpt>
      <trkpt lat="43.410078" lon="86.213682"><ele>2682</ele></trkpt>
      <trkpt lat="43.410054" lon="86.213556"><ele>2684</ele></trkpt>
      <trkpt lat="43.410114" lon="86.21338"><ele>2682</ele></trkpt>
      <trkpt lat="43.410099" lon="86.213243"><ele>2686</ele></trkpt>
      <trkpt lat="43.410055" lon="86.213213"><ele>2684</ele></trkpt>
      <trkpt lat="43.410046" lon="86.213149"><ele>2688</ele></trkpt>
      <trkpt lat="43.410082" lon="86.212747"><ele>2688</ele></trkpt>
      <trkpt lat="43.41006" lon="86.212472"><ele>2686</ele></trkpt>
      <trkpt lat="43.410089" lon="86.212416"><ele>2688</ele></trkpt>
      <trkpt lat="43.410056" lon="86.212454"><ele>2690</ele></trkpt>
      <trkpt lat="43.410134" lon="86.212378"><ele>2682</ele></trkpt>
      <trkpt lat="43.410074" lon="86.212411"><ele>2690</ele></trkpt>
      <trkpt lat="43.410094" lon="86.212481"><ele>2695</ele></trkpt>
      <trkpt lat="43.410006" lon="86.212437"><ele>2695</ele></trkpt>
      <trkpt lat="43.410105" lon="86.212414"><ele>2692</ele></trkpt>
      <trkpt lat="43.410026" lon="86.212345"><ele>2686</ele></trkpt>
      <trkpt lat="43.409901" lon="86.212335"><ele>2684</ele></trkpt>
      <trkpt lat="43.409707" lon="86.211917"><ele>2694</ele></trkpt>
      <trkpt lat="43.409754" lon="86.211667"><ele>2695</ele></trkpt>
      <trkpt lat="43.409681" lon="86.211371"><ele>2693</ele></trkpt>
      <trkpt lat="43.409719" lon="86.211167"><ele>2694</ele></trkpt>
      <trkpt lat="43.409673" lon="86.211049"><ele>2693</ele></trkpt>
      <trkpt lat="43.409664" lon="86.210863"><ele>2696</ele></trkpt>
      <trkpt lat="43.409735" lon="86.210489"><ele>2703</ele></trkpt>
      <trkpt lat="43.409761" lon="86.210012"><ele>2703</ele></trkpt>
      <trkpt lat="43.409668" lon="86.2097"><ele>2702</ele></trkpt>
      <trkpt lat="43.409698" lon="86.209612"><ele>2702</ele></trkpt>
      <trkpt lat="43.409622" lon="86.209348"><ele>2701</ele></trkpt>
      <trkpt lat="43.409574" lon="86.208841"><ele>2707</ele></trkpt>
      <trkpt lat="43.409516" lon="86.208728"><ele>2707</ele></trkpt>
      <trkpt lat="43.409501" lon="86.208617"><ele>2708</ele></trkpt>
      <trkpt lat="43.409534" lon="86.20847"><ele>2710</ele></trkpt>
      <trkpt lat="43.409497" lon="86.208486"><ele>2711</ele></trkpt>
      <trkpt lat="43.409484" lon="86.208551"><ele>2725</ele></trkpt>
      <trkpt lat="43.409458" lon="86.208283"><ele>2718</ele></trkpt>
      <trkpt lat="43.409479" lon="86.208076"><ele>2719</ele></trkpt>
      <trkpt lat="43.409369" lon="86.207717"><ele>2720</ele></trkpt>
      <trkpt lat="43.409262" lon="86.207573"><ele>2724</ele></trkpt>
      <trkpt lat="43.409303" lon="86.207399"><ele>2723</ele></trkpt>
      <trkpt lat="43.409241" lon="86.207268"><ele>2721</ele></trkpt>
      <trkpt lat="43.409246" lon="86.207"><ele>2718</ele></trkpt>
      <trkpt lat="43.409099" lon="86.206832"><ele>2722</ele></trkpt>
      <trkpt lat="43.409009" lon="86.206809"><ele>2726</ele></trkpt>
      <trkpt lat="43.408977" lon="86.206618"><ele>2726</ele></trkpt>
      <trkpt lat="43.408816" lon="86.206393"><ele>2730</ele></trkpt>
      <trkpt lat="43.408781" lon="86.206362"><ele>2730</ele></trkpt>
      <trkpt lat="43.408745" lon="86.206425"><ele>2740</ele></trkpt>
      <trkpt lat="43.408666" lon="86.206265"><ele>2736</ele></trkpt>
      <trkpt lat="43.408616" lon="86.206011"><ele>2736</ele></trkpt>
      <trkpt lat="43.408381" lon="86.20595"><ele>2739</ele></trkpt>
      <trkpt lat="43.408291" lon="86.2058"><ele>2739</ele></trkpt>
      <trkpt lat="43.408286" lon="86.20561"><ele>2737</ele></trkpt>
      <trkpt lat="43.407973" lon="86.205259"><ele>2743</ele></trkpt>
      <trkpt lat="43.407681" lon="86.204803"><ele>2744</ele></trkpt>
      <trkpt lat="43.407555" lon="86.204318"><ele>2747</ele></trkpt>
      <trkpt lat="43.407396" lon="86.203891"><ele>2747</ele></trkpt>
      <trkpt lat="43.407292" lon="86.203665"><ele>2749</ele></trkpt>
      <trkpt lat="43.407074" lon="86.203358"><ele>2756</ele></trkpt>
      <trkpt lat="43.40696" lon="86.202919"><ele>2766</ele></trkpt>
      <trkpt lat="43.406914" lon="86.202921"><ele>2768</ele></trkpt>
      <trkpt lat="43.406874" lon="86.202789"><ele>2775</ele></trkpt>
      <trkpt lat="43.406772" lon="86.202658"><ele>2777</ele></trkpt>
      <trkpt lat="43.406745" lon="86.202268"><ele>2783</ele></trkpt>
      <trkpt lat="43.406684" lon="86.202084"><ele>2782</ele></trkpt>
      <trkpt lat="43.406632" lon="86.201708"><ele>2789</ele></trkpt>
      <trkpt lat="43.406542" lon="86.201484"><ele>2793</ele></trkpt>
      <trkpt lat="43.406558" lon="86.201359"><ele>2795</ele></trkpt>
      <trkpt lat="43.406365" lon="86.20089"><ele>2790</ele></trkpt>
      <trkpt lat="43.406362" lon="86.20063"><ele>2791</ele></trkpt>
      <trkpt lat="43.406394" lon="86.200654"><ele>2793</ele></trkpt>
      <trkpt lat="43.406349" lon="86.200468"><ele>2795</ele></trkpt>
      <trkpt lat="43.406338" lon="86.200056"><ele>2794</ele></trkpt>
      <trkpt lat="43.406281" lon="86.199792"><ele>2792</ele></trkpt>
      <trkpt lat="43.406287" lon="86.199579"><ele>2792</ele></trkpt>
      <trkpt lat="43.406227" lon="86.199345"><ele>2793</ele></trkpt>
      <trkpt lat="43.406202" lon="86.199068"><ele>2791</ele></trkpt>
      <trkpt lat="43.406299" lon="86.198175"><ele>2792</ele></trkpt>
      <trkpt lat="43.406228" lon="86.197855"><ele>2791</ele></trkpt>
      <trkpt lat="43.406252" lon="86.197802"><ele>2791</ele></trkpt>
      <trkpt lat="43.406242" lon="86.197601"><ele>2789</ele></trkpt>
      <trkpt lat="43.406173" lon="86.197329"><ele>2791</ele></trkpt>
      <trkpt lat="43.406083" lon="86.197148"><ele>2795</ele></trkpt>
      <trkpt lat="43.406046" lon="86.196821"><ele>2793</ele></trkpt>
      <trkpt lat="43.405975" lon="86.196771"><ele>2798</ele></trkpt>
      <trkpt lat="43.405884" lon="86.196302"><ele>2801</ele></trkpt>
      <trkpt lat="43.405895" lon="86.195896"><ele>2801</ele></trkpt>
      <trkpt lat="43.405942" lon="86.195777"><ele>2805</ele></trkpt>
      <trkpt lat="43.405908" lon="86.195594"><ele>2802</ele></trkpt>
      <trkpt lat="43.405926" lon="86.195458"><ele>2801</ele></trkpt>
      <trkpt lat="43.405866" lon="86.195361"><ele>2806</ele></trkpt>
      <trkpt lat="43.40579" lon="86.195097"><ele>2810</ele></trkpt>
      <trkpt lat="43.40575" lon="86.194702"><ele>2812</ele></trkpt>
      <trkpt lat="43.405722" lon="86.194639"><ele>2813</ele></trkpt>
      <trkpt lat="43.405661" lon="86.194616"><ele>2821</ele></trkpt>
      <trkpt lat="43.405676" lon="86.194509"><ele>2820</ele></trkpt>
      <trkpt lat="43.405606" lon="86.194299"><ele>2820</ele></trkpt>
      <trkpt lat="43.405635" lon="86.194107"><ele>2815</ele></trkpt>
      <trkpt lat="43.405601" lon="86.193983"><ele>2818</ele></trkpt>
      <trkpt lat="43.405653" lon="86.193942"><ele>2819</ele></trkpt>
      <trkpt lat="43.405571" lon="86.19396"><ele>2821</ele></trkpt>
      <trkpt lat="43.405522" lon="86.194063"><ele>2818</ele></trkpt>
      <trkpt lat="43.405542" lon="86.194002"><ele>2828</ele></trkpt>
      <trkpt lat="43.405492" lon="86.193977"><ele>2828</ele></trkpt>
      <trkpt lat="43.40554" lon="86.193967"><ele>2819</ele></trkpt>
      <trkpt lat="43.405528" lon="86.194025"><ele>2823</ele></trkpt>
      <trkpt lat="43.405491" lon="86.193968"><ele>2820</ele></trkpt>
      <trkpt lat="43.405526" lon="86.193713"><ele>2818</ele></trkpt>
      <trkpt lat="43.405382" lon="86.193509"><ele>2827</ele></trkpt>
      <trkpt lat="43.405353" lon="86.19301"><ele>2823</ele></trkpt>
      <trkpt lat="43.405295" lon="86.192875"><ele>2821</ele></trkpt>
      <trkpt lat="43.40524" lon="86.192868"><ele>2823</ele></trkpt>
      <trkpt lat="43.405112" lon="86.192724"><ele>2828</ele></trkpt>
      <trkpt lat="43.405101" lon="86.192611"><ele>2825</ele></trkpt>
      <trkpt lat="43.405053" lon="86.192623"><ele>2828</ele></trkpt>
      <trkpt lat="43.405035" lon="86.192565"><ele>2827</ele></trkpt>
      <trkpt lat="43.405016" lon="86.192367"><ele>2826</ele></trkpt>
      <trkpt lat="43.404891" lon="86.192256"><ele>2831</ele></trkpt>
      <trkpt lat="43.404843" lon="86.192066"><ele>2832</ele></trkpt>
      <trkpt lat="43.404873" lon="86.191874"><ele>2830</ele></trkpt>
      <trkpt lat="43.404717" lon="86.191856"><ele>2834</ele></trkpt>
      <trkpt lat="43.404626" lon="86.191596"><ele>2833</ele></trkpt>
      <trkpt lat="43.404405" lon="86.191445"><ele>2835</ele></trkpt>
      <trkpt lat="43.404398" lon="86.191326"><ele>2835</ele></trkpt>
      <trkpt lat="43.40436" lon="86.19127"><ele>2836</ele></trkpt>
      <trkpt lat="43.404229" lon="86.191183"><ele>2840</ele></trkpt>
      <trkpt lat="43.40412" lon="86.191026"><ele>2842</ele></trkpt>
      <trkpt lat="43.404051" lon="86.190542"><ele>2847</ele></trkpt>
      <trkpt lat="43.40381" lon="86.190112"><ele>2851</ele></trkpt>
      <trkpt lat="43.403764" lon="86.189932"><ele>2849</ele></trkpt>
      <trkpt lat="43.403657" lon="86.189789"><ele>2849</ele></trkpt>
      <trkpt lat="43.403582" lon="86.189544"><ele>2852</ele></trkpt>
      <trkpt lat="43.403518" lon="86.189446"><ele>2850</ele></trkpt>
      <trkpt lat="43.403417" lon="86.189069"><ele>2850</ele></trkpt>
      <trkpt lat="43.403179" lon="86.1888"><ele>2847</ele></trkpt>
      <trkpt lat="43.403037" lon="86.188474"><ele>2843</ele></trkpt>
      <trkpt lat="43.402768" lon="86.188097"><ele>2849</ele></trkpt>
      <trkpt lat="43.402636" lon="86.188016"><ele>2856</ele></trkpt>
      <trkpt lat="43.402561" lon="86.187859"><ele>2855</ele></trkpt>
      <trkpt lat="43.402361" lon="86.187697"><ele>2862</ele></trkpt>
      <trkpt lat="43.402098" lon="86.186982"><ele>2861</ele></trkpt>
      <trkpt lat="43.401789" lon="86.18645"><ele>2863</ele></trkpt>
      <trkpt lat="43.401755" lon="86.186316"><ele>2863</ele></trkpt>
      <trkpt lat="43.401762" lon="86.186181"><ele>2862</ele></trkpt>
      <trkpt lat="43.401668" lon="86.185963"><ele>2860</ele></trkpt>
      <trkpt lat="43.401467" lon="86.185777"><ele>2868</ele></trkpt>
      <trkpt lat="43.401428" lon="86.185591"><ele>2865</ele></trkpt>
      <trkpt lat="43.401332" lon="86.185557"><ele>2869</ele></trkpt>
      <trkpt lat="43.40128" lon="86.185432"><ele>2867</ele></trkpt>
      <trkpt lat="43.401208" lon="86.185365"><ele>2870</ele></trkpt>
      <trkpt lat="43.401178" lon="86.185234"><ele>2866</ele></trkpt>
      <trkpt lat="43.400877" lon="86.184766"><ele>2870</ele></trkpt>
      <trkpt lat="43.400794" lon="86.184548"><ele>2872</ele></trkpt>
      <trkpt lat="43.400702" lon="86.184533"><ele>2878</ele></trkpt>
      <trkpt lat="43.400622" lon="86.184247"><ele>2879</ele></trkpt>
      <trkpt lat="43.400468" lon="86.184077"><ele>2881</ele></trkpt>
      <trkpt lat="43.400388" lon="86.184053"><ele>2882</ele></trkpt>
      <trkpt lat="43.400177" lon="86.183556"><ele>2884</ele></trkpt>
      <trkpt lat="43.400049" lon="86.183433"><ele>2888</ele></trkpt>
      <trkpt lat="43.40005" lon="86.183229"><ele>2885</ele></trkpt>
      <trkpt lat="43.399959" lon="86.183059"><ele>2884</ele></trkpt>
      <trkpt lat="43.399712" lon="86.182818"><ele>2889</ele></trkpt>
      <trkpt lat="43.399581" lon="86.182626"><ele>2891</ele></trkpt>
      <trkpt lat="43.399291" lon="86.18237"><ele>2890</ele></trkpt>
      <trkpt lat="43.399131" lon="86.181995"><ele>2893</ele></trkpt>
      <trkpt lat="43.398731" lon="86.181517"><ele>2894</ele></trkpt>
      <trkpt lat="43.398685" lon="86.181178"><ele>2892</ele></trkpt>
      <trkpt lat="43.398216" lon="86.180029"><ele>2900</ele></trkpt>
      <trkpt lat="43.398061" lon="86.179462"><ele>2901</ele></trkpt>
      <trkpt lat="43.397842" lon="86.179075"><ele>2911</ele></trkpt>
      <trkpt lat="43.397737" lon="86.178636"><ele>2910</ele></trkpt>
      <trkpt lat="43.397746" lon="86.178377"><ele>2911</ele></trkpt>
      <trkpt lat="43.397605" lon="86.1781"><ele>2918</ele></trkpt>
      <trkpt lat="43.39722" lon="86.177786"><ele>2926</ele></trkpt>
      <trkpt lat="43.397127" lon="86.17777"><ele>2927</ele></trkpt>
      <trkpt lat="43.397037" lon="86.177696"><ele>2927</ele></trkpt>
      <trkpt lat="43.396661" lon="86.177272"><ele>2932</ele></trkpt>
      <trkpt lat="43.396465" lon="86.177255"><ele>2932</ele></trkpt>
      <trkpt lat="43.396227" lon="86.177163"><ele>2935</ele></trkpt>
      <trkpt lat="43.39596" lon="86.176988"><ele>2938</ele></trkpt>
      <trkpt lat="43.395798" lon="86.17698"><ele>2937</ele></trkpt>
      <trkpt lat="43.395569" lon="86.176897"><ele>2940</ele></trkpt>
      <trkpt lat="43.395279" lon="86.176987"><ele>2943</ele></trkpt>
      <trkpt lat="43.394798" lon="86.17695"><ele>2949</ele></trkpt>
      <trkpt lat="43.394741" lon="86.177037"><ele>2949</ele></trkpt>
      <trkpt lat="43.394642" lon="86.177057"><ele>2950</ele></trkpt>
      <trkpt lat="43.394545" lon="86.177023"><ele>2947</ele></trkpt>
      <trkpt lat="43.394471" lon="86.176924"><ele>2952</ele></trkpt>
      <trkpt lat="43.394333" lon="86.176966"><ele>2951</ele></trkpt>
      <trkpt lat="43.394206" lon="86.176883"><ele>2955</ele></trkpt>
      <trkpt lat="43.39406" lon="86.176867"><ele>2960</ele></trkpt>
      <trkpt lat="43.393961" lon="86.176657"><ele>2962</ele></trkpt>
      <trkpt lat="43.393582" lon="86.176382"><ele>2969</ele></trkpt>
      <trkpt lat="43.39326" lon="86.175924"><ele>2975</ele></trkpt>
      <trkpt lat="43.393182" lon="86.175866"><ele>2977</ele></trkpt>
      <trkpt lat="43.392939" lon="86.175833"><ele>2978</ele></trkpt>
      <trkpt lat="43.39281" lon="86.175741"><ele>2977</ele></trkpt>
      <trkpt lat="43.392799" lon="86.175794"><ele>2976</ele></trkpt>
      <trkpt lat="43.392715" lon="86.175842"><ele>2974</ele></trkpt>
      <trkpt lat="43.392758" lon="86.175855"><ele>2976</ele></trkpt>
      <trkpt lat="43.392817" lon="86.17576"><ele>2974</ele></trkpt>
      <trkpt lat="43.392864" lon="86.17576"><ele>2978</ele></trkpt>
      <trkpt lat="43.392861" lon="86.175577"><ele>2977</ele></trkpt>
      <trkpt lat="43.392806" lon="86.175311"><ele>2978</ele></trkpt>
      <trkpt lat="43.392687" lon="86.175088"><ele>2980</ele></trkpt>
      <trkpt lat="43.392261" lon="86.174551"><ele>2983</ele></trkpt>
      <trkpt lat="43.392114" lon="86.174473"><ele>2986</ele></trkpt>
      <trkpt lat="43.391959" lon="86.174299"><ele>2988</ele></trkpt>
      <trkpt lat="43.391816" lon="86.174228"><ele>2988</ele></trkpt>
      <trkpt lat="43.391627" lon="86.173786"><ele>2998</ele></trkpt>
      <trkpt lat="43.391587" lon="86.173759"><ele>2998</ele></trkpt>
      <trkpt lat="43.391175" lon="86.173541"><ele>2998</ele></trkpt>
      <trkpt lat="43.390894" lon="86.173477"><ele>3004</ele></trkpt>
      <trkpt lat="43.390639" lon="86.173777"><ele>3003</ele></trkpt>
      <trkpt lat="43.390293" lon="86.173874"><ele>3005</ele></trkpt>
      <trkpt lat="43.390213" lon="86.173955"><ele>3006</ele></trkpt>
      <trkpt lat="43.390205" lon="86.174027"><ele>3008</ele></trkpt>
      <trkpt lat="43.390089" lon="86.174139"><ele>3009</ele></trkpt>
      <trkpt lat="43.389994" lon="86.174154"><ele>3011</ele></trkpt>
      <trkpt lat="43.389839" lon="86.174284"><ele>3015</ele></trkpt>
      <trkpt lat="43.389605" lon="86.174299"><ele>3018</ele></trkpt>
      <trkpt lat="43.389479" lon="86.174413"><ele>3020</ele></trkpt>
      <trkpt lat="43.389342" lon="86.174443"><ele>3021</ele></trkpt>
      <trkpt lat="43.389129" lon="86.174573"><ele>3030</ele></trkpt>
      <trkpt lat="43.388954" lon="86.174508"><ele>3034</ele></trkpt>
      <trkpt lat="43.388835" lon="86.174411"><ele>3042</ele></trkpt>
      <trkpt lat="43.388432" lon="86.174402"><ele>3044</ele></trkpt>
      <trkpt lat="43.388289" lon="86.174242"><ele>3050</ele></trkpt>
      <trkpt lat="43.388195" lon="86.174285"><ele>3049</ele></trkpt>
      <trkpt lat="43.388124" lon="86.174243"><ele>3051</ele></trkpt>
      <trkpt lat="43.387837" lon="86.174349"><ele>3046</ele></trkpt>
      <trkpt lat="43.387703" lon="86.174313"><ele>3046</ele></trkpt>
      <trkpt lat="43.387543" lon="86.174395"><ele>3060</ele></trkpt>
      <trkpt lat="43.387464" lon="86.174334"><ele>3061</ele></trkpt>
      <trkpt lat="43.387201" lon="86.174415"><ele>3069</ele></trkpt>
      <trkpt lat="43.387125" lon="86.174482"><ele>3075</ele></trkpt>
      <trkpt lat="43.386886" lon="86.174439"><ele>3077</ele></trkpt>
      <trkpt lat="43.386849" lon="86.174479"><ele>3078</ele></trkpt>
      <trkpt lat="43.386816" lon="86.174443"><ele>3081</ele></trkpt>
      <trkpt lat="43.386624" lon="86.174465"><ele>3097</ele></trkpt>
      <trkpt lat="43.386489" lon="86.174307"><ele>3104</ele></trkpt>
      <trkpt lat="43.386399" lon="86.174287"><ele>3105</ele></trkpt>
      <trkpt lat="43.3863" lon="86.174348"><ele>3112</ele></trkpt>
      <trkpt lat="43.386281" lon="86.174404"><ele>3111</ele></trkpt>
      <trkpt lat="43.386103" lon="86.174499"><ele>3119</ele></trkpt>
      <trkpt lat="43.385952" lon="86.174512"><ele>3131</ele></trkpt>
      <trkpt lat="43.385876" lon="86.174435"><ele>3129</ele></trkpt>
      <trkpt lat="43.385744" lon="86.174526"><ele>3137</ele></trkpt>
      <trkpt lat="43.385647" lon="86.174503"><ele>3131</ele></trkpt>
      <trkpt lat="43.38552" lon="86.174593"><ele>3142</ele></trkpt>
      <trkpt lat="43.385432" lon="86.174544"><ele>3139</ele></trkpt>
      <trkpt lat="43.38534" lon="86.174586"><ele>3143</ele></trkpt>
      <trkpt lat="43.385193" lon="86.174554"><ele>3139</ele></trkpt>
      <trkpt lat="43.385121" lon="86.174634"><ele>3146</ele></trkpt>
      <trkpt lat="43.385035" lon="86.174666"><ele>3147</ele></trkpt>
      <trkpt lat="43.384999" lon="86.174627"><ele>3148</ele></trkpt>
      <trkpt lat="43.384882" lon="86.174718"><ele>3160</ele></trkpt>
      <trkpt lat="43.384803" lon="86.174668"><ele>3159</ele></trkpt>
      <trkpt lat="43.384536" lon="86.174782"><ele>3170</ele></trkpt>
      <trkpt lat="43.384195" lon="86.17475"><ele>3192</ele></trkpt>
      <trkpt lat="43.384304" lon="86.174783"><ele>3189</ele></trkpt>
      <trkpt lat="43.38429" lon="86.174845"><ele>3193</ele></trkpt>
      <trkpt lat="43.384211" lon="86.174785"><ele>3191</ele></trkpt>
      <trkpt lat="43.384116" lon="86.174797"><ele>3198</ele></trkpt>
      <trkpt lat="43.384027" lon="86.174751"><ele>3203</ele></trkpt>
      <trkpt lat="43.383898" lon="86.174798"><ele>3215</ele></trkpt>
      <trkpt lat="43.383873" lon="86.174682"><ele>3214</ele></trkpt>
      <trkpt lat="43.383875" lon="86.174733"><ele>3213</ele></trkpt>
      <trkpt lat="43.38381" lon="86.17464"><ele>3213</ele></trkpt>
      <trkpt lat="43.383795" lon="86.174517"><ele>3225</ele></trkpt>
      <trkpt lat="43.383712" lon="86.174506"><ele>3228</ele></trkpt>
      <trkpt lat="43.383631" lon="86.174567"><ele>3234</ele></trkpt>
      <trkpt lat="43.383541" lon="86.174568"><ele>3237</ele></trkpt>
      <trkpt lat="43.383395" lon="86.174719"><ele>3243</ele></trkpt>
      <trkpt lat="43.383418" lon="86.174774"><ele>3237</ele></trkpt>
      <trkpt lat="43.383315" lon="86.174909"><ele>3245</ele></trkpt>
      <trkpt lat="43.38335" lon="86.174954"><ele>3245</ele></trkpt>
      <trkpt lat="43.383119" lon="86.175049"><ele>3252</ele></trkpt>
      <trkpt lat="43.383005" lon="86.175163"><ele>3259</ele></trkpt>
      <trkpt lat="43.382575" lon="86.175373"><ele>3256</ele></trkpt>
      <trkpt lat="43.382528" lon="86.175363"><ele>3260</ele></trkpt>
      <trkpt lat="43.382434" lon="86.175229"><ele>3258</ele></trkpt>
      <trkpt lat="43.382246" lon="86.175154"><ele>3268</ele></trkpt>
      <trkpt lat="43.382101" lon="86.175164"><ele>3273</ele></trkpt>
      <trkpt lat="43.381771" lon="86.175019"><ele>3286</ele></trkpt>
      <trkpt lat="43.381619" lon="86.17487"><ele>3284</ele></trkpt>
      <trkpt lat="43.38157" lon="86.174872"><ele>3284</ele></trkpt>
      <trkpt lat="43.381453" lon="86.174685"><ele>3283</ele></trkpt>
      <trkpt lat="43.381408" lon="86.174698"><ele>3288</ele></trkpt>
      <trkpt lat="43.381336" lon="86.17463"><ele>3301</ele></trkpt>
      <trkpt lat="43.381246" lon="86.174653"><ele>3304</ele></trkpt>
      <trkpt lat="43.381239" lon="86.174591"><ele>3295</ele></trkpt>
      <trkpt lat="43.380973" lon="86.174434"><ele>3309</ele></trkpt>
      <trkpt lat="43.380869" lon="86.174317"><ele>3303</ele></trkpt>
      <trkpt lat="43.38082" lon="86.174329"><ele>3306</ele></trkpt>
      <trkpt lat="43.380748" lon="86.174176"><ele>3308</ele></trkpt>
      <trkpt lat="43.380494" lon="86.174006"><ele>3315</ele></trkpt>
      <trkpt lat="43.380416" lon="86.174069"><ele>3317</ele></trkpt>
      <trkpt lat="43.380442" lon="86.174186"><ele>3320</ele></trkpt>
      <trkpt lat="43.38049" lon="86.174227"><ele>3318</ele></trkpt>
      <trkpt lat="43.380371" lon="86.174111"><ele>3322</ele></trkpt>
      <trkpt lat="43.380266" lon="86.174397"><ele>3309</ele></trkpt>
      <trkpt lat="43.380128" lon="86.174424"><ele>3314</ele></trkpt>
      <trkpt lat="43.380071" lon="86.17454"><ele>3312</ele></trkpt>
      <trkpt lat="43.379946" lon="86.17461"><ele>3321</ele></trkpt>
      <trkpt lat="43.379914" lon="86.174561"><ele>3320</ele></trkpt>
      <trkpt lat="43.379839" lon="86.174643"><ele>3328</ele></trkpt>
      <trkpt lat="43.379665" lon="86.174654"><ele>3331</ele></trkpt>
      <trkpt lat="43.379168" lon="86.17516"><ele>3345</ele></trkpt>
      <trkpt lat="43.379078" lon="86.175104"><ele>3347</ele></trkpt>
      <trkpt lat="43.378891" lon="86.175128"><ele>3355</ele></trkpt>
      <trkpt lat="43.378809" lon="86.175076"><ele>3356</ele></trkpt>
      <trkpt lat="43.378688" lon="86.175165"><ele>3361</ele></trkpt>
      <trkpt lat="43.378311" lon="86.175155"><ele>3366</ele></trkpt>
      <trkpt lat="43.378242" lon="86.175073"><ele>3369</ele></trkpt>
      <trkpt lat="43.378074" lon="86.17499"><ele>3372</ele></trkpt>
      <trkpt lat="43.377861" lon="86.175104"><ele>3379</ele></trkpt>
      <trkpt lat="43.377612" lon="86.175404"><ele>3375</ele></trkpt>
      <trkpt lat="43.377297" lon="86.175142"><ele>3375</ele></trkpt>
      <trkpt lat="43.377249" lon="86.175155"><ele>3380</ele></trkpt>
      <trkpt lat="43.377064" lon="86.174958"><ele>3387</ele></trkpt>
      <trkpt lat="43.37702" lon="86.174848"><ele>3388</ele></trkpt>
      <trkpt lat="43.376845" lon="86.174779"><ele>3387</ele></trkpt>
      <trkpt lat="43.376845" lon="86.174844"><ele>3392</ele></trkpt>
      <trkpt lat="43.376769" lon="86.174915"><ele>3393</ele></trkpt>
      <trkpt lat="43.376674" lon="86.174909"><ele>3394</ele></trkpt>
      <trkpt lat="43.376617" lon="86.174806"><ele>3392</ele></trkpt>
      <trkpt lat="43.376484" lon="86.174751"><ele>3395</ele></trkpt>
      <trkpt lat="43.376385" lon="86.174614"><ele>3398</ele></trkpt>
      <trkpt lat="43.37615" lon="86.174604"><ele>3398</ele></trkpt>
      <trkpt lat="43.375842" lon="86.174811"><ele>3394</ele></trkpt>
      <trkpt lat="43.375629" lon="86.17472"><ele>3401</ele></trkpt>
      <trkpt lat="43.375562" lon="86.174804"><ele>3404</ele></trkpt>
      <trkpt lat="43.375372" lon="86.174773"><ele>3405</ele></trkpt>
      <trkpt lat="43.37531" lon="86.174867"><ele>3408</ele></trkpt>
      <trkpt lat="43.375136" lon="86.174974"><ele>3410</ele></trkpt>
      <trkpt lat="43.375047" lon="86.174916"><ele>3403</ele></trkpt>
      <trkpt lat="43.37498" lon="86.175012"><ele>3400</ele></trkpt>
      <trkpt lat="43.374794" lon="86.175039"><ele>3409</ele></trkpt>
      <trkpt lat="43.374512" lon="86.174982"><ele>3413</ele></trkpt>
      <trkpt lat="43.374181" lon="86.175079"><ele>3415</ele></trkpt>
      <trkpt lat="43.37399" lon="86.175187"><ele>3414</ele></trkpt>
      <trkpt lat="43.373798" lon="86.175382"><ele>3414</ele></trkpt>
      <trkpt lat="43.373622" lon="86.175491"><ele>3412</ele></trkpt>
      <trkpt lat="43.373476" lon="86.17547"><ele>3408</ele></trkpt>
      <trkpt lat="43.373043" lon="86.175582"><ele>3399</ele></trkpt>
      <trkpt lat="43.373006" lon="86.175623"><ele>3406</ele></trkpt>
      <trkpt lat="43.373068" lon="86.175655"><ele>3419</ele></trkpt>
      <trkpt lat="43.3731" lon="86.17561"><ele>3427</ele></trkpt>
      <trkpt lat="43.373061" lon="86.175574"><ele>3418</ele></trkpt>
      <trkpt lat="43.373017" lon="86.175671"><ele>3410</ele></trkpt>
      <trkpt lat="43.373051" lon="86.175624"><ele>3407</ele></trkpt>
      <trkpt lat="43.373083" lon="86.175641"><ele>3407</ele></trkpt>
      <trkpt lat="43.373052" lon="86.175646"><ele>3413</ele></trkpt>
      <trkpt lat="43.373012" lon="86.175576"><ele>3410</ele></trkpt>
      <trkpt lat="43.373097" lon="86.175629"><ele>3399</ele></trkpt>
      <trkpt lat="43.373003" lon="86.175599"><ele>3413</ele></trkpt>
      <trkpt lat="43.372884" lon="86.175696"><ele>3418</ele></trkpt>
      <trkpt lat="43.372811" lon="86.175802"><ele>3417</ele></trkpt>
      <trkpt lat="43.372815" lon="86.175874"><ele>3419</ele></trkpt>
      <trkpt lat="43.373064" lon="86.175671"><ele>3411</ele></trkpt>
      <trkpt lat="43.373091" lon="86.175614"><ele>3411</ele></trkpt>
      <trkpt lat="43.373045" lon="86.175609"><ele>3424</ele></trkpt>
      <trkpt lat="43.373085" lon="86.175576"><ele>3413</ele></trkpt>
      <trkpt lat="43.373093" lon="86.175645"><ele>3422</ele></trkpt>
      <trkpt lat="43.373036" lon="86.175619"><ele>3434</ele></trkpt>
      <trkpt lat="43.373053" lon="86.175712"><ele>3431</ele></trkpt>
      <trkpt lat="43.373074" lon="86.175656"><ele>3427</ele></trkpt>
      <trkpt lat="43.373045" lon="86.175608"><ele>3424</ele></trkpt>
      <trkpt lat="43.372988" lon="86.175791"><ele>3449</ele></trkpt>
      <trkpt lat="43.373049" lon="86.175622"><ele>3430</ele></trkpt>
      <trkpt lat="43.372925" lon="86.175659"><ele>3431</ele></trkpt>
      <trkpt lat="43.373098" lon="86.175699"><ele>3430</ele></trkpt>
      <trkpt lat="43.373056" lon="86.175677"><ele>3431</ele></trkpt>
      <trkpt lat="43.373024" lon="86.175573"><ele>3423</ele></trkpt>
      <trkpt lat="43.37308" lon="86.175626"><ele>3434</ele></trkpt>
      <trkpt lat="43.373017" lon="86.175574"><ele>3429</ele></trkpt>
      <trkpt lat="43.373107" lon="86.175585"><ele>3416</ele></trkpt>
      <trkpt lat="43.373009" lon="86.175655"><ele>3427</ele></trkpt>
      <trkpt lat="43.373084" lon="86.175601"><ele>3417</ele></trkpt>
      <trkpt lat="43.373035" lon="86.175525"><ele>3436</ele></trkpt>
      <trkpt lat="43.37307" lon="86.175693"><ele>3434</ele></trkpt>
      <trkpt lat="43.373063" lon="86.175632"><ele>3430</ele></trkpt>
      <trkpt lat="43.373023" lon="86.175793"><ele>3440</ele></trkpt>
      <trkpt lat="43.372978" lon="86.175738"><ele>3447</ele></trkpt>
      <trkpt lat="43.373065" lon="86.175649"><ele>3423</ele></trkpt>
      <trkpt lat="43.372915" lon="86.175903"><ele>3471</ele></trkpt>
      <trkpt lat="43.372741" lon="86.175744"><ele>3470</ele></trkpt>
      <trkpt lat="43.372905" lon="86.175828"><ele>3470</ele></trkpt>
      <trkpt lat="43.372797" lon="86.17586"><ele>3473</ele></trkpt>
      <trkpt lat="43.373409" lon="86.175564"><ele>3447</ele></trkpt>
      <trkpt lat="43.37314" lon="86.175546"><ele>3452</ele></trkpt>
      <trkpt lat="43.373076" lon="86.175596"><ele>3423</ele></trkpt>
      <trkpt lat="43.373132" lon="86.175572"><ele>3404</ele></trkpt>
      <trkpt lat="43.373084" lon="86.175594"><ele>3413</ele></trkpt>
      <trkpt lat="43.373047" lon="86.175703"><ele>3437</ele></trkpt>
      <trkpt lat="43.373083" lon="86.175665"><ele>3427</ele></trkpt>
      <trkpt lat="43.373046" lon="86.175591"><ele>3417</ele></trkpt>
      <trkpt lat="43.373128" lon="86.175553"><ele>3423</ele></trkpt>
      <trkpt lat="43.373056" lon="86.175645"><ele>3433</ele></trkpt>
      <trkpt lat="43.373143" lon="86.175604"><ele>3423</ele></trkpt>
      <trkpt lat="43.373097" lon="86.175593"><ele>3432</ele></trkpt>
      <trkpt lat="43.37304" lon="86.175651"><ele>3432</ele></trkpt>
      <trkpt lat="43.373119" lon="86.175691"><ele>3426</ele></trkpt>
      <trkpt lat="43.373013" lon="86.175608"><ele>3426</ele></trkpt>
      <trkpt lat="43.373061" lon="86.175539"><ele>3440</ele></trkpt>
      <trkpt lat="43.373081" lon="86.175629"><ele>3428</ele></trkpt>
      <trkpt lat="43.373036" lon="86.175524"><ele>3404</ele></trkpt>
      <trkpt lat="43.373111" lon="86.175536"><ele>3397</ele></trkpt>
      <trkpt lat="43.373111" lon="86.175471"><ele>3389</ele></trkpt>
      <trkpt lat="43.373044" lon="86.175586"><ele>3427</ele></trkpt>
      <trkpt lat="43.373055" lon="86.175655"><ele>3425</ele></trkpt>
      <trkpt lat="43.373017" lon="86.175543"><ele>3422</ele></trkpt>
      <trkpt lat="43.373054" lon="86.175581"><ele>3419</ele></trkpt>
      <trkpt lat="43.373" lon="86.175542"><ele>3418</ele></trkpt>
      <trkpt lat="43.37294" lon="86.175579"><ele>3418</ele></trkpt>
      <trkpt lat="43.373021" lon="86.175594"><ele>3416</ele></trkpt>
      <trkpt lat="43.372967" lon="86.175573"><ele>3418</ele></trkpt>
      <trkpt lat="43.373012" lon="86.1757"><ele>3419</ele></trkpt>
      <trkpt lat="43.373067" lon="86.175605"><ele>3430</ele></trkpt>
      <trkpt lat="43.373196" lon="86.175602"><ele>3391</ele></trkpt>
      <trkpt lat="43.373176" lon="86.175546"><ele>3365</ele></trkpt>
      <trkpt lat="43.373125" lon="86.175574"><ele>3390</ele></trkpt>
      <trkpt lat="43.373176" lon="86.175536"><ele>3379</ele></trkpt>
      <trkpt lat="43.373163" lon="86.17546"><ele>3372</ele></trkpt>
      <trkpt lat="43.373177" lon="86.175494"><ele>3369</ele></trkpt>
      <trkpt lat="43.373045" lon="86.175642"><ele>3431</ele></trkpt>
      <trkpt lat="43.372825" lon="86.175825"><ele>3426</ele></trkpt>
      <trkpt lat="43.37285" lon="86.175881"><ele>3424</ele></trkpt>
      <trkpt lat="43.373023" lon="86.175967"><ele>3400</ele></trkpt>
      <trkpt lat="43.372988" lon="86.175998"><ele>3397</ele></trkpt>
      <trkpt lat="43.372985" lon="86.176113"><ele>3417</ele></trkpt>
      <trkpt lat="43.373032" lon="86.176226"><ele>3424</ele></trkpt>
      <trkpt lat="43.372908" lon="86.176397"><ele>3436</ele></trkpt>
      <trkpt lat="43.37272" lon="86.176466"><ele>3439</ele></trkpt>
      <trkpt lat="43.372541" lon="86.176902"><ele>3453</ele></trkpt>
      <trkpt lat="43.372412" lon="86.177079"><ele>3455</ele></trkpt>
      <trkpt lat="43.372322" lon="86.177116"><ele>3459</ele></trkpt>
      <trkpt lat="43.372322" lon="86.177305"><ele>3464</ele></trkpt>
      <trkpt lat="43.372242" lon="86.177369"><ele>3468</ele></trkpt>
      <trkpt lat="43.372229" lon="86.177498"><ele>3472</ele></trkpt>
      <trkpt lat="43.372169" lon="86.177592"><ele>3475</ele></trkpt>
      <trkpt lat="43.372039" lon="86.178002"><ele>3490</ele></trkpt>
      <trkpt lat="43.372051" lon="86.178126"><ele>3495</ele></trkpt>
      <trkpt lat="43.37198" lon="86.1782"><ele>3502</ele></trkpt>
      <trkpt lat="43.371985" lon="86.178267"><ele>3502</ele></trkpt>
      <trkpt lat="43.371887" lon="86.178547"><ele>3512</ele></trkpt>
      <trkpt lat="43.371824" lon="86.178638"><ele>3515</ele></trkpt>
      <trkpt lat="43.371863" lon="86.178748"><ele>3522</ele></trkpt>
      <trkpt lat="43.371823" lon="86.178776"><ele>3521</ele></trkpt>
      <trkpt lat="43.371814" lon="86.178902"><ele>3527</ele></trkpt>
      <trkpt lat="43.371706" lon="86.178994"><ele>3536</ele></trkpt>
      <trkpt lat="43.371657" lon="86.179235"><ele>3544</ele></trkpt>
      <trkpt lat="43.371613" lon="86.179268"><ele>3546</ele></trkpt>
      <trkpt lat="43.371629" lon="86.179326"><ele>3550</ele></trkpt>
      <trkpt lat="43.371585" lon="86.17935"><ele>3553</ele></trkpt>
      <trkpt lat="43.371486" lon="86.179627"><ele>3566</ele></trkpt>
      <trkpt lat="43.371501" lon="86.179686"><ele>3568</ele></trkpt>
      <trkpt lat="43.371462" lon="86.179644"><ele>3571</ele></trkpt>
      <trkpt lat="43.37133" lon="86.179678"><ele>3573</ele></trkpt>
      <trkpt lat="43.370823" lon="86.179658"><ele>3575</ele></trkpt>
      <trkpt lat="43.370593" lon="86.179839"><ele>3583</ele></trkpt>
      <trkpt lat="43.370512" lon="86.17993"><ele>3583</ele></trkpt>
      <trkpt lat="43.370444" lon="86.180102"><ele>3584</ele></trkpt>
      <trkpt lat="43.370298" lon="86.180247"><ele>3588</ele></trkpt>
      <trkpt lat="43.370165" lon="86.180311"><ele>3589</ele></trkpt>
      <trkpt lat="43.370085" lon="86.180467"><ele>3600</ele></trkpt>
      <trkpt lat="43.370052" lon="86.180414"><ele>3598</ele></trkpt>
      <trkpt lat="43.370008" lon="86.180416"><ele>3602</ele></trkpt>
      <trkpt lat="43.369984" lon="86.180477"><ele>3600</ele></trkpt>
      <trkpt lat="43.369947" lon="86.180442"><ele>3603</ele></trkpt>
      <trkpt lat="43.369857" lon="86.180457"><ele>3612</ele></trkpt>
      <trkpt lat="43.369784" lon="86.180531"><ele>3619</ele></trkpt>
      <trkpt lat="43.369696" lon="86.180529"><ele>3622</ele></trkpt>
      <trkpt lat="43.36964" lon="86.180622"><ele>3626</ele></trkpt>
      <trkpt lat="43.369554" lon="86.180656"><ele>3632</ele></trkpt>
      <trkpt lat="43.369455" lon="86.180805"><ele>3633</ele></trkpt>
      <trkpt lat="43.369329" lon="86.180899"><ele>3628</ele></trkpt>
      <trkpt lat="43.369058" lon="86.180949"><ele>3621</ele></trkpt>
      <trkpt lat="43.368941" lon="86.18116"><ele>3628</ele></trkpt>
      <trkpt lat="43.368819" lon="86.181245"><ele>3630</ele></trkpt>
      <trkpt lat="43.368755" lon="86.181191"><ele>3625</ele></trkpt>
      <trkpt lat="43.368652" lon="86.181233"><ele>3630</ele></trkpt>
      <trkpt lat="43.36861" lon="86.18121"><ele>3628</ele></trkpt>
      <trkpt lat="43.368618" lon="86.181338"><ele>3630</ele></trkpt>
      <trkpt lat="43.368577" lon="86.18137"><ele>3631</ele></trkpt>
      <trkpt lat="43.368436" lon="86.181299"><ele>3628</ele></trkpt>
      <trkpt lat="43.368247" lon="86.181288"><ele>3637</ele></trkpt>
      <trkpt lat="43.36801" lon="86.18137"><ele>3655</ele></trkpt>
      <trkpt lat="43.367729" lon="86.181376"><ele>3653</ele></trkpt>
      <trkpt lat="43.367695" lon="86.181334"><ele>3650</ele></trkpt>
      <trkpt lat="43.367554" lon="86.18132"><ele>3648</ele></trkpt>
      <trkpt lat="43.367062" lon="86.181481"><ele>3663</ele></trkpt>
      <trkpt lat="43.366976" lon="86.181442"><ele>3663</ele></trkpt>
      <trkpt lat="43.366962" lon="86.181382"><ele>3666</ele></trkpt>
      <trkpt lat="43.366781" lon="86.18144"><ele>3671</ele></trkpt>
      <trkpt lat="43.366708" lon="86.181374"><ele>3670</ele></trkpt>
      <trkpt lat="43.366545" lon="86.181496"><ele>3680</ele></trkpt>
      <trkpt lat="43.366472" lon="86.181434"><ele>3675</ele></trkpt>
      <trkpt lat="43.366341" lon="86.181514"><ele>3677</ele></trkpt>
      <trkpt lat="43.366255" lon="86.181456"><ele>3676</ele></trkpt>
      <trkpt lat="43.36614" lon="86.181563"><ele>3673</ele></trkpt>
      <trkpt lat="43.366071" lon="86.181717"><ele>3666</ele></trkpt>
      <trkpt lat="43.365888" lon="86.181774"><ele>3669</ele></trkpt>
      <trkpt lat="43.365801" lon="86.181745"><ele>3658</ele></trkpt>
      <trkpt lat="43.365628" lon="86.181865"><ele>3674</ele></trkpt>
      <trkpt lat="43.365354" lon="86.181791"><ele>3684</ele></trkpt>
      <trkpt lat="43.36532" lon="86.181728"><ele>3683</ele></trkpt>
      <trkpt lat="43.36527" lon="86.181727"><ele>3687</ele></trkpt>
      <trkpt lat="43.365236" lon="86.18178"><ele>3692</ele></trkpt>
      <trkpt lat="43.365198" lon="86.181749"><ele>3693</ele></trkpt>
      <trkpt lat="43.365108" lon="86.181788"><ele>3699</ele></trkpt>
      <trkpt lat="43.365016" lon="86.181767"><ele>3698</ele></trkpt>
      <trkpt lat="43.36466" lon="86.181846"><ele>3713</ele></trkpt>
      <trkpt lat="43.364548" lon="86.181747"><ele>3712</ele></trkpt>
      <trkpt lat="43.36418" lon="86.18174"><ele>3731</ele></trkpt>
      <trkpt lat="43.364165" lon="86.181678"><ele>3731</ele></trkpt>
      <trkpt lat="43.364041" lon="86.181751"><ele>3734</ele></trkpt>
      <trkpt lat="43.36401" lon="86.181707"><ele>3736</ele></trkpt>
      <trkpt lat="43.363921" lon="86.181727"><ele>3744</ele></trkpt>
      <trkpt lat="43.363669" lon="86.181589"><ele>3740</ele></trkpt>
      <trkpt lat="43.363534" lon="86.18156"><ele>3744</ele></trkpt>
      <trkpt lat="43.363389" lon="86.181407"><ele>3747</ele></trkpt>
      <trkpt lat="43.363027" lon="86.181331"><ele>3764</ele></trkpt>
      <trkpt lat="43.362667" lon="86.181188"><ele>3782</ele></trkpt>
      <trkpt lat="43.362577" lon="86.181203"><ele>3780</ele></trkpt>
      <trkpt lat="43.362277" lon="86.181061"><ele>3787</ele></trkpt>
      <trkpt lat="43.362189" lon="86.181114"><ele>3791</ele></trkpt>
      <trkpt lat="43.362049" lon="86.181096"><ele>3797</ele></trkpt>
      <trkpt lat="43.361976" lon="86.18102"><ele>3792</ele></trkpt>
      <trkpt lat="43.361691" lon="86.181027"><ele>3806</ele></trkpt>
      <trkpt lat="43.36147" lon="86.181093"><ele>3812</ele></trkpt>
      <trkpt lat="43.361381" lon="86.181031"><ele>3822</ele></trkpt>
      <trkpt lat="43.361338" lon="86.181057"><ele>3829</ele></trkpt>
      <trkpt lat="43.361362" lon="86.181002"><ele>3816</ele></trkpt>
      <trkpt lat="43.36127" lon="86.180962"><ele>3822</ele></trkpt>
      <trkpt lat="43.360946" lon="86.180975"><ele>3843</ele></trkpt>
      <trkpt lat="43.360775" lon="86.181045"><ele>3849</ele></trkpt>
      <trkpt lat="43.36078" lon="86.180983"><ele>3857</ele></trkpt>
      <trkpt lat="43.360734" lon="86.180977"><ele>3858</ele></trkpt>
      <trkpt lat="43.360454" lon="86.180996"><ele>3867</ele></trkpt>
      <trkpt lat="43.36027" lon="86.180956"><ele>3877</ele></trkpt>
      <trkpt lat="43.360082" lon="86.180996"><ele>3885</ele></trkpt>
      <trkpt lat="43.360116" lon="86.18095"><ele>3883</ele></trkpt>
      <trkpt lat="43.360032" lon="86.181"><ele>3886</ele></trkpt>
      <trkpt lat="43.359961" lon="86.180925"><ele>3884</ele></trkpt>
      <trkpt lat="43.359917" lon="86.180942"><ele>3890</ele></trkpt>
      <trkpt lat="43.359834" lon="86.180886"><ele>3893</ele></trkpt>
      <trkpt lat="43.35979" lon="86.180915"><ele>3893</ele></trkpt>
      <trkpt lat="43.359712" lon="86.180846"><ele>3897</ele></trkpt>
      <trkpt lat="43.359447" lon="86.180859"><ele>3912</ele></trkpt>
      <trkpt lat="43.359314" lon="86.180799"><ele>3921</ele></trkpt>
      <trkpt lat="43.359088" lon="86.180876"><ele>3930</ele></trkpt>
      <trkpt lat="43.358941" lon="86.181016"><ele>3936</ele></trkpt>
      <trkpt lat="43.358905" lon="86.18083"><ele>3931</ele></trkpt>
      <trkpt lat="43.358653" lon="86.180444"><ele>3916</ele></trkpt>
      <trkpt lat="43.358589" lon="86.180195"><ele>3912</ele></trkpt>
      <trkpt lat="43.35847" lon="86.180002"><ele>3903</ele></trkpt>
      <trkpt lat="43.358379" lon="86.179657"><ele>3891</ele></trkpt>
      <trkpt lat="43.358285" lon="86.179512"><ele>3883</ele></trkpt>
      <trkpt lat="43.358275" lon="86.179246"><ele>3863</ele></trkpt>
      <trkpt lat="43.358072" lon="86.178967"><ele>3862</ele></trkpt>
      <trkpt lat="43.35796" lon="86.178141"><ele>3856</ele></trkpt>
      <trkpt lat="43.357766" lon="86.177773"><ele>3849</ele></trkpt>
      <trkpt lat="43.357688" lon="86.177711"><ele>3850</ele></trkpt>
      <trkpt lat="43.357563" lon="86.177412"><ele>3850</ele></trkpt>
      <trkpt lat="43.357451" lon="86.177051"><ele>3846</ele></trkpt>
      <trkpt lat="43.35748" lon="86.177002"><ele>3842</ele></trkpt>
      <trkpt lat="43.357411" lon="86.176826"><ele>3835</ele></trkpt>
      <trkpt lat="43.357387" lon="86.176491"><ele>3827</ele></trkpt>
      <trkpt lat="43.357338" lon="86.176439"><ele>3833</ele></trkpt>
      <trkpt lat="43.357229" lon="86.176087"><ele>3828</ele></trkpt>
      <trkpt lat="43.35649" lon="86.174765"><ele>3809</ele></trkpt>
      <trkpt lat="43.356119" lon="86.173493"><ele>3791</ele></trkpt>
      <trkpt lat="43.356171" lon="86.173062"><ele>3790</ele></trkpt>
      <trkpt lat="43.355885" lon="86.172757"><ele>3769</ele></trkpt>
      <trkpt lat="43.355722" lon="86.172275"><ele>3755</ele></trkpt>
      <trkpt lat="43.355608" lon="86.171782"><ele>3752</ele></trkpt>
      <trkpt lat="43.355379" lon="86.171717"><ele>3737</ele></trkpt>
      <trkpt lat="43.355315" lon="86.170972"><ele>3732</ele></trkpt>
      <trkpt lat="43.355201" lon="86.170447"><ele>3730</ele></trkpt>
      <trkpt lat="43.355222" lon="86.17025"><ele>3734</ele></trkpt>
      <trkpt lat="43.355173" lon="86.17013"><ele>3737</ele></trkpt>
      <trkpt lat="43.355151" lon="86.169666"><ele>3738</ele></trkpt>
      <trkpt lat="43.354987" lon="86.169283"><ele>3740</ele></trkpt>
      <trkpt lat="43.354738" lon="86.168409"><ele>3740</ele></trkpt>
      <trkpt lat="43.354642" lon="86.168176"><ele>3744</ele></trkpt>
      <trkpt lat="43.354597" lon="86.167923"><ele>3747</ele></trkpt>
      <trkpt lat="43.354116" lon="86.166964"><ele>3746</ele></trkpt>
      <trkpt lat="43.353763" lon="86.166612"><ele>3746</ele></trkpt>
      <trkpt lat="43.353357" lon="86.166424"><ele>3747</ele></trkpt>
      <trkpt lat="43.353169" lon="86.166045"><ele>3749</ele></trkpt>
      <trkpt lat="43.35314" lon="86.165796"><ele>3746</ele></trkpt>
      <trkpt lat="43.353181" lon="86.165435"><ele>3745</ele></trkpt>
      <trkpt lat="43.353335" lon="86.164863"><ele>3745</ele></trkpt>
      <trkpt lat="43.353414" lon="86.164682"><ele>3745</ele></trkpt>
      <trkpt lat="43.353456" lon="86.164425"><ele>3745</ele></trkpt>
      <trkpt lat="43.35342" lon="86.164165"><ele>3743</ele></trkpt>
      <trkpt lat="43.353356" lon="86.163998"><ele>3739</ele></trkpt>
      <trkpt lat="43.353357" lon="86.163735"><ele>3739</ele></trkpt>
      <trkpt lat="43.353283" lon="86.163571"><ele>3738</ele></trkpt>
      <trkpt lat="43.353198" lon="86.163145"><ele>3738</ele></trkpt>
      <trkpt lat="43.353057" lon="86.162996"><ele>3732</ele></trkpt>
      <trkpt lat="43.353032" lon="86.162801"><ele>3735</ele></trkpt>
      <trkpt lat="43.352878" lon="86.162457"><ele>3732</ele></trkpt>
      <trkpt lat="43.352698" lon="86.161755"><ele>3725</ele></trkpt>
      <trkpt lat="43.352555" lon="86.161518"><ele>3726</ele></trkpt>
      <trkpt lat="43.35223" lon="86.161576"><ele>3738</ele></trkpt>
      <trkpt lat="43.35189" lon="86.161401"><ele>3741</ele></trkpt>
      <trkpt lat="43.351674" lon="86.161187"><ele>3754</ele></trkpt>
      <trkpt lat="43.35128" lon="86.161126"><ele>3759</ele></trkpt>
      <trkpt lat="43.35114" lon="86.161073"><ele>3761</ele></trkpt>
      <trkpt lat="43.35111" lon="86.161023"><ele>3762</ele></trkpt>
      <trkpt lat="43.351081" lon="86.160972"><ele>3764</ele></trkpt>
      <trkpt lat="43.351076" lon="86.160787"><ele>3763</ele></trkpt>
      <trkpt lat="43.351022" lon="86.160661"><ele>3765</ele></trkpt>
      <trkpt lat="43.351003" lon="86.160329"><ele>3761</ele></trkpt>
      <trkpt lat="43.350961" lon="86.160208"><ele>3757</ele></trkpt>
      <trkpt lat="43.350992" lon="86.160172"><ele>3756</ele></trkpt>
      <trkpt lat="43.351003" lon="86.160043"><ele>3755</ele></trkpt>
      <trkpt lat="43.350944" lon="86.159715"><ele>3751</ele></trkpt>
      <trkpt lat="43.350933" lon="86.159163"><ele>3745</ele></trkpt>
      <trkpt lat="43.350827" lon="86.158842"><ele>3741</ele></trkpt>
      <trkpt lat="43.350661" lon="86.158614"><ele>3739</ele></trkpt>
      <trkpt lat="43.350577" lon="86.158136"><ele>3730</ele></trkpt>
      <trkpt lat="43.350533" lon="86.15811"><ele>3730</ele></trkpt>
      <trkpt lat="43.350381" lon="86.158116"><ele>3732</ele></trkpt>
      <trkpt lat="43.350046" lon="86.157971"><ele>3732</ele></trkpt>
      <trkpt lat="43.349912" lon="86.157981"><ele>3735</ele></trkpt>
      <trkpt lat="43.349498" lon="86.158152"><ele>3735</ele></trkpt>
      <trkpt lat="43.349347" lon="86.15815"><ele>3727</ele></trkpt>
      <trkpt lat="43.348987" lon="86.158332"><ele>3727</ele></trkpt>
      <trkpt lat="43.348708" lon="86.158371"><ele>3725</ele></trkpt>
      <trkpt lat="43.348593" lon="86.15847"><ele>3725</ele></trkpt>
      <trkpt lat="43.34846" lon="86.158516"><ele>3725</ele></trkpt>
      <trkpt lat="43.348435" lon="86.158569"><ele>3730</ele></trkpt>
      <trkpt lat="43.348071" lon="86.158567"><ele>3733</ele></trkpt>
      <trkpt lat="43.347574" lon="86.158739"><ele>3740</ele></trkpt>
      <trkpt lat="43.347305" lon="86.158772"><ele>3736</ele></trkpt>
      <trkpt lat="43.34727" lon="86.158889"><ele>3732</ele></trkpt>
      <trkpt lat="43.347229" lon="86.158906"><ele>3732</ele></trkpt>
      <trkpt lat="43.347069" lon="86.158782"><ele>3731</ele></trkpt>
      <trkpt lat="43.346979" lon="86.158629"><ele>3733</ele></trkpt>
      <trkpt lat="43.346603" lon="86.158345"><ele>3734</ele></trkpt>
      <trkpt lat="43.346532" lon="86.158245"><ele>3733</ele></trkpt>
      <trkpt lat="43.34649" lon="86.158064"><ele>3734</ele></trkpt>
      <trkpt lat="43.346463" lon="86.157665"><ele>3731</ele></trkpt>
      <trkpt lat="43.346384" lon="86.157431"><ele>3730</ele></trkpt>
      <trkpt lat="43.346296" lon="86.156982"><ele>3733</ele></trkpt>
      <trkpt lat="43.346297" lon="86.156851"><ele>3736</ele></trkpt>
      <trkpt lat="43.346183" lon="86.156558"><ele>3741</ele></trkpt>
      <trkpt lat="43.346169" lon="86.156364"><ele>3744</ele></trkpt>
      <trkpt lat="43.346086" lon="86.156129"><ele>3745</ele></trkpt>
      <trkpt lat="43.34608" lon="86.155936"><ele>3743</ele></trkpt>
      <trkpt lat="43.345982" lon="86.155566"><ele>3744</ele></trkpt>
      <trkpt lat="43.345841" lon="86.155144"><ele>3746</ele></trkpt>
      <trkpt lat="43.34555" lon="86.154649"><ele>3752</ele></trkpt>
      <trkpt lat="43.345492" lon="86.154466"><ele>3754</ele></trkpt>
      <trkpt lat="43.345222" lon="86.154083"><ele>3757</ele></trkpt>
      <trkpt lat="43.345029" lon="86.153568"><ele>3762</ele></trkpt>
      <trkpt lat="43.345131" lon="86.153346"><ele>3756</ele></trkpt>
      <trkpt lat="43.345196" lon="86.153094"><ele>3749</ele></trkpt>
      <trkpt lat="43.345477" lon="86.152637"><ele>3741</ele></trkpt>
      <trkpt lat="43.34564" lon="86.152218"><ele>3736</ele></trkpt>
      <trkpt lat="43.345535" lon="86.152174"><ele>3732</ele></trkpt>
      <trkpt lat="43.345433" lon="86.152191"><ele>3726</ele></trkpt>
      <trkpt lat="43.345188" lon="86.152042"><ele>3710</ele></trkpt>
      <trkpt lat="43.345013" lon="86.151818"><ele>3697</ele></trkpt>
      <trkpt lat="43.344937" lon="86.151584"><ele>3684</ele></trkpt>
      <trkpt lat="43.344809" lon="86.151495"><ele>3675</ele></trkpt>
      <trkpt lat="43.344694" lon="86.151302"><ele>3665</ele></trkpt>
      <trkpt lat="43.344677" lon="86.151176"><ele>3658</ele></trkpt>
      <trkpt lat="43.344589" lon="86.151039"><ele>3652</ele></trkpt>
      <trkpt lat="43.34455" lon="86.150852"><ele>3648</ele></trkpt>
      <trkpt lat="43.344849" lon="86.149556"><ele>3599</ele></trkpt>
      <trkpt lat="43.34496" lon="86.14927"><ele>3589</ele></trkpt>
      <trkpt lat="43.345025" lon="86.148889"><ele>3576</ele></trkpt>
      <trkpt lat="43.345157" lon="86.148687"><ele>3565</ele></trkpt>
      <trkpt lat="43.345218" lon="86.148448"><ele>3556</ele></trkpt>
      <trkpt lat="43.345186" lon="86.148068"><ele>3543</ele></trkpt>
      <trkpt lat="43.345214" lon="86.147887"><ele>3539</ele></trkpt>
      <trkpt lat="43.345164" lon="86.147701"><ele>3534</ele></trkpt>
      <trkpt lat="43.34504" lon="86.147516"><ele>3528</ele></trkpt>
      <trkpt lat="43.34497" lon="86.147318"><ele>3523</ele></trkpt>
      <trkpt lat="43.344928" lon="86.147"><ele>3516</ele></trkpt>
      <trkpt lat="43.344998" lon="86.146829"><ele>3516</ele></trkpt>
      <trkpt lat="43.345022" lon="86.146561"><ele>3515</ele></trkpt>
      <trkpt lat="43.34513" lon="86.146349"><ele>3513</ele></trkpt>
      <trkpt lat="43.345135" lon="86.146221"><ele>3509</ele></trkpt>
      <trkpt lat="43.345027" lon="86.145863"><ele>3500</ele></trkpt>
      <trkpt lat="43.34512" lon="86.145422"><ele>3492</ele></trkpt>
      <trkpt lat="43.345096" lon="86.144915"><ele>3469</ele></trkpt>
      <trkpt lat="43.345131" lon="86.144731"><ele>3459</ele></trkpt>
      <trkpt lat="43.345099" lon="86.144768"><ele>3461</ele></trkpt>
      <trkpt lat="43.345136" lon="86.14473"><ele>3462</ele></trkpt>
      <trkpt lat="43.345171" lon="86.144491"><ele>3459</ele></trkpt>
      <trkpt lat="43.345144" lon="86.144219"><ele>3456</ele></trkpt>
      <trkpt lat="43.345203" lon="86.144135"><ele>3454</ele></trkpt>
      <trkpt lat="43.345319" lon="86.143552"><ele>3441</ele></trkpt>
      <trkpt lat="43.345445" lon="86.143267"><ele>3438</ele></trkpt>
      <trkpt lat="43.345673" lon="86.142969"><ele>3431</ele></trkpt>
      <trkpt lat="43.345614" lon="86.142509"><ele>3423</ele></trkpt>
      <trkpt lat="43.345719" lon="86.142233"><ele>3411</ele></trkpt>
      <trkpt lat="43.345708" lon="86.141953"><ele>3408</ele></trkpt>
      <trkpt lat="43.345812" lon="86.141442"><ele>3399</ele></trkpt>
      <trkpt lat="43.345691" lon="86.14011"><ele>3379</ele></trkpt>
      <trkpt lat="43.345658" lon="86.139979"><ele>3377</ele></trkpt>
      <trkpt lat="43.34546" lon="86.139621"><ele>3377</ele></trkpt>
      <trkpt lat="43.345445" lon="86.139211"><ele>3365</ele></trkpt>
      <trkpt lat="43.345337" lon="86.138793"><ele>3364</ele></trkpt>
      <trkpt lat="43.345368" lon="86.13866"><ele>3360</ele></trkpt>
      <trkpt lat="43.345352" lon="86.138521"><ele>3360</ele></trkpt>
      <trkpt lat="43.345235" lon="86.13821"><ele>3360</ele></trkpt>
      <trkpt lat="43.344955" lon="86.137937"><ele>3357</ele></trkpt>
      <trkpt lat="43.34493" lon="86.137808"><ele>3355</ele></trkpt>
      <trkpt lat="43.344783" lon="86.137683"><ele>3346</ele></trkpt>
      <trkpt lat="43.344659" lon="86.137465"><ele>3344</ele></trkpt>
      <trkpt lat="43.344601" lon="86.137273"><ele>3341</ele></trkpt>
      <trkpt lat="43.344447" lon="86.137082"><ele>3340</ele></trkpt>
      <trkpt lat="43.34427" lon="86.136508"><ele>3336</ele></trkpt>
      <trkpt lat="43.344159" lon="86.13559"><ele>3323</ele></trkpt>
      <trkpt lat="43.344218" lon="86.135408"><ele>3320</ele></trkpt>
      <trkpt lat="43.344179" lon="86.135285"><ele>3318</ele></trkpt>
      <trkpt lat="43.344271" lon="86.134646"><ele>3309</ele></trkpt>
      <trkpt lat="43.344273" lon="86.134442"><ele>3308</ele></trkpt>
      <trkpt lat="43.344187" lon="86.134207"><ele>3305</ele></trkpt>
      <trkpt lat="43.344212" lon="86.134038"><ele>3302</ele></trkpt>
      <trkpt lat="43.344013" lon="86.133619"><ele>3297</ele></trkpt>
      <trkpt lat="43.343933" lon="86.133346"><ele>3296</ele></trkpt>
      <trkpt lat="43.343784" lon="86.13314"><ele>3297</ele></trkpt>
      <trkpt lat="43.343601" lon="86.133055"><ele>3295</ele></trkpt>
      <trkpt lat="43.343422" lon="86.132841"><ele>3295</ele></trkpt>
      <trkpt lat="43.343344" lon="86.132669"><ele>3293</ele></trkpt>
      <trkpt lat="43.343139" lon="86.132501"><ele>3288</ele></trkpt>
      <trkpt lat="43.342713" lon="86.131628"><ele>3282</ele></trkpt>
      <trkpt lat="43.342421" lon="86.131235"><ele>3276</ele></trkpt>
      <trkpt lat="43.342272" lon="86.131127"><ele>3272</ele></trkpt>
      <trkpt lat="43.342137" lon="86.130944"><ele>3270</ele></trkpt>
      <trkpt lat="43.341957" lon="86.130804"><ele>3269</ele></trkpt>
      <trkpt lat="43.341859" lon="86.130792"><ele>3266</ele></trkpt>
      <trkpt lat="43.341792" lon="86.130702"><ele>3265</ele></trkpt>
      <trkpt lat="43.341652" lon="86.130412"><ele>3264</ele></trkpt>
      <trkpt lat="43.341586" lon="86.1301"><ele>3260</ele></trkpt>
      <trkpt lat="43.341228" lon="86.129423"><ele>3253</ele></trkpt>
      <trkpt lat="43.34085" lon="86.128342"><ele>3245</ele></trkpt>
      <trkpt lat="43.340759" lon="86.128188"><ele>3245</ele></trkpt>
      <trkpt lat="43.340752" lon="86.128062"><ele>3241</ele></trkpt>
      <trkpt lat="43.340649" lon="86.127815"><ele>3241</ele></trkpt>
      <trkpt lat="43.34041" lon="86.127452"><ele>3233</ele></trkpt>
      <trkpt lat="43.34021" lon="86.126978"><ele>3231</ele></trkpt>
      <trkpt lat="43.340135" lon="86.126895"><ele>3231</ele></trkpt>
      <trkpt lat="43.33994" lon="86.126817"><ele>3223</ele></trkpt>
      <trkpt lat="43.33986" lon="86.126555"><ele>3222</ele></trkpt>
      <trkpt lat="43.339767" lon="86.126418"><ele>3220</ele></trkpt>
      <trkpt lat="43.339732" lon="86.126224"><ele>3221</ele></trkpt>
      <trkpt lat="43.339604" lon="86.126125"><ele>3219</ele></trkpt>
      <trkpt lat="43.339485" lon="86.125905"><ele>3216</ele></trkpt>
      <trkpt lat="43.339436" lon="86.125554"><ele>3216</ele></trkpt>
      <trkpt lat="43.339337" lon="86.125408"><ele>3212</ele></trkpt>
      <trkpt lat="43.339318" lon="86.125159"><ele>3209</ele></trkpt>
      <trkpt lat="43.339143" lon="86.124877"><ele>3206</ele></trkpt>
      <trkpt lat="43.339079" lon="86.124626"><ele>3204</ele></trkpt>
      <trkpt lat="43.338955" lon="86.124491"><ele>3199</ele></trkpt>
      <trkpt lat="43.338947" lon="86.124422"><ele>3198</ele></trkpt>
      <trkpt lat="43.339046" lon="86.124035"><ele>3194</ele></trkpt>
      <trkpt lat="43.339042" lon="86.123909"><ele>3195</ele></trkpt>
      <trkpt lat="43.338915" lon="86.123625"><ele>3194</ele></trkpt>
      <trkpt lat="43.338873" lon="86.123381"><ele>3189</ele></trkpt>
      <trkpt lat="43.338607" lon="86.122637"><ele>3181</ele></trkpt>
      <trkpt lat="43.338498" lon="86.122451"><ele>3176</ele></trkpt>
      <trkpt lat="43.338338" lon="86.121974"><ele>3170</ele></trkpt>
      <trkpt lat="43.338248" lon="86.121925"><ele>3167</ele></trkpt>
      <trkpt lat="43.33822" lon="86.121798"><ele>3165</ele></trkpt>
      <trkpt lat="43.338275" lon="86.121626"><ele>3159</ele></trkpt>
      <trkpt lat="43.338429" lon="86.1214"><ele>3160</ele></trkpt>
      <trkpt lat="43.338504" lon="86.121073"><ele>3156</ele></trkpt>
      <trkpt lat="43.338504" lon="86.120931"><ele>3153</ele></trkpt>
      <trkpt lat="43.338456" lon="86.120909"><ele>3145</ele></trkpt>
      <trkpt lat="43.338336" lon="86.120544"><ele>3143</ele></trkpt>
      <trkpt lat="43.338328" lon="86.119994"><ele>3134</ele></trkpt>
      <trkpt lat="43.338386" lon="86.11954"><ele>3129</ele></trkpt>
      <trkpt lat="43.338275" lon="86.118971"><ele>3127</ele></trkpt>
      <trkpt lat="43.338206" lon="86.118788"><ele>3127</ele></trkpt>
      <trkpt lat="43.3382" lon="86.118649"><ele>3122</ele></trkpt>
      <trkpt lat="43.338278" lon="86.118383"><ele>3118</ele></trkpt>
      <trkpt lat="43.338272" lon="86.117964"><ele>3114</ele></trkpt>
      <trkpt lat="43.338342" lon="86.117429"><ele>3109</ele></trkpt>
      <trkpt lat="43.338225" lon="86.117003"><ele>3105</ele></trkpt>
      <trkpt lat="43.338073" lon="86.116884"><ele>3100</ele></trkpt>
      <trkpt lat="43.337962" lon="86.116581"><ele>3092</ele></trkpt>
      <trkpt lat="43.337857" lon="86.116444"><ele>3091</ele></trkpt>
      <trkpt lat="43.337839" lon="86.116364"><ele>3090</ele></trkpt>
      <trkpt lat="43.33784" lon="86.116023"><ele>3087</ele></trkpt>
      <trkpt lat="43.337803" lon="86.115835"><ele>3085</ele></trkpt>
      <trkpt lat="43.33783" lon="86.115558"><ele>3082</ele></trkpt>
      <trkpt lat="43.337897" lon="86.115365"><ele>3078</ele></trkpt>
      <trkpt lat="43.337843" lon="86.115125"><ele>3080</ele></trkpt>
      <trkpt lat="43.33784" lon="86.114906"><ele>3075</ele></trkpt>
      <trkpt lat="43.337676" lon="86.114519"><ele>3075</ele></trkpt>
      <trkpt lat="43.337714" lon="86.114388"><ele>3073</ele></trkpt>
      <trkpt lat="43.337755" lon="86.114427"><ele>3071</ele></trkpt>
      <trkpt lat="43.337676" lon="86.114361"><ele>3075</ele></trkpt>
      <trkpt lat="43.337727" lon="86.114381"><ele>3064</ele></trkpt>
      <trkpt lat="43.337676" lon="86.114385"><ele>3063</ele></trkpt>
      <trkpt lat="43.337739" lon="86.114483"><ele>3077</ele></trkpt>
      <trkpt lat="43.337759" lon="86.114428"><ele>3079</ele></trkpt>
      <trkpt lat="43.337759" lon="86.11394"><ele>3077</ele></trkpt>
      <trkpt lat="43.33761" lon="86.113481"><ele>3069</ele></trkpt>
      <trkpt lat="43.337505" lon="86.112958"><ele>3064</ele></trkpt>
      <trkpt lat="43.337256" lon="86.112486"><ele>3060</ele></trkpt>
      <trkpt lat="43.337197" lon="86.112257"><ele>3055</ele></trkpt>
      <trkpt lat="43.337016" lon="86.111884"><ele>3049</ele></trkpt>
      <trkpt lat="43.336841" lon="86.110554"><ele>3032</ele></trkpt>
      <trkpt lat="43.336778" lon="86.109502"><ele>3020</ele></trkpt>
      <trkpt lat="43.336719" lon="86.109163"><ele>3014</ele></trkpt>
      <trkpt lat="43.336532" lon="86.108539"><ele>3008</ele></trkpt>
      <trkpt lat="43.336457" lon="86.108113"><ele>3002</ele></trkpt>
      <trkpt lat="43.336258" lon="86.107625"><ele>2998</ele></trkpt>
      <trkpt lat="43.336196" lon="86.107365"><ele>2994</ele></trkpt>
      <trkpt lat="43.336146" lon="86.107399"><ele>3003</ele></trkpt>
      <trkpt lat="43.335972" lon="86.107185"><ele>3007</ele></trkpt>
      <trkpt lat="43.335853" lon="86.107009"><ele>3005</ele></trkpt>
      <trkpt lat="43.335765" lon="86.1067"><ele>3003</ele></trkpt>
      <trkpt lat="43.335626" lon="86.106592"><ele>3004</ele></trkpt>
      <trkpt lat="43.335377" lon="86.106209"><ele>3000</ele></trkpt>
      <trkpt lat="43.335333" lon="86.106005"><ele>2998</ele></trkpt>
      <trkpt lat="43.335334" lon="86.105776"><ele>2996</ele></trkpt>
      <trkpt lat="43.335193" lon="86.105407"><ele>2998</ele></trkpt>
      <trkpt lat="43.335114" lon="86.104604"><ele>2989</ele></trkpt>
      <trkpt lat="43.335" lon="86.104307"><ele>2985</ele></trkpt>
      <trkpt lat="43.335054" lon="86.10406"><ele>2982</ele></trkpt>
      <trkpt lat="43.334996" lon="86.103968"><ele>2983</ele></trkpt>
      <trkpt lat="43.334915" lon="86.103695"><ele>2980</ele></trkpt>
      <trkpt lat="43.334606" lon="86.1033"><ele>2977</ele></trkpt>
      <trkpt lat="43.334526" lon="86.10289"><ele>2979</ele></trkpt>
      <trkpt lat="43.334358" lon="86.10251"><ele>2979</ele></trkpt>
      <trkpt lat="43.334359" lon="86.102048"><ele>2968</ele></trkpt>
      <trkpt lat="43.334418" lon="86.101444"><ele>2959</ele></trkpt>
      <trkpt lat="43.334394" lon="86.100948"><ele>2961</ele></trkpt>
      <trkpt lat="43.334425" lon="86.100758"><ele>2953</ele></trkpt>
      <trkpt lat="43.334325" lon="86.099987"><ele>2953</ele></trkpt>
      <trkpt lat="43.334196" lon="86.099537"><ele>2943</ele></trkpt>
      <trkpt lat="43.334052" lon="86.098381"><ele>2928</ele></trkpt>
      <trkpt lat="43.334029" lon="86.097861"><ele>2923</ele></trkpt>
      <trkpt lat="43.33378" lon="86.097301"><ele>2921</ele></trkpt>
      <trkpt lat="43.333614" lon="86.097131"><ele>2914</ele></trkpt>
      <trkpt lat="43.333507" lon="86.096927"><ele>2911</ele></trkpt>
      <trkpt lat="43.33341" lon="86.09612"><ele>2894</ele></trkpt>
      <trkpt lat="43.333258" lon="86.095772"><ele>2893</ele></trkpt>
      <trkpt lat="43.33311" lon="86.095548"><ele>2895</ele></trkpt>
      <trkpt lat="43.333021" lon="86.09527"><ele>2894</ele></trkpt>
      <trkpt lat="43.332836" lon="86.095223"><ele>2889</ele></trkpt>
      <trkpt lat="43.332818" lon="86.095102"><ele>2889</ele></trkpt>
      <trkpt lat="43.332684" lon="86.094917"><ele>2890</ele></trkpt>
      <trkpt lat="43.332552" lon="86.094619"><ele>2887</ele></trkpt>
      <trkpt lat="43.332416" lon="86.094488"><ele>2885</ele></trkpt>
      <trkpt lat="43.332288" lon="86.093889"><ele>2882</ele></trkpt>
      <trkpt lat="43.332162" lon="86.093782"><ele>2879</ele></trkpt>
      <trkpt lat="43.332063" lon="86.093785"><ele>2878</ele></trkpt>
      <trkpt lat="43.3319" lon="86.093647"><ele>2874</ele></trkpt>
      <trkpt lat="43.331608" lon="86.093028"><ele>2874</ele></trkpt>
      <trkpt lat="43.331555" lon="86.093002"><ele>2870</ele></trkpt>
      <trkpt lat="43.331257" lon="86.093112"><ele>2864</ele></trkpt>
      <trkpt lat="43.331124" lon="86.093043"><ele>2856</ele></trkpt>
      <trkpt lat="43.330927" lon="86.093082"><ele>2857</ele></trkpt>
      <trkpt lat="43.330829" lon="86.092981"><ele>2856</ele></trkpt>
      <trkpt lat="43.330568" lon="86.09304"><ele>2856</ele></trkpt>
      <trkpt lat="43.3304" lon="86.092953"><ele>2855</ele></trkpt>
      <trkpt lat="43.330153" lon="86.092497"><ele>2861</ele></trkpt>
      <trkpt lat="43.330064" lon="86.092032"><ele>2854</ele></trkpt>
      <trkpt lat="43.330014" lon="86.091915"><ele>2853</ele></trkpt>
      <trkpt lat="43.329831" lon="86.091799"><ele>2852</ele></trkpt>
      <trkpt lat="43.329542" lon="86.091774"><ele>2854</ele></trkpt>
      <trkpt lat="43.329507" lon="86.091724"><ele>2846</ele></trkpt>
      <trkpt lat="43.32912" lon="86.09166"><ele>2842</ele></trkpt>
      <trkpt lat="43.328841" lon="86.091164"><ele>2834</ele></trkpt>
      <trkpt lat="43.328443" lon="86.09082"><ele>2828</ele></trkpt>
      <trkpt lat="43.328199" lon="86.090662"><ele>2823</ele></trkpt>
      <trkpt lat="43.328094" lon="86.090645"><ele>2822</ele></trkpt>
      <trkpt lat="43.327726" lon="86.090263"><ele>2819</ele></trkpt>
      <trkpt lat="43.327576" lon="86.090268"><ele>2817</ele></trkpt>
      <trkpt lat="43.327612" lon="86.090286"><ele>2818</ele></trkpt>
      <trkpt lat="43.327285" lon="86.090451"><ele>2819</ele></trkpt>
      <trkpt lat="43.32726" lon="86.0905"><ele>2819</ele></trkpt>
      <trkpt lat="43.327235" lon="86.0907"><ele>2820</ele></trkpt>
      <trkpt lat="43.327123" lon="86.09095"><ele>2822</ele></trkpt>
      <trkpt lat="43.327076" lon="86.091263"><ele>2824</ele></trkpt>
      <trkpt lat="43.326926" lon="86.091448"><ele>2821</ele></trkpt>
      <trkpt lat="43.326983" lon="86.091639"><ele>2826</ele></trkpt>
      <trkpt lat="43.326837" lon="86.092076"><ele>2833</ele></trkpt>
      <trkpt lat="43.326729" lon="86.092157"><ele>2840</ele></trkpt>
      <trkpt lat="43.326643" lon="86.092305"><ele>2845</ele></trkpt>
      <trkpt lat="43.326115" lon="86.0926"><ele>2842</ele></trkpt>
      <trkpt lat="43.326113" lon="86.092741"><ele>2839</ele></trkpt>
      <trkpt lat="43.326158" lon="86.09279"><ele>2833</ele></trkpt>
      <trkpt lat="43.326003" lon="86.093157"><ele>2834</ele></trkpt>
      <trkpt lat="43.325872" lon="86.093262"><ele>2832</ele></trkpt>
      <trkpt lat="43.325848" lon="86.093633"><ele>2836</ele></trkpt>
      <trkpt lat="43.325609" lon="86.093774"><ele>2839</ele></trkpt>
      <trkpt lat="43.325584" lon="86.093903"><ele>2843</ele></trkpt>
      <trkpt lat="43.325625" lon="86.09395"><ele>2843</ele></trkpt>
      <trkpt lat="43.325481" lon="86.094029"><ele>2844</ele></trkpt>
      <trkpt lat="43.32512" lon="86.094474"><ele>2842</ele></trkpt>
      <trkpt lat="43.325122" lon="86.09475"><ele>2847</ele></trkpt>
      <trkpt lat="43.325192" lon="86.094908"><ele>2841</ele></trkpt>
      <trkpt lat="43.325177" lon="86.095058"><ele>2845</ele></trkpt>
      <trkpt lat="43.325143" lon="86.095101"><ele>2846</ele></trkpt>
      <trkpt lat="43.324981" lon="86.095129"><ele>2850</ele></trkpt>
      <trkpt lat="43.324972" lon="86.095249"><ele>2850</ele></trkpt>
      <trkpt lat="43.324933" lon="86.095285"><ele>2852</ele></trkpt>
      <trkpt lat="43.324722" lon="86.095229"><ele>2839</ele></trkpt>
      <trkpt lat="43.324652" lon="86.095269"><ele>2839</ele></trkpt>
      <trkpt lat="43.324377" lon="86.095285"><ele>2836</ele></trkpt>
      <trkpt lat="43.324238" lon="86.095757"><ele>2840</ele></trkpt>
      <trkpt lat="43.323716" lon="86.096544"><ele>2845</ele></trkpt>
      <trkpt lat="43.323697" lon="86.096868"><ele>2861</ele></trkpt>
      <trkpt lat="43.323378" lon="86.097077"><ele>2868</ele></trkpt>
      <trkpt lat="43.323118" lon="86.097312"><ele>2875</ele></trkpt>
      <trkpt lat="43.322857" lon="86.097386"><ele>2869</ele></trkpt>
      <trkpt lat="43.322587" lon="86.097383"><ele>2853</ele></trkpt>
      <trkpt lat="43.321949" lon="86.097297"><ele>2852</ele></trkpt>
      <trkpt lat="43.321817" lon="86.097363"><ele>2851</ele></trkpt>
      <trkpt lat="43.321509" lon="86.09738"><ele>2853</ele></trkpt>
      <trkpt lat="43.321423" lon="86.097424"><ele>2855</ele></trkpt>
      <trkpt lat="43.321205" lon="86.097271"><ele>2852</ele></trkpt>
      <trkpt lat="43.320919" lon="86.097192"><ele>2855</ele></trkpt>
      <trkpt lat="43.320819" lon="86.097214"><ele>2855</ele></trkpt>
      <trkpt lat="43.320346" lon="86.097491"><ele>2842</ele></trkpt>
      <trkpt lat="43.320273" lon="86.097656"><ele>2844</ele></trkpt>
      <trkpt lat="43.320145" lon="86.097721"><ele>2844</ele></trkpt>
      <trkpt lat="43.320042" lon="86.0979"><ele>2840</ele></trkpt>
      <trkpt lat="43.319863" lon="86.097854"><ele>2854</ele></trkpt>
      <trkpt lat="43.319811" lon="86.098038"><ele>2867</ele></trkpt>
      <trkpt lat="43.31957" lon="86.098267"><ele>2869</ele></trkpt>
      <trkpt lat="43.319386" lon="86.098366"><ele>2868</ele></trkpt>
      <trkpt lat="43.319349" lon="86.098426"><ele>2870</ele></trkpt>
      <trkpt lat="43.319365" lon="86.098559"><ele>2866</ele></trkpt>
      <trkpt lat="43.319331" lon="86.098679"><ele>2868</ele></trkpt>
      <trkpt lat="43.319122" lon="86.098772"><ele>2866</ele></trkpt>
      <trkpt lat="43.319081" lon="86.098894"><ele>2864</ele></trkpt>
      <trkpt lat="43.318895" lon="86.098974"><ele>2858</ele></trkpt>
      <trkpt lat="43.318827" lon="86.099055"><ele>2853</ele></trkpt>
      <trkpt lat="43.318632" lon="86.09906"><ele>2850</ele></trkpt>
      <trkpt lat="43.318016" lon="86.099202"><ele>2847</ele></trkpt>
      <trkpt lat="43.317661" lon="86.099438"><ele>2861</ele></trkpt>
      <trkpt lat="43.317354" lon="86.099485"><ele>2856</ele></trkpt>
      <trkpt lat="43.316891" lon="86.099747"><ele>2857</ele></trkpt>
      <trkpt lat="43.316753" lon="86.099958"><ele>2866</ele></trkpt>
      <trkpt lat="43.316212" lon="86.099952"><ele>2868</ele></trkpt>
      <trkpt lat="43.315978" lon="86.100268"><ele>2868</ele></trkpt>
      <trkpt lat="43.315726" lon="86.10052"><ele>2869</ele></trkpt>
      <trkpt lat="43.315207" lon="86.100771"><ele>2879</ele></trkpt>
      <trkpt lat="43.314472" lon="86.101453"><ele>2875</ele></trkpt>
      <trkpt lat="43.313924" lon="86.101666"><ele>2878</ele></trkpt>
      <trkpt lat="43.313464" lon="86.10195"><ele>2881</ele></trkpt>
      <trkpt lat="43.312956" lon="86.101773"><ele>2880</ele></trkpt>
      <trkpt lat="43.312714" lon="86.101843"><ele>2881</ele></trkpt>
      <trkpt lat="43.312601" lon="86.101744"><ele>2885</ele></trkpt>
      <trkpt lat="43.31216" lon="86.101625"><ele>2889</ele></trkpt>
      <trkpt lat="43.311749" lon="86.101452"><ele>2888</ele></trkpt>
      <trkpt lat="43.311656" lon="86.101483"><ele>2884</ele></trkpt>
      <trkpt lat="43.311189" lon="86.10192"><ele>2883</ele></trkpt>
      <trkpt lat="43.310953" lon="86.102001"><ele>2881</ele></trkpt>
      <trkpt lat="43.310678" lon="86.102276"><ele>2891</ele></trkpt>
      <trkpt lat="43.310265" lon="86.102152"><ele>2887</ele></trkpt>
      <trkpt lat="43.310115" lon="86.102134"><ele>2889</ele></trkpt>
      <trkpt lat="43.310074" lon="86.102172"><ele>2896</ele></trkpt>
      <trkpt lat="43.30961" lon="86.101922"><ele>2905</ele></trkpt>
      <trkpt lat="43.310407" lon="86.102615"><ele>2876</ele></trkpt>
      <trkpt lat="43.310585" lon="86.102726"><ele>2890</ele></trkpt>
      <trkpt lat="43.311145" lon="86.103001"><ele>2910</ele></trkpt>
      <trkpt lat="43.311485" lon="86.103069"><ele>2909</ele></trkpt>
      <trkpt lat="43.311615" lon="86.103054"><ele>2886</ele></trkpt>
      <trkpt lat="43.311761" lon="86.103178"><ele>2894</ele></trkpt>
      <trkpt lat="43.311872" lon="86.103347"><ele>2903</ele></trkpt>
      <trkpt lat="43.311877" lon="86.103719"><ele>2907</ele></trkpt>
      <trkpt lat="43.312045" lon="86.104294"><ele>2917</ele></trkpt>
      <trkpt lat="43.312053" lon="86.104427"><ele>2923</ele></trkpt>
      <trkpt lat="43.312002" lon="86.104531"><ele>2928</ele></trkpt>
      <trkpt lat="43.311797" lon="86.104691"><ele>2933</ele></trkpt>
      <trkpt lat="43.311685" lon="86.104848"><ele>2934</ele></trkpt>
      <trkpt lat="43.311611" lon="86.105082"><ele>2935</ele></trkpt>
      <trkpt lat="43.311307" lon="86.105658"><ele>2948</ele></trkpt>
      <trkpt lat="43.311225" lon="86.105892"><ele>2951</ele></trkpt>
      <trkpt lat="43.311221" lon="86.10617"><ele>2954</ele></trkpt>
      <trkpt lat="43.311352" lon="86.106997"><ele>2963</ele></trkpt>
      <trkpt lat="43.311337" lon="86.107117"><ele>2964</ele></trkpt>
      <trkpt lat="43.311068" lon="86.107673"><ele>2966</ele></trkpt>
      <trkpt lat="43.310964" lon="86.107808"><ele>2967</ele></trkpt>
      <trkpt lat="43.310653" lon="86.108039"><ele>2969</ele></trkpt>
      <trkpt lat="43.310419" lon="86.1083"><ele>2973</ele></trkpt>
      <trkpt lat="43.310112" lon="86.108816"><ele>2976</ele></trkpt>
      <trkpt lat="43.309595" lon="86.109257"><ele>2980</ele></trkpt>
      <trkpt lat="43.309527" lon="86.1094"><ele>2982</ele></trkpt>
      <trkpt lat="43.309403" lon="86.109856"><ele>2995</ele></trkpt>
      <trkpt lat="43.309179" lon="86.110065"><ele>3005</ele></trkpt>
      <trkpt lat="43.308933" lon="86.110376"><ele>3016</ele></trkpt>
      <trkpt lat="43.30873" lon="86.111004"><ele>3028</ele></trkpt>
      <trkpt lat="43.308556" lon="86.111317"><ele>3026</ele></trkpt>
      <trkpt lat="43.308417" lon="86.111839"><ele>3020</ele></trkpt>
      <trkpt lat="43.308142" lon="86.112617"><ele>3018</ele></trkpt>
      <trkpt lat="43.30801" lon="86.11284"><ele>3018</ele></trkpt>
      <trkpt lat="43.307714" lon="86.113179"><ele>3018</ele></trkpt>
      <trkpt lat="43.307504" lon="86.113558"><ele>3017</ele></trkpt>
      <trkpt lat="43.307418" lon="86.11389"><ele>3015</ele></trkpt>
      <trkpt lat="43.30718" lon="86.114162"><ele>3017</ele></trkpt>
      <trkpt lat="43.306929" lon="86.11463"><ele>3020</ele></trkpt>
      <trkpt lat="43.306445" lon="86.116081"><ele>3033</ele></trkpt>
      <trkpt lat="43.306349" lon="86.116237"><ele>3034</ele></trkpt>
      <trkpt lat="43.306264" lon="86.116274"><ele>3034</ele></trkpt>
      <trkpt lat="43.306126" lon="86.116855"><ele>3038</ele></trkpt>
      <trkpt lat="43.305883" lon="86.117607"><ele>3046</ele></trkpt>
      <trkpt lat="43.30588" lon="86.117851"><ele>3053</ele></trkpt>
      <trkpt lat="43.305779" lon="86.118353"><ele>3056</ele></trkpt>
      <trkpt lat="43.305842" lon="86.11875"><ele>3046</ele></trkpt>
      <trkpt lat="43.305969" lon="86.119118"><ele>3034</ele></trkpt>
      <trkpt lat="43.305883" lon="86.11952"><ele>3033</ele></trkpt>
      <trkpt lat="43.305652" lon="86.120225"><ele>3031</ele></trkpt>
      <trkpt lat="43.305655" lon="86.120467"><ele>3029</ele></trkpt>
      <trkpt lat="43.305721" lon="86.120825"><ele>3027</ele></trkpt>
      <trkpt lat="43.305693" lon="86.121465"><ele>3026</ele></trkpt>
      <trkpt lat="43.305633" lon="86.121921"><ele>3027</ele></trkpt>
      <trkpt lat="43.305503" lon="86.122294"><ele>3027</ele></trkpt>
      <trkpt lat="43.30537" lon="86.12254"><ele>3025</ele></trkpt>
      <trkpt lat="43.305207" lon="86.122652"><ele>3024</ele></trkpt>
      <trkpt lat="43.305111" lon="86.122815"><ele>3026</ele></trkpt>
      <trkpt lat="43.304301" lon="86.123518"><ele>3036</ele></trkpt>
      <trkpt lat="43.304171" lon="86.1237"><ele>3038</ele></trkpt>
      <trkpt lat="43.303981" lon="86.124126"><ele>3041</ele></trkpt>
      <trkpt lat="43.303144" lon="86.124938"><ele>3051</ele></trkpt>
      <trkpt lat="43.302683" lon="86.125717"><ele>3054</ele></trkpt>
      <trkpt lat="43.301196" lon="86.126865"><ele>3095</ele></trkpt>
      <trkpt lat="43.300917" lon="86.12716"><ele>3102</ele></trkpt>
      <trkpt lat="43.300824" lon="86.127363"><ele>3103</ele></trkpt>
      <trkpt lat="43.300756" lon="86.127697"><ele>3096</ele></trkpt>
      <trkpt lat="43.300548" lon="86.128003"><ele>3097</ele></trkpt>
      <trkpt lat="43.300155" lon="86.128724"><ele>3104</ele></trkpt>
      <trkpt lat="43.299884" lon="86.129713"><ele>3112</ele></trkpt>
      <trkpt lat="43.299699" lon="86.130056"><ele>3113</ele></trkpt>
      <trkpt lat="43.299618" lon="86.130133"><ele>3115</ele></trkpt>
      <trkpt lat="43.29936" lon="86.130238"><ele>3121</ele></trkpt>
      <trkpt lat="43.299126" lon="86.130426"><ele>3121</ele></trkpt>
      <trkpt lat="43.298866" lon="86.130825"><ele>3114</ele></trkpt>
      <trkpt lat="43.298721" lon="86.130939"><ele>3112</ele></trkpt>
      <trkpt lat="43.298391" lon="86.131341"><ele>3113</ele></trkpt>
      <trkpt lat="43.298016" lon="86.131413"><ele>3120</ele></trkpt>
      <trkpt lat="43.297897" lon="86.131494"><ele>3124</ele></trkpt>
      <trkpt lat="43.29772" lon="86.13196"><ele>3134</ele></trkpt>
      <trkpt lat="43.297499" lon="86.132789"><ele>3138</ele></trkpt>
      <trkpt lat="43.297474" lon="86.133735"><ele>3157</ele></trkpt>
      <trkpt lat="43.297063" lon="86.134731"><ele>3164</ele></trkpt>
      <trkpt lat="43.297029" lon="86.134884"><ele>3170</ele></trkpt>
      <trkpt lat="43.297031" lon="86.135181"><ele>3171</ele></trkpt>
      <trkpt lat="43.296851" lon="86.135496"><ele>3168</ele></trkpt>
      <trkpt lat="43.296667" lon="86.135919"><ele>3168</ele></trkpt>
      <trkpt lat="43.296325" lon="86.137067"><ele>3175</ele></trkpt>
      <trkpt lat="43.296021" lon="86.13778"><ele>3186</ele></trkpt>
      <trkpt lat="43.296012" lon="86.137938"><ele>3189</ele></trkpt>
      <trkpt lat="43.296067" lon="86.138292"><ele>3197</ele></trkpt>
      <trkpt lat="43.295876" lon="86.139201"><ele>3211</ele></trkpt>
      <trkpt lat="43.295865" lon="86.139718"><ele>3219</ele></trkpt>
      <trkpt lat="43.295729" lon="86.139863"><ele>3216</ele></trkpt>
      <trkpt lat="43.295475" lon="86.139943"><ele>3214</ele></trkpt>
      <trkpt lat="43.2953" lon="86.140097"><ele>3212</ele></trkpt>
      <trkpt lat="43.295162" lon="86.14031"><ele>3212</ele></trkpt>
      <trkpt lat="43.294847" lon="86.140595"><ele>3212</ele></trkpt>
      <trkpt lat="43.294565" lon="86.141019"><ele>3215</ele></trkpt>
      <trkpt lat="43.294419" lon="86.141409"><ele>3226</ele></trkpt>
      <trkpt lat="43.294437" lon="86.142037"><ele>3241</ele></trkpt>
      <trkpt lat="43.294359" lon="86.142539"><ele>3248</ele></trkpt>
      <trkpt lat="43.294286" lon="86.142644"><ele>3246</ele></trkpt>
      <trkpt lat="43.294122" lon="86.142641"><ele>3246</ele></trkpt>
      <trkpt lat="43.293977" lon="86.142553"><ele>3252</ele></trkpt>
      <trkpt lat="43.293726" lon="86.142255"><ele>3261</ele></trkpt>
      <trkpt lat="43.293681" lon="86.142244"><ele>3260</ele></trkpt>
      <trkpt lat="43.293401" lon="86.142528"><ele>3260</ele></trkpt>
      <trkpt lat="43.292855" lon="86.142781"><ele>3260</ele></trkpt>
      <trkpt lat="43.292531" lon="86.143068"><ele>3268</ele></trkpt>
      <trkpt lat="43.292267" lon="86.143517"><ele>3281</ele></trkpt>
      <trkpt lat="43.292327" lon="86.143556"><ele>3283</ele></trkpt>
      <trkpt lat="43.29259" lon="86.143394"><ele>3288</ele></trkpt>
      <trkpt lat="43.292653" lon="86.143441"><ele>3294</ele></trkpt>
      <trkpt lat="43.292401" lon="86.143808"><ele>3302</ele></trkpt>
      <trkpt lat="43.291986" lon="86.144207"><ele>3311</ele></trkpt>
      <trkpt lat="43.291563" lon="86.14481"><ele>3318</ele></trkpt>
      <trkpt lat="43.291401" lon="86.145108"><ele>3322</ele></trkpt>
      <trkpt lat="43.291302" lon="86.14544"><ele>3329</ele></trkpt>
      <trkpt lat="43.291197" lon="86.145648"><ele>3332</ele></trkpt>
      <trkpt lat="43.290756" lon="86.145984"><ele>3329</ele></trkpt>
      <trkpt lat="43.290016" lon="86.147176"><ele>3350</ele></trkpt>
      <trkpt lat="43.289552" lon="86.147625"><ele>3356</ele></trkpt>
      <trkpt lat="43.289484" lon="86.14783"><ele>3359</ele></trkpt>
      <trkpt lat="43.288897" lon="86.1488"><ele>3346</ele></trkpt>
      <trkpt lat="43.288717" lon="86.149436"><ele>3347</ele></trkpt>
      <trkpt lat="43.288261" lon="86.149813"><ele>3347</ele></trkpt>
      <trkpt lat="43.288114" lon="86.150077"><ele>3340</ele></trkpt>
      <trkpt lat="43.287436" lon="86.15086"><ele>3351</ele></trkpt>
      <trkpt lat="43.287167" lon="86.151363"><ele>3348</ele></trkpt>
      <trkpt lat="43.287123" lon="86.151591"><ele>3339</ele></trkpt>
      <trkpt lat="43.287046" lon="86.151711"><ele>3335</ele></trkpt>
      <trkpt lat="43.286854" lon="86.151828"><ele>3334</ele></trkpt>
      <trkpt lat="43.286468" lon="86.151897"><ele>3327</ele></trkpt>
      <trkpt lat="43.286139" lon="86.152172"><ele>3318</ele></trkpt>
      <trkpt lat="43.286088" lon="86.152364"><ele>3316</ele></trkpt>
      <trkpt lat="43.286107" lon="86.152471"><ele>3314</ele></trkpt>
      <trkpt lat="43.286223" lon="86.152724"><ele>3312</ele></trkpt>
      <trkpt lat="43.286312" lon="86.153037"><ele>3312</ele></trkpt>
      <trkpt lat="43.286344" lon="86.153284"><ele>3310</ele></trkpt>
      <trkpt lat="43.286333" lon="86.153726"><ele>3305</ele></trkpt>
      <trkpt lat="43.286261" lon="86.154067"><ele>3301</ele></trkpt>
      <trkpt lat="43.28611" lon="86.154164"><ele>3301</ele></trkpt>
      <trkpt lat="43.285841" lon="86.154154"><ele>3300</ele></trkpt>
      <trkpt lat="43.285162" lon="86.154084"><ele>3298</ele></trkpt>
      <trkpt lat="43.284764" lon="86.153948"><ele>3295</ele></trkpt>
      <trkpt lat="43.284137" lon="86.154524"><ele>3278</ele></trkpt>
      <trkpt lat="43.283954" lon="86.154763"><ele>3267</ele></trkpt>
      <trkpt lat="43.283869" lon="86.154991"><ele>3257</ele></trkpt>
      <trkpt lat="43.283671" lon="86.155172"><ele>3249</ele></trkpt>
      <trkpt lat="43.283043" lon="86.155451"><ele>3247</ele></trkpt>
      <trkpt lat="43.281139" lon="86.156925"><ele>3240</ele></trkpt>
      <trkpt lat="43.281706" lon="86.15637"><ele>3245</ele></trkpt>
      <trkpt lat="43.281921" lon="86.156236"><ele>3246</ele></trkpt>
      <trkpt lat="43.281391" lon="86.1566"><ele>3241</ele></trkpt>
      <trkpt lat="43.281056" lon="86.156743"><ele>3245</ele></trkpt>
      <trkpt lat="43.280822" lon="86.15712"><ele>3252</ele></trkpt>
      <trkpt lat="43.280619" lon="86.157533"><ele>3259</ele></trkpt>
      <trkpt lat="43.279129" lon="86.159082"><ele>3201</ele></trkpt>
      <trkpt lat="43.278754" lon="86.159589"><ele>3192</ele></trkpt>
      <trkpt lat="43.278642" lon="86.159853"><ele>3192</ele></trkpt>
      <trkpt lat="43.279387" lon="86.159583"><ele>3249</ele></trkpt>
      <trkpt lat="43.279609" lon="86.159594"><ele>3268</ele></trkpt>
      <trkpt lat="43.279321" lon="86.160093"><ele>3262</ele></trkpt>
      <trkpt lat="43.278635" lon="86.161038"><ele>3250</ele></trkpt>
      <trkpt lat="43.278131" lon="86.162018"><ele>3253</ele></trkpt>
      <trkpt lat="43.276643" lon="86.163219"><ele>3156</ele></trkpt>
      <trkpt lat="43.276479" lon="86.163405"><ele>3148</ele></trkpt>
      <trkpt lat="43.276306" lon="86.163694"><ele>3144</ele></trkpt>
      <trkpt lat="43.276304" lon="86.163793"><ele>3146</ele></trkpt>
      <trkpt lat="43.27645" lon="86.163897"><ele>3152</ele></trkpt>
      <trkpt lat="43.277714" lon="86.163297"><ele>3251</ele></trkpt>
      <trkpt lat="43.277917" lon="86.163247"><ele>3264</ele></trkpt>
      <trkpt lat="43.278034" lon="86.163275"><ele>3270</ele></trkpt>
      <trkpt lat="43.278121" lon="86.163437"><ele>3270</ele></trkpt>
      <trkpt lat="43.278141" lon="86.163552"><ele>3268</ele></trkpt>
      <trkpt lat="43.278097" lon="86.163777"><ele>3256</ele></trkpt>
      <trkpt lat="43.278136" lon="86.163889"><ele>3252</ele></trkpt>
      <trkpt lat="43.278108" lon="86.163997"><ele>3247</ele></trkpt>
      <trkpt lat="43.277636" lon="86.164284"><ele>3238</ele></trkpt>
      <trkpt lat="43.276994" lon="86.164253"><ele>3215</ele></trkpt>
      <trkpt lat="43.27674" lon="86.164331"><ele>3202</ele></trkpt>
      <trkpt lat="43.276456" lon="86.164519"><ele>3189</ele></trkpt>
      <trkpt lat="43.276169" lon="86.164943"><ele>3180</ele></trkpt>
      <trkpt lat="43.275797" lon="86.165292"><ele>3181</ele></trkpt>
      <trkpt lat="43.275615" lon="86.165585"><ele>3183</ele></trkpt>
      <trkpt lat="43.275472" lon="86.165916"><ele>3187</ele></trkpt>
      <trkpt lat="43.275292" lon="86.166552"><ele>3190</ele></trkpt>
      <trkpt lat="43.275168" lon="86.166773"><ele>3196</ele></trkpt>
      <trkpt lat="43.274888" lon="86.167521"><ele>3196</ele></trkpt>
      <trkpt lat="43.274858" lon="86.165157"><ele>2981</ele></trkpt>
      <trkpt lat="43.274816" lon="86.164928"><ele>2963</ele></trkpt>
      <trkpt lat="43.274753" lon="86.164916"><ele>2964</ele></trkpt>
      <trkpt lat="43.274711" lon="86.165051"><ele>2976</ele></trkpt>
      <trkpt lat="43.274506" lon="86.165249"><ele>2986</ele></trkpt>
      <trkpt lat="43.273013" lon="86.167459"><ele>2990</ele></trkpt>
      <trkpt lat="43.273884" lon="86.165973"><ele>2987</ele></trkpt>
      <trkpt lat="43.274167" lon="86.165583"><ele>2986</ele></trkpt>
      <trkpt lat="43.274362" lon="86.165385"><ele>2985</ele></trkpt>
      <trkpt lat="43.274154" lon="86.165636"><ele>2986</ele></trkpt>
      <trkpt lat="43.27361" lon="86.167076"><ele>2948</ele></trkpt>
      <trkpt lat="43.272961" lon="86.168333"><ele>2963</ele></trkpt>
      <trkpt lat="43.273293" lon="86.167157"><ele>2987</ele></trkpt>
      <trkpt lat="43.273329" lon="86.166923"><ele>2991</ele></trkpt>
      <trkpt lat="43.273308" lon="86.166861"><ele>2993</ele></trkpt>
      <trkpt lat="43.273248" lon="86.166905"><ele>2994</ele></trkpt>
      <trkpt lat="43.272946" lon="86.167395"><ele>2991</ele></trkpt>
      <trkpt lat="43.271051" lon="86.171047"><ele>3008</ele></trkpt>
      <trkpt lat="43.269946" lon="86.173265"><ele>3020</ele></trkpt>
      <trkpt lat="43.269428" lon="86.17396"><ele>3019</ele></trkpt>
      <trkpt lat="43.268664" lon="86.175184"><ele>3036</ele></trkpt>
      <trkpt lat="43.268361" lon="86.175566"><ele>3041</ele></trkpt>
      <trkpt lat="43.267984" lon="86.175862"><ele>3042</ele></trkpt>
      <trkpt lat="43.267722" lon="86.175977"><ele>3041</ele></trkpt>
      <trkpt lat="43.267267" lon="86.176012"><ele>3040</ele></trkpt>
      <trkpt lat="43.267141" lon="86.176074"><ele>3039</ele></trkpt>
      <trkpt lat="43.266432" lon="86.17679"><ele>3034</ele></trkpt>
      <trkpt lat="43.266251" lon="86.177026"><ele>3033</ele></trkpt>
      <trkpt lat="43.26576" lon="86.177403"><ele>3028</ele></trkpt>
      <trkpt lat="43.265517" lon="86.177685"><ele>3025</ele></trkpt>
      <trkpt lat="43.265374" lon="86.17797"><ele>3022</ele></trkpt>
      <trkpt lat="43.26468" lon="86.180122"><ele>3007</ele></trkpt>
      <trkpt lat="43.264596" lon="86.180527"><ele>3007</ele></trkpt>
      <trkpt lat="43.264615" lon="86.180946"><ele>3005</ele></trkpt>
      <trkpt lat="43.264549" lon="86.181262"><ele>3003</ele></trkpt>
      <trkpt lat="43.264367" lon="86.181663"><ele>2998</ele></trkpt>
      <trkpt lat="43.264043" lon="86.182155"><ele>2987</ele></trkpt>
      <trkpt lat="43.263806" lon="86.182441"><ele>2980</ele></trkpt>
      <trkpt lat="43.263611" lon="86.182576"><ele>2976</ele></trkpt>
      <trkpt lat="43.262997" lon="86.182237"><ele>2978</ele></trkpt>
      <trkpt lat="43.262802" lon="86.182227"><ele>2977</ele></trkpt>
      <trkpt lat="43.262731" lon="86.182308"><ele>2976</ele></trkpt>
      <trkpt lat="43.262589" lon="86.182747"><ele>2974</ele></trkpt>
      <trkpt lat="43.262194" lon="86.183522"><ele>2972</ele></trkpt>
      <trkpt lat="43.262109" lon="86.183649"><ele>2973</ele></trkpt>
      <trkpt lat="43.262009" lon="86.18371"><ele>2975</ele></trkpt>
      <trkpt lat="43.2619" lon="86.18371"><ele>2977</ele></trkpt>
      <trkpt lat="43.261748" lon="86.183607"><ele>2980</ele></trkpt>
      <trkpt lat="43.261597" lon="86.183386"><ele>2982</ele></trkpt>
      <trkpt lat="43.261432" lon="86.182958"><ele>2983</ele></trkpt>
      <trkpt lat="43.261364" lon="86.182887"><ele>2983</ele></trkpt>
      <trkpt lat="43.261319" lon="86.182899"><ele>2982</ele></trkpt>
      <trkpt lat="43.261133" lon="86.183626"><ele>2976</ele></trkpt>
      <trkpt lat="43.261074" lon="86.183997"><ele>2977</ele></trkpt>
      <trkpt lat="43.260905" lon="86.185972"><ele>2962</ele></trkpt>
      <trkpt lat="43.260766" lon="86.186449"><ele>2960</ele></trkpt>
      <trkpt lat="43.260391" lon="86.187462"><ele>2953</ele></trkpt>
      <trkpt lat="43.260261" lon="86.188306"><ele>2951</ele></trkpt>
      <trkpt lat="43.260103" lon="86.188967"><ele>2948</ele></trkpt>
      <trkpt lat="43.25991" lon="86.189492"><ele>2947</ele></trkpt>
      <trkpt lat="43.259744" lon="86.189769"><ele>2950</ele></trkpt>
      <trkpt lat="43.259728" lon="86.190419"><ele>2940</ele></trkpt>
      <trkpt lat="43.259428" lon="86.192318"><ele>2932</ele></trkpt>
      <trkpt lat="43.259279" lon="86.192667"><ele>2930</ele></trkpt>
      <trkpt lat="43.259213" lon="86.192749"><ele>2929</ele></trkpt>
      <trkpt lat="43.258856" lon="86.192885"><ele>2926</ele></trkpt>
      <trkpt lat="43.258787" lon="86.192977"><ele>2925</ele></trkpt>
      <trkpt lat="43.258722" lon="86.193202"><ele>2924</ele></trkpt>
      <trkpt lat="43.258623" lon="86.194379"><ele>2923</ele></trkpt>
      <trkpt lat="43.258792" lon="86.195103"><ele>2921</ele></trkpt>
      <trkpt lat="43.258665" lon="86.195819"><ele>2920</ele></trkpt>
      <trkpt lat="43.258629" lon="86.19645"><ele>2918</ele></trkpt>
      <trkpt lat="43.258573" lon="86.196752"><ele>2918</ele></trkpt>
      <trkpt lat="43.258056" lon="86.198713"><ele>2912</ele></trkpt>
      <trkpt lat="43.257702" lon="86.200277"><ele>2907</ele></trkpt>
      <trkpt lat="43.257551" lon="86.200803"><ele>2906</ele></trkpt>
      <trkpt lat="43.256946" lon="86.201959"><ele>2903</ele></trkpt>
      <trkpt lat="43.256853" lon="86.202029"><ele>2904</ele></trkpt>
      <trkpt lat="43.256681" lon="86.202044"><ele>2905</ele></trkpt>
    </trkseg>
    <trkseg>
      <trkpt lat="43.284607" lon="86.76052"><ele>2132</ele></trkpt>
      <trkpt lat="43.284481" lon="86.760799"><ele>2279</ele></trkpt>
      <trkpt lat="43.284129" lon="86.760734"><ele>2306</ele></trkpt>
      <trkpt lat="43.284225" lon="86.760794"><ele>2288</ele></trkpt>
      <trkpt lat="43.284373" lon="86.760586"><ele>2267</ele></trkpt>
      <trkpt lat="43.284208" lon="86.760827"><ele>2278</ele></trkpt>
      <trkpt lat="43.284243" lon="86.760697"><ele>2279</ele></trkpt>
      <trkpt lat="43.284231" lon="86.760819"><ele>2282</ele></trkpt>
      <trkpt lat="43.284269" lon="86.760671"><ele>2272</ele></trkpt>
      <trkpt lat="43.284244" lon="86.760798"><ele>2278</ele></trkpt>
      <trkpt lat="43.284094" lon="86.760948"><ele>2274</ele></trkpt>
      <trkpt lat="43.284072" lon="86.76107"><ele>2271</ele></trkpt>
      <trkpt lat="43.28409" lon="86.760819"><ele>2276</ele></trkpt>
      <trkpt lat="43.284234" lon="86.760641"><ele>2274</ele></trkpt>
      <trkpt lat="43.284174" lon="86.760741"><ele>2277</ele></trkpt>
      <trkpt lat="43.284267" lon="86.760767"><ele>2285</ele></trkpt>
      <trkpt lat="43.284262" lon="86.760896"><ele>2299</ele></trkpt>
      <trkpt lat="43.28422" lon="86.760784"><ele>2284</ele></trkpt>
      <trkpt lat="43.284294" lon="86.760859"><ele>2283</ele></trkpt>
      <trkpt lat="43.284197" lon="86.760815"><ele>2284</ele></trkpt>
      <trkpt lat="43.284255" lon="86.760916"><ele>2283</ele></trkpt>
      <trkpt lat="43.284224" lon="86.760761"><ele>2283</ele></trkpt>
      <trkpt lat="43.284143" lon="86.760817"><ele>2280</ele></trkpt>
      <trkpt lat="43.284211" lon="86.76065"><ele>2281</ele></trkpt>
      <trkpt lat="43.284226" lon="86.760913"><ele>2295</ele></trkpt>
      <trkpt lat="43.28427" lon="86.760783"><ele>2292</ele></trkpt>
      <trkpt lat="43.28435" lon="86.760849"><ele>2303</ele></trkpt>
      <trkpt lat="43.284159" lon="86.760834"><ele>2281</ele></trkpt>
      <trkpt lat="43.284236" lon="86.760906"><ele>2285</ele></trkpt>
      <trkpt lat="43.284251" lon="86.760782"><ele>2288</ele></trkpt>
      <trkpt lat="43.284198" lon="86.760887"><ele>2300</ele></trkpt>
      <trkpt lat="43.284281" lon="86.760834"><ele>2297</ele></trkpt>
      <trkpt lat="43.284239" lon="86.760944"><ele>2311</ele></trkpt>
      <trkpt lat="43.284274" lon="86.760817"><ele>2304</ele></trkpt>
      <trkpt lat="43.284231" lon="86.760699"><ele>2306</ele></trkpt>
      <trkpt lat="43.284197" lon="86.760819"><ele>2301</ele></trkpt>
      <trkpt lat="43.284244" lon="86.760703"><ele>2294</ele></trkpt>
      <trkpt lat="43.28422" lon="86.760832"><ele>2292</ele></trkpt>
      <trkpt lat="43.28425" lon="86.760966"><ele>2303</ele></trkpt>
      <trkpt lat="43.284052" lon="86.760985"><ele>2298</ele></trkpt>
      <trkpt lat="43.284025" lon="86.761103"><ele>2293</ele></trkpt>
      <trkpt lat="43.284085" lon="86.761006"><ele>2292</ele></trkpt>
      <trkpt lat="43.284112" lon="86.760714"><ele>2290</ele></trkpt>
      <trkpt lat="43.284184" lon="86.760637"><ele>2282</ele></trkpt>
      <trkpt lat="43.284102" lon="86.760717"><ele>2279</ele></trkpt>
      <trkpt lat="43.284057" lon="86.760598"><ele>2284</ele></trkpt>
      <trkpt lat="43.284027" lon="86.760742"><ele>2278</ele></trkpt>
      <trkpt lat="43.284108" lon="86.760819"><ele>2277</ele></trkpt>
      <trkpt lat="43.284191" lon="86.760772"><ele>2278</ele></trkpt>
      <trkpt lat="43.284172" lon="86.760902"><ele>2280</ele></trkpt>
      <trkpt lat="43.284218" lon="86.76078"><ele>2274</ele></trkpt>
      <trkpt lat="43.284165" lon="86.76088"><ele>2275</ele></trkpt>
      <trkpt lat="43.284166" lon="86.760756"><ele>2279</ele></trkpt>
      <trkpt lat="43.284259" lon="86.76081"><ele>2281</ele></trkpt>
      <trkpt lat="43.284233" lon="86.76093"><ele>2283</ele></trkpt>
      <trkpt lat="43.284151" lon="86.760874"><ele>2285</ele></trkpt>
      <trkpt lat="43.284212" lon="86.760778"><ele>2280</ele></trkpt>
      <trkpt lat="43.284269" lon="86.76105"><ele>2304</ele></trkpt>
      <trkpt lat="43.284232" lon="86.760816"><ele>2286</ele></trkpt>
      <trkpt lat="43.284219" lon="86.760972"><ele>2298</ele></trkpt>
      <trkpt lat="43.28426" lon="86.760829"><ele>2296</ele></trkpt>
      <trkpt lat="43.284206" lon="86.760932"><ele>2302</ele></trkpt>
      <trkpt lat="43.284296" lon="86.760917"><ele>2312</ele></trkpt>
      <trkpt lat="43.284276" lon="86.760794"><ele>2296</ele></trkpt>
      <trkpt lat="43.284194" lon="86.760866"><ele>2302</ele></trkpt>
      <trkpt lat="43.28382" lon="86.7608"><ele>2290</ele></trkpt>
      <trkpt lat="43.283826" lon="86.760672"><ele>2290</ele></trkpt>
      <trkpt lat="43.284097" lon="86.76079"><ele>2287</ele></trkpt>
      <trkpt lat="43.284182" lon="86.760745"><ele>2286</ele></trkpt>
      <trkpt lat="43.284225" lon="86.760868"><ele>2287</ele></trkpt>
      <trkpt lat="43.284239" lon="86.760743"><ele>2283</ele></trkpt>
      <trkpt lat="43.284191" lon="86.76085"><ele>2281</ele></trkpt>
      <trkpt lat="43.284245" lon="86.760869"><ele>2287</ele></trkpt>
      <trkpt lat="43.284278" lon="86.760697"><ele>2281</ele></trkpt>
      <trkpt lat="43.284185" lon="86.760733"><ele>2280</ele></trkpt>
      <trkpt lat="43.284231" lon="86.760624"><ele>2273</ele></trkpt>
      <trkpt lat="43.284272" lon="86.760742"><ele>2272</ele></trkpt>
      <trkpt lat="43.284332" lon="86.7606"><ele>2272</ele></trkpt>
      <trkpt lat="43.284231" lon="86.76065"><ele>2273</ele></trkpt>
      <trkpt lat="43.284174" lon="86.760501"><ele>2271</ele></trkpt>
      <trkpt lat="43.284232" lon="86.760197"><ele>2271</ele></trkpt>
      <trkpt lat="43.284226" lon="86.760754"><ele>2275</ele></trkpt>
      <trkpt lat="43.284264" lon="86.760866"><ele>2287</ele></trkpt>
      <trkpt lat="43.284245" lon="86.760744"><ele>2278</ele></trkpt>
      <trkpt lat="43.284296" lon="86.760873"><ele>2276</ele></trkpt>
      <trkpt lat="43.28428" lon="86.760751"><ele>2274</ele></trkpt>
      <trkpt lat="43.28436" lon="86.760637"><ele>2271</ele></trkpt>
      <trkpt lat="43.284279" lon="86.760702"><ele>2274</ele></trkpt>
      <trkpt lat="43.284267" lon="86.76083"><ele>2277</ele></trkpt>
      <trkpt lat="43.28424" lon="86.760705"><ele>2280</ele></trkpt>
      <trkpt lat="43.284214" lon="86.760825"><ele>2284</ele></trkpt>
      <trkpt lat="43.284316" lon="86.760777"><ele>2279</ele></trkpt>
      <trkpt lat="43.284231" lon="86.760724"><ele>2276</ele></trkpt>
      <trkpt lat="43.284323" lon="86.76077"><ele>2271</ele></trkpt>
      <trkpt lat="43.284232" lon="86.760787"><ele>2270</ele></trkpt>
      <trkpt lat="43.284224" lon="86.760653"><ele>2277</ele></trkpt>
      <trkpt lat="43.284319" lon="86.760647"><ele>2284</ele></trkpt>
      <trkpt lat="43.284231" lon="86.760695"><ele>2280</ele></trkpt>
      <trkpt lat="43.284274" lon="86.760809"><ele>2278</ele></trkpt>
      <trkpt lat="43.284238" lon="86.760686"><ele>2274</ele></trkpt>
      <trkpt lat="43.284309" lon="86.76077"><ele>2274</ele></trkpt>
      <trkpt lat="43.284238" lon="86.760691"><ele>2266</ele></trkpt>
      <trkpt lat="43.284246" lon="86.760854"><ele>2273</ele></trkpt>
      <trkpt lat="43.284183" lon="86.760753"><ele>2266</ele></trkpt>
      <trkpt lat="43.284315" lon="86.760954"><ele>2272</ele></trkpt>
      <trkpt lat="43.284272" lon="86.760682"><ele>2273</ele></trkpt>
      <trkpt lat="43.2843" lon="86.760803"><ele>2278</ele></trkpt>
      <trkpt lat="43.284268" lon="86.760927"><ele>2278</ele></trkpt>
      <trkpt lat="43.28424" lon="86.76078"><ele>2287</ele></trkpt>
      <trkpt lat="43.284277" lon="86.760641"><ele>2273</ele></trkpt>
      <trkpt lat="43.284369" lon="86.760602"><ele>2275</ele></trkpt>
      <trkpt lat="43.284286" lon="86.760656"><ele>2274</ele></trkpt>
      <trkpt lat="43.284339" lon="86.760923"><ele>2273</ele></trkpt>
      <trkpt lat="43.284299" lon="86.761055"><ele>2278</ele></trkpt>
      <trkpt lat="43.28427" lon="86.760804"><ele>2267</ele></trkpt>
      <trkpt lat="43.284286" lon="86.760938"><ele>2274</ele></trkpt>
      <trkpt lat="43.2842" lon="86.760887"><ele>2278</ele></trkpt>
      <trkpt lat="43.28427" lon="86.76081"><ele>2279</ele></trkpt>
      <trkpt lat="43.284323" lon="86.760913"><ele>2286</ele></trkpt>
      <trkpt lat="43.284188" lon="86.761302"><ele>2282</ele></trkpt>
      <trkpt lat="43.284151" lon="86.761018"><ele>2278</ele></trkpt>
      <trkpt lat="43.284078" lon="86.76086"><ele>2277</ele></trkpt>
      <trkpt lat="43.284265" lon="86.760851"><ele>2279</ele></trkpt>
      <trkpt lat="43.28424" lon="86.760714"><ele>2277</ele></trkpt>
      <trkpt lat="43.28417" lon="86.760629"><ele>2268</ele></trkpt>
      <trkpt lat="43.28424" lon="86.760707"><ele>2272</ele></trkpt>
      <trkpt lat="43.28404" lon="86.760512"><ele>2265</ele></trkpt>
      <trkpt lat="43.28418" lon="86.760832"><ele>2278</ele></trkpt>
      <trkpt lat="43.284247" lon="86.760711"><ele>2270</ele></trkpt>
      <trkpt lat="43.284166" lon="86.760613"><ele>2267</ele></trkpt>
      <trkpt lat="43.284128" lon="86.760489"><ele>2262</ele></trkpt>
      <trkpt lat="43.284155" lon="86.760629"><ele>2265</ele></trkpt>
      <trkpt lat="43.284286" lon="86.760615"><ele>2272</ele></trkpt>
      <trkpt lat="43.284314" lon="86.760859"><ele>2278</ele></trkpt>
      <trkpt lat="43.28422" lon="86.760959"><ele>2281</ele></trkpt>
      <trkpt lat="43.284306" lon="86.761036"><ele>2280</ele></trkpt>
      <trkpt lat="43.284293" lon="86.761201"><ele>2281</ele></trkpt>
      <trkpt lat="43.284372" lon="86.761331"><ele>2276</ele></trkpt>
      <trkpt lat="43.28441" lon="86.760851"><ele>2269</ele></trkpt>
      <trkpt lat="43.28435" lon="86.760716"><ele>2267</ele></trkpt>
      <trkpt lat="43.284275" lon="86.76082"><ele>2263</ele></trkpt>
      <trkpt lat="43.284264" lon="86.76067"><ele>2263</ele></trkpt>
      <trkpt lat="43.284319" lon="86.7608"><ele>2276</ele></trkpt>
      <trkpt lat="43.284406" lon="86.760847"><ele>2287</ele></trkpt>
      <trkpt lat="43.284325" lon="86.760789"><ele>2292</ele></trkpt>
      <trkpt lat="43.284269" lon="86.760666"><ele>2293</ele></trkpt>
      <trkpt lat="43.284216" lon="86.760788"><ele>2295</ele></trkpt>
      <trkpt lat="43.284382" lon="86.760655"><ele>2276</ele></trkpt>
      <trkpt lat="43.284292" lon="86.760666"><ele>2275</ele></trkpt>
      <trkpt lat="43.284319" lon="86.760544"><ele>2267</ele></trkpt>
      <trkpt lat="43.284301" lon="86.760672"><ele>2267</ele></trkpt>
      <trkpt lat="43.284242" lon="86.760544"><ele>2271</ele></trkpt>
      <trkpt lat="43.284328" lon="86.760501"><ele>2258</ele></trkpt>
      <trkpt lat="43.284226" lon="86.760494"><ele>2259</ele></trkpt>
      <trkpt lat="43.284347" lon="86.760626"><ele>2259</ele></trkpt>
      <trkpt lat="43.28445" lon="86.760678"><ele>2261</ele></trkpt>
      <trkpt lat="43.28449" lon="86.760564"><ele>2254</ele></trkpt>
      <trkpt lat="43.284404" lon="86.760643"><ele>2266</ele></trkpt>
      <trkpt lat="43.284252" lon="86.760682"><ele>2283</ele></trkpt>
      <trkpt lat="43.284279" lon="86.760803"><ele>2280</ele></trkpt>
      <trkpt lat="43.284283" lon="86.760673"><ele>2272</ele></trkpt>
      <trkpt lat="43.284345" lon="86.760799"><ele>2266</ele></trkpt>
      <trkpt lat="43.284185" lon="86.76064"><ele>2272</ele></trkpt>
      <trkpt lat="43.284249" lon="86.760535"><ele>2272</ele></trkpt>
      <trkpt lat="43.284259" lon="86.76082"><ele>2274</ele></trkpt>
      <trkpt lat="43.284311" lon="86.760706"><ele>2269</ele></trkpt>
      <trkpt lat="43.2844" lon="86.760675"><ele>2267</ele></trkpt>
      <trkpt lat="43.284334" lon="86.760768"><ele>2263</ele></trkpt>
      <trkpt lat="43.284364" lon="86.76065"><ele>2263</ele></trkpt>
      <trkpt lat="43.284275" lon="86.760699"><ele>2275</ele></trkpt>
      <trkpt lat="43.284281" lon="86.76057"><ele>2263</ele></trkpt>
      <trkpt lat="43.28424" lon="86.760693"><ele>2268</ele></trkpt>
      <trkpt lat="43.284336" lon="86.760634"><ele>2264</ele></trkpt>
      <trkpt lat="43.284282" lon="86.760735"><ele>2259</ele></trkpt>
      <trkpt lat="43.284315" lon="86.76061"><ele>2255</ele></trkpt>
      <trkpt lat="43.28432" lon="86.760766"><ele>2266</ele></trkpt>
      <trkpt lat="43.284231" lon="86.760792"><ele>2271</ele></trkpt>
      <trkpt lat="43.284288" lon="86.760679"><ele>2248</ele></trkpt>
      <trkpt lat="43.284225" lon="86.76077"><ele>2261</ele></trkpt>
      <trkpt lat="43.284305" lon="86.760708"><ele>2248</ele></trkpt>
      <trkpt lat="43.284235" lon="86.76079"><ele>2280</ele></trkpt>
      <trkpt lat="43.28417" lon="86.760987"><ele>2307</ele></trkpt>
      <trkpt lat="43.284246" lon="86.760869"><ele>2305</ele></trkpt>
      <trkpt lat="43.284227" lon="86.76073"><ele>2257</ele></trkpt>
      <trkpt lat="43.284399" lon="86.761005"><ele>2325</ele></trkpt>
      <trkpt lat="43.284488" lon="86.761033"><ele>2334</ele></trkpt>
      <trkpt lat="43.284213" lon="86.760796"><ele>2276</ele></trkpt>
      <trkpt lat="43.284288" lon="86.760932"><ele>2312</ele></trkpt>
      <trkpt lat="43.284243" lon="86.760674"><ele>2260</ele></trkpt>
      <trkpt lat="43.28422" lon="86.760794"><ele>2278</ele></trkpt>
      <trkpt lat="43.28419" lon="86.760644"><ele>2286</ele></trkpt>
      <trkpt lat="43.28422" lon="86.760759"><ele>2282</ele></trkpt>
      <trkpt lat="43.284309" lon="86.760535"><ele>2241</ele></trkpt>
      <trkpt lat="43.284199" lon="86.760811"><ele>2280</ele></trkpt>
      <trkpt lat="43.284209" lon="86.760935"><ele>2289</ele></trkpt>
      <trkpt lat="43.284219" lon="86.760802"><ele>2278</ele></trkpt>
      <trkpt lat="43.283849" lon="86.760507"><ele>2278</ele></trkpt>
      <trkpt lat="43.283938" lon="86.760554"><ele>2269</ele></trkpt>
      <trkpt lat="43.284038" lon="86.760523"><ele>2262</ele></trkpt>
      <trkpt lat="43.28414" lon="86.76059"><ele>2265</ele></trkpt>
      <trkpt lat="43.284269" lon="86.760845"><ele>2270</ele></trkpt>
      <trkpt lat="43.284293" lon="86.760708"><ele>2271</ele></trkpt>
      <trkpt lat="43.284207" lon="86.760777"><ele>2265</ele></trkpt>
      <trkpt lat="43.284171" lon="86.760652"><ele>2264</ele></trkpt>
      <trkpt lat="43.284215" lon="86.760762"><ele>2267</ele></trkpt>
      <trkpt lat="43.28432" lon="86.760702"><ele>2271</ele></trkpt>
      <trkpt lat="43.284249" lon="86.760866"><ele>2272</ele></trkpt>
      <trkpt lat="43.284235" lon="86.76073"><ele>2266</ele></trkpt>
      <trkpt lat="43.284406" lon="86.760671"><ele>2266</ele></trkpt>
      <trkpt lat="43.284429" lon="86.760947"><ele>2266</ele></trkpt>
      <trkpt lat="43.284275" lon="86.760786"><ele>2263</ele></trkpt>
      <trkpt lat="43.284295" lon="86.760926"><ele>2283</ele></trkpt>
      <trkpt lat="43.284268" lon="86.760801"><ele>2284</ele></trkpt>
      <trkpt lat="43.284361" lon="86.760801"><ele>2284</ele></trkpt>
      <trkpt lat="43.284232" lon="86.760993"><ele>2292</ele></trkpt>
      <trkpt lat="43.284179" lon="86.760875"><ele>2287</ele></trkpt>
      <trkpt lat="43.284209" lon="86.760747"><ele>2289</ele></trkpt>
      <trkpt lat="43.28429" lon="86.760823"><ele>2281</ele></trkpt>
      <trkpt lat="43.284566" lon="86.760731"><ele>2275</ele></trkpt>
      <trkpt lat="43.284773" lon="86.760794"><ele>2276</ele></trkpt>
      <trkpt lat="43.284869" lon="86.760761"><ele>2277</ele></trkpt>
      <trkpt lat="43.285061" lon="86.760801"><ele>2275</ele></trkpt>
      <trkpt lat="43.28523" lon="86.760653"><ele>2281</ele></trkpt>
      <trkpt lat="43.28534" lon="86.760651"><ele>2285</ele></trkpt>
      <trkpt lat="43.285417" lon="86.760733"><ele>2286</ele></trkpt>
      <trkpt lat="43.285453" lon="86.760868"><ele>2291</ele></trkpt>
      <trkpt lat="43.285729" lon="86.760791"><ele>2283</ele></trkpt>
      <trkpt lat="43.285991" lon="86.760916"><ele>2269</ele></trkpt>
      <trkpt lat="43.286557" lon="86.760897"><ele>2269</ele></trkpt>
      <trkpt lat="43.286817" lon="86.761074"><ele>2262</ele></trkpt>
      <trkpt lat="43.287296" lon="86.761202"><ele>2257</ele></trkpt>
      <trkpt lat="43.287398" lon="86.761176"><ele>2257</ele></trkpt>
      <trkpt lat="43.287846" lon="86.761386"><ele>2250</ele></trkpt>
      <trkpt lat="43.287979" lon="86.761579"><ele>2250</ele></trkpt>
      <trkpt lat="43.288067" lon="86.761645"><ele>2253</ele></trkpt>
      <trkpt lat="43.288102" lon="86.761766"><ele>2253</ele></trkpt>
      <trkpt lat="43.288318" lon="86.762052"><ele>2254</ele></trkpt>
      <trkpt lat="43.288303" lon="86.762461"><ele>2270</ele></trkpt>
      <trkpt lat="43.288378" lon="86.76253"><ele>2275</ele></trkpt>
      <trkpt lat="43.288471" lon="86.762522"><ele>2281</ele></trkpt>
      <trkpt lat="43.288772" lon="86.762867"><ele>2286</ele></trkpt>
      <trkpt lat="43.288871" lon="86.762866"><ele>2285</ele></trkpt>
      <trkpt lat="43.288946" lon="86.762942"><ele>2284</ele></trkpt>
      <trkpt lat="43.289314" lon="86.76306"><ele>2282</ele></trkpt>
      <trkpt lat="43.289453" lon="86.763254"><ele>2281</ele></trkpt>
      <trkpt lat="43.289613" lon="86.763376"><ele>2278</ele></trkpt>
      <trkpt lat="43.289681" lon="86.763294"><ele>2278</ele></trkpt>
      <trkpt lat="43.289708" lon="86.763172"><ele>2279</ele></trkpt>
      <trkpt lat="43.289688" lon="86.762908"><ele>2277</ele></trkpt>
      <trkpt lat="43.289802" lon="86.762655"><ele>2272</ele></trkpt>
      <trkpt lat="43.289875" lon="86.762583"><ele>2268</ele></trkpt>
      <trkpt lat="43.289903" lon="86.762211"><ele>2257</ele></trkpt>
      <trkpt lat="43.289985" lon="86.762132"><ele>2260</ele></trkpt>
      <trkpt lat="43.29003" lon="86.762018"><ele>2269</ele></trkpt>
      <trkpt lat="43.29009" lon="86.762111"><ele>2264</ele></trkpt>
      <trkpt lat="43.290009" lon="86.762169"><ele>2259</ele></trkpt>
      <trkpt lat="43.290091" lon="86.76222"><ele>2257</ele></trkpt>
      <trkpt lat="43.290151" lon="86.762319"><ele>2260</ele></trkpt>
      <trkpt lat="43.290181" lon="86.762201"><ele>2251</ele></trkpt>
      <trkpt lat="43.290261" lon="86.762257"><ele>2262</ele></trkpt>
      <trkpt lat="43.29031" lon="86.762152"><ele>2262</ele></trkpt>
      <trkpt lat="43.29027" lon="86.762026"><ele>2266</ele></trkpt>
      <trkpt lat="43.290348" lon="86.761917"><ele>2277</ele></trkpt>
      <trkpt lat="43.290439" lon="86.761892"><ele>2274</ele></trkpt>
      <trkpt lat="43.290588" lon="86.762059"><ele>2276</ele></trkpt>
      <trkpt lat="43.290721" lon="86.761854"><ele>2274</ele></trkpt>
      <trkpt lat="43.290809" lon="86.761795"><ele>2277</ele></trkpt>
      <trkpt lat="43.290906" lon="86.76177"><ele>2281</ele></trkpt>
      <trkpt lat="43.291486" lon="86.761816"><ele>2279</ele></trkpt>
      <trkpt lat="43.291664" lon="86.761916"><ele>2281</ele></trkpt>
      <trkpt lat="43.291715" lon="86.762022"><ele>2285</ele></trkpt>
      <trkpt lat="43.29213" lon="86.762323"><ele>2297</ele></trkpt>
      <trkpt lat="43.292273" lon="86.762141"><ele>2299</ele></trkpt>
      <trkpt lat="43.292523" lon="86.761961"><ele>2304</ele></trkpt>
      <trkpt lat="43.292555" lon="86.761835"><ele>2305</ele></trkpt>
      <trkpt lat="43.292685" lon="86.761645"><ele>2306</ele></trkpt>
      <trkpt lat="43.292775" lon="86.761593"><ele>2309</ele></trkpt>
      <trkpt lat="43.292967" lon="86.76163"><ele>2310</ele></trkpt>
      <trkpt lat="43.29305" lon="86.761572"><ele>2308</ele></trkpt>
      <trkpt lat="43.293138" lon="86.761621"><ele>2305</ele></trkpt>
      <trkpt lat="43.293314" lon="86.761552"><ele>2301</ele></trkpt>
      <trkpt lat="43.293508" lon="86.761286"><ele>2308</ele></trkpt>
      <trkpt lat="43.293502" lon="86.76116"><ele>2305</ele></trkpt>
      <trkpt lat="43.293779" lon="86.760198"><ele>2321</ele></trkpt>
      <trkpt lat="43.29382" lon="86.759314"><ele>2338</ele></trkpt>
      <trkpt lat="43.293798" lon="86.759069"><ele>2341</ele></trkpt>
      <trkpt lat="43.293963" lon="86.758599"><ele>2343</ele></trkpt>
      <trkpt lat="43.294025" lon="86.758223"><ele>2357</ele></trkpt>
      <trkpt lat="43.294146" lon="86.758041"><ele>2358</ele></trkpt>
      <trkpt lat="43.294211" lon="86.757776"><ele>2369</ele></trkpt>
      <trkpt lat="43.294306" lon="86.757724"><ele>2373</ele></trkpt>
      <trkpt lat="43.294306" lon="86.757594"><ele>2369</ele></trkpt>
      <trkpt lat="43.294408" lon="86.757391"><ele>2374</ele></trkpt>
      <trkpt lat="43.294385" lon="86.757261"><ele>2375</ele></trkpt>
      <trkpt lat="43.294433" lon="86.757148"><ele>2382</ele></trkpt>
      <trkpt lat="43.294506" lon="86.756612"><ele>2396</ele></trkpt>
      <trkpt lat="43.294734" lon="86.756406"><ele>2415</ele></trkpt>
      <trkpt lat="43.295121" lon="86.755515"><ele>2441</ele></trkpt>
      <trkpt lat="43.295378" lon="86.755167"><ele>2458</ele></trkpt>
      <trkpt lat="43.295531" lon="86.755024"><ele>2464</ele></trkpt>
      <trkpt lat="43.295577" lon="86.7549"><ele>2470</ele></trkpt>
      <trkpt lat="43.295649" lon="86.754825"><ele>2471</ele></trkpt>
      <trkpt lat="43.295822" lon="86.754396"><ele>2489</ele></trkpt>
      <trkpt lat="43.295903" lon="86.75432"><ele>2490</ele></trkpt>
      <trkpt lat="43.295989" lon="86.754094"><ele>2498</ele></trkpt>
      <trkpt lat="43.295964" lon="86.753973"><ele>2503</ele></trkpt>
      <trkpt lat="43.296047" lon="86.754033"><ele>2505</ele></trkpt>
      <trkpt lat="43.295967" lon="86.753922"><ele>2507</ele></trkpt>
      <trkpt lat="43.295932" lon="86.754036"><ele>2517</ele></trkpt>
      <trkpt lat="43.296019" lon="86.754079"><ele>2519</ele></trkpt>
      <trkpt lat="43.296019" lon="86.75369"><ele>2499</ele></trkpt>
      <trkpt lat="43.295969" lon="86.753312"><ele>2497</ele></trkpt>
      <trkpt lat="43.295824" lon="86.753133"><ele>2503</ele></trkpt>
      <trkpt lat="43.295784" lon="86.753022"><ele>2497</ele></trkpt>
      <trkpt lat="43.295783" lon="86.752759"><ele>2484</ele></trkpt>
      <trkpt lat="43.295637" lon="86.752578"><ele>2485</ele></trkpt>
      <trkpt lat="43.295718" lon="86.752465"><ele>2478</ele></trkpt>
      <trkpt lat="43.295798" lon="86.752075"><ele>2468</ele></trkpt>
      <trkpt lat="43.296032" lon="86.75165"><ele>2467</ele></trkpt>
      <trkpt lat="43.296003" lon="86.751528"><ele>2467</ele></trkpt>
      <trkpt lat="43.295905" lon="86.75157"><ele>2473</ele></trkpt>
      <trkpt lat="43.296075" lon="86.751469"><ele>2472</ele></trkpt>
      <trkpt lat="43.296142" lon="86.751363"><ele>2469</ele></trkpt>
      <trkpt lat="43.29633" lon="86.751291"><ele>2455</ele></trkpt>
      <trkpt lat="43.296591" lon="86.751478"><ele>2456</ele></trkpt>
      <trkpt lat="43.296632" lon="86.75159"><ele>2454</ele></trkpt>
      <trkpt lat="43.296779" lon="86.751774"><ele>2449</ele></trkpt>
      <trkpt lat="43.296863" lon="86.752146"><ele>2446</ele></trkpt>
      <trkpt lat="43.297027" lon="86.752477"><ele>2442</ele></trkpt>
      <trkpt lat="43.297102" lon="86.752553"><ele>2440</ele></trkpt>
      <trkpt lat="43.297156" lon="86.752792"><ele>2440</ele></trkpt>
      <trkpt lat="43.297289" lon="86.752991"><ele>2439</ele></trkpt>
      <trkpt lat="43.297339" lon="86.753356"><ele>2432</ele></trkpt>
      <trkpt lat="43.297417" lon="86.753436"><ele>2428</ele></trkpt>
      <trkpt lat="43.297523" lon="86.753646"><ele>2424</ele></trkpt>
      <trkpt lat="43.2976" lon="86.75389"><ele>2418</ele></trkpt>
      <trkpt lat="43.297728" lon="86.754086"><ele>2415</ele></trkpt>
      <trkpt lat="43.298056" lon="86.754395"><ele>2409</ele></trkpt>
      <trkpt lat="43.298078" lon="86.754514"><ele>2403</ele></trkpt>
      <trkpt lat="43.298147" lon="86.754624"><ele>2396</ele></trkpt>
      <trkpt lat="43.298263" lon="86.754694"><ele>2391</ele></trkpt>
      <trkpt lat="43.298561" lon="86.75506"><ele>2386</ele></trkpt>
      <trkpt lat="43.298766" lon="86.755372"><ele>2380</ele></trkpt>
      <trkpt lat="43.298853" lon="86.755449"><ele>2378</ele></trkpt>
      <trkpt lat="43.298831" lon="86.755595"><ele>2376</ele></trkpt>
      <trkpt lat="43.298933" lon="86.755633"><ele>2374</ele></trkpt>
      <trkpt lat="43.298998" lon="86.755734"><ele>2374</ele></trkpt>
      <trkpt lat="43.299089" lon="86.755781"><ele>2372</ele></trkpt>
      <trkpt lat="43.299663" lon="86.755772"><ele>2367</ele></trkpt>
      <trkpt lat="43.299756" lon="86.755711"><ele>2369</ele></trkpt>
      <trkpt lat="43.299845" lon="86.755775"><ele>2368</ele></trkpt>
      <trkpt lat="43.300133" lon="86.755726"><ele>2368</ele></trkpt>
      <trkpt lat="43.300325" lon="86.755793"><ele>2364</ele></trkpt>
      <trkpt lat="43.300496" lon="86.75592"><ele>2360</ele></trkpt>
      <trkpt lat="43.300586" lon="86.755891"><ele>2357</ele></trkpt>
      <trkpt lat="43.300873" lon="86.755976"><ele>2354</ele></trkpt>
      <trkpt lat="43.300961" lon="86.755913"><ele>2352</ele></trkpt>
      <trkpt lat="43.301154" lon="86.755939"><ele>2356</ele></trkpt>
      <trkpt lat="43.301419" lon="86.756129"><ele>2345</ele></trkpt>
      <trkpt lat="43.301711" lon="86.756258"><ele>2336</ele></trkpt>
      <trkpt lat="43.301804" lon="86.756187"><ele>2333</ele></trkpt>
      <trkpt lat="43.301867" lon="86.756077"><ele>2333</ele></trkpt>
      <trkpt lat="43.302046" lon="86.756168"><ele>2328</ele></trkpt>
      <trkpt lat="43.30202" lon="86.755896"><ele>2324</ele></trkpt>
      <trkpt lat="43.302127" lon="86.755677"><ele>2326</ele></trkpt>
      <trkpt lat="43.302226" lon="86.755712"><ele>2325</ele></trkpt>
      <trkpt lat="43.302315" lon="86.755652"><ele>2322</ele></trkpt>
      <trkpt lat="43.302675" lon="86.755857"><ele>2309</ele></trkpt>
      <trkpt lat="43.302735" lon="86.755756"><ele>2306</ele></trkpt>
      <trkpt lat="43.30284" lon="86.755822"><ele>2304</ele></trkpt>
      <trkpt lat="43.303034" lon="86.7558"><ele>2300</ele></trkpt>
      <trkpt lat="43.303073" lon="86.755659"><ele>2300</ele></trkpt>
      <trkpt lat="43.303282" lon="86.755658"><ele>2294</ele></trkpt>
      <trkpt lat="43.303359" lon="86.755724"><ele>2291</ele></trkpt>
      <trkpt lat="43.303566" lon="86.755681"><ele>2291</ele></trkpt>
      <trkpt lat="43.303908" lon="86.756131"><ele>2282</ele></trkpt>
      <trkpt lat="43.303998" lon="86.756363"><ele>2280</ele></trkpt>
      <trkpt lat="43.304011" lon="86.756487"><ele>2281</ele></trkpt>
      <trkpt lat="43.304074" lon="86.756601"><ele>2286</ele></trkpt>
      <trkpt lat="43.304239" lon="86.756719"><ele>2281</ele></trkpt>
      <trkpt lat="43.304206" lon="86.756834"><ele>2274</ele></trkpt>
      <trkpt lat="43.304228" lon="86.756966"><ele>2265</ele></trkpt>
      <trkpt lat="43.30432" lon="86.757049"><ele>2265</ele></trkpt>
      <trkpt lat="43.304356" lon="86.75717"><ele>2264</ele></trkpt>
      <trkpt lat="43.304661" lon="86.757562"><ele>2257</ele></trkpt>
      <trkpt lat="43.304682" lon="86.757683"><ele>2255</ele></trkpt>
      <trkpt lat="43.30476" lon="86.75776"><ele>2251</ele></trkpt>
      <trkpt lat="43.30485" lon="86.75778"><ele>2253</ele></trkpt>
      <trkpt lat="43.304761" lon="86.7578"><ele>2257</ele></trkpt>
      <trkpt lat="43.304817" lon="86.7577"><ele>2259</ele></trkpt>
      <trkpt lat="43.304912" lon="86.75768"><ele>2260</ele></trkpt>
      <trkpt lat="43.305077" lon="86.757547"><ele>2258</ele></trkpt>
      <trkpt lat="43.305477" lon="86.757564"><ele>2271</ele></trkpt>
      <trkpt lat="43.305552" lon="86.757644"><ele>2268</ele></trkpt>
      <trkpt lat="43.305664" lon="86.757875"><ele>2266</ele></trkpt>
      <trkpt lat="43.30575" lon="86.757823"><ele>2264</ele></trkpt>
      <trkpt lat="43.306036" lon="86.757959"><ele>2261</ele></trkpt>
      <trkpt lat="43.306104" lon="86.758047"><ele>2258</ele></trkpt>
      <trkpt lat="43.306189" lon="86.758289"><ele>2257</ele></trkpt>
      <trkpt lat="43.30627" lon="86.758362"><ele>2256</ele></trkpt>
      <trkpt lat="43.306377" lon="86.75857"><ele>2250</ele></trkpt>
      <trkpt lat="43.306464" lon="86.758816"><ele>2242</ele></trkpt>
      <trkpt lat="43.306568" lon="86.75875"><ele>2238</ele></trkpt>
      <trkpt lat="43.306775" lon="86.758772"><ele>2234</ele></trkpt>
      <trkpt lat="43.306931" lon="86.758906"><ele>2227</ele></trkpt>
      <trkpt lat="43.307049" lon="86.759092"><ele>2215</ele></trkpt>
      <trkpt lat="43.307216" lon="86.759201"><ele>2210</ele></trkpt>
      <trkpt lat="43.307261" lon="86.759316"><ele>2202</ele></trkpt>
      <trkpt lat="43.307352" lon="86.759333"><ele>2200</ele></trkpt>
      <trkpt lat="43.307413" lon="86.759426"><ele>2197</ele></trkpt>
      <trkpt lat="43.307425" lon="86.759551"><ele>2195</ele></trkpt>
      <trkpt lat="43.307687" lon="86.75972"><ele>2183</ele></trkpt>
      <trkpt lat="43.307831" lon="86.759925"><ele>2183</ele></trkpt>
      <trkpt lat="43.307914" lon="86.75998"><ele>2183</ele></trkpt>
      <trkpt lat="43.308015" lon="86.759965"><ele>2184</ele></trkpt>
      <trkpt lat="43.308105" lon="86.760012"><ele>2183</ele></trkpt>
      <trkpt lat="43.308287" lon="86.760315"><ele>2180</ele></trkpt>
      <trkpt lat="43.308473" lon="86.760424"><ele>2172</ele></trkpt>
      <trkpt lat="43.308621" lon="86.760607"><ele>2167</ele></trkpt>
      <trkpt lat="43.308633" lon="86.760757"><ele>2169</ele></trkpt>
      <trkpt lat="43.308839" lon="86.76122"><ele>2153</ele></trkpt>
      <trkpt lat="43.309079" lon="86.761454"><ele>2149</ele></trkpt>
      <trkpt lat="43.309203" lon="86.761842"><ele>2144</ele></trkpt>
      <trkpt lat="43.309239" lon="86.762101"><ele>2139</ele></trkpt>
      <trkpt lat="43.309211" lon="86.762219"><ele>2137</ele></trkpt>
      <trkpt lat="43.309332" lon="86.762449"><ele>2129</ele></trkpt>
      <trkpt lat="43.309494" lon="86.762575"><ele>2130</ele></trkpt>
      <trkpt lat="43.309572" lon="86.762804"><ele>2130</ele></trkpt>
      <trkpt lat="43.309639" lon="86.762922"><ele>2129</ele></trkpt>
      <trkpt lat="43.309729" lon="86.762994"><ele>2126</ele></trkpt>
      <trkpt lat="43.30977" lon="86.763121"><ele>2125</ele></trkpt>
      <trkpt lat="43.309631" lon="86.763467"><ele>2118</ele></trkpt>
      <trkpt lat="43.309623" lon="86.763604"><ele>2113</ele></trkpt>
      <trkpt lat="43.309693" lon="86.763725"><ele>2114</ele></trkpt>
      <trkpt lat="43.309725" lon="86.763996"><ele>2114</ele></trkpt>
      <trkpt lat="43.30978" lon="86.764095"><ele>2109</ele></trkpt>
      <trkpt lat="43.309838" lon="86.764355"><ele>2108</ele></trkpt>
      <trkpt lat="43.309997" lon="86.764512"><ele>2101</ele></trkpt>
      <trkpt lat="43.310049" lon="86.764615"><ele>2099</ele></trkpt>
      <trkpt lat="43.310066" lon="86.764751"><ele>2100</ele></trkpt>
      <trkpt lat="43.310219" lon="86.765094"><ele>2102</ele></trkpt>
      <trkpt lat="43.310245" lon="86.765235"><ele>2101</ele></trkpt>
      <trkpt lat="43.310344" lon="86.765322"><ele>2097</ele></trkpt>
      <trkpt lat="43.310379" lon="86.765437"><ele>2097</ele></trkpt>
      <trkpt lat="43.310471" lon="86.765486"><ele>2095</ele></trkpt>
      <trkpt lat="43.310776" lon="86.765164"><ele>2085</ele></trkpt>
      <trkpt lat="43.310873" lon="86.765125"><ele>2083</ele></trkpt>
      <trkpt lat="43.310943" lon="86.765018"><ele>2080</ele></trkpt>
      <trkpt lat="43.31127" lon="86.764779"><ele>2078</ele></trkpt>
      <trkpt lat="43.311519" lon="86.764365"><ele>2070</ele></trkpt>
      <trkpt lat="43.311784" lon="86.764257"><ele>2069</ele></trkpt>
      <trkpt lat="43.312108" lon="86.763959"><ele>2064</ele></trkpt>
      <trkpt lat="43.312167" lon="86.763863"><ele>2067</ele></trkpt>
      <trkpt lat="43.312346" lon="86.763815"><ele>2063</ele></trkpt>
      <trkpt lat="43.312415" lon="86.763731"><ele>2064</ele></trkpt>
      <trkpt lat="43.312586" lon="86.763648"><ele>2055</ele></trkpt>
      <trkpt lat="43.313037" lon="86.763165"><ele>2060</ele></trkpt>
      <trkpt lat="43.313314" lon="86.763039"><ele>2069</ele></trkpt>
      <trkpt lat="43.313453" lon="86.76287"><ele>2069</ele></trkpt>
      <trkpt lat="43.313624" lon="86.762747"><ele>2071</ele></trkpt>
      <trkpt lat="43.313908" lon="86.762697"><ele>2067</ele></trkpt>
      <trkpt lat="43.314007" lon="86.762721"><ele>2066</ele></trkpt>
      <trkpt lat="43.314095" lon="86.762679"><ele>2070</ele></trkpt>
      <trkpt lat="43.314271" lon="86.762813"><ele>2068</ele></trkpt>
      <trkpt lat="43.314352" lon="86.762757"><ele>2069</ele></trkpt>
      <trkpt lat="43.314443" lon="86.762764"><ele>2071</ele></trkpt>
      <trkpt lat="43.314567" lon="86.762948"><ele>2082</ele></trkpt>
      <trkpt lat="43.314646" lon="86.762839"><ele>2087</ele></trkpt>
      <trkpt lat="43.314838" lon="86.762771"><ele>2085</ele></trkpt>
      <trkpt lat="43.314908" lon="86.762665"><ele>2090</ele></trkpt>
      <trkpt lat="43.314952" lon="86.762774"><ele>2097</ele></trkpt>
      <trkpt lat="43.315038" lon="86.762825"><ele>2100</ele></trkpt>
      <trkpt lat="43.315095" lon="86.762947"><ele>2101</ele></trkpt>
      <trkpt lat="43.315132" lon="86.762693"><ele>2098</ele></trkpt>
      <trkpt lat="43.315316" lon="86.76263"><ele>2088</ele></trkpt>
      <trkpt lat="43.315351" lon="86.762506"><ele>2091</ele></trkpt>
      <trkpt lat="43.315334" lon="86.762649"><ele>2093</ele></trkpt>
      <trkpt lat="43.315534" lon="86.762965"><ele>2096</ele></trkpt>
      <trkpt lat="43.315728" lon="86.763075"><ele>2094</ele></trkpt>
      <trkpt lat="43.315913" lon="86.763024"><ele>2095</ele></trkpt>
      <trkpt lat="43.315877" lon="86.762011"><ele>2099</ele></trkpt>
      <trkpt lat="43.315935" lon="86.761916"><ele>2102</ele></trkpt>
      <trkpt lat="43.316027" lon="86.761884"><ele>2099</ele></trkpt>
      <trkpt lat="43.316001" lon="86.761764"><ele>2101</ele></trkpt>
      <trkpt lat="43.316085" lon="86.761698"><ele>2093</ele></trkpt>
      <trkpt lat="43.316179" lon="86.76174"><ele>2084</ele></trkpt>
      <trkpt lat="43.316248" lon="86.761635"><ele>2075</ele></trkpt>
      <trkpt lat="43.316337" lon="86.761601"><ele>2074</ele></trkpt>
      <trkpt lat="43.316369" lon="86.761736"><ele>2079</ele></trkpt>
      <trkpt lat="43.316413" lon="86.761621"><ele>2074</ele></trkpt>
      <trkpt lat="43.316522" lon="86.761584"><ele>2069</ele></trkpt>
      <trkpt lat="43.316564" lon="86.761461"><ele>2065</ele></trkpt>
      <trkpt lat="43.316658" lon="86.761397"><ele>2064</ele></trkpt>
      <trkpt lat="43.316856" lon="86.761509"><ele>2064</ele></trkpt>
      <trkpt lat="43.317127" lon="86.761547"><ele>2075</ele></trkpt>
      <trkpt lat="43.317195" lon="86.76165"><ele>2073</ele></trkpt>
      <trkpt lat="43.317459" lon="86.76181"><ele>2064</ele></trkpt>
      <trkpt lat="43.317554" lon="86.761821"><ele>2060</ele></trkpt>
      <trkpt lat="43.317716" lon="86.761671"><ele>2058</ele></trkpt>
      <trkpt lat="43.317818" lon="86.761656"><ele>2058</ele></trkpt>
      <trkpt lat="43.31793" lon="86.761717"><ele>2059</ele></trkpt>
      <trkpt lat="43.318153" lon="86.761982"><ele>2057</ele></trkpt>
      <trkpt lat="43.318235" lon="86.761933"><ele>2056</ele></trkpt>
      <trkpt lat="43.318669" lon="86.762286"><ele>2055</ele></trkpt>
      <trkpt lat="43.318773" lon="86.762256"><ele>2053</ele></trkpt>
      <trkpt lat="43.318827" lon="86.762148"><ele>2055</ele></trkpt>
      <trkpt lat="43.31892" lon="86.762109"><ele>2056</ele></trkpt>
      <trkpt lat="43.319091" lon="86.762189"><ele>2058</ele></trkpt>
      <trkpt lat="43.31916" lon="86.762282"><ele>2056</ele></trkpt>
      <trkpt lat="43.319346" lon="86.762231"><ele>2058</ele></trkpt>
      <trkpt lat="43.319386" lon="86.762343"><ele>2058</ele></trkpt>
      <trkpt lat="43.319477" lon="86.762354"><ele>2052</ele></trkpt>
      <trkpt lat="43.319702" lon="86.762091"><ele>2044</ele></trkpt>
      <trkpt lat="43.319901" lon="86.762019"><ele>2046</ele></trkpt>
      <trkpt lat="43.320191" lon="86.762114"><ele>2043</ele></trkpt>
      <trkpt lat="43.320285" lon="86.76208"><ele>2041</ele></trkpt>
      <trkpt lat="43.320377" lon="86.762139"><ele>2040</ele></trkpt>
      <trkpt lat="43.320771" lon="86.762037"><ele>2034</ele></trkpt>
      <trkpt lat="43.320909" lon="86.761858"><ele>2038</ele></trkpt>
      <trkpt lat="43.321004" lon="86.761856"><ele>2041</ele></trkpt>
      <trkpt lat="43.321273" lon="86.761731"><ele>2044</ele></trkpt>
      <trkpt lat="43.321356" lon="86.761667"><ele>2047</ele></trkpt>
      <trkpt lat="43.321477" lon="86.761472"><ele>2052</ele></trkpt>
      <trkpt lat="43.321558" lon="86.761403"><ele>2054</ele></trkpt>
      <trkpt lat="43.321649" lon="86.761401"><ele>2054</ele></trkpt>
      <trkpt lat="43.321942" lon="86.761515"><ele>2052</ele></trkpt>
      <trkpt lat="43.32202" lon="86.761752"><ele>2051</ele></trkpt>
      <trkpt lat="43.322493" lon="86.761772"><ele>2053</ele></trkpt>
      <trkpt lat="43.322635" lon="86.76195"><ele>2047</ele></trkpt>
      <trkpt lat="43.322739" lon="86.76199"><ele>2045</ele></trkpt>
      <trkpt lat="43.322888" lon="86.762158"><ele>2037</ele></trkpt>
      <trkpt lat="43.322978" lon="86.762191"><ele>2035</ele></trkpt>
      <trkpt lat="43.323043" lon="86.762295"><ele>2037</ele></trkpt>
      <trkpt lat="43.323143" lon="86.762286"><ele>2034</ele></trkpt>
      <trkpt lat="43.323317" lon="86.762418"><ele>2030</ele></trkpt>
      <trkpt lat="43.323502" lon="86.76248"><ele>2028</ele></trkpt>
      <trkpt lat="43.323552" lon="86.762612"><ele>2026</ele></trkpt>
      <trkpt lat="43.323812" lon="86.762975"><ele>2026</ele></trkpt>
      <trkpt lat="43.323828" lon="86.763105"><ele>2023</ele></trkpt>
      <trkpt lat="43.323932" lon="86.763316"><ele>2019</ele></trkpt>
      <trkpt lat="43.324075" lon="86.76347"><ele>2018</ele></trkpt>
      <trkpt lat="43.324169" lon="86.763487"><ele>2014</ele></trkpt>
      <trkpt lat="43.324253" lon="86.763416"><ele>2019</ele></trkpt>
      <trkpt lat="43.324445" lon="86.763444"><ele>2018</ele></trkpt>
      <trkpt lat="43.32482" lon="86.76317"><ele>2018</ele></trkpt>
      <trkpt lat="43.325011" lon="86.763174"><ele>2013</ele></trkpt>
      <trkpt lat="43.325064" lon="86.763283"><ele>2013</ele></trkpt>
      <trkpt lat="43.325169" lon="86.763233"><ele>2011</ele></trkpt>
      <trkpt lat="43.325511" lon="86.763468"><ele>2004</ele></trkpt>
      <trkpt lat="43.325542" lon="86.763601"><ele>2004</ele></trkpt>
      <trkpt lat="43.325643" lon="86.763617"><ele>2005</ele></trkpt>
      <trkpt lat="43.325672" lon="86.763742"><ele>2006</ele></trkpt>
      <trkpt lat="43.325832" lon="86.763879"><ele>2012</ele></trkpt>
      <trkpt lat="43.325915" lon="86.764106"><ele>2025</ele></trkpt>
      <trkpt lat="43.325996" lon="86.764166"><ele>2024</ele></trkpt>
      <trkpt lat="43.326051" lon="86.764278"><ele>2026</ele></trkpt>
      <trkpt lat="43.326016" lon="86.764548"><ele>2031</ele></trkpt>
      <trkpt lat="43.326033" lon="86.764819"><ele>2033</ele></trkpt>
      <trkpt lat="43.326096" lon="86.764942"><ele>2033</ele></trkpt>
      <trkpt lat="43.326147" lon="86.765217"><ele>2030</ele></trkpt>
      <trkpt lat="43.32627" lon="86.765426"><ele>2034</ele></trkpt>
      <trkpt lat="43.326407" lon="86.766197"><ele>2023</ele></trkpt>
      <trkpt lat="43.326528" lon="86.766413"><ele>2020</ele></trkpt>
      <trkpt lat="43.326611" lon="86.766478"><ele>2021</ele></trkpt>
      <trkpt lat="43.326631" lon="86.766607"><ele>2018</ele></trkpt>
      <trkpt lat="43.326986" lon="86.767014"><ele>2016</ele></trkpt>
      <trkpt lat="43.32754" lon="86.766972"><ele>2012</ele></trkpt>
      <trkpt lat="43.327633" lon="86.767042"><ele>2011</ele></trkpt>
      <trkpt lat="43.327722" lon="86.76697"><ele>2013</ele></trkpt>
      <trkpt lat="43.327762" lon="86.76683"><ele>2014</ele></trkpt>
      <trkpt lat="43.327924" lon="86.766704"><ele>2015</ele></trkpt>
      <trkpt lat="43.328076" lon="86.766509"><ele>2018</ele></trkpt>
      <trkpt lat="43.328178" lon="86.766559"><ele>2019</ele></trkpt>
      <trkpt lat="43.328345" lon="86.766793"><ele>2014</ele></trkpt>
      <trkpt lat="43.328438" lon="86.766835"><ele>2011</ele></trkpt>
      <trkpt lat="43.32851" lon="86.766756"><ele>2008</ele></trkpt>
      <trkpt lat="43.328549" lon="86.766635"><ele>2008</ele></trkpt>
      <trkpt lat="43.32862" lon="86.766551"><ele>2008</ele></trkpt>
      <trkpt lat="43.328642" lon="86.766421"><ele>2009</ele></trkpt>
      <trkpt lat="43.328718" lon="86.766325"><ele>2010</ele></trkpt>
      <trkpt lat="43.328912" lon="86.766274"><ele>2009</ele></trkpt>
      <trkpt lat="43.328999" lon="86.766197"><ele>2007</ele></trkpt>
      <trkpt lat="43.329154" lon="86.766346"><ele>2000</ele></trkpt>
      <trkpt lat="43.329338" lon="86.766428"><ele>1990</ele></trkpt>
      <trkpt lat="43.329368" lon="86.766557"><ele>1988</ele></trkpt>
      <trkpt lat="43.329524" lon="86.766715"><ele>1983</ele></trkpt>
      <trkpt lat="43.329994" lon="86.766874"><ele>1992</ele></trkpt>
      <trkpt lat="43.330149" lon="86.766709"><ele>1996</ele></trkpt>
      <trkpt lat="43.330323" lon="86.766602"><ele>1995</ele></trkpt>
      <trkpt lat="43.330345" lon="86.766459"><ele>2002</ele></trkpt>
      <trkpt lat="43.330728" lon="86.766405"><ele>2013</ele></trkpt>
      <trkpt lat="43.3311" lon="86.76663"><ele>2002</ele></trkpt>
      <trkpt lat="43.331287" lon="86.766675"><ele>1994</ele></trkpt>
      <trkpt lat="43.331554" lon="86.766854"><ele>1988</ele></trkpt>
      <trkpt lat="43.331587" lon="86.76699"><ele>1985</ele></trkpt>
      <trkpt lat="43.331715" lon="86.767179"><ele>1987</ele></trkpt>
      <trkpt lat="43.331808" lon="86.767179"><ele>1986</ele></trkpt>
      <trkpt lat="43.331846" lon="86.767306"><ele>1986</ele></trkpt>
      <trkpt lat="43.332114" lon="86.767423"><ele>1985</ele></trkpt>
      <trkpt lat="43.332143" lon="86.767545"><ele>1985</ele></trkpt>
      <trkpt lat="43.332063" lon="86.767614"><ele>1986</ele></trkpt>
      <trkpt lat="43.33216" lon="86.767608"><ele>1983</ele></trkpt>
      <trkpt lat="43.332167" lon="86.76776"><ele>1981</ele></trkpt>
      <trkpt lat="43.33228" lon="86.767745"><ele>1982</ele></trkpt>
      <trkpt lat="43.332358" lon="86.767809"><ele>1986</ele></trkpt>
      <trkpt lat="43.332387" lon="86.76794"><ele>1989</ele></trkpt>
      <trkpt lat="43.332578" lon="86.76793"><ele>1994</ele></trkpt>
      <trkpt lat="43.332527" lon="86.76809"><ele>2000</ele></trkpt>
      <trkpt lat="43.332714" lon="86.768007"><ele>2008</ele></trkpt>
      <trkpt lat="43.332947" lon="86.768053"><ele>2010</ele></trkpt>
      <trkpt lat="43.333143" lon="86.767933"><ele>2011</ele></trkpt>
      <trkpt lat="43.333153" lon="86.768092"><ele>2014</ele></trkpt>
      <trkpt lat="43.333065" lon="86.768233"><ele>2016</ele></trkpt>
      <trkpt lat="43.333048" lon="86.768359"><ele>2011</ele></trkpt>
      <trkpt lat="43.3333" lon="86.768541"><ele>2012</ele></trkpt>
      <trkpt lat="43.333495" lon="86.768612"><ele>2002</ele></trkpt>
      <trkpt lat="43.333595" lon="86.768601"><ele>1997</ele></trkpt>
      <trkpt lat="43.333825" lon="86.769041"><ele>1995</ele></trkpt>
      <trkpt lat="43.333758" lon="86.769146"><ele>1996</ele></trkpt>
      <trkpt lat="43.333859" lon="86.769089"><ele>1997</ele></trkpt>
      <trkpt lat="43.333927" lon="86.769174"><ele>1984</ele></trkpt>
      <trkpt lat="43.333933" lon="86.769024"><ele>1984</ele></trkpt>
      <trkpt lat="43.333998" lon="86.768911"><ele>1984</ele></trkpt>
      <trkpt lat="43.334205" lon="86.768905"><ele>1982</ele></trkpt>
      <trkpt lat="43.334339" lon="86.768549"><ele>1988</ele></trkpt>
      <trkpt lat="43.33464" lon="86.768215"><ele>1987</ele></trkpt>
      <trkpt lat="43.334644" lon="86.767955"><ele>1996</ele></trkpt>
      <trkpt lat="43.334707" lon="86.767858"><ele>2002</ele></trkpt>
      <trkpt lat="43.33482" lon="86.767818"><ele>2008</ele></trkpt>
      <trkpt lat="43.334915" lon="86.767862"><ele>2015</ele></trkpt>
      <trkpt lat="43.335203" lon="86.767453"><ele>2035</ele></trkpt>
      <trkpt lat="43.335395" lon="86.767417"><ele>2043</ele></trkpt>
      <trkpt lat="43.335463" lon="86.767502"><ele>2054</ele></trkpt>
      <trkpt lat="43.335659" lon="86.767379"><ele>2063</ele></trkpt>
      <trkpt lat="43.336036" lon="86.767277"><ele>2056</ele></trkpt>
      <trkpt lat="43.336043" lon="86.767723"><ele>2047</ele></trkpt>
      <trkpt lat="43.336247" lon="86.767795"><ele>2033</ele></trkpt>
      <trkpt lat="43.336445" lon="86.767757"><ele>2025</ele></trkpt>
      <trkpt lat="43.336493" lon="86.767882"><ele>2023</ele></trkpt>
      <trkpt lat="43.336482" lon="86.768053"><ele>2024</ele></trkpt>
      <trkpt lat="43.336536" lon="86.768161"><ele>2021</ele></trkpt>
      <trkpt lat="43.336852" lon="86.767849"><ele>1991</ele></trkpt>
      <trkpt lat="43.336956" lon="86.767807"><ele>1986</ele></trkpt>
      <trkpt lat="43.337222" lon="86.767565"><ele>1980</ele></trkpt>
      <trkpt lat="43.337498" lon="86.767483"><ele>1983</ele></trkpt>
      <trkpt lat="43.337823" lon="86.767656"><ele>1986</ele></trkpt>
      <trkpt lat="43.33792" lon="86.767812"><ele>1989</ele></trkpt>
      <trkpt lat="43.338284" lon="86.76778"><ele>1986</ele></trkpt>
      <trkpt lat="43.338379" lon="86.767869"><ele>1986</ele></trkpt>
      <trkpt lat="43.33848" lon="86.767868"><ele>1989</ele></trkpt>
      <trkpt lat="43.338457" lon="86.769492"><ele>1957</ele></trkpt>
      <trkpt lat="43.338542" lon="86.769963"><ele>1943</ele></trkpt>
      <trkpt lat="43.338592" lon="86.770075"><ele>1936</ele></trkpt>
      <trkpt lat="43.338622" lon="86.770524"><ele>1921</ele></trkpt>
      <trkpt lat="43.338691" lon="86.770819"><ele>1918</ele></trkpt>
      <trkpt lat="43.338767" lon="86.770615"><ele>1920</ele></trkpt>
      <trkpt lat="43.338861" lon="86.770643"><ele>1918</ele></trkpt>
      <trkpt lat="43.339114" lon="86.770209"><ele>1924</ele></trkpt>
      <trkpt lat="43.339203" lon="86.770267"><ele>1923</ele></trkpt>
      <trkpt lat="43.33925" lon="86.770543"><ele>1923</ele></trkpt>
      <trkpt lat="43.339329" lon="86.770403"><ele>1922</ele></trkpt>
      <trkpt lat="43.339719" lon="86.770553"><ele>1921</ele></trkpt>
      <trkpt lat="43.339814" lon="86.770952"><ele>1925</ele></trkpt>
      <trkpt lat="43.339892" lon="86.77104"><ele>1927</ele></trkpt>
      <trkpt lat="43.33994" lon="86.771171"><ele>1927</ele></trkpt>
      <trkpt lat="43.340037" lon="86.771597"><ele>1922</ele></trkpt>
      <trkpt lat="43.34014" lon="86.771618"><ele>1921</ele></trkpt>
      <trkpt lat="43.340237" lon="86.77183"><ele>1931</ele></trkpt>
      <trkpt lat="43.340329" lon="86.771851"><ele>1934</ele></trkpt>
      <trkpt lat="43.340421" lon="86.771809"><ele>1946</ele></trkpt>
      <trkpt lat="43.34058" lon="86.771648"><ele>1972</ele></trkpt>
      <trkpt lat="43.340881" lon="86.771734"><ele>1997</ele></trkpt>
      <trkpt lat="43.340993" lon="86.77165"><ele>2005</ele></trkpt>
      <trkpt lat="43.341083" lon="86.771421"><ele>2005</ele></trkpt>
      <trkpt lat="43.341176" lon="86.77134"><ele>2000</ele></trkpt>
      <trkpt lat="43.341247" lon="86.771183"><ele>1999</ele></trkpt>
      <trkpt lat="43.341302" lon="86.770893"><ele>1992</ele></trkpt>
      <trkpt lat="43.341359" lon="86.770795"><ele>1992</ele></trkpt>
      <trkpt lat="43.341392" lon="86.770916"><ele>1979</ele></trkpt>
      <trkpt lat="43.341382" lon="86.771063"><ele>1965</ele></trkpt>
      <trkpt lat="43.341454" lon="86.771166"><ele>1956</ele></trkpt>
      <trkpt lat="43.341556" lon="86.771189"><ele>1951</ele></trkpt>
      <trkpt lat="43.341612" lon="86.771454"><ele>1942</ele></trkpt>
      <trkpt lat="43.341701" lon="86.771363"><ele>1942</ele></trkpt>
      <trkpt lat="43.342087" lon="86.771218"><ele>1946</ele></trkpt>
      <trkpt lat="43.342122" lon="86.771485"><ele>1952</ele></trkpt>
      <trkpt lat="43.342304" lon="86.771537"><ele>1966</ele></trkpt>
      <trkpt lat="43.342489" lon="86.771672"><ele>1975</ele></trkpt>
      <trkpt lat="43.342595" lon="86.771706"><ele>1977</ele></trkpt>
      <trkpt lat="43.342695" lon="86.771679"><ele>1977</ele></trkpt>
      <trkpt lat="43.342784" lon="86.771608"><ele>1964</ele></trkpt>
      <trkpt lat="43.342821" lon="86.771474"><ele>1955</ele></trkpt>
      <trkpt lat="43.343069" lon="86.771886"><ele>1939</ele></trkpt>
      <trkpt lat="43.343266" lon="86.771931"><ele>1930</ele></trkpt>
      <trkpt lat="43.343514" lon="86.772144"><ele>1922</ele></trkpt>
      <trkpt lat="43.343716" lon="86.77214"><ele>1919</ele></trkpt>
      <trkpt lat="43.343882" lon="86.772273"><ele>1920</ele></trkpt>
      <trkpt lat="43.343971" lon="86.772532"><ele>1923</ele></trkpt>
      <trkpt lat="43.344229" lon="86.772712"><ele>1924</ele></trkpt>
      <trkpt lat="43.34432" lon="86.772727"><ele>1923</ele></trkpt>
      <trkpt lat="43.344385" lon="86.772821"><ele>1926</ele></trkpt>
      <trkpt lat="43.344475" lon="86.772805"><ele>1929</ele></trkpt>
      <trkpt lat="43.344551" lon="86.772735"><ele>1930</ele></trkpt>
      <trkpt lat="43.344783" lon="86.772503"><ele>1936</ele></trkpt>
      <trkpt lat="43.344855" lon="86.772355"><ele>1934</ele></trkpt>
      <trkpt lat="43.344945" lon="86.772288"><ele>1934</ele></trkpt>
      <trkpt lat="43.345056" lon="86.77227"><ele>1933</ele></trkpt>
      <trkpt lat="43.345107" lon="86.772374"><ele>1934</ele></trkpt>
      <trkpt lat="43.345313" lon="86.772393"><ele>1934</ele></trkpt>
      <trkpt lat="43.345284" lon="86.772651"><ele>1938</ele></trkpt>
      <trkpt lat="43.345385" lon="86.772639"><ele>1944</ele></trkpt>
      <trkpt lat="43.345478" lon="86.7727"><ele>1943</ele></trkpt>
      <trkpt lat="43.345558" lon="86.772764"><ele>1944</ele></trkpt>
      <trkpt lat="43.345606" lon="86.772893"><ele>1946</ele></trkpt>
      <trkpt lat="43.345715" lon="86.772898"><ele>1947</ele></trkpt>
      <trkpt lat="43.345904" lon="86.772796"><ele>1946</ele></trkpt>
      <trkpt lat="43.345875" lon="86.772917"><ele>1934</ele></trkpt>
      <trkpt lat="43.345936" lon="86.773022"><ele>1938</ele></trkpt>
      <trkpt lat="43.346119" lon="86.773142"><ele>1933</ele></trkpt>
      <trkpt lat="43.346214" lon="86.773136"><ele>1932</ele></trkpt>
      <trkpt lat="43.346297" lon="86.773231"><ele>1939</ele></trkpt>
      <trkpt lat="43.3464" lon="86.773251"><ele>1934</ele></trkpt>
      <trkpt lat="43.346502" lon="86.773237"><ele>1936</ele></trkpt>
      <trkpt lat="43.346599" lon="86.773167"><ele>1935</ele></trkpt>
      <trkpt lat="43.346627" lon="86.773308"><ele>1933</ele></trkpt>
      <trkpt lat="43.346746" lon="86.773268"><ele>1929</ele></trkpt>
      <trkpt lat="43.346838" lon="86.773316"><ele>1926</ele></trkpt>
      <trkpt lat="43.346776" lon="86.773575"><ele>1926</ele></trkpt>
      <trkpt lat="43.346803" lon="86.773703"><ele>1912</ele></trkpt>
      <trkpt lat="43.346892" lon="86.773679"><ele>1910</ele></trkpt>
      <trkpt lat="43.346863" lon="86.773813"><ele>1904</ele></trkpt>
      <trkpt lat="43.346913" lon="86.774087"><ele>1892</ele></trkpt>
      <trkpt lat="43.346832" lon="86.774197"><ele>1891</ele></trkpt>
      <trkpt lat="43.346743" lon="86.774176"><ele>1891</ele></trkpt>
      <trkpt lat="43.3468" lon="86.77406"><ele>1889</ele></trkpt>
      <trkpt lat="43.34697" lon="86.77389"><ele>1884</ele></trkpt>
      <trkpt lat="43.347025" lon="86.773992"><ele>1888</ele></trkpt>
      <trkpt lat="43.347001" lon="86.774137"><ele>1891</ele></trkpt>
      <trkpt lat="43.347045" lon="86.774254"><ele>1894</ele></trkpt>
      <trkpt lat="43.347118" lon="86.774331"><ele>1898</ele></trkpt>
      <trkpt lat="43.347424" lon="86.774437"><ele>1891</ele></trkpt>
      <trkpt lat="43.347522" lon="86.774373"><ele>1890</ele></trkpt>
      <trkpt lat="43.347624" lon="86.774607"><ele>1901</ele></trkpt>
      <trkpt lat="43.347724" lon="86.774634"><ele>1901</ele></trkpt>
      <trkpt lat="43.348022" lon="86.77486"><ele>1899</ele></trkpt>
      <trkpt lat="43.347943" lon="86.774796"><ele>1925</ele></trkpt>
      <trkpt lat="43.348107" lon="86.774622"><ele>1941</ele></trkpt>
      <trkpt lat="43.34819" lon="86.774393"><ele>1939</ele></trkpt>
      <trkpt lat="43.348281" lon="86.774374"><ele>1935</ele></trkpt>
      <trkpt lat="43.348357" lon="86.774293"><ele>1935</ele></trkpt>
      <trkpt lat="43.34838" lon="86.774167"><ele>1937</ele></trkpt>
      <trkpt lat="43.348465" lon="86.774232"><ele>1935</ele></trkpt>
      <trkpt lat="43.348569" lon="86.774234"><ele>1932</ele></trkpt>
      <trkpt lat="43.34875" lon="86.774318"><ele>1927</ele></trkpt>
      <trkpt lat="43.348952" lon="86.774246"><ele>1919</ele></trkpt>
      <trkpt lat="43.349149" lon="86.774276"><ele>1909</ele></trkpt>
      <trkpt lat="43.349421" lon="86.77445"><ele>1895</ele></trkpt>
      <trkpt lat="43.349621" lon="86.774463"><ele>1894</ele></trkpt>
      <trkpt lat="43.350355" lon="86.774774"><ele>1879</ele></trkpt>
      <trkpt lat="43.350428" lon="86.774682"><ele>1885</ele></trkpt>
      <trkpt lat="43.350619" lon="86.774663"><ele>1883</ele></trkpt>
      <trkpt lat="43.350718" lon="86.77461"><ele>1880</ele></trkpt>
      <trkpt lat="43.350769" lon="86.774504"><ele>1879</ele></trkpt>
      <trkpt lat="43.350981" lon="86.774458"><ele>1875</ele></trkpt>
      <trkpt lat="43.35107" lon="86.774384"><ele>1880</ele></trkpt>
      <trkpt lat="43.351258" lon="86.774477"><ele>1883</ele></trkpt>
      <trkpt lat="43.351336" lon="86.774399"><ele>1881</ele></trkpt>
      <trkpt lat="43.351358" lon="86.774269"><ele>1881</ele></trkpt>
      <trkpt lat="43.351428" lon="86.774181"><ele>1881</ele></trkpt>
      <trkpt lat="43.351456" lon="86.774046"><ele>1883</ele></trkpt>
      <trkpt lat="43.351741" lon="86.774007"><ele>1876</ele></trkpt>
      <trkpt lat="43.351814" lon="86.773935"><ele>1876</ele></trkpt>
      <trkpt lat="43.352007" lon="86.773988"><ele>1876</ele></trkpt>
      <trkpt lat="43.35219" lon="86.774113"><ele>1882</ele></trkpt>
      <trkpt lat="43.352472" lon="86.774143"><ele>1873</ele></trkpt>
      <trkpt lat="43.352662" lon="86.773849"><ele>1874</ele></trkpt>
      <trkpt lat="43.352689" lon="86.773722"><ele>1873</ele></trkpt>
      <trkpt lat="43.352943" lon="86.773538"><ele>1862</ele></trkpt>
      <trkpt lat="43.353016" lon="86.773619"><ele>1862</ele></trkpt>
      <trkpt lat="43.353073" lon="86.773513"><ele>1864</ele></trkpt>
      <trkpt lat="43.353149" lon="86.773277"><ele>1871</ele></trkpt>
      <trkpt lat="43.353137" lon="86.773023"><ele>1860</ele></trkpt>
      <trkpt lat="43.353201" lon="86.772629"><ele>1855</ele></trkpt>
      <trkpt lat="43.353356" lon="86.772168"><ele>1858</ele></trkpt>
      <trkpt lat="43.353481" lon="86.771969"><ele>1861</ele></trkpt>
      <trkpt lat="43.353664" lon="86.771889"><ele>1861</ele></trkpt>
      <trkpt lat="43.353833" lon="86.771752"><ele>1865</ele></trkpt>
      <trkpt lat="43.353773" lon="86.771847"><ele>1873</ele></trkpt>
      <trkpt lat="43.354159" lon="86.771819"><ele>1870</ele></trkpt>
      <trkpt lat="43.354565" lon="86.771846"><ele>1869</ele></trkpt>
      <trkpt lat="43.354665" lon="86.7718"><ele>1864</ele></trkpt>
      <trkpt lat="43.354444" lon="86.772068"><ele>1888</ele></trkpt>
      <trkpt lat="43.354525" lon="86.772001"><ele>1899</ele></trkpt>
      <trkpt lat="43.354562" lon="86.771886"><ele>1893</ele></trkpt>
      <trkpt lat="43.354643" lon="86.771985"><ele>1885</ele></trkpt>
      <trkpt lat="43.354687" lon="86.771869"><ele>1883</ele></trkpt>
      <trkpt lat="43.354601" lon="86.771955"><ele>1884</ele></trkpt>
      <trkpt lat="43.354736" lon="86.771746"><ele>1881</ele></trkpt>
      <trkpt lat="43.354642" lon="86.771741"><ele>1874</ele></trkpt>
      <trkpt lat="43.354672" lon="86.771868"><ele>1870</ele></trkpt>
      <trkpt lat="43.354817" lon="86.772034"><ele>1865</ele></trkpt>
      <trkpt lat="43.35509" lon="86.772067"><ele>1859</ele></trkpt>
      <trkpt lat="43.35535" lon="86.772205"><ele>1862</ele></trkpt>
      <trkpt lat="43.355432" lon="86.772138"><ele>1860</ele></trkpt>
      <trkpt lat="43.355498" lon="86.772257"><ele>1861</ele></trkpt>
      <trkpt lat="43.355689" lon="86.772313"><ele>1856</ele></trkpt>
      <trkpt lat="43.355745" lon="86.772411"><ele>1858</ele></trkpt>
      <trkpt lat="43.356189" lon="86.772658"><ele>1856</ele></trkpt>
      <trkpt lat="43.356285" lon="86.772656"><ele>1854</ele></trkpt>
      <trkpt lat="43.356549" lon="86.772761"><ele>1857</ele></trkpt>
      <trkpt lat="43.356911" lon="86.77295"><ele>1858</ele></trkpt>
      <trkpt lat="43.357101" lon="86.772979"><ele>1855</ele></trkpt>
      <trkpt lat="43.357749" lon="86.773277"><ele>1858</ele></trkpt>
      <trkpt lat="43.357838" lon="86.773302"><ele>1856</ele></trkpt>
      <trkpt lat="43.357919" lon="86.773234"><ele>1859</ele></trkpt>
      <trkpt lat="43.358039" lon="86.77303"><ele>1860</ele></trkpt>
      <trkpt lat="43.358221" lon="86.772971"><ele>1853</ele></trkpt>
      <trkpt lat="43.358346" lon="86.773181"><ele>1860</ele></trkpt>
      <trkpt lat="43.358473" lon="86.773678"><ele>1870</ele></trkpt>
      <trkpt lat="43.358534" lon="86.773784"><ele>1869</ele></trkpt>
      <trkpt lat="43.358928" lon="86.77415"><ele>1855</ele></trkpt>
      <trkpt lat="43.3592" lon="86.774285"><ele>1852</ele></trkpt>
      <trkpt lat="43.359488" lon="86.774328"><ele>1846</ele></trkpt>
      <trkpt lat="43.359587" lon="86.774393"><ele>1847</ele></trkpt>
      <trkpt lat="43.359891" lon="86.774383"><ele>1850</ele></trkpt>
      <trkpt lat="43.360176" lon="86.774449"><ele>1848</ele></trkpt>
      <trkpt lat="43.360459" lon="86.774569"><ele>1847</ele></trkpt>
      <trkpt lat="43.360734" lon="86.774602"><ele>1849</ele></trkpt>
      <trkpt lat="43.361285" lon="86.774783"><ele>1850</ele></trkpt>
      <trkpt lat="43.361581" lon="86.774755"><ele>1850</ele></trkpt>
      <trkpt lat="43.361758" lon="86.774831"><ele>1852</ele></trkpt>
      <trkpt lat="43.361989" lon="86.775059"><ele>1852</ele></trkpt>
      <trkpt lat="43.362168" lon="86.775359"><ele>1850</ele></trkpt>
      <trkpt lat="43.362531" lon="86.775804"><ele>1845</ele></trkpt>
      <trkpt lat="43.363221" lon="86.776291"><ele>1843</ele></trkpt>
      <trkpt lat="43.36341" lon="86.776384"><ele>1842</ele></trkpt>
      <trkpt lat="43.363644" lon="86.776626"><ele>1839</ele></trkpt>
      <trkpt lat="43.36376" lon="86.776851"><ele>1840</ele></trkpt>
      <trkpt lat="43.363974" lon="86.777138"><ele>1839</ele></trkpt>
      <trkpt lat="43.364068" lon="86.777191"><ele>1841</ele></trkpt>
      <trkpt lat="43.364184" lon="86.77739"><ele>1841</ele></trkpt>
      <trkpt lat="43.364337" lon="86.777542"><ele>1843</ele></trkpt>
      <trkpt lat="43.364433" lon="86.777614"><ele>1846</ele></trkpt>
      <trkpt lat="43.364531" lon="86.7776"><ele>1844</ele></trkpt>
      <trkpt lat="43.364917" lon="86.77772"><ele>1840</ele></trkpt>
      <trkpt lat="43.365163" lon="86.777933"><ele>1839</ele></trkpt>
      <trkpt lat="43.365258" lon="86.777939"><ele>1835</ele></trkpt>
      <trkpt lat="43.365332" lon="86.778175"><ele>1834</ele></trkpt>
      <trkpt lat="43.365581" lon="86.778355"><ele>1842</ele></trkpt>
      <trkpt lat="43.365796" lon="86.778601"><ele>1843</ele></trkpt>
      <trkpt lat="43.365865" lon="86.778849"><ele>1840</ele></trkpt>
      <trkpt lat="43.366229" lon="86.779289"><ele>1839</ele></trkpt>
      <trkpt lat="43.366366" lon="86.779658"><ele>1840</ele></trkpt>
      <trkpt lat="43.366505" lon="86.779842"><ele>1837</ele></trkpt>
      <trkpt lat="43.36659" lon="86.779888"><ele>1838</ele></trkpt>
      <trkpt lat="43.366686" lon="86.77988"><ele>1835</ele></trkpt>
      <trkpt lat="43.366952" lon="86.780031"><ele>1832</ele></trkpt>
      <trkpt lat="43.367057" lon="86.78005"><ele>1832</ele></trkpt>
      <trkpt lat="43.367286" lon="86.780293"><ele>1818</ele></trkpt>
      <trkpt lat="43.367373" lon="86.780339"><ele>1819</ele></trkpt>
      <trkpt lat="43.367661" lon="86.780356"><ele>1815</ele></trkpt>
      <trkpt lat="43.367842" lon="86.78042"><ele>1807</ele></trkpt>
      <trkpt lat="43.367998" lon="86.780584"><ele>1807</ele></trkpt>
      <trkpt lat="43.368447" lon="86.78079"><ele>1816</ele></trkpt>
      <trkpt lat="43.36852" lon="86.780893"><ele>1813</ele></trkpt>
      <trkpt lat="43.36917" lon="86.781167"><ele>1812</ele></trkpt>
      <trkpt lat="43.369323" lon="86.781328"><ele>1819</ele></trkpt>
      <trkpt lat="43.369425" lon="86.78156"><ele>1820</ele></trkpt>
      <trkpt lat="43.369435" lon="86.781685"><ele>1821</ele></trkpt>
      <trkpt lat="43.369546" lon="86.781881"><ele>1818</ele></trkpt>
      <trkpt lat="43.369713" lon="86.782651"><ele>1824</ele></trkpt>
      <trkpt lat="43.369717" lon="86.782792"><ele>1823</ele></trkpt>
      <trkpt lat="43.369655" lon="86.783049"><ele>1832</ele></trkpt>
      <trkpt lat="43.36968" lon="86.78384"><ele>1829</ele></trkpt>
      <trkpt lat="43.369886" lon="86.784867"><ele>1810</ele></trkpt>
      <trkpt lat="43.370059" lon="86.785169"><ele>1825</ele></trkpt>
      <trkpt lat="43.370127" lon="86.785568"><ele>1818</ele></trkpt>
      <trkpt lat="43.370182" lon="86.785959"><ele>1820</ele></trkpt>
      <trkpt lat="43.370185" lon="86.786359"><ele>1831</ele></trkpt>
      <trkpt lat="43.370265" lon="86.786881"><ele>1837</ele></trkpt>
      <trkpt lat="43.370261" lon="86.787402"><ele>1836</ele></trkpt>
      <trkpt lat="43.370305" lon="86.787802"><ele>1830</ele></trkpt>
      <trkpt lat="43.37047" lon="86.788267"><ele>1826</ele></trkpt>
      <trkpt lat="43.370657" lon="86.788555"><ele>1828</ele></trkpt>
      <trkpt lat="43.370716" lon="86.788799"><ele>1827</ele></trkpt>
      <trkpt lat="43.371051" lon="86.789285"><ele>1824</ele></trkpt>
      <trkpt lat="43.371365" lon="86.789587"><ele>1818</ele></trkpt>
      <trkpt lat="43.371525" lon="86.78992"><ele>1819</ele></trkpt>
      <trkpt lat="43.371678" lon="86.790111"><ele>1819</ele></trkpt>
      <trkpt lat="43.371845" lon="86.790219"><ele>1819</ele></trkpt>
      <trkpt lat="43.372233" lon="86.790224"><ele>1816</ele></trkpt>
      <trkpt lat="43.372326" lon="86.790261"><ele>1817</ele></trkpt>
      <trkpt lat="43.372674" lon="86.790549"><ele>1813</ele></trkpt>
      <trkpt lat="43.37294" lon="86.790687"><ele>1812</ele></trkpt>
      <trkpt lat="43.373226" lon="86.791211"><ele>1815</ele></trkpt>
      <trkpt lat="43.373315" lon="86.791276"><ele>1816</ele></trkpt>
      <trkpt lat="43.373479" lon="86.791165"><ele>1813</ele></trkpt>
      <trkpt lat="43.373549" lon="86.791274"><ele>1808</ele></trkpt>
      <trkpt lat="43.373552" lon="86.79154"><ele>1810</ele></trkpt>
      <trkpt lat="43.373754" lon="86.791577"><ele>1809</ele></trkpt>
      <trkpt lat="43.373793" lon="86.791699"><ele>1808</ele></trkpt>
      <trkpt lat="43.373959" lon="86.791822"><ele>1806</ele></trkpt>
      <trkpt lat="43.374332" lon="86.792244"><ele>1800</ele></trkpt>
      <trkpt lat="43.374508" lon="86.792372"><ele>1792</ele></trkpt>
      <trkpt lat="43.374863" lon="86.792826"><ele>1797</ele></trkpt>
      <trkpt lat="43.37496" lon="86.79287"><ele>1794</ele></trkpt>
      <trkpt lat="43.374998" lon="86.793128"><ele>1801</ele></trkpt>
      <trkpt lat="43.375074" lon="86.793217"><ele>1805</ele></trkpt>
      <trkpt lat="43.375393" lon="86.793497"><ele>1804</ele></trkpt>
      <trkpt lat="43.375672" lon="86.79354"><ele>1799</ele></trkpt>
      <trkpt lat="43.375853" lon="86.793673"><ele>1794</ele></trkpt>
      <trkpt lat="43.375913" lon="86.793798"><ele>1796</ele></trkpt>
      <trkpt lat="43.376155" lon="86.794004"><ele>1795</ele></trkpt>
      <trkpt lat="43.376294" lon="86.794214"><ele>1795</ele></trkpt>
      <trkpt lat="43.376385" lon="86.794438"><ele>1789</ele></trkpt>
      <trkpt lat="43.37638" lon="86.794835"><ele>1795</ele></trkpt>
      <trkpt lat="43.376495" lon="86.795339"><ele>1801</ele></trkpt>
      <trkpt lat="43.376691" lon="86.795936"><ele>1812</ele></trkpt>
      <trkpt lat="43.376687" lon="86.796198"><ele>1818</ele></trkpt>
      <trkpt lat="43.376736" lon="86.796446"><ele>1817</ele></trkpt>
      <trkpt lat="43.37686" lon="86.796666"><ele>1816</ele></trkpt>
      <trkpt lat="43.377139" lon="86.797021"><ele>1815</ele></trkpt>
      <trkpt lat="43.377151" lon="86.79716"><ele>1814</ele></trkpt>
      <trkpt lat="43.37725" lon="86.797382"><ele>1815</ele></trkpt>
      <trkpt lat="43.377277" lon="86.797531"><ele>1813</ele></trkpt>
      <trkpt lat="43.377531" lon="86.797911"><ele>1807</ele></trkpt>
      <trkpt lat="43.377589" lon="86.798165"><ele>1806</ele></trkpt>
      <trkpt lat="43.37774" lon="86.798352"><ele>1807</ele></trkpt>
      <trkpt lat="43.377769" lon="86.798493"><ele>1805</ele></trkpt>
      <trkpt lat="43.378072" lon="86.799167"><ele>1808</ele></trkpt>
      <trkpt lat="43.378227" lon="86.799312"><ele>1807</ele></trkpt>
      <trkpt lat="43.378421" lon="86.799614"><ele>1809</ele></trkpt>
      <trkpt lat="43.378553" lon="86.800131"><ele>1809</ele></trkpt>
      <trkpt lat="43.378566" lon="86.800515"><ele>1813</ele></trkpt>
      <trkpt lat="43.37865" lon="86.80078"><ele>1815</ele></trkpt>
      <trkpt lat="43.379079" lon="86.801529"><ele>1803</ele></trkpt>
      <trkpt lat="43.379153" lon="86.801901"><ele>1800</ele></trkpt>
      <trkpt lat="43.379313" lon="86.802229"><ele>1800</ele></trkpt>
      <trkpt lat="43.379573" lon="86.802454"><ele>1805</ele></trkpt>
      <trkpt lat="43.379683" lon="86.802652"><ele>1805</ele></trkpt>
      <trkpt lat="43.380047" lon="86.802838"><ele>1803</ele></trkpt>
      <trkpt lat="43.380146" lon="86.803045"><ele>1803</ele></trkpt>
      <trkpt lat="43.380297" lon="86.803215"><ele>1797</ele></trkpt>
      <trkpt lat="43.380413" lon="86.803426"><ele>1797</ele></trkpt>
      <trkpt lat="43.380448" lon="86.803552"><ele>1796</ele></trkpt>
      <trkpt lat="43.38052" lon="86.803648"><ele>1795</ele></trkpt>
      <trkpt lat="43.380544" lon="86.803771"><ele>1795</ele></trkpt>
      <trkpt lat="43.380693" lon="86.80395"><ele>1797</ele></trkpt>
      <trkpt lat="43.380961" lon="86.804514"><ele>1804</ele></trkpt>
      <trkpt lat="43.381125" lon="86.804684"><ele>1809</ele></trkpt>
      <trkpt lat="43.381231" lon="86.804699"><ele>1810</ele></trkpt>
      <trkpt lat="43.381316" lon="86.804769"><ele>1814</ele></trkpt>
      <trkpt lat="43.381602" lon="86.804805"><ele>1815</ele></trkpt>
      <trkpt lat="43.381685" lon="86.805027"><ele>1806</ele></trkpt>
      <trkpt lat="43.381789" lon="86.805086"><ele>1799</ele></trkpt>
      <trkpt lat="43.382027" lon="86.805332"><ele>1795</ele></trkpt>
      <trkpt lat="43.382193" lon="86.805645"><ele>1798</ele></trkpt>
      <trkpt lat="43.382329" lon="86.806001"><ele>1798</ele></trkpt>
      <trkpt lat="43.382313" lon="86.806141"><ele>1797</ele></trkpt>
      <trkpt lat="43.382631" lon="86.806635"><ele>1794</ele></trkpt>
      <trkpt lat="43.382636" lon="86.806764"><ele>1795</ele></trkpt>
      <trkpt lat="43.382739" lon="86.806816"><ele>1796</ele></trkpt>
      <trkpt lat="43.382823" lon="86.806924"><ele>1797</ele></trkpt>
      <trkpt lat="43.382826" lon="86.807067"><ele>1800</ele></trkpt>
      <trkpt lat="43.382868" lon="86.807186"><ele>1801</ele></trkpt>
      <trkpt lat="43.382963" lon="86.807202"><ele>1800</ele></trkpt>
      <trkpt lat="43.383262" lon="86.80751"><ele>1792</ele></trkpt>
      <trkpt lat="43.383348" lon="86.807471"><ele>1792</ele></trkpt>
      <trkpt lat="43.383406" lon="86.807574"><ele>1789</ele></trkpt>
      <trkpt lat="43.383711" lon="86.807615"><ele>1788</ele></trkpt>
      <trkpt lat="43.383895" lon="86.807713"><ele>1785</ele></trkpt>
      <trkpt lat="43.383951" lon="86.807824"><ele>1782</ele></trkpt>
      <trkpt lat="43.384055" lon="86.807831"><ele>1785</ele></trkpt>
      <trkpt lat="43.384151" lon="86.807892"><ele>1788</ele></trkpt>
      <trkpt lat="43.384228" lon="86.807957"><ele>1786</ele></trkpt>
      <trkpt lat="43.384441" lon="86.808387"><ele>1789</ele></trkpt>
      <trkpt lat="43.384526" lon="86.808458"><ele>1789</ele></trkpt>
      <trkpt lat="43.384639" lon="86.808824"><ele>1787</ele></trkpt>
      <trkpt lat="43.384755" lon="86.809049"><ele>1786</ele></trkpt>
      <trkpt lat="43.384839" lon="86.809434"><ele>1786</ele></trkpt>
      <trkpt lat="43.384943" lon="86.809518"><ele>1784</ele></trkpt>
      <trkpt lat="43.38522" lon="86.81021"><ele>1783</ele></trkpt>
      <trkpt lat="43.385296" lon="86.810307"><ele>1782</ele></trkpt>
      <trkpt lat="43.38535" lon="86.81056"><ele>1784</ele></trkpt>
      <trkpt lat="43.385426" lon="86.810635"><ele>1785</ele></trkpt>
      <trkpt lat="43.385756" lon="86.811292"><ele>1791</ele></trkpt>
      <trkpt lat="43.385838" lon="86.811522"><ele>1791</ele></trkpt>
      <trkpt lat="43.385916" lon="86.811607"><ele>1794</ele></trkpt>
      <trkpt lat="43.386198" lon="86.812316"><ele>1789</ele></trkpt>
      <trkpt lat="43.38642" lon="86.812562"><ele>1793</ele></trkpt>
      <trkpt lat="43.386515" lon="86.812598"><ele>1792</ele></trkpt>
      <trkpt lat="43.386674" lon="86.81275"><ele>1790</ele></trkpt>
      <trkpt lat="43.386844" lon="86.813221"><ele>1791</ele></trkpt>
      <trkpt lat="43.38711" lon="86.81376"><ele>1791</ele></trkpt>
      <trkpt lat="43.387226" lon="86.814113"><ele>1790</ele></trkpt>
      <trkpt lat="43.387346" lon="86.814312"><ele>1787</ele></trkpt>
      <trkpt lat="43.387305" lon="86.814427"><ele>1790</ele></trkpt>
      <trkpt lat="43.387356" lon="86.814529"><ele>1787</ele></trkpt>
      <trkpt lat="43.387491" lon="86.815322"><ele>1788</ele></trkpt>
      <trkpt lat="43.387461" lon="86.815444"><ele>1789</ele></trkpt>
      <trkpt lat="43.387635" lon="86.815765"><ele>1788</ele></trkpt>
      <trkpt lat="43.387669" lon="86.8159"><ele>1788</ele></trkpt>
      <trkpt lat="43.387651" lon="86.816023"><ele>1786</ele></trkpt>
      <trkpt lat="43.387725" lon="86.81626"><ele>1783</ele></trkpt>
      <trkpt lat="43.387714" lon="86.816524"><ele>1782</ele></trkpt>
      <trkpt lat="43.387782" lon="86.816769"><ele>1782</ele></trkpt>
      <trkpt lat="43.38778" lon="86.816917"><ele>1782</ele></trkpt>
      <trkpt lat="43.387926" lon="86.817258"><ele>1777</ele></trkpt>
      <trkpt lat="43.387896" lon="86.81738"><ele>1778</ele></trkpt>
      <trkpt lat="43.387989" lon="86.817407"><ele>1783</ele></trkpt>
      <trkpt lat="43.38791" lon="86.817478"><ele>1781</ele></trkpt>
      <trkpt lat="43.388047" lon="86.817646"><ele>1780</ele></trkpt>
      <trkpt lat="43.388315" lon="86.817838"><ele>1782</ele></trkpt>
      <trkpt lat="43.388481" lon="86.81817"><ele>1781</ele></trkpt>
      <trkpt lat="43.388563" lon="86.818419"><ele>1779</ele></trkpt>
      <trkpt lat="43.38863" lon="86.818941"><ele>1777</ele></trkpt>
      <trkpt lat="43.389115" lon="86.820382"><ele>1776</ele></trkpt>
      <trkpt lat="43.389126" lon="86.820779"><ele>1776</ele></trkpt>
      <trkpt lat="43.389185" lon="86.821024"><ele>1778</ele></trkpt>
      <trkpt lat="43.389264" lon="86.821119"><ele>1780</ele></trkpt>
      <trkpt lat="43.38946" lon="86.821579"><ele>1785</ele></trkpt>
      <trkpt lat="43.389546" lon="86.821648"><ele>1787</ele></trkpt>
      <trkpt lat="43.389688" lon="86.821995"><ele>1786</ele></trkpt>
      <trkpt lat="43.389934" lon="86.822388"><ele>1790</ele></trkpt>
      <trkpt lat="43.390162" lon="86.82264"><ele>1792</ele></trkpt>
      <trkpt lat="43.390328" lon="86.822787"><ele>1796</ele></trkpt>
      <trkpt lat="43.390693" lon="86.822983"><ele>1791</ele></trkpt>
      <trkpt lat="43.391088" lon="86.8231"><ele>1788</ele></trkpt>
      <trkpt lat="43.391371" lon="86.823241"><ele>1784</ele></trkpt>
      <trkpt lat="43.391731" lon="86.823476"><ele>1777</ele></trkpt>
      <trkpt lat="43.391791" lon="86.823569"><ele>1774</ele></trkpt>
      <trkpt lat="43.391941" lon="86.824047"><ele>1769</ele></trkpt>
      <trkpt lat="43.391993" lon="86.824581"><ele>1765</ele></trkpt>
      <trkpt lat="43.392047" lon="86.824834"><ele>1764</ele></trkpt>
      <trkpt lat="43.392102" lon="86.824937"><ele>1765</ele></trkpt>
      <trkpt lat="43.392136" lon="86.825319"><ele>1768</ele></trkpt>
      <trkpt lat="43.392203" lon="86.825416"><ele>1767</ele></trkpt>
      <trkpt lat="43.392239" lon="86.825834"><ele>1770</ele></trkpt>
      <trkpt lat="43.392309" lon="86.826091"><ele>1770</ele></trkpt>
      <trkpt lat="43.392673" lon="86.82686"><ele>1770</ele></trkpt>
      <trkpt lat="43.392655" lon="86.826985"><ele>1769</ele></trkpt>
      <trkpt lat="43.392873" lon="86.827274"><ele>1767</ele></trkpt>
      <trkpt lat="43.392917" lon="86.82752"><ele>1769</ele></trkpt>
      <trkpt lat="43.393112" lon="86.827842"><ele>1772</ele></trkpt>
      <trkpt lat="43.393133" lon="86.827973"><ele>1771</ele></trkpt>
      <trkpt lat="43.393318" lon="86.828447"><ele>1771</ele></trkpt>
      <trkpt lat="43.393387" lon="86.828527"><ele>1773</ele></trkpt>
      <trkpt lat="43.393539" lon="86.828873"><ele>1771</ele></trkpt>
      <trkpt lat="43.393952" lon="86.829895"><ele>1774</ele></trkpt>
      <trkpt lat="43.394034" lon="86.829946"><ele>1774</ele></trkpt>
      <trkpt lat="43.39406" lon="86.830081"><ele>1775</ele></trkpt>
      <trkpt lat="43.394125" lon="86.830196"><ele>1775</ele></trkpt>
      <trkpt lat="43.394115" lon="86.83032"><ele>1777</ele></trkpt>
      <trkpt lat="43.394191" lon="86.830397"><ele>1779</ele></trkpt>
    </trkseg>
    <trkseg>
      <trkpt lat="43.194874" lon="86.694584"><ele>2935</ele></trkpt>
      <trkpt lat="43.194968" lon="86.694633"><ele>2931</ele></trkpt>
      <trkpt lat="43.19481" lon="86.694502"><ele>2929</ele></trkpt>
      <trkpt lat="43.194902" lon="86.694528"><ele>2925</ele></trkpt>
      <trkpt lat="43.194814" lon="86.694581"><ele>2934</ele></trkpt>
      <trkpt lat="43.194828" lon="86.694714"><ele>2924</ele></trkpt>
      <trkpt lat="43.194889" lon="86.694814"><ele>2924</ele></trkpt>
      <trkpt lat="43.194913" lon="86.695073"><ele>2920</ele></trkpt>
      <trkpt lat="43.194699" lon="86.695803"><ele>2930</ele></trkpt>
      <trkpt lat="43.194714" lon="86.695946"><ele>2934</ele></trkpt>
      <trkpt lat="43.194643" lon="86.696588"><ele>2936</ele></trkpt>
      <trkpt lat="43.194645" lon="86.696979"><ele>2942</ele></trkpt>
      <trkpt lat="43.194702" lon="86.697219"><ele>2943</ele></trkpt>
      <trkpt lat="43.194781" lon="86.697279"><ele>2941</ele></trkpt>
      <trkpt lat="43.194807" lon="86.697143"><ele>2944</ele></trkpt>
      <trkpt lat="43.194765" lon="86.697033"><ele>2940</ele></trkpt>
      <trkpt lat="43.194776" lon="86.696777"><ele>2933</ele></trkpt>
      <trkpt lat="43.194913" lon="86.69695"><ele>2936</ele></trkpt>
      <trkpt lat="43.194991" lon="86.69687"><ele>2928</ele></trkpt>
      <trkpt lat="43.194908" lon="86.696932"><ele>2927</ele></trkpt>
      <trkpt lat="43.19499" lon="86.696986"><ele>2933</ele></trkpt>
      <trkpt lat="43.195099" lon="86.69759"><ele>2936</ele></trkpt>
      <trkpt lat="43.19519" lon="86.697556"><ele>2946</ele></trkpt>
      <trkpt lat="43.195266" lon="86.697625"><ele>2953</ele></trkpt>
      <trkpt lat="43.19536" lon="86.697612"><ele>2965</ele></trkpt>
      <trkpt lat="43.195385" lon="86.69773"><ele>2969</ele></trkpt>
      <trkpt lat="43.195477" lon="86.697725"><ele>2967</ele></trkpt>
      <trkpt lat="43.195634" lon="86.697873"><ele>2974</ele></trkpt>
      <trkpt lat="43.19589" lon="86.69803"><ele>2996</ele></trkpt>
      <trkpt lat="43.195951" lon="86.698264"><ele>2995</ele></trkpt>
      <trkpt lat="43.19604" lon="86.698295"><ele>2991</ele></trkpt>
      <trkpt lat="43.195875" lon="86.698418"><ele>2990</ele></trkpt>
      <trkpt lat="43.195821" lon="86.698539"><ele>3000</ele></trkpt>
      <trkpt lat="43.195881" lon="86.698774"><ele>3029</ele></trkpt>
      <trkpt lat="43.196024" lon="86.698932"><ele>3042</ele></trkpt>
      <trkpt lat="43.196041" lon="86.699187"><ele>3047</ele></trkpt>
      <trkpt lat="43.196231" lon="86.699756"><ele>3062</ele></trkpt>
      <trkpt lat="43.196214" lon="86.700008"><ele>3073</ele></trkpt>
      <trkpt lat="43.196332" lon="86.70021"><ele>3075</ele></trkpt>
      <trkpt lat="43.196892" lon="86.700914"><ele>3102</ele></trkpt>
      <trkpt lat="43.196857" lon="86.701028"><ele>3111</ele></trkpt>
      <trkpt lat="43.197021" lon="86.70113"><ele>3114</ele></trkpt>
      <trkpt lat="43.197142" lon="86.701318"><ele>3121</ele></trkpt>
      <trkpt lat="43.197224" lon="86.70138"><ele>3128</ele></trkpt>
      <trkpt lat="43.197642" lon="86.702075"><ele>3167</ele></trkpt>
      <trkpt lat="43.197787" lon="86.702257"><ele>3181</ele></trkpt>
      <trkpt lat="43.19783" lon="86.702505"><ele>3185</ele></trkpt>
      <trkpt lat="43.197894" lon="86.702594"><ele>3198</ele></trkpt>
      <trkpt lat="43.197961" lon="86.702836"><ele>3209</ele></trkpt>
      <trkpt lat="43.198075" lon="86.703026"><ele>3211</ele></trkpt>
      <trkpt lat="43.198081" lon="86.703152"><ele>3213</ele></trkpt>
      <trkpt lat="43.197998" lon="86.703201"><ele>3219</ele></trkpt>
      <trkpt lat="43.197948" lon="86.703308"><ele>3221</ele></trkpt>
      <trkpt lat="43.197758" lon="86.703388"><ele>3232</ele></trkpt>
      <trkpt lat="43.197741" lon="86.70364"><ele>3249</ele></trkpt>
      <trkpt lat="43.198026" lon="86.704285"><ele>3271</ele></trkpt>
      <trkpt lat="43.198159" lon="86.704464"><ele>3278</ele></trkpt>
      <trkpt lat="43.198417" lon="86.704596"><ele>3300</ele></trkpt>
      <trkpt lat="43.198487" lon="86.704682"><ele>3303</ele></trkpt>
      <trkpt lat="43.198923" lon="86.704863"><ele>3319</ele></trkpt>
      <trkpt lat="43.198967" lon="86.70511"><ele>3330</ele></trkpt>
      <trkpt lat="43.198957" lon="86.705235"><ele>3338</ele></trkpt>
      <trkpt lat="43.199128" lon="86.705954"><ele>3366</ele></trkpt>
      <trkpt lat="43.199281" lon="86.706274"><ele>3381</ele></trkpt>
      <trkpt lat="43.199384" lon="86.706618"><ele>3406</ele></trkpt>
      <trkpt lat="43.199505" lon="86.706832"><ele>3410</ele></trkpt>
      <trkpt lat="43.199566" lon="86.707079"><ele>3418</ele></trkpt>
      <trkpt lat="43.199518" lon="86.70732"><ele>3430</ele></trkpt>
      <trkpt lat="43.19953" lon="86.707443"><ele>3441</ele></trkpt>
      <trkpt lat="43.199439" lon="86.707477"><ele>3441</ele></trkpt>
      <trkpt lat="43.199393" lon="86.707586"><ele>3436</ele></trkpt>
      <trkpt lat="43.199225" lon="86.707698"><ele>3456</ele></trkpt>
      <trkpt lat="43.199134" lon="86.707719"><ele>3460</ele></trkpt>
      <trkpt lat="43.199082" lon="86.707612"><ele>3455</ele></trkpt>
      <trkpt lat="43.199127" lon="86.707875"><ele>3455</ele></trkpt>
      <trkpt lat="43.199257" lon="86.70822"><ele>3461</ele></trkpt>
      <trkpt lat="43.199263" lon="86.708345"><ele>3464</ele></trkpt>
      <trkpt lat="43.199193" lon="86.708423"><ele>3469</ele></trkpt>
      <trkpt lat="43.19923" lon="86.70856"><ele>3466</ele></trkpt>
      <trkpt lat="43.199066" lon="86.70872"><ele>3470</ele></trkpt>
      <trkpt lat="43.199155" lon="86.70869"><ele>3462</ele></trkpt>
      <trkpt lat="43.199194" lon="86.708479"><ele>3467</ele></trkpt>
      <trkpt lat="43.199171" lon="86.708608"><ele>3464</ele></trkpt>
      <trkpt lat="43.199259" lon="86.708644"><ele>3459</ele></trkpt>
      <trkpt lat="43.199314" lon="86.708753"><ele>3459</ele></trkpt>
      <trkpt lat="43.199166" lon="86.708903"><ele>3466</ele></trkpt>
      <trkpt lat="43.199271" lon="86.70911"><ele>3459</ele></trkpt>
      <trkpt lat="43.199315" lon="86.709353"><ele>3453</ele></trkpt>
      <trkpt lat="43.199215" lon="86.709725"><ele>3454</ele></trkpt>
      <trkpt lat="43.198998" lon="86.709973"><ele>3470</ele></trkpt>
      <trkpt lat="43.199" lon="86.710098"><ele>3465</ele></trkpt>
      <trkpt lat="43.199043" lon="86.710208"><ele>3467</ele></trkpt>
      <trkpt lat="43.198801" lon="86.71075"><ele>3495</ele></trkpt>
      <trkpt lat="43.198818" lon="86.71115"><ele>3494</ele></trkpt>
      <trkpt lat="43.198767" lon="86.711398"><ele>3493</ele></trkpt>
      <trkpt lat="43.198794" lon="86.711668"><ele>3494</ele></trkpt>
      <trkpt lat="43.198862" lon="86.711934"><ele>3492</ele></trkpt>
      <trkpt lat="43.198869" lon="86.712191"><ele>3492</ele></trkpt>
      <trkpt lat="43.198825" lon="86.712311"><ele>3495</ele></trkpt>
      <trkpt lat="43.198853" lon="86.712429"><ele>3488</ele></trkpt>
      <trkpt lat="43.198848" lon="86.712691"><ele>3488</ele></trkpt>
      <trkpt lat="43.198792" lon="86.713076"><ele>3498</ele></trkpt>
      <trkpt lat="43.19867" lon="86.713418"><ele>3512</ele></trkpt>
      <trkpt lat="43.198702" lon="86.713538"><ele>3512</ele></trkpt>
      <trkpt lat="43.198685" lon="86.713662"><ele>3513</ele></trkpt>
      <trkpt lat="43.198743" lon="86.713897"><ele>3513</ele></trkpt>
      <trkpt lat="43.198628" lon="86.714088"><ele>3532</ele></trkpt>
      <trkpt lat="43.198594" lon="86.71421"><ele>3532</ele></trkpt>
      <trkpt lat="43.198507" lon="86.714241"><ele>3544</ele></trkpt>
      <trkpt lat="43.198498" lon="86.714373"><ele>3537</ele></trkpt>
      <trkpt lat="43.198413" lon="86.714421"><ele>3542</ele></trkpt>
      <trkpt lat="43.198367" lon="86.714532"><ele>3544</ele></trkpt>
      <trkpt lat="43.198462" lon="86.715009"><ele>3559</ele></trkpt>
      <trkpt lat="43.198712" lon="86.715158"><ele>3591</ele></trkpt>
      <trkpt lat="43.198803" lon="86.715127"><ele>3598</ele></trkpt>
      <trkpt lat="43.198858" lon="86.715227"><ele>3600</ele></trkpt>
      <trkpt lat="43.198871" lon="86.715358"><ele>3599</ele></trkpt>
      <trkpt lat="43.199027" lon="86.715219"><ele>3611</ele></trkpt>
      <trkpt lat="43.199075" lon="86.715113"><ele>3616</ele></trkpt>
      <trkpt lat="43.19916" lon="86.71506"><ele>3623</ele></trkpt>
      <trkpt lat="43.199299" lon="86.715236"><ele>3636</ele></trkpt>
      <trkpt lat="43.199391" lon="86.715232"><ele>3642</ele></trkpt>
      <trkpt lat="43.199521" lon="86.715417"><ele>3657</ele></trkpt>
      <trkpt lat="43.199608" lon="86.715449"><ele>3667</ele></trkpt>
      <trkpt lat="43.199637" lon="86.715565"><ele>3669</ele></trkpt>
      <trkpt lat="43.199895" lon="86.715715"><ele>3691</ele></trkpt>
      <trkpt lat="43.199969" lon="86.715641"><ele>3695</ele></trkpt>
      <trkpt lat="43.200123" lon="86.715799"><ele>3707</ele></trkpt>
      <trkpt lat="43.200293" lon="86.715899"><ele>3719</ele></trkpt>
      <trkpt lat="43.200365" lon="86.715973"><ele>3732</ele></trkpt>
      <trkpt lat="43.200483" lon="86.716315"><ele>3755</ele></trkpt>
      <trkpt lat="43.20063" lon="86.716463"><ele>3767</ele></trkpt>
      <trkpt lat="43.200631" lon="86.716843"><ele>3767</ele></trkpt>
      <trkpt lat="43.200861" lon="86.717248"><ele>3746</ele></trkpt>
      <trkpt lat="43.201016" lon="86.717404"><ele>3743</ele></trkpt>
      <trkpt lat="43.201107" lon="86.717416"><ele>3738</ele></trkpt>
      <trkpt lat="43.201176" lon="86.717331"><ele>3732</ele></trkpt>
      <trkpt lat="43.201637" lon="86.717515"><ele>3714</ele></trkpt>
      <trkpt lat="43.201736" lon="86.717486"><ele>3709</ele></trkpt>
      <trkpt lat="43.201925" lon="86.717518"><ele>3702</ele></trkpt>
      <trkpt lat="43.202126" lon="86.717495"><ele>3690</ele></trkpt>
      <trkpt lat="43.202208" lon="86.717443"><ele>3686</ele></trkpt>
      <trkpt lat="43.20241" lon="86.717455"><ele>3678</ele></trkpt>
      <trkpt lat="43.202592" lon="86.717379"><ele>3675</ele></trkpt>
      <trkpt lat="43.203018" lon="86.717106"><ele>3653</ele></trkpt>
      <trkpt lat="43.202996" lon="86.716971"><ele>3641</ele></trkpt>
      <trkpt lat="43.203193" lon="86.716686"><ele>3633</ele></trkpt>
      <trkpt lat="43.203168" lon="86.716555"><ele>3627</ele></trkpt>
      <trkpt lat="43.203236" lon="86.716469"><ele>3628</ele></trkpt>
      <trkpt lat="43.203326" lon="86.716446"><ele>3627</ele></trkpt>
      <trkpt lat="43.20331" lon="86.716175"><ele>3617</ele></trkpt>
      <trkpt lat="43.203344" lon="86.716049"><ele>3615</ele></trkpt>
      <trkpt lat="43.20342" lon="86.715981"><ele>3615</ele></trkpt>
      <trkpt lat="43.203783" lon="86.715827"><ele>3601</ele></trkpt>
      <trkpt lat="43.203859" lon="86.715755"><ele>3598</ele></trkpt>
      <trkpt lat="43.203986" lon="86.715937"><ele>3594</ele></trkpt>
      <trkpt lat="43.204085" lon="86.715946"><ele>3586</ele></trkpt>
      <trkpt lat="43.20416" lon="86.716015"><ele>3586</ele></trkpt>
      <trkpt lat="43.204416" lon="86.71583"><ele>3572</ele></trkpt>
      <trkpt lat="43.204691" lon="86.715835"><ele>3561</ele></trkpt>
      <trkpt lat="43.204735" lon="86.715724"><ele>3561</ele></trkpt>
      <trkpt lat="43.204834" lon="86.715689"><ele>3561</ele></trkpt>
      <trkpt lat="43.20494" lon="86.71571"><ele>3559</ele></trkpt>
      <trkpt lat="43.205016" lon="86.715627"><ele>3557</ele></trkpt>
      <trkpt lat="43.205299" lon="86.715532"><ele>3551</ele></trkpt>
      <trkpt lat="43.205583" lon="86.715577"><ele>3549</ele></trkpt>
      <trkpt lat="43.205966" lon="86.715718"><ele>3530</ele></trkpt>
      <trkpt lat="43.206702" lon="86.715573"><ele>3523</ele></trkpt>
      <trkpt lat="43.207068" lon="86.715738"><ele>3525</ele></trkpt>
      <trkpt lat="43.207614" lon="86.716272"><ele>3515</ele></trkpt>
      <trkpt lat="43.207894" lon="86.71635"><ele>3513</ele></trkpt>
      <trkpt lat="43.207902" lon="86.716475"><ele>3514</ele></trkpt>
      <trkpt lat="43.208038" lon="86.716645"><ele>3510</ele></trkpt>
      <trkpt lat="43.208119" lon="86.716589"><ele>3515</ele></trkpt>
      <trkpt lat="43.20826" lon="86.716753"><ele>3518</ele></trkpt>
      <trkpt lat="43.208332" lon="86.716657"><ele>3515</ele></trkpt>
      <trkpt lat="43.20842" lon="86.716685"><ele>3508</ele></trkpt>
      <trkpt lat="43.208685" lon="86.716853"><ele>3496</ele></trkpt>
      <trkpt lat="43.20875" lon="86.71676"><ele>3490</ele></trkpt>
      <trkpt lat="43.20884" lon="86.716737"><ele>3488</ele></trkpt>
      <trkpt lat="43.209406" lon="86.71697"><ele>3466</ele></trkpt>
      <trkpt lat="43.209772" lon="86.717571"><ele>3460</ele></trkpt>
      <trkpt lat="43.209852" lon="86.718076"><ele>3461</ele></trkpt>
      <trkpt lat="43.209787" lon="86.718313"><ele>3458</ele></trkpt>
      <trkpt lat="43.209777" lon="86.718574"><ele>3459</ele></trkpt>
      <trkpt lat="43.209829" lon="86.71868"><ele>3459</ele></trkpt>
      <trkpt lat="43.209838" lon="86.718809"><ele>3460</ele></trkpt>
      <trkpt lat="43.20974" lon="86.719297"><ele>3459</ele></trkpt>
      <trkpt lat="43.209755" lon="86.719796"><ele>3454</ele></trkpt>
      <trkpt lat="43.209696" lon="86.719908"><ele>3452</ele></trkpt>
      <trkpt lat="43.209619" lon="86.72042"><ele>3451</ele></trkpt>
      <trkpt lat="43.209728" lon="86.720642"><ele>3450</ele></trkpt>
      <trkpt lat="43.209824" lon="86.721021"><ele>3453</ele></trkpt>
      <trkpt lat="43.209958" lon="86.721787"><ele>3446</ele></trkpt>
      <trkpt lat="43.210172" lon="86.722221"><ele>3444</ele></trkpt>
      <trkpt lat="43.210126" lon="86.722339"><ele>3441</ele></trkpt>
      <trkpt lat="43.210263" lon="86.722667"><ele>3433</ele></trkpt>
      <trkpt lat="43.21053" lon="86.723049"><ele>3426</ele></trkpt>
      <trkpt lat="43.210986" lon="86.723319"><ele>3405</ele></trkpt>
      <trkpt lat="43.211141" lon="86.72348"><ele>3399</ele></trkpt>
      <trkpt lat="43.211281" lon="86.723825"><ele>3382</ele></trkpt>
      <trkpt lat="43.211522" lon="86.724082"><ele>3378</ele></trkpt>
      <trkpt lat="43.212032" lon="86.724429"><ele>3371</ele></trkpt>
      <trkpt lat="43.21221" lon="86.724497"><ele>3370</ele></trkpt>
      <trkpt lat="43.212282" lon="86.724581"><ele>3362</ele></trkpt>
      <trkpt lat="43.21256" lon="86.724682"><ele>3355</ele></trkpt>
      <trkpt lat="43.212643" lon="86.724756"><ele>3354</ele></trkpt>
      <trkpt lat="43.212745" lon="86.725132"><ele>3357</ele></trkpt>
      <trkpt lat="43.212938" lon="86.725428"><ele>3355</ele></trkpt>
      <trkpt lat="43.213094" lon="86.725589"><ele>3360</ele></trkpt>
      <trkpt lat="43.213186" lon="86.725623"><ele>3361</ele></trkpt>
      <trkpt lat="43.213237" lon="86.72574"><ele>3361</ele></trkpt>
      <trkpt lat="43.213404" lon="86.725859"><ele>3358</ele></trkpt>
      <trkpt lat="43.213705" lon="86.726193"><ele>3354</ele></trkpt>
      <trkpt lat="43.213748" lon="86.726304"><ele>3354</ele></trkpt>
      <trkpt lat="43.214083" lon="86.726631"><ele>3348</ele></trkpt>
      <trkpt lat="43.214542" lon="86.726855"><ele>3350</ele></trkpt>
      <trkpt lat="43.214801" lon="86.727039"><ele>3349</ele></trkpt>
      <trkpt lat="43.215037" lon="86.727288"><ele>3348</ele></trkpt>
      <trkpt lat="43.215087" lon="86.727414"><ele>3346</ele></trkpt>
      <trkpt lat="43.215263" lon="86.727492"><ele>3346</ele></trkpt>
      <trkpt lat="43.215595" lon="86.727769"><ele>3341</ele></trkpt>
      <trkpt lat="43.216253" lon="86.72793"><ele>3331</ele></trkpt>
      <trkpt lat="43.216429" lon="86.72805"><ele>3327</ele></trkpt>
      <trkpt lat="43.216712" lon="86.728133"><ele>3328</ele></trkpt>
      <trkpt lat="43.216786" lon="86.728214"><ele>3324</ele></trkpt>
      <trkpt lat="43.217095" lon="86.728253"><ele>3320</ele></trkpt>
      <trkpt lat="43.217501" lon="86.728593"><ele>3315</ele></trkpt>
      <trkpt lat="43.217739" lon="86.728991"><ele>3311</ele></trkpt>
      <trkpt lat="43.218148" lon="86.729344"><ele>3304</ele></trkpt>
      <trkpt lat="43.218365" lon="86.729603"><ele>3300</ele></trkpt>
      <trkpt lat="43.218641" lon="86.729775"><ele>3294</ele></trkpt>
      <trkpt lat="43.218944" lon="86.730101"><ele>3286</ele></trkpt>
      <trkpt lat="43.21912" lon="86.730401"><ele>3285</ele></trkpt>
      <trkpt lat="43.219067" lon="86.730507"><ele>3287</ele></trkpt>
      <trkpt lat="43.219231" lon="86.73067"><ele>3278</ele></trkpt>
      <trkpt lat="43.219424" lon="86.730962"><ele>3268</ele></trkpt>
      <trkpt lat="43.219698" lon="86.730885"><ele>3265</ele></trkpt>
      <trkpt lat="43.219889" lon="86.730886"><ele>3260</ele></trkpt>
      <trkpt lat="43.220068" lon="86.730946"><ele>3252</ele></trkpt>
      <trkpt lat="43.220527" lon="86.730729"><ele>3243</ele></trkpt>
      <trkpt lat="43.22071" lon="86.730791"><ele>3234</ele></trkpt>
      <trkpt lat="43.220982" lon="86.730712"><ele>3230</ele></trkpt>
      <trkpt lat="43.221163" lon="86.730767"><ele>3222</ele></trkpt>
      <trkpt lat="43.221347" lon="86.730731"><ele>3215</ele></trkpt>
      <trkpt lat="43.221536" lon="86.730773"><ele>3212</ele></trkpt>
      <trkpt lat="43.221896" lon="86.730955"><ele>3206</ele></trkpt>
      <trkpt lat="43.222151" lon="86.731149"><ele>3206</ele></trkpt>
      <trkpt lat="43.222285" lon="86.731335"><ele>3199</ele></trkpt>
      <trkpt lat="43.222465" lon="86.731401"><ele>3199</ele></trkpt>
      <trkpt lat="43.22266" lon="86.731389"><ele>3201</ele></trkpt>
      <trkpt lat="43.222933" lon="86.731534"><ele>3198</ele></trkpt>
      <trkpt lat="43.223308" lon="86.731636"><ele>3197</ele></trkpt>
      <trkpt lat="43.223554" lon="86.731837"><ele>3195</ele></trkpt>
      <trkpt lat="43.223849" lon="86.731951"><ele>3190</ele></trkpt>
      <trkpt lat="43.224041" lon="86.731971"><ele>3195</ele></trkpt>
      <trkpt lat="43.224553" lon="86.732311"><ele>3194</ele></trkpt>
      <trkpt lat="43.224725" lon="86.732384"><ele>3194</ele></trkpt>
      <trkpt lat="43.224912" lon="86.73245"><ele>3193</ele></trkpt>
      <trkpt lat="43.225106" lon="86.732426"><ele>3187</ele></trkpt>
      <trkpt lat="43.22539" lon="86.732484"><ele>3186</ele></trkpt>
      <trkpt lat="43.225801" lon="86.732806"><ele>3174</ele></trkpt>
      <trkpt lat="43.226188" lon="86.732842"><ele>3170</ele></trkpt>
      <trkpt lat="43.226365" lon="86.73297"><ele>3165</ele></trkpt>
      <trkpt lat="43.226959" lon="86.733107"><ele>3158</ele></trkpt>
      <trkpt lat="43.227051" lon="86.733067"><ele>3158</ele></trkpt>
      <trkpt lat="43.22715" lon="86.733104"><ele>3154</ele></trkpt>
      <trkpt lat="43.227436" lon="86.733076"><ele>3145</ele></trkpt>
      <trkpt lat="43.227518" lon="86.733023"><ele>3146</ele></trkpt>
      <trkpt lat="43.227709" lon="86.732998"><ele>3139</ele></trkpt>
      <trkpt lat="43.22815" lon="86.732716"><ele>3133</ele></trkpt>
      <trkpt lat="43.228348" lon="86.732724"><ele>3130</ele></trkpt>
      <trkpt lat="43.228532" lon="86.732633"><ele>3126</ele></trkpt>
      <trkpt lat="43.228778" lon="86.732442"><ele>3113</ele></trkpt>
      <trkpt lat="43.228975" lon="86.732478"><ele>3110</ele></trkpt>
      <trkpt lat="43.22913" lon="86.73233"><ele>3110</ele></trkpt>
      <trkpt lat="43.22923" lon="86.732299"><ele>3111</ele></trkpt>
      <trkpt lat="43.229334" lon="86.732077"><ele>3101</ele></trkpt>
      <trkpt lat="43.229426" lon="86.732013"><ele>3095</ele></trkpt>
      <trkpt lat="43.229464" lon="86.731878"><ele>3092</ele></trkpt>
      <trkpt lat="43.229568" lon="86.731847"><ele>3092</ele></trkpt>
      <trkpt lat="43.229659" lon="86.731878"><ele>3091</ele></trkpt>
      <trkpt lat="43.230044" lon="86.731768"><ele>3088</ele></trkpt>
      <trkpt lat="43.230237" lon="86.73179"><ele>3083</ele></trkpt>
      <trkpt lat="43.230323" lon="86.73173"><ele>3085</ele></trkpt>
      <trkpt lat="43.23053" lon="86.731748"><ele>3080</ele></trkpt>
      <trkpt lat="43.23081" lon="86.731705"><ele>3074</ele></trkpt>
      <trkpt lat="43.230872" lon="86.731799"><ele>3074</ele></trkpt>
      <trkpt lat="43.230938" lon="86.731705"><ele>3073</ele></trkpt>
      <trkpt lat="43.231029" lon="86.731702"><ele>3072</ele></trkpt>
      <trkpt lat="43.23132" lon="86.731736"><ele>3065</ele></trkpt>
      <trkpt lat="43.231412" lon="86.73179"><ele>3065</ele></trkpt>
      <trkpt lat="43.231901" lon="86.731828"><ele>3058</ele></trkpt>
      <trkpt lat="43.231982" lon="86.731774"><ele>3058</ele></trkpt>
      <trkpt lat="43.232269" lon="86.731902"><ele>3059</ele></trkpt>
      <trkpt lat="43.232297" lon="86.732028"><ele>3053</ele></trkpt>
      <trkpt lat="43.232389" lon="86.732068"><ele>3052</ele></trkpt>
      <trkpt lat="43.232651" lon="86.73192"><ele>3045</ele></trkpt>
      <trkpt lat="43.232801" lon="86.731753"><ele>3044</ele></trkpt>
      <trkpt lat="43.233081" lon="86.731659"><ele>3040</ele></trkpt>
      <trkpt lat="43.233225" lon="86.731495"><ele>3038</ele></trkpt>
      <trkpt lat="43.233304" lon="86.731565"><ele>3034</ele></trkpt>
      <trkpt lat="43.233394" lon="86.731555"><ele>3031</ele></trkpt>
      <trkpt lat="43.233589" lon="86.731629"><ele>3024</ele></trkpt>
      <trkpt lat="43.233946" lon="86.731904"><ele>3019</ele></trkpt>
      <trkpt lat="43.23424" lon="86.731984"><ele>3004</ele></trkpt>
      <trkpt lat="43.234423" lon="86.732093"><ele>3000</ele></trkpt>
      <trkpt lat="43.234625" lon="86.732059"><ele>2993</ele></trkpt>
      <trkpt lat="43.234719" lon="86.732098"><ele>2990</ele></trkpt>
      <trkpt lat="43.234778" lon="86.732195"><ele>2990</ele></trkpt>
      <trkpt lat="43.234873" lon="86.732185"><ele>2987</ele></trkpt>
      <trkpt lat="43.234946" lon="86.732263"><ele>2980</ele></trkpt>
      <trkpt lat="43.235535" lon="86.732324"><ele>2967</ele></trkpt>
      <trkpt lat="43.235692" lon="86.732461"><ele>2963</ele></trkpt>
      <trkpt lat="43.235809" lon="86.732252"><ele>2951</ele></trkpt>
      <trkpt lat="43.236013" lon="86.732216"><ele>2946</ele></trkpt>
      <trkpt lat="43.236143" lon="86.732417"><ele>2949</ele></trkpt>
      <trkpt lat="43.236311" lon="86.732875"><ele>2947</ele></trkpt>
      <trkpt lat="43.236469" lon="86.733025"><ele>2946</ele></trkpt>
      <trkpt lat="43.236839" lon="86.733219"><ele>2943</ele></trkpt>
      <trkpt lat="43.236896" lon="86.733334"><ele>2942</ele></trkpt>
      <trkpt lat="43.236908" lon="86.733476"><ele>2940</ele></trkpt>
      <trkpt lat="43.236976" lon="86.733567"><ele>2937</ele></trkpt>
      <trkpt lat="43.237072" lon="86.733565"><ele>2936</ele></trkpt>
      <trkpt lat="43.237158" lon="86.733633"><ele>2936</ele></trkpt>
      <trkpt lat="43.237173" lon="86.733885"><ele>2936</ele></trkpt>
      <trkpt lat="43.237236" lon="86.734135"><ele>2932</ele></trkpt>
      <trkpt lat="43.237661" lon="86.734998"><ele>2911</ele></trkpt>
      <trkpt lat="43.237825" lon="86.735152"><ele>2905</ele></trkpt>
      <trkpt lat="43.238018" lon="86.73544"><ele>2897</ele></trkpt>
      <trkpt lat="43.238115" lon="86.735469"><ele>2896</ele></trkpt>
      <trkpt lat="43.238285" lon="86.735608"><ele>2895</ele></trkpt>
      <trkpt lat="43.238483" lon="86.736073"><ele>2883</ele></trkpt>
      <trkpt lat="43.238543" lon="86.736168"><ele>2882</ele></trkpt>
      <trkpt lat="43.238703" lon="86.736284"><ele>2881</ele></trkpt>
      <trkpt lat="43.238828" lon="86.736483"><ele>2879</ele></trkpt>
      <trkpt lat="43.238962" lon="86.736854"><ele>2878</ele></trkpt>
      <trkpt lat="43.2391" lon="86.737032"><ele>2875</ele></trkpt>
      <trkpt lat="43.239128" lon="86.737168"><ele>2871</ele></trkpt>
      <trkpt lat="43.239195" lon="86.737254"><ele>2871</ele></trkpt>
      <trkpt lat="43.239284" lon="86.73749"><ele>2865</ele></trkpt>
      <trkpt lat="43.239347" lon="86.737579"><ele>2865</ele></trkpt>
      <trkpt lat="43.239629" lon="86.737645"><ele>2864</ele></trkpt>
      <trkpt lat="43.239954" lon="86.737899"><ele>2861</ele></trkpt>
      <trkpt lat="43.240173" lon="86.738162"><ele>2853</ele></trkpt>
      <trkpt lat="43.240253" lon="86.73842"><ele>2855</ele></trkpt>
      <trkpt lat="43.240341" lon="86.738488"><ele>2850</ele></trkpt>
      <trkpt lat="43.240396" lon="86.738599"><ele>2852</ele></trkpt>
      <trkpt lat="43.240452" lon="86.738843"><ele>2856</ele></trkpt>
      <trkpt lat="43.240531" lon="86.738921"><ele>2854</ele></trkpt>
      <trkpt lat="43.24056" lon="86.739172"><ele>2857</ele></trkpt>
      <trkpt lat="43.240832" lon="86.739716"><ele>2853</ele></trkpt>
      <trkpt lat="43.240904" lon="86.739969"><ele>2848</ele></trkpt>
      <trkpt lat="43.241039" lon="86.740178"><ele>2837</ele></trkpt>
      <trkpt lat="43.241249" lon="86.740793"><ele>2837</ele></trkpt>
      <trkpt lat="43.241357" lon="86.741016"><ele>2838</ele></trkpt>
      <trkpt lat="43.241374" lon="86.741269"><ele>2835</ele></trkpt>
      <trkpt lat="43.241547" lon="86.742032"><ele>2830</ele></trkpt>
      <trkpt lat="43.241532" lon="86.742422"><ele>2836</ele></trkpt>
      <trkpt lat="43.241597" lon="86.742672"><ele>2835</ele></trkpt>
      <trkpt lat="43.241645" lon="86.74306"><ele>2830</ele></trkpt>
      <trkpt lat="43.241836" lon="86.743637"><ele>2821</ele></trkpt>
      <trkpt lat="43.241872" lon="86.744321"><ele>2820</ele></trkpt>
      <trkpt lat="43.241774" lon="86.744427"><ele>2822</ele></trkpt>
      <trkpt lat="43.24184" lon="86.744343"><ele>2820</ele></trkpt>
      <trkpt lat="43.241926" lon="86.744844"><ele>2819</ele></trkpt>
      <trkpt lat="43.242259" lon="86.745318"><ele>2808</ele></trkpt>
      <trkpt lat="43.24236" lon="86.745695"><ele>2806</ele></trkpt>
      <trkpt lat="43.242337" lon="86.745822"><ele>2807</ele></trkpt>
      <trkpt lat="43.24236" lon="86.745944"><ele>2805</ele></trkpt>
      <trkpt lat="43.242582" lon="86.746674"><ele>2801</ele></trkpt>
      <trkpt lat="43.242638" lon="86.746785"><ele>2803</ele></trkpt>
      <trkpt lat="43.242862" lon="86.747035"><ele>2790</ele></trkpt>
      <trkpt lat="43.242883" lon="86.747297"><ele>2787</ele></trkpt>
      <trkpt lat="43.242843" lon="86.747411"><ele>2785</ele></trkpt>
      <trkpt lat="43.243059" lon="86.747666"><ele>2783</ele></trkpt>
      <trkpt lat="43.243074" lon="86.747797"><ele>2783</ele></trkpt>
      <trkpt lat="43.243358" lon="86.748318"><ele>2777</ele></trkpt>
      <trkpt lat="43.243428" lon="86.748733"><ele>2775</ele></trkpt>
      <trkpt lat="43.243557" lon="86.748938"><ele>2772</ele></trkpt>
      <trkpt lat="43.243727" lon="86.749085"><ele>2768</ele></trkpt>
      <trkpt lat="43.243772" lon="86.749211"><ele>2769</ele></trkpt>
      <trkpt lat="43.243903" lon="86.749392"><ele>2761</ele></trkpt>
      <trkpt lat="43.243987" lon="86.74978"><ele>2761</ele></trkpt>
      <trkpt lat="43.244221" lon="86.750168"><ele>2750</ele></trkpt>
      <trkpt lat="43.244631" lon="86.750578"><ele>2747</ele></trkpt>
      <trkpt lat="43.24476" lon="86.750938"><ele>2753</ele></trkpt>
      <trkpt lat="43.244879" lon="86.751159"><ele>2752</ele></trkpt>
      <trkpt lat="43.245048" lon="86.751278"><ele>2747</ele></trkpt>
      <trkpt lat="43.24525" lon="86.751318"><ele>2746</ele></trkpt>
      <trkpt lat="43.245397" lon="86.751486"><ele>2749</ele></trkpt>
      <trkpt lat="43.24549" lon="86.751518"><ele>2747</ele></trkpt>
      <trkpt lat="43.245534" lon="86.751632"><ele>2735</ele></trkpt>
      <trkpt lat="43.245514" lon="86.751758"><ele>2737</ele></trkpt>
      <trkpt lat="43.245696" lon="86.7518"><ele>2725</ele></trkpt>
      <trkpt lat="43.245758" lon="86.751905"><ele>2723</ele></trkpt>
      <trkpt lat="43.246208" lon="86.752114"><ele>2719</ele></trkpt>
      <trkpt lat="43.246513" lon="86.752177"><ele>2710</ele></trkpt>
      <trkpt lat="43.246735" lon="86.752412"><ele>2704</ele></trkpt>
      <trkpt lat="43.246826" lon="86.752422"><ele>2702</ele></trkpt>
      <trkpt lat="43.246882" lon="86.752524"><ele>2697</ele></trkpt>
      <trkpt lat="43.247078" lon="86.75251"><ele>2693</ele></trkpt>
      <trkpt lat="43.24717" lon="86.752566"><ele>2690</ele></trkpt>
      <trkpt lat="43.24722" lon="86.75267"><ele>2688</ele></trkpt>
      <trkpt lat="43.247174" lon="86.753039"><ele>2682</ele></trkpt>
      <trkpt lat="43.247502" lon="86.753287"><ele>2677</ele></trkpt>
      <trkpt lat="43.247598" lon="86.753314"><ele>2678</ele></trkpt>
      <trkpt lat="43.247658" lon="86.753416"><ele>2677</ele></trkpt>
      <trkpt lat="43.247941" lon="86.753586"><ele>2676</ele></trkpt>
      <trkpt lat="43.248172" lon="86.753824"><ele>2671</ele></trkpt>
      <trkpt lat="43.248257" lon="86.753875"><ele>2670</ele></trkpt>
      <trkpt lat="43.248628" lon="86.753827"><ele>2675</ele></trkpt>
      <trkpt lat="43.24899" lon="86.753997"><ele>2671</ele></trkpt>
      <trkpt lat="43.249266" lon="86.75435"><ele>2671</ele></trkpt>
      <trkpt lat="43.249362" lon="86.754563"><ele>2672</ele></trkpt>
      <trkpt lat="43.249874" lon="86.754928"><ele>2658</ele></trkpt>
      <trkpt lat="43.25014" lon="86.755052"><ele>2651</ele></trkpt>
      <trkpt lat="43.250198" lon="86.75515"><ele>2650</ele></trkpt>
      <trkpt lat="43.250559" lon="86.755363"><ele>2650</ele></trkpt>
      <trkpt lat="43.25071" lon="86.755521"><ele>2645</ele></trkpt>
      <trkpt lat="43.250867" lon="86.755692"><ele>2645</ele></trkpt>
      <trkpt lat="43.250934" lon="86.755933"><ele>2644</ele></trkpt>
      <trkpt lat="43.251088" lon="86.756273"><ele>2642</ele></trkpt>
      <trkpt lat="43.251168" lon="86.756332"><ele>2639</ele></trkpt>
      <trkpt lat="43.251726" lon="86.756509"><ele>2628</ele></trkpt>
      <trkpt lat="43.252008" lon="86.756469"><ele>2628</ele></trkpt>
      <trkpt lat="43.252447" lon="86.756701"><ele>2624</ele></trkpt>
      <trkpt lat="43.25251" lon="86.756797"><ele>2625</ele></trkpt>
      <trkpt lat="43.25251" lon="86.756939"><ele>2623</ele></trkpt>
      <trkpt lat="43.252616" lon="86.757302"><ele>2622</ele></trkpt>
      <trkpt lat="43.252723" lon="86.757504"><ele>2617</ele></trkpt>
      <trkpt lat="43.252915" lon="86.757533"><ele>2614</ele></trkpt>
      <trkpt lat="43.253008" lon="86.7575"><ele>2612</ele></trkpt>
      <trkpt lat="43.253361" lon="86.757746"><ele>2610</ele></trkpt>
      <trkpt lat="43.253465" lon="86.757719"><ele>2610</ele></trkpt>
      <trkpt lat="43.253674" lon="86.757782"><ele>2615</ele></trkpt>
      <trkpt lat="43.253752" lon="86.757846"><ele>2615</ele></trkpt>
      <trkpt lat="43.253844" lon="86.757847"><ele>2615</ele></trkpt>
      <trkpt lat="43.254197" lon="86.758091"><ele>2613</ele></trkpt>
      <trkpt lat="43.254478" lon="86.758162"><ele>2608</ele></trkpt>
      <trkpt lat="43.254541" lon="86.758251"><ele>2605</ele></trkpt>
      <trkpt lat="43.254635" lon="86.758282"><ele>2602</ele></trkpt>
      <trkpt lat="43.254915" lon="86.758199"><ele>2604</ele></trkpt>
      <trkpt lat="43.255079" lon="86.758312"><ele>2608</ele></trkpt>
      <trkpt lat="43.25544" lon="86.758403"><ele>2612</ele></trkpt>
      <trkpt lat="43.255608" lon="86.758288"><ele>2614</ele></trkpt>
      <trkpt lat="43.25579" lon="86.758232"><ele>2617</ele></trkpt>
      <trkpt lat="43.255883" lon="86.758305"><ele>2619</ele></trkpt>
      <trkpt lat="43.256068" lon="86.758199"><ele>2616</ele></trkpt>
      <trkpt lat="43.256163" lon="86.75822"><ele>2614</ele></trkpt>
      <trkpt lat="43.256348" lon="86.758179"><ele>2610</ele></trkpt>
      <trkpt lat="43.256772" lon="86.758441"><ele>2609</ele></trkpt>
      <trkpt lat="43.256859" lon="86.758404"><ele>2609</ele></trkpt>
      <trkpt lat="43.257138" lon="86.758492"><ele>2612</ele></trkpt>
      <trkpt lat="43.2576" lon="86.758381"><ele>2607</ele></trkpt>
      <trkpt lat="43.257683" lon="86.758434"><ele>2605</ele></trkpt>
      <trkpt lat="43.257777" lon="86.758421"><ele>2605</ele></trkpt>
      <trkpt lat="43.258437" lon="86.758618"><ele>2592</ele></trkpt>
      <trkpt lat="43.259107" lon="86.758631"><ele>2576</ele></trkpt>
      <trkpt lat="43.259193" lon="86.758691"><ele>2575</ele></trkpt>
      <trkpt lat="43.259878" lon="86.758789"><ele>2557</ele></trkpt>
      <trkpt lat="43.260149" lon="86.758673"><ele>2551</ele></trkpt>
      <trkpt lat="43.260219" lon="86.758753"><ele>2547</ele></trkpt>
      <trkpt lat="43.26032" lon="86.758701"><ele>2543</ele></trkpt>
      <trkpt lat="43.26041" lon="86.758754"><ele>2540</ele></trkpt>
      <trkpt lat="43.26071" lon="86.758691"><ele>2532</ele></trkpt>
      <trkpt lat="43.261033" lon="86.758428"><ele>2523</ele></trkpt>
      <trkpt lat="43.261128" lon="86.758407"><ele>2520</ele></trkpt>
      <trkpt lat="43.261435" lon="86.758115"><ele>2509</ele></trkpt>
      <trkpt lat="43.26164" lon="86.758078"><ele>2508</ele></trkpt>
      <trkpt lat="43.261721" lon="86.758134"><ele>2510</ele></trkpt>
      <trkpt lat="43.261911" lon="86.758074"><ele>2507</ele></trkpt>
      <trkpt lat="43.261982" lon="86.758166"><ele>2505</ele></trkpt>
      <trkpt lat="43.262266" lon="86.757855"><ele>2498</ele></trkpt>
      <trkpt lat="43.262472" lon="86.757819"><ele>2496</ele></trkpt>
      <trkpt lat="43.26255" lon="86.757743"><ele>2494</ele></trkpt>
      <trkpt lat="43.262647" lon="86.757732"><ele>2493</ele></trkpt>
      <trkpt lat="43.262809" lon="86.757585"><ele>2491</ele></trkpt>
      <trkpt lat="43.263001" lon="86.757663"><ele>2489</ele></trkpt>
      <trkpt lat="43.263274" lon="86.757659"><ele>2489</ele></trkpt>
      <trkpt lat="43.263555" lon="86.757788"><ele>2487</ele></trkpt>
      <trkpt lat="43.263649" lon="86.757763"><ele>2484</ele></trkpt>
      <trkpt lat="43.263726" lon="86.757682"><ele>2485</ele></trkpt>
      <trkpt lat="43.263894" lon="86.757824"><ele>2491</ele></trkpt>
      <trkpt lat="43.264466" lon="86.757874"><ele>2492</ele></trkpt>
      <trkpt lat="43.264841" lon="86.757719"><ele>2496</ele></trkpt>
      <trkpt lat="43.264899" lon="86.757608"><ele>2494</ele></trkpt>
      <trkpt lat="43.265143" lon="86.757406"><ele>2496</ele></trkpt>
      <trkpt lat="43.265166" lon="86.757281"><ele>2493</ele></trkpt>
      <trkpt lat="43.265258" lon="86.75725"><ele>2488</ele></trkpt>
      <trkpt lat="43.26555" lon="86.757285"><ele>2476</ele></trkpt>
      <trkpt lat="43.265613" lon="86.757169"><ele>2468</ele></trkpt>
      <trkpt lat="43.265505" lon="86.757193"><ele>2463</ele></trkpt>
      <trkpt lat="43.265822" lon="86.757191"><ele>2465</ele></trkpt>
      <trkpt lat="43.265856" lon="86.757312"><ele>2485</ele></trkpt>
      <trkpt lat="43.265763" lon="86.75734"><ele>2479</ele></trkpt>
      <trkpt lat="43.265969" lon="86.75737"><ele>2471</ele></trkpt>
      <trkpt lat="43.266007" lon="86.757485"><ele>2470</ele></trkpt>
      <trkpt lat="43.266216" lon="86.757495"><ele>2466</ele></trkpt>
      <trkpt lat="43.26628" lon="86.757603"><ele>2465</ele></trkpt>
      <trkpt lat="43.266342" lon="86.757508"><ele>2463</ele></trkpt>
      <trkpt lat="43.266444" lon="86.757521"><ele>2462</ele></trkpt>
      <trkpt lat="43.26655" lon="86.757741"><ele>2458</ele></trkpt>
      <trkpt lat="43.266743" lon="86.757785"><ele>2457</ele></trkpt>
      <trkpt lat="43.266816" lon="86.757863"><ele>2459</ele></trkpt>
      <trkpt lat="43.266862" lon="86.757995"><ele>2462</ele></trkpt>
      <trkpt lat="43.267024" lon="86.758119"><ele>2462</ele></trkpt>
      <trkpt lat="43.267079" lon="86.758371"><ele>2462</ele></trkpt>
      <trkpt lat="43.267218" lon="86.758533"><ele>2466</ele></trkpt>
      <trkpt lat="43.267397" lon="86.758649"><ele>2464</ele></trkpt>
      <trkpt lat="43.267785" lon="86.758772"><ele>2463</ele></trkpt>
      <trkpt lat="43.267979" lon="86.758758"><ele>2462</ele></trkpt>
      <trkpt lat="43.268171" lon="86.75883"><ele>2461</ele></trkpt>
      <trkpt lat="43.268444" lon="86.758738"><ele>2456</ele></trkpt>
      <trkpt lat="43.268822" lon="86.758825"><ele>2453</ele></trkpt>
      <trkpt lat="43.268891" lon="86.758952"><ele>2451</ele></trkpt>
      <trkpt lat="43.269271" lon="86.759061"><ele>2445</ele></trkpt>
      <trkpt lat="43.269782" lon="86.759436"><ele>2447</ele></trkpt>
      <trkpt lat="43.269877" lon="86.759443"><ele>2443</ele></trkpt>
      <trkpt lat="43.26995" lon="86.759532"><ele>2440</ele></trkpt>
      <trkpt lat="43.270235" lon="86.759491"><ele>2436</ele></trkpt>
      <trkpt lat="43.270275" lon="86.759613"><ele>2430</ele></trkpt>
      <trkpt lat="43.270273" lon="86.75974"><ele>2428</ele></trkpt>
      <trkpt lat="43.270336" lon="86.759864"><ele>2425</ele></trkpt>
      <trkpt lat="43.270429" lon="86.759875"><ele>2421</ele></trkpt>
      <trkpt lat="43.270481" lon="86.759983"><ele>2421</ele></trkpt>
      <trkpt lat="43.270581" lon="86.760038"><ele>2419</ele></trkpt>
      <trkpt lat="43.270863" lon="86.760049"><ele>2417</ele></trkpt>
      <trkpt lat="43.270964" lon="86.760014"><ele>2414</ele></trkpt>
      <trkpt lat="43.271242" lon="86.760065"><ele>2412</ele></trkpt>
      <trkpt lat="43.271325" lon="86.759993"><ele>2411</ele></trkpt>
      <trkpt lat="43.27162" lon="86.76003"><ele>2408</ele></trkpt>
      <trkpt lat="43.271816" lon="86.759985"><ele>2399</ele></trkpt>
      <trkpt lat="43.272092" lon="86.760067"><ele>2395</ele></trkpt>
      <trkpt lat="43.272229" lon="86.760229"><ele>2397</ele></trkpt>
      <trkpt lat="43.27242" lon="86.760194"><ele>2392</ele></trkpt>
      <trkpt lat="43.272898" lon="86.760315"><ele>2384</ele></trkpt>
      <trkpt lat="43.272971" lon="86.760404"><ele>2381</ele></trkpt>
      <trkpt lat="43.273167" lon="86.760463"><ele>2377</ele></trkpt>
      <trkpt lat="43.273342" lon="86.760599"><ele>2374</ele></trkpt>
      <trkpt lat="43.273635" lon="86.760564"><ele>2364</ele></trkpt>
      <trkpt lat="43.273929" lon="86.76044"><ele>2361</ele></trkpt>
      <trkpt lat="43.27401" lon="86.760361"><ele>2359</ele></trkpt>
      <trkpt lat="43.274113" lon="86.760385"><ele>2359</ele></trkpt>
      <trkpt lat="43.274376" lon="86.76017"><ele>2357</ele></trkpt>
      <trkpt lat="43.274574" lon="86.760109"><ele>2351</ele></trkpt>
      <trkpt lat="43.274682" lon="86.760149"><ele>2350</ele></trkpt>
      <trkpt lat="43.274773" lon="86.760112"><ele>2350</ele></trkpt>
      <trkpt lat="43.274856" lon="86.760169"><ele>2351</ele></trkpt>
      <trkpt lat="43.275222" lon="86.760078"><ele>2350</ele></trkpt>
      <trkpt lat="43.275406" lon="86.760134"><ele>2347</ele></trkpt>
      <trkpt lat="43.275463" lon="86.760237"><ele>2347</ele></trkpt>
      <trkpt lat="43.275556" lon="86.760181"><ele>2348</ele></trkpt>
      <trkpt lat="43.275761" lon="86.760215"><ele>2344</ele></trkpt>
      <trkpt lat="43.275838" lon="86.760285"><ele>2339</ele></trkpt>
      <trkpt lat="43.276029" lon="86.760257"><ele>2341</ele></trkpt>
      <trkpt lat="43.276284" lon="86.760468"><ele>2345</ele></trkpt>
      <trkpt lat="43.27636" lon="86.760394"><ele>2346</ele></trkpt>
      <trkpt lat="43.276558" lon="86.760331"><ele>2343</ele></trkpt>
      <trkpt lat="43.276864" lon="86.760349"><ele>2338</ele></trkpt>
      <trkpt lat="43.276972" lon="86.760422"><ele>2335</ele></trkpt>
      <trkpt lat="43.276926" lon="86.760535"><ele>2331</ele></trkpt>
      <trkpt lat="43.277019" lon="86.760594"><ele>2315</ele></trkpt>
      <trkpt lat="43.277084" lon="86.760455"><ele>2313</ele></trkpt>
      <trkpt lat="43.277267" lon="86.760511"><ele>2313</ele></trkpt>
      <trkpt lat="43.27723" lon="86.760661"><ele>2310</ele></trkpt>
      <trkpt lat="43.277318" lon="86.760601"><ele>2304</ele></trkpt>
      <trkpt lat="43.277396" lon="86.76067"><ele>2301</ele></trkpt>
      <trkpt lat="43.277424" lon="86.760803"><ele>2299</ele></trkpt>
      <trkpt lat="43.277382" lon="86.760933"><ele>2301</ele></trkpt>
      <trkpt lat="43.277276" lon="86.760993"><ele>2289</ele></trkpt>
      <trkpt lat="43.277119" lon="86.761166"><ele>2291</ele></trkpt>
      <trkpt lat="43.27703" lon="86.761087"><ele>2298</ele></trkpt>
      <trkpt lat="43.276977" lon="86.761188"><ele>2306</ele></trkpt>
      <trkpt lat="43.277029" lon="86.761066"><ele>2306</ele></trkpt>
      <trkpt lat="43.277119" lon="86.76103"><ele>2304</ele></trkpt>
      <trkpt lat="43.27721" lon="86.760917"><ele>2303</ele></trkpt>
      <trkpt lat="43.277432" lon="86.760869"><ele>2302</ele></trkpt>
      <trkpt lat="43.277343" lon="86.760822"><ele>2304</ele></trkpt>
      <trkpt lat="43.277544" lon="86.760806"><ele>2306</ele></trkpt>
      <trkpt lat="43.277648" lon="86.760751"><ele>2309</ele></trkpt>
      <trkpt lat="43.277552" lon="86.760772"><ele>2309</ele></trkpt>
      <trkpt lat="43.277657" lon="86.760701"><ele>2307</ele></trkpt>
      <trkpt lat="43.277843" lon="86.760731"><ele>2301</ele></trkpt>
      <trkpt lat="43.277923" lon="86.760826"><ele>2299</ele></trkpt>
      <trkpt lat="43.278107" lon="86.760773"><ele>2289</ele></trkpt>
      <trkpt lat="43.277987" lon="86.760838"><ele>2288</ele></trkpt>
      <trkpt lat="43.27809" lon="86.76114"><ele>2343</ele></trkpt>
      <trkpt lat="43.278072" lon="86.761266"><ele>2348</ele></trkpt>
      <trkpt lat="43.278061" lon="86.761119"><ele>2358</ele></trkpt>
      <trkpt lat="43.278139" lon="86.761397"><ele>2387</ele></trkpt>
      <trkpt lat="43.278104" lon="86.761416"><ele>2393</ele></trkpt>
      <trkpt lat="43.278139" lon="86.761247"><ele>2393</ele></trkpt>
      <trkpt lat="43.278214" lon="86.761322"><ele>2391</ele></trkpt>
      <trkpt lat="43.278129" lon="86.761387"><ele>2390</ele></trkpt>
      <trkpt lat="43.278228" lon="86.761358"><ele>2392</ele></trkpt>
      <trkpt lat="43.278223" lon="86.761616"><ele>2390</ele></trkpt>
      <trkpt lat="43.278104" lon="86.7618"><ele>2384</ele></trkpt>
      <trkpt lat="43.277938" lon="86.761584"><ele>2384</ele></trkpt>
      <trkpt lat="43.278036" lon="86.761523"><ele>2384</ele></trkpt>
      <trkpt lat="43.278204" lon="86.761667"><ele>2392</ele></trkpt>
      <trkpt lat="43.278135" lon="86.761939"><ele>2393</ele></trkpt>
      <trkpt lat="43.278044" lon="86.761693"><ele>2394</ele></trkpt>
      <trkpt lat="43.27814" lon="86.761201"><ele>2410</ele></trkpt>
      <trkpt lat="43.278338" lon="86.761668"><ele>2397</ele></trkpt>
      <trkpt lat="43.278521" lon="86.761714"><ele>2397</ele></trkpt>
      <trkpt lat="43.278611" lon="86.761678"><ele>2396</ele></trkpt>
      <trkpt lat="43.278842" lon="86.761406"><ele>2395</ele></trkpt>
      <trkpt lat="43.279204" lon="86.761349"><ele>2400</ele></trkpt>
      <trkpt lat="43.279446" lon="86.761141"><ele>2393</ele></trkpt>
      <trkpt lat="43.279553" lon="86.761172"><ele>2396</ele></trkpt>
      <trkpt lat="43.279639" lon="86.761098"><ele>2400</ele></trkpt>
      <trkpt lat="43.27986" lon="86.761072"><ele>2401</ele></trkpt>
      <trkpt lat="43.280233" lon="86.761212"><ele>2389</ele></trkpt>
      <trkpt lat="43.280615" lon="86.761213"><ele>2382</ele></trkpt>
      <trkpt lat="43.280713" lon="86.761156"><ele>2385</ele></trkpt>
      <trkpt lat="43.280897" lon="86.761234"><ele>2376</ele></trkpt>
      <trkpt lat="43.280997" lon="86.761208"><ele>2379</ele></trkpt>
      <trkpt lat="43.281096" lon="86.761102"><ele>2378</ele></trkpt>
      <trkpt lat="43.281378" lon="86.76118"><ele>2371</ele></trkpt>
      <trkpt lat="43.281752" lon="86.761219"><ele>2371</ele></trkpt>
      <trkpt lat="43.28199" lon="86.761425"><ele>2360</ele></trkpt>
      <trkpt lat="43.282575" lon="86.761552"><ele>2345</ele></trkpt>
      <trkpt lat="43.282656" lon="86.761493"><ele>2344</ele></trkpt>
      <trkpt lat="43.282655" lon="86.761637"><ele>2337</ele></trkpt>
      <trkpt lat="43.282784" lon="86.761409"><ele>2321</ele></trkpt>
      <trkpt lat="43.282809" lon="86.761283"><ele>2318</ele></trkpt>
      <trkpt lat="43.282914" lon="86.761259"><ele>2318</ele></trkpt>
      <trkpt lat="43.282996" lon="86.761151"><ele>2317</ele></trkpt>
      <trkpt lat="43.283071" lon="86.761251"><ele>2313</ele></trkpt>
      <trkpt lat="43.283138" lon="86.761158"><ele>2309</ele></trkpt>
      <trkpt lat="43.283249" lon="86.761176"><ele>2305</ele></trkpt>
      <trkpt lat="43.283432" lon="86.761082"><ele>2303</ele></trkpt>
      <trkpt lat="43.283694" lon="86.761282"><ele>2289</ele></trkpt>
      <trkpt lat="43.283762" lon="86.761568"><ele>2309</ele></trkpt>
      <trkpt lat="43.283559" lon="86.761257"><ele>2299</ele></trkpt>
      <trkpt lat="43.283484" lon="86.761328"><ele>2298</ele></trkpt>
      <trkpt lat="43.283456" lon="86.76145"><ele>2283</ele></trkpt>
      <trkpt lat="43.283545" lon="86.761488"><ele>2287</ele></trkpt>
      <trkpt lat="43.283638" lon="86.761448"><ele>2276</ele></trkpt>
      <trkpt lat="43.283277" lon="86.761295"><ele>2265</ele></trkpt>
      <trkpt lat="43.283179" lon="86.761291"><ele>2263</ele></trkpt>
      <trkpt lat="43.283091" lon="86.761232"><ele>2260</ele></trkpt>
      <trkpt lat="43.283029" lon="86.761127"><ele>2262</ele></trkpt>
      <trkpt lat="43.282936" lon="86.76114"><ele>2263</ele></trkpt>
      <trkpt lat="43.283001" lon="86.761054"><ele>2272</ele></trkpt>
      <trkpt lat="43.282913" lon="86.760831"><ele>2271</ele></trkpt>
      <trkpt lat="43.282917" lon="86.760701"><ele>2275</ele></trkpt>
      <trkpt lat="43.2833" lon="86.760675"><ele>2284</ele></trkpt>
      <trkpt lat="43.28348" lon="86.760759"><ele>2284</ele></trkpt>
      <trkpt lat="43.283582" lon="86.760719"><ele>2288</ele></trkpt>
      <trkpt lat="43.284144" lon="86.760864"><ele>2291</ele></trkpt>
      <trkpt lat="43.284229" lon="86.760936"><ele>2291</ele></trkpt>
      <trkpt lat="43.284327" lon="86.760934"><ele>2293</ele></trkpt>
      <trkpt lat="43.284389" lon="86.760837"><ele>2291</ele></trkpt>
      <trkpt lat="43.284409" lon="86.76096"><ele>2292</ele></trkpt>
      <trkpt lat="43.284319" lon="86.760931"><ele>2285</ele></trkpt>
      <trkpt lat="43.284256" lon="86.76083"><ele>2280</ele></trkpt>
      <trkpt lat="43.284345" lon="86.760799"><ele>2283</ele></trkpt>
      <trkpt lat="43.284249" lon="86.760814"><ele>2276</ele></trkpt>
      <trkpt lat="43.284218" lon="86.760931"><ele>2279</ele></trkpt>
      <trkpt lat="43.284235" lon="86.760803"><ele>2274</ele></trkpt>
      <trkpt lat="43.28431" lon="86.760886"><ele>2280</ele></trkpt>
      <trkpt lat="43.284225" lon="86.760937"><ele>2279</ele></trkpt>
      <trkpt lat="43.28422" lon="86.760751"><ele>2287</ele></trkpt>
      <trkpt lat="43.284343" lon="86.760728"><ele>2286</ele></trkpt>
      <trkpt lat="43.284309" lon="86.760858"><ele>2291</ele></trkpt>
      <trkpt lat="43.28421" lon="86.760838"><ele>2287</ele></trkpt>
      <trkpt lat="43.284201" lon="86.760962"><ele>2274</ele></trkpt>
      <trkpt lat="43.284104" lon="86.760996"><ele>2265</ele></trkpt>
      <trkpt lat="43.284156" lon="86.760873"><ele>2268</ele></trkpt>
      <trkpt lat="43.284262" lon="86.760822"><ele>2267</ele></trkpt>
      <trkpt lat="43.284062" lon="86.761148"><ele>2261</ele></trkpt>
      <trkpt lat="43.284138" lon="86.76107"><ele>2262</ele></trkpt>
      <trkpt lat="43.284168" lon="86.761187"><ele>2265</ele></trkpt>
      <trkpt lat="43.284154" lon="86.761047"><ele>2268</ele></trkpt>
      <trkpt lat="43.284196" lon="86.760936"><ele>2273</ele></trkpt>
      <trkpt lat="43.284288" lon="86.760913"><ele>2272</ele></trkpt>
      <trkpt lat="43.28432" lon="86.760761"><ele>2277</ele></trkpt>
    </trkseg>
    <trkseg>
      <trkpt lat="43.182607" lon="86.488997"><ele>3380</ele></trkpt>
      <trkpt lat="43.182895" lon="86.489005"><ele>3378</ele></trkpt>
      <trkpt lat="43.183071" lon="86.488914"><ele>3375</ele></trkpt>
      <trkpt lat="43.183263" lon="86.488895"><ele>3371</ele></trkpt>
      <trkpt lat="43.183387" lon="86.489069"><ele>3366</ele></trkpt>
      <trkpt lat="43.183562" lon="86.489178"><ele>3360</ele></trkpt>
      <trkpt lat="43.184133" lon="86.489284"><ele>3343</ele></trkpt>
      <trkpt lat="43.18447" lon="86.489525"><ele>3338</ele></trkpt>
      <trkpt lat="43.184608" lon="86.489709"><ele>3333</ele></trkpt>
      <trkpt lat="43.184708" lon="86.489705"><ele>3331</ele></trkpt>
      <trkpt lat="43.185273" lon="86.490178"><ele>3321</ele></trkpt>
      <trkpt lat="43.185711" lon="86.490463"><ele>3311</ele></trkpt>
      <trkpt lat="43.185848" lon="86.490628"><ele>3306</ele></trkpt>
      <trkpt lat="43.186298" lon="86.490924"><ele>3301</ele></trkpt>
      <trkpt lat="43.186513" lon="86.491171"><ele>3298</ele></trkpt>
      <trkpt lat="43.186696" lon="86.491215"><ele>3293</ele></trkpt>
      <trkpt lat="43.18671" lon="86.49134"><ele>3295</ele></trkpt>
      <trkpt lat="43.186847" lon="86.491546"><ele>3291</ele></trkpt>
      <trkpt lat="43.187113" lon="86.492098"><ele>3279</ele></trkpt>
      <trkpt lat="43.187192" lon="86.492331"><ele>3275</ele></trkpt>
      <trkpt lat="43.18738" lon="86.492668"><ele>3267</ele></trkpt>
      <trkpt lat="43.187618" lon="86.493821"><ele>3255</ele></trkpt>
      <trkpt lat="43.188058" lon="86.494875"><ele>3242</ele></trkpt>
      <trkpt lat="43.188973" lon="86.496405"><ele>3202</ele></trkpt>
      <trkpt lat="43.189609" lon="86.496973"><ele>3187</ele></trkpt>
      <trkpt lat="43.189885" lon="86.497351"><ele>3179</ele></trkpt>
      <trkpt lat="43.190067" lon="86.497821"><ele>3166</ele></trkpt>
      <trkpt lat="43.190227" lon="86.497969"><ele>3163</ele></trkpt>
      <trkpt lat="43.190394" lon="86.498299"><ele>3157</ele></trkpt>
      <trkpt lat="43.19059" lon="86.49889"><ele>3145</ele></trkpt>
      <trkpt lat="43.190665" lon="86.498965"><ele>3140</ele></trkpt>
      <trkpt lat="43.190739" lon="86.49921"><ele>3138</ele></trkpt>
      <trkpt lat="43.190853" lon="86.499419"><ele>3139</ele></trkpt>
      <trkpt lat="43.191087" lon="86.499679"><ele>3138</ele></trkpt>
      <trkpt lat="43.191412" lon="86.500173"><ele>3133</ele></trkpt>
      <trkpt lat="43.191734" lon="86.500466"><ele>3127</ele></trkpt>
      <trkpt lat="43.191925" lon="86.500758"><ele>3122</ele></trkpt>
      <trkpt lat="43.19233" lon="86.501107"><ele>3116</ele></trkpt>
      <trkpt lat="43.192671" lon="86.501536"><ele>3114</ele></trkpt>
      <trkpt lat="43.19287" lon="86.501963"><ele>3108</ele></trkpt>
      <trkpt lat="43.193011" lon="86.502123"><ele>3109</ele></trkpt>
      <trkpt lat="43.193179" lon="86.502434"><ele>3108</ele></trkpt>
      <trkpt lat="43.193486" lon="86.502735"><ele>3101</ele></trkpt>
      <trkpt lat="43.193665" lon="86.50304"><ele>3099</ele></trkpt>
      <trkpt lat="43.193818" lon="86.50321"><ele>3099</ele></trkpt>
      <trkpt lat="43.193981" lon="86.503527"><ele>3101</ele></trkpt>
      <trkpt lat="43.194262" lon="86.503907"><ele>3094</ele></trkpt>
      <trkpt lat="43.194386" lon="86.504125"><ele>3089</ele></trkpt>
      <trkpt lat="43.194462" lon="86.504348"><ele>3090</ele></trkpt>
      <trkpt lat="43.194605" lon="86.504531"><ele>3086</ele></trkpt>
      <trkpt lat="43.194789" lon="86.504611"><ele>3081</ele></trkpt>
      <trkpt lat="43.194879" lon="86.504592"><ele>3077</ele></trkpt>
      <trkpt lat="43.194944" lon="86.504679"><ele>3076</ele></trkpt>
      <trkpt lat="43.194998" lon="86.504786"><ele>3075</ele></trkpt>
      <trkpt lat="43.195005" lon="86.505179"><ele>3061</ele></trkpt>
      <trkpt lat="43.195046" lon="86.505297"><ele>3059</ele></trkpt>
      <trkpt lat="43.195178" lon="86.505485"><ele>3059</ele></trkpt>
      <trkpt lat="43.195192" lon="86.505615"><ele>3055</ele></trkpt>
      <trkpt lat="43.195286" lon="86.505835"><ele>3053</ele></trkpt>
      <trkpt lat="43.195421" lon="86.506006"><ele>3049</ele></trkpt>
      <trkpt lat="43.195747" lon="86.506298"><ele>3043</ele></trkpt>
      <trkpt lat="43.195875" lon="86.506489"><ele>3040</ele></trkpt>
      <trkpt lat="43.196213" lon="86.506786"><ele>3030</ele></trkpt>
      <trkpt lat="43.196286" lon="86.507036"><ele>3024</ele></trkpt>
      <trkpt lat="43.196264" lon="86.507162"><ele>3022</ele></trkpt>
      <trkpt lat="43.196408" lon="86.507325"><ele>3018</ele></trkpt>
      <trkpt lat="43.196506" lon="86.507538"><ele>3015</ele></trkpt>
      <trkpt lat="43.196445" lon="86.507779"><ele>3008</ele></trkpt>
      <trkpt lat="43.19648" lon="86.507904"><ele>3002</ele></trkpt>
      <trkpt lat="43.196441" lon="86.508029"><ele>2998</ele></trkpt>
      <trkpt lat="43.196444" lon="86.508153"><ele>2997</ele></trkpt>
      <trkpt lat="43.196547" lon="86.508379"><ele>2990</ele></trkpt>
      <trkpt lat="43.196627" lon="86.508449"><ele>2985</ele></trkpt>
      <trkpt lat="43.196664" lon="86.508572"><ele>2981</ele></trkpt>
      <trkpt lat="43.19663" lon="86.508691"><ele>2977</ele></trkpt>
      <trkpt lat="43.19672" lon="86.508921"><ele>2981</ele></trkpt>
      <trkpt lat="43.196814" lon="86.508906"><ele>2965</ele></trkpt>
      <trkpt lat="43.197166" lon="86.509141"><ele>2955</ele></trkpt>
      <trkpt lat="43.197545" lon="86.509252"><ele>2953</ele></trkpt>
      <trkpt lat="43.197736" lon="86.509244"><ele>2955</ele></trkpt>
      <trkpt lat="43.19783" lon="86.509197"><ele>2954</ele></trkpt>
      <trkpt lat="43.198216" lon="86.509222"><ele>2953</ele></trkpt>
      <trkpt lat="43.198299" lon="86.509171"><ele>2951</ele></trkpt>
      <trkpt lat="43.198345" lon="86.509047"><ele>2949</ele></trkpt>
      <trkpt lat="43.198435" lon="86.508986"><ele>2950</ele></trkpt>
      <trkpt lat="43.19873" lon="86.509065"><ele>2938</ele></trkpt>
      <trkpt lat="43.198829" lon="86.509041"><ele>2931</ele></trkpt>
      <trkpt lat="43.198876" lon="86.509148"><ele>2933</ele></trkpt>
      <trkpt lat="43.199054" lon="86.509243"><ele>2931</ele></trkpt>
      <trkpt lat="43.199205" lon="86.509401"><ele>2931</ele></trkpt>
      <trkpt lat="43.199182" lon="86.509531"><ele>2931</ele></trkpt>
      <trkpt lat="43.199272" lon="86.509547"><ele>2928</ele></trkpt>
      <trkpt lat="43.199364" lon="86.509484"><ele>2931</ele></trkpt>
      <trkpt lat="43.199539" lon="86.509578"><ele>2925</ele></trkpt>
      <trkpt lat="43.199632" lon="86.509571"><ele>2920</ele></trkpt>
      <trkpt lat="43.199694" lon="86.509672"><ele>2913</ele></trkpt>
      <trkpt lat="43.199882" lon="86.509726"><ele>2906</ele></trkpt>
      <trkpt lat="43.199917" lon="86.50985"><ele>2902</ele></trkpt>
      <trkpt lat="43.200004" lon="86.509894"><ele>2907</ele></trkpt>
      <trkpt lat="43.200015" lon="86.51003"><ele>2901</ele></trkpt>
      <trkpt lat="43.200354" lon="86.510254"><ele>2882</ele></trkpt>
      <trkpt lat="43.200481" lon="86.510449"><ele>2877</ele></trkpt>
      <trkpt lat="43.200575" lon="86.510426"><ele>2877</ele></trkpt>
      <trkpt lat="43.200731" lon="86.510584"><ele>2877</ele></trkpt>
      <trkpt lat="43.200827" lon="86.51061"><ele>2876</ele></trkpt>
      <trkpt lat="43.200778" lon="86.510726"><ele>2878</ele></trkpt>
      <trkpt lat="43.200878" lon="86.510737"><ele>2874</ele></trkpt>
      <trkpt lat="43.20076" lon="86.510956"><ele>2871</ele></trkpt>
      <trkpt lat="43.200822" lon="86.511053"><ele>2867</ele></trkpt>
      <trkpt lat="43.201029" lon="86.511083"><ele>2862</ele></trkpt>
      <trkpt lat="43.20149" lon="86.511276"><ele>2858</ele></trkpt>
      <trkpt lat="43.201776" lon="86.511212"><ele>2848</ele></trkpt>
      <trkpt lat="43.202075" lon="86.511528"><ele>2841</ele></trkpt>
      <trkpt lat="43.20213" lon="86.511771"><ele>2831</ele></trkpt>
      <trkpt lat="43.202207" lon="86.511852"><ele>2829</ele></trkpt>
      <trkpt lat="43.203319" lon="86.512279"><ele>2805</ele></trkpt>
      <trkpt lat="43.203398" lon="86.512348"><ele>2808</ele></trkpt>
      <trkpt lat="43.203492" lon="86.512316"><ele>2804</ele></trkpt>
      <trkpt lat="43.203509" lon="86.51245"><ele>2798</ele></trkpt>
      <trkpt lat="43.203591" lon="86.512521"><ele>2796</ele></trkpt>
      <trkpt lat="43.203706" lon="86.512748"><ele>2787</ele></trkpt>
      <trkpt lat="43.203796" lon="86.512819"><ele>2786</ele></trkpt>
      <trkpt lat="43.203837" lon="86.512946"><ele>2785</ele></trkpt>
      <trkpt lat="43.20412" lon="86.513008"><ele>2778</ele></trkpt>
      <trkpt lat="43.204169" lon="86.512903"><ele>2773</ele></trkpt>
      <trkpt lat="43.204266" lon="86.512929"><ele>2762</ele></trkpt>
      <trkpt lat="43.204333" lon="86.513024"><ele>2760</ele></trkpt>
      <trkpt lat="43.204527" lon="86.512951"><ele>2750</ele></trkpt>
      <trkpt lat="43.204612" lon="86.51302"><ele>2746</ele></trkpt>
      <trkpt lat="43.204632" lon="86.51288"><ele>2746</ele></trkpt>
      <trkpt lat="43.204547" lon="86.512837"><ele>2735</ele></trkpt>
      <trkpt lat="43.204578" lon="86.51271"><ele>2734</ele></trkpt>
      <trkpt lat="43.204763" lon="86.512654"><ele>2731</ele></trkpt>
      <trkpt lat="43.204941" lon="86.512755"><ele>2730</ele></trkpt>
      <trkpt lat="43.204984" lon="86.512871"><ele>2732</ele></trkpt>
      <trkpt lat="43.205282" lon="86.512821"><ele>2725</ele></trkpt>
      <trkpt lat="43.205335" lon="86.512925"><ele>2726</ele></trkpt>
      <trkpt lat="43.205425" lon="86.51296"><ele>2724</ele></trkpt>
      <trkpt lat="43.205512" lon="86.512903"><ele>2723</ele></trkpt>
      <trkpt lat="43.205582" lon="86.512994"><ele>2720</ele></trkpt>
      <trkpt lat="43.20586" lon="86.513136"><ele>2711</ele></trkpt>
      <trkpt lat="43.206074" lon="86.513044"><ele>2701</ele></trkpt>
      <trkpt lat="43.206169" lon="86.513072"><ele>2696</ele></trkpt>
      <trkpt lat="43.206316" lon="86.513221"><ele>2693</ele></trkpt>
      <trkpt lat="43.206411" lon="86.513191"><ele>2690</ele></trkpt>
      <trkpt lat="43.206567" lon="86.513322"><ele>2682</ele></trkpt>
      <trkpt lat="43.206671" lon="86.513327"><ele>2681</ele></trkpt>
      <trkpt lat="43.206835" lon="86.513479"><ele>2679</ele></trkpt>
      <trkpt lat="43.206927" lon="86.51346"><ele>2681</ele></trkpt>
      <trkpt lat="43.207021" lon="86.513501"><ele>2683</ele></trkpt>
      <trkpt lat="43.207196" lon="86.513632"><ele>2679</ele></trkpt>
      <trkpt lat="43.207242" lon="86.513741"><ele>2677</ele></trkpt>
      <trkpt lat="43.20733" lon="86.513805"><ele>2675</ele></trkpt>
      <trkpt lat="43.207525" lon="86.513845"><ele>2669</ele></trkpt>
      <trkpt lat="43.207568" lon="86.513963"><ele>2667</ele></trkpt>
      <trkpt lat="43.207804" lon="86.514186"><ele>2664</ele></trkpt>
      <trkpt lat="43.207904" lon="86.514207"><ele>2664</ele></trkpt>
      <trkpt lat="43.207959" lon="86.514323"><ele>2662</ele></trkpt>
      <trkpt lat="43.20805" lon="86.514311"><ele>2658</ele></trkpt>
      <trkpt lat="43.208133" lon="86.514401"><ele>2651</ele></trkpt>
      <trkpt lat="43.208718" lon="86.514623"><ele>2637</ele></trkpt>
      <trkpt lat="43.208794" lon="86.514704"><ele>2638</ele></trkpt>
      <trkpt lat="43.209097" lon="86.514728"><ele>2632</ele></trkpt>
      <trkpt lat="43.20928" lon="86.514667"><ele>2625</ele></trkpt>
      <trkpt lat="43.209962" lon="86.514838"><ele>2611</ele></trkpt>
      <trkpt lat="43.210178" lon="86.515077"><ele>2605</ele></trkpt>
      <trkpt lat="43.210301" lon="86.515417"><ele>2597</ele></trkpt>
      <trkpt lat="43.210651" lon="86.51565"><ele>2588</ele></trkpt>
      <trkpt lat="43.210829" lon="86.515961"><ele>2582</ele></trkpt>
      <trkpt lat="43.210905" lon="86.516351"><ele>2578</ele></trkpt>
      <trkpt lat="43.211064" lon="86.516679"><ele>2571</ele></trkpt>
      <trkpt lat="43.211086" lon="86.516801"><ele>2567</ele></trkpt>
      <trkpt lat="43.211039" lon="86.516924"><ele>2565</ele></trkpt>
      <trkpt lat="43.210953" lon="86.516984"><ele>2565</ele></trkpt>
      <trkpt lat="43.210956" lon="86.517117"><ele>2565</ele></trkpt>
      <trkpt lat="43.21104" lon="86.517182"><ele>2564</ele></trkpt>
      <trkpt lat="43.211094" lon="86.517282"><ele>2563</ele></trkpt>
      <trkpt lat="43.211102" lon="86.517412"><ele>2568</ele></trkpt>
      <trkpt lat="43.211179" lon="86.517482"><ele>2563</ele></trkpt>
      <trkpt lat="43.211183" lon="86.517743"><ele>2564</ele></trkpt>
      <trkpt lat="43.21126" lon="86.517988"><ele>2561</ele></trkpt>
      <trkpt lat="43.21127" lon="86.518136"><ele>2558</ele></trkpt>
      <trkpt lat="43.211368" lon="86.51837"><ele>2564</ele></trkpt>
      <trkpt lat="43.211441" lon="86.518451"><ele>2563</ele></trkpt>
      <trkpt lat="43.211449" lon="86.518576"><ele>2561</ele></trkpt>
      <trkpt lat="43.211395" lon="86.518825"><ele>2548</ele></trkpt>
      <trkpt lat="43.211644" lon="86.519248"><ele>2540</ele></trkpt>
      <trkpt lat="43.211706" lon="86.519488"><ele>2528</ele></trkpt>
      <trkpt lat="43.211679" lon="86.519607"><ele>2527</ele></trkpt>
      <trkpt lat="43.211685" lon="86.519984"><ele>2511</ele></trkpt>
      <trkpt lat="43.211562" lon="86.52033"><ele>2518</ele></trkpt>
      <trkpt lat="43.211569" lon="86.520459"><ele>2516</ele></trkpt>
      <trkpt lat="43.211357" lon="86.520884"><ele>2510</ele></trkpt>
      <trkpt lat="43.211386" lon="86.521149"><ele>2512</ele></trkpt>
      <trkpt lat="43.211302" lon="86.521661"><ele>2510</ele></trkpt>
      <trkpt lat="43.211361" lon="86.521778"><ele>2510</ele></trkpt>
      <trkpt lat="43.211442" lon="86.521832"><ele>2509</ele></trkpt>
      <trkpt lat="43.211337" lon="86.522052"><ele>2510</ele></trkpt>
      <trkpt lat="43.211377" lon="86.522469"><ele>2510</ele></trkpt>
      <trkpt lat="43.211578" lon="86.522772"><ele>2503</ele></trkpt>
      <trkpt lat="43.211751" lon="86.523235"><ele>2488</ele></trkpt>
      <trkpt lat="43.211769" lon="86.523624"><ele>2488</ele></trkpt>
      <trkpt lat="43.211853" lon="86.523876"><ele>2491</ele></trkpt>
      <trkpt lat="43.21189" lon="86.524384"><ele>2496</ele></trkpt>
      <trkpt lat="43.211948" lon="86.524496"><ele>2492</ele></trkpt>
      <trkpt lat="43.212047" lon="86.524889"><ele>2494</ele></trkpt>
      <trkpt lat="43.211999" lon="86.524995"><ele>2491</ele></trkpt>
      <trkpt lat="43.21206" lon="86.525099"><ele>2491</ele></trkpt>
      <trkpt lat="43.212049" lon="86.525228"><ele>2488</ele></trkpt>
      <trkpt lat="43.212097" lon="86.525343"><ele>2485</ele></trkpt>
      <trkpt lat="43.21197" lon="86.525546"><ele>2483</ele></trkpt>
      <trkpt lat="43.21201" lon="86.525656"><ele>2490</ele></trkpt>
      <trkpt lat="43.212152" lon="86.525837"><ele>2491</ele></trkpt>
      <trkpt lat="43.212243" lon="86.526476"><ele>2487</ele></trkpt>
      <trkpt lat="43.212192" lon="86.526722"><ele>2486</ele></trkpt>
      <trkpt lat="43.212089" lon="86.526776"><ele>2485</ele></trkpt>
      <trkpt lat="43.21214" lon="86.527034"><ele>2483</ele></trkpt>
      <trkpt lat="43.212265" lon="86.527237"><ele>2480</ele></trkpt>
      <trkpt lat="43.212275" lon="86.527489"><ele>2477</ele></trkpt>
      <trkpt lat="43.212346" lon="86.527573"><ele>2473</ele></trkpt>
      <trkpt lat="43.212369" lon="86.527694"><ele>2472</ele></trkpt>
      <trkpt lat="43.212568" lon="86.527986"><ele>2470</ele></trkpt>
      <trkpt lat="43.212735" lon="86.528142"><ele>2461</ele></trkpt>
      <trkpt lat="43.212783" lon="86.528258"><ele>2455</ele></trkpt>
      <trkpt lat="43.21288" lon="86.528297"><ele>2457</ele></trkpt>
      <trkpt lat="43.213036" lon="86.528463"><ele>2454</ele></trkpt>
      <trkpt lat="43.212967" lon="86.528703"><ele>2460</ele></trkpt>
      <trkpt lat="43.212885" lon="86.528774"><ele>2462</ele></trkpt>
      <trkpt lat="43.212867" lon="86.528898"><ele>2464</ele></trkpt>
      <trkpt lat="43.213022" lon="86.529066"><ele>2467</ele></trkpt>
      <trkpt lat="43.213084" lon="86.529308"><ele>2468</ele></trkpt>
      <trkpt lat="43.213155" lon="86.529409"><ele>2470</ele></trkpt>
      <trkpt lat="43.213201" lon="86.529938"><ele>2469</ele></trkpt>
      <trkpt lat="43.213107" lon="86.530456"><ele>2463</ele></trkpt>
      <trkpt lat="43.213032" lon="86.530698"><ele>2465</ele></trkpt>
      <trkpt lat="43.213117" lon="86.53147"><ele>2459</ele></trkpt>
      <trkpt lat="43.213063" lon="86.532366"><ele>2462</ele></trkpt>
      <trkpt lat="43.213141" lon="86.532612"><ele>2461</ele></trkpt>
      <trkpt lat="43.213046" lon="86.532692"><ele>2456</ele></trkpt>
      <trkpt lat="43.213112" lon="86.53294"><ele>2454</ele></trkpt>
      <trkpt lat="43.213209" lon="86.533013"><ele>2452</ele></trkpt>
      <trkpt lat="43.21341" lon="86.533298"><ele>2448</ele></trkpt>
      <trkpt lat="43.213472" lon="86.533403"><ele>2447</ele></trkpt>
      <trkpt lat="43.213482" lon="86.533537"><ele>2445</ele></trkpt>
      <trkpt lat="43.213681" lon="86.533581"><ele>2446</ele></trkpt>
      <trkpt lat="43.213719" lon="86.533693"><ele>2441</ele></trkpt>
      <trkpt lat="43.213895" lon="86.533818"><ele>2438</ele></trkpt>
      <trkpt lat="43.213944" lon="86.533928"><ele>2438</ele></trkpt>
      <trkpt lat="43.214039" lon="86.53397"><ele>2439</ele></trkpt>
      <trkpt lat="43.214267" lon="86.534189"><ele>2437</ele></trkpt>
      <trkpt lat="43.214317" lon="86.534298"><ele>2439</ele></trkpt>
      <trkpt lat="43.214303" lon="86.534433"><ele>2441</ele></trkpt>
      <trkpt lat="43.214336" lon="86.534565"><ele>2438</ele></trkpt>
      <trkpt lat="43.214263" lon="86.534658"><ele>2438</ele></trkpt>
      <trkpt lat="43.214247" lon="86.534904"><ele>2441</ele></trkpt>
      <trkpt lat="43.214282" lon="86.535146"><ele>2439</ele></trkpt>
      <trkpt lat="43.214389" lon="86.535357"><ele>2439</ele></trkpt>
      <trkpt lat="43.214508" lon="86.535367"><ele>2439</ele></trkpt>
      <trkpt lat="43.214597" lon="86.535435"><ele>2429</ele></trkpt>
      <trkpt lat="43.214662" lon="86.535548"><ele>2426</ele></trkpt>
      <trkpt lat="43.21475" lon="86.535606"><ele>2427</ele></trkpt>
      <trkpt lat="43.214806" lon="86.535725"><ele>2431</ele></trkpt>
      <trkpt lat="43.214998" lon="86.535833"><ele>2426</ele></trkpt>
      <trkpt lat="43.215101" lon="86.536191"><ele>2422</ele></trkpt>
      <trkpt lat="43.215269" lon="86.536307"><ele>2418</ele></trkpt>
      <trkpt lat="43.215385" lon="86.536511"><ele>2415</ele></trkpt>
      <trkpt lat="43.215568" lon="86.536644"><ele>2415</ele></trkpt>
      <trkpt lat="43.215614" lon="86.53676"><ele>2416</ele></trkpt>
      <trkpt lat="43.2157" lon="86.536835"><ele>2417</ele></trkpt>
      <trkpt lat="43.2157" lon="86.53697"><ele>2421</ele></trkpt>
      <trkpt lat="43.215782" lon="86.537039"><ele>2423</ele></trkpt>
      <trkpt lat="43.215825" lon="86.537157"><ele>2422</ele></trkpt>
      <trkpt lat="43.215765" lon="86.537262"><ele>2424</ele></trkpt>
      <trkpt lat="43.215789" lon="86.537388"><ele>2419</ele></trkpt>
      <trkpt lat="43.215859" lon="86.537479"><ele>2413</ele></trkpt>
      <trkpt lat="43.215877" lon="86.537603"><ele>2414</ele></trkpt>
      <trkpt lat="43.216062" lon="86.537904"><ele>2420</ele></trkpt>
      <trkpt lat="43.216199" lon="86.538395"><ele>2420</ele></trkpt>
      <trkpt lat="43.216308" lon="86.538615"><ele>2419</ele></trkpt>
      <trkpt lat="43.216316" lon="86.538747"><ele>2419</ele></trkpt>
      <trkpt lat="43.216365" lon="86.538872"><ele>2416</ele></trkpt>
      <trkpt lat="43.216531" lon="86.539022"><ele>2413</ele></trkpt>
      <trkpt lat="43.216534" lon="86.53931"><ele>2418</ele></trkpt>
      <trkpt lat="43.216591" lon="86.539405"><ele>2415</ele></trkpt>
      <trkpt lat="43.216885" lon="86.539764"><ele>2409</ele></trkpt>
      <trkpt lat="43.217348" lon="86.540196"><ele>2398</ele></trkpt>
      <trkpt lat="43.217703" lon="86.540399"><ele>2397</ele></trkpt>
      <trkpt lat="43.21793" lon="86.540622"><ele>2394</ele></trkpt>
      <trkpt lat="43.217997" lon="86.54072"><ele>2397</ele></trkpt>
      <trkpt lat="43.218009" lon="86.540844"><ele>2395</ele></trkpt>
      <trkpt lat="43.218069" lon="86.540953"><ele>2379</ele></trkpt>
      <trkpt lat="43.218058" lon="86.541209"><ele>2392</ele></trkpt>
      <trkpt lat="43.217881" lon="86.541137"><ele>2384</ele></trkpt>
      <trkpt lat="43.217806" lon="86.541047"><ele>2383</ele></trkpt>
      <trkpt lat="43.217842" lon="86.54088"><ele>2380</ele></trkpt>
      <trkpt lat="43.2178" lon="86.54076"><ele>2412</ele></trkpt>
      <trkpt lat="43.217887" lon="86.540808"><ele>2393</ele></trkpt>
      <trkpt lat="43.217948" lon="86.540717"><ele>2393</ele></trkpt>
      <trkpt lat="43.218012" lon="86.54081"><ele>2388</ele></trkpt>
      <trkpt lat="43.218103" lon="86.54081"><ele>2378</ele></trkpt>
      <trkpt lat="43.218262" lon="86.540956"><ele>2382</ele></trkpt>
      <trkpt lat="43.218439" lon="86.541027"><ele>2384</ele></trkpt>
      <trkpt lat="43.218536" lon="86.541008"><ele>2379</ele></trkpt>
      <trkpt lat="43.218805" lon="86.541137"><ele>2375</ele></trkpt>
      <trkpt lat="43.218809" lon="86.541272"><ele>2379</ele></trkpt>
      <trkpt lat="43.218965" lon="86.541429"><ele>2376</ele></trkpt>
      <trkpt lat="43.21907" lon="86.54145"><ele>2371</ele></trkpt>
      <trkpt lat="43.219418" lon="86.541763"><ele>2366</ele></trkpt>
      <trkpt lat="43.219623" lon="86.541784"><ele>2353</ele></trkpt>
      <trkpt lat="43.219704" lon="86.541844"><ele>2361</ele></trkpt>
      <trkpt lat="43.219749" lon="86.541957"><ele>2367</ele></trkpt>
      <trkpt lat="43.219738" lon="86.542084"><ele>2371</ele></trkpt>
      <trkpt lat="43.219822" lon="86.542133"><ele>2366</ele></trkpt>
      <trkpt lat="43.21999" lon="86.542446"><ele>2370</ele></trkpt>
      <trkpt lat="43.2201" lon="86.542793"><ele>2368</ele></trkpt>
      <trkpt lat="43.220314" lon="86.54307"><ele>2364</ele></trkpt>
      <trkpt lat="43.220408" lon="86.543067"><ele>2361</ele></trkpt>
      <trkpt lat="43.220574" lon="86.543534"><ele>2368</ele></trkpt>
      <trkpt lat="43.2209" lon="86.543992"><ele>2364</ele></trkpt>
      <trkpt lat="43.220958" lon="86.5441"><ele>2363</ele></trkpt>
      <trkpt lat="43.220979" lon="86.544232"><ele>2362</ele></trkpt>
      <trkpt lat="43.221053" lon="86.544301"><ele>2363</ele></trkpt>
      <trkpt lat="43.2211" lon="86.544415"><ele>2365</ele></trkpt>
      <trkpt lat="43.2211" lon="86.544552"><ele>2367</ele></trkpt>
      <trkpt lat="43.221253" lon="86.54472"><ele>2365</ele></trkpt>
      <trkpt lat="43.22137" lon="86.545084"><ele>2367</ele></trkpt>
      <trkpt lat="43.221215" lon="86.54525"><ele>2368</ele></trkpt>
      <trkpt lat="43.221303" lon="86.545203"><ele>2369</ele></trkpt>
      <trkpt lat="43.221474" lon="86.545356"><ele>2369</ele></trkpt>
      <trkpt lat="43.221751" lon="86.545392"><ele>2366</ele></trkpt>
      <trkpt lat="43.221803" lon="86.545499"><ele>2364</ele></trkpt>
      <trkpt lat="43.221812" lon="86.545624"><ele>2364</ele></trkpt>
      <trkpt lat="43.221811" lon="86.54576"><ele>2365</ele></trkpt>
      <trkpt lat="43.221771" lon="86.545873"><ele>2365</ele></trkpt>
      <trkpt lat="43.221778" lon="86.546136"><ele>2367</ele></trkpt>
      <trkpt lat="43.221819" lon="86.546258"><ele>2367</ele></trkpt>
      <trkpt lat="43.221823" lon="86.546652"><ele>2364</ele></trkpt>
      <trkpt lat="43.2219" lon="86.546759"><ele>2362</ele></trkpt>
      <trkpt lat="43.221928" lon="86.547013"><ele>2362</ele></trkpt>
      <trkpt lat="43.222072" lon="86.547186"><ele>2362</ele></trkpt>
      <trkpt lat="43.222111" lon="86.547299"><ele>2361</ele></trkpt>
      <trkpt lat="43.222113" lon="86.547423"><ele>2360</ele></trkpt>
      <trkpt lat="43.222059" lon="86.547523"><ele>2358</ele></trkpt>
      <trkpt lat="43.222386" lon="86.548006"><ele>2352</ele></trkpt>
      <trkpt lat="43.222453" lon="86.548258"><ele>2352</ele></trkpt>
      <trkpt lat="43.222642" lon="86.548566"><ele>2351</ele></trkpt>
      <trkpt lat="43.222935" lon="86.548577"><ele>2355</ele></trkpt>
      <trkpt lat="43.222908" lon="86.548698"><ele>2353</ele></trkpt>
      <trkpt lat="43.222919" lon="86.548965"><ele>2353</ele></trkpt>
      <trkpt lat="43.223022" lon="86.54933"><ele>2349</ele></trkpt>
      <trkpt lat="43.223199" lon="86.549626"><ele>2351</ele></trkpt>
      <trkpt lat="43.22323" lon="86.549886"><ele>2353</ele></trkpt>
      <trkpt lat="43.223214" lon="86.550007"><ele>2352</ele></trkpt>
      <trkpt lat="43.223262" lon="86.550262"><ele>2349</ele></trkpt>
      <trkpt lat="43.223443" lon="86.550572"><ele>2344</ele></trkpt>
      <trkpt lat="43.223533" lon="86.550597"><ele>2343</ele></trkpt>
      <trkpt lat="43.22361" lon="86.550681"><ele>2343</ele></trkpt>
      <trkpt lat="43.223645" lon="86.550964"><ele>2340</ele></trkpt>
      <trkpt lat="43.223705" lon="86.551072"><ele>2339</ele></trkpt>
      <trkpt lat="43.223854" lon="86.551235"><ele>2340</ele></trkpt>
      <trkpt lat="43.224057" lon="86.551284"><ele>2341</ele></trkpt>
      <trkpt lat="43.224121" lon="86.5514"><ele>2339</ele></trkpt>
      <trkpt lat="43.224343" lon="86.55226"><ele>2333</ele></trkpt>
      <trkpt lat="43.224449" lon="86.552475"><ele>2333</ele></trkpt>
      <trkpt lat="43.224448" lon="86.552602"><ele>2334</ele></trkpt>
      <trkpt lat="43.22462" lon="86.553047"><ele>2328</ele></trkpt>
      <trkpt lat="43.224616" lon="86.553171"><ele>2324</ele></trkpt>
      <trkpt lat="43.224518" lon="86.553405"><ele>2332</ele></trkpt>
      <trkpt lat="43.224518" lon="86.553279"><ele>2328</ele></trkpt>
      <trkpt lat="43.224415" lon="86.55351"><ele>2331</ele></trkpt>
      <trkpt lat="43.224145" lon="86.553643"><ele>2332</ele></trkpt>
      <trkpt lat="43.224126" lon="86.553768"><ele>2333</ele></trkpt>
      <trkpt lat="43.223968" lon="86.553885"><ele>2336</ele></trkpt>
      <trkpt lat="43.22379" lon="86.553828"><ele>2337</ele></trkpt>
      <trkpt lat="43.223731" lon="86.553929"><ele>2338</ele></trkpt>
      <trkpt lat="43.223321" lon="86.553866"><ele>2341</ele></trkpt>
      <trkpt lat="43.223049" lon="86.553596"><ele>2346</ele></trkpt>
      <trkpt lat="43.222731" lon="86.553359"><ele>2348</ele></trkpt>
      <trkpt lat="43.222456" lon="86.553506"><ele>2350</ele></trkpt>
      <trkpt lat="43.222302" lon="86.554154"><ele>2354</ele></trkpt>
      <trkpt lat="43.222025" lon="86.554232"><ele>2360</ele></trkpt>
      <trkpt lat="43.221981" lon="86.554603"><ele>2361</ele></trkpt>
      <trkpt lat="43.221923" lon="86.5547"><ele>2361</ele></trkpt>
      <trkpt lat="43.221799" lon="86.554706"><ele>2359</ele></trkpt>
      <trkpt lat="43.222536" lon="86.55592"><ele>2376</ele></trkpt>
      <trkpt lat="43.222719" lon="86.556505"><ele>2386</ele></trkpt>
      <trkpt lat="43.222773" lon="86.556814"><ele>2390</ele></trkpt>
      <trkpt lat="43.222767" lon="86.557226"><ele>2395</ele></trkpt>
      <trkpt lat="43.222624" lon="86.557747"><ele>2407</ele></trkpt>
      <trkpt lat="43.222313" lon="86.557975"><ele>2421</ele></trkpt>
      <trkpt lat="43.222182" lon="86.558172"><ele>2427</ele></trkpt>
      <trkpt lat="43.221984" lon="86.558197"><ele>2437</ele></trkpt>
      <trkpt lat="43.221604" lon="86.558384"><ele>2446</ele></trkpt>
      <trkpt lat="43.221419" lon="86.559319"><ele>2443</ele></trkpt>
      <trkpt lat="43.221237" lon="86.559744"><ele>2449</ele></trkpt>
      <trkpt lat="43.221254" lon="86.55988"><ele>2451</ele></trkpt>
      <trkpt lat="43.221322" lon="86.56002"><ele>2450</ele></trkpt>
      <trkpt lat="43.221278" lon="86.560145"><ele>2451</ele></trkpt>
      <trkpt lat="43.221246" lon="86.560499"><ele>2450</ele></trkpt>
      <trkpt lat="43.221354" lon="86.560728"><ele>2452</ele></trkpt>
      <trkpt lat="43.221302" lon="86.560834"><ele>2451</ele></trkpt>
      <trkpt lat="43.22137" lon="86.560922"><ele>2452</ele></trkpt>
      <trkpt lat="43.221218" lon="86.561523"><ele>2454</ele></trkpt>
      <trkpt lat="43.221256" lon="86.561646"><ele>2452</ele></trkpt>
      <trkpt lat="43.221429" lon="86.56146"><ele>2452</ele></trkpt>
      <trkpt lat="43.221474" lon="86.56118"><ele>2453</ele></trkpt>
      <trkpt lat="43.221352" lon="86.560581"><ele>2455</ele></trkpt>
      <trkpt lat="43.221388" lon="86.56045"><ele>2455</ele></trkpt>
      <trkpt lat="43.221399" lon="86.559926"><ele>2455</ele></trkpt>
      <trkpt lat="43.221173" lon="86.559644"><ele>2457</ele></trkpt>
      <trkpt lat="43.221227" lon="86.559515"><ele>2456</ele></trkpt>
      <trkpt lat="43.221464" lon="86.559582"><ele>2457</ele></trkpt>
      <trkpt lat="43.221993" lon="86.559928"><ele>2456</ele></trkpt>
      <trkpt lat="43.221886" lon="86.559977"><ele>2455</ele></trkpt>
      <trkpt lat="43.221411" lon="86.559896"><ele>2454</ele></trkpt>
      <trkpt lat="43.221314" lon="86.560596"><ele>2492</ele></trkpt>
      <trkpt lat="43.221416" lon="86.560837"><ele>2503</ele></trkpt>
      <trkpt lat="43.221645" lon="86.561194"><ele>2500</ele></trkpt>
      <trkpt lat="43.221856" lon="86.561357"><ele>2504</ele></trkpt>
      <trkpt lat="43.221918" lon="86.561699"><ele>2541</ele></trkpt>
      <trkpt lat="43.221926" lon="86.562019"><ele>2543</ele></trkpt>
      <trkpt lat="43.222172" lon="86.562184"><ele>2546</ele></trkpt>
      <trkpt lat="43.221477" lon="86.562362"><ele>2545</ele></trkpt>
      <trkpt lat="43.221626" lon="86.562633"><ele>2545</ele></trkpt>
      <trkpt lat="43.221532" lon="86.562662"><ele>2546</ele></trkpt>
      <trkpt lat="43.221451" lon="86.562595"><ele>2544</ele></trkpt>
      <trkpt lat="43.221526" lon="86.56269"><ele>2542</ele></trkpt>
      <trkpt lat="43.221226" lon="86.562541"><ele>2525</ele></trkpt>
      <trkpt lat="43.221185" lon="86.562658"><ele>2520</ele></trkpt>
      <trkpt lat="43.221222" lon="86.562906"><ele>2521</ele></trkpt>
      <trkpt lat="43.221304" lon="86.563136"><ele>2521</ele></trkpt>
      <trkpt lat="43.221408" lon="86.563216"><ele>2520</ele></trkpt>
      <trkpt lat="43.221323" lon="86.563449"><ele>2519</ele></trkpt>
      <trkpt lat="43.221372" lon="86.563553"><ele>2520</ele></trkpt>
      <trkpt lat="43.221283" lon="86.563628"><ele>2519</ele></trkpt>
      <trkpt lat="43.221266" lon="86.563883"><ele>2518</ele></trkpt>
      <trkpt lat="43.221396" lon="86.56424"><ele>2519</ele></trkpt>
      <trkpt lat="43.221363" lon="86.564492"><ele>2517</ele></trkpt>
      <trkpt lat="43.221442" lon="86.564741"><ele>2517</ele></trkpt>
      <trkpt lat="43.221594" lon="86.56499"><ele>2518</ele></trkpt>
      <trkpt lat="43.221514" lon="86.565221"><ele>2520</ele></trkpt>
      <trkpt lat="43.221626" lon="86.565527"><ele>2517</ele></trkpt>
      <trkpt lat="43.221955" lon="86.565913"><ele>2491</ele></trkpt>
      <trkpt lat="43.222244" lon="86.566454"><ele>2454</ele></trkpt>
      <trkpt lat="43.222277" lon="86.566576"><ele>2448</ele></trkpt>
      <trkpt lat="43.222526" lon="86.566827"><ele>2405</ele></trkpt>
      <trkpt lat="43.222522" lon="86.566959"><ele>2401</ele></trkpt>
      <trkpt lat="43.222583" lon="86.567213"><ele>2392</ele></trkpt>
      <trkpt lat="43.222747" lon="86.567552"><ele>2377</ele></trkpt>
      <trkpt lat="43.222748" lon="86.568193"><ele>2355</ele></trkpt>
      <trkpt lat="43.222675" lon="86.568291"><ele>2358</ele></trkpt>
      <trkpt lat="43.222656" lon="86.568544"><ele>2355</ele></trkpt>
      <trkpt lat="43.222714" lon="86.568653"><ele>2356</ele></trkpt>
      <trkpt lat="43.222708" lon="86.568781"><ele>2359</ele></trkpt>
      <trkpt lat="43.222775" lon="86.569033"><ele>2363</ele></trkpt>
      <trkpt lat="43.222774" lon="86.569157"><ele>2364</ele></trkpt>
      <trkpt lat="43.222662" lon="86.569507"><ele>2362</ele></trkpt>
      <trkpt lat="43.222542" lon="86.569709"><ele>2362</ele></trkpt>
      <trkpt lat="43.222541" lon="86.569833"><ele>2362</ele></trkpt>
      <trkpt lat="43.22247" lon="86.569917"><ele>2362</ele></trkpt>
      <trkpt lat="43.222437" lon="86.570175"><ele>2369</ele></trkpt>
      <trkpt lat="43.222353" lon="86.570269"><ele>2366</ele></trkpt>
      <trkpt lat="43.222122" lon="86.570708"><ele>2358</ele></trkpt>
      <trkpt lat="43.222138" lon="86.570975"><ele>2357</ele></trkpt>
      <trkpt lat="43.222057" lon="86.571346"><ele>2364</ele></trkpt>
      <trkpt lat="43.222084" lon="86.571593"><ele>2371</ele></trkpt>
      <trkpt lat="43.222001" lon="86.571705"><ele>2376</ele></trkpt>
      <trkpt lat="43.222063" lon="86.571798"><ele>2375</ele></trkpt>
      <trkpt lat="43.221978" lon="86.571843"><ele>2376</ele></trkpt>
      <trkpt lat="43.221906" lon="86.572098"><ele>2379</ele></trkpt>
      <trkpt lat="43.221913" lon="86.572222"><ele>2382</ele></trkpt>
      <trkpt lat="43.221804" lon="86.572433"><ele>2381</ele></trkpt>
      <trkpt lat="43.221788" lon="86.572571"><ele>2384</ele></trkpt>
      <trkpt lat="43.221792" lon="86.572697"><ele>2385</ele></trkpt>
      <trkpt lat="43.22189" lon="86.572918"><ele>2384</ele></trkpt>
      <trkpt lat="43.221831" lon="86.573285"><ele>2384</ele></trkpt>
      <trkpt lat="43.221897" lon="86.573536"><ele>2386</ele></trkpt>
      <trkpt lat="43.222054" lon="86.573734"><ele>2383</ele></trkpt>
      <trkpt lat="43.222028" lon="86.573855"><ele>2381</ele></trkpt>
      <trkpt lat="43.222082" lon="86.573972"><ele>2381</ele></trkpt>
      <trkpt lat="43.222013" lon="86.574222"><ele>2384</ele></trkpt>
      <trkpt lat="43.222089" lon="86.574457"><ele>2385</ele></trkpt>
      <trkpt lat="43.222027" lon="86.574724"><ele>2385</ele></trkpt>
      <trkpt lat="43.222051" lon="86.574854"><ele>2384</ele></trkpt>
      <trkpt lat="43.222114" lon="86.57495"><ele>2383</ele></trkpt>
      <trkpt lat="43.222133" lon="86.575209"><ele>2382</ele></trkpt>
      <trkpt lat="43.22209" lon="86.575591"><ele>2386</ele></trkpt>
      <trkpt lat="43.222114" lon="86.575711"><ele>2385</ele></trkpt>
      <trkpt lat="43.222039" lon="86.576085"><ele>2384</ele></trkpt>
      <trkpt lat="43.221716" lon="86.576572"><ele>2390</ele></trkpt>
      <trkpt lat="43.221667" lon="86.576677"><ele>2391</ele></trkpt>
      <trkpt lat="43.221673" lon="86.576812"><ele>2392</ele></trkpt>
      <trkpt lat="43.221592" lon="86.576897"><ele>2395</ele></trkpt>
      <trkpt lat="43.221409" lon="86.57694"><ele>2399</ele></trkpt>
      <trkpt lat="43.221355" lon="86.577043"><ele>2400</ele></trkpt>
      <trkpt lat="43.221258" lon="86.577082"><ele>2404</ele></trkpt>
      <trkpt lat="43.221125" lon="86.577272"><ele>2403</ele></trkpt>
      <trkpt lat="43.221056" lon="86.577523"><ele>2405</ele></trkpt>
      <trkpt lat="43.220967" lon="86.577573"><ele>2404</ele></trkpt>
      <trkpt lat="43.220964" lon="86.577704"><ele>2407</ele></trkpt>
      <trkpt lat="43.22083" lon="86.577882"><ele>2407</ele></trkpt>
      <trkpt lat="43.220874" lon="86.578121"><ele>2405</ele></trkpt>
      <trkpt lat="43.2208" lon="86.578222"><ele>2407</ele></trkpt>
      <trkpt lat="43.220871" lon="86.578468"><ele>2404</ele></trkpt>
      <trkpt lat="43.220849" lon="86.578604"><ele>2402</ele></trkpt>
      <trkpt lat="43.22073" lon="86.578795"><ele>2398</ele></trkpt>
      <trkpt lat="43.220694" lon="86.579056"><ele>2394</ele></trkpt>
      <trkpt lat="43.220429" lon="86.579434"><ele>2392</ele></trkpt>
      <trkpt lat="43.220405" lon="86.579555"><ele>2390</ele></trkpt>
      <trkpt lat="43.220224" lon="86.579702"><ele>2387</ele></trkpt>
      <trkpt lat="43.220006" lon="86.580133"><ele>2388</ele></trkpt>
      <trkpt lat="43.219913" lon="86.580175"><ele>2387</ele></trkpt>
      <trkpt lat="43.219821" lon="86.580391"><ele>2389</ele></trkpt>
      <trkpt lat="43.219684" lon="86.580585"><ele>2390</ele></trkpt>
      <trkpt lat="43.219514" lon="86.580703"><ele>2393</ele></trkpt>
      <trkpt lat="43.219397" lon="86.580906"><ele>2395</ele></trkpt>
      <trkpt lat="43.219208" lon="86.580939"><ele>2395</ele></trkpt>
      <trkpt lat="43.219037" lon="86.581068"><ele>2397</ele></trkpt>
      <trkpt lat="43.218857" lon="86.581042"><ele>2398</ele></trkpt>
      <trkpt lat="43.218769" lon="86.581093"><ele>2393</ele></trkpt>
      <trkpt lat="43.218615" lon="86.581454"><ele>2389</ele></trkpt>
      <trkpt lat="43.218413" lon="86.581441"><ele>2392</ele></trkpt>
      <trkpt lat="43.218327" lon="86.581534"><ele>2393</ele></trkpt>
      <trkpt lat="43.218242" lon="86.581781"><ele>2393</ele></trkpt>
      <trkpt lat="43.218113" lon="86.581958"><ele>2392</ele></trkpt>
      <trkpt lat="43.217986" lon="86.582311"><ele>2386</ele></trkpt>
      <trkpt lat="43.217973" lon="86.582448"><ele>2386</ele></trkpt>
      <trkpt lat="43.217869" lon="86.582678"><ele>2384</ele></trkpt>
      <trkpt lat="43.217719" lon="86.582845"><ele>2389</ele></trkpt>
      <trkpt lat="43.217793" lon="86.582772"><ele>2381</ele></trkpt>
      <trkpt lat="43.217601" lon="86.583059"><ele>2385</ele></trkpt>
      <trkpt lat="43.217493" lon="86.583571"><ele>2392</ele></trkpt>
      <trkpt lat="43.217441" lon="86.583673"><ele>2395</ele></trkpt>
      <trkpt lat="43.217443" lon="86.583834"><ele>2392</ele></trkpt>
      <trkpt lat="43.217226" lon="86.584102"><ele>2385</ele></trkpt>
      <trkpt lat="43.217208" lon="86.584225"><ele>2383</ele></trkpt>
      <trkpt lat="43.217285" lon="86.584491"><ele>2381</ele></trkpt>
      <trkpt lat="43.217187" lon="86.584981"><ele>2389</ele></trkpt>
      <trkpt lat="43.217243" lon="86.585253"><ele>2394</ele></trkpt>
      <trkpt lat="43.217127" lon="86.585469"><ele>2407</ele></trkpt>
      <trkpt lat="43.217159" lon="86.585588"><ele>2411</ele></trkpt>
      <trkpt lat="43.217115" lon="86.585699"><ele>2411</ele></trkpt>
      <trkpt lat="43.217054" lon="86.585801"><ele>2411</ele></trkpt>
      <trkpt lat="43.216963" lon="86.585857"><ele>2414</ele></trkpt>
      <trkpt lat="43.216824" lon="86.586208"><ele>2419</ele></trkpt>
      <trkpt lat="43.216733" lon="86.58627"><ele>2419</ele></trkpt>
      <trkpt lat="43.216715" lon="86.586393"><ele>2422</ele></trkpt>
      <trkpt lat="43.216547" lon="86.586523"><ele>2421</ele></trkpt>
      <trkpt lat="43.216424" lon="86.58671"><ele>2419</ele></trkpt>
      <trkpt lat="43.216019" lon="86.587078"><ele>2423</ele></trkpt>
      <trkpt lat="43.215655" lon="86.58772"><ele>2423</ele></trkpt>
      <trkpt lat="43.215369" lon="86.588077"><ele>2431</ele></trkpt>
      <trkpt lat="43.21527" lon="86.588293"><ele>2431</ele></trkpt>
      <trkpt lat="43.215091" lon="86.588418"><ele>2429</ele></trkpt>
      <trkpt lat="43.215061" lon="86.588555"><ele>2427</ele></trkpt>
      <trkpt lat="43.214973" lon="86.588528"><ele>2426</ele></trkpt>
      <trkpt lat="43.214891" lon="86.588594"><ele>2426</ele></trkpt>
      <trkpt lat="43.214815" lon="86.588679"><ele>2427</ele></trkpt>
      <trkpt lat="43.214782" lon="86.588797"><ele>2429</ele></trkpt>
      <trkpt lat="43.213934" lon="86.588979"><ele>2424</ele></trkpt>
      <trkpt lat="43.213851" lon="86.588916"><ele>2425</ele></trkpt>
      <trkpt lat="43.213391" lon="86.589092"><ele>2427</ele></trkpt>
      <trkpt lat="43.213289" lon="86.588875"><ele>2417</ele></trkpt>
      <trkpt lat="43.213224" lon="86.58897"><ele>2413</ele></trkpt>
      <trkpt lat="43.213139" lon="86.588928"><ele>2404</ele></trkpt>
      <trkpt lat="43.212846" lon="86.588978"><ele>2398</ele></trkpt>
      <trkpt lat="43.212674" lon="86.589064"><ele>2400</ele></trkpt>
      <trkpt lat="43.212591" lon="86.589019"><ele>2398</ele></trkpt>
      <trkpt lat="43.212229" lon="86.5892"><ele>2391</ele></trkpt>
      <trkpt lat="43.212128" lon="86.589182"><ele>2392</ele></trkpt>
      <trkpt lat="43.212041" lon="86.589241"><ele>2392</ele></trkpt>
      <trkpt lat="43.211826" lon="86.589513"><ele>2399</ele></trkpt>
      <trkpt lat="43.211444" lon="86.589622"><ele>2400</ele></trkpt>
      <trkpt lat="43.211347" lon="86.589566"><ele>2401</ele></trkpt>
      <trkpt lat="43.21121" lon="86.589363"><ele>2404</ele></trkpt>
      <trkpt lat="43.211177" lon="86.589478"><ele>2399</ele></trkpt>
      <trkpt lat="43.211006" lon="86.589567"><ele>2405</ele></trkpt>
      <trkpt lat="43.210818" lon="86.589861"><ele>2417</ele></trkpt>
      <trkpt lat="43.210743" lon="86.590111"><ele>2425</ele></trkpt>
      <trkpt lat="43.210815" lon="86.59036"><ele>2442</ele></trkpt>
      <trkpt lat="43.210681" lon="86.59057"><ele>2461</ele></trkpt>
      <trkpt lat="43.210596" lon="86.590428"><ele>2476</ele></trkpt>
      <trkpt lat="43.210757" lon="86.590616"><ele>2506</ele></trkpt>
      <trkpt lat="43.210634" lon="86.590541"><ele>2564</ele></trkpt>
      <trkpt lat="43.210719" lon="86.590479"><ele>2569</ele></trkpt>
      <trkpt lat="43.210652" lon="86.590627"><ele>2554</ele></trkpt>
      <trkpt lat="43.210779" lon="86.590516"><ele>2549</ele></trkpt>
      <trkpt lat="43.210681" lon="86.590547"><ele>2548</ele></trkpt>
      <trkpt lat="43.210624" lon="86.590808"><ele>2557</ele></trkpt>
      <trkpt lat="43.210735" lon="86.591002"><ele>2558</ele></trkpt>
      <trkpt lat="43.210753" lon="86.591126"><ele>2563</ele></trkpt>
      <trkpt lat="43.210633" lon="86.591143"><ele>2565</ele></trkpt>
      <trkpt lat="43.210456" lon="86.591054"><ele>2567</ele></trkpt>
      <trkpt lat="43.21022" lon="86.591259"><ele>2571</ele></trkpt>
      <trkpt lat="43.210089" lon="86.591652"><ele>2575</ele></trkpt>
      <trkpt lat="43.209942" lon="86.591901"><ele>2578</ele></trkpt>
      <trkpt lat="43.209502" lon="86.592227"><ele>2559</ele></trkpt>
      <trkpt lat="43.209447" lon="86.592332"><ele>2553</ele></trkpt>
      <trkpt lat="43.209166" lon="86.592234"><ele>2540</ele></trkpt>
      <trkpt lat="43.209" lon="86.592081"><ele>2531</ele></trkpt>
      <trkpt lat="43.208896" lon="86.592109"><ele>2528</ele></trkpt>
      <trkpt lat="43.20882" lon="86.592042"><ele>2523</ele></trkpt>
      <trkpt lat="43.208551" lon="86.591938"><ele>2503</ele></trkpt>
      <trkpt lat="43.208387" lon="86.591491"><ele>2503</ele></trkpt>
      <trkpt lat="43.208292" lon="86.591525"><ele>2493</ele></trkpt>
      <trkpt lat="43.208218" lon="86.59161"><ele>2488</ele></trkpt>
      <trkpt lat="43.208127" lon="86.591636"><ele>2485</ele></trkpt>
      <trkpt lat="43.208021" lon="86.591589"><ele>2489</ele></trkpt>
      <trkpt lat="43.20784" lon="86.591707"><ele>2500</ele></trkpt>
      <trkpt lat="43.207757" lon="86.591636"><ele>2500</ele></trkpt>
      <trkpt lat="43.207663" lon="86.591658"><ele>2501</ele></trkpt>
      <trkpt lat="43.20767" lon="86.591804"><ele>2501</ele></trkpt>
      <trkpt lat="43.20757" lon="86.592188"><ele>2495</ele></trkpt>
      <trkpt lat="43.207403" lon="86.592351"><ele>2493</ele></trkpt>
      <trkpt lat="43.207348" lon="86.592454"><ele>2491</ele></trkpt>
      <trkpt lat="43.207244" lon="86.592425"><ele>2491</ele></trkpt>
      <trkpt lat="43.207237" lon="86.592555"><ele>2491</ele></trkpt>
      <trkpt lat="43.20708" lon="86.592704"><ele>2484</ele></trkpt>
      <trkpt lat="43.206803" lon="86.592477"><ele>2495</ele></trkpt>
      <trkpt lat="43.206725" lon="86.592548"><ele>2498</ele></trkpt>
      <trkpt lat="43.206614" lon="86.592509"><ele>2502</ele></trkpt>
      <trkpt lat="43.206542" lon="86.592413"><ele>2508</ele></trkpt>
      <trkpt lat="43.206452" lon="86.592479"><ele>2510</ele></trkpt>
      <trkpt lat="43.206365" lon="86.592442"><ele>2516</ele></trkpt>
      <trkpt lat="43.206203" lon="86.592285"><ele>2534</ele></trkpt>
      <trkpt lat="43.205859" lon="86.591813"><ele>2568</ele></trkpt>
      <trkpt lat="43.205756" lon="86.591786"><ele>2571</ele></trkpt>
      <trkpt lat="43.205687" lon="86.591694"><ele>2572</ele></trkpt>
      <trkpt lat="43.205512" lon="86.59159"><ele>2577</ele></trkpt>
      <trkpt lat="43.205415" lon="86.591572"><ele>2578</ele></trkpt>
      <trkpt lat="43.205316" lon="86.591634"><ele>2577</ele></trkpt>
      <trkpt lat="43.205243" lon="86.591562"><ele>2556</ele></trkpt>
      <trkpt lat="43.204872" lon="86.591542"><ele>2542</ele></trkpt>
      <trkpt lat="43.20444" lon="86.591703"><ele>2523</ele></trkpt>
      <trkpt lat="43.204303" lon="86.591872"><ele>2486</ele></trkpt>
      <trkpt lat="43.204276" lon="86.591997"><ele>2484</ele></trkpt>
      <trkpt lat="43.20419" lon="86.592046"><ele>2483</ele></trkpt>
      <trkpt lat="43.203919" lon="86.592383"><ele>2483</ele></trkpt>
      <trkpt lat="43.203879" lon="86.592633"><ele>2474</ele></trkpt>
      <trkpt lat="43.203826" lon="86.592733"><ele>2472</ele></trkpt>
      <trkpt lat="43.203815" lon="86.593144"><ele>2463</ele></trkpt>
      <trkpt lat="43.203742" lon="86.593236"><ele>2461</ele></trkpt>
      <trkpt lat="43.203747" lon="86.593518"><ele>2465</ele></trkpt>
      <trkpt lat="43.203825" lon="86.593804"><ele>2462</ele></trkpt>
      <trkpt lat="43.203802" lon="86.59408"><ele>2460</ele></trkpt>
      <trkpt lat="43.203733" lon="86.594179"><ele>2459</ele></trkpt>
      <trkpt lat="43.203702" lon="86.594301"><ele>2463</ele></trkpt>
      <trkpt lat="43.203787" lon="86.5947"><ele>2457</ele></trkpt>
      <trkpt lat="43.203749" lon="86.594814"><ele>2454</ele></trkpt>
      <trkpt lat="43.20366" lon="86.594881"><ele>2459</ele></trkpt>
      <trkpt lat="43.203613" lon="86.59513"><ele>2457</ele></trkpt>
      <trkpt lat="43.203359" lon="86.595531"><ele>2475</ele></trkpt>
      <trkpt lat="43.203349" lon="86.595661"><ele>2476</ele></trkpt>
      <trkpt lat="43.203248" lon="86.5957"><ele>2480</ele></trkpt>
      <trkpt lat="43.203197" lon="86.595806"><ele>2485</ele></trkpt>
      <trkpt lat="43.203254" lon="86.596051"><ele>2480</ele></trkpt>
      <trkpt lat="43.203153" lon="86.596054"><ele>2488</ele></trkpt>
      <trkpt lat="43.203243" lon="86.596072"><ele>2496</ele></trkpt>
      <trkpt lat="43.203091" lon="86.59642"><ele>2506</ele></trkpt>
      <trkpt lat="43.202995" lon="86.596378"><ele>2504</ele></trkpt>
      <trkpt lat="43.202843" lon="86.596518"><ele>2502</ele></trkpt>
      <trkpt lat="43.202661" lon="86.596827"><ele>2504</ele></trkpt>
      <trkpt lat="43.202599" lon="86.597103"><ele>2502</ele></trkpt>
      <trkpt lat="43.20258" lon="86.597375"><ele>2497</ele></trkpt>
      <trkpt lat="43.202338" lon="86.598103"><ele>2502</ele></trkpt>
      <trkpt lat="43.202077" lon="86.598532"><ele>2503</ele></trkpt>
      <trkpt lat="43.201998" lon="86.598772"><ele>2501</ele></trkpt>
      <trkpt lat="43.201768" lon="86.599027"><ele>2505</ele></trkpt>
      <trkpt lat="43.201678" lon="86.599272"><ele>2505</ele></trkpt>
      <trkpt lat="43.201548" lon="86.599493"><ele>2502</ele></trkpt>
      <trkpt lat="43.201509" lon="86.599622"><ele>2498</ele></trkpt>
      <trkpt lat="43.201495" lon="86.600016"><ele>2503</ele></trkpt>
      <trkpt lat="43.201451" lon="86.600134"><ele>2504</ele></trkpt>
      <trkpt lat="43.201214" lon="86.600551"><ele>2508</ele></trkpt>
      <trkpt lat="43.20097" lon="86.600726"><ele>2512</ele></trkpt>
      <trkpt lat="43.20087" lon="86.600728"><ele>2509</ele></trkpt>
      <trkpt lat="43.200634" lon="86.60113"><ele>2508</ele></trkpt>
      <trkpt lat="43.200521" lon="86.601349"><ele>2509</ele></trkpt>
      <trkpt lat="43.20051" lon="86.601477"><ele>2509</ele></trkpt>
      <trkpt lat="43.200446" lon="86.601567"><ele>2509</ele></trkpt>
      <trkpt lat="43.200424" lon="86.601699"><ele>2513</ele></trkpt>
      <trkpt lat="43.200274" lon="86.602038"><ele>2512</ele></trkpt>
      <trkpt lat="43.200152" lon="86.602549"><ele>2518</ele></trkpt>
      <trkpt lat="43.199946" lon="86.602828"><ele>2520</ele></trkpt>
      <trkpt lat="43.199832" lon="86.603069"><ele>2521</ele></trkpt>
      <trkpt lat="43.199812" lon="86.603452"><ele>2515</ele></trkpt>
      <trkpt lat="43.19987" lon="86.603825"><ele>2511</ele></trkpt>
      <trkpt lat="43.199817" lon="86.604079"><ele>2507</ele></trkpt>
      <trkpt lat="43.199819" lon="86.604223"><ele>2506</ele></trkpt>
      <trkpt lat="43.199659" lon="86.604572"><ele>2504</ele></trkpt>
      <trkpt lat="43.199676" lon="86.604966"><ele>2506</ele></trkpt>
      <trkpt lat="43.199634" lon="86.605224"><ele>2504</ele></trkpt>
      <trkpt lat="43.19954" lon="86.6053"><ele>2504</ele></trkpt>
      <trkpt lat="43.199361" lon="86.605589"><ele>2511</ele></trkpt>
      <trkpt lat="43.199363" lon="86.605851"><ele>2509</ele></trkpt>
      <trkpt lat="43.19923" lon="86.606481"><ele>2517</ele></trkpt>
      <trkpt lat="43.19921" lon="86.606754"><ele>2520</ele></trkpt>
      <trkpt lat="43.199263" lon="86.606857"><ele>2524</ele></trkpt>
      <trkpt lat="43.199272" lon="86.607254"><ele>2531</ele></trkpt>
      <trkpt lat="43.199338" lon="86.607509"><ele>2528</ele></trkpt>
      <trkpt lat="43.199357" lon="86.60778"><ele>2531</ele></trkpt>
      <trkpt lat="43.199502" lon="86.608119"><ele>2530</ele></trkpt>
      <trkpt lat="43.199481" lon="86.608253"><ele>2527</ele></trkpt>
      <trkpt lat="43.199753" lon="86.608833"><ele>2499</ele></trkpt>
      <trkpt lat="43.199894" lon="86.609059"><ele>2485</ele></trkpt>
      <trkpt lat="43.199933" lon="86.609197"><ele>2480</ele></trkpt>
      <trkpt lat="43.199953" lon="86.609452"><ele>2479</ele></trkpt>
      <trkpt lat="43.200013" lon="86.609548"><ele>2476</ele></trkpt>
      <trkpt lat="43.200007" lon="86.609948"><ele>2478</ele></trkpt>
      <trkpt lat="43.199922" lon="86.61002"><ele>2481</ele></trkpt>
      <trkpt lat="43.199807" lon="86.610028"><ele>2486</ele></trkpt>
      <trkpt lat="43.199758" lon="86.610272"><ele>2501</ele></trkpt>
      <trkpt lat="43.199673" lon="86.610341"><ele>2508</ele></trkpt>
      <trkpt lat="43.199567" lon="86.610553"><ele>2527</ele></trkpt>
      <trkpt lat="43.199587" lon="86.61069"><ele>2525</ele></trkpt>
      <trkpt lat="43.199526" lon="86.610788"><ele>2531</ele></trkpt>
      <trkpt lat="43.199433" lon="86.61079"><ele>2526</ele></trkpt>
      <trkpt lat="43.199329" lon="86.610854"><ele>2528</ele></trkpt>
      <trkpt lat="43.199027" lon="86.610835"><ele>2541</ele></trkpt>
      <trkpt lat="43.198886" lon="86.611005"><ele>2543</ele></trkpt>
      <trkpt lat="43.198862" lon="86.611142"><ele>2536</ele></trkpt>
      <trkpt lat="43.198607" lon="86.61154"><ele>2524</ele></trkpt>
      <trkpt lat="43.198421" lon="86.61165"><ele>2518</ele></trkpt>
      <trkpt lat="43.198449" lon="86.611768"><ele>2516</ele></trkpt>
      <trkpt lat="43.198411" lon="86.611893"><ele>2512</ele></trkpt>
      <trkpt lat="43.198417" lon="86.612427"><ele>2502</ele></trkpt>
      <trkpt lat="43.198275" lon="86.612977"><ele>2486</ele></trkpt>
      <trkpt lat="43.198324" lon="86.613256"><ele>2485</ele></trkpt>
      <trkpt lat="43.198275" lon="86.613507"><ele>2492</ele></trkpt>
      <trkpt lat="43.198583" lon="86.61422"><ele>2523</ele></trkpt>
      <trkpt lat="43.198765" lon="86.614516"><ele>2523</ele></trkpt>
      <trkpt lat="43.198672" lon="86.614911"><ele>2541</ele></trkpt>
      <trkpt lat="43.19856" lon="86.615134"><ele>2553</ele></trkpt>
      <trkpt lat="43.198448" lon="86.615119"><ele>2556</ele></trkpt>
      <trkpt lat="43.198366" lon="86.615183"><ele>2557</ele></trkpt>
      <trkpt lat="43.197883" lon="86.615855"><ele>2571</ele></trkpt>
      <trkpt lat="43.197787" lon="86.616081"><ele>2568</ele></trkpt>
      <trkpt lat="43.197513" lon="86.616136"><ele>2575</ele></trkpt>
      <trkpt lat="43.197341" lon="86.616287"><ele>2582</ele></trkpt>
      <trkpt lat="43.197289" lon="86.616392"><ele>2584</ele></trkpt>
      <trkpt lat="43.19719" lon="86.616434"><ele>2587</ele></trkpt>
      <trkpt lat="43.197095" lon="86.616392"><ele>2588</ele></trkpt>
      <trkpt lat="43.196684" lon="86.616777"><ele>2595</ele></trkpt>
      <trkpt lat="43.196625" lon="86.616889"><ele>2596</ele></trkpt>
      <trkpt lat="43.196443" lon="86.61698"><ele>2596</ele></trkpt>
      <trkpt lat="43.196217" lon="86.61721"><ele>2595</ele></trkpt>
      <trkpt lat="43.196131" lon="86.617166"><ele>2594</ele></trkpt>
      <trkpt lat="43.196029" lon="86.617187"><ele>2596</ele></trkpt>
      <trkpt lat="43.195909" lon="86.617387"><ele>2598</ele></trkpt>
      <trkpt lat="43.195824" lon="86.617459"><ele>2596</ele></trkpt>
      <trkpt lat="43.195788" lon="86.617571"><ele>2598</ele></trkpt>
      <trkpt lat="43.195644" lon="86.617732"><ele>2597</ele></trkpt>
      <trkpt lat="43.195617" lon="86.617857"><ele>2596</ele></trkpt>
      <trkpt lat="43.195433" lon="86.618173"><ele>2589</ele></trkpt>
      <trkpt lat="43.19542" lon="86.6183"><ele>2589</ele></trkpt>
      <trkpt lat="43.195219" lon="86.618756"><ele>2587</ele></trkpt>
      <trkpt lat="43.195223" lon="86.619441"><ele>2581</ele></trkpt>
      <trkpt lat="43.194994" lon="86.620161"><ele>2597</ele></trkpt>
      <trkpt lat="43.195004" lon="86.620418"><ele>2591</ele></trkpt>
      <trkpt lat="43.19497" lon="86.620681"><ele>2583</ele></trkpt>
      <trkpt lat="43.195008" lon="86.621082"><ele>2584</ele></trkpt>
      <trkpt lat="43.194955" lon="86.621185"><ele>2582</ele></trkpt>
      <trkpt lat="43.195041" lon="86.621439"><ele>2581</ele></trkpt>
      <trkpt lat="43.195028" lon="86.621562"><ele>2583</ele></trkpt>
      <trkpt lat="43.194935" lon="86.621801"><ele>2584</ele></trkpt>
      <trkpt lat="43.194786" lon="86.622462"><ele>2593</ele></trkpt>
      <trkpt lat="43.194693" lon="86.622704"><ele>2596</ele></trkpt>
      <trkpt lat="43.194648" lon="86.623086"><ele>2597</ele></trkpt>
      <trkpt lat="43.19447" lon="86.623529"><ele>2602</ele></trkpt>
      <trkpt lat="43.194388" lon="86.623617"><ele>2606</ele></trkpt>
      <trkpt lat="43.194295" lon="86.623856"><ele>2608</ele></trkpt>
      <trkpt lat="43.194209" lon="86.623949"><ele>2610</ele></trkpt>
      <trkpt lat="43.194095" lon="86.624328"><ele>2602</ele></trkpt>
      <trkpt lat="43.193725" lon="86.624705"><ele>2606</ele></trkpt>
      <trkpt lat="43.193605" lon="86.624937"><ele>2606</ele></trkpt>
      <trkpt lat="43.193653" lon="86.625053"><ele>2602</ele></trkpt>
      <trkpt lat="43.193641" lon="86.625181"><ele>2597</ele></trkpt>
      <trkpt lat="43.193471" lon="86.625651"><ele>2603</ele></trkpt>
      <trkpt lat="43.19339" lon="86.625709"><ele>2603</ele></trkpt>
      <trkpt lat="43.193297" lon="86.625954"><ele>2607</ele></trkpt>
      <trkpt lat="43.192893" lon="86.626275"><ele>2626</ele></trkpt>
      <trkpt lat="43.192726" lon="86.626609"><ele>2629</ele></trkpt>
      <trkpt lat="43.192567" lon="86.626761"><ele>2623</ele></trkpt>
      <trkpt lat="43.19257" lon="86.626897"><ele>2619</ele></trkpt>
      <trkpt lat="43.192532" lon="86.627015"><ele>2614</ele></trkpt>
      <trkpt lat="43.192352" lon="86.627526"><ele>2613</ele></trkpt>
      <trkpt lat="43.192222" lon="86.627753"><ele>2616</ele></trkpt>
      <trkpt lat="43.192121" lon="86.628531"><ele>2609</ele></trkpt>
      <trkpt lat="43.192023" lon="86.628761"><ele>2612</ele></trkpt>
      <trkpt lat="43.191958" lon="86.629187"><ele>2612</ele></trkpt>
      <trkpt lat="43.191783" lon="86.629506"><ele>2614</ele></trkpt>
      <trkpt lat="43.191854" lon="86.6303"><ele>2604</ele></trkpt>
      <trkpt lat="43.191988" lon="86.630503"><ele>2605</ele></trkpt>
      <trkpt lat="43.191961" lon="86.630771"><ele>2606</ele></trkpt>
      <trkpt lat="43.191981" lon="86.631042"><ele>2607</ele></trkpt>
      <trkpt lat="43.192027" lon="86.631151"><ele>2608</ele></trkpt>
      <trkpt lat="43.191989" lon="86.631269"><ele>2614</ele></trkpt>
      <trkpt lat="43.191988" lon="86.631529"><ele>2614</ele></trkpt>
      <trkpt lat="43.192031" lon="86.631784"><ele>2616</ele></trkpt>
      <trkpt lat="43.19203" lon="86.632064"><ele>2622</ele></trkpt>
      <trkpt lat="43.192067" lon="86.632181"><ele>2623</ele></trkpt>
      <trkpt lat="43.191957" lon="86.632397"><ele>2618</ele></trkpt>
      <trkpt lat="43.191983" lon="86.632536"><ele>2616</ele></trkpt>
      <trkpt lat="43.191951" lon="86.632674"><ele>2617</ele></trkpt>
      <trkpt lat="43.191805" lon="86.632819"><ele>2624</ele></trkpt>
      <trkpt lat="43.191685" lon="86.633171"><ele>2629</ele></trkpt>
      <trkpt lat="43.191566" lon="86.633356"><ele>2630</ele></trkpt>
      <trkpt lat="43.191568" lon="86.633747"><ele>2631</ele></trkpt>
      <trkpt lat="43.191473" lon="86.634261"><ele>2631</ele></trkpt>
      <trkpt lat="43.191535" lon="86.634637"><ele>2633</ele></trkpt>
      <trkpt lat="43.191543" lon="86.635031"><ele>2635</ele></trkpt>
      <trkpt lat="43.191462" lon="86.635566"><ele>2639</ele></trkpt>
      <trkpt lat="43.191417" lon="86.635682"><ele>2639</ele></trkpt>
      <trkpt lat="43.191444" lon="86.635808"><ele>2637</ele></trkpt>
      <trkpt lat="43.191344" lon="86.636059"><ele>2637</ele></trkpt>
      <trkpt lat="43.191255" lon="86.636103"><ele>2636</ele></trkpt>
      <trkpt lat="43.191117" lon="86.636578"><ele>2640</ele></trkpt>
      <trkpt lat="43.190992" lon="86.636761"><ele>2644</ele></trkpt>
      <trkpt lat="43.1909" lon="86.636976"><ele>2641</ele></trkpt>
      <trkpt lat="43.190875" lon="86.6371"><ele>2636</ele></trkpt>
      <trkpt lat="43.190964" lon="86.637486"><ele>2635</ele></trkpt>
      <trkpt lat="43.190935" lon="86.637635"><ele>2637</ele></trkpt>
      <trkpt lat="43.190827" lon="86.637851"><ele>2646</ele></trkpt>
      <trkpt lat="43.190821" lon="86.63829"><ele>2658</ele></trkpt>
      <trkpt lat="43.190727" lon="86.638298"><ele>2658</ele></trkpt>
      <trkpt lat="43.190669" lon="86.638671"><ele>2660</ele></trkpt>
      <trkpt lat="43.190658" lon="86.638949"><ele>2662</ele></trkpt>
      <trkpt lat="43.19079" lon="86.639158"><ele>2659</ele></trkpt>
      <trkpt lat="43.190744" lon="86.639694"><ele>2659</ele></trkpt>
      <trkpt lat="43.190853" lon="86.640353"><ele>2663</ele></trkpt>
      <trkpt lat="43.190907" lon="86.64045"><ele>2664</ele></trkpt>
      <trkpt lat="43.190872" lon="86.640705"><ele>2660</ele></trkpt>
      <trkpt lat="43.190952" lon="86.640978"><ele>2664</ele></trkpt>
      <trkpt lat="43.191028" lon="86.641736"><ele>2659</ele></trkpt>
      <trkpt lat="43.190934" lon="86.642114"><ele>2651</ele></trkpt>
      <trkpt lat="43.190947" lon="86.642236"><ele>2653</ele></trkpt>
      <trkpt lat="43.191033" lon="86.642299"><ele>2653</ele></trkpt>
      <trkpt lat="43.191062" lon="86.642417"><ele>2657</ele></trkpt>
      <trkpt lat="43.19098" lon="86.642526"><ele>2659</ele></trkpt>
      <trkpt lat="43.190995" lon="86.642792"><ele>2664</ele></trkpt>
      <trkpt lat="43.190722" lon="86.64336"><ele>2654</ele></trkpt>
      <trkpt lat="43.190282" lon="86.6437"><ele>2656</ele></trkpt>
      <trkpt lat="43.190187" lon="86.643709"><ele>2646</ele></trkpt>
      <trkpt lat="43.190103" lon="86.643941"><ele>2638</ele></trkpt>
      <trkpt lat="43.189906" lon="86.643871"><ele>2640</ele></trkpt>
      <trkpt lat="43.189818" lon="86.643954"><ele>2640</ele></trkpt>
      <trkpt lat="43.189784" lon="86.644073"><ele>2649</ele></trkpt>
      <trkpt lat="43.189544" lon="86.644306"><ele>2660</ele></trkpt>
      <trkpt lat="43.189242" lon="86.644359"><ele>2662</ele></trkpt>
      <trkpt lat="43.189317" lon="86.644443"><ele>2667</ele></trkpt>
      <trkpt lat="43.189198" lon="86.644632"><ele>2671</ele></trkpt>
      <trkpt lat="43.189111" lon="86.644566"><ele>2679</ele></trkpt>
      <trkpt lat="43.189408" lon="86.644504"><ele>2673</ele></trkpt>
      <trkpt lat="43.189405" lon="86.644629"><ele>2673</ele></trkpt>
      <trkpt lat="43.189352" lon="86.644752"><ele>2675</ele></trkpt>
      <trkpt lat="43.189435" lon="86.64481"><ele>2673</ele></trkpt>
      <trkpt lat="43.189373" lon="86.644901"><ele>2677</ele></trkpt>
      <trkpt lat="43.18948" lon="86.644909"><ele>2680</ele></trkpt>
      <trkpt lat="43.18956" lon="86.644977"><ele>2677</ele></trkpt>
      <trkpt lat="43.189533" lon="86.645112"><ele>2680</ele></trkpt>
      <trkpt lat="43.18964" lon="86.645087"><ele>2679</ele></trkpt>
      <trkpt lat="43.189914" lon="86.645124"><ele>2679</ele></trkpt>
      <trkpt lat="43.189996" lon="86.64506"><ele>2681</ele></trkpt>
      <trkpt lat="43.190092" lon="86.645066"><ele>2684</ele></trkpt>
      <trkpt lat="43.190161" lon="86.644982"><ele>2685</ele></trkpt>
      <trkpt lat="43.190231" lon="86.645072"><ele>2687</ele></trkpt>
      <trkpt lat="43.190326" lon="86.64508"><ele>2689</ele></trkpt>
      <trkpt lat="43.19043" lon="86.645074"><ele>2692</ele></trkpt>
      <trkpt lat="43.190519" lon="86.645012"><ele>2692</ele></trkpt>
      <trkpt lat="43.190601" lon="86.645385"><ele>2695</ele></trkpt>
      <trkpt lat="43.190772" lon="86.645534"><ele>2689</ele></trkpt>
      <trkpt lat="43.190745" lon="86.645932"><ele>2683</ele></trkpt>
      <trkpt lat="43.190654" lon="86.646463"><ele>2693</ele></trkpt>
      <trkpt lat="43.190562" lon="86.646701"><ele>2691</ele></trkpt>
      <trkpt lat="43.190552" lon="86.646835"><ele>2688</ele></trkpt>
      <trkpt lat="43.190432" lon="86.647043"><ele>2681</ele></trkpt>
      <trkpt lat="43.190474" lon="86.647167"><ele>2678</ele></trkpt>
      <trkpt lat="43.190452" lon="86.64729"><ele>2672</ele></trkpt>
      <trkpt lat="43.190544" lon="86.647367"><ele>2674</ele></trkpt>
      <trkpt lat="43.190509" lon="86.647622"><ele>2677</ele></trkpt>
      <trkpt lat="43.190677" lon="86.647831"><ele>2681</ele></trkpt>
      <trkpt lat="43.190749" lon="86.64808"><ele>2683</ele></trkpt>
      <trkpt lat="43.190743" lon="86.648208"><ele>2685</ele></trkpt>
      <trkpt lat="43.190635" lon="86.648584"><ele>2685</ele></trkpt>
      <trkpt lat="43.190618" lon="86.648718"><ele>2688</ele></trkpt>
      <trkpt lat="43.190643" lon="86.648843"><ele>2688</ele></trkpt>
      <trkpt lat="43.190509" lon="86.649196"><ele>2678</ele></trkpt>
      <trkpt lat="43.190544" lon="86.649446"><ele>2676</ele></trkpt>
      <trkpt lat="43.190468" lon="86.649528"><ele>2673</ele></trkpt>
      <trkpt lat="43.190485" lon="86.649661"><ele>2669</ele></trkpt>
      <trkpt lat="43.190573" lon="86.649734"><ele>2668</ele></trkpt>
      <trkpt lat="43.190559" lon="86.650378"><ele>2674</ele></trkpt>
      <trkpt lat="43.190609" lon="86.650495"><ele>2680</ele></trkpt>
      <trkpt lat="43.190703" lon="86.650518"><ele>2681</ele></trkpt>
      <trkpt lat="43.190679" lon="86.650642"><ele>2679</ele></trkpt>
      <trkpt lat="43.1906" lon="86.650736"><ele>2682</ele></trkpt>
      <trkpt lat="43.190589" lon="86.650861"><ele>2679</ele></trkpt>
      <trkpt lat="43.190659" lon="86.651109"><ele>2690</ele></trkpt>
      <trkpt lat="43.190694" lon="86.65151"><ele>2697</ele></trkpt>
      <trkpt lat="43.190911" lon="86.65153"><ele>2697</ele></trkpt>
      <trkpt lat="43.190947" lon="86.651664"><ele>2703</ele></trkpt>
      <trkpt lat="43.190923" lon="86.651817"><ele>2703</ele></trkpt>
      <trkpt lat="43.190973" lon="86.651925"><ele>2705</ele></trkpt>
      <trkpt lat="43.190882" lon="86.652187"><ele>2705</ele></trkpt>
      <trkpt lat="43.190974" lon="86.652418"><ele>2697</ele></trkpt>
      <trkpt lat="43.191058" lon="86.652461"><ele>2697</ele></trkpt>
      <trkpt lat="43.191151" lon="86.652425"><ele>2696</ele></trkpt>
      <trkpt lat="43.191213" lon="86.652517"><ele>2694</ele></trkpt>
      <trkpt lat="43.191172" lon="86.652955"><ele>2697</ele></trkpt>
      <trkpt lat="43.191046" lon="86.653156"><ele>2686</ele></trkpt>
      <trkpt lat="43.191091" lon="86.653425"><ele>2692</ele></trkpt>
      <trkpt lat="43.19115" lon="86.653528"><ele>2697</ele></trkpt>
      <trkpt lat="43.191254" lon="86.653583"><ele>2701</ele></trkpt>
      <trkpt lat="43.191255" lon="86.653732"><ele>2706</ele></trkpt>
      <trkpt lat="43.191208" lon="86.653853"><ele>2708</ele></trkpt>
      <trkpt lat="43.191227" lon="86.653973"><ele>2707</ele></trkpt>
      <trkpt lat="43.191292" lon="86.654072"><ele>2708</ele></trkpt>
      <trkpt lat="43.19124" lon="86.65446"><ele>2712</ele></trkpt>
      <trkpt lat="43.191318" lon="86.654544"><ele>2711</ele></trkpt>
      <trkpt lat="43.191294" lon="86.654682"><ele>2710</ele></trkpt>
      <trkpt lat="43.191345" lon="86.654787"><ele>2710</ele></trkpt>
      <trkpt lat="43.191299" lon="86.65505"><ele>2708</ele></trkpt>
      <trkpt lat="43.191418" lon="86.65526"><ele>2707</ele></trkpt>
      <trkpt lat="43.191341" lon="86.65535"><ele>2705</ele></trkpt>
      <trkpt lat="43.19136" lon="86.655484"><ele>2705</ele></trkpt>
      <trkpt lat="43.191429" lon="86.65559"><ele>2703</ele></trkpt>
      <trkpt lat="43.191452" lon="86.655847"><ele>2706</ele></trkpt>
      <trkpt lat="43.191403" lon="86.655966"><ele>2706</ele></trkpt>
      <trkpt lat="43.191383" lon="86.656353"><ele>2701</ele></trkpt>
      <trkpt lat="43.191088" lon="86.656906"><ele>2709</ele></trkpt>
      <trkpt lat="43.191063" lon="86.657024"><ele>2709</ele></trkpt>
      <trkpt lat="43.190987" lon="86.657101"><ele>2708</ele></trkpt>
      <trkpt lat="43.190869" lon="86.657334"><ele>2708</ele></trkpt>
      <trkpt lat="43.190873" lon="86.657457"><ele>2711</ele></trkpt>
      <trkpt lat="43.190788" lon="86.657558"><ele>2710</ele></trkpt>
      <trkpt lat="43.190798" lon="86.657962"><ele>2715</ele></trkpt>
      <trkpt lat="43.190711" lon="86.6582"><ele>2721</ele></trkpt>
      <trkpt lat="43.190587" lon="86.658413"><ele>2724</ele></trkpt>
      <trkpt lat="43.190338" lon="86.658655"><ele>2719</ele></trkpt>
      <trkpt lat="43.190317" lon="86.658923"><ele>2723</ele></trkpt>
      <trkpt lat="43.190173" lon="86.659099"><ele>2724</ele></trkpt>
      <trkpt lat="43.190006" lon="86.659461"><ele>2725</ele></trkpt>
      <trkpt lat="43.189997" lon="86.659723"><ele>2725</ele></trkpt>
      <trkpt lat="43.189934" lon="86.65983"><ele>2722</ele></trkpt>
      <trkpt lat="43.189925" lon="86.65996"><ele>2720</ele></trkpt>
      <trkpt lat="43.190071" lon="86.660311"><ele>2725</ele></trkpt>
      <trkpt lat="43.189946" lon="86.660651"><ele>2712</ele></trkpt>
      <trkpt lat="43.190037" lon="86.660694"><ele>2713</ele></trkpt>
      <trkpt lat="43.190037" lon="86.660823"><ele>2714</ele></trkpt>
      <trkpt lat="43.190235" lon="86.66109"><ele>2719</ele></trkpt>
      <trkpt lat="43.190135" lon="86.661462"><ele>2730</ele></trkpt>
      <trkpt lat="43.190377" lon="86.661679"><ele>2738</ele></trkpt>
      <trkpt lat="43.190423" lon="86.661919"><ele>2735</ele></trkpt>
      <trkpt lat="43.190566" lon="86.662119"><ele>2738</ele></trkpt>
      <trkpt lat="43.190529" lon="86.662646"><ele>2729</ele></trkpt>
      <trkpt lat="43.190573" lon="86.663022"><ele>2727</ele></trkpt>
      <trkpt lat="43.19054" lon="86.663138"><ele>2727</ele></trkpt>
      <trkpt lat="43.190709" lon="86.663247"><ele>2731</ele></trkpt>
      <trkpt lat="43.190657" lon="86.663769"><ele>2728</ele></trkpt>
      <trkpt lat="43.190701" lon="86.663879"><ele>2736</ele></trkpt>
      <trkpt lat="43.19098" lon="86.663979"><ele>2747</ele></trkpt>
      <trkpt lat="43.191014" lon="86.664118"><ele>2747</ele></trkpt>
      <trkpt lat="43.190977" lon="86.664236"><ele>2742</ele></trkpt>
      <trkpt lat="43.19104" lon="86.66433"><ele>2739</ele></trkpt>
      <trkpt lat="43.191319" lon="86.664533"><ele>2748</ele></trkpt>
      <trkpt lat="43.191354" lon="86.664655"><ele>2747</ele></trkpt>
      <trkpt lat="43.191434" lon="86.664739"><ele>2749</ele></trkpt>
      <trkpt lat="43.191387" lon="86.66528"><ele>2743</ele></trkpt>
      <trkpt lat="43.191342" lon="86.665397"><ele>2742</ele></trkpt>
      <trkpt lat="43.191439" lon="86.665612"><ele>2743</ele></trkpt>
      <trkpt lat="43.191525" lon="86.665682"><ele>2745</ele></trkpt>
      <trkpt lat="43.191556" lon="86.665944"><ele>2753</ele></trkpt>
      <trkpt lat="43.191699" lon="86.666293"><ele>2765</ele></trkpt>
      <trkpt lat="43.191779" lon="86.666822"><ele>2765</ele></trkpt>
      <trkpt lat="43.191816" lon="86.667334"><ele>2767</ele></trkpt>
      <trkpt lat="43.191907" lon="86.667565"><ele>2769</ele></trkpt>
      <trkpt lat="43.191895" lon="86.667704"><ele>2766</ele></trkpt>
      <trkpt lat="43.191976" lon="86.66776"><ele>2765</ele></trkpt>
      <trkpt lat="43.191951" lon="86.667883"><ele>2766</ele></trkpt>
      <trkpt lat="43.192095" lon="86.668094"><ele>2768</ele></trkpt>
      <trkpt lat="43.192057" lon="86.668336"><ele>2769</ele></trkpt>
      <trkpt lat="43.192173" lon="86.668682"><ele>2774</ele></trkpt>
      <trkpt lat="43.192139" lon="86.668813"><ele>2780</ele></trkpt>
      <trkpt lat="43.192146" lon="86.668944"><ele>2785</ele></trkpt>
      <trkpt lat="43.192254" lon="86.668929"><ele>2803</ele></trkpt>
      <trkpt lat="43.19206" lon="86.669821"><ele>2800</ele></trkpt>
      <trkpt lat="43.191967" lon="86.670064"><ele>2802</ele></trkpt>
      <trkpt lat="43.191793" lon="86.670134"><ele>2809</ele></trkpt>
      <trkpt lat="43.191606" lon="86.67011"><ele>2810</ele></trkpt>
      <trkpt lat="43.191549" lon="86.670215"><ele>2811</ele></trkpt>
      <trkpt lat="43.191585" lon="86.670342"><ele>2813</ele></trkpt>
      <trkpt lat="43.191718" lon="86.670533"><ele>2814</ele></trkpt>
      <trkpt lat="43.191757" lon="86.670657"><ele>2812</ele></trkpt>
      <trkpt lat="43.191736" lon="86.670793"><ele>2811</ele></trkpt>
      <trkpt lat="43.191601" lon="86.670998"><ele>2813</ele></trkpt>
      <trkpt lat="43.191293" lon="86.671287"><ele>2821</ele></trkpt>
      <trkpt lat="43.191175" lon="86.671642"><ele>2828</ele></trkpt>
      <trkpt lat="43.190979" lon="86.672075"><ele>2834</ele></trkpt>
      <trkpt lat="43.19033" lon="86.674019"><ele>2855</ele></trkpt>
      <trkpt lat="43.190301" lon="86.674935"><ele>2860</ele></trkpt>
      <trkpt lat="43.190351" lon="86.675594"><ele>2871</ele></trkpt>
      <trkpt lat="43.190316" lon="86.675854"><ele>2873</ele></trkpt>
      <trkpt lat="43.190339" lon="86.676384"><ele>2876</ele></trkpt>
      <trkpt lat="43.190278" lon="86.67664"><ele>2876</ele></trkpt>
      <trkpt lat="43.190262" lon="86.677035"><ele>2879</ele></trkpt>
      <trkpt lat="43.190301" lon="86.677161"><ele>2878</ele></trkpt>
      <trkpt lat="43.190382" lon="86.67724"><ele>2881</ele></trkpt>
      <trkpt lat="43.19057" lon="86.67719"><ele>2880</ele></trkpt>
      <trkpt lat="43.190613" lon="86.677306"><ele>2880</ele></trkpt>
      <trkpt lat="43.190657" lon="86.677556"><ele>2880</ele></trkpt>
      <trkpt lat="43.190646" lon="86.677691"><ele>2879</ele></trkpt>
      <trkpt lat="43.190749" lon="86.678191"><ele>2887</ele></trkpt>
      <trkpt lat="43.190818" lon="86.678961"><ele>2891</ele></trkpt>
      <trkpt lat="43.190826" lon="86.679724"><ele>2898</ele></trkpt>
      <trkpt lat="43.190816" lon="86.679982"><ele>2895</ele></trkpt>
      <trkpt lat="43.190695" lon="86.680485"><ele>2893</ele></trkpt>
      <trkpt lat="43.19082" lon="86.680677"><ele>2895</ele></trkpt>
      <trkpt lat="43.191092" lon="86.680797"><ele>2899</ele></trkpt>
      <trkpt lat="43.191132" lon="86.680913"><ele>2897</ele></trkpt>
      <trkpt lat="43.191274" lon="86.681088"><ele>2897</ele></trkpt>
      <trkpt lat="43.191304" lon="86.681216"><ele>2898</ele></trkpt>
      <trkpt lat="43.191382" lon="86.681303"><ele>2902</ele></trkpt>
      <trkpt lat="43.191483" lon="86.681659"><ele>2905</ele></trkpt>
      <trkpt lat="43.191606" lon="86.681864"><ele>2905</ele></trkpt>
      <trkpt lat="43.19185" lon="86.682082"><ele>2906</ele></trkpt>
      <trkpt lat="43.191907" lon="86.682192"><ele>2905</ele></trkpt>
      <trkpt lat="43.192422" lon="86.682789"><ele>2898</ele></trkpt>
      <trkpt lat="43.192614" lon="86.682886"><ele>2900</ele></trkpt>
      <trkpt lat="43.192672" lon="86.682984"><ele>2905</ele></trkpt>
      <trkpt lat="43.192888" lon="86.683007"><ele>2907</ele></trkpt>
      <trkpt lat="43.193241" lon="86.683338"><ele>2902</ele></trkpt>
      <trkpt lat="43.193301" lon="86.683588"><ele>2898</ele></trkpt>
      <trkpt lat="43.193298" lon="86.683855"><ele>2893</ele></trkpt>
      <trkpt lat="43.193422" lon="86.684075"><ele>2892</ele></trkpt>
      <trkpt lat="43.193435" lon="86.684335"><ele>2898</ele></trkpt>
      <trkpt lat="43.193303" lon="86.684509"><ele>2900</ele></trkpt>
      <trkpt lat="43.193252" lon="86.684639"><ele>2900</ele></trkpt>
      <trkpt lat="43.193305" lon="86.68488"><ele>2900</ele></trkpt>
      <trkpt lat="43.193747" lon="86.684712"><ele>2892</ele></trkpt>
      <trkpt lat="43.193827" lon="86.684783"><ele>2894</ele></trkpt>
      <trkpt lat="43.194104" lon="86.68532"><ele>2898</ele></trkpt>
      <trkpt lat="43.194266" lon="86.685804"><ele>2898</ele></trkpt>
      <trkpt lat="43.194361" lon="86.68672"><ele>2902</ele></trkpt>
      <trkpt lat="43.194403" lon="86.686856"><ele>2907</ele></trkpt>
      <trkpt lat="43.194419" lon="86.687108"><ele>2910</ele></trkpt>
      <trkpt lat="43.194551" lon="86.687633"><ele>2919</ele></trkpt>
      <trkpt lat="43.194575" lon="86.688025"><ele>2922</ele></trkpt>
      <trkpt lat="43.194502" lon="86.6887"><ele>2922</ele></trkpt>
      <trkpt lat="43.194358" lon="86.689055"><ele>2924</ele></trkpt>
      <trkpt lat="43.194364" lon="86.690768"><ele>2923</ele></trkpt>
      <trkpt lat="43.194485" lon="86.69127"><ele>2918</ele></trkpt>
      <trkpt lat="43.194481" lon="86.691543"><ele>2918</ele></trkpt>
      <trkpt lat="43.194578" lon="86.691942"><ele>2917</ele></trkpt>
      <trkpt lat="43.194566" lon="86.692072"><ele>2914</ele></trkpt>
      <trkpt lat="43.194663" lon="86.692987"><ele>2913</ele></trkpt>
      <trkpt lat="43.194641" lon="86.693245"><ele>2916</ele></trkpt>
      <trkpt lat="43.194718" lon="86.693734"><ele>2915</ele></trkpt>
      <trkpt lat="43.194772" lon="86.693872"><ele>2914</ele></trkpt>
    </trkseg>
  </trk>
</gpx>
