{
  "type": "FeatureCollection",
  "features": [
    {
      "type": "Feature",
      "properties": {
        "name": "漓江杨堤—兴坪参考轨迹",
        "type": "hiking",
        "source": "两步路用户轨迹"
      },
      "geometry": {
        "type": "LineString",
        "coordinates": [
          [
            110.422401,
            24.991733
          ],
          [
            110.422317,
            24.991687
          ],
          [
            110.422234,
            24.99162
          ],
          [
            110.42214,
            24.991612
          ],
          [
            110.422034,
            24.991592
          ],
          [
            110.42194,
            24.991535
          ],
          [
            110.42187,
            24.991455
          ],
          [
            110.421802,
            24.991371
          ],
          [
            110.421744,
            24.991277
          ],
          [
            110.421687,
            24.991181
          ],
          [
            110.421622,
            24.991089
          ],
          [
            110.421544,
            24.991004
          ],
          [
            110.421506,
            24.99098
          ],
          [
            110.421471,
            24.990908
          ],
          [
            110.421411,
            24.990829
          ],
          [
            110.421336,
            24.990765
          ],
          [
            110.421267,
            24.99069
          ],
          [
            110.421211,
            24.990606
          ],
          [
            110.421173,
            24.990508
          ],
          [
            110.421155,
            24.990414
          ],
          [
            110.421143,
            24.990318
          ],
          [
            110.421076,
            24.990234
          ],
          [
            110.42101,
            24.990152
          ],
          [
            110.420944,
            24.990078
          ],
          [
            110.420867,
            24.990002
          ],
          [
            110.42079,
            24.989931
          ],
          [
            110.420716,
            24.989855
          ],
          [
            110.420643,
            24.989776
          ],
          [
            110.420566,
            24.989686
          ],
          [
            110.420524,
            24.989582
          ],
          [
            110.42058,
            24.989497
          ],
          [
            110.42067,
            24.989423
          ],
          [
            110.420772,
            24.989356
          ],
          [
            110.420864,
            24.989298
          ],
          [
            110.420967,
            24.989238
          ],
          [
            110.421077,
            24.989183
          ],
          [
            110.421183,
            24.989141
          ],
          [
            110.421298,
            24.989105
          ],
          [
            110.421408,
            24.989074
          ],
          [
            110.421521,
            24.989046
          ],
          [
            110.421632,
            24.98902
          ],
          [
            110.421748,
            24.988999
          ],
          [
            110.421864,
            24.988965
          ],
          [
            110.421984,
            24.98894
          ],
          [
            110.422092,
            24.988902
          ],
          [
            110.422205,
            24.988887
          ],
          [
            110.422312,
            24.988838
          ],
          [
            110.42241,
            24.988788
          ],
          [
            110.422512,
            24.988734
          ],
          [
            110.422612,
            24.988679
          ],
          [
            110.422709,
            24.988637
          ],
          [
            110.422817,
            24.988634
          ],
          [
            110.422933,
            24.988601
          ],
          [
            110.423031,
            24.988569
          ],
          [
            110.423129,
            24.988551
          ],
          [
            110.423239,
            24.988516
          ],
          [
            110.423355,
            24.988476
          ],
          [
            110.423453,
            24.988424
          ],
          [
            110.423547,
            24.988346
          ],
          [
            110.423571,
            24.988283
          ],
          [
            110.423645,
            24.988268
          ],
          [
            110.423679,
            24.988276
          ],
          [
            110.423765,
            24.988249
          ],
          [
            110.423868,
            24.988246
          ],
          [
            110.423973,
            24.988195
          ],
          [
            110.424088,
            24.98818
          ],
          [
            110.424178,
            24.988111
          ],
          [
            110.424235,
            24.988026
          ],
          [
            110.424293,
            24.987947
          ],
          [
            110.424361,
            24.987859
          ],
          [
            110.424426,
            24.987763
          ],
          [
            110.424511,
            24.987685
          ],
          [
            110.424581,
            24.987598
          ],
          [
            110.424671,
            24.987531
          ],
          [
            110.424766,
            24.987469
          ],
          [
            110.424863,
            24.987412
          ],
          [
            110.424945,
            24.987334
          ],
          [
            110.425026,
            24.987256
          ],
          [
            110.425093,
            24.987181
          ],
          [
            110.425142,
            24.987091
          ],
          [
            110.425204,
            24.987012
          ],
          [
            110.425263,
            24.986934
          ],
          [
            110.425333,
            24.98685
          ],
          [
            110.425403,
            24.98678
          ],
          [
            110.425504,
            24.98672
          ],
          [
            110.425587,
            24.98665
          ],
          [
            110.42567,
            24.986581
          ],
          [
            110.425745,
            24.986514
          ],
          [
            110.425828,
            24.986441
          ],
          [
            110.425912,
            24.986362
          ],
          [
            110.425988,
            24.98629
          ],
          [
            110.426079,
            24.986226
          ],
          [
            110.426175,
            24.986173
          ],
          [
            110.426276,
            24.986137
          ],
          [
            110.426389,
            24.986125
          ],
          [
            110.426496,
            24.986095
          ],
          [
            110.426525,
            24.986115
          ],
          [
            110.426399,
            24.986109
          ],
          [
            110.42639,
            24.986101
          ],
          [
            110.426492,
            24.986135
          ],
          [
            110.426438,
            24.986126
          ],
          [
            110.426531,
            24.986071
          ],
          [
            110.426629,
            24.986049
          ],
          [
            110.426737,
            24.986021
          ],
          [
            110.426839,
            24.985976
          ],
          [
            110.426938,
            24.985926
          ],
          [
            110.427028,
            24.985878
          ],
          [
            110.42712,
            24.985838
          ],
          [
            110.427211,
            24.985801
          ],
          [
            110.42731,
            24.985756
          ],
          [
            110.427408,
            24.985705
          ],
          [
            110.427512,
            24.985646
          ],
          [
            110.427618,
            24.985588
          ],
          [
            110.427723,
            24.985542
          ],
          [
            110.427821,
            24.985513
          ],
          [
            110.427896,
            24.985442
          ],
          [
            110.427972,
            24.985368
          ],
          [
            110.428058,
            24.98529
          ],
          [
            110.428154,
            24.985252
          ],
          [
            110.428244,
            24.985194
          ],
          [
            110.428342,
            24.985147
          ],
          [
            110.428446,
            24.985128
          ],
          [
            110.428543,
            24.985097
          ],
          [
            110.428623,
            24.985032
          ],
          [
            110.428696,
            24.984962
          ],
          [
            110.42877,
            24.984883
          ],
          [
            110.428834,
            24.98479
          ],
          [
            110.428912,
            24.984711
          ],
          [
            110.428983,
            24.984641
          ],
          [
            110.429041,
            24.984562
          ],
          [
            110.429118,
            24.984503
          ],
          [
            110.429183,
            24.984566
          ],
          [
            110.4292,
            24.984611
          ],
          [
            110.4292,
            24.984611
          ],
          [
            110.429117,
            24.984531
          ],
          [
            110.429117,
            24.984531
          ],
          [
            110.429175,
            24.984455
          ],
          [
            110.429272,
            24.984414
          ],
          [
            110.429374,
            24.984386
          ],
          [
            110.429478,
            24.984337
          ],
          [
            110.429573,
            24.984291
          ],
          [
            110.429662,
            24.984226
          ],
          [
            110.429743,
            24.984151
          ],
          [
            110.429837,
            24.984086
          ],
          [
            110.429942,
            24.984072
          ],
          [
            110.430051,
            24.984084
          ],
          [
            110.430173,
            24.984108
          ],
          [
            110.430293,
            24.984128
          ],
          [
            110.430408,
            24.984118
          ],
          [
            110.430518,
            24.984081
          ],
          [
            110.430639,
            24.984033
          ],
          [
            110.430754,
            24.983976
          ],
          [
            110.430872,
            24.983943
          ],
          [
            110.430988,
            24.983939
          ],
          [
            110.431106,
            24.983926
          ],
          [
            110.431218,
            24.983891
          ],
          [
            110.431318,
            24.983847
          ],
          [
            110.431417,
            24.98381
          ],
          [
            110.431507,
            24.98377
          ],
          [
            110.431605,
            24.983773
          ],
          [
            110.431712,
            24.983812
          ],
          [
            110.431801,
            24.983868
          ],
          [
            110.431897,
            24.983938
          ],
          [
            110.431999,
            24.983994
          ],
          [
            110.432094,
            24.983979
          ],
          [
            110.432191,
            24.983949
          ],
          [
            110.432297,
            24.983913
          ],
          [
            110.4324,
            24.98388
          ],
          [
            110.432505,
            24.983859
          ],
          [
            110.432609,
            24.983838
          ],
          [
            110.432715,
            24.983799
          ],
          [
            110.432819,
            24.9838
          ],
          [
            110.43292,
            24.983818
          ],
          [
            110.43301,
            24.983864
          ],
          [
            110.433109,
            24.983899
          ],
          [
            110.433211,
            24.983923
          ],
          [
            110.433309,
            24.98396
          ],
          [
            110.433405,
            24.983989
          ],
          [
            110.433507,
            24.983989
          ],
          [
            110.433613,
            24.983991
          ],
          [
            110.433727,
            24.983997
          ],
          [
            110.433837,
            24.98401
          ],
          [
            110.433948,
            24.984041
          ],
          [
            110.434051,
            24.98408
          ],
          [
            110.434162,
            24.984116
          ],
          [
            110.434272,
            24.984154
          ],
          [
            110.434375,
            24.984188
          ],
          [
            110.434496,
            24.984219
          ],
          [
            110.434601,
            24.984235
          ],
          [
            110.434704,
            24.984236
          ],
          [
            110.434822,
            24.984238
          ],
          [
            110.43493,
            24.984228
          ],
          [
            110.435038,
            24.984222
          ],
          [
            110.435143,
            24.984224
          ],
          [
            110.435245,
            24.984224
          ],
          [
            110.435345,
            24.984208
          ],
          [
            110.435435,
            24.984161
          ],
          [
            110.435529,
            24.984119
          ],
          [
            110.435628,
            24.98412
          ],
          [
            110.435729,
            24.984143
          ],
          [
            110.435832,
            24.984171
          ],
          [
            110.435933,
            24.984191
          ],
          [
            110.436037,
            24.984228
          ],
          [
            110.43615,
            24.984219
          ],
          [
            110.436266,
            24.984218
          ],
          [
            110.436362,
            24.984255
          ],
          [
            110.43646,
            24.984268
          ],
          [
            110.436552,
            24.984308
          ],
          [
            110.436562,
            24.984346
          ],
          [
            110.43649,
            24.984416
          ],
          [
            110.436388,
            24.984465
          ],
          [
            110.436333,
            24.984458
          ],
          [
            110.436395,
            24.984451
          ],
          [
            110.436497,
            24.984422
          ],
          [
            110.436551,
            24.984441
          ],
          [
            110.436494,
            24.984416
          ],
          [
            110.436522,
            24.984352
          ],
          [
            110.436602,
            24.984285
          ],
          [
            110.436697,
            24.984227
          ],
          [
            110.436823,
            24.984185
          ],
          [
            110.436948,
            24.984153
          ],
          [
            110.437062,
            24.984118
          ],
          [
            110.437175,
            24.984095
          ],
          [
            110.437281,
            24.98407
          ],
          [
            110.437383,
            24.984054
          ],
          [
            110.437486,
            24.984058
          ],
          [
            110.437591,
            24.984068
          ],
          [
            110.437697,
            24.98406
          ],
          [
            110.437808,
            24.984055
          ],
          [
            110.437911,
            24.984074
          ],
          [
            110.43801,
            24.984098
          ],
          [
            110.438126,
            24.984116
          ],
          [
            110.438245,
            24.984116
          ],
          [
            110.438359,
            24.984105
          ],
          [
            110.438477,
            24.984098
          ],
          [
            110.438584,
            24.984105
          ],
          [
            110.438705,
            24.984105
          ],
          [
            110.438816,
            24.984077
          ],
          [
            110.438926,
            24.98404
          ],
          [
            110.43903,
            24.984025
          ],
          [
            110.439147,
            24.984018
          ],
          [
            110.439262,
            24.983982
          ],
          [
            110.439362,
            24.983935
          ],
          [
            110.439466,
            24.983887
          ],
          [
            110.439563,
            24.983829
          ],
          [
            110.439639,
            24.983746
          ],
          [
            110.439706,
            24.983656
          ],
          [
            110.439722,
            24.983551
          ],
          [
            110.439778,
            24.983479
          ],
          [
            110.43987,
            24.983475
          ],
          [
            110.439875,
            24.983418
          ],
          [
            110.4399,
            24.983338
          ],
          [
            110.439912,
            24.983234
          ],
          [
            110.439968,
            24.983157
          ],
          [
            110.440029,
            24.983079
          ],
          [
            110.440074,
            24.982988
          ],
          [
            110.440081,
            24.982892
          ],
          [
            110.440104,
            24.982795
          ],
          [
            110.440091,
            24.982699
          ],
          [
            110.440147,
            24.982627
          ],
          [
            110.440216,
            24.982554
          ],
          [
            110.44029,
            24.982487
          ],
          [
            110.440363,
            24.982422
          ],
          [
            110.440421,
            24.98234
          ],
          [
            110.440422,
            24.982248
          ],
          [
            110.440434,
            24.982147
          ],
          [
            110.440461,
            24.982044
          ],
          [
            110.440519,
            24.981953
          ],
          [
            110.440552,
            24.981864
          ],
          [
            110.440585,
            24.981768
          ],
          [
            110.440622,
            24.981693
          ],
          [
            110.440695,
            24.981629
          ],
          [
            110.440772,
            24.981557
          ],
          [
            110.440772,
            24.981557
          ],
          [
            110.440834,
            24.981476
          ],
          [
            110.440834,
            24.981476
          ],
          [
            110.440925,
            24.981455
          ],
          [
            110.440981,
            24.98138
          ],
          [
            110.441003,
            24.981282
          ],
          [
            110.441041,
            24.981184
          ],
          [
            110.441106,
            24.981113
          ],
          [
            110.441188,
            24.981041
          ],
          [
            110.441282,
            24.981002
          ],
          [
            110.441325,
            24.980929
          ],
          [
            110.441352,
            24.980842
          ],
          [
            110.441409,
            24.980762
          ],
          [
            110.441463,
            24.980682
          ],
          [
            110.441559,
            24.980656
          ],
          [
            110.44162,
            24.980592
          ],
          [
            110.441686,
            24.980517
          ],
          [
            110.441724,
            24.980432
          ],
          [
            110.441801,
            24.980382
          ],
          [
            110.441885,
            24.980326
          ],
          [
            110.44193,
            24.980242
          ],
          [
            110.44198,
            24.980159
          ],
          [
            110.442059,
            24.980104
          ],
          [
            110.442059,
            24.980104
          ],
          [
            110.442152,
            24.980165
          ],
          [
            110.442152,
            24.980165
          ],
          [
            110.442151,
            24.980163
          ],
          [
            110.442234,
            24.980101
          ],
          [
            110.442234,
            24.980101
          ],
          [
            110.442308,
            24.980164
          ],
          [
            110.442308,
            24.980164
          ],
          [
            110.442399,
            24.980201
          ],
          [
            110.442493,
            24.980182
          ],
          [
            110.442605,
            24.980188
          ],
          [
            110.442712,
            24.980201
          ],
          [
            110.442712,
            24.980201
          ],
          [
            110.442712,
            24.980201
          ],
          [
            110.442712,
            24.980201
          ],
          [
            110.442755,
            24.980118
          ],
          [
            110.442755,
            24.980118
          ],
          [
            110.442755,
            24.980118
          ],
          [
            110.442755,
            24.980118
          ],
          [
            110.442755,
            24.980118
          ],
          [
            110.442755,
            24.980118
          ],
          [
            110.442755,
            24.980118
          ],
          [
            110.442755,
            24.980118
          ],
          [
            110.442755,
            24.980118
          ],
          [
            110.442862,
            24.980119
          ],
          [
            110.442862,
            24.980119
          ],
          [
            110.442841,
            24.98003
          ],
          [
            110.442907,
            24.979953
          ],
          [
            110.442902,
            24.97995
          ],
          [
            110.443032,
            24.979948
          ],
          [
            110.443061,
            24.979861
          ],
          [
            110.443102,
            24.979758
          ],
          [
            110.443069,
            24.979849
          ],
          [
            110.443031,
            24.97976
          ],
          [
            110.443101,
            24.979694
          ],
          [
            110.44316,
            24.979616
          ],
          [
            110.443227,
            24.97955
          ],
          [
            110.443285,
            24.979473
          ],
          [
            110.443349,
            24.979401
          ],
          [
            110.443441,
            24.97938
          ],
          [
            110.443541,
            24.979352
          ],
          [
            110.44356,
            24.979274
          ],
          [
            110.44355,
            24.979166
          ],
          [
            110.443571,
            24.979082
          ],
          [
            110.443665,
            24.979059
          ],
          [
            110.443731,
            24.978983
          ],
          [
            110.443789,
            24.978888
          ],
          [
            110.443819,
            24.978882
          ],
          [
            110.443819,
            24.978882
          ],
          [
            110.443819,
            24.978882
          ],
          [
            110.443819,
            24.978882
          ],
          [
            110.443808,
            24.97881
          ],
          [
            110.443808,
            24.97881
          ],
          [
            110.44381,
            24.978718
          ],
          [
            110.443916,
            24.978679
          ],
          [
            110.443978,
            24.978604
          ],
          [
            110.444043,
            24.978521
          ],
          [
            110.444131,
            24.978529
          ],
          [
            110.444231,
            24.978542
          ],
          [
            110.444348,
            24.978552
          ],
          [
            110.444427,
            24.978549
          ],
          [
            110.444436,
            24.978476
          ],
          [
            110.444412,
            24.97838
          ],
          [
            110.444467,
            24.978309
          ],
          [
            110.444506,
            24.978219
          ],
          [
            110.444522,
            24.978117
          ],
          [
            110.444579,
            24.978042
          ],
          [
            110.444633,
            24.977959
          ],
          [
            110.444669,
            24.977898
          ],
          [
            110.444731,
            24.977833
          ],
          [
            110.444827,
            24.977772
          ],
          [
            110.444922,
            24.977707
          ],
          [
            110.444963,
            24.977692
          ],
          [
            110.444996,
            24.977627
          ],
          [
            110.445082,
            24.97757
          ],
          [
            110.44517,
            24.977525
          ],
          [
            110.4452,
            24.977434
          ],
          [
            110.445213,
            24.977338
          ],
          [
            110.44523,
            24.977243
          ],
          [
            110.445294,
            24.977167
          ],
          [
            110.445303,
            24.977081
          ],
          [
            110.445346,
            24.976992
          ],
          [
            110.44541,
            24.9769
          ],
          [
            110.445505,
            24.976865
          ],
          [
            110.445573,
            24.976797
          ],
          [
            110.445646,
            24.976725
          ],
          [
            110.445714,
            24.976645
          ],
          [
            110.445738,
            24.976604
          ],
          [
            110.445789,
            24.97654
          ],
          [
            110.445848,
            24.976459
          ],
          [
            110.445906,
            24.976371
          ],
          [
            110.445977,
            24.976294
          ],
          [
            110.446061,
            24.976229
          ],
          [
            110.446114,
            24.976153
          ],
          [
            110.446198,
            24.976105
          ],
          [
            110.446284,
            24.976027
          ],
          [
            110.446368,
            24.97596
          ],
          [
            110.446459,
            24.975912
          ],
          [
            110.446494,
            24.975892
          ],
          [
            110.446529,
            24.975828
          ],
          [
            110.446588,
            24.975761
          ],
          [
            110.446685,
            24.975727
          ],
          [
            110.446727,
            24.975731
          ],
          [
            110.446727,
            24.975731
          ],
          [
            110.446727,
            24.975731
          ],
          [
            110.446727,
            24.975731
          ],
          [
            110.446727,
            24.975731
          ],
          [
            110.446727,
            24.975731
          ],
          [
            110.446727,
            24.975731
          ],
          [
            110.446727,
            24.975731
          ],
          [
            110.446727,
            24.975731
          ],
          [
            110.446727,
            24.975731
          ],
          [
            110.446721,
            24.975652
          ],
          [
            110.446721,
            24.975652
          ],
          [
            110.446755,
            24.975559
          ],
          [
            110.446825,
            24.975473
          ],
          [
            110.446917,
            24.975407
          ],
          [
            110.447016,
            24.975356
          ],
          [
            110.447102,
            24.975291
          ],
          [
            110.447169,
            24.975206
          ],
          [
            110.447228,
            24.975123
          ],
          [
            110.447271,
            24.975029
          ],
          [
            110.447333,
            24.974943
          ],
          [
            110.447402,
            24.974866
          ],
          [
            110.447491,
            24.974805
          ],
          [
            110.447511,
            24.974794
          ],
          [
            110.447569,
            24.974741
          ],
          [
            110.44764,
            24.974678
          ],
          [
            110.44766,
            24.974664
          ],
          [
            110.447676,
            24.974589
          ],
          [
            110.447748,
            24.974505
          ],
          [
            110.447799,
            24.974417
          ],
          [
            110.447846,
            24.974322
          ],
          [
            110.447896,
            24.974235
          ],
          [
            110.44798,
            24.97416
          ],
          [
            110.448065,
            24.974098
          ],
          [
            110.448134,
            24.974014
          ],
          [
            110.448198,
            24.973926
          ],
          [
            110.448287,
            24.973888
          ],
          [
            110.448318,
            24.973811
          ],
          [
            110.448363,
            24.973735
          ],
          [
            110.448437,
            24.973659
          ],
          [
            110.44852,
            24.973581
          ],
          [
            110.448599,
            24.973506
          ],
          [
            110.448677,
            24.973442
          ],
          [
            110.448734,
            24.973353
          ],
          [
            110.448776,
            24.973258
          ],
          [
            110.448834,
            24.973174
          ],
          [
            110.448883,
            24.97313
          ],
          [
            110.448955,
            24.973064
          ],
          [
            110.44899,
            24.972983
          ],
          [
            110.449077,
            24.972948
          ],
          [
            110.44907,
            24.973005
          ],
          [
            110.44907,
            24.973005
          ],
          [
            110.44902,
            24.972956
          ],
          [
            110.44902,
            24.972956
          ],
          [
            110.449125,
            24.972934
          ],
          [
            110.449218,
            24.97289
          ],
          [
            110.449292,
            24.972828
          ],
          [
            110.449358,
            24.972743
          ],
          [
            110.449401,
            24.972651
          ],
          [
            110.449428,
            24.972608
          ],
          [
            110.449428,
            24.972608
          ],
          [
            110.449395,
            24.972505
          ],
          [
            110.449395,
            24.972505
          ],
          [
            110.449486,
            24.972467
          ],
          [
            110.449588,
            24.972426
          ],
          [
            110.449645,
            24.972349
          ],
          [
            110.449675,
            24.972259
          ],
          [
            110.449749,
            24.972253
          ],
          [
            110.449692,
            24.972257
          ],
          [
            110.449671,
            24.972191
          ],
          [
            110.449739,
            24.972135
          ],
          [
            110.449811,
            24.972108
          ],
          [
            110.449912,
            24.972094
          ],
          [
            110.450002,
            24.972043
          ],
          [
            110.450067,
            24.97196
          ],
          [
            110.450118,
            24.971916
          ],
          [
            110.4502,
            24.971888
          ],
          [
            110.45031,
            24.971844
          ],
          [
            110.450406,
            24.971783
          ],
          [
            110.450518,
            24.971752
          ],
          [
            110.450616,
            24.971708
          ],
          [
            110.45069,
            24.971633
          ],
          [
            110.450732,
            24.9716
          ],
          [
            110.450799,
            24.971557
          ],
          [
            110.450886,
            24.971506
          ],
          [
            110.450977,
            24.971436
          ],
          [
            110.450991,
            24.971343
          ],
          [
            110.450965,
            24.971245
          ],
          [
            110.450969,
            24.97114
          ],
          [
            110.451022,
            24.971055
          ],
          [
            110.451094,
            24.970987
          ],
          [
            110.451167,
            24.970916
          ],
          [
            110.451236,
            24.970839
          ],
          [
            110.451307,
            24.970767
          ],
          [
            110.451285,
            24.970683
          ],
          [
            110.451268,
            24.970653
          ],
          [
            110.451337,
            24.970626
          ],
          [
            110.451404,
            24.970555
          ],
          [
            110.451474,
            24.970473
          ],
          [
            110.451544,
            24.970386
          ],
          [
            110.451639,
            24.970369
          ],
          [
            110.451672,
            24.970371
          ],
          [
            110.451736,
            24.970425
          ],
          [
            110.451816,
            24.970492
          ],
          [
            110.451921,
            24.970504
          ],
          [
            110.452011,
            24.970443
          ],
          [
            110.452102,
            24.970365
          ],
          [
            110.452197,
            24.970299
          ],
          [
            110.452219,
            24.97021
          ],
          [
            110.452138,
            24.970137
          ],
          [
            110.452105,
            24.970039
          ],
          [
            110.45214,
            24.969952
          ],
          [
            110.4522,
            24.969869
          ],
          [
            110.452267,
            24.969788
          ],
          [
            110.452369,
            24.969738
          ],
          [
            110.452444,
            24.969671
          ],
          [
            110.452473,
            24.969678
          ],
          [
            110.452499,
            24.969624
          ],
          [
            110.452575,
            24.969538
          ],
          [
            110.452655,
            24.969559
          ],
          [
            110.452729,
            24.969634
          ],
          [
            110.452735,
            24.969679
          ],
          [
            110.45278,
            24.969744
          ],
          [
            110.452815,
            24.969757
          ],
          [
            110.452889,
            24.969813
          ],
          [
            110.452924,
            24.969797
          ],
          [
            110.452854,
            24.969767
          ],
          [
            110.452782,
            24.969697
          ],
          [
            110.452698,
            24.969617
          ],
          [
            110.452603,
            24.969567
          ],
          [
            110.452489,
            24.969519
          ],
          [
            110.452377,
            24.969461
          ],
          [
            110.452282,
            24.96941
          ],
          [
            110.452174,
            24.969352
          ],
          [
            110.452074,
            24.969293
          ],
          [
            110.451976,
            24.969234
          ],
          [
            110.451872,
            24.969179
          ],
          [
            110.45178,
            24.96912
          ],
          [
            110.451687,
            24.969041
          ],
          [
            110.451687,
            24.968939
          ],
          [
            110.451707,
            24.968835
          ],
          [
            110.451737,
            24.968736
          ],
          [
            110.451818,
            24.96867
          ],
          [
            110.451903,
            24.968602
          ],
          [
            110.451984,
            24.968539
          ],
          [
            110.452021,
            24.968455
          ],
          [
            110.452038,
            24.968365
          ],
          [
            110.452054,
            24.968268
          ],
          [
            110.452096,
            24.968181
          ],
          [
            110.452137,
            24.968081
          ],
          [
            110.452193,
            24.967985
          ],
          [
            110.452242,
            24.967892
          ],
          [
            110.452286,
            24.967789
          ],
          [
            110.452325,
            24.967696
          ],
          [
            110.452372,
            24.967613
          ],
          [
            110.452379,
            24.967512
          ],
          [
            110.452424,
            24.967428
          ],
          [
            110.452461,
            24.967375
          ],
          [
            110.452541,
            24.967321
          ],
          [
            110.452629,
            24.967264
          ],
          [
            110.452707,
            24.96719
          ],
          [
            110.452766,
            24.967101
          ],
          [
            110.452821,
            24.967001
          ],
          [
            110.452853,
            24.966905
          ],
          [
            110.45287,
            24.966801
          ],
          [
            110.452876,
            24.966705
          ],
          [
            110.452868,
            24.966598
          ],
          [
            110.452853,
            24.9665
          ],
          [
            110.452838,
            24.966397
          ],
          [
            110.452881,
            24.966309
          ],
          [
            110.45287,
            24.966217
          ],
          [
            110.452853,
            24.966117
          ],
          [
            110.452783,
            24.96604
          ],
          [
            110.452683,
            24.966006
          ],
          [
            110.452654,
            24.966077
          ],
          [
            110.45263,
            24.966034
          ],
          [
            110.452624,
            24.965992
          ],
          [
            110.452694,
            24.966016
          ],
          [
            110.45273,
            24.966038
          ],
          [
            110.452827,
            24.966038
          ],
          [
            110.45283,
            24.966043
          ],
          [
            110.45283,
            24.966043
          ],
          [
            110.45283,
            24.966043
          ],
          [
            110.45283,
            24.966043
          ],
          [
            110.45283,
            24.966043
          ],
          [
            110.45283,
            24.966043
          ],
          [
            110.452683,
            24.966059
          ],
          [
            110.452683,
            24.966059
          ],
          [
            110.452683,
            24.966059
          ],
          [
            110.452683,
            24.966059
          ],
          [
            110.452683,
            24.966059
          ],
          [
            110.452613,
            24.966181
          ],
          [
            110.452613,
            24.966181
          ],
          [
            110.45272,
            24.966169
          ],
          [
            110.45272,
            24.966169
          ],
          [
            110.452778,
            24.96598
          ],
          [
            110.452778,
            24.96598
          ],
          [
            110.452718,
            24.966034
          ],
          [
            110.4527,
            24.96607
          ],
          [
            110.4527,
            24.96607
          ],
          [
            110.4527,
            24.96607
          ],
          [
            110.4527,
            24.96607
          ],
          [
            110.4527,
            24.96607
          ],
          [
            110.4527,
            24.96607
          ],
          [
            110.4527,
            24.96607
          ],
          [
            110.4527,
            24.96607
          ],
          [
            110.4527,
            24.96607
          ],
          [
            110.4527,
            24.96607
          ],
          [
            110.4527,
            24.96607
          ],
          [
            110.4527,
            24.96607
          ],
          [
            110.452601,
            24.966069
          ],
          [
            110.452601,
            24.966069
          ],
          [
            110.452601,
            24.966069
          ],
          [
            110.452693,
            24.966105
          ],
          [
            110.452693,
            24.966105
          ],
          [
            110.452693,
            24.966105
          ],
          [
            110.452693,
            24.966105
          ],
          [
            110.452693,
            24.966105
          ],
          [
            110.452693,
            24.966105
          ],
          [
            110.452693,
            24.966105
          ],
          [
            110.452651,
            24.966154
          ],
          [
            110.452651,
            24.966154
          ],
          [
            110.452651,
            24.966154
          ],
          [
            110.452651,
            24.966154
          ],
          [
            110.452651,
            24.966154
          ],
          [
            110.452654,
            24.966052
          ],
          [
            110.452654,
            24.966052
          ],
          [
            110.452688,
            24.96615
          ],
          [
            110.452724,
            24.966092
          ],
          [
            110.452717,
            24.966142
          ],
          [
            110.452659,
            24.966108
          ],
          [
            110.452684,
            24.966105
          ],
          [
            110.452684,
            24.966105
          ],
          [
            110.452769,
            24.966036
          ],
          [
            110.452769,
            24.966036
          ],
          [
            110.452876,
            24.966037
          ],
          [
            110.45289,
            24.965948
          ],
          [
            110.452909,
            24.965839
          ],
          [
            110.452943,
            24.96574
          ],
          [
            110.452979,
            24.965635
          ],
          [
            110.453019,
            24.965537
          ],
          [
            110.453053,
            24.965439
          ],
          [
            110.453092,
            24.965339
          ],
          [
            110.453149,
            24.965256
          ],
          [
            110.453214,
            24.965169
          ],
          [
            110.453262,
            24.965085
          ],
          [
            110.4533,
            24.964993
          ],
          [
            110.453333,
            24.964894
          ],
          [
            110.453382,
            24.964798
          ],
          [
            110.453452,
            24.964726
          ],
          [
            110.453522,
            24.964647
          ],
          [
            110.453589,
            24.964559
          ],
          [
            110.453651,
            24.964482
          ],
          [
            110.453718,
            24.9644
          ],
          [
            110.453782,
            24.964318
          ],
          [
            110.453851,
            24.964232
          ],
          [
            110.453932,
            24.964152
          ],
          [
            110.453961,
            24.964119
          ],
          [
            110.454016,
            24.96405
          ],
          [
            110.454087,
            24.963971
          ],
          [
            110.454153,
            24.963894
          ],
          [
            110.45422,
            24.96382
          ],
          [
            110.454288,
            24.963749
          ],
          [
            110.454372,
            24.963683
          ],
          [
            110.454448,
            24.963608
          ],
          [
            110.454488,
            24.963512
          ],
          [
            110.454505,
            24.963406
          ],
          [
            110.454524,
            24.96331
          ],
          [
            110.454536,
            24.963206
          ],
          [
            110.454547,
            24.963103
          ],
          [
            110.454596,
            24.963016
          ],
          [
            110.454649,
            24.962933
          ],
          [
            110.454693,
            24.962842
          ],
          [
            110.454755,
            24.962753
          ],
          [
            110.454836,
            24.962685
          ],
          [
            110.454886,
            24.962662
          ],
          [
            110.454958,
            24.962607
          ],
          [
            110.455045,
            24.96254
          ],
          [
            110.455127,
            24.962467
          ],
          [
            110.455223,
            24.962411
          ],
          [
            110.455306,
            24.962353
          ],
          [
            110.45538,
            24.962273
          ],
          [
            110.455428,
            24.962187
          ],
          [
            110.455423,
            24.962085
          ],
          [
            110.45542,
            24.961976
          ],
          [
            110.455391,
            24.961882
          ],
          [
            110.455373,
            24.961855
          ],
          [
            110.45545,
            24.961825
          ],
          [
            110.455535,
            24.961769
          ],
          [
            110.455646,
            24.961744
          ],
          [
            110.455683,
            24.961749
          ],
          [
            110.455587,
            24.961685
          ],
          [
            110.455525,
            24.961609
          ],
          [
            110.455521,
            24.961516
          ],
          [
            110.455539,
            24.961419
          ],
          [
            110.455586,
            24.961332
          ],
          [
            110.455629,
            24.96124
          ],
          [
            110.455658,
            24.961138
          ],
          [
            110.455695,
            24.961031
          ],
          [
            110.455723,
            24.960936
          ],
          [
            110.455749,
            24.960848
          ],
          [
            110.455779,
            24.960754
          ],
          [
            110.455821,
            24.960662
          ],
          [
            110.455885,
            24.960583
          ],
          [
            110.45594,
            24.960493
          ],
          [
            110.455968,
            24.960389
          ],
          [
            110.455985,
            24.960283
          ],
          [
            110.456043,
            24.96031
          ],
          [
            110.456009,
            24.960274
          ],
          [
            110.455992,
            24.960189
          ],
          [
            110.455992,
            24.960189
          ],
          [
            110.456009,
            24.96008
          ],
          [
            110.456009,
            24.96008
          ],
          [
            110.456005,
            24.959978
          ],
          [
            110.455966,
            24.959894
          ],
          [
            110.455968,
            24.959806
          ],
          [
            110.455975,
            24.959713
          ],
          [
            110.455983,
            24.959618
          ],
          [
            110.455999,
            24.959517
          ],
          [
            110.456011,
            24.95942
          ],
          [
            110.456012,
            24.959311
          ],
          [
            110.456004,
            24.959213
          ],
          [
            110.45599,
            24.959107
          ],
          [
            110.455991,
            24.95901
          ],
          [
            110.45602,
            24.958909
          ],
          [
            110.456024,
            24.958815
          ],
          [
            110.456079,
            24.958739
          ],
          [
            110.45615,
            24.958665
          ],
          [
            110.456175,
            24.958568
          ],
          [
            110.456198,
            24.958465
          ],
          [
            110.45623,
            24.95837
          ],
          [
            110.456254,
            24.958281
          ],
          [
            110.456225,
            24.958187
          ],
          [
            110.456215,
            24.95809
          ],
          [
            110.456203,
            24.957986
          ],
          [
            110.456238,
            24.957893
          ],
          [
            110.456217,
            24.957797
          ],
          [
            110.456213,
            24.957697
          ],
          [
            110.456181,
            24.95761
          ],
          [
            110.456088,
            24.957557
          ],
          [
            110.456047,
            24.95747
          ],
          [
            110.456001,
            24.957383
          ],
          [
            110.45603,
            24.957295
          ],
          [
            110.456078,
            24.957207
          ],
          [
            110.456098,
            24.957151
          ],
          [
            110.456098,
            24.957151
          ],
          [
            110.456144,
            24.957058
          ],
          [
            110.456144,
            24.957058
          ],
          [
            110.456133,
            24.956947
          ],
          [
            110.456164,
            24.956848
          ],
          [
            110.456168,
            24.956749
          ],
          [
            110.456177,
            24.95665
          ],
          [
            110.456143,
            24.956557
          ],
          [
            110.456085,
            24.956461
          ],
          [
            110.456063,
            24.956369
          ],
          [
            110.456109,
            24.956285
          ],
          [
            110.456125,
            24.956194
          ],
          [
            110.456096,
            24.956108
          ],
          [
            110.456116,
            24.956021
          ],
          [
            110.456099,
            24.955932
          ],
          [
            110.456081,
            24.955834
          ],
          [
            110.456073,
            24.955731
          ],
          [
            110.456073,
            24.955631
          ],
          [
            110.456112,
            24.955543
          ],
          [
            110.456064,
            24.955474
          ],
          [
            110.456,
            24.955544
          ],
          [
            110.455997,
            24.955638
          ],
          [
            110.456005,
            24.955575
          ],
          [
            110.456004,
            24.955462
          ],
          [
            110.456039,
            24.955357
          ],
          [
            110.45608,
            24.955249
          ],
          [
            110.456108,
            24.95515
          ],
          [
            110.456144,
            24.955052
          ],
          [
            110.456191,
            24.954962
          ],
          [
            110.456237,
            24.954866
          ],
          [
            110.456268,
            24.954774
          ],
          [
            110.456299,
            24.954678
          ],
          [
            110.456347,
            24.954581
          ],
          [
            110.456363,
            24.95447
          ],
          [
            110.456367,
            24.954373
          ],
          [
            110.456391,
            24.95427
          ],
          [
            110.456418,
            24.954171
          ],
          [
            110.456448,
            24.95408
          ],
          [
            110.456448,
            24.953984
          ],
          [
            110.456471,
            24.95389
          ],
          [
            110.456535,
            24.953803
          ],
          [
            110.4566,
            24.953719
          ],
          [
            110.456638,
            24.953621
          ],
          [
            110.456628,
            24.953568
          ],
          [
            110.456687,
            24.953523
          ],
          [
            110.456787,
            24.953506
          ],
          [
            110.456866,
            24.953448
          ],
          [
            110.456949,
            24.953391
          ],
          [
            110.457008,
            24.953316
          ],
          [
            110.457086,
            24.953263
          ],
          [
            110.457175,
            24.953217
          ],
          [
            110.457266,
            24.953153
          ],
          [
            110.457355,
            24.953082
          ],
          [
            110.457443,
            24.953007
          ],
          [
            110.457527,
            24.952937
          ],
          [
            110.457605,
            24.952871
          ],
          [
            110.457691,
            24.952818
          ],
          [
            110.457757,
            24.952737
          ],
          [
            110.457802,
            24.952636
          ],
          [
            110.457831,
            24.952533
          ],
          [
            110.457832,
            24.952437
          ],
          [
            110.457801,
            24.952331
          ],
          [
            110.457743,
            24.952241
          ],
          [
            110.45778,
            24.952171
          ],
          [
            110.457875,
            24.952139
          ],
          [
            110.457967,
            24.952089
          ],
          [
            110.458005,
            24.952095
          ],
          [
            110.458083,
            24.952139
          ],
          [
            110.458151,
            24.952113
          ],
          [
            110.458218,
            24.952034
          ],
          [
            110.458267,
            24.951975
          ],
          [
            110.458317,
            24.9519
          ],
          [
            110.458252,
            24.951918
          ],
          [
            110.458188,
            24.951992
          ],
          [
            110.45812,
            24.952089
          ],
          [
            110.458041,
            24.952171
          ],
          [
            110.457948,
            24.952156
          ],
          [
            110.457902,
            24.952062
          ],
          [
            110.457941,
            24.951959
          ],
          [
            110.457979,
            24.951858
          ],
          [
            110.458063,
            24.951791
          ],
          [
            110.458134,
            24.951705
          ],
          [
            110.45822,
            24.951643
          ],
          [
            110.458314,
            24.95159
          ],
          [
            110.458412,
            24.95154
          ],
          [
            110.4585,
            24.95147
          ],
          [
            110.458569,
            24.951379
          ],
          [
            110.458591,
            24.951278
          ],
          [
            110.458659,
            24.951211
          ],
          [
            110.458735,
            24.951144
          ],
          [
            110.458801,
            24.951056
          ],
          [
            110.45886,
            24.950976
          ],
          [
            110.458946,
            24.950928
          ],
          [
            110.459036,
            24.95086
          ],
          [
            110.459108,
            24.950769
          ],
          [
            110.459176,
            24.950681
          ],
          [
            110.459242,
            24.950605
          ],
          [
            110.459304,
            24.950528
          ],
          [
            110.459372,
            24.95045
          ],
          [
            110.459433,
            24.95036
          ],
          [
            110.459503,
            24.950272
          ],
          [
            110.459526,
            24.950182
          ],
          [
            110.459586,
            24.950118
          ],
          [
            110.459655,
            24.950051
          ],
          [
            110.459722,
            24.949977
          ],
          [
            110.459791,
            24.949896
          ],
          [
            110.459875,
            24.949823
          ],
          [
            110.459942,
            24.94974
          ],
          [
            110.459994,
            24.949648
          ],
          [
            110.460068,
            24.94958
          ],
          [
            110.460146,
            24.949511
          ],
          [
            110.460226,
            24.949446
          ],
          [
            110.460296,
            24.949379
          ],
          [
            110.460372,
            24.949321
          ],
          [
            110.460448,
            24.949257
          ],
          [
            110.460514,
            24.949187
          ],
          [
            110.460594,
            24.949114
          ],
          [
            110.460683,
            24.94905
          ],
          [
            110.460775,
            24.948995
          ],
          [
            110.460866,
            24.948953
          ],
          [
            110.460961,
            24.948899
          ],
          [
            110.460985,
            24.948803
          ],
          [
            110.461044,
            24.948761
          ],
          [
            110.461044,
            24.948761
          ],
          [
            110.461178,
            24.948766
          ],
          [
            110.461178,
            24.948766
          ],
          [
            110.461262,
            24.948715
          ],
          [
            110.46134,
            24.94866
          ],
          [
            110.461421,
            24.948598
          ],
          [
            110.461499,
            24.948527
          ],
          [
            110.461557,
            24.948451
          ],
          [
            110.461639,
            24.948391
          ],
          [
            110.461728,
            24.948337
          ],
          [
            110.461831,
            24.948314
          ],
          [
            110.461866,
            24.948253
          ],
          [
            110.461957,
            24.948229
          ],
          [
            110.462063,
            24.948211
          ],
          [
            110.462179,
            24.948171
          ],
          [
            110.462284,
            24.948139
          ],
          [
            110.462388,
            24.948109
          ],
          [
            110.462482,
            24.948061
          ],
          [
            110.462576,
            24.948021
          ],
          [
            110.462659,
            24.94797
          ],
          [
            110.462737,
            24.947913
          ],
          [
            110.462823,
            24.947865
          ],
          [
            110.462924,
            24.947847
          ],
          [
            110.46302,
            24.947818
          ],
          [
            110.463072,
            24.947745
          ],
          [
            110.463094,
            24.94765
          ],
          [
            110.463126,
            24.947552
          ],
          [
            110.463209,
            24.947468
          ],
          [
            110.463304,
            24.947445
          ],
          [
            110.463404,
            24.947474
          ],
          [
            110.463404,
            24.947474
          ],
          [
            110.463404,
            24.947474
          ],
          [
            110.463404,
            24.947474
          ],
          [
            110.463404,
            24.947474
          ],
          [
            110.463404,
            24.947474
          ],
          [
            110.463404,
            24.947474
          ],
          [
            110.463404,
            24.947474
          ],
          [
            110.463404,
            24.947474
          ],
          [
            110.463404,
            24.947474
          ],
          [
            110.463404,
            24.947474
          ],
          [
            110.463404,
            24.947474
          ],
          [
            110.463486,
            24.947566
          ],
          [
            110.463486,
            24.947566
          ],
          [
            110.463593,
            24.947535
          ],
          [
            110.463669,
            24.947464
          ],
          [
            110.463743,
            24.947388
          ],
          [
            110.463818,
            24.947322
          ],
          [
            110.463888,
            24.947255
          ],
          [
            110.463949,
            24.947169
          ],
          [
            110.464015,
            24.947086
          ],
          [
            110.464105,
            24.947077
          ],
          [
            110.464202,
            24.947065
          ],
          [
            110.464319,
            24.947061
          ],
          [
            110.46442,
            24.947031
          ],
          [
            110.464513,
            24.946986
          ],
          [
            110.464617,
            24.946953
          ],
          [
            110.464719,
            24.946929
          ],
          [
            110.464828,
            24.946941
          ],
          [
            110.464911,
            24.947001
          ],
          [
            110.46499,
            24.947066
          ],
          [
            110.46499,
            24.947066
          ],
          [
            110.464944,
            24.947173
          ],
          [
            110.464944,
            24.947173
          ],
          [
            110.464951,
            24.947264
          ],
          [
            110.464914,
            24.947348
          ],
          [
            110.464922,
            24.94744
          ],
          [
            110.464812,
            24.947431
          ],
          [
            110.464917,
            24.947433
          ],
          [
            110.464978,
            24.947345
          ],
          [
            110.465077,
            24.94729
          ],
          [
            110.465181,
            24.94724
          ],
          [
            110.465288,
            24.947212
          ],
          [
            110.465398,
            24.947187
          ],
          [
            110.465501,
            24.947159
          ],
          [
            110.465611,
            24.947135
          ],
          [
            110.465713,
            24.947114
          ],
          [
            110.465806,
            24.947084
          ],
          [
            110.465903,
            24.947081
          ],
          [
            110.46601,
            24.947063
          ],
          [
            110.466113,
            24.947035
          ],
          [
            110.466221,
            24.947038
          ],
          [
            110.466337,
            24.947024
          ],
          [
            110.466461,
            24.947003
          ],
          [
            110.466572,
            24.946968
          ],
          [
            110.466673,
            24.946928
          ],
          [
            110.46678,
            24.946915
          ],
          [
            110.466888,
            24.946909
          ],
          [
            110.467001,
            24.946927
          ],
          [
            110.467105,
            24.946949
          ],
          [
            110.467201,
            24.946979
          ],
          [
            110.46731,
            24.94701
          ],
          [
            110.467415,
            24.947035
          ],
          [
            110.467523,
            24.947049
          ],
          [
            110.467615,
            24.947083
          ],
          [
            110.467716,
            24.947102
          ],
          [
            110.46783,
            24.947115
          ],
          [
            110.467956,
            24.94712
          ],
          [
            110.468069,
            24.947124
          ],
          [
            110.468176,
            24.947119
          ],
          [
            110.468276,
            24.947096
          ],
          [
            110.468377,
            24.947087
          ],
          [
            110.468462,
            24.947125
          ],
          [
            110.468558,
            24.947144
          ],
          [
            110.468657,
            24.947151
          ],
          [
            110.468763,
            24.947151
          ],
          [
            110.468869,
            24.947164
          ],
          [
            110.468983,
            24.947166
          ],
          [
            110.469083,
            24.947169
          ],
          [
            110.469181,
            24.947158
          ],
          [
            110.469288,
            24.947162
          ],
          [
            110.469394,
            24.947193
          ],
          [
            110.469492,
            24.947226
          ],
          [
            110.469594,
            24.947239
          ],
          [
            110.469706,
            24.947252
          ],
          [
            110.469771,
            24.947263
          ],
          [
            110.469771,
            24.947263
          ],
          [
            110.469863,
            24.947212
          ],
          [
            110.469863,
            24.947212
          ],
          [
            110.469968,
            24.947199
          ],
          [
            110.469968,
            24.947199
          ],
          [
            110.469968,
            24.947199
          ],
          [
            110.469968,
            24.947199
          ],
          [
            110.470023,
            24.947286
          ],
          [
            110.470023,
            24.947286
          ],
          [
            110.470139,
            24.947306
          ],
          [
            110.47024,
            24.947347
          ],
          [
            110.470361,
            24.947402
          ],
          [
            110.470475,
            24.947441
          ],
          [
            110.470579,
            24.94747
          ],
          [
            110.470597,
            24.947476
          ],
          [
            110.470665,
            24.947491
          ],
          [
            110.470752,
            24.94752
          ],
          [
            110.47086,
            24.94755
          ],
          [
            110.470967,
            24.947568
          ],
          [
            110.471077,
            24.947595
          ],
          [
            110.471158,
            24.947651
          ],
          [
            110.471227,
            24.947695
          ],
          [
            110.471323,
            24.947733
          ],
          [
            110.471376,
            24.947829
          ],
          [
            110.47138,
            24.947928
          ],
          [
            110.471409,
            24.948031
          ],
          [
            110.471416,
            24.948136
          ],
          [
            110.471359,
            24.948227
          ],
          [
            110.471305,
            24.948296
          ],
          [
            110.471295,
            24.948242
          ],
          [
            110.471317,
            24.948142
          ],
          [
            110.471321,
            24.948098
          ],
          [
            110.471336,
            24.948009
          ],
          [
            110.471328,
            24.947904
          ],
          [
            110.471341,
            24.9478
          ],
          [
            110.471375,
            24.947707
          ],
          [
            110.471481,
            24.947693
          ],
          [
            110.471604,
            24.9477
          ],
          [
            110.471712,
            24.947664
          ],
          [
            110.47174,
            24.947576
          ],
          [
            110.471777,
            24.947483
          ],
          [
            110.471839,
            24.947505
          ],
          [
            110.471857,
            24.947542
          ],
          [
            110.471917,
            24.947598
          ],
          [
            110.472006,
            24.947654
          ],
          [
            110.472109,
            24.947709
          ],
          [
            110.472221,
            24.947743
          ],
          [
            110.47234,
            24.94776
          ],
          [
            110.472449,
            24.94776
          ],
          [
            110.472559,
            24.947789
          ],
          [
            110.472659,
            24.947827
          ],
          [
            110.472765,
            24.947865
          ],
          [
            110.472872,
            24.947903
          ],
          [
            110.472978,
            24.947934
          ],
          [
            110.473085,
            24.947957
          ],
          [
            110.473186,
            24.947978
          ],
          [
            110.47329,
            24.947997
          ],
          [
            110.473402,
            24.948001
          ],
          [
            110.473517,
            24.948012
          ],
          [
            110.473622,
            24.94803
          ],
          [
            110.473737,
            24.94805
          ],
          [
            110.473843,
            24.948072
          ],
          [
            110.473947,
            24.948107
          ],
          [
            110.474055,
            24.948134
          ],
          [
            110.474166,
            24.948173
          ],
          [
            110.474281,
            24.948208
          ],
          [
            110.474396,
            24.948231
          ],
          [
            110.474519,
            24.948236
          ],
          [
            110.474634,
            24.948255
          ],
          [
            110.474736,
            24.94828
          ],
          [
            110.474828,
            24.948325
          ],
          [
            110.474865,
            24.948412
          ],
          [
            110.474869,
            24.948455
          ],
          [
            110.474913,
            24.948391
          ],
          [
            110.475005,
            24.948343
          ],
          [
            110.475102,
            24.948293
          ],
          [
            110.475123,
            24.948291
          ],
          [
            110.475172,
            24.94835
          ],
          [
            110.475175,
            24.948422
          ],
          [
            110.475229,
            24.948511
          ],
          [
            110.475335,
            24.948553
          ],
          [
            110.47545,
            24.948579
          ],
          [
            110.475564,
            24.948624
          ],
          [
            110.475617,
            24.948647
          ],
          [
            110.475688,
            24.948596
          ],
          [
            110.475784,
            24.948556
          ],
          [
            110.475884,
            24.9485
          ],
          [
            110.475987,
            24.948459
          ],
          [
            110.476094,
            24.948466
          ],
          [
            110.476199,
            24.948494
          ],
          [
            110.476323,
            24.9485
          ],
          [
            110.47644,
            24.948491
          ],
          [
            110.476556,
            24.948505
          ],
          [
            110.47667,
            24.948532
          ],
          [
            110.476782,
            24.948563
          ],
          [
            110.476892,
            24.948598
          ],
          [
            110.477,
            24.948626
          ],
          [
            110.477113,
            24.948638
          ],
          [
            110.477223,
            24.948638
          ],
          [
            110.477338,
            24.948643
          ],
          [
            110.477451,
            24.948647
          ],
          [
            110.477569,
            24.948644
          ],
          [
            110.477678,
            24.948628
          ],
          [
            110.47778,
            24.948615
          ],
          [
            110.4779,
            24.948608
          ],
          [
            110.478023,
            24.948589
          ],
          [
            110.478137,
            24.948556
          ],
          [
            110.478259,
            24.948527
          ],
          [
            110.478363,
            24.948503
          ],
          [
            110.478442,
            24.948517
          ],
          [
            110.478536,
            24.948547
          ],
          [
            110.478648,
            24.948553
          ],
          [
            110.478765,
            24.948554
          ],
          [
            110.478881,
            24.948548
          ],
          [
            110.478958,
            24.948609
          ],
          [
            110.478958,
            24.948609
          ],
          [
            110.478995,
            24.948678
          ],
          [
            110.478995,
            24.948678
          ],
          [
            110.478957,
            24.948631
          ],
          [
            110.478987,
            24.948549
          ],
          [
            110.479072,
            24.948494
          ],
          [
            110.479174,
            24.948432
          ],
          [
            110.479279,
            24.948364
          ],
          [
            110.479395,
            24.948314
          ],
          [
            110.479504,
            24.948272
          ],
          [
            110.479615,
            24.948231
          ],
          [
            110.479712,
            24.948177
          ],
          [
            110.479812,
            24.948142
          ],
          [
            110.479916,
            24.948102
          ],
          [
            110.480012,
            24.948047
          ],
          [
            110.480108,
            24.948005
          ],
          [
            110.48019,
            24.94795
          ],
          [
            110.480269,
            24.947887
          ],
          [
            110.480359,
            24.947821
          ],
          [
            110.480442,
            24.947752
          ],
          [
            110.480541,
            24.947724
          ],
          [
            110.480589,
            24.947796
          ],
          [
            110.480674,
            24.947844
          ],
          [
            110.480639,
            24.947915
          ],
          [
            110.480665,
            24.947998
          ],
          [
            110.480654,
            24.94795
          ],
          [
            110.4807,
            24.947873
          ],
          [
            110.480784,
            24.94781
          ],
          [
            110.480878,
            24.947753
          ],
          [
            110.480964,
            24.94769
          ],
          [
            110.481063,
            24.947679
          ],
          [
            110.481133,
            24.947711
          ],
          [
            110.481102,
            24.947654
          ],
          [
            110.481044,
            24.947574
          ],
          [
            110.481039,
            24.947473
          ],
          [
            110.481075,
            24.947373
          ],
          [
            110.481089,
            24.94731
          ],
          [
            110.481112,
            24.947219
          ],
          [
            110.48113,
            24.947179
          ],
          [
            110.481096,
            24.947252
          ],
          [
            110.481133,
            24.947347
          ],
          [
            110.481196,
            24.947327
          ],
          [
            110.481244,
            24.947221
          ],
          [
            110.481223,
            24.947141
          ],
          [
            110.481249,
            24.947181
          ],
          [
            110.481261,
            24.947197
          ],
          [
            110.481261,
            24.947197
          ],
          [
            110.481261,
            24.947197
          ],
          [
            110.481261,
            24.947197
          ],
          [
            110.481322,
            24.947116
          ],
          [
            110.481322,
            24.947116
          ],
          [
            110.481432,
            24.947118
          ],
          [
            110.481541,
            24.947117
          ],
          [
            110.481648,
            24.94713
          ],
          [
            110.481755,
            24.947146
          ],
          [
            110.481871,
            24.947148
          ],
          [
            110.481956,
            24.947113
          ],
          [
            110.482063,
            24.947106
          ],
          [
            110.482112,
            24.947116
          ],
          [
            110.482207,
            24.947116
          ],
          [
            110.482305,
            24.947096
          ],
          [
            110.482399,
            24.947053
          ],
          [
            110.482504,
            24.947006
          ],
          [
            110.482607,
            24.946956
          ],
          [
            110.482702,
            24.946894
          ],
          [
            110.482788,
            24.946815
          ],
          [
            110.482864,
            24.946735
          ],
          [
            110.482898,
            24.946694
          ],
          [
            110.482956,
            24.946642
          ],
          [
            110.483033,
            24.946577
          ],
          [
            110.483105,
            24.946503
          ],
          [
            110.483173,
            24.946423
          ],
          [
            110.483239,
            24.946344
          ],
          [
            110.48331,
            24.946274
          ],
          [
            110.483394,
            24.946217
          ],
          [
            110.483476,
            24.946157
          ],
          [
            110.483559,
            24.946099
          ],
          [
            110.483639,
            24.946041
          ],
          [
            110.483723,
            24.94599
          ],
          [
            110.483811,
            24.945942
          ],
          [
            110.483906,
            24.945904
          ],
          [
            110.483962,
            24.945832
          ],
          [
            110.484027,
            24.945755
          ],
          [
            110.484081,
            24.945673
          ],
          [
            110.484159,
            24.945614
          ],
          [
            110.484249,
            24.945542
          ],
          [
            110.484347,
            24.945481
          ],
          [
            110.484439,
            24.945421
          ],
          [
            110.48452,
            24.945367
          ],
          [
            110.484612,
            24.945305
          ],
          [
            110.484703,
            24.945234
          ],
          [
            110.484793,
            24.945162
          ],
          [
            110.484909,
            24.945121
          ],
          [
            110.485003,
            24.945067
          ],
          [
            110.485083,
            24.94499
          ],
          [
            110.485162,
            24.944912
          ],
          [
            110.485244,
            24.944848
          ],
          [
            110.485331,
            24.944786
          ],
          [
            110.485416,
            24.944728
          ],
          [
            110.485496,
            24.944648
          ],
          [
            110.485566,
            24.944564
          ],
          [
            110.485587,
            24.944531
          ],
          [
            110.485653,
            24.944473
          ],
          [
            110.485706,
            24.944433
          ],
          [
            110.48579,
            24.944373
          ],
          [
            110.485895,
            24.944334
          ],
          [
            110.485983,
            24.944275
          ],
          [
            110.486068,
            24.944204
          ],
          [
            110.486142,
            24.944147
          ],
          [
            110.486168,
            24.944066
          ],
          [
            110.486214,
            24.943977
          ],
          [
            110.486262,
            24.943883
          ],
          [
            110.486355,
            24.943833
          ],
          [
            110.486417,
            24.943721
          ],
          [
            110.486435,
            24.943621
          ],
          [
            110.486482,
            24.943534
          ],
          [
            110.486503,
            24.943444
          ],
          [
            110.486502,
            24.943336
          ],
          [
            110.486517,
            24.943238
          ],
          [
            110.486573,
            24.943158
          ],
          [
            110.486627,
            24.943078
          ],
          [
            110.486698,
            24.94301
          ],
          [
            110.486758,
            24.942938
          ],
          [
            110.486802,
            24.942851
          ],
          [
            110.486884,
            24.94276
          ],
          [
            110.486981,
            24.942667
          ],
          [
            110.487045,
            24.94258
          ],
          [
            110.487081,
            24.942489
          ],
          [
            110.487052,
            24.942393
          ],
          [
            110.487046,
            24.942288
          ],
          [
            110.487049,
            24.942183
          ],
          [
            110.487025,
            24.942082
          ],
          [
            110.486991,
            24.941984
          ],
          [
            110.487023,
            24.941905
          ],
          [
            110.487068,
            24.941812
          ],
          [
            110.487118,
            24.941726
          ],
          [
            110.487148,
            24.941629
          ],
          [
            110.487168,
            24.941537
          ],
          [
            110.487171,
            24.941446
          ],
          [
            110.487192,
            24.941359
          ],
          [
            110.48723,
            24.941263
          ],
          [
            110.487292,
            24.941183
          ],
          [
            110.487323,
            24.941122
          ],
          [
            110.487347,
            24.941041
          ],
          [
            110.487241,
            24.941056
          ],
          [
            110.487261,
            24.940955
          ],
          [
            110.48724,
            24.940831
          ],
          [
            110.487268,
            24.94073
          ],
          [
            110.487247,
            24.940628
          ],
          [
            110.487251,
            24.94069
          ],
          [
            110.487218,
            24.940799
          ],
          [
            110.487145,
            24.940895
          ],
          [
            110.48708,
            24.940996
          ],
          [
            110.487029,
            24.941088
          ],
          [
            110.486988,
            24.941174
          ],
          [
            110.486958,
            24.941272
          ],
          [
            110.486915,
            24.941358
          ],
          [
            110.486829,
            24.941384
          ],
          [
            110.486805,
            24.941385
          ],
          [
            110.486744,
            24.941439
          ],
          [
            110.486634,
            24.94143
          ],
          [
            110.486662,
            24.94136
          ],
          [
            110.486701,
            24.941277
          ],
          [
            110.486758,
            24.941194
          ],
          [
            110.486827,
            24.941095
          ],
          [
            110.486885,
            24.940993
          ],
          [
            110.486927,
            24.940887
          ],
          [
            110.486972,
            24.940787
          ],
          [
            110.487025,
            24.940696
          ],
          [
            110.487081,
            24.940611
          ],
          [
            110.487142,
            24.940533
          ],
          [
            110.487191,
            24.940524
          ],
          [
            110.487169,
            24.94046
          ],
          [
            110.487173,
            24.940363
          ],
          [
            110.487175,
            24.94027
          ],
          [
            110.487162,
            24.940176
          ],
          [
            110.487149,
            24.940073
          ],
          [
            110.487134,
            24.939971
          ],
          [
            110.487115,
            24.939875
          ],
          [
            110.487084,
            24.939775
          ],
          [
            110.487071,
            24.939682
          ],
          [
            110.487056,
            24.939584
          ],
          [
            110.487051,
            24.93949
          ],
          [
            110.487048,
            24.939385
          ],
          [
            110.48706,
            24.939327
          ],
          [
            110.487078,
            24.939248
          ],
          [
            110.487123,
            24.93916
          ],
          [
            110.487172,
            24.939058
          ],
          [
            110.487221,
            24.938955
          ],
          [
            110.487263,
            24.938855
          ],
          [
            110.487279,
            24.938754
          ],
          [
            110.487271,
            24.938724
          ],
          [
            110.487204,
            24.938652
          ],
          [
            110.487122,
            24.938585
          ],
          [
            110.487024,
            24.938513
          ],
          [
            110.486925,
            24.93844
          ],
          [
            110.486867,
            24.93841
          ],
          [
            110.486901,
            24.93835
          ],
          [
            110.486928,
            24.938253
          ],
          [
            110.486951,
            24.93821
          ],
          [
            110.486951,
            24.93821
          ],
          [
            110.486951,
            24.93821
          ],
          [
            110.486951,
            24.93821
          ],
          [
            110.487058,
            24.938198
          ],
          [
            110.487058,
            24.938198
          ],
          [
            110.487104,
            24.938112
          ],
          [
            110.487051,
            24.938038
          ],
          [
            110.486972,
            24.937957
          ],
          [
            110.486887,
            24.937839
          ],
          [
            110.486843,
            24.937727
          ],
          [
            110.486824,
            24.937604
          ],
          [
            110.486811,
            24.937502
          ],
          [
            110.486815,
            24.937381
          ],
          [
            110.486837,
            24.937282
          ],
          [
            110.486867,
            24.937185
          ],
          [
            110.486902,
            24.937088
          ],
          [
            110.486973,
            24.93699
          ],
          [
            110.48706,
            24.936893
          ],
          [
            110.487131,
            24.936798
          ],
          [
            110.487161,
            24.936708
          ],
          [
            110.487169,
            24.93661
          ],
          [
            110.487143,
            24.936516
          ],
          [
            110.487101,
            24.936424
          ],
          [
            110.487081,
            24.936322
          ],
          [
            110.487113,
            24.936207
          ],
          [
            110.48707,
            24.936106
          ],
          [
            110.487054,
            24.936004
          ],
          [
            110.487035,
            24.935898
          ],
          [
            110.48702,
            24.935791
          ],
          [
            110.487006,
            24.935691
          ],
          [
            110.486989,
            24.935596
          ],
          [
            110.486981,
            24.935497
          ],
          [
            110.486977,
            24.935391
          ],
          [
            110.486972,
            24.935292
          ],
          [
            110.486959,
            24.9352
          ],
          [
            110.486928,
            24.935092
          ],
          [
            110.48693,
            24.935143
          ],
          [
            110.486962,
            24.935244
          ],
          [
            110.486974,
            24.935369
          ],
          [
            110.486991,
            24.935488
          ],
          [
            110.486989,
            24.935595
          ],
          [
            110.486986,
            24.935708
          ],
          [
            110.486989,
            24.935822
          ],
          [
            110.487001,
            24.935934
          ],
          [
            110.487012,
            24.936051
          ],
          [
            110.487022,
            24.936151
          ],
          [
            110.48703,
            24.936244
          ],
          [
            110.487024,
            24.936346
          ],
          [
            110.486942,
            24.936385
          ],
          [
            110.486829,
            24.936368
          ],
          [
            110.486722,
            24.93631
          ],
          [
            110.486649,
            24.936221
          ],
          [
            110.48654,
            24.936168
          ],
          [
            110.486431,
            24.936128
          ],
          [
            110.486335,
            24.936073
          ],
          [
            110.486232,
            24.936022
          ],
          [
            110.486126,
            24.935977
          ],
          [
            110.486028,
            24.935926
          ],
          [
            110.485931,
            24.935866
          ],
          [
            110.485852,
            24.935795
          ],
          [
            110.485769,
            24.935735
          ],
          [
            110.48567,
            24.935689
          ],
          [
            110.485567,
            24.935654
          ],
          [
            110.485482,
            24.935605
          ],
          [
            110.485398,
            24.935552
          ],
          [
            110.485308,
            24.935503
          ],
          [
            110.485269,
            24.935498
          ],
          [
            110.485173,
            24.935475
          ],
          [
            110.485084,
            24.935425
          ],
          [
            110.485015,
            24.935353
          ],
          [
            110.484932,
            24.935279
          ],
          [
            110.484847,
            24.935216
          ],
          [
            110.484752,
            24.935156
          ],
          [
            110.484658,
            24.935098
          ],
          [
            110.484576,
            24.935032
          ],
          [
            110.484487,
            24.934963
          ],
          [
            110.484413,
            24.934884
          ],
          [
            110.484338,
            24.934801
          ],
          [
            110.484268,
            24.934721
          ],
          [
            110.484182,
            24.934659
          ],
          [
            110.484096,
            24.934604
          ],
          [
            110.484023,
            24.934535
          ],
          [
            110.483957,
            24.934449
          ],
          [
            110.483907,
            24.934357
          ],
          [
            110.483852,
            24.93427
          ],
          [
            110.48379,
            24.934191
          ],
          [
            110.483707,
            24.934122
          ],
          [
            110.483633,
            24.934034
          ],
          [
            110.483575,
            24.933946
          ],
          [
            110.483532,
            24.933858
          ],
          [
            110.483482,
            24.933773
          ],
          [
            110.483439,
            24.933688
          ],
          [
            110.4834,
            24.933595
          ],
          [
            110.483365,
            24.933499
          ],
          [
            110.483336,
            24.933403
          ],
          [
            110.483321,
            24.933353
          ],
          [
            110.483295,
            24.933273
          ],
          [
            110.483221,
            24.933224
          ],
          [
            110.48319,
            24.933135
          ],
          [
            110.483161,
            24.93304
          ],
          [
            110.483161,
            24.932946
          ],
          [
            110.483161,
            24.932897
          ],
          [
            110.483174,
            24.932814
          ],
          [
            110.483227,
            24.932727
          ],
          [
            110.483228,
            24.932636
          ],
          [
            110.483222,
            24.932532
          ],
          [
            110.483194,
            24.932435
          ],
          [
            110.483198,
            24.93236
          ],
          [
            110.483189,
            24.932265
          ],
          [
            110.483165,
            24.932175
          ],
          [
            110.483154,
            24.932067
          ],
          [
            110.483147,
            24.932013
          ],
          [
            110.483208,
            24.931958
          ],
          [
            110.483308,
            24.931971
          ],
          [
            110.483399,
            24.932036
          ],
          [
            110.483485,
            24.932123
          ],
          [
            110.483581,
            24.932208
          ],
          [
            110.483677,
            24.9322
          ],
          [
            110.483757,
            24.932131
          ],
          [
            110.48383,
            24.932046
          ],
          [
            110.483901,
            24.931968
          ],
          [
            110.483963,
            24.931891
          ],
          [
            110.484022,
            24.931809
          ],
          [
            110.484088,
            24.931732
          ],
          [
            110.484158,
            24.931664
          ],
          [
            110.484227,
            24.931593
          ],
          [
            110.484289,
            24.931512
          ],
          [
            110.484348,
            24.931431
          ],
          [
            110.484406,
            24.931344
          ],
          [
            110.484483,
            24.931271
          ],
          [
            110.484548,
            24.931184
          ],
          [
            110.484604,
            24.931097
          ],
          [
            110.484669,
            24.931013
          ],
          [
            110.484756,
            24.930936
          ],
          [
            110.484838,
            24.930862
          ],
          [
            110.484909,
            24.930786
          ],
          [
            110.484975,
            24.930712
          ],
          [
            110.485053,
            24.93064
          ],
          [
            110.485128,
            24.930557
          ],
          [
            110.485185,
            24.93047
          ],
          [
            110.485237,
            24.930391
          ],
          [
            110.48529,
            24.930303
          ],
          [
            110.485339,
            24.930201
          ],
          [
            110.485332,
            24.930101
          ],
          [
            110.485339,
            24.929997
          ],
          [
            110.485332,
            24.929893
          ],
          [
            110.485356,
            24.929786
          ],
          [
            110.485393,
            24.929682
          ],
          [
            110.485392,
            24.929584
          ],
          [
            110.485383,
            24.929485
          ],
          [
            110.485418,
            24.929393
          ],
          [
            110.485456,
            24.929293
          ],
          [
            110.485475,
            24.929197
          ],
          [
            110.485503,
            24.929097
          ],
          [
            110.485549,
            24.929009
          ],
          [
            110.48559,
            24.92892
          ],
          [
            110.485615,
            24.92882
          ],
          [
            110.485648,
            24.92872
          ],
          [
            110.4857,
            24.928622
          ],
          [
            110.485758,
            24.928535
          ],
          [
            110.485809,
            24.928451
          ],
          [
            110.48586,
            24.928371
          ],
          [
            110.48592,
            24.928283
          ],
          [
            110.485978,
            24.928203
          ],
          [
            110.486037,
            24.928125
          ],
          [
            110.486098,
            24.928045
          ],
          [
            110.486147,
            24.927956
          ],
          [
            110.486203,
            24.927862
          ],
          [
            110.486274,
            24.927772
          ],
          [
            110.486337,
            24.927678
          ],
          [
            110.486402,
            24.927598
          ],
          [
            110.486459,
            24.927508
          ],
          [
            110.486505,
            24.92742
          ],
          [
            110.486557,
            24.927336
          ],
          [
            110.486632,
            24.927259
          ],
          [
            110.486688,
            24.927162
          ],
          [
            110.486765,
            24.927073
          ],
          [
            110.486839,
            24.926994
          ],
          [
            110.486905,
            24.926919
          ],
          [
            110.486968,
            24.926845
          ],
          [
            110.486979,
            24.926782
          ],
          [
            110.487032,
            24.926697
          ],
          [
            110.487101,
            24.926615
          ],
          [
            110.487159,
            24.926531
          ],
          [
            110.487222,
            24.926454
          ],
          [
            110.487259,
            24.926413
          ],
          [
            110.487291,
            24.926331
          ],
          [
            110.487342,
            24.926239
          ],
          [
            110.487434,
            24.926163
          ],
          [
            110.487518,
            24.926085
          ],
          [
            110.487602,
            24.926005
          ],
          [
            110.487673,
            24.925932
          ],
          [
            110.487743,
            24.925844
          ],
          [
            110.487806,
            24.925759
          ],
          [
            110.487879,
            24.925681
          ],
          [
            110.487954,
            24.925587
          ],
          [
            110.48803,
            24.92549
          ],
          [
            110.488116,
            24.925392
          ],
          [
            110.488198,
            24.925301
          ],
          [
            110.488283,
            24.92532
          ],
          [
            110.488382,
            24.925282
          ],
          [
            110.488463,
            24.92521
          ],
          [
            110.488532,
            24.925128
          ],
          [
            110.488614,
            24.925048
          ],
          [
            110.488677,
            24.924968
          ],
          [
            110.488749,
            24.92489
          ],
          [
            110.488829,
            24.92482
          ],
          [
            110.488911,
            24.924758
          ],
          [
            110.488984,
            24.924687
          ],
          [
            110.489071,
            24.924612
          ],
          [
            110.489165,
            24.924552
          ],
          [
            110.489264,
            24.924478
          ],
          [
            110.489362,
            24.924415
          ],
          [
            110.48946,
            24.92437
          ],
          [
            110.489547,
            24.924315
          ],
          [
            110.48964,
            24.924264
          ],
          [
            110.489738,
            24.924211
          ],
          [
            110.489839,
            24.924163
          ],
          [
            110.489936,
            24.924114
          ],
          [
            110.490029,
            24.924074
          ],
          [
            110.490133,
            24.924036
          ],
          [
            110.490238,
            24.923994
          ],
          [
            110.490341,
            24.923937
          ],
          [
            110.490451,
            24.923886
          ],
          [
            110.490557,
            24.923835
          ],
          [
            110.490662,
            24.923792
          ],
          [
            110.490767,
            24.923763
          ],
          [
            110.490869,
            24.923739
          ],
          [
            110.490978,
            24.923717
          ],
          [
            110.491084,
            24.923693
          ],
          [
            110.49119,
            24.923675
          ],
          [
            110.491298,
            24.923658
          ],
          [
            110.491407,
            24.923631
          ],
          [
            110.491514,
            24.923604
          ],
          [
            110.491613,
            24.923579
          ],
          [
            110.491714,
            24.923561
          ],
          [
            110.491821,
            24.923547
          ],
          [
            110.491925,
            24.923535
          ],
          [
            110.492027,
            24.923528
          ],
          [
            110.492127,
            24.923524
          ],
          [
            110.492237,
            24.923512
          ],
          [
            110.492341,
            24.923502
          ],
          [
            110.492449,
            24.923476
          ],
          [
            110.492475,
            24.923467
          ],
          [
            110.492475,
            24.923467
          ],
          [
            110.492566,
            24.923476
          ],
          [
            110.492566,
            24.923476
          ],
          [
            110.492688,
            24.923466
          ],
          [
            110.492808,
            24.923465
          ],
          [
            110.492912,
            24.923461
          ],
          [
            110.493022,
            24.923454
          ],
          [
            110.493142,
            24.92345
          ],
          [
            110.493261,
            24.923449
          ],
          [
            110.493365,
            24.923454
          ],
          [
            110.493466,
            24.923456
          ],
          [
            110.493566,
            24.923459
          ],
          [
            110.493677,
            24.92346
          ],
          [
            110.493782,
            24.923457
          ],
          [
            110.493901,
            24.923452
          ],
          [
            110.494016,
            24.923448
          ],
          [
            110.49413,
            24.923438
          ],
          [
            110.494244,
            24.923431
          ],
          [
            110.494361,
            24.923434
          ],
          [
            110.494475,
            24.923433
          ],
          [
            110.494583,
            24.923432
          ],
          [
            110.494684,
            24.923419
          ],
          [
            110.494799,
            24.923406
          ],
          [
            110.494918,
            24.923394
          ],
          [
            110.495024,
            24.923385
          ],
          [
            110.495136,
            24.923377
          ],
          [
            110.495256,
            24.923367
          ],
          [
            110.495365,
            24.923351
          ],
          [
            110.49548,
            24.923322
          ],
          [
            110.495587,
            24.923293
          ],
          [
            110.495697,
            24.923271
          ],
          [
            110.495797,
            24.923243
          ],
          [
            110.495899,
            24.923236
          ],
          [
            110.49601,
            24.923249
          ],
          [
            110.496131,
            24.923248
          ],
          [
            110.496254,
            24.923248
          ],
          [
            110.496366,
            24.923253
          ],
          [
            110.496471,
            24.923239
          ],
          [
            110.496578,
            24.923206
          ],
          [
            110.496691,
            24.923184
          ],
          [
            110.496808,
            24.923182
          ],
          [
            110.496923,
            24.923188
          ],
          [
            110.49704,
            24.923186
          ],
          [
            110.49715,
            24.923195
          ],
          [
            110.497268,
            24.923202
          ],
          [
            110.497374,
            24.923213
          ],
          [
            110.49748,
            24.92322
          ],
          [
            110.497517,
            24.923235
          ],
          [
            110.49761,
            24.923244
          ],
          [
            110.497692,
            24.923247
          ],
          [
            110.497807,
            24.923252
          ],
          [
            110.497925,
            24.923258
          ],
          [
            110.498056,
            24.923253
          ],
          [
            110.498181,
            24.923257
          ],
          [
            110.498304,
            24.923266
          ],
          [
            110.498419,
            24.923278
          ],
          [
            110.498536,
            24.923305
          ],
          [
            110.498646,
            24.923318
          ],
          [
            110.498756,
            24.923313
          ],
          [
            110.498868,
            24.923321
          ],
          [
            110.498974,
            24.923329
          ],
          [
            110.499084,
            24.923342
          ],
          [
            110.499189,
            24.923331
          ],
          [
            110.499208,
            24.923352
          ],
          [
            110.499286,
            24.923367
          ],
          [
            110.499384,
            24.923372
          ],
          [
            110.499384,
            24.923372
          ],
          [
            110.499496,
            24.923403
          ],
          [
            110.499496,
            24.923403
          ],
          [
            110.499583,
            24.923409
          ],
          [
            110.499677,
            24.92343
          ],
          [
            110.499778,
            24.923445
          ],
          [
            110.499887,
            24.923457
          ],
          [
            110.499948,
            24.923463
          ],
          [
            110.500043,
            24.923475
          ],
          [
            110.500143,
            24.923477
          ],
          [
            110.50026,
            24.923497
          ],
          [
            110.50038,
            24.923524
          ],
          [
            110.500497,
            24.92354
          ],
          [
            110.500609,
            24.923569
          ],
          [
            110.500726,
            24.923606
          ],
          [
            110.500798,
            24.923626
          ],
          [
            110.500879,
            24.923667
          ],
          [
            110.500993,
            24.923705
          ],
          [
            110.50112,
            24.923727
          ],
          [
            110.501238,
            24.92375
          ],
          [
            110.501344,
            24.923776
          ],
          [
            110.501456,
            24.923801
          ],
          [
            110.501558,
            24.923824
          ],
          [
            110.501669,
            24.92381
          ],
          [
            110.501784,
            24.923811
          ],
          [
            110.501888,
            24.923833
          ],
          [
            110.501993,
            24.92388
          ],
          [
            110.502102,
            24.923921
          ],
          [
            110.502198,
            24.923976
          ],
          [
            110.502296,
            24.924008
          ],
          [
            110.502402,
            24.924014
          ],
          [
            110.502511,
            24.92403
          ],
          [
            110.502619,
            24.924056
          ],
          [
            110.502721,
            24.924095
          ],
          [
            110.502831,
            24.924136
          ],
          [
            110.502932,
            24.924175
          ],
          [
            110.503026,
            24.924209
          ],
          [
            110.503127,
            24.924253
          ],
          [
            110.503219,
            24.924301
          ],
          [
            110.503307,
            24.924349
          ],
          [
            110.503396,
            24.924394
          ],
          [
            110.503486,
            24.924433
          ],
          [
            110.503566,
            24.924491
          ],
          [
            110.503628,
            24.924566
          ],
          [
            110.503726,
            24.924612
          ],
          [
            110.503807,
            24.924675
          ],
          [
            110.50392,
            24.924706
          ],
          [
            110.504031,
            24.92475
          ],
          [
            110.504131,
            24.924793
          ],
          [
            110.504229,
            24.924835
          ],
          [
            110.504319,
            24.924895
          ],
          [
            110.504413,
            24.924936
          ],
          [
            110.504515,
            24.924975
          ],
          [
            110.504617,
            24.924993
          ],
          [
            110.504717,
            24.925009
          ],
          [
            110.504818,
            24.925019
          ],
          [
            110.504919,
            24.925036
          ],
          [
            110.505036,
            24.925061
          ],
          [
            110.505157,
            24.925079
          ],
          [
            110.505277,
            24.925103
          ],
          [
            110.505383,
            24.92513
          ],
          [
            110.505482,
            24.925121
          ],
          [
            110.505599,
            24.925115
          ],
          [
            110.50571,
            24.925114
          ],
          [
            110.505816,
            24.925119
          ],
          [
            110.505916,
            24.925131
          ],
          [
            110.506017,
            24.925153
          ],
          [
            110.506115,
            24.925177
          ],
          [
            110.50621,
            24.925226
          ],
          [
            110.50631,
            24.925255
          ],
          [
            110.506416,
            24.925282
          ],
          [
            110.506522,
            24.925299
          ],
          [
            110.506635,
            24.925326
          ],
          [
            110.506739,
            24.925366
          ],
          [
            110.506847,
            24.925402
          ],
          [
            110.50696,
            24.925439
          ],
          [
            110.507066,
            24.92546
          ],
          [
            110.507165,
            24.925496
          ],
          [
            110.507266,
            24.925534
          ],
          [
            110.507368,
            24.925581
          ],
          [
            110.50747,
            24.925618
          ],
          [
            110.50757,
            24.925639
          ],
          [
            110.507682,
            24.925659
          ],
          [
            110.5078,
            24.925686
          ],
          [
            110.507906,
            24.925703
          ],
          [
            110.508009,
            24.925721
          ],
          [
            110.508114,
            24.925744
          ],
          [
            110.508218,
            24.925763
          ],
          [
            110.508327,
            24.925793
          ],
          [
            110.50843,
            24.925819
          ],
          [
            110.508534,
            24.925867
          ],
          [
            110.508633,
            24.9259
          ],
          [
            110.508739,
            24.925919
          ],
          [
            110.508846,
            24.925949
          ],
          [
            110.50895,
            24.92598
          ],
          [
            110.509002,
            24.926056
          ],
          [
            110.509085,
            24.926066
          ],
          [
            110.509184,
            24.92609
          ],
          [
            110.509297,
            24.926114
          ],
          [
            110.509398,
            24.926156
          ],
          [
            110.509497,
            24.926178
          ],
          [
            110.509611,
            24.926192
          ],
          [
            110.509644,
            24.926191
          ],
          [
            110.509719,
            24.926233
          ],
          [
            110.50981,
            24.926225
          ],
          [
            110.509923,
            24.926242
          ],
          [
            110.510038,
            24.92628
          ],
          [
            110.510145,
            24.926315
          ],
          [
            110.510263,
            24.926334
          ],
          [
            110.510377,
            24.926336
          ],
          [
            110.510485,
            24.926347
          ],
          [
            110.510591,
            24.926362
          ],
          [
            110.510696,
            24.926411
          ],
          [
            110.510809,
            24.926439
          ],
          [
            110.510921,
            24.926445
          ],
          [
            110.51102,
            24.926477
          ],
          [
            110.511137,
            24.926498
          ],
          [
            110.511249,
            24.926521
          ],
          [
            110.511362,
            24.926547
          ],
          [
            110.511471,
            24.926568
          ],
          [
            110.51157,
            24.926598
          ],
          [
            110.511679,
            24.926609
          ],
          [
            110.51179,
            24.926612
          ],
          [
            110.511807,
            24.926689
          ],
          [
            110.511821,
            24.926758
          ],
          [
            110.511821,
            24.926758
          ],
          [
            110.511932,
            24.926812
          ],
          [
            110.511932,
            24.926812
          ],
          [
            110.512519,
            24.926809
          ],
          [
            110.512747,
            24.926789
          ],
          [
            110.512907,
            24.92677
          ],
          [
            110.513041,
            24.926755
          ],
          [
            110.513165,
            24.926731
          ],
          [
            110.513289,
            24.926695
          ],
          [
            110.513394,
            24.926638
          ],
          [
            110.513505,
            24.926574
          ],
          [
            110.513608,
            24.926496
          ],
          [
            110.513716,
            24.926424
          ],
          [
            110.513822,
            24.926362
          ],
          [
            110.513914,
            24.926291
          ],
          [
            110.514008,
            24.926217
          ],
          [
            110.514096,
            24.926141
          ],
          [
            110.514193,
            24.926071
          ],
          [
            110.514294,
            24.926007
          ],
          [
            110.514401,
            24.92595
          ],
          [
            110.514545,
            24.925871
          ],
          [
            110.514659,
            24.925813
          ],
          [
            110.514792,
            24.92576
          ],
          [
            110.514921,
            24.925728
          ],
          [
            110.515093,
            24.925792
          ],
          [
            110.515279,
            24.925869
          ],
          [
            110.515415,
            24.925909
          ],
          [
            110.515531,
            24.925935
          ],
          [
            110.515648,
            24.925921
          ],
          [
            110.515747,
            24.925875
          ],
          [
            110.515887,
            24.92577
          ],
          [
            110.515992,
            24.925683
          ],
          [
            110.516086,
            24.925609
          ],
          [
            110.516194,
            24.925559
          ],
          [
            110.516297,
            24.925504
          ],
          [
            110.516398,
            24.925447
          ],
          [
            110.516505,
            24.925382
          ],
          [
            110.516604,
            24.925331
          ],
          [
            110.51671,
            24.925301
          ],
          [
            110.51682,
            24.925284
          ],
          [
            110.516921,
            24.925265
          ],
          [
            110.517083,
            24.925268
          ],
          [
            110.517265,
            24.925287
          ],
          [
            110.517391,
            24.92531
          ],
          [
            110.517509,
            24.925331
          ],
          [
            110.517623,
            24.925348
          ],
          [
            110.517734,
            24.925358
          ],
          [
            110.517844,
            24.925356
          ],
          [
            110.517959,
            24.925337
          ],
          [
            110.518066,
            24.9253
          ],
          [
            110.518162,
            24.925265
          ],
          [
            110.518247,
            24.925216
          ],
          [
            110.518307,
            24.925143
          ],
          [
            110.518393,
            24.925012
          ],
          [
            110.518509,
            24.924892
          ],
          [
            110.518663,
            24.924779
          ],
          [
            110.518822,
            24.924678
          ],
          [
            110.518934,
            24.924612
          ],
          [
            110.51903,
            24.924545
          ],
          [
            110.51898,
            24.924486
          ],
          [
            110.518892,
            24.924429
          ],
          [
            110.51894,
            24.924444
          ],
          [
            110.518995,
            24.924517
          ],
          [
            110.519005,
            24.92454
          ],
          [
            110.519136,
            24.924515
          ],
          [
            110.519254,
            24.924431
          ],
          [
            110.519357,
            24.924297
          ],
          [
            110.519434,
            24.924167
          ],
          [
            110.519501,
            24.924029
          ],
          [
            110.519554,
            24.923898
          ],
          [
            110.519622,
            24.923809
          ],
          [
            110.519732,
            24.923755
          ],
          [
            110.519848,
            24.923711
          ],
          [
            110.520011,
            24.92366
          ],
          [
            110.52015,
            24.92362
          ],
          [
            110.520259,
            24.923561
          ],
          [
            110.520356,
            24.923486
          ],
          [
            110.520454,
            24.923396
          ],
          [
            110.520516,
            24.923302
          ],
          [
            110.520602,
            24.923226
          ],
          [
            110.520708,
            24.923175
          ],
          [
            110.520833,
            24.923118
          ],
          [
            110.520931,
            24.923053
          ],
          [
            110.521014,
            24.922972
          ],
          [
            110.521101,
            24.922899
          ],
          [
            110.521171,
            24.922812
          ],
          [
            110.521215,
            24.922713
          ],
          [
            110.521259,
            24.922617
          ],
          [
            110.521298,
            24.922515
          ],
          [
            110.521341,
            24.922404
          ],
          [
            110.521377,
            24.92229
          ],
          [
            110.521421,
            24.92217
          ],
          [
            110.521474,
            24.922048
          ],
          [
            110.521525,
            24.92193
          ],
          [
            110.521577,
            24.92182
          ],
          [
            110.521641,
            24.921719
          ],
          [
            110.521736,
            24.921665
          ],
          [
            110.521868,
            24.921645
          ],
          [
            110.522013,
            24.921641
          ],
          [
            110.52216,
            24.921628
          ],
          [
            110.522291,
            24.92161
          ],
          [
            110.522404,
            24.921601
          ],
          [
            110.522538,
            24.921654
          ],
          [
            110.522683,
            24.921715
          ],
          [
            110.522808,
            24.921766
          ],
          [
            110.522933,
            24.921807
          ],
          [
            110.52305,
            24.921819
          ],
          [
            110.523159,
            24.921826
          ],
          [
            110.523276,
            24.921791
          ],
          [
            110.523358,
            24.921702
          ],
          [
            110.523419,
            24.921601
          ],
          [
            110.523467,
            24.921492
          ],
          [
            110.523529,
            24.921332
          ],
          [
            110.523544,
            24.921236
          ],
          [
            110.523609,
            24.921104
          ],
          [
            110.523667,
            24.920944
          ],
          [
            110.52371,
            24.920795
          ],
          [
            110.523752,
            24.920651
          ],
          [
            110.523698,
            24.920575
          ],
          [
            110.523596,
            24.920548
          ],
          [
            110.523482,
            24.920536
          ],
          [
            110.523299,
            24.920505
          ],
          [
            110.523084,
            24.920465
          ],
          [
            110.522934,
            24.920434
          ],
          [
            110.522807,
            24.920407
          ],
          [
            110.522699,
            24.920372
          ],
          [
            110.52259,
            24.920327
          ],
          [
            110.522477,
            24.920292
          ],
          [
            110.522367,
            24.920279
          ],
          [
            110.522208,
            24.920231
          ],
          [
            110.522064,
            24.920131
          ],
          [
            110.521977,
            24.919996
          ],
          [
            110.521965,
            24.919859
          ],
          [
            110.521991,
            24.919745
          ],
          [
            110.522022,
            24.919618
          ],
          [
            110.522106,
            24.919485
          ],
          [
            110.522183,
            24.919389
          ],
          [
            110.522279,
            24.919311
          ],
          [
            110.522371,
            24.919246
          ],
          [
            110.522474,
            24.91921
          ],
          [
            110.522606,
            24.919205
          ],
          [
            110.522747,
            24.919211
          ],
          [
            110.522892,
            24.919212
          ],
          [
            110.523009,
            24.919202
          ],
          [
            110.523161,
            24.919208
          ],
          [
            110.52336,
            24.919235
          ],
          [
            110.523506,
            24.919249
          ],
          [
            110.523624,
            24.919249
          ],
          [
            110.523734,
            24.919235
          ],
          [
            110.523854,
            24.919211
          ],
          [
            110.523993,
            24.91919
          ],
          [
            110.524129,
            24.919176
          ],
          [
            110.524253,
            24.919163
          ],
          [
            110.52437,
            24.919145
          ],
          [
            110.524504,
            24.919135
          ],
          [
            110.524636,
            24.919126
          ],
          [
            110.524777,
            24.919122
          ],
          [
            110.52493,
            24.919119
          ],
          [
            110.52507,
            24.919113
          ],
          [
            110.525211,
            24.919116
          ],
          [
            110.525351,
            24.919119
          ],
          [
            110.525479,
            24.919121
          ],
          [
            110.525592,
            24.919122
          ],
          [
            110.525698,
            24.919111
          ],
          [
            110.525811,
            24.919077
          ],
          [
            110.52593,
            24.919069
          ],
          [
            110.526036,
            24.919052
          ],
          [
            110.526201,
            24.919057
          ],
          [
            110.526391,
            24.919034
          ],
          [
            110.526528,
            24.919024
          ],
          [
            110.526645,
            24.919014
          ],
          [
            110.526747,
            24.918997
          ],
          [
            110.526862,
            24.918989
          ],
          [
            110.526981,
            24.919002
          ],
          [
            110.527089,
            24.919048
          ],
          [
            110.527175,
            24.919124
          ],
          [
            110.52723,
            24.919238
          ],
          [
            110.527271,
            24.919357
          ],
          [
            110.527304,
            24.919463
          ],
          [
            110.527328,
            24.919559
          ],
          [
            110.52735,
            24.919656
          ],
          [
            110.527378,
            24.919756
          ],
          [
            110.527415,
            24.919925
          ],
          [
            110.527453,
            24.920051
          ],
          [
            110.527499,
            24.920153
          ],
          [
            110.527552,
            24.920236
          ],
          [
            110.527648,
            24.920304
          ],
          [
            110.527737,
            24.920301
          ],
          [
            110.527759,
            24.920358
          ],
          [
            110.527749,
            24.920348
          ],
          [
            110.527715,
            24.920409
          ],
          [
            110.527721,
            24.920496
          ],
          [
            110.527726,
            24.920529
          ],
          [
            110.527726,
            24.920529
          ]
        ]
      }
    }
  ]
}
