{
  "type": "FeatureCollection",
  "features": [
    {
      "type": "Feature",
      "properties": {
        "name": "梅里北坡参考轨迹",
        "type": "hiking",
        "source": "两步路用户轨迹",
        "segments": 1
      },
      "geometry": {
        "type": "LineString",
        "coordinates": [
          [
            98.723053,
            28.60688
          ],
          [
            98.722854,
            28.606712
          ],
          [
            98.722671,
            28.606342
          ],
          [
            98.722158,
            28.606315
          ],
          [
            98.722185,
            28.605885
          ],
          [
            98.722391,
            28.60559
          ],
          [
            98.722367,
            28.605359
          ],
          [
            98.721822,
            28.604881
          ],
          [
            98.721632,
            28.604464
          ],
          [
            98.721229,
            28.604178
          ],
          [
            98.721443,
            28.602794
          ],
          [
            98.721236,
            28.602431
          ],
          [
            98.721096,
            28.602432
          ],
          [
            98.720573,
            28.602095
          ],
          [
            98.720212,
            28.602027
          ],
          [
            98.719453,
            28.601492
          ],
          [
            98.719064,
            28.601454
          ],
          [
            98.718888,
            28.601177
          ],
          [
            98.718535,
            28.601225
          ],
          [
            98.717599,
            28.601067
          ],
          [
            98.717122,
            28.601266
          ],
          [
            98.71687,
            28.601289
          ],
          [
            98.71637,
            28.601103
          ],
          [
            98.716194,
            28.601178
          ],
          [
            98.715898,
            28.601132
          ],
          [
            98.715837,
            28.60095
          ],
          [
            98.716012,
            28.600564
          ],
          [
            98.716584,
            28.599664
          ],
          [
            98.716445,
            28.599336
          ],
          [
            98.715779,
            28.598931
          ],
          [
            98.715129,
            28.598834
          ],
          [
            98.714966,
            28.598713
          ],
          [
            98.714898,
            28.598534
          ],
          [
            98.71477,
            28.598559
          ],
          [
            98.714991,
            28.598935
          ],
          [
            98.715714,
            28.599289
          ],
          [
            98.715749,
            28.599444
          ],
          [
            98.715566,
            28.600155
          ],
          [
            98.715494,
            28.600112
          ],
          [
            98.715373,
            28.599482
          ],
          [
            98.715156,
            28.599375
          ],
          [
            98.714683,
            28.599356
          ],
          [
            98.714048,
            28.599013
          ],
          [
            98.713686,
            28.598362
          ],
          [
            98.713406,
            28.598145
          ],
          [
            98.713386,
            28.597333
          ],
          [
            98.713306,
            28.597136
          ],
          [
            98.713153,
            28.59709
          ],
          [
            98.7132,
            28.59719
          ],
          [
            98.713146,
            28.596907
          ],
          [
            98.712711,
            28.596815
          ],
          [
            98.712639,
            28.596883
          ],
          [
            98.712435,
            28.596654
          ],
          [
            98.712443,
            28.596153
          ],
          [
            98.71237,
            28.596079
          ],
          [
            98.712501,
            28.595509
          ],
          [
            98.712314,
            28.595222
          ],
          [
            98.712399,
            28.595197
          ],
          [
            98.712165,
            28.595081
          ],
          [
            98.711935,
            28.594702
          ],
          [
            98.711619,
            28.594468
          ],
          [
            98.711694,
            28.594514
          ],
          [
            98.711769,
            28.594353
          ],
          [
            98.711699,
            28.59445
          ],
          [
            98.711606,
            28.594316
          ],
          [
            98.711363,
            28.594362
          ],
          [
            98.711196,
            28.594167
          ],
          [
            98.710989,
            28.59409
          ],
          [
            98.710943,
            28.593941
          ],
          [
            98.71068,
            28.593951
          ],
          [
            98.710419,
            28.593859
          ],
          [
            98.710052,
            28.593955
          ],
          [
            98.710097,
            28.593793
          ],
          [
            98.709635,
            28.593858
          ],
          [
            98.709748,
            28.59374
          ],
          [
            98.709522,
            28.593772
          ],
          [
            98.708979,
            28.593638
          ],
          [
            98.709173,
            28.593429
          ],
          [
            98.709081,
            28.593352
          ],
          [
            98.709152,
            28.593034
          ],
          [
            98.709152,
            28.59309
          ],
          [
            98.70893,
            28.593051
          ],
          [
            98.708988,
            28.593352
          ],
          [
            98.709068,
            28.593288
          ],
          [
            98.708921,
            28.59325
          ],
          [
            98.709057,
            28.593138
          ],
          [
            98.708824,
            28.593239
          ],
          [
            98.708807,
            28.593183
          ],
          [
            98.70884,
            28.593287
          ],
          [
            98.708703,
            28.59323
          ],
          [
            98.708955,
            28.593334
          ],
          [
            98.708898,
            28.59339
          ],
          [
            98.708969,
            28.59346
          ],
          [
            98.708639,
            28.593227
          ],
          [
            98.708633,
            28.593099
          ],
          [
            98.708609,
            28.593379
          ],
          [
            98.708517,
            28.593351
          ],
          [
            98.70857,
            28.593492
          ],
          [
            98.708427,
            28.593401
          ],
          [
            98.708374,
            28.593484
          ],
          [
            98.708402,
            28.593353
          ],
          [
            98.708219,
            28.593207
          ],
          [
            98.708117,
            28.592936
          ],
          [
            98.708213,
            28.592896
          ],
          [
            98.708266,
            28.592696
          ],
          [
            98.708061,
            28.592505
          ],
          [
            98.708122,
            28.592378
          ],
          [
            98.708058,
            28.592201
          ],
          [
            98.708154,
            28.592324
          ],
          [
            98.70798,
            28.592285
          ],
          [
            98.708032,
            28.591963
          ],
          [
            98.707866,
            28.591782
          ],
          [
            98.707656,
            28.591707
          ],
          [
            98.707721,
            28.591622
          ],
          [
            98.707428,
            28.591254
          ],
          [
            98.707564,
            28.591152
          ],
          [
            98.707379,
            28.591048
          ],
          [
            98.707408,
            28.590994
          ],
          [
            98.707376,
            28.591172
          ],
          [
            98.707327,
            28.591088
          ],
          [
            98.707369,
            28.590992
          ],
          [
            98.707262,
            28.590871
          ],
          [
            98.707427,
            28.590838
          ],
          [
            98.707363,
            28.590713
          ],
          [
            98.707428,
            28.590465
          ],
          [
            98.707319,
            28.590356
          ],
          [
            98.707346,
            28.590158
          ],
          [
            98.707089,
            28.589827
          ],
          [
            98.707185,
            28.589559
          ],
          [
            98.706932,
            28.589746
          ],
          [
            98.707017,
            28.589651
          ],
          [
            98.706947,
            28.58959
          ],
          [
            98.707033,
            28.589242
          ],
          [
            98.707136,
            28.589262
          ],
          [
            98.707067,
            28.589332
          ],
          [
            98.707175,
            28.589272
          ],
          [
            98.70708,
            28.589293
          ],
          [
            98.707104,
            28.589144
          ],
          [
            98.706972,
            28.589079
          ],
          [
            98.70706,
            28.588904
          ],
          [
            98.706998,
            28.588626
          ],
          [
            98.706813,
            28.588406
          ],
          [
            98.706915,
            28.588294
          ],
          [
            98.706729,
            28.588139
          ],
          [
            98.706397,
            28.587547
          ],
          [
            98.705941,
            28.587622
          ],
          [
            98.70558,
            28.587473
          ],
          [
            98.705035,
            28.587638
          ],
          [
            98.703933,
            28.587596
          ],
          [
            98.703872,
            28.587529
          ],
          [
            98.703198,
            28.587902
          ],
          [
            98.702889,
            28.587841
          ],
          [
            98.702699,
            28.58801
          ],
          [
            98.702579,
            28.588008
          ],
          [
            98.70253,
            28.588118
          ],
          [
            98.702396,
            28.5881
          ],
          [
            98.702424,
            28.588168
          ],
          [
            98.701979,
            28.588109
          ],
          [
            98.701825,
            28.588384
          ],
          [
            98.701611,
            28.588374
          ],
          [
            98.701503,
            28.588451
          ],
          [
            98.701295,
            28.588396
          ],
          [
            98.701063,
            28.588525
          ],
          [
            98.700803,
            28.588441
          ],
          [
            98.700903,
            28.588492
          ],
          [
            98.700683,
            28.588769
          ],
          [
            98.70037,
            28.588865
          ],
          [
            98.700376,
            28.58897
          ],
          [
            98.700002,
            28.58899
          ],
          [
            98.699896,
            28.589148
          ],
          [
            98.699775,
            28.589129
          ],
          [
            98.699558,
            28.589311
          ],
          [
            98.699447,
            28.589232
          ],
          [
            98.699475,
            28.589402
          ],
          [
            98.699023,
            28.589589
          ],
          [
            98.698762,
            28.589845
          ],
          [
            98.697926,
            28.590008
          ],
          [
            98.697737,
            28.589976
          ],
          [
            98.697546,
            28.590185
          ],
          [
            98.697236,
            28.590333
          ],
          [
            98.69695,
            28.590366
          ],
          [
            98.696543,
            28.590231
          ],
          [
            98.696363,
            28.590366
          ],
          [
            98.695937,
            28.59042
          ],
          [
            98.695447,
            28.59022
          ],
          [
            98.695307,
            28.590051
          ],
          [
            98.694762,
            28.58992
          ],
          [
            98.694709,
            28.589745
          ],
          [
            98.694069,
            28.589399
          ],
          [
            98.693927,
            28.589405
          ],
          [
            98.694052,
            28.589231
          ],
          [
            98.694021,
            28.589024
          ],
          [
            98.693675,
            28.588932
          ],
          [
            98.693463,
            28.58878
          ],
          [
            98.693118,
            28.588035
          ],
          [
            98.692403,
            28.587956
          ],
          [
            98.691993,
            28.587791
          ],
          [
            98.692061,
            28.587742
          ],
          [
            98.691774,
            28.587594
          ],
          [
            98.69189,
            28.58743
          ],
          [
            98.691887,
            28.587564
          ],
          [
            98.691767,
            28.587551
          ],
          [
            98.691891,
            28.587316
          ],
          [
            98.691781,
            28.587272
          ],
          [
            98.691862,
            28.587207
          ],
          [
            98.69181,
            28.587065
          ],
          [
            98.691876,
            28.586871
          ],
          [
            98.691515,
            28.586754
          ],
          [
            98.691445,
            28.586618
          ],
          [
            98.69108,
            28.586563
          ],
          [
            98.691131,
            28.586301
          ],
          [
            98.690825,
            28.585932
          ],
          [
            98.690901,
            28.585756
          ],
          [
            98.690798,
            28.585701
          ],
          [
            98.690808,
            28.585481
          ],
          [
            98.690678,
            28.585555
          ],
          [
            98.69033,
            28.585446
          ],
          [
            98.690408,
            28.585139
          ],
          [
            98.690148,
            28.585097
          ],
          [
            98.690219,
            28.585053
          ],
          [
            98.690166,
            28.58502
          ],
          [
            98.690017,
            28.58504
          ],
          [
            98.689817,
            28.584917
          ],
          [
            98.689802,
            28.58482
          ],
          [
            98.68949,
            28.584598
          ],
          [
            98.689591,
            28.584515
          ],
          [
            98.689239,
            28.584429
          ],
          [
            98.689204,
            28.584328
          ],
          [
            98.689121,
            28.584356
          ],
          [
            98.689193,
            28.584268
          ],
          [
            98.688634,
            28.583699
          ],
          [
            98.688214,
            28.583583
          ],
          [
            98.688226,
            28.583513
          ],
          [
            98.688078,
            28.58346
          ],
          [
            98.688173,
            28.58327
          ],
          [
            98.688043,
            28.583254
          ],
          [
            98.688112,
            28.583133
          ],
          [
            98.68805,
            28.583158
          ],
          [
            98.687991,
            28.58295
          ],
          [
            98.687734,
            28.58286
          ],
          [
            98.687681,
            28.582686
          ],
          [
            98.687579,
            28.582671
          ],
          [
            98.687539,
            28.582459
          ],
          [
            98.68748,
            28.582412
          ],
          [
            98.687504,
            28.58249
          ],
          [
            98.68733,
            28.582475
          ],
          [
            98.687346,
            28.582353
          ],
          [
            98.687274,
            28.582359
          ],
          [
            98.687429,
            28.582285
          ],
          [
            98.687363,
            28.582277
          ],
          [
            98.687403,
            28.582117
          ],
          [
            98.687331,
            28.582034
          ],
          [
            98.687399,
            28.581831
          ],
          [
            98.687331,
            28.58184
          ],
          [
            98.68734,
            28.581734
          ],
          [
            98.687231,
            28.581652
          ],
          [
            98.687233,
            28.581717
          ],
          [
            98.6872,
            28.581483
          ],
          [
            98.687102,
            28.581446
          ],
          [
            98.687216,
            28.581337
          ],
          [
            98.687229,
            28.581265
          ],
          [
            98.687115,
            28.581266
          ],
          [
            98.687223,
            28.581156
          ],
          [
            98.686993,
            28.581135
          ],
          [
            98.686993,
            28.580933
          ],
          [
            98.686915,
            28.580934
          ],
          [
            98.68688,
            28.580806
          ],
          [
            98.686946,
            28.580784
          ],
          [
            98.686793,
            28.5806
          ],
          [
            98.686711,
            28.580258
          ],
          [
            98.686651,
            28.580287
          ],
          [
            98.686626,
            28.58019
          ],
          [
            98.686038,
            28.579713
          ],
          [
            98.68603,
            28.579455
          ],
          [
            98.685896,
            28.579406
          ],
          [
            98.685999,
            28.579466
          ],
          [
            98.685868,
            28.579461
          ],
          [
            98.685951,
            28.579545
          ],
          [
            98.685962,
            28.579437
          ],
          [
            98.685903,
            28.579511
          ],
          [
            98.686018,
            28.579449
          ],
          [
            98.685957,
            28.579488
          ],
          [
            98.685879,
            28.579334
          ],
          [
            98.686072,
            28.579212
          ],
          [
            98.685886,
            28.579278
          ],
          [
            98.68566,
            28.579184
          ],
          [
            98.685657,
            28.578994
          ],
          [
            98.685499,
            28.578819
          ],
          [
            98.685566,
            28.578711
          ],
          [
            98.685382,
            28.578539
          ],
          [
            98.68542,
            28.578496
          ],
          [
            98.685256,
            28.578447
          ],
          [
            98.685233,
            28.578278
          ],
          [
            98.685117,
            28.578308
          ],
          [
            98.685089,
            28.577988
          ],
          [
            98.684795,
            28.577659
          ],
          [
            98.684683,
            28.577644
          ],
          [
            98.684558,
            28.577062
          ],
          [
            98.684415,
            28.577098
          ],
          [
            98.684467,
            28.576993
          ],
          [
            98.684399,
            28.577106
          ],
          [
            98.684463,
            28.576992
          ],
          [
            98.6844,
            28.577002
          ],
          [
            98.684178,
            28.577203
          ],
          [
            98.684002,
            28.577121
          ],
          [
            98.684052,
            28.576877
          ],
          [
            98.683774,
            28.576915
          ],
          [
            98.683569,
            28.576389
          ],
          [
            98.683332,
            28.576375
          ],
          [
            98.683259,
            28.576207
          ],
          [
            98.683192,
            28.576241
          ],
          [
            98.683012,
            28.576024
          ],
          [
            98.683031,
            28.575955
          ],
          [
            98.682708,
            28.576006
          ],
          [
            98.682651,
            28.575772
          ],
          [
            98.682295,
            28.575512
          ],
          [
            98.682187,
            28.575531
          ],
          [
            98.681896,
            28.575347
          ],
          [
            98.681658,
            28.574721
          ],
          [
            98.68148,
            28.57452
          ],
          [
            98.681524,
            28.574477
          ],
          [
            98.68123,
            28.574306
          ],
          [
            98.681315,
            28.574179
          ],
          [
            98.681144,
            28.574249
          ],
          [
            98.681342,
            28.574001
          ],
          [
            98.681235,
            28.574009
          ],
          [
            98.681211,
            28.573702
          ],
          [
            98.68102,
            28.573252
          ],
          [
            98.681207,
            28.573089
          ],
          [
            98.681083,
            28.572955
          ],
          [
            98.681206,
            28.572737
          ],
          [
            98.681085,
            28.572599
          ],
          [
            98.68099,
            28.572618
          ],
          [
            98.68092,
            28.57231
          ],
          [
            98.681051,
            28.572151
          ],
          [
            98.680982,
            28.572243
          ],
          [
            98.68103,
            28.572179
          ],
          [
            98.680922,
            28.572048
          ],
          [
            98.680688,
            28.572022
          ],
          [
            98.680665,
            28.571882
          ],
          [
            98.680534,
            28.571929
          ],
          [
            98.680477,
            28.571786
          ],
          [
            98.680422,
            28.571876
          ],
          [
            98.680247,
            28.571756
          ],
          [
            98.680292,
            28.571797
          ],
          [
            98.680054,
            28.571841
          ],
          [
            98.680024,
            28.571711
          ],
          [
            98.679657,
            28.571826
          ],
          [
            98.679531,
            28.571621
          ],
          [
            98.679369,
            28.571671
          ],
          [
            98.679425,
            28.571515
          ],
          [
            98.679355,
            28.571389
          ],
          [
            98.679286,
            28.571441
          ],
          [
            98.679275,
            28.571055
          ],
          [
            98.679185,
            28.570961
          ],
          [
            98.679126,
            28.570997
          ],
          [
            98.679109,
            28.570851
          ],
          [
            98.67899,
            28.570912
          ],
          [
            98.679201,
            28.570701
          ],
          [
            98.679004,
            28.570679
          ],
          [
            98.679089,
            28.570511
          ],
          [
            98.67905,
            28.570445
          ],
          [
            98.678963,
            28.570503
          ],
          [
            98.678906,
            28.570251
          ],
          [
            98.679127,
            28.570183
          ],
          [
            98.679058,
            28.570265
          ],
          [
            98.678967,
            28.570137
          ],
          [
            98.679032,
            28.569984
          ],
          [
            98.679156,
            28.569934
          ],
          [
            98.679108,
            28.569583
          ],
          [
            98.67889,
            28.569157
          ],
          [
            98.678808,
            28.569136
          ],
          [
            98.678802,
            28.568962
          ],
          [
            98.678702,
            28.568961
          ],
          [
            98.678697,
            28.568814
          ],
          [
            98.678477,
            28.568797
          ],
          [
            98.678191,
            28.56863
          ],
          [
            98.678269,
            28.568543
          ],
          [
            98.678144,
            28.568668
          ],
          [
            98.678066,
            28.568631
          ],
          [
            98.677927,
            28.568451
          ],
          [
            98.678001,
            28.568381
          ],
          [
            98.677655,
            28.568239
          ],
          [
            98.677776,
            28.568108
          ],
          [
            98.677493,
            28.567893
          ],
          [
            98.677361,
            28.56758
          ],
          [
            98.677179,
            28.567491
          ],
          [
            98.677218,
            28.567327
          ],
          [
            98.676963,
            28.567022
          ],
          [
            98.676942,
            28.566799
          ],
          [
            98.677063,
            28.566798
          ],
          [
            98.676886,
            28.566885
          ],
          [
            98.677089,
            28.566827
          ],
          [
            98.676978,
            28.566751
          ],
          [
            98.677069,
            28.566879
          ],
          [
            98.67711,
            28.56682
          ],
          [
            98.676933,
            28.566808
          ],
          [
            98.676967,
            28.566754
          ],
          [
            98.67702,
            28.566813
          ],
          [
            98.676984,
            28.566717
          ],
          [
            98.67716,
            28.566673
          ],
          [
            98.677108,
            28.56683
          ],
          [
            98.677281,
            28.566908
          ],
          [
            98.677015,
            28.566983
          ],
          [
            98.676921,
            28.566872
          ],
          [
            98.677023,
            28.566866
          ],
          [
            98.677015,
            28.56677
          ],
          [
            98.676928,
            28.5669
          ],
          [
            98.677029,
            28.566782
          ],
          [
            98.676861,
            28.566771
          ],
          [
            98.676942,
            28.566708
          ],
          [
            98.677148,
            28.56681
          ],
          [
            98.67685,
            28.566921
          ],
          [
            98.677048,
            28.566882
          ],
          [
            98.676952,
            28.566892
          ],
          [
            98.676926,
            28.56668
          ],
          [
            98.677086,
            28.566727
          ],
          [
            98.677088,
            28.566852
          ],
          [
            98.677016,
            28.566817
          ],
          [
            98.676957,
            28.566925
          ],
          [
            98.67699,
            28.566831
          ],
          [
            98.677033,
            28.566959
          ],
          [
            98.677204,
            28.566832
          ],
          [
            98.677028,
            28.566965
          ],
          [
            98.676932,
            28.566861
          ],
          [
            98.676911,
            28.566966
          ],
          [
            98.676946,
            28.566895
          ],
          [
            98.677005,
            28.566992
          ],
          [
            98.677039,
            28.56691
          ],
          [
            98.676888,
            28.566876
          ],
          [
            98.676682,
            28.566377
          ],
          [
            98.676392,
            28.566159
          ],
          [
            98.676445,
            28.566125
          ],
          [
            98.67638,
            28.566138
          ],
          [
            98.676244,
            28.565917
          ],
          [
            98.676307,
            28.565843
          ],
          [
            98.6759,
            28.565219
          ],
          [
            98.675951,
            28.565129
          ],
          [
            98.67577,
            28.56483
          ],
          [
            98.675745,
            28.56451
          ],
          [
            98.675609,
            28.564435
          ],
          [
            98.675628,
            28.564258
          ],
          [
            98.6755,
            28.56418
          ],
          [
            98.6755,
            28.564068
          ],
          [
            98.675468,
            28.564113
          ],
          [
            98.67563,
            28.563859
          ],
          [
            98.675414,
            28.563437
          ],
          [
            98.67533,
            28.562719
          ],
          [
            98.675255,
            28.562748
          ],
          [
            98.675376,
            28.5626
          ],
          [
            98.675351,
            28.562263
          ],
          [
            98.675551,
            28.561954
          ],
          [
            98.675445,
            28.561335
          ],
          [
            98.675577,
            28.561174
          ],
          [
            98.675507,
            28.561096
          ],
          [
            98.675642,
            28.560775
          ],
          [
            98.675526,
            28.560582
          ],
          [
            98.6756,
            28.560356
          ],
          [
            98.675409,
            28.560201
          ],
          [
            98.675305,
            28.559612
          ],
          [
            98.675356,
            28.559419
          ],
          [
            98.675293,
            28.559395
          ],
          [
            98.675465,
            28.55909
          ],
          [
            98.675438,
            28.558782
          ],
          [
            98.675608,
            28.558586
          ],
          [
            98.675549,
            28.558585
          ],
          [
            98.675535,
            28.558301
          ],
          [
            98.675597,
            28.558162
          ],
          [
            98.675468,
            28.557738
          ],
          [
            98.675547,
            28.557505
          ],
          [
            98.675397,
            28.557239
          ],
          [
            98.675504,
            28.557174
          ],
          [
            98.675494,
            28.556911
          ],
          [
            98.675266,
            28.556847
          ],
          [
            98.675241,
            28.556539
          ],
          [
            98.675417,
            28.556226
          ],
          [
            98.675294,
            28.555814
          ],
          [
            98.675447,
            28.555729
          ],
          [
            98.675481,
            28.555361
          ],
          [
            98.675401,
            28.555256
          ],
          [
            98.675595,
            28.555092
          ],
          [
            98.675548,
            28.554562
          ],
          [
            98.67566,
            28.55436
          ],
          [
            98.675592,
            28.554345
          ],
          [
            98.675717,
            28.554099
          ],
          [
            98.675659,
            28.55403
          ],
          [
            98.675732,
            28.553792
          ],
          [
            98.675655,
            28.553732
          ],
          [
            98.675942,
            28.553375
          ],
          [
            98.675801,
            28.553312
          ],
          [
            98.675875,
            28.552932
          ],
          [
            98.675909,
            28.553019
          ],
          [
            98.676142,
            28.552974
          ],
          [
            98.676184,
            28.552377
          ],
          [
            98.676256,
            28.552302
          ],
          [
            98.676161,
            28.551979
          ],
          [
            98.676285,
            28.551986
          ],
          [
            98.676258,
            28.551794
          ],
          [
            98.676346,
            28.551751
          ],
          [
            98.676346,
            28.551474
          ],
          [
            98.676236,
            28.551539
          ],
          [
            98.67618,
            28.551312
          ],
          [
            98.675899,
            28.551226
          ],
          [
            98.675902,
            28.550783
          ],
          [
            98.675731,
            28.550558
          ],
          [
            98.675788,
            28.550334
          ],
          [
            98.675696,
            28.550272
          ],
          [
            98.675803,
            28.550236
          ],
          [
            98.675754,
            28.550042
          ],
          [
            98.675852,
            28.549996
          ],
          [
            98.675805,
            28.549794
          ],
          [
            98.675658,
            28.549765
          ],
          [
            98.675633,
            28.54945
          ],
          [
            98.675756,
            28.549341
          ],
          [
            98.675805,
            28.549165
          ],
          [
            98.675737,
            28.549097
          ],
          [
            98.675809,
            28.549066
          ],
          [
            98.675592,
            28.548915
          ],
          [
            98.675587,
            28.54851
          ],
          [
            98.675383,
            28.548384
          ],
          [
            98.675249,
            28.548114
          ],
          [
            98.674988,
            28.54804
          ],
          [
            98.674742,
            28.54776
          ],
          [
            98.674633,
            28.547575
          ],
          [
            98.674748,
            28.547659
          ],
          [
            98.674814,
            28.547592
          ],
          [
            98.674529,
            28.547425
          ],
          [
            98.674651,
            28.5473
          ],
          [
            98.674332,
            28.547236
          ],
          [
            98.674384,
            28.547043
          ],
          [
            98.674252,
            28.546976
          ],
          [
            98.674198,
            28.546665
          ],
          [
            98.674388,
            28.546747
          ],
          [
            98.674148,
            28.546732
          ],
          [
            98.674148,
            28.546625
          ],
          [
            98.674347,
            28.546567
          ],
          [
            98.674156,
            28.546578
          ],
          [
            98.67398,
            28.546457
          ],
          [
            98.673844,
            28.546245
          ],
          [
            98.673463,
            28.546017
          ],
          [
            98.673338,
            28.545851
          ],
          [
            98.673252,
            28.545509
          ],
          [
            98.673105,
            28.545461
          ],
          [
            98.673159,
            28.545426
          ],
          [
            98.673104,
            28.54545
          ],
          [
            98.672815,
            28.545016
          ],
          [
            98.672852,
            28.544814
          ],
          [
            98.67272,
            28.544801
          ],
          [
            98.672716,
            28.544498
          ],
          [
            98.67254,
            28.544437
          ],
          [
            98.672595,
            28.54424
          ],
          [
            98.672411,
            28.544067
          ],
          [
            98.672233,
            28.543478
          ],
          [
            98.67176,
            28.543104
          ],
          [
            98.671777,
            28.542701
          ],
          [
            98.671864,
            28.542637
          ],
          [
            98.672033,
            28.542696
          ],
          [
            98.672238,
            28.54301
          ],
          [
            98.672173,
            28.543034
          ],
          [
            98.672337,
            28.543068
          ],
          [
            98.672495,
            28.542645
          ],
          [
            98.672412,
            28.542173
          ],
          [
            98.672212,
            28.541892
          ],
          [
            98.672247,
            28.54178
          ],
          [
            98.672049,
            28.541583
          ],
          [
            98.672117,
            28.541497
          ],
          [
            98.671998,
            28.541456
          ],
          [
            98.672054,
            28.541427
          ],
          [
            98.671939,
            28.541362
          ],
          [
            98.672011,
            28.541381
          ],
          [
            98.671753,
            28.541342
          ],
          [
            98.671822,
            28.541171
          ],
          [
            98.671578,
            28.540795
          ],
          [
            98.671239,
            28.540723
          ],
          [
            98.671247,
            28.540576
          ],
          [
            98.671051,
            28.540446
          ],
          [
            98.670772,
            28.540447
          ],
          [
            98.670626,
            28.540287
          ],
          [
            98.670441,
            28.540258
          ],
          [
            98.670436,
            28.540135
          ],
          [
            98.669808,
            28.539961
          ],
          [
            98.66973,
            28.539641
          ],
          [
            98.669579,
            28.539473
          ],
          [
            98.669448,
            28.539549
          ],
          [
            98.668963,
            28.539137
          ],
          [
            98.669046,
            28.539048
          ],
          [
            98.668964,
            28.538918
          ],
          [
            98.669041,
            28.538828
          ],
          [
            98.669126,
            28.538873
          ],
          [
            98.669054,
            28.538934
          ],
          [
            98.668911,
            28.538589
          ],
          [
            98.669014,
            28.538421
          ],
          [
            98.668867,
            28.538393
          ],
          [
            98.668924,
            28.538249
          ],
          [
            98.668764,
            28.538211
          ],
          [
            98.668897,
            28.537897
          ],
          [
            98.668841,
            28.537975
          ],
          [
            98.668708,
            28.537651
          ],
          [
            98.668801,
            28.537446
          ],
          [
            98.668698,
            28.537328
          ],
          [
            98.668871,
            28.536976
          ],
          [
            98.668848,
            28.536839
          ],
          [
            98.668958,
            28.5368
          ],
          [
            98.668893,
            28.536713
          ],
          [
            98.668958,
            28.536835
          ],
          [
            98.668894,
            28.536644
          ],
          [
            98.669003,
            28.536678
          ],
          [
            98.669033,
            28.536489
          ],
          [
            98.669109,
            28.536464
          ],
          [
            98.669035,
            28.536335
          ],
          [
            98.669092,
            28.536224
          ],
          [
            98.668972,
            28.536115
          ],
          [
            98.669008,
            28.535953
          ],
          [
            98.668882,
            28.535828
          ],
          [
            98.669055,
            28.535753
          ],
          [
            98.668986,
            28.535733
          ],
          [
            98.668992,
            28.535615
          ],
          [
            98.669067,
            28.535626
          ],
          [
            98.668912,
            28.53535
          ],
          [
            98.668983,
            28.535175
          ],
          [
            98.669185,
            28.53504
          ],
          [
            98.669177,
            28.534783
          ],
          [
            98.669096,
            28.534773
          ],
          [
            98.669124,
            28.534844
          ],
          [
            98.669194,
            28.534775
          ],
          [
            98.66903,
            28.534434
          ],
          [
            98.669095,
            28.534403
          ],
          [
            98.668814,
            28.534074
          ],
          [
            98.668877,
            28.534044
          ],
          [
            98.668832,
            28.533904
          ],
          [
            98.66847,
            28.533514
          ],
          [
            98.668524,
            28.533258
          ],
          [
            98.668437,
            28.53309
          ],
          [
            98.668432,
            28.532667
          ],
          [
            98.667928,
            28.53213
          ],
          [
            98.667527,
            28.531897
          ],
          [
            98.667002,
            28.531935
          ],
          [
            98.666597,
            28.531825
          ],
          [
            98.666622,
            28.531734
          ],
          [
            98.666575,
            28.531815
          ],
          [
            98.666686,
            28.531812
          ],
          [
            98.666626,
            28.531835
          ],
          [
            98.666333,
            28.53175
          ],
          [
            98.666113,
            28.531782
          ],
          [
            98.665802,
            28.531972
          ],
          [
            98.665511,
            28.531989
          ],
          [
            98.665532,
            28.53193
          ],
          [
            98.665395,
            28.53205
          ],
          [
            98.665277,
            28.532379
          ],
          [
            98.665019,
            28.532231
          ],
          [
            98.665001,
            28.532105
          ],
          [
            98.66484,
            28.532015
          ],
          [
            98.664882,
            28.53196
          ],
          [
            98.664756,
            28.531946
          ],
          [
            98.664339,
            28.531481
          ],
          [
            98.664041,
            28.531299
          ],
          [
            98.663929,
            28.531101
          ],
          [
            98.66361,
            28.530976
          ],
          [
            98.663746,
            28.53095
          ],
          [
            98.663371,
            28.530748
          ],
          [
            98.663211,
            28.530479
          ],
          [
            98.662827,
            28.530152
          ],
          [
            98.662754,
            28.529933
          ],
          [
            98.662632,
            28.529833
          ],
          [
            98.662523,
            28.529858
          ],
          [
            98.662343,
            28.529668
          ],
          [
            98.662605,
            28.529318
          ],
          [
            98.662593,
            28.528839
          ],
          [
            98.662193,
            28.528521
          ],
          [
            98.662082,
            28.528208
          ],
          [
            98.662134,
            28.528056
          ],
          [
            98.661698,
            28.527497
          ],
          [
            98.661728,
            28.527361
          ],
          [
            98.661606,
            28.527153
          ],
          [
            98.661096,
            28.526665
          ],
          [
            98.660779,
            28.526751
          ],
          [
            98.660599,
            28.526411
          ],
          [
            98.660289,
            28.526219
          ],
          [
            98.660184,
            28.525954
          ],
          [
            98.659959,
            28.525849
          ],
          [
            98.659676,
            28.525457
          ],
          [
            98.659373,
            28.525343
          ],
          [
            98.659099,
            28.525344
          ],
          [
            98.659121,
            28.525284
          ],
          [
            98.659342,
            28.525473
          ],
          [
            98.659422,
            28.525417
          ],
          [
            98.659299,
            28.525432
          ],
          [
            98.658939,
            28.525304
          ],
          [
            98.659001,
            28.525277
          ],
          [
            98.658937,
            28.525423
          ],
          [
            98.658792,
            28.525396
          ],
          [
            98.659013,
            28.525284
          ],
          [
            98.65842,
            28.525018
          ],
          [
            98.658365,
            28.524639
          ],
          [
            98.658483,
            28.524792
          ],
          [
            98.658411,
            28.524729
          ],
          [
            98.658396,
            28.524793
          ],
          [
            98.658314,
            28.524771
          ],
          [
            98.658457,
            28.524775
          ],
          [
            98.658517,
            28.524678
          ],
          [
            98.65842,
            28.524722
          ],
          [
            98.65848,
            28.524714
          ],
          [
            98.658447,
            28.524781
          ],
          [
            98.658396,
            28.524731
          ],
          [
            98.65842,
            28.524788
          ],
          [
            98.658142,
            28.524681
          ],
          [
            98.658284,
            28.524802
          ],
          [
            98.658366,
            28.524716
          ],
          [
            98.65827,
            28.524797
          ],
          [
            98.658342,
            28.524822
          ],
          [
            98.658303,
            28.52474
          ],
          [
            98.658347,
            28.524776
          ],
          [
            98.658447,
            28.524652
          ],
          [
            98.658352,
            28.524722
          ],
          [
            98.658958,
            28.525237
          ],
          [
            98.658437,
            28.52499
          ],
          [
            98.658216,
            28.52367
          ],
          [
            98.657903,
            28.523015
          ],
          [
            98.657767,
            28.522948
          ],
          [
            98.657616,
            28.522652
          ],
          [
            98.657652,
            28.522563
          ],
          [
            98.657412,
            28.522275
          ],
          [
            98.65744,
            28.522194
          ],
          [
            98.656638,
            28.521691
          ],
          [
            98.656536,
            28.521705
          ],
          [
            98.656512,
            28.521634
          ],
          [
            98.656731,
            28.521379
          ],
          [
            98.656794,
            28.521523
          ],
          [
            98.656695,
            28.521613
          ],
          [
            98.655945,
            28.521606
          ],
          [
            98.655727,
            28.521415
          ],
          [
            98.655781,
            28.521493
          ],
          [
            98.655595,
            28.521504
          ],
          [
            98.655606,
            28.521679
          ],
          [
            98.655501,
            28.521617
          ],
          [
            98.655352,
            28.521667
          ],
          [
            98.655434,
            28.521729
          ],
          [
            98.655382,
            28.521811
          ],
          [
            98.655274,
            28.521716
          ],
          [
            98.655339,
            28.521781
          ],
          [
            98.655093,
            28.522095
          ],
          [
            98.655182,
            28.522194
          ],
          [
            98.655061,
            28.52222
          ],
          [
            98.655054,
            28.522389
          ],
          [
            98.654953,
            28.522381
          ],
          [
            98.654887,
            28.522481
          ],
          [
            98.654908,
            28.522429
          ],
          [
            98.655114,
            28.522488
          ],
          [
            98.655065,
            28.52252
          ],
          [
            98.655203,
            28.522595
          ],
          [
            98.655179,
            28.522813
          ],
          [
            98.654882,
            28.522856
          ],
          [
            98.654797,
            28.522909
          ],
          [
            98.654823,
            28.522993
          ],
          [
            98.654694,
            28.523025
          ],
          [
            98.654517,
            28.522945
          ],
          [
            98.65442,
            28.522981
          ],
          [
            98.654476,
            28.523053
          ],
          [
            98.654314,
            28.523088
          ],
          [
            98.654086,
            28.523021
          ],
          [
            98.653981,
            28.523087
          ],
          [
            98.653993,
            28.52318
          ],
          [
            98.653689,
            28.523111
          ],
          [
            98.653495,
            28.523245
          ],
          [
            98.653423,
            28.523177
          ],
          [
            98.653367,
            28.523332
          ],
          [
            98.653273,
            28.523219
          ],
          [
            98.65325,
            28.523273
          ],
          [
            98.653144,
            28.523212
          ],
          [
            98.652911,
            28.523309
          ],
          [
            98.652782,
            28.523473
          ],
          [
            98.65274,
            28.523789
          ],
          [
            98.65254,
            28.523843
          ],
          [
            98.652361,
            28.524177
          ],
          [
            98.652188,
            28.52469
          ],
          [
            98.652124,
            28.524749
          ],
          [
            98.651972,
            28.524716
          ],
          [
            98.652012,
            28.524868
          ],
          [
            98.651872,
            28.525046
          ],
          [
            98.651855,
            28.524958
          ],
          [
            98.65189,
            28.525116
          ],
          [
            98.651786,
            28.525437
          ],
          [
            98.651904,
            28.525514
          ],
          [
            98.652061,
            28.52589
          ],
          [
            98.652337,
            28.52591
          ],
          [
            98.65154,
            28.526606
          ],
          [
            98.651456,
            28.526847
          ],
          [
            98.651345,
            28.526789
          ],
          [
            98.651321,
            28.526986
          ],
          [
            98.651008,
            28.527343
          ],
          [
            98.650069,
            28.527723
          ],
          [
            98.64983,
            28.527959
          ],
          [
            98.649879,
            28.528039
          ],
          [
            98.649772,
            28.528028
          ],
          [
            98.649686,
            28.528344
          ],
          [
            98.649391,
            28.52851
          ],
          [
            98.64936,
            28.528693
          ],
          [
            98.64909,
            28.528794
          ],
          [
            98.648881,
            28.529014
          ],
          [
            98.648968,
            28.528981
          ],
          [
            98.648833,
            28.528817
          ],
          [
            98.648755,
            28.528846
          ],
          [
            98.648714,
            28.528711
          ],
          [
            98.648857,
            28.528783
          ],
          [
            98.648921,
            28.529029
          ],
          [
            98.64882,
            28.529033
          ],
          [
            98.648902,
            28.528965
          ],
          [
            98.648602,
            28.529239
          ],
          [
            98.648545,
            28.529214
          ],
          [
            98.648485,
            28.529349
          ],
          [
            98.648551,
            28.529325
          ],
          [
            98.648578,
            28.529468
          ],
          [
            98.648773,
            28.529535
          ],
          [
            98.648215,
            28.529693
          ],
          [
            98.648899,
            28.529963
          ],
          [
            98.649024,
            28.530042
          ],
          [
            98.648998,
            28.530147
          ],
          [
            98.649001,
            28.530047
          ],
          [
            98.649191,
            28.530266
          ],
          [
            98.64915,
            28.530831
          ],
          [
            98.649039,
            28.530931
          ],
          [
            98.649091,
            28.531085
          ],
          [
            98.648994,
            28.531186
          ],
          [
            98.649206,
            28.531474
          ],
          [
            98.649454,
            28.53146
          ],
          [
            98.650266,
            28.5318
          ],
          [
            98.650368,
            28.531913
          ],
          [
            98.650803,
            28.532017
          ],
          [
            98.650998,
            28.532254
          ],
          [
            98.650905,
            28.532246
          ],
          [
            98.651204,
            28.532421
          ],
          [
            98.651382,
            28.532872
          ],
          [
            98.651276,
            28.532935
          ],
          [
            98.651408,
            28.533021
          ],
          [
            98.651437,
            28.533205
          ],
          [
            98.651352,
            28.533242
          ],
          [
            98.651702,
            28.533672
          ],
          [
            98.651627,
            28.533705
          ],
          [
            98.651749,
            28.5338
          ],
          [
            98.651678,
            28.533811
          ],
          [
            98.651848,
            28.533849
          ],
          [
            98.651922,
            28.533964
          ],
          [
            98.651842,
            28.534031
          ],
          [
            98.651993,
            28.5341
          ],
          [
            98.65216,
            28.534579
          ],
          [
            98.65216,
            28.534844
          ],
          [
            98.651993,
            28.534839
          ],
          [
            98.652157,
            28.534926
          ],
          [
            98.652192,
            28.535166
          ],
          [
            98.651952,
            28.535465
          ],
          [
            98.651992,
            28.535597
          ],
          [
            98.651902,
            28.535593
          ],
          [
            98.651998,
            28.535545
          ],
          [
            98.651907,
            28.535576
          ],
          [
            98.651928,
            28.535502
          ],
          [
            98.652,
            28.535809
          ],
          [
            98.651808,
            28.535896
          ],
          [
            98.651926,
            28.536004
          ],
          [
            98.65173,
            28.536242
          ],
          [
            98.65183,
            28.536271
          ],
          [
            98.651752,
            28.536395
          ],
          [
            98.651835,
            28.53646
          ],
          [
            98.651832,
            28.536691
          ],
          [
            98.651955,
            28.536786
          ],
          [
            98.651897,
            28.536913
          ],
          [
            98.651993,
            28.53696
          ],
          [
            98.651985,
            28.537064
          ],
          [
            98.652125,
            28.536974
          ],
          [
            98.652149,
            28.537124
          ],
          [
            98.652325,
            28.537092
          ],
          [
            98.652232,
            28.537152
          ],
          [
            98.652333,
            28.537183
          ],
          [
            98.65223,
            28.537314
          ],
          [
            98.652406,
            28.537726
          ],
          [
            98.652301,
            28.53771
          ],
          [
            98.652254,
            28.537784
          ],
          [
            98.652387,
            28.537684
          ],
          [
            98.652242,
            28.537696
          ],
          [
            98.652282,
            28.537927
          ],
          [
            98.65264,
            28.538489
          ],
          [
            98.65269,
            28.538812
          ],
          [
            98.652899,
            28.538958
          ],
          [
            98.652921,
            28.539106
          ],
          [
            98.652731,
            28.539377
          ],
          [
            98.652874,
            28.539681
          ],
          [
            98.652834,
            28.539812
          ],
          [
            98.652681,
            28.539763
          ],
          [
            98.652719,
            28.539852
          ],
          [
            98.652519,
            28.53977
          ],
          [
            98.651853,
            28.539857
          ],
          [
            98.651745,
            28.53977
          ],
          [
            98.651494,
            28.539773
          ],
          [
            98.651544,
            28.539854
          ],
          [
            98.65145,
            28.539751
          ],
          [
            98.651191,
            28.539845
          ],
          [
            98.650908,
            28.539823
          ],
          [
            98.650786,
            28.539913
          ],
          [
            98.650405,
            28.539911
          ],
          [
            98.650718,
            28.540332
          ],
          [
            98.651154,
            28.541549
          ],
          [
            98.651333,
            28.541656
          ],
          [
            98.651419,
            28.541825
          ],
          [
            98.651194,
            28.542051
          ],
          [
            98.651263,
            28.542247
          ],
          [
            98.651202,
            28.542512
          ],
          [
            98.651477,
            28.542719
          ],
          [
            98.651381,
            28.542765
          ],
          [
            98.651636,
            28.542737
          ],
          [
            98.652175,
            28.543098
          ],
          [
            98.652289,
            28.543082
          ],
          [
            98.652225,
            28.543138
          ],
          [
            98.652318,
            28.543103
          ],
          [
            98.652668,
            28.543396
          ],
          [
            98.652553,
            28.543612
          ],
          [
            98.652409,
            28.543644
          ],
          [
            98.652645,
            28.543922
          ],
          [
            98.653282,
            28.545052
          ],
          [
            98.653295,
            28.545201
          ],
          [
            98.653565,
            28.545384
          ],
          [
            98.653592,
            28.54559
          ],
          [
            98.65372,
            28.545688
          ],
          [
            98.653656,
            28.545721
          ],
          [
            98.653897,
            28.54584
          ],
          [
            98.653978,
            28.546275
          ],
          [
            98.654213,
            28.546542
          ],
          [
            98.654596,
            28.546622
          ],
          [
            98.654839,
            28.546867
          ],
          [
            98.655193,
            28.547
          ],
          [
            98.655357,
            28.547293
          ],
          [
            98.65569,
            28.547565
          ],
          [
            98.656036,
            28.548186
          ],
          [
            98.656731,
            28.548845
          ],
          [
            98.65716,
            28.548951
          ],
          [
            98.657448,
            28.548928
          ],
          [
            98.65757,
            28.548884
          ],
          [
            98.657506,
            28.548853
          ],
          [
            98.657426,
            28.548924
          ],
          [
            98.657599,
            28.548874
          ],
          [
            98.657775,
            28.548962
          ],
          [
            98.657634,
            28.54885
          ],
          [
            98.657765,
            28.548348
          ],
          [
            98.65775,
            28.548422
          ],
          [
            98.65924,
            28.549431
          ],
          [
            98.659048,
            28.54939
          ],
          [
            98.658966,
            28.549457
          ],
          [
            98.658605,
            28.549336
          ],
          [
            98.658275,
            28.548979
          ],
          [
            98.658062,
            28.549062
          ],
          [
            98.657291,
            28.548857
          ],
          [
            98.656912,
            28.548887
          ],
          [
            98.656697,
            28.548824
          ],
          [
            98.655947,
            28.548216
          ],
          [
            98.655673,
            28.547824
          ],
          [
            98.655758,
            28.547782
          ],
          [
            98.655641,
            28.547742
          ],
          [
            98.655076,
            28.547075
          ],
          [
            98.654748,
            28.546905
          ],
          [
            98.654706,
            28.546763
          ],
          [
            98.65455,
            28.546727
          ],
          [
            98.65452,
            28.546637
          ],
          [
            98.654118,
            28.546519
          ],
          [
            98.653932,
            28.546359
          ],
          [
            98.653772,
            28.546319
          ],
          [
            98.6538,
            28.546398
          ],
          [
            98.653717,
            28.546269
          ],
          [
            98.653766,
            28.546328
          ],
          [
            98.653594,
            28.546328
          ],
          [
            98.65337,
            28.546116
          ],
          [
            98.653296,
            28.545796
          ],
          [
            98.653053,
            28.545603
          ],
          [
            98.652206,
            28.545401
          ],
          [
            98.651683,
            28.545115
          ],
          [
            98.651624,
            28.545182
          ],
          [
            98.651352,
            28.545026
          ],
          [
            98.65113,
            28.545064
          ],
          [
            98.650852,
            28.54496
          ],
          [
            98.650538,
            28.544971
          ],
          [
            98.650216,
            28.545125
          ],
          [
            98.650115,
            28.545099
          ],
          [
            98.649634,
            28.54477
          ],
          [
            98.649502,
            28.544468
          ],
          [
            98.64933,
            28.54436
          ],
          [
            98.649161,
            28.544067
          ],
          [
            98.648772,
            28.543792
          ],
          [
            98.648555,
            28.543796
          ],
          [
            98.648536,
            28.543711
          ],
          [
            98.648289,
            28.543664
          ],
          [
            98.648089,
            28.543451
          ],
          [
            98.647808,
            28.543493
          ],
          [
            98.647477,
            28.543299
          ],
          [
            98.647425,
            28.543381
          ],
          [
            98.647301,
            28.543323
          ],
          [
            98.64726,
            28.543397
          ],
          [
            98.647004,
            28.543242
          ],
          [
            98.646624,
            28.543166
          ],
          [
            98.646449,
            28.543244
          ],
          [
            98.64539,
            28.54308
          ],
          [
            98.645143,
            28.543162
          ],
          [
            98.645018,
            28.54339
          ],
          [
            98.644761,
            28.543585
          ],
          [
            98.644069,
            28.543928
          ],
          [
            98.643658,
            28.544444
          ],
          [
            98.642454,
            28.545345
          ],
          [
            98.641816,
            28.54549
          ],
          [
            98.641154,
            28.545813
          ],
          [
            98.640733,
            28.546236
          ],
          [
            98.640407,
            28.54638
          ],
          [
            98.64048,
            28.546486
          ],
          [
            98.640288,
            28.546442
          ],
          [
            98.639615,
            28.546781
          ],
          [
            98.639451,
            28.546988
          ],
          [
            98.639417,
            28.547583
          ],
          [
            98.639709,
            28.547963
          ],
          [
            98.639646,
            28.548512
          ],
          [
            98.63944,
            28.54886
          ],
          [
            98.639401,
            28.548903
          ],
          [
            98.639283,
            28.548792
          ],
          [
            98.63902,
            28.54906
          ],
          [
            98.63859,
            28.549168
          ],
          [
            98.637814,
            28.549531
          ],
          [
            98.637625,
            28.549749
          ],
          [
            98.637571,
            28.549715
          ],
          [
            98.637214,
            28.550182
          ],
          [
            98.637153,
            28.550098
          ],
          [
            98.63711,
            28.550139
          ],
          [
            98.637185,
            28.550144
          ],
          [
            98.637145,
            28.550091
          ],
          [
            98.637146,
            28.550176
          ],
          [
            98.63694,
            28.55012
          ],
          [
            98.636716,
            28.550177
          ],
          [
            98.636457,
            28.550595
          ],
          [
            98.636276,
            28.550696
          ],
          [
            98.636009,
            28.550688
          ],
          [
            98.635575,
            28.550972
          ],
          [
            98.635573,
            28.551141
          ],
          [
            98.635668,
            28.551189
          ],
          [
            98.635474,
            28.551171
          ],
          [
            98.635566,
            28.551212
          ],
          [
            98.635181,
            28.551404
          ],
          [
            98.634835,
            28.551822
          ],
          [
            98.634754,
            28.552045
          ],
          [
            98.634352,
            28.552234
          ],
          [
            98.634384,
            28.552309
          ],
          [
            98.634064,
            28.552314
          ],
          [
            98.633724,
            28.552539
          ],
          [
            98.633729,
            28.552632
          ],
          [
            98.633508,
            28.5528
          ],
          [
            98.633408,
            28.552771
          ],
          [
            98.633295,
            28.552865
          ],
          [
            98.63334,
            28.552956
          ],
          [
            98.633264,
            28.552893
          ],
          [
            98.633397,
            28.55316
          ],
          [
            98.633289,
            28.55334
          ],
          [
            98.63336,
            28.553854
          ],
          [
            98.633934,
            28.554371
          ],
          [
            98.63317,
            28.554821
          ],
          [
            98.633093,
            28.554953
          ],
          [
            98.633144,
            28.555036
          ],
          [
            98.632777,
            28.554991
          ],
          [
            98.632767,
            28.555043
          ],
          [
            98.632777,
            28.554992
          ],
          [
            98.632915,
            28.55504
          ],
          [
            98.632827,
            28.555079
          ],
          [
            98.633044,
            28.555043
          ],
          [
            98.633067,
            28.554849
          ],
          [
            98.633432,
            28.554695
          ],
          [
            98.633663,
            28.554433
          ],
          [
            98.633716,
            28.554472
          ],
          [
            98.633916,
            28.554355
          ],
          [
            98.633707,
            28.554085
          ],
          [
            98.633609,
            28.554105
          ],
          [
            98.6332,
            28.553711
          ],
          [
            98.633154,
            28.553536
          ],
          [
            98.633248,
            28.553506
          ],
          [
            98.633182,
            28.553377
          ],
          [
            98.633282,
            28.553318
          ],
          [
            98.633267,
            28.552845
          ],
          [
            98.633715,
            28.552622
          ],
          [
            98.633861,
            28.552489
          ],
          [
            98.633775,
            28.552436
          ],
          [
            98.633858,
            28.552484
          ],
          [
            98.634583,
            28.552189
          ],
          [
            98.635258,
            28.551273
          ],
          [
            98.63535,
            28.551323
          ],
          [
            98.635456,
            28.551217
          ],
          [
            98.63562,
            28.551217
          ],
          [
            98.635507,
            28.551046
          ],
          [
            98.635633,
            28.550841
          ],
          [
            98.636301,
            28.55071
          ],
          [
            98.636421,
            28.55061
          ],
          [
            98.636344,
            28.550579
          ],
          [
            98.636416,
            28.550631
          ],
          [
            98.636405,
            28.55045
          ],
          [
            98.6372,
            28.550103
          ],
          [
            98.637851,
            28.549542
          ],
          [
            98.638075,
            28.549217
          ],
          [
            98.638521,
            28.549059
          ],
          [
            98.638737,
            28.548812
          ],
          [
            98.63895,
            28.548789
          ],
          [
            98.639102,
            28.548677
          ],
          [
            98.639078,
            28.548385
          ],
          [
            98.639333,
            28.54807
          ],
          [
            98.639383,
            28.547698
          ],
          [
            98.639312,
            28.547151
          ],
          [
            98.639699,
            28.546688
          ],
          [
            98.640523,
            28.546415
          ],
          [
            98.641082,
            28.545914
          ],
          [
            98.641611,
            28.545621
          ],
          [
            98.641851,
            28.545598
          ],
          [
            98.641972,
            28.545469
          ],
          [
            98.642437,
            28.545331
          ],
          [
            98.643499,
            28.544522
          ],
          [
            98.643863,
            28.543994
          ],
          [
            98.644199,
            28.543852
          ],
          [
            98.644117,
            28.543735
          ],
          [
            98.644484,
            28.54355
          ],
          [
            98.644718,
            28.543647
          ],
          [
            98.644867,
            28.543404
          ],
          [
            98.644969,
            28.543378
          ],
          [
            98.644946,
            28.543194
          ],
          [
            98.645319,
            28.543114
          ],
          [
            98.645926,
            28.543255
          ],
          [
            98.646842,
            28.543282
          ],
          [
            98.647151,
            28.543439
          ],
          [
            98.647394,
            28.543357
          ],
          [
            98.647717,
            28.543537
          ],
          [
            98.648034,
            28.543516
          ],
          [
            98.648262,
            28.543717
          ],
          [
            98.648736,
            28.543838
          ],
          [
            98.649115,
            28.544094
          ],
          [
            98.649285,
            28.544378
          ],
          [
            98.649544,
            28.544596
          ],
          [
            98.649617,
            28.544814
          ],
          [
            98.650065,
            28.545158
          ],
          [
            98.650538,
            28.545022
          ],
          [
            98.650615,
            28.544919
          ],
          [
            98.650658,
            28.545014
          ],
          [
            98.651678,
            28.545154
          ],
          [
            98.652233,
            28.545442
          ],
          [
            98.653128,
            28.54567
          ],
          [
            98.653511,
            28.546042
          ],
          [
            98.653782,
            28.546135
          ],
          [
            98.654181,
            28.546565
          ],
          [
            98.65456,
            28.546643
          ],
          [
            98.654822,
            28.546928
          ],
          [
            98.655125,
            28.547026
          ],
          [
            98.655559,
            28.547501
          ],
          [
            98.655941,
            28.548153
          ],
          [
            98.656579,
            28.548643
          ],
          [
            98.656731,
            28.54885
          ],
          [
            98.656956,
            28.548891
          ],
          [
            98.657109,
            28.548833
          ],
          [
            98.658036,
            28.549026
          ],
          [
            98.658321,
            28.548979
          ],
          [
            98.658554,
            28.549281
          ],
          [
            98.658889,
            28.549439
          ],
          [
            98.659111,
            28.54938
          ],
          [
            98.659264,
            28.549434
          ],
          [
            98.65911,
            28.549491
          ],
          [
            98.659257,
            28.549579
          ],
          [
            98.658973,
            28.549141
          ],
          [
            98.659036,
            28.549083
          ],
          [
            98.659037,
            28.549352
          ],
          [
            98.659203,
            28.549476
          ],
          [
            98.659408,
            28.549488
          ],
          [
            98.659472,
            28.549593
          ],
          [
            98.658866,
            28.549432
          ],
          [
            98.658867,
            28.549631
          ],
          [
            98.658715,
            28.549591
          ],
          [
            98.65869,
            28.549779
          ],
          [
            98.658594,
            28.549837
          ],
          [
            98.658731,
            28.550113
          ],
          [
            98.658708,
            28.550306
          ],
          [
            98.659143,
            28.550812
          ],
          [
            98.659328,
            28.551176
          ],
          [
            98.659532,
            28.55139
          ],
          [
            98.659559,
            28.551332
          ],
          [
            98.659516,
            28.551389
          ],
          [
            98.659804,
            28.551451
          ],
          [
            98.65988,
            28.551815
          ],
          [
            98.66007,
            28.551902
          ],
          [
            98.660356,
            28.552263
          ],
          [
            98.660881,
            28.552392
          ],
          [
            98.661084,
            28.552556
          ],
          [
            98.661195,
            28.552533
          ],
          [
            98.661561,
            28.552894
          ],
          [
            98.661666,
            28.552853
          ],
          [
            98.661812,
            28.552949
          ],
          [
            98.66181,
            28.553041
          ],
          [
            98.661993,
            28.55316
          ],
          [
            98.661905,
            28.553195
          ],
          [
            98.662136,
            28.553129
          ],
          [
            98.662208,
            28.553414
          ],
          [
            98.662616,
            28.553647
          ],
          [
            98.662897,
            28.553589
          ],
          [
            98.663063,
            28.553687
          ],
          [
            98.663013,
            28.553592
          ],
          [
            98.663072,
            28.553778
          ],
          [
            98.663158,
            28.553709
          ],
          [
            98.663306,
            28.553907
          ],
          [
            98.663247,
            28.553986
          ],
          [
            98.66339,
            28.554157
          ],
          [
            98.663598,
            28.554227
          ],
          [
            98.663647,
            28.554506
          ],
          [
            98.663724,
            28.554536
          ],
          [
            98.66365,
            28.555118
          ],
          [
            98.663771,
            28.55548
          ],
          [
            98.663744,
            28.555668
          ],
          [
            98.663916,
            28.555824
          ],
          [
            98.663847,
            28.5559
          ],
          [
            98.664071,
            28.555986
          ],
          [
            98.664154,
            28.556213
          ],
          [
            98.664443,
            28.556536
          ],
          [
            98.664391,
            28.556642
          ],
          [
            98.664468,
            28.556948
          ],
          [
            98.664663,
            28.557055
          ],
          [
            98.664997,
            28.557635
          ],
          [
            98.6652,
            28.557649
          ],
          [
            98.66554,
            28.557935
          ],
          [
            98.66585,
            28.557955
          ],
          [
            98.666287,
            28.558432
          ],
          [
            98.666486,
            28.558867
          ],
          [
            98.666702,
            28.559089
          ],
          [
            98.667459,
            28.559181
          ],
          [
            98.667628,
            28.559332
          ],
          [
            98.667696,
            28.559316
          ],
          [
            98.667621,
            28.559264
          ],
          [
            98.667904,
            28.559265
          ],
          [
            98.668061,
            28.559146
          ],
          [
            98.668129,
            28.559213
          ],
          [
            98.668152,
            28.559119
          ],
          [
            98.668276,
            28.559141
          ],
          [
            98.668361,
            28.559038
          ],
          [
            98.66858,
            28.559175
          ],
          [
            98.668846,
            28.558905
          ],
          [
            98.669017,
            28.558951
          ],
          [
            98.669021,
            28.558862
          ],
          [
            98.669213,
            28.558787
          ],
          [
            98.66916,
            28.558838
          ],
          [
            98.66933,
            28.558784
          ],
          [
            98.669458,
            28.55887
          ],
          [
            98.669577,
            28.558743
          ],
          [
            98.670221,
            28.559097
          ],
          [
            98.670204,
            28.559231
          ],
          [
            98.670437,
            28.559527
          ],
          [
            98.670436,
            28.559861
          ],
          [
            98.670414,
            28.559805
          ],
          [
            98.670572,
            28.559811
          ],
          [
            98.67046,
            28.559774
          ],
          [
            98.670861,
            28.559553
          ],
          [
            98.671017,
            28.559604
          ],
          [
            98.671035,
            28.559747
          ],
          [
            98.671162,
            28.559691
          ],
          [
            98.671197,
            28.559787
          ],
          [
            98.67131,
            28.559797
          ],
          [
            98.671207,
            28.559758
          ],
          [
            98.671436,
            28.55973
          ],
          [
            98.671367,
            28.55983
          ],
          [
            98.671506,
            28.559896
          ],
          [
            98.671767,
            28.560284
          ],
          [
            98.671774,
            28.559986
          ],
          [
            98.671883,
            28.56001
          ],
          [
            98.672026,
            28.56026
          ],
          [
            98.671928,
            28.560113
          ],
          [
            98.671994,
            28.560006
          ],
          [
            98.672126,
            28.560077
          ],
          [
            98.672042,
            28.560015
          ],
          [
            98.672104,
            28.560017
          ],
          [
            98.672398,
            28.560315
          ],
          [
            98.672326,
            28.560163
          ],
          [
            98.67257,
            28.560079
          ],
          [
            98.672523,
            28.559871
          ],
          [
            98.672608,
            28.559805
          ],
          [
            98.672785,
            28.560046
          ],
          [
            98.672673,
            28.559827
          ],
          [
            98.672814,
            28.559854
          ],
          [
            98.672911,
            28.560025
          ],
          [
            98.672856,
            28.560182
          ],
          [
            98.672917,
            28.560271
          ],
          [
            98.672832,
            28.560327
          ],
          [
            98.673188,
            28.560533
          ],
          [
            98.673212,
            28.560782
          ],
          [
            98.673329,
            28.560948
          ],
          [
            98.673269,
            28.561034
          ],
          [
            98.673557,
            28.561563
          ],
          [
            98.673499,
            28.561599
          ],
          [
            98.673617,
            28.561811
          ],
          [
            98.673536,
            28.561886
          ],
          [
            98.673744,
            28.562956
          ],
          [
            98.673834,
            28.563014
          ],
          [
            98.673856,
            28.562916
          ],
          [
            98.674024,
            28.562987
          ],
          [
            98.674086,
            28.563149
          ],
          [
            98.674162,
            28.562941
          ],
          [
            98.674438,
            28.562983
          ],
          [
            98.674763,
            28.563148
          ],
          [
            98.674812,
            28.563292
          ],
          [
            98.674742,
            28.563416
          ],
          [
            98.674888,
            28.563332
          ],
          [
            98.675033,
            28.563405
          ],
          [
            98.674938,
            28.563545
          ],
          [
            98.675247,
            28.563733
          ],
          [
            98.67529,
            28.563841
          ],
          [
            98.675382,
            28.563782
          ],
          [
            98.675561,
            28.563892
          ],
          [
            98.675745,
            28.563881
          ],
          [
            98.67552,
            28.564073
          ],
          [
            98.675776,
            28.564202
          ],
          [
            98.675715,
            28.564344
          ],
          [
            98.675857,
            28.56448
          ],
          [
            98.675948,
            28.564853
          ],
          [
            98.676048,
            28.564935
          ],
          [
            98.676031,
            28.565231
          ],
          [
            98.676159,
            28.56535
          ],
          [
            98.676099,
            28.565344
          ],
          [
            98.676105,
            28.5655
          ],
          [
            98.676151,
            28.565461
          ],
          [
            98.676353,
            28.565785
          ],
          [
            98.676276,
            28.565831
          ],
          [
            98.676378,
            28.565917
          ],
          [
            98.676361,
            28.56604
          ],
          [
            98.676644,
            28.566137
          ],
          [
            98.6766,
            28.566292
          ],
          [
            98.676791,
            28.566461
          ],
          [
            98.676742,
            28.566515
          ],
          [
            98.676837,
            28.566558
          ],
          [
            98.676906,
            28.566836
          ],
          [
            98.677073,
            28.566754
          ],
          [
            98.67711,
            28.566824
          ],
          [
            98.676928,
            28.56686
          ],
          [
            98.676904,
            28.566709
          ],
          [
            98.677024,
            28.566812
          ],
          [
            98.676909,
            28.567028
          ],
          [
            98.67693,
            28.566726
          ],
          [
            98.677068,
            28.566858
          ],
          [
            98.677018,
            28.566939
          ],
          [
            98.677211,
            28.567454
          ],
          [
            98.677368,
            28.567586
          ],
          [
            98.677853,
            28.568429
          ],
          [
            98.678737,
            28.568887
          ],
          [
            98.678954,
            28.569257
          ],
          [
            98.679173,
            28.569887
          ],
          [
            98.67901,
            28.57
          ],
          [
            98.678906,
            28.570225
          ],
          [
            98.679055,
            28.570385
          ],
          [
            98.679001,
            28.570543
          ],
          [
            98.6791,
            28.570744
          ],
          [
            98.679198,
            28.570772
          ],
          [
            98.679148,
            28.570926
          ],
          [
            98.679251,
            28.571186
          ],
          [
            98.67966,
            28.571553
          ],
          [
            98.680159,
            28.571711
          ],
          [
            98.680367,
            28.571865
          ],
          [
            98.680432,
            28.571794
          ],
          [
            98.680721,
            28.571843
          ],
          [
            98.680913,
            28.571989
          ],
          [
            98.680961,
            28.572225
          ],
          [
            98.680818,
            28.572338
          ],
          [
            98.680949,
            28.572443
          ],
          [
            98.680883,
            28.57257
          ],
          [
            98.681174,
            28.572741
          ],
          [
            98.681132,
            28.572833
          ],
          [
            98.681236,
            28.572827
          ],
          [
            98.681106,
            28.573097
          ],
          [
            98.681214,
            28.573137
          ],
          [
            98.681173,
            28.573254
          ],
          [
            98.68102,
            28.57334
          ],
          [
            98.681203,
            28.573689
          ],
          [
            98.681157,
            28.573813
          ],
          [
            98.681322,
            28.574043
          ],
          [
            98.681236,
            28.574165
          ],
          [
            98.681266,
            28.574422
          ],
          [
            98.681435,
            28.574471
          ],
          [
            98.681493,
            28.574389
          ],
          [
            98.681393,
            28.57444
          ],
          [
            98.681447,
            28.574627
          ],
          [
            98.681855,
            28.574971
          ],
          [
            98.682217,
            28.575473
          ],
          [
            98.682563,
            28.575488
          ],
          [
            98.682633,
            28.575891
          ],
          [
            98.682857,
            28.575883
          ],
          [
            98.683003,
            28.575981
          ],
          [
            98.683067,
            28.576164
          ],
          [
            98.683411,
            28.576295
          ],
          [
            98.683451,
            28.57644
          ],
          [
            98.683663,
            28.576504
          ],
          [
            98.683716,
            28.576818
          ],
          [
            98.68416,
            28.577091
          ],
          [
            98.684482,
            28.577085
          ],
          [
            98.684553,
            28.577314
          ],
          [
            98.684924,
            28.577719
          ],
          [
            98.684857,
            28.577777
          ],
          [
            98.685059,
            28.577866
          ],
          [
            98.685062,
            28.577967
          ],
          [
            98.685167,
            28.578018
          ],
          [
            98.685217,
            28.578165
          ],
          [
            98.68515,
            28.578312
          ],
          [
            98.685343,
            28.578242
          ],
          [
            98.685347,
            28.578427
          ],
          [
            98.685606,
            28.578666
          ],
          [
            98.685659,
            28.578951
          ],
          [
            98.685922,
            28.579056
          ],
          [
            98.686035,
            28.579304
          ],
          [
            98.685993,
            28.579456
          ],
          [
            98.686087,
            28.579469
          ],
          [
            98.686034,
            28.579712
          ],
          [
            98.686479,
            28.579722
          ],
          [
            98.686574,
            28.579903
          ],
          [
            98.686695,
            28.579904
          ],
          [
            98.686915,
            28.580572
          ],
          [
            98.686868,
            28.580828
          ],
          [
            98.687008,
            28.580909
          ],
          [
            98.687055,
            28.580861
          ],
          [
            98.687054,
            28.581085
          ],
          [
            98.687222,
            28.581227
          ],
          [
            98.687104,
            28.581519
          ],
          [
            98.687235,
            28.581634
          ],
          [
            98.687355,
            28.582124
          ],
          [
            98.6875,
            28.582346
          ],
          [
            98.687558,
            28.582325
          ],
          [
            98.687657,
            28.582605
          ],
          [
            98.687812,
            28.582816
          ],
          [
            98.687941,
            28.582829
          ],
          [
            98.688134,
            28.583265
          ],
          [
            98.688262,
            28.583383
          ],
          [
            98.688205,
            28.583283
          ],
          [
            98.68827,
            28.583324
          ],
          [
            98.688275,
            28.583257
          ],
          [
            98.68827,
            28.583471
          ],
          [
            98.688533,
            28.583532
          ],
          [
            98.688586,
            28.583659
          ],
          [
            98.689026,
            28.583979
          ],
          [
            98.689212,
            28.584376
          ],
          [
            98.689626,
            28.584484
          ],
          [
            98.689609,
            28.584656
          ],
          [
            98.689758,
            28.58485
          ],
          [
            98.689985,
            28.585018
          ],
          [
            98.690307,
            28.584994
          ],
          [
            98.690539,
            28.585443
          ],
          [
            98.690741,
            28.585458
          ],
          [
            98.690735,
            28.585569
          ],
          [
            98.690822,
            28.585563
          ],
          [
            98.690874,
            28.585701
          ],
          [
            98.690876,
            28.585966
          ],
          [
            98.691063,
            28.58613
          ],
          [
            98.691103,
            28.586364
          ],
          [
            98.691232,
            28.586479
          ],
          [
            98.69115,
            28.586595
          ],
          [
            98.691336,
            28.586577
          ],
          [
            98.691528,
            28.586742
          ],
          [
            98.691842,
            28.586822
          ],
          [
            98.691735,
            28.587222
          ],
          [
            98.691819,
            28.587541
          ],
          [
            98.692016,
            28.587739
          ],
          [
            98.692158,
            28.58775
          ],
          [
            98.69208,
            28.587751
          ],
          [
            98.692139,
            28.587701
          ],
          [
            98.6922,
            28.587788
          ],
          [
            98.692107,
            28.58779
          ],
          [
            98.692199,
            28.587858
          ],
          [
            98.692178,
            28.587799
          ],
          [
            98.692287,
            28.587785
          ],
          [
            98.692284,
            28.587918
          ],
          [
            98.692542,
            28.587855
          ],
          [
            98.692604,
            28.587927
          ],
          [
            98.693128,
            28.587996
          ],
          [
            98.693502,
            28.588772
          ],
          [
            98.693614,
            28.588766
          ],
          [
            98.693771,
            28.588958
          ],
          [
            98.693984,
            28.589041
          ],
          [
            98.694006,
            28.589413
          ],
          [
            98.694675,
            28.589707
          ],
          [
            98.694732,
            28.589872
          ],
          [
            98.694788,
            28.589899
          ],
          [
            98.69479,
            28.589813
          ],
          [
            98.694833,
            28.589906
          ],
          [
            98.695374,
            28.590079
          ],
          [
            98.695912,
            28.590408
          ],
          [
            98.696119,
            28.590309
          ],
          [
            98.696321,
            28.590358
          ],
          [
            98.696592,
            28.590237
          ],
          [
            98.696798,
            28.590349
          ],
          [
            98.696945,
            28.590271
          ],
          [
            98.697163,
            28.590313
          ],
          [
            98.697729,
            28.589965
          ],
          [
            98.698707,
            28.589804
          ],
          [
            98.698878,
            28.589619
          ],
          [
            98.699353,
            28.589465
          ],
          [
            98.699505,
            28.589266
          ],
          [
            98.699619,
            28.589289
          ],
          [
            98.699956,
            28.589009
          ],
          [
            98.700394,
            28.588927
          ],
          [
            98.700413,
            28.588847
          ],
          [
            98.700677,
            28.588727
          ],
          [
            98.700644,
            28.588645
          ],
          [
            98.700868,
            28.588438
          ],
          [
            98.701274,
            28.588353
          ],
          [
            98.701468,
            28.588425
          ],
          [
            98.70184,
            28.588378
          ],
          [
            98.701791,
            28.588282
          ],
          [
            98.701885,
            28.588142
          ],
          [
            98.702,
            28.588082
          ],
          [
            98.702009,
            28.588183
          ],
          [
            98.702173,
            28.588189
          ],
          [
            98.702868,
            28.587764
          ],
          [
            98.703449,
            28.587751
          ],
          [
            98.703811,
            28.587555
          ],
          [
            98.704297,
            28.587637
          ],
          [
            98.704472,
            28.587578
          ],
          [
            98.704693,
            28.587675
          ],
          [
            98.705135,
            28.587604
          ],
          [
            98.705379,
            28.587465
          ],
          [
            98.705972,
            28.587559
          ],
          [
            98.706022,
            28.587639
          ],
          [
            98.70609,
            28.587634
          ],
          [
            98.706066,
            28.587567
          ],
          [
            98.70606,
            28.587643
          ],
          [
            98.706014,
            28.587596
          ],
          [
            98.706046,
            28.587639
          ],
          [
            98.706224,
            28.587529
          ],
          [
            98.706398,
            28.587566
          ],
          [
            98.706792,
            28.588126
          ],
          [
            98.706744,
            28.5884
          ],
          [
            98.707059,
            28.588768
          ],
          [
            98.707055,
            28.5894
          ],
          [
            98.706975,
            28.589614
          ],
          [
            98.706952,
            28.58955
          ],
          [
            98.706915,
            28.589596
          ],
          [
            98.707,
            28.589673
          ],
          [
            98.706966,
            28.589782
          ],
          [
            98.706947,
            28.58965
          ],
          [
            98.707229,
            28.589497
          ],
          [
            98.707128,
            28.589763
          ],
          [
            98.707311,
            28.590089
          ],
          [
            98.707263,
            28.590289
          ],
          [
            98.707402,
            28.59044
          ],
          [
            98.707277,
            28.590892
          ],
          [
            98.707297,
            28.591205
          ],
          [
            98.707402,
            28.591034
          ],
          [
            98.707615,
            28.591417
          ],
          [
            98.707619,
            28.591671
          ],
          [
            98.707894,
            28.59182
          ],
          [
            98.707951,
            28.592284
          ],
          [
            98.708142,
            28.592381
          ],
          [
            98.708116,
            28.592587
          ],
          [
            98.708228,
            28.592734
          ],
          [
            98.708171,
            28.592881
          ],
          [
            98.708278,
            28.593225
          ],
          [
            98.70857,
            28.593538
          ],
          [
            98.708405,
            28.593272
          ],
          [
            98.708409,
            28.592899
          ],
          [
            98.708774,
            28.593313
          ],
          [
            98.708608,
            28.593106
          ],
          [
            98.708829,
            28.593173
          ],
          [
            98.708789,
            28.592936
          ],
          [
            98.708841,
            28.593013
          ],
          [
            98.708933,
            28.592984
          ],
          [
            98.708853,
            28.592919
          ],
          [
            98.709076,
            28.592946
          ],
          [
            98.70924,
            28.593157
          ],
          [
            98.709265,
            28.593371
          ],
          [
            98.709389,
            28.593437
          ],
          [
            98.709407,
            28.593644
          ],
          [
            98.709798,
            28.593758
          ],
          [
            98.709985,
            28.593676
          ],
          [
            98.709935,
            28.593726
          ],
          [
            98.709948,
            28.59367
          ],
          [
            98.710101,
            28.593717
          ],
          [
            98.710471,
            28.593897
          ],
          [
            98.710979,
            28.593972
          ],
          [
            98.711248,
            28.594201
          ],
          [
            98.711668,
            28.594323
          ],
          [
            98.712127,
            28.594801
          ],
          [
            98.712259,
            28.595141
          ],
          [
            98.712436,
            28.595263
          ],
          [
            98.712547,
            28.595717
          ],
          [
            98.71244,
            28.596097
          ],
          [
            98.712438,
            28.596646
          ],
          [
            98.712738,
            28.59686
          ],
          [
            98.713132,
            28.596891
          ],
          [
            98.71317,
            28.597182
          ],
          [
            98.713063,
            28.597119
          ],
          [
            98.713119,
            28.596926
          ]
        ]
      }
    }
  ]
}
