<?xml version="1.0" encoding="UTF-8"?>
<gpx version="1.1" creator="霞客 · 两步路轨迹" xmlns="http://www.topografix.com/GPX/1/1">
  <metadata><name>三清山参考轨迹</name></metadata>
  <trk><name>三清山</name>
    <trkseg>
      <trkpt lat="28.880467" lon="118.061647"><ele>572</ele></trkpt>
      <trkpt lat="28.8805" lon="118.061618"><ele>572</ele></trkpt>
      <trkpt lat="28.880539" lon="118.061584"><ele>572</ele></trkpt>
      <trkpt lat="28.880591" lon="118.061557"><ele>572</ele></trkpt>
      <trkpt lat="28.88064" lon="118.061519"><ele>574</ele></trkpt>
      <trkpt lat="28.88068" lon="118.061481"><ele>575</ele></trkpt>
      <trkpt lat="28.880711" lon="118.061444"><ele>576</ele></trkpt>
      <trkpt lat="28.880738" lon="118.061386"><ele>578</ele></trkpt>
      <trkpt lat="28.880767" lon="118.061348"><ele>579</ele></trkpt>
      <trkpt lat="28.880792" lon="118.061307"><ele>579</ele></trkpt>
      <trkpt lat="28.880818" lon="118.061254"><ele>580</ele></trkpt>
      <trkpt lat="28.880847" lon="118.061211"><ele>580</ele></trkpt>
      <trkpt lat="28.880881" lon="118.061167"><ele>580</ele></trkpt>
      <trkpt lat="28.880913" lon="118.061124"><ele>581</ele></trkpt>
      <trkpt lat="28.880943" lon="118.061082"><ele>581</ele></trkpt>
      <trkpt lat="28.880985" lon="118.061038"><ele>582</ele></trkpt>
      <trkpt lat="28.881024" lon="118.061012"><ele>583</ele></trkpt>
      <trkpt lat="28.881065" lon="118.06099"><ele>583</ele></trkpt>
      <trkpt lat="28.881113" lon="118.060978"><ele>584</ele></trkpt>
      <trkpt lat="28.881162" lon="118.060973"><ele>584</ele></trkpt>
      <trkpt lat="28.881209" lon="118.060978"><ele>586</ele></trkpt>
      <trkpt lat="28.881257" lon="118.060988"><ele>587</ele></trkpt>
      <trkpt lat="28.881305" lon="118.061002"><ele>587</ele></trkpt>
      <trkpt lat="28.881352" lon="118.061025"><ele>587</ele></trkpt>
      <trkpt lat="28.881409" lon="118.061051"><ele>589</ele></trkpt>
      <trkpt lat="28.881458" lon="118.061071"><ele>593</ele></trkpt>
      <trkpt lat="28.881509" lon="118.061086"><ele>597</ele></trkpt>
      <trkpt lat="28.881546" lon="118.061066"><ele>599</ele></trkpt>
      <trkpt lat="28.881579" lon="118.061019"><ele>599</ele></trkpt>
      <trkpt lat="28.881608" lon="118.060961"><ele>600</ele></trkpt>
      <trkpt lat="28.881631" lon="118.060905"><ele>601</ele></trkpt>
      <trkpt lat="28.881652" lon="118.060853"><ele>602</ele></trkpt>
      <trkpt lat="28.881665" lon="118.060793"><ele>604</ele></trkpt>
      <trkpt lat="28.88168" lon="118.060743"><ele>605</ele></trkpt>
      <trkpt lat="28.881704" lon="118.060697"><ele>605</ele></trkpt>
      <trkpt lat="28.881744" lon="118.060662"><ele>605</ele></trkpt>
      <trkpt lat="28.8818" lon="118.060641"><ele>604</ele></trkpt>
      <trkpt lat="28.881863" lon="118.060635"><ele>603</ele></trkpt>
      <trkpt lat="28.88191" lon="118.060639"><ele>603</ele></trkpt>
      <trkpt lat="28.881957" lon="118.060639"><ele>604</ele></trkpt>
      <trkpt lat="28.882005" lon="118.060634"><ele>605</ele></trkpt>
      <trkpt lat="28.882062" lon="118.060632"><ele>606</ele></trkpt>
      <trkpt lat="28.882111" lon="118.060623"><ele>607</ele></trkpt>
      <trkpt lat="28.882158" lon="118.060616"><ele>607</ele></trkpt>
      <trkpt lat="28.882205" lon="118.060611"><ele>607</ele></trkpt>
      <trkpt lat="28.882259" lon="118.060604"><ele>608</ele></trkpt>
      <trkpt lat="28.882309" lon="118.060594"><ele>608</ele></trkpt>
      <trkpt lat="28.882354" lon="118.060593"><ele>608</ele></trkpt>
      <trkpt lat="28.882408" lon="118.0606"><ele>607</ele></trkpt>
      <trkpt lat="28.882455" lon="118.060599"><ele>607</ele></trkpt>
      <trkpt lat="28.882499" lon="118.060582"><ele>608</ele></trkpt>
      <trkpt lat="28.882544" lon="118.060567"><ele>608</ele></trkpt>
      <trkpt lat="28.882594" lon="118.06056"><ele>609</ele></trkpt>
      <trkpt lat="28.882651" lon="118.060566"><ele>609</ele></trkpt>
      <trkpt lat="28.882699" lon="118.06059"><ele>610</ele></trkpt>
      <trkpt lat="28.882751" lon="118.060636"><ele>612</ele></trkpt>
      <trkpt lat="28.882791" lon="118.060659"><ele>614</ele></trkpt>
      <trkpt lat="28.882842" lon="118.060667"><ele>615</ele></trkpt>
      <trkpt lat="28.882869" lon="118.060702"><ele>618</ele></trkpt>
      <trkpt lat="28.882912" lon="118.060717"><ele>619</ele></trkpt>
      <trkpt lat="28.882956" lon="118.060698"><ele>618</ele></trkpt>
      <trkpt lat="28.882989" lon="118.060739"><ele>624</ele></trkpt>
      <trkpt lat="28.883022" lon="118.060775"><ele>627</ele></trkpt>
      <trkpt lat="28.883068" lon="118.060783"><ele>629</ele></trkpt>
      <trkpt lat="28.883121" lon="118.060771"><ele>628</ele></trkpt>
      <trkpt lat="28.883175" lon="118.060762"><ele>629</ele></trkpt>
      <trkpt lat="28.883227" lon="118.060748"><ele>631</ele></trkpt>
      <trkpt lat="28.883272" lon="118.060726"><ele>632</ele></trkpt>
      <trkpt lat="28.883317" lon="118.0607"><ele>632</ele></trkpt>
      <trkpt lat="28.883379" lon="118.060684"><ele>632</ele></trkpt>
      <trkpt lat="28.883421" lon="118.060669"><ele>631</ele></trkpt>
      <trkpt lat="28.88347" lon="118.060634"><ele>633</ele></trkpt>
      <trkpt lat="28.883515" lon="118.060607"><ele>633</ele></trkpt>
      <trkpt lat="28.883539" lon="118.060562"><ele>632</ele></trkpt>
      <trkpt lat="28.88355" lon="118.060515"><ele>632</ele></trkpt>
      <trkpt lat="28.883578" lon="118.060457"><ele>632</ele></trkpt>
      <trkpt lat="28.883631" lon="118.06043"><ele>631</ele></trkpt>
      <trkpt lat="28.88368" lon="118.060426"><ele>630</ele></trkpt>
      <trkpt lat="28.883739" lon="118.060427"><ele>630</ele></trkpt>
      <trkpt lat="28.8838" lon="118.060429"><ele>631</ele></trkpt>
      <trkpt lat="28.883852" lon="118.06042"><ele>631</ele></trkpt>
      <trkpt lat="28.883909" lon="118.060415"><ele>632</ele></trkpt>
      <trkpt lat="28.883966" lon="118.060418"><ele>632</ele></trkpt>
      <trkpt lat="28.884018" lon="118.060423"><ele>633</ele></trkpt>
      <trkpt lat="28.884059" lon="118.060432"><ele>633</ele></trkpt>
      <trkpt lat="28.884118" lon="118.06044"><ele>632</ele></trkpt>
      <trkpt lat="28.884175" lon="118.060458"><ele>632</ele></trkpt>
      <trkpt lat="28.884208" lon="118.060495"><ele>633</ele></trkpt>
      <trkpt lat="28.88425" lon="118.060518"><ele>634</ele></trkpt>
      <trkpt lat="28.884296" lon="118.060535"><ele>635</ele></trkpt>
      <trkpt lat="28.884347" lon="118.060549"><ele>636</ele></trkpt>
      <trkpt lat="28.884399" lon="118.060562"><ele>637</ele></trkpt>
      <trkpt lat="28.884453" lon="118.060573"><ele>638</ele></trkpt>
      <trkpt lat="28.884502" lon="118.060588"><ele>641</ele></trkpt>
      <trkpt lat="28.884546" lon="118.0606"><ele>642</ele></trkpt>
      <trkpt lat="28.884602" lon="118.060627"><ele>644</ele></trkpt>
      <trkpt lat="28.884663" lon="118.060655"><ele>646</ele></trkpt>
      <trkpt lat="28.884709" lon="118.060672"><ele>647</ele></trkpt>
      <trkpt lat="28.884749" lon="118.060678"><ele>648</ele></trkpt>
      <trkpt lat="28.884805" lon="118.06069"><ele>648</ele></trkpt>
      <trkpt lat="28.884864" lon="118.060699"><ele>644</ele></trkpt>
      <trkpt lat="28.884902" lon="118.060706"><ele>642</ele></trkpt>
      <trkpt lat="28.884949" lon="118.06072"><ele>642</ele></trkpt>
      <trkpt lat="28.885001" lon="118.06074"><ele>642</ele></trkpt>
      <trkpt lat="28.885047" lon="118.060749"><ele>644</ele></trkpt>
      <trkpt lat="28.885105" lon="118.060751"><ele>646</ele></trkpt>
      <trkpt lat="28.885138" lon="118.060756"><ele>646</ele></trkpt>
      <trkpt lat="28.885189" lon="118.060787"><ele>645</ele></trkpt>
      <trkpt lat="28.885231" lon="118.060845"><ele>644</ele></trkpt>
      <trkpt lat="28.885273" lon="118.060871"><ele>644</ele></trkpt>
      <trkpt lat="28.885315" lon="118.060904"><ele>645</ele></trkpt>
      <trkpt lat="28.885318" lon="118.060951"><ele>645</ele></trkpt>
      <trkpt lat="28.885318" lon="118.061014"><ele>647</ele></trkpt>
      <trkpt lat="28.885335" lon="118.061066"><ele>646</ele></trkpt>
      <trkpt lat="28.885368" lon="118.061101"><ele>645</ele></trkpt>
      <trkpt lat="28.88541" lon="118.061148"><ele>644</ele></trkpt>
      <trkpt lat="28.885443" lon="118.061198"><ele>645</ele></trkpt>
      <trkpt lat="28.885494" lon="118.061224"><ele>646</ele></trkpt>
      <trkpt lat="28.885518" lon="118.061261"><ele>647</ele></trkpt>
      <trkpt lat="28.885518" lon="118.061312"><ele>648</ele></trkpt>
      <trkpt lat="28.885556" lon="118.061343"><ele>650</ele></trkpt>
      <trkpt lat="28.885579" lon="118.061391"><ele>654</ele></trkpt>
      <trkpt lat="28.885611" lon="118.061435"><ele>657</ele></trkpt>
      <trkpt lat="28.885646" lon="118.061454"><ele>658</ele></trkpt>
      <trkpt lat="28.885689" lon="118.061495"><ele>662</ele></trkpt>
      <trkpt lat="28.885749" lon="118.061508"><ele>663</ele></trkpt>
      <trkpt lat="28.885811" lon="118.061499"><ele>663</ele></trkpt>
      <trkpt lat="28.885864" lon="118.061527"><ele>662</ele></trkpt>
      <trkpt lat="28.885875" lon="118.061605"><ele>663</ele></trkpt>
      <trkpt lat="28.885907" lon="118.061652"><ele>664</ele></trkpt>
      <trkpt lat="28.885926" lon="118.061694"><ele>665</ele></trkpt>
      <trkpt lat="28.885935" lon="118.061746"><ele>666</ele></trkpt>
      <trkpt lat="28.885972" lon="118.061746"><ele>670</ele></trkpt>
      <trkpt lat="28.886014" lon="118.061725"><ele>672</ele></trkpt>
      <trkpt lat="28.886064" lon="118.061705"><ele>673</ele></trkpt>
      <trkpt lat="28.886122" lon="118.061712"><ele>673</ele></trkpt>
      <trkpt lat="28.886164" lon="118.061735"><ele>673</ele></trkpt>
      <trkpt lat="28.886143" lon="118.061778"><ele>675</ele></trkpt>
      <trkpt lat="28.886179" lon="118.061803"><ele>675</ele></trkpt>
      <trkpt lat="28.886191" lon="118.061855"><ele>676</ele></trkpt>
      <trkpt lat="28.886173" lon="118.061921"><ele>677</ele></trkpt>
      <trkpt lat="28.886166" lon="118.061967"><ele>678</ele></trkpt>
      <trkpt lat="28.886202" lon="118.061973"><ele>679</ele></trkpt>
      <trkpt lat="28.886206" lon="118.062"><ele>679</ele></trkpt>
      <trkpt lat="28.886256" lon="118.062018"><ele>683</ele></trkpt>
      <trkpt lat="28.886238" lon="118.062044"><ele>683</ele></trkpt>
      <trkpt lat="28.886249" lon="118.062049"><ele>683</ele></trkpt>
      <trkpt lat="28.886313" lon="118.062043"><ele>683</ele></trkpt>
      <trkpt lat="28.886359" lon="118.062034"><ele>683</ele></trkpt>
      <trkpt lat="28.886359" lon="118.062066"><ele>682</ele></trkpt>
      <trkpt lat="28.886382" lon="118.062067"><ele>683</ele></trkpt>
      <trkpt lat="28.886421" lon="118.06206"><ele>684</ele></trkpt>
      <trkpt lat="28.886474" lon="118.062043"><ele>684</ele></trkpt>
      <trkpt lat="28.886509" lon="118.062097"><ele>683</ele></trkpt>
      <trkpt lat="28.886529" lon="118.062142"><ele>684</ele></trkpt>
      <trkpt lat="28.886559" lon="118.062185"><ele>685</ele></trkpt>
      <trkpt lat="28.886595" lon="118.06222"><ele>685</ele></trkpt>
      <trkpt lat="28.886638" lon="118.062257"><ele>686</ele></trkpt>
      <trkpt lat="28.88668" lon="118.062294"><ele>686</ele></trkpt>
      <trkpt lat="28.886722" lon="118.06234"><ele>688</ele></trkpt>
      <trkpt lat="28.886754" lon="118.062389"><ele>696</ele></trkpt>
      <trkpt lat="28.886782" lon="118.062427"><ele>700</ele></trkpt>
      <trkpt lat="28.886823" lon="118.062445"><ele>701</ele></trkpt>
      <trkpt lat="28.886876" lon="118.062454"><ele>701</ele></trkpt>
      <trkpt lat="28.88693" lon="118.062471"><ele>702</ele></trkpt>
      <trkpt lat="28.886961" lon="118.062529"><ele>701</ele></trkpt>
      <trkpt lat="28.886981" lon="118.062563"><ele>701</ele></trkpt>
      <trkpt lat="28.887018" lon="118.062602"><ele>704</ele></trkpt>
      <trkpt lat="28.887045" lon="118.062648"><ele>709</ele></trkpt>
      <trkpt lat="28.887071" lon="118.062697"><ele>712</ele></trkpt>
      <trkpt lat="28.887099" lon="118.062749"><ele>713</ele></trkpt>
      <trkpt lat="28.887121" lon="118.062798"><ele>714</ele></trkpt>
      <trkpt lat="28.887157" lon="118.062833"><ele>714</ele></trkpt>
      <trkpt lat="28.887199" lon="118.062866"><ele>714</ele></trkpt>
      <trkpt lat="28.887248" lon="118.062883"><ele>714</ele></trkpt>
      <trkpt lat="28.887293" lon="118.0629"><ele>714</ele></trkpt>
      <trkpt lat="28.887342" lon="118.062944"><ele>714</ele></trkpt>
      <trkpt lat="28.887389" lon="118.062974"><ele>718</ele></trkpt>
      <trkpt lat="28.887422" lon="118.063007"><ele>718</ele></trkpt>
      <trkpt lat="28.887464" lon="118.06303"><ele>720</ele></trkpt>
      <trkpt lat="28.887519" lon="118.063059"><ele>720</ele></trkpt>
      <trkpt lat="28.887559" lon="118.06309"><ele>722</ele></trkpt>
      <trkpt lat="28.887603" lon="118.0631"><ele>723</ele></trkpt>
      <trkpt lat="28.887638" lon="118.063136"><ele>725</ele></trkpt>
      <trkpt lat="28.887681" lon="118.063159"><ele>727</ele></trkpt>
      <trkpt lat="28.887706" lon="118.063122"><ele>729</ele></trkpt>
      <trkpt lat="28.887731" lon="118.063069"><ele>732</ele></trkpt>
      <trkpt lat="28.88771" lon="118.063099"><ele>733</ele></trkpt>
      <trkpt lat="28.887749" lon="118.063119"><ele>734</ele></trkpt>
      <trkpt lat="28.887797" lon="118.063158"><ele>732</ele></trkpt>
      <trkpt lat="28.887828" lon="118.0632"><ele>732</ele></trkpt>
      <trkpt lat="28.887875" lon="118.06324"><ele>733</ele></trkpt>
      <trkpt lat="28.887923" lon="118.063278"><ele>735</ele></trkpt>
      <trkpt lat="28.887963" lon="118.063304"><ele>736</ele></trkpt>
      <trkpt lat="28.887992" lon="118.063342"><ele>736</ele></trkpt>
      <trkpt lat="28.88803" lon="118.063397"><ele>736</ele></trkpt>
      <trkpt lat="28.888061" lon="118.063435"><ele>737</ele></trkpt>
      <trkpt lat="28.888108" lon="118.063479"><ele>736</ele></trkpt>
      <trkpt lat="28.888152" lon="118.063506"><ele>738</ele></trkpt>
      <trkpt lat="28.88819" lon="118.063538"><ele>738</ele></trkpt>
      <trkpt lat="28.88823" lon="118.063563"><ele>738</ele></trkpt>
      <trkpt lat="28.888271" lon="118.063581"><ele>740</ele></trkpt>
      <trkpt lat="28.888312" lon="118.063596"><ele>740</ele></trkpt>
      <trkpt lat="28.888368" lon="118.063604"><ele>740</ele></trkpt>
      <trkpt lat="28.888414" lon="118.063623"><ele>741</ele></trkpt>
      <trkpt lat="28.888452" lon="118.06363"><ele>742</ele></trkpt>
      <trkpt lat="28.888503" lon="118.06365"><ele>742</ele></trkpt>
      <trkpt lat="28.888553" lon="118.063663"><ele>743</ele></trkpt>
      <trkpt lat="28.888597" lon="118.063669"><ele>744</ele></trkpt>
      <trkpt lat="28.888654" lon="118.063672"><ele>743</ele></trkpt>
      <trkpt lat="28.888705" lon="118.063675"><ele>742</ele></trkpt>
      <trkpt lat="28.888763" lon="118.063682"><ele>743</ele></trkpt>
      <trkpt lat="28.888786" lon="118.063725"><ele>742</ele></trkpt>
      <trkpt lat="28.888821" lon="118.06374"><ele>742</ele></trkpt>
      <trkpt lat="28.888871" lon="118.063742"><ele>741</ele></trkpt>
      <trkpt lat="28.888928" lon="118.063743"><ele>741</ele></trkpt>
      <trkpt lat="28.888992" lon="118.06374"><ele>740</ele></trkpt>
      <trkpt lat="28.889046" lon="118.063731"><ele>742</ele></trkpt>
      <trkpt lat="28.889088" lon="118.063706"><ele>744</ele></trkpt>
      <trkpt lat="28.889133" lon="118.063706"><ele>743</ele></trkpt>
      <trkpt lat="28.889185" lon="118.063704"><ele>744</ele></trkpt>
      <trkpt lat="28.889247" lon="118.063683"><ele>745</ele></trkpt>
      <trkpt lat="28.88929" lon="118.063684"><ele>744</ele></trkpt>
      <trkpt lat="28.889344" lon="118.063693"><ele>744</ele></trkpt>
      <trkpt lat="28.889398" lon="118.063706"><ele>744</ele></trkpt>
      <trkpt lat="28.889452" lon="118.063699"><ele>747</ele></trkpt>
      <trkpt lat="28.889495" lon="118.063685"><ele>752</ele></trkpt>
      <trkpt lat="28.889541" lon="118.063653"><ele>757</ele></trkpt>
      <trkpt lat="28.889568" lon="118.06361"><ele>758</ele></trkpt>
      <trkpt lat="28.88961" lon="118.063607"><ele>760</ele></trkpt>
      <trkpt lat="28.889665" lon="118.063596"><ele>762</ele></trkpt>
      <trkpt lat="28.889704" lon="118.063624"><ele>763</ele></trkpt>
      <trkpt lat="28.889739" lon="118.063596"><ele>766</ele></trkpt>
      <trkpt lat="28.889795" lon="118.063558"><ele>768</ele></trkpt>
      <trkpt lat="28.889822" lon="118.063519"><ele>770</ele></trkpt>
      <trkpt lat="28.88985" lon="118.063467"><ele>773</ele></trkpt>
      <trkpt lat="28.889892" lon="118.063449"><ele>773</ele></trkpt>
      <trkpt lat="28.889944" lon="118.063444"><ele>775</ele></trkpt>
      <trkpt lat="28.889983" lon="118.063392"><ele>779</ele></trkpt>
      <trkpt lat="28.890017" lon="118.063367"><ele>780</ele></trkpt>
      <trkpt lat="28.890069" lon="118.063367"><ele>781</ele></trkpt>
      <trkpt lat="28.890114" lon="118.063377"><ele>782</ele></trkpt>
      <trkpt lat="28.890171" lon="118.063378"><ele>784</ele></trkpt>
      <trkpt lat="28.890194" lon="118.063329"><ele>782</ele></trkpt>
      <trkpt lat="28.890218" lon="118.063293"><ele>778</ele></trkpt>
      <trkpt lat="28.890271" lon="118.063299"><ele>776</ele></trkpt>
      <trkpt lat="28.890309" lon="118.06332"><ele>775</ele></trkpt>
      <trkpt lat="28.890368" lon="118.063332"><ele>777</ele></trkpt>
      <trkpt lat="28.890415" lon="118.063344"><ele>774</ele></trkpt>
      <trkpt lat="28.890469" lon="118.06336"><ele>774</ele></trkpt>
      <trkpt lat="28.890514" lon="118.063357"><ele>774</ele></trkpt>
      <trkpt lat="28.890559" lon="118.063325"><ele>773</ele></trkpt>
      <trkpt lat="28.890554" lon="118.063259"><ele>776</ele></trkpt>
      <trkpt lat="28.890572" lon="118.063217"><ele>777</ele></trkpt>
      <trkpt lat="28.890615" lon="118.06319"><ele>778</ele></trkpt>
      <trkpt lat="28.890652" lon="118.06314"><ele>777</ele></trkpt>
      <trkpt lat="28.890676" lon="118.063164"><ele>775</ele></trkpt>
      <trkpt lat="28.890718" lon="118.063171"><ele>779</ele></trkpt>
      <trkpt lat="28.890702" lon="118.063136"><ele>780</ele></trkpt>
      <trkpt lat="28.890747" lon="118.063043"><ele>778</ele></trkpt>
      <trkpt lat="28.890775" lon="118.063055"><ele>778</ele></trkpt>
      <trkpt lat="28.890832" lon="118.063076"><ele>778</ele></trkpt>
      <trkpt lat="28.890863" lon="118.06305"><ele>778</ele></trkpt>
      <trkpt lat="28.89089" lon="118.063"><ele>780</ele></trkpt>
      <trkpt lat="28.89093" lon="118.062992"><ele>781</ele></trkpt>
      <trkpt lat="28.890987" lon="118.062991"><ele>780</ele></trkpt>
      <trkpt lat="28.891037" lon="118.063008"><ele>780</ele></trkpt>
      <trkpt lat="28.891088" lon="118.063001"><ele>782</ele></trkpt>
      <trkpt lat="28.891123" lon="118.062963"><ele>784</ele></trkpt>
      <trkpt lat="28.891154" lon="118.062905"><ele>786</ele></trkpt>
      <trkpt lat="28.891169" lon="118.062852"><ele>786</ele></trkpt>
      <trkpt lat="28.891189" lon="118.062808"><ele>787</ele></trkpt>
      <trkpt lat="28.891229" lon="118.062779"><ele>787</ele></trkpt>
      <trkpt lat="28.891278" lon="118.062749"><ele>789</ele></trkpt>
      <trkpt lat="28.891302" lon="118.062701"><ele>791</ele></trkpt>
      <trkpt lat="28.89135" lon="118.062678"><ele>794</ele></trkpt>
      <trkpt lat="28.891365" lon="118.062637"><ele>794</ele></trkpt>
      <trkpt lat="28.891409" lon="118.062597"><ele>795</ele></trkpt>
      <trkpt lat="28.891457" lon="118.062593"><ele>795</ele></trkpt>
      <trkpt lat="28.891502" lon="118.062574"><ele>797</ele></trkpt>
      <trkpt lat="28.891543" lon="118.062546"><ele>799</ele></trkpt>
      <trkpt lat="28.891566" lon="118.062494"><ele>800</ele></trkpt>
      <trkpt lat="28.891589" lon="118.062443"><ele>802</ele></trkpt>
      <trkpt lat="28.891634" lon="118.062418"><ele>801</ele></trkpt>
      <trkpt lat="28.891663" lon="118.062382"><ele>801</ele></trkpt>
      <trkpt lat="28.891695" lon="118.062333"><ele>802</ele></trkpt>
      <trkpt lat="28.89173" lon="118.062303"><ele>802</ele></trkpt>
      <trkpt lat="28.891784" lon="118.062284"><ele>802</ele></trkpt>
      <trkpt lat="28.891815" lon="118.062247"><ele>803</ele></trkpt>
      <trkpt lat="28.891854" lon="118.062212"><ele>805</ele></trkpt>
      <trkpt lat="28.891911" lon="118.062215"><ele>806</ele></trkpt>
      <trkpt lat="28.891945" lon="118.062179"><ele>807</ele></trkpt>
      <trkpt lat="28.891987" lon="118.062167"><ele>806</ele></trkpt>
      <trkpt lat="28.892037" lon="118.06216"><ele>806</ele></trkpt>
      <trkpt lat="28.892081" lon="118.062129"><ele>806</ele></trkpt>
      <trkpt lat="28.892124" lon="118.062113"><ele>807</ele></trkpt>
      <trkpt lat="28.892153" lon="118.062073"><ele>808</ele></trkpt>
      <trkpt lat="28.89219" lon="118.062029"><ele>808</ele></trkpt>
      <trkpt lat="28.892234" lon="118.062035"><ele>808</ele></trkpt>
      <trkpt lat="28.892273" lon="118.062"><ele>810</ele></trkpt>
      <trkpt lat="28.8923" lon="118.061966"><ele>810</ele></trkpt>
      <trkpt lat="28.892346" lon="118.061959"><ele>810</ele></trkpt>
      <trkpt lat="28.892395" lon="118.061933"><ele>811</ele></trkpt>
      <trkpt lat="28.892444" lon="118.061924"><ele>814</ele></trkpt>
      <trkpt lat="28.892459" lon="118.061884"><ele>815</ele></trkpt>
      <trkpt lat="28.892477" lon="118.06183"><ele>816</ele></trkpt>
      <trkpt lat="28.892482" lon="118.061772"><ele>817</ele></trkpt>
      <trkpt lat="28.892502" lon="118.061712"><ele>819</ele></trkpt>
      <trkpt lat="28.892526" lon="118.06168"><ele>819</ele></trkpt>
      <trkpt lat="28.892582" lon="118.061676"><ele>820</ele></trkpt>
      <trkpt lat="28.892624" lon="118.061691"><ele>820</ele></trkpt>
      <trkpt lat="28.892671" lon="118.061701"><ele>820</ele></trkpt>
      <trkpt lat="28.892714" lon="118.061707"><ele>820</ele></trkpt>
      <trkpt lat="28.892764" lon="118.061703"><ele>821</ele></trkpt>
      <trkpt lat="28.892808" lon="118.061663"><ele>822</ele></trkpt>
      <trkpt lat="28.892846" lon="118.061616"><ele>824</ele></trkpt>
      <trkpt lat="28.892885" lon="118.061591"><ele>824</ele></trkpt>
      <trkpt lat="28.892932" lon="118.061612"><ele>827</ele></trkpt>
      <trkpt lat="28.892928" lon="118.061668"><ele>830</ele></trkpt>
      <trkpt lat="28.892911" lon="118.06172"><ele>831</ele></trkpt>
      <trkpt lat="28.892954" lon="118.061716"><ele>832</ele></trkpt>
      <trkpt lat="28.892963" lon="118.061666"><ele>835</ele></trkpt>
      <trkpt lat="28.893004" lon="118.061648"><ele>837</ele></trkpt>
      <trkpt lat="28.893024" lon="118.061701"><ele>844</ele></trkpt>
      <trkpt lat="28.893066" lon="118.061689"><ele>847</ele></trkpt>
      <trkpt lat="28.893105" lon="118.061637"><ele>862</ele></trkpt>
      <trkpt lat="28.893142" lon="118.061618"><ele>870</ele></trkpt>
      <trkpt lat="28.893193" lon="118.061637"><ele>877</ele></trkpt>
      <trkpt lat="28.893247" lon="118.061641"><ele>882</ele></trkpt>
      <trkpt lat="28.893295" lon="118.061656"><ele>887</ele></trkpt>
      <trkpt lat="28.893348" lon="118.061649"><ele>892</ele></trkpt>
      <trkpt lat="28.893407" lon="118.061631"><ele>897</ele></trkpt>
      <trkpt lat="28.893468" lon="118.061601"><ele>905</ele></trkpt>
      <trkpt lat="28.893438" lon="118.061562"><ele>909</ele></trkpt>
      <trkpt lat="28.893388" lon="118.061528"><ele>912</ele></trkpt>
      <trkpt lat="28.893381" lon="118.061479"><ele>911</ele></trkpt>
      <trkpt lat="28.89342" lon="118.061489"><ele>911</ele></trkpt>
      <trkpt lat="28.893462" lon="118.061533"><ele>909</ele></trkpt>
      <trkpt lat="28.893508" lon="118.061522"><ele>910</ele></trkpt>
      <trkpt lat="28.893554" lon="118.061536"><ele>905</ele></trkpt>
      <trkpt lat="28.893603" lon="118.061547"><ele>902</ele></trkpt>
      <trkpt lat="28.893645" lon="118.061581"><ele>898</ele></trkpt>
      <trkpt lat="28.893674" lon="118.061618"><ele>895</ele></trkpt>
      <trkpt lat="28.893708" lon="118.061666"><ele>894</ele></trkpt>
      <trkpt lat="28.893762" lon="118.061681"><ele>894</ele></trkpt>
      <trkpt lat="28.893813" lon="118.061666"><ele>896</ele></trkpt>
      <trkpt lat="28.893858" lon="118.061649"><ele>902</ele></trkpt>
      <trkpt lat="28.893894" lon="118.061662"><ele>900</ele></trkpt>
      <trkpt lat="28.893923" lon="118.061717"><ele>905</ele></trkpt>
      <trkpt lat="28.893955" lon="118.061713"><ele>906</ele></trkpt>
      <trkpt lat="28.894001" lon="118.061734"><ele>905</ele></trkpt>
      <trkpt lat="28.894052" lon="118.061787"><ele>905</ele></trkpt>
      <trkpt lat="28.894103" lon="118.061799"><ele>909</ele></trkpt>
      <trkpt lat="28.894149" lon="118.061798"><ele>911</ele></trkpt>
      <trkpt lat="28.894201" lon="118.061786"><ele>913</ele></trkpt>
      <trkpt lat="28.89426" lon="118.061781"><ele>916</ele></trkpt>
      <trkpt lat="28.894316" lon="118.061782"><ele>917</ele></trkpt>
      <trkpt lat="28.894362" lon="118.061782"><ele>917</ele></trkpt>
      <trkpt lat="28.894409" lon="118.061799"><ele>916</ele></trkpt>
      <trkpt lat="28.894445" lon="118.061823"><ele>918</ele></trkpt>
      <trkpt lat="28.894506" lon="118.061844"><ele>920</ele></trkpt>
      <trkpt lat="28.894539" lon="118.061862"><ele>920</ele></trkpt>
      <trkpt lat="28.89459" lon="118.061891"><ele>920</ele></trkpt>
      <trkpt lat="28.894629" lon="118.061913"><ele>920</ele></trkpt>
      <trkpt lat="28.894674" lon="118.061948"><ele>920</ele></trkpt>
      <trkpt lat="28.894722" lon="118.061932"><ele>924</ele></trkpt>
      <trkpt lat="28.894768" lon="118.06192"><ele>925</ele></trkpt>
      <trkpt lat="28.894809" lon="118.061865"><ele>926</ele></trkpt>
      <trkpt lat="28.894855" lon="118.061857"><ele>927</ele></trkpt>
      <trkpt lat="28.894878" lon="118.061897"><ele>926</ele></trkpt>
      <trkpt lat="28.894927" lon="118.061934"><ele>925</ele></trkpt>
      <trkpt lat="28.894966" lon="118.061926"><ele>923</ele></trkpt>
      <trkpt lat="28.895015" lon="118.061911"><ele>922</ele></trkpt>
      <trkpt lat="28.895064" lon="118.061897"><ele>923</ele></trkpt>
      <trkpt lat="28.8951" lon="118.061906"><ele>923</ele></trkpt>
      <trkpt lat="28.895162" lon="118.061907"><ele>925</ele></trkpt>
      <trkpt lat="28.89521" lon="118.061922"><ele>926</ele></trkpt>
      <trkpt lat="28.895237" lon="118.061966"><ele>927</ele></trkpt>
      <trkpt lat="28.895266" lon="118.061992"><ele>927</ele></trkpt>
      <trkpt lat="28.895248" lon="118.062043"><ele>926</ele></trkpt>
      <trkpt lat="28.895274" lon="118.062047"><ele>926</ele></trkpt>
      <trkpt lat="28.895292" lon="118.062094"><ele>925</ele></trkpt>
      <trkpt lat="28.895333" lon="118.062105"><ele>922</ele></trkpt>
      <trkpt lat="28.895386" lon="118.062121"><ele>922</ele></trkpt>
      <trkpt lat="28.895431" lon="118.062136"><ele>922</ele></trkpt>
      <trkpt lat="28.895484" lon="118.062153"><ele>922</ele></trkpt>
      <trkpt lat="28.895528" lon="118.062175"><ele>922</ele></trkpt>
      <trkpt lat="28.895578" lon="118.062178"><ele>922</ele></trkpt>
      <trkpt lat="28.895623" lon="118.062169"><ele>923</ele></trkpt>
      <trkpt lat="28.895672" lon="118.062171"><ele>923</ele></trkpt>
      <trkpt lat="28.895689" lon="118.062221"><ele>923</ele></trkpt>
      <trkpt lat="28.895726" lon="118.062255"><ele>923</ele></trkpt>
      <trkpt lat="28.895771" lon="118.06225"><ele>924</ele></trkpt>
      <trkpt lat="28.895798" lon="118.062285"><ele>926</ele></trkpt>
      <trkpt lat="28.895818" lon="118.062355"><ele>931</ele></trkpt>
      <trkpt lat="28.895852" lon="118.062342"><ele>930</ele></trkpt>
      <trkpt lat="28.895899" lon="118.062309"><ele>936</ele></trkpt>
      <trkpt lat="28.895928" lon="118.062265"><ele>938</ele></trkpt>
      <trkpt lat="28.895882" lon="118.062258"><ele>945</ele></trkpt>
      <trkpt lat="28.895845" lon="118.062281"><ele>945</ele></trkpt>
      <trkpt lat="28.895901" lon="118.062267"><ele>945</ele></trkpt>
      <trkpt lat="28.895943" lon="118.062234"><ele>945</ele></trkpt>
      <trkpt lat="28.896009" lon="118.062195"><ele>945</ele></trkpt>
      <trkpt lat="28.896089" lon="118.062151"><ele>947</ele></trkpt>
      <trkpt lat="28.896117" lon="118.062139"><ele>946</ele></trkpt>
      <trkpt lat="28.896143" lon="118.062096"><ele>943</ele></trkpt>
      <trkpt lat="28.896182" lon="118.062046"><ele>941</ele></trkpt>
      <trkpt lat="28.89622" lon="118.062005"><ele>942</ele></trkpt>
      <trkpt lat="28.896279" lon="118.06199"><ele>941</ele></trkpt>
      <trkpt lat="28.896323" lon="118.061975"><ele>942</ele></trkpt>
      <trkpt lat="28.896345" lon="118.061926"><ele>942</ele></trkpt>
      <trkpt lat="28.896385" lon="118.061933"><ele>940</ele></trkpt>
      <trkpt lat="28.896408" lon="118.061902"><ele>939</ele></trkpt>
      <trkpt lat="28.896411" lon="118.061916"><ele>939</ele></trkpt>
      <trkpt lat="28.896372" lon="118.061991"><ele>964</ele></trkpt>
      <trkpt lat="28.896353" lon="118.061926"><ele>958</ele></trkpt>
      <trkpt lat="28.896308" lon="118.061933"><ele>969</ele></trkpt>
      <trkpt lat="28.896342" lon="118.061961"><ele>973</ele></trkpt>
      <trkpt lat="28.896305" lon="118.061919"><ele>977</ele></trkpt>
      <trkpt lat="28.896319" lon="118.061871"><ele>972</ele></trkpt>
      <trkpt lat="28.896357" lon="118.061867"><ele>971</ele></trkpt>
      <trkpt lat="28.896393" lon="118.061828"><ele>970</ele></trkpt>
      <trkpt lat="28.896411" lon="118.061787"><ele>969</ele></trkpt>
      <trkpt lat="28.896454" lon="118.06175"><ele>963</ele></trkpt>
      <trkpt lat="28.896502" lon="118.061733"><ele>955</ele></trkpt>
      <trkpt lat="28.896548" lon="118.06171"><ele>948</ele></trkpt>
      <trkpt lat="28.896534" lon="118.06167"><ele>946</ele></trkpt>
      <trkpt lat="28.896575" lon="118.061664"><ele>950</ele></trkpt>
      <trkpt lat="28.896621" lon="118.061658"><ele>967</ele></trkpt>
      <trkpt lat="28.896649" lon="118.061699"><ele>982</ele></trkpt>
      <trkpt lat="28.896696" lon="118.061732"><ele>992</ele></trkpt>
      <trkpt lat="28.896714" lon="118.061769"><ele>991</ele></trkpt>
      <trkpt lat="28.896754" lon="118.061807"><ele>992</ele></trkpt>
      <trkpt lat="28.896797" lon="118.061801"><ele>991</ele></trkpt>
      <trkpt lat="28.896842" lon="118.061778"><ele>991</ele></trkpt>
      <trkpt lat="28.89689" lon="118.061748"><ele>992</ele></trkpt>
      <trkpt lat="28.896927" lon="118.061682"><ele>998</ele></trkpt>
      <trkpt lat="28.89691" lon="118.061625"><ele>1003</ele></trkpt>
      <trkpt lat="28.896866" lon="118.061663"><ele>1008</ele></trkpt>
      <trkpt lat="28.896941" lon="118.061656"><ele>1009</ele></trkpt>
      <trkpt lat="28.896984" lon="118.061673"><ele>1010</ele></trkpt>
      <trkpt lat="28.897027" lon="118.061718"><ele>1011</ele></trkpt>
      <trkpt lat="28.897071" lon="118.061771"><ele>1012</ele></trkpt>
      <trkpt lat="28.897083" lon="118.061801"><ele>1012</ele></trkpt>
      <trkpt lat="28.897086" lon="118.061811"><ele>1012</ele></trkpt>
      <trkpt lat="28.897081" lon="118.061775"><ele>1011</ele></trkpt>
      <trkpt lat="28.8971" lon="118.061744"><ele>1010</ele></trkpt>
      <trkpt lat="28.897132" lon="118.061719"><ele>1009</ele></trkpt>
      <trkpt lat="28.897118" lon="118.061741"><ele>1014</ele></trkpt>
      <trkpt lat="28.897109" lon="118.061707"><ele>1015</ele></trkpt>
      <trkpt lat="28.897068" lon="118.061687"><ele>1016</ele></trkpt>
      <trkpt lat="28.897043" lon="118.061713"><ele>1016</ele></trkpt>
      <trkpt lat="28.897068" lon="118.061742"><ele>1015</ele></trkpt>
      <trkpt lat="28.897128" lon="118.061739"><ele>1015</ele></trkpt>
      <trkpt lat="28.897188" lon="118.06174"><ele>1017</ele></trkpt>
      <trkpt lat="28.897224" lon="118.06176"><ele>1018</ele></trkpt>
      <trkpt lat="28.89727" lon="118.061781"><ele>1018</ele></trkpt>
      <trkpt lat="28.897324" lon="118.061788"><ele>1019</ele></trkpt>
      <trkpt lat="28.897338" lon="118.061707"><ele>1016</ele></trkpt>
      <trkpt lat="28.897346" lon="118.061715"><ele>1015</ele></trkpt>
      <trkpt lat="28.897407" lon="118.061763"><ele>1015</ele></trkpt>
      <trkpt lat="28.897468" lon="118.061796"><ele>1017</ele></trkpt>
      <trkpt lat="28.897506" lon="118.0618"><ele>1018</ele></trkpt>
      <trkpt lat="28.89755" lon="118.061794"><ele>1019</ele></trkpt>
      <trkpt lat="28.897593" lon="118.061813"><ele>1020</ele></trkpt>
      <trkpt lat="28.897638" lon="118.061818"><ele>1020</ele></trkpt>
      <trkpt lat="28.897668" lon="118.061762"><ele>1018</ele></trkpt>
      <trkpt lat="28.897671" lon="118.061707"><ele>1015</ele></trkpt>
      <trkpt lat="28.89768" lon="118.061655"><ele>1012</ele></trkpt>
      <trkpt lat="28.897701" lon="118.061598"><ele>1007</ele></trkpt>
      <trkpt lat="28.897749" lon="118.061598"><ele>1005</ele></trkpt>
      <trkpt lat="28.897784" lon="118.061609"><ele>1006</ele></trkpt>
      <trkpt lat="28.897838" lon="118.06162"><ele>1004</ele></trkpt>
      <trkpt lat="28.897889" lon="118.061599"><ele>1006</ele></trkpt>
      <trkpt lat="28.897919" lon="118.061621"><ele>1007</ele></trkpt>
      <trkpt lat="28.897981" lon="118.06162"><ele>1008</ele></trkpt>
      <trkpt lat="28.898014" lon="118.061645"><ele>1009</ele></trkpt>
      <trkpt lat="28.898062" lon="118.061666"><ele>1008</ele></trkpt>
      <trkpt lat="28.898109" lon="118.061672"><ele>1007</ele></trkpt>
      <trkpt lat="28.898158" lon="118.061677"><ele>1011</ele></trkpt>
      <trkpt lat="28.8982" lon="118.0617"><ele>1011</ele></trkpt>
      <trkpt lat="28.898243" lon="118.061682"><ele>1012</ele></trkpt>
      <trkpt lat="28.898289" lon="118.061706"><ele>1019</ele></trkpt>
      <trkpt lat="28.898328" lon="118.061707"><ele>1021</ele></trkpt>
      <trkpt lat="28.898381" lon="118.06169"><ele>1018</ele></trkpt>
      <trkpt lat="28.898416" lon="118.061686"><ele>1017</ele></trkpt>
      <trkpt lat="28.898472" lon="118.06168"><ele>1018</ele></trkpt>
      <trkpt lat="28.898514" lon="118.061674"><ele>1023</ele></trkpt>
      <trkpt lat="28.898563" lon="118.061675"><ele>1026</ele></trkpt>
      <trkpt lat="28.898589" lon="118.061709"><ele>1026</ele></trkpt>
      <trkpt lat="28.898635" lon="118.061697"><ele>1027</ele></trkpt>
      <trkpt lat="28.898687" lon="118.061712"><ele>1030</ele></trkpt>
      <trkpt lat="28.898727" lon="118.061686"><ele>1036</ele></trkpt>
      <trkpt lat="28.898707" lon="118.061637"><ele>1037</ele></trkpt>
      <trkpt lat="28.898712" lon="118.061686"><ele>1035</ele></trkpt>
      <trkpt lat="28.898721" lon="118.061656"><ele>1033</ele></trkpt>
      <trkpt lat="28.898766" lon="118.061624"><ele>1031</ele></trkpt>
      <trkpt lat="28.898815" lon="118.061632"><ele>1034</ele></trkpt>
      <trkpt lat="28.898845" lon="118.061596"><ele>1038</ele></trkpt>
      <trkpt lat="28.898902" lon="118.0616"><ele>1036</ele></trkpt>
      <trkpt lat="28.898952" lon="118.061603"><ele>1037</ele></trkpt>
      <trkpt lat="28.898999" lon="118.061608"><ele>1037</ele></trkpt>
      <trkpt lat="28.899039" lon="118.061632"><ele>1042</ele></trkpt>
      <trkpt lat="28.899077" lon="118.061638"><ele>1044</ele></trkpt>
      <trkpt lat="28.899132" lon="118.061623"><ele>1045</ele></trkpt>
      <trkpt lat="28.899169" lon="118.061654"><ele>1049</ele></trkpt>
      <trkpt lat="28.899211" lon="118.061633"><ele>1054</ele></trkpt>
      <trkpt lat="28.899226" lon="118.061594"><ele>1054</ele></trkpt>
      <trkpt lat="28.899264" lon="118.061611"><ele>1055</ele></trkpt>
      <trkpt lat="28.899306" lon="118.061642"><ele>1057</ele></trkpt>
      <trkpt lat="28.899353" lon="118.061678"><ele>1056</ele></trkpt>
      <trkpt lat="28.899412" lon="118.061692"><ele>1056</ele></trkpt>
      <trkpt lat="28.899459" lon="118.061676"><ele>1055</ele></trkpt>
      <trkpt lat="28.899517" lon="118.061681"><ele>1056</ele></trkpt>
      <trkpt lat="28.899568" lon="118.061666"><ele>1053</ele></trkpt>
      <trkpt lat="28.899585" lon="118.061607"><ele>1065</ele></trkpt>
      <trkpt lat="28.899576" lon="118.061563"><ele>1067</ele></trkpt>
      <trkpt lat="28.899615" lon="118.061548"><ele>1071</ele></trkpt>
      <trkpt lat="28.899648" lon="118.061592"><ele>1075</ele></trkpt>
      <trkpt lat="28.899674" lon="118.061557"><ele>1079</ele></trkpt>
      <trkpt lat="28.899659" lon="118.061502"><ele>1081</ele></trkpt>
      <trkpt lat="28.899645" lon="118.061519"><ele>1078</ele></trkpt>
      <trkpt lat="28.899694" lon="118.061516"><ele>1078</ele></trkpt>
      <trkpt lat="28.899716" lon="118.061476"><ele>1080</ele></trkpt>
      <trkpt lat="28.899748" lon="118.061484"><ele>1081</ele></trkpt>
      <trkpt lat="28.899808" lon="118.061534"><ele>1080</ele></trkpt>
      <trkpt lat="28.899855" lon="118.061533"><ele>1081</ele></trkpt>
      <trkpt lat="28.899892" lon="118.061548"><ele>1082</ele></trkpt>
      <trkpt lat="28.899922" lon="118.061508"><ele>1083</ele></trkpt>
      <trkpt lat="28.899953" lon="118.061531"><ele>1087</ele></trkpt>
      <trkpt lat="28.899992" lon="118.061566"><ele>1092</ele></trkpt>
      <trkpt lat="28.900037" lon="118.061578"><ele>1094</ele></trkpt>
      <trkpt lat="28.900065" lon="118.061558"><ele>1094</ele></trkpt>
      <trkpt lat="28.900055" lon="118.061501"><ele>1098</ele></trkpt>
      <trkpt lat="28.900088" lon="118.061488"><ele>1101</ele></trkpt>
      <trkpt lat="28.900119" lon="118.061532"><ele>1102</ele></trkpt>
      <trkpt lat="28.900178" lon="118.061575"><ele>1102</ele></trkpt>
      <trkpt lat="28.900233" lon="118.061563"><ele>1107</ele></trkpt>
      <trkpt lat="28.900259" lon="118.061502"><ele>1110</ele></trkpt>
      <trkpt lat="28.900238" lon="118.06143"><ele>1109</ele></trkpt>
      <trkpt lat="28.900207" lon="118.061374"><ele>1110</ele></trkpt>
      <trkpt lat="28.900189" lon="118.061298"><ele>1111</ele></trkpt>
      <trkpt lat="28.900214" lon="118.061321"><ele>1112</ele></trkpt>
      <trkpt lat="28.900241" lon="118.061378"><ele>1113</ele></trkpt>
      <trkpt lat="28.900276" lon="118.061431"><ele>1113</ele></trkpt>
      <trkpt lat="28.900305" lon="118.061485"><ele>1113</ele></trkpt>
      <trkpt lat="28.90035" lon="118.061506"><ele>1114</ele></trkpt>
      <trkpt lat="28.900351" lon="118.061467"><ele>1116</ele></trkpt>
      <trkpt lat="28.900364" lon="118.061394"><ele>1116</ele></trkpt>
      <trkpt lat="28.900391" lon="118.061311"><ele>1119</ele></trkpt>
      <trkpt lat="28.900422" lon="118.061339"><ele>1120</ele></trkpt>
      <trkpt lat="28.900447" lon="118.061364"><ele>1119</ele></trkpt>
      <trkpt lat="28.900475" lon="118.061393"><ele>1119</ele></trkpt>
      <trkpt lat="28.900559" lon="118.061455"><ele>1122</ele></trkpt>
      <trkpt lat="28.900568" lon="118.061362"><ele>1121</ele></trkpt>
      <trkpt lat="28.900582" lon="118.061393"><ele>1121</ele></trkpt>
      <trkpt lat="28.900609" lon="118.061383"><ele>1123</ele></trkpt>
      <trkpt lat="28.900623" lon="118.061348"><ele>1124</ele></trkpt>
      <trkpt lat="28.900616" lon="118.061278"><ele>1127</ele></trkpt>
      <trkpt lat="28.900592" lon="118.06121"><ele>1130</ele></trkpt>
      <trkpt lat="28.900599" lon="118.061211"><ele>1131</ele></trkpt>
      <trkpt lat="28.900615" lon="118.061242"><ele>1132</ele></trkpt>
      <trkpt lat="28.900646" lon="118.06129"><ele>1133</ele></trkpt>
      <trkpt lat="28.900679" lon="118.061277"><ele>1132</ele></trkpt>
      <trkpt lat="28.90072" lon="118.061279"><ele>1131</ele></trkpt>
      <trkpt lat="28.900772" lon="118.061303"><ele>1128</ele></trkpt>
      <trkpt lat="28.900817" lon="118.061299"><ele>1126</ele></trkpt>
      <trkpt lat="28.900854" lon="118.061247"><ele>1134</ele></trkpt>
      <trkpt lat="28.9009" lon="118.061245"><ele>1135</ele></trkpt>
      <trkpt lat="28.90091" lon="118.061212"><ele>1135</ele></trkpt>
      <trkpt lat="28.900939" lon="118.061184"><ele>1138</ele></trkpt>
      <trkpt lat="28.900984" lon="118.061123"><ele>1150</ele></trkpt>
      <trkpt lat="28.900971" lon="118.061154"><ele>1155</ele></trkpt>
      <trkpt lat="28.90099" lon="118.061128"><ele>1157</ele></trkpt>
      <trkpt lat="28.901041" lon="118.061092"><ele>1164</ele></trkpt>
      <trkpt lat="28.901066" lon="118.06107"><ele>1164</ele></trkpt>
      <trkpt lat="28.90104" lon="118.061075"><ele>1166</ele></trkpt>
      <trkpt lat="28.901038" lon="118.061044"><ele>1169</ele></trkpt>
      <trkpt lat="28.90103" lon="118.061077"><ele>1169</ele></trkpt>
      <trkpt lat="28.900982" lon="118.061134"><ele>1168</ele></trkpt>
      <trkpt lat="28.900988" lon="118.061106"><ele>1168</ele></trkpt>
      <trkpt lat="28.900996" lon="118.061128"><ele>1167</ele></trkpt>
      <trkpt lat="28.901009" lon="118.061114"><ele>1167</ele></trkpt>
      <trkpt lat="28.901032" lon="118.061059"><ele>1167</ele></trkpt>
      <trkpt lat="28.901046" lon="118.060999"><ele>1167</ele></trkpt>
      <trkpt lat="28.90108" lon="118.060982"><ele>1168</ele></trkpt>
      <trkpt lat="28.901137" lon="118.060989"><ele>1169</ele></trkpt>
      <trkpt lat="28.901128" lon="118.060985"><ele>1170</ele></trkpt>
      <trkpt lat="28.90115" lon="118.060956"><ele>1171</ele></trkpt>
      <trkpt lat="28.901129" lon="118.060933"><ele>1172</ele></trkpt>
      <trkpt lat="28.901127" lon="118.060864"><ele>1168</ele></trkpt>
      <trkpt lat="28.901138" lon="118.060812"><ele>1164</ele></trkpt>
      <trkpt lat="28.901174" lon="118.060778"><ele>1160</ele></trkpt>
      <trkpt lat="28.90117" lon="118.060724"><ele>1158</ele></trkpt>
      <trkpt lat="28.901197" lon="118.060682"><ele>1159</ele></trkpt>
      <trkpt lat="28.901232" lon="118.060634"><ele>1171</ele></trkpt>
      <trkpt lat="28.901281" lon="118.060635"><ele>1178</ele></trkpt>
      <trkpt lat="28.901328" lon="118.060597"><ele>1180</ele></trkpt>
      <trkpt lat="28.901363" lon="118.060622"><ele>1183</ele></trkpt>
      <trkpt lat="28.901335" lon="118.060596"><ele>1185</ele></trkpt>
      <trkpt lat="28.901288" lon="118.060581"><ele>1185</ele></trkpt>
      <trkpt lat="28.901305" lon="118.060606"><ele>1185</ele></trkpt>
      <trkpt lat="28.901368" lon="118.060609"><ele>1184</ele></trkpt>
      <trkpt lat="28.901496" lon="118.060543"><ele>1159</ele></trkpt>
      <trkpt lat="28.901456" lon="118.060565"><ele>1168</ele></trkpt>
      <trkpt lat="28.901441" lon="118.060629"><ele>1181</ele></trkpt>
      <trkpt lat="28.901457" lon="118.060661"><ele>1187</ele></trkpt>
      <trkpt lat="28.901491" lon="118.060709"><ele>1189</ele></trkpt>
      <trkpt lat="28.901441" lon="118.060642"><ele>1191</ele></trkpt>
      <trkpt lat="28.901429" lon="118.060697"><ele>1192</ele></trkpt>
      <trkpt lat="28.901417" lon="118.060655"><ele>1192</ele></trkpt>
      <trkpt lat="28.901447" lon="118.060653"><ele>1192</ele></trkpt>
      <trkpt lat="28.901483" lon="118.060706"><ele>1192</ele></trkpt>
      <trkpt lat="28.901433" lon="118.060728"><ele>1191</ele></trkpt>
      <trkpt lat="28.90144" lon="118.060769"><ele>1192</ele></trkpt>
      <trkpt lat="28.901481" lon="118.060798"><ele>1191</ele></trkpt>
      <trkpt lat="28.901526" lon="118.060835"><ele>1192</ele></trkpt>
      <trkpt lat="28.90156" lon="118.060883"><ele>1193</ele></trkpt>
      <trkpt lat="28.90158" lon="118.060936"><ele>1192</ele></trkpt>
      <trkpt lat="28.901586" lon="118.060996"><ele>1193</ele></trkpt>
      <trkpt lat="28.901617" lon="118.060987"><ele>1193</ele></trkpt>
      <trkpt lat="28.90166" lon="118.060957"><ele>1193</ele></trkpt>
      <trkpt lat="28.9017" lon="118.060979"><ele>1193</ele></trkpt>
      <trkpt lat="28.901734" lon="118.061032"><ele>1191</ele></trkpt>
      <trkpt lat="28.901767" lon="118.061049"><ele>1187</ele></trkpt>
      <trkpt lat="28.901818" lon="118.061072"><ele>1185</ele></trkpt>
      <trkpt lat="28.901869" lon="118.061095"><ele>1183</ele></trkpt>
      <trkpt lat="28.901911" lon="118.061129"><ele>1180</ele></trkpt>
      <trkpt lat="28.901939" lon="118.06115"><ele>1179</ele></trkpt>
      <trkpt lat="28.902003" lon="118.061161"><ele>1176</ele></trkpt>
      <trkpt lat="28.90204" lon="118.061184"><ele>1174</ele></trkpt>
      <trkpt lat="28.902072" lon="118.061235"><ele>1178</ele></trkpt>
      <trkpt lat="28.902088" lon="118.06128"><ele>1179</ele></trkpt>
      <trkpt lat="28.902106" lon="118.061339"><ele>1180</ele></trkpt>
      <trkpt lat="28.902101" lon="118.061374"><ele>1182</ele></trkpt>
      <trkpt lat="28.902124" lon="118.061437"><ele>1185</ele></trkpt>
      <trkpt lat="28.902125" lon="118.061496"><ele>1187</ele></trkpt>
      <trkpt lat="28.90216" lon="118.061531"><ele>1187</ele></trkpt>
      <trkpt lat="28.902206" lon="118.06156"><ele>1186</ele></trkpt>
      <trkpt lat="28.902244" lon="118.061588"><ele>1186</ele></trkpt>
      <trkpt lat="28.902305" lon="118.061626"><ele>1186</ele></trkpt>
      <trkpt lat="28.902343" lon="118.061668"><ele>1187</ele></trkpt>
      <trkpt lat="28.90238" lon="118.061684"><ele>1186</ele></trkpt>
      <trkpt lat="28.902434" lon="118.06169"><ele>1186</ele></trkpt>
      <trkpt lat="28.902482" lon="118.06171"><ele>1187</ele></trkpt>
      <trkpt lat="28.902537" lon="118.061702"><ele>1189</ele></trkpt>
      <trkpt lat="28.902586" lon="118.061696"><ele>1192</ele></trkpt>
      <trkpt lat="28.902564" lon="118.06174"><ele>1200</ele></trkpt>
      <trkpt lat="28.902511" lon="118.061747"><ele>1205</ele></trkpt>
      <trkpt lat="28.902559" lon="118.061767"><ele>1211</ele></trkpt>
      <trkpt lat="28.902556" lon="118.06183"><ele>1216</ele></trkpt>
      <trkpt lat="28.902552" lon="118.061879"><ele>1217</ele></trkpt>
      <trkpt lat="28.902543" lon="118.061937"><ele>1219</ele></trkpt>
      <trkpt lat="28.902543" lon="118.06199"><ele>1220</ele></trkpt>
      <trkpt lat="28.902521" lon="118.062057"><ele>1220</ele></trkpt>
      <trkpt lat="28.902508" lon="118.062107"><ele>1220</ele></trkpt>
      <trkpt lat="28.902488" lon="118.062173"><ele>1220</ele></trkpt>
      <trkpt lat="28.902494" lon="118.06222"><ele>1219</ele></trkpt>
      <trkpt lat="28.902533" lon="118.062207"><ele>1220</ele></trkpt>
      <trkpt lat="28.902567" lon="118.06216"><ele>1222</ele></trkpt>
      <trkpt lat="28.902618" lon="118.062154"><ele>1218</ele></trkpt>
      <trkpt lat="28.902626" lon="118.062205"><ele>1216</ele></trkpt>
      <trkpt lat="28.902598" lon="118.062257"><ele>1216</ele></trkpt>
      <trkpt lat="28.902564" lon="118.062288"><ele>1218</ele></trkpt>
      <trkpt lat="28.902524" lon="118.062322"><ele>1219</ele></trkpt>
      <trkpt lat="28.902478" lon="118.062353"><ele>1219</ele></trkpt>
      <trkpt lat="28.902519" lon="118.06236"><ele>1221</ele></trkpt>
      <trkpt lat="28.902569" lon="118.062346"><ele>1224</ele></trkpt>
      <trkpt lat="28.902612" lon="118.062365"><ele>1228</ele></trkpt>
      <trkpt lat="28.902658" lon="118.062361"><ele>1228</ele></trkpt>
      <trkpt lat="28.902702" lon="118.062369"><ele>1226</ele></trkpt>
      <trkpt lat="28.90275" lon="118.062388"><ele>1226</ele></trkpt>
      <trkpt lat="28.902793" lon="118.062389"><ele>1229</ele></trkpt>
      <trkpt lat="28.902842" lon="118.062397"><ele>1231</ele></trkpt>
      <trkpt lat="28.902894" lon="118.062405"><ele>1233</ele></trkpt>
      <trkpt lat="28.902942" lon="118.062389"><ele>1233</ele></trkpt>
      <trkpt lat="28.90299" lon="118.062367"><ele>1234</ele></trkpt>
      <trkpt lat="28.903042" lon="118.062362"><ele>1235</ele></trkpt>
      <trkpt lat="28.903083" lon="118.06234"><ele>1236</ele></trkpt>
      <trkpt lat="28.90311" lon="118.062302"><ele>1238</ele></trkpt>
      <trkpt lat="28.903141" lon="118.062275"><ele>1241</ele></trkpt>
      <trkpt lat="28.903116" lon="118.062244"><ele>1245</ele></trkpt>
      <trkpt lat="28.903112" lon="118.062186"><ele>1244</ele></trkpt>
      <trkpt lat="28.903068" lon="118.062198"><ele>1245</ele></trkpt>
      <trkpt lat="28.903029" lon="118.062218"><ele>1244</ele></trkpt>
      <trkpt lat="28.903052" lon="118.062177"><ele>1245</ele></trkpt>
      <trkpt lat="28.903025" lon="118.062136"><ele>1248</ele></trkpt>
      <trkpt lat="28.90305" lon="118.062179"><ele>1241</ele></trkpt>
      <trkpt lat="28.903012" lon="118.062232"><ele>1234</ele></trkpt>
      <trkpt lat="28.903016" lon="118.062145"><ele>1235</ele></trkpt>
      <trkpt lat="28.90303" lon="118.062087"><ele>1238</ele></trkpt>
      <trkpt lat="28.903031" lon="118.062138"><ele>1237</ele></trkpt>
      <trkpt lat="28.902994" lon="118.062168"><ele>1240</ele></trkpt>
      <trkpt lat="28.903053" lon="118.062186"><ele>1238</ele></trkpt>
      <trkpt lat="28.903005" lon="118.0622"><ele>1243</ele></trkpt>
      <trkpt lat="28.903025" lon="118.062124"><ele>1248</ele></trkpt>
      <trkpt lat="28.903007" lon="118.062174"><ele>1246</ele></trkpt>
      <trkpt lat="28.902942" lon="118.06223"><ele>1251</ele></trkpt>
      <trkpt lat="28.902953" lon="118.062303"><ele>1248</ele></trkpt>
      <trkpt lat="28.902962" lon="118.062271"><ele>1248</ele></trkpt>
      <trkpt lat="28.902962" lon="118.062205"><ele>1248</ele></trkpt>
      <trkpt lat="28.903004" lon="118.062211"><ele>1243</ele></trkpt>
      <trkpt lat="28.903006" lon="118.062161"><ele>1243</ele></trkpt>
      <trkpt lat="28.903044" lon="118.06213"><ele>1244</ele></trkpt>
      <trkpt lat="28.903092" lon="118.062115"><ele>1245</ele></trkpt>
      <trkpt lat="28.903091" lon="118.062134"><ele>1245</ele></trkpt>
      <trkpt lat="28.903093" lon="118.062152"><ele>1245</ele></trkpt>
      <trkpt lat="28.903115" lon="118.062198"><ele>1246</ele></trkpt>
      <trkpt lat="28.903162" lon="118.062214"><ele>1245</ele></trkpt>
      <trkpt lat="28.903178" lon="118.062169"><ele>1243</ele></trkpt>
      <trkpt lat="28.903234" lon="118.062145"><ele>1242</ele></trkpt>
      <trkpt lat="28.903239" lon="118.062096"><ele>1241</ele></trkpt>
      <trkpt lat="28.903265" lon="118.062062"><ele>1239</ele></trkpt>
      <trkpt lat="28.903238" lon="118.062043"><ele>1238</ele></trkpt>
      <trkpt lat="28.903201" lon="118.062005"><ele>1238</ele></trkpt>
      <trkpt lat="28.903187" lon="118.06195"><ele>1238</ele></trkpt>
      <trkpt lat="28.903184" lon="118.061898"><ele>1239</ele></trkpt>
      <trkpt lat="28.90322" lon="118.061882"><ele>1240</ele></trkpt>
      <trkpt lat="28.903283" lon="118.061891"><ele>1243</ele></trkpt>
      <trkpt lat="28.903278" lon="118.061858"><ele>1244</ele></trkpt>
      <trkpt lat="28.903296" lon="118.061808"><ele>1244</ele></trkpt>
      <trkpt lat="28.903321" lon="118.06186"><ele>1247</ele></trkpt>
      <trkpt lat="28.903367" lon="118.061854"><ele>1247</ele></trkpt>
      <trkpt lat="28.903417" lon="118.061834"><ele>1250</ele></trkpt>
      <trkpt lat="28.903457" lon="118.061818"><ele>1251</ele></trkpt>
      <trkpt lat="28.903495" lon="118.061765"><ele>1252</ele></trkpt>
      <trkpt lat="28.903519" lon="118.061692"><ele>1257</ele></trkpt>
      <trkpt lat="28.903556" lon="118.06167"><ele>1259</ele></trkpt>
      <trkpt lat="28.903601" lon="118.061685"><ele>1259</ele></trkpt>
      <trkpt lat="28.903593" lon="118.061724"><ele>1260</ele></trkpt>
      <trkpt lat="28.903598" lon="118.061771"><ele>1260</ele></trkpt>
      <trkpt lat="28.903599" lon="118.061838"><ele>1262</ele></trkpt>
      <trkpt lat="28.9036" lon="118.061899"><ele>1267</ele></trkpt>
      <trkpt lat="28.903584" lon="118.061962"><ele>1269</ele></trkpt>
      <trkpt lat="28.903603" lon="118.061938"><ele>1268</ele></trkpt>
      <trkpt lat="28.903643" lon="118.061916"><ele>1270</ele></trkpt>
      <trkpt lat="28.90367" lon="118.061877"><ele>1270</ele></trkpt>
      <trkpt lat="28.903671" lon="118.06182"><ele>1270</ele></trkpt>
      <trkpt lat="28.903669" lon="118.061757"><ele>1272</ele></trkpt>
      <trkpt lat="28.903707" lon="118.061735"><ele>1275</ele></trkpt>
      <trkpt lat="28.903758" lon="118.06176"><ele>1275</ele></trkpt>
      <trkpt lat="28.903794" lon="118.061713"><ele>1281</ele></trkpt>
      <trkpt lat="28.903816" lon="118.061732"><ele>1282</ele></trkpt>
      <trkpt lat="28.903854" lon="118.061775"><ele>1283</ele></trkpt>
      <trkpt lat="28.903888" lon="118.061756"><ele>1285</ele></trkpt>
      <trkpt lat="28.903922" lon="118.061685"><ele>1285</ele></trkpt>
      <trkpt lat="28.903934" lon="118.06163"><ele>1287</ele></trkpt>
      <trkpt lat="28.903956" lon="118.06161"><ele>1287</ele></trkpt>
      <trkpt lat="28.90401" lon="118.061607"><ele>1288</ele></trkpt>
      <trkpt lat="28.903953" lon="118.061684"><ele>1291</ele></trkpt>
      <trkpt lat="28.90396" lon="118.061754"><ele>1292</ele></trkpt>
      <trkpt lat="28.903941" lon="118.061761"><ele>1293</ele></trkpt>
      <trkpt lat="28.903945" lon="118.061802"><ele>1297</ele></trkpt>
      <trkpt lat="28.903949" lon="118.061845"><ele>1298</ele></trkpt>
      <trkpt lat="28.903992" lon="118.06188"><ele>1301</ele></trkpt>
      <trkpt lat="28.904025" lon="118.061897"><ele>1302</ele></trkpt>
      <trkpt lat="28.904063" lon="118.061872"><ele>1302</ele></trkpt>
      <trkpt lat="28.904089" lon="118.061783"><ele>1304</ele></trkpt>
      <trkpt lat="28.904107" lon="118.061724"><ele>1305</ele></trkpt>
      <trkpt lat="28.90413" lon="118.061635"><ele>1306</ele></trkpt>
      <trkpt lat="28.904142" lon="118.061638"><ele>1306</ele></trkpt>
      <trkpt lat="28.9042" lon="118.06167"><ele>1308</ele></trkpt>
      <trkpt lat="28.904249" lon="118.061732"><ele>1308</ele></trkpt>
      <trkpt lat="28.904242" lon="118.061729"><ele>1308</ele></trkpt>
      <trkpt lat="28.904216" lon="118.061728"><ele>1308</ele></trkpt>
      <trkpt lat="28.904156" lon="118.061754"><ele>1310</ele></trkpt>
      <trkpt lat="28.904116" lon="118.06178"><ele>1310</ele></trkpt>
      <trkpt lat="28.90407" lon="118.061809"><ele>1311</ele></trkpt>
      <trkpt lat="28.904072" lon="118.06184"><ele>1311</ele></trkpt>
      <trkpt lat="28.904054" lon="118.061896"><ele>1314</ele></trkpt>
      <trkpt lat="28.904063" lon="118.061954"><ele>1316</ele></trkpt>
      <trkpt lat="28.904053" lon="118.061905"><ele>1318</ele></trkpt>
      <trkpt lat="28.904181" lon="118.061941"><ele>1324</ele></trkpt>
      <trkpt lat="28.90431" lon="118.061723"><ele>1345</ele></trkpt>
      <trkpt lat="28.904377" lon="118.061671"><ele>1345</ele></trkpt>
      <trkpt lat="28.904415" lon="118.061658"><ele>1334</ele></trkpt>
      <trkpt lat="28.904356" lon="118.061637"><ele>1334</ele></trkpt>
      <trkpt lat="28.904386" lon="118.061702"><ele>1333</ele></trkpt>
      <trkpt lat="28.904324" lon="118.061799"><ele>1333</ele></trkpt>
      <trkpt lat="28.904304" lon="118.061892"><ele>1333</ele></trkpt>
      <trkpt lat="28.904278" lon="118.061996"><ele>1333</ele></trkpt>
      <trkpt lat="28.904303" lon="118.061934"><ele>1329</ele></trkpt>
      <trkpt lat="28.904331" lon="118.061897"><ele>1331</ele></trkpt>
      <trkpt lat="28.904351" lon="118.061851"><ele>1332</ele></trkpt>
      <trkpt lat="28.904376" lon="118.061801"><ele>1332</ele></trkpt>
      <trkpt lat="28.904398" lon="118.061752"><ele>1333</ele></trkpt>
      <trkpt lat="28.904408" lon="118.061698"><ele>1334</ele></trkpt>
      <trkpt lat="28.904409" lon="118.061648"><ele>1335</ele></trkpt>
      <trkpt lat="28.904414" lon="118.06159"><ele>1335</ele></trkpt>
      <trkpt lat="28.904439" lon="118.061545"><ele>1335</ele></trkpt>
      <trkpt lat="28.904431" lon="118.061505"><ele>1337</ele></trkpt>
      <trkpt lat="28.904408" lon="118.061451"><ele>1338</ele></trkpt>
      <trkpt lat="28.904382" lon="118.061398"><ele>1339</ele></trkpt>
      <trkpt lat="28.904365" lon="118.061358"><ele>1340</ele></trkpt>
      <trkpt lat="28.904346" lon="118.061298"><ele>1340</ele></trkpt>
      <trkpt lat="28.904316" lon="118.061255"><ele>1339</ele></trkpt>
      <trkpt lat="28.904323" lon="118.061275"><ele>1339</ele></trkpt>
      <trkpt lat="28.904308" lon="118.061261"><ele>1337</ele></trkpt>
      <trkpt lat="28.904279" lon="118.061219"><ele>1338</ele></trkpt>
      <trkpt lat="28.904274" lon="118.061176"><ele>1339</ele></trkpt>
      <trkpt lat="28.904242" lon="118.061119"><ele>1341</ele></trkpt>
      <trkpt lat="28.904207" lon="118.061086"><ele>1343</ele></trkpt>
      <trkpt lat="28.904194" lon="118.061035"><ele>1346</ele></trkpt>
      <trkpt lat="28.904177" lon="118.060983"><ele>1347</ele></trkpt>
      <trkpt lat="28.9042" lon="118.061009"><ele>1348</ele></trkpt>
      <trkpt lat="28.904236" lon="118.061001"><ele>1349</ele></trkpt>
      <trkpt lat="28.904291" lon="118.061006"><ele>1355</ele></trkpt>
      <trkpt lat="28.904324" lon="118.061039"><ele>1359</ele></trkpt>
      <trkpt lat="28.90437" lon="118.06104"><ele>1365</ele></trkpt>
      <trkpt lat="28.904412" lon="118.061017"><ele>1363</ele></trkpt>
      <trkpt lat="28.904419" lon="118.060973"><ele>1362</ele></trkpt>
      <trkpt lat="28.904387" lon="118.060967"><ele>1363</ele></trkpt>
      <trkpt lat="28.904388" lon="118.060935"><ele>1363</ele></trkpt>
      <trkpt lat="28.904353" lon="118.06093"><ele>1365</ele></trkpt>
      <trkpt lat="28.904323" lon="118.060894"><ele>1367</ele></trkpt>
      <trkpt lat="28.904301" lon="118.060847"><ele>1368</ele></trkpt>
      <trkpt lat="28.904252" lon="118.060798"><ele>1372</ele></trkpt>
      <trkpt lat="28.904248" lon="118.060768"><ele>1372</ele></trkpt>
      <trkpt lat="28.904224" lon="118.060712"><ele>1372</ele></trkpt>
      <trkpt lat="28.904198" lon="118.060651"><ele>1372</ele></trkpt>
      <trkpt lat="28.904166" lon="118.060613"><ele>1372</ele></trkpt>
      <trkpt lat="28.904103" lon="118.060579"><ele>1371</ele></trkpt>
      <trkpt lat="28.904069" lon="118.060569"><ele>1371</ele></trkpt>
      <trkpt lat="28.90402" lon="118.060561"><ele>1370</ele></trkpt>
      <trkpt lat="28.903976" lon="118.060533"><ele>1369</ele></trkpt>
      <trkpt lat="28.903912" lon="118.060531"><ele>1367</ele></trkpt>
      <trkpt lat="28.903875" lon="118.060536"><ele>1366</ele></trkpt>
      <trkpt lat="28.903837" lon="118.060534"><ele>1366</ele></trkpt>
      <trkpt lat="28.903799" lon="118.060574"><ele>1367</ele></trkpt>
      <trkpt lat="28.903789" lon="118.060545"><ele>1367</ele></trkpt>
      <trkpt lat="28.903797" lon="118.060501"><ele>1366</ele></trkpt>
      <trkpt lat="28.903741" lon="118.060462"><ele>1367</ele></trkpt>
      <trkpt lat="28.903677" lon="118.060441"><ele>1368</ele></trkpt>
      <trkpt lat="28.903667" lon="118.0605"><ele>1368</ele></trkpt>
      <trkpt lat="28.903659" lon="118.06056"><ele>1369</ele></trkpt>
      <trkpt lat="28.903613" lon="118.060553"><ele>1369</ele></trkpt>
      <trkpt lat="28.903651" lon="118.060521"><ele>1366</ele></trkpt>
      <trkpt lat="28.903695" lon="118.060536"><ele>1366</ele></trkpt>
      <trkpt lat="28.903635" lon="118.060554"><ele>1368</ele></trkpt>
      <trkpt lat="28.903671" lon="118.06053"><ele>1367</ele></trkpt>
      <trkpt lat="28.903666" lon="118.060602"><ele>1366</ele></trkpt>
      <trkpt lat="28.903705" lon="118.060582"><ele>1369</ele></trkpt>
      <trkpt lat="28.903698" lon="118.060546"><ele>1369</ele></trkpt>
      <trkpt lat="28.903657" lon="118.06052"><ele>1369</ele></trkpt>
      <trkpt lat="28.903653" lon="118.060522"><ele>1368</ele></trkpt>
      <trkpt lat="28.903704" lon="118.060515"><ele>1362</ele></trkpt>
      <trkpt lat="28.903745" lon="118.060529"><ele>1361</ele></trkpt>
      <trkpt lat="28.903786" lon="118.060552"><ele>1360</ele></trkpt>
      <trkpt lat="28.903835" lon="118.060587"><ele>1357</ele></trkpt>
      <trkpt lat="28.90384" lon="118.060542"><ele>1356</ele></trkpt>
      <trkpt lat="28.903881" lon="118.060529"><ele>1356</ele></trkpt>
      <trkpt lat="28.903929" lon="118.06054"><ele>1356</ele></trkpt>
      <trkpt lat="28.903983" lon="118.060536"><ele>1357</ele></trkpt>
      <trkpt lat="28.904031" lon="118.060548"><ele>1358</ele></trkpt>
      <trkpt lat="28.904067" lon="118.060576"><ele>1360</ele></trkpt>
      <trkpt lat="28.904121" lon="118.060596"><ele>1361</ele></trkpt>
      <trkpt lat="28.904164" lon="118.060603"><ele>1361</ele></trkpt>
      <trkpt lat="28.904223" lon="118.060632"><ele>1362</ele></trkpt>
      <trkpt lat="28.904268" lon="118.060691"><ele>1367</ele></trkpt>
      <trkpt lat="28.904287" lon="118.060673"><ele>1368</ele></trkpt>
      <trkpt lat="28.904274" lon="118.06067"><ele>1368</ele></trkpt>
      <trkpt lat="28.904297" lon="118.060717"><ele>1370</ele></trkpt>
      <trkpt lat="28.904335" lon="118.0607"><ele>1371</ele></trkpt>
      <trkpt lat="28.904358" lon="118.060747"><ele>1370</ele></trkpt>
      <trkpt lat="28.904344" lon="118.060698"><ele>1369</ele></trkpt>
      <trkpt lat="28.904344" lon="118.060643"><ele>1371</ele></trkpt>
      <trkpt lat="28.90441" lon="118.060608"><ele>1378</ele></trkpt>
      <trkpt lat="28.904401" lon="118.060652"><ele>1379</ele></trkpt>
      <trkpt lat="28.904454" lon="118.0607"><ele>1379</ele></trkpt>
      <trkpt lat="28.904508" lon="118.060689"><ele>1380</ele></trkpt>
      <trkpt lat="28.904462" lon="118.060677"><ele>1380</ele></trkpt>
      <trkpt lat="28.904445" lon="118.060692"><ele>1380</ele></trkpt>
      <trkpt lat="28.904473" lon="118.060669"><ele>1381</ele></trkpt>
      <trkpt lat="28.904458" lon="118.060662"><ele>1381</ele></trkpt>
      <trkpt lat="28.904501" lon="118.060666"><ele>1382</ele></trkpt>
      <trkpt lat="28.904564" lon="118.060666"><ele>1382</ele></trkpt>
      <trkpt lat="28.904556" lon="118.060712"><ele>1383</ele></trkpt>
      <trkpt lat="28.904556" lon="118.060638"><ele>1384</ele></trkpt>
      <trkpt lat="28.904581" lon="118.06052"><ele>1384</ele></trkpt>
      <trkpt lat="28.904592" lon="118.060459"><ele>1383</ele></trkpt>
      <trkpt lat="28.904591" lon="118.060411"><ele>1384</ele></trkpt>
      <trkpt lat="28.904574" lon="118.060409"><ele>1387</ele></trkpt>
      <trkpt lat="28.904532" lon="118.060412"><ele>1388</ele></trkpt>
      <trkpt lat="28.904478" lon="118.060382"><ele>1389</ele></trkpt>
      <trkpt lat="28.904432" lon="118.060357"><ele>1389</ele></trkpt>
      <trkpt lat="28.904418" lon="118.060356"><ele>1389</ele></trkpt>
      <trkpt lat="28.904443" lon="118.06037"><ele>1391</ele></trkpt>
      <trkpt lat="28.904485" lon="118.060386"><ele>1391</ele></trkpt>
      <trkpt lat="28.904564" lon="118.060385"><ele>1392</ele></trkpt>
      <trkpt lat="28.904565" lon="118.060378"><ele>1393</ele></trkpt>
      <trkpt lat="28.904648" lon="118.060401"><ele>1393</ele></trkpt>
      <trkpt lat="28.90472" lon="118.060439"><ele>1393</ele></trkpt>
      <trkpt lat="28.904717" lon="118.060383"><ele>1394</ele></trkpt>
      <trkpt lat="28.904711" lon="118.060341"><ele>1394</ele></trkpt>
      <trkpt lat="28.9047" lon="118.060317"><ele>1395</ele></trkpt>
      <trkpt lat="28.904647" lon="118.060279"><ele>1395</ele></trkpt>
      <trkpt lat="28.90456" lon="118.06017"><ele>1395</ele></trkpt>
      <trkpt lat="28.904599" lon="118.060147"><ele>1395</ele></trkpt>
      <trkpt lat="28.904646" lon="118.060101"><ele>1395</ele></trkpt>
      <trkpt lat="28.904665" lon="118.060049"><ele>1395</ele></trkpt>
      <trkpt lat="28.904645" lon="118.060062"><ele>1387</ele></trkpt>
      <trkpt lat="28.904625" lon="118.060114"><ele>1385</ele></trkpt>
      <trkpt lat="28.904599" lon="118.060161"><ele>1384</ele></trkpt>
      <trkpt lat="28.904539" lon="118.060209"><ele>1382</ele></trkpt>
      <trkpt lat="28.904584" lon="118.060222"><ele>1384</ele></trkpt>
      <trkpt lat="28.904714" lon="118.060178"><ele>1385</ele></trkpt>
      <trkpt lat="28.904847" lon="118.060081"><ele>1385</ele></trkpt>
      <trkpt lat="28.904747" lon="118.059886"><ele>1394</ele></trkpt>
      <trkpt lat="28.904681" lon="118.059805"><ele>1398</ele></trkpt>
      <trkpt lat="28.904657" lon="118.059736"><ele>1400</ele></trkpt>
      <trkpt lat="28.904626" lon="118.059629"><ele>1402</ele></trkpt>
      <trkpt lat="28.904607" lon="118.059567"><ele>1403</ele></trkpt>
      <trkpt lat="28.904572" lon="118.059447"><ele>1404</ele></trkpt>
      <trkpt lat="28.904578" lon="118.059488"><ele>1404</ele></trkpt>
      <trkpt lat="28.904579" lon="118.059485"><ele>1404</ele></trkpt>
      <trkpt lat="28.904578" lon="118.059497"><ele>1403</ele></trkpt>
      <trkpt lat="28.904627" lon="118.05946"><ele>1379</ele></trkpt>
      <trkpt lat="28.904659" lon="118.059427"><ele>1375</ele></trkpt>
      <trkpt lat="28.904627" lon="118.059564"><ele>1393</ele></trkpt>
      <trkpt lat="28.904611" lon="118.059593"><ele>1404</ele></trkpt>
      <trkpt lat="28.904623" lon="118.059527"><ele>1407</ele></trkpt>
      <trkpt lat="28.904634" lon="118.059467"><ele>1409</ele></trkpt>
      <trkpt lat="28.904642" lon="118.059398"><ele>1410</ele></trkpt>
      <trkpt lat="28.904658" lon="118.059362"><ele>1410</ele></trkpt>
      <trkpt lat="28.904669" lon="118.059356"><ele>1411</ele></trkpt>
      <trkpt lat="28.904675" lon="118.059369"><ele>1412</ele></trkpt>
      <trkpt lat="28.90468" lon="118.059361"><ele>1413</ele></trkpt>
      <trkpt lat="28.904637" lon="118.059361"><ele>1412</ele></trkpt>
      <trkpt lat="28.904608" lon="118.059316"><ele>1412</ele></trkpt>
      <trkpt lat="28.904574" lon="118.059268"><ele>1414</ele></trkpt>
      <trkpt lat="28.90455" lon="118.059283"><ele>1414</ele></trkpt>
      <trkpt lat="28.904521" lon="118.059264"><ele>1414</ele></trkpt>
      <trkpt lat="28.904491" lon="118.05919"><ele>1416</ele></trkpt>
      <trkpt lat="28.90453" lon="118.059153"><ele>1417</ele></trkpt>
      <trkpt lat="28.904593" lon="118.059103"><ele>1420</ele></trkpt>
      <trkpt lat="28.904568" lon="118.059076"><ele>1420</ele></trkpt>
      <trkpt lat="28.904517" lon="118.059048"><ele>1422</ele></trkpt>
      <trkpt lat="28.904534" lon="118.059009"><ele>1423</ele></trkpt>
      <trkpt lat="28.904599" lon="118.05901"><ele>1426</ele></trkpt>
      <trkpt lat="28.904589" lon="118.058961"><ele>1428</ele></trkpt>
      <trkpt lat="28.904569" lon="118.058927"><ele>1428</ele></trkpt>
      <trkpt lat="28.904601" lon="118.058889"><ele>1431</ele></trkpt>
      <trkpt lat="28.904573" lon="118.058862"><ele>1434</ele></trkpt>
      <trkpt lat="28.904563" lon="118.058813"><ele>1435</ele></trkpt>
      <trkpt lat="28.904587" lon="118.058767"><ele>1436</ele></trkpt>
      <trkpt lat="28.904578" lon="118.058703"><ele>1438</ele></trkpt>
      <trkpt lat="28.904621" lon="118.058746"><ele>1439</ele></trkpt>
      <trkpt lat="28.904608" lon="118.058722"><ele>1440</ele></trkpt>
      <trkpt lat="28.904594" lon="118.058675"><ele>1441</ele></trkpt>
      <trkpt lat="28.904615" lon="118.058619"><ele>1442</ele></trkpt>
      <trkpt lat="28.904622" lon="118.058564"><ele>1446</ele></trkpt>
      <trkpt lat="28.904664" lon="118.058579"><ele>1449</ele></trkpt>
      <trkpt lat="28.904667" lon="118.058631"><ele>1450</ele></trkpt>
      <trkpt lat="28.904655" lon="118.05869"><ele>1452</ele></trkpt>
      <trkpt lat="28.904698" lon="118.058732"><ele>1457</ele></trkpt>
      <trkpt lat="28.904732" lon="118.058768"><ele>1457</ele></trkpt>
      <trkpt lat="28.904702" lon="118.058824"><ele>1461</ele></trkpt>
      <trkpt lat="28.90469" lon="118.058876"><ele>1462</ele></trkpt>
      <trkpt lat="28.904668" lon="118.058812"><ele>1460</ele></trkpt>
      <trkpt lat="28.904713" lon="118.058828"><ele>1460</ele></trkpt>
      <trkpt lat="28.904721" lon="118.058774"><ele>1461</ele></trkpt>
      <trkpt lat="28.904753" lon="118.058749"><ele>1462</ele></trkpt>
      <trkpt lat="28.904808" lon="118.058741"><ele>1464</ele></trkpt>
      <trkpt lat="28.904808" lon="118.05871"><ele>1464</ele></trkpt>
      <trkpt lat="28.904772" lon="118.058687"><ele>1465</ele></trkpt>
      <trkpt lat="28.904703" lon="118.058693"><ele>1466</ele></trkpt>
      <trkpt lat="28.90469" lon="118.058681"><ele>1466</ele></trkpt>
      <trkpt lat="28.904707" lon="118.058656"><ele>1467</ele></trkpt>
      <trkpt lat="28.904745" lon="118.058621"><ele>1467</ele></trkpt>
      <trkpt lat="28.904741" lon="118.05859"><ele>1467</ele></trkpt>
      <trkpt lat="28.904731" lon="118.058521"><ele>1467</ele></trkpt>
      <trkpt lat="28.904756" lon="118.058489"><ele>1467</ele></trkpt>
      <trkpt lat="28.904787" lon="118.058446"><ele>1467</ele></trkpt>
      <trkpt lat="28.904784" lon="118.05846"><ele>1467</ele></trkpt>
      <trkpt lat="28.904754" lon="118.058445"><ele>1467</ele></trkpt>
      <trkpt lat="28.904741" lon="118.058405"><ele>1468</ele></trkpt>
      <trkpt lat="28.90474" lon="118.058349"><ele>1469</ele></trkpt>
      <trkpt lat="28.904723" lon="118.058374"><ele>1473</ele></trkpt>
      <trkpt lat="28.904749" lon="118.058342"><ele>1473</ele></trkpt>
      <trkpt lat="28.904714" lon="118.058327"><ele>1473</ele></trkpt>
      <trkpt lat="28.904722" lon="118.05835"><ele>1473</ele></trkpt>
      <trkpt lat="28.904701" lon="118.058374"><ele>1473</ele></trkpt>
      <trkpt lat="28.904733" lon="118.058337"><ele>1474</ele></trkpt>
      <trkpt lat="28.904746" lon="118.058279"><ele>1475</ele></trkpt>
      <trkpt lat="28.904731" lon="118.058261"><ele>1476</ele></trkpt>
      <trkpt lat="28.904666" lon="118.058268"><ele>1477</ele></trkpt>
      <trkpt lat="28.904661" lon="118.058237"><ele>1477</ele></trkpt>
      <trkpt lat="28.90467" lon="118.058167"><ele>1477</ele></trkpt>
      <trkpt lat="28.904683" lon="118.058119"><ele>1477</ele></trkpt>
      <trkpt lat="28.904703" lon="118.058038"><ele>1478</ele></trkpt>
      <trkpt lat="28.904716" lon="118.058051"><ele>1478</ele></trkpt>
      <trkpt lat="28.904732" lon="118.058073"><ele>1478</ele></trkpt>
      <trkpt lat="28.90475" lon="118.058065"><ele>1479</ele></trkpt>
      <trkpt lat="28.904751" lon="118.05802"><ele>1479</ele></trkpt>
      <trkpt lat="28.90477" lon="118.057971"><ele>1479</ele></trkpt>
      <trkpt lat="28.904812" lon="118.05795"><ele>1479</ele></trkpt>
      <trkpt lat="28.904865" lon="118.057961"><ele>1479</ele></trkpt>
      <trkpt lat="28.904884" lon="118.057903"><ele>1479</ele></trkpt>
      <trkpt lat="28.904954" lon="118.05791"><ele>1476</ele></trkpt>
      <trkpt lat="28.904928" lon="118.05796"><ele>1478</ele></trkpt>
      <trkpt lat="28.904874" lon="118.057968"><ele>1478</ele></trkpt>
      <trkpt lat="28.904851" lon="118.057891"><ele>1476</ele></trkpt>
      <trkpt lat="28.904818" lon="118.057886"><ele>1476</ele></trkpt>
      <trkpt lat="28.904776" lon="118.057896"><ele>1477</ele></trkpt>
      <trkpt lat="28.904727" lon="118.057874"><ele>1478</ele></trkpt>
      <trkpt lat="28.904733" lon="118.057848"><ele>1478</ele></trkpt>
      <trkpt lat="28.904728" lon="118.057849"><ele>1479</ele></trkpt>
      <trkpt lat="28.904738" lon="118.05784"><ele>1479</ele></trkpt>
      <trkpt lat="28.9048" lon="118.057793"><ele>1480</ele></trkpt>
      <trkpt lat="28.904792" lon="118.057784"><ele>1481</ele></trkpt>
      <trkpt lat="28.904741" lon="118.057787"><ele>1482</ele></trkpt>
      <trkpt lat="28.904744" lon="118.057731"><ele>1483</ele></trkpt>
      <trkpt lat="28.904732" lon="118.057737"><ele>1483</ele></trkpt>
      <trkpt lat="28.904729" lon="118.057703"><ele>1484</ele></trkpt>
      <trkpt lat="28.904716" lon="118.057717"><ele>1484</ele></trkpt>
      <trkpt lat="28.904714" lon="118.057696"><ele>1484</ele></trkpt>
      <trkpt lat="28.904718" lon="118.057642"><ele>1485</ele></trkpt>
      <trkpt lat="28.904736" lon="118.057568"><ele>1485</ele></trkpt>
      <trkpt lat="28.904757" lon="118.057532"><ele>1485</ele></trkpt>
      <trkpt lat="28.904766" lon="118.057528"><ele>1485</ele></trkpt>
      <trkpt lat="28.904741" lon="118.057567"><ele>1486</ele></trkpt>
      <trkpt lat="28.904707" lon="118.057634"><ele>1486</ele></trkpt>
      <trkpt lat="28.904668" lon="118.057676"><ele>1486</ele></trkpt>
      <trkpt lat="28.904659" lon="118.057681"><ele>1486</ele></trkpt>
      <trkpt lat="28.904645" lon="118.057734"><ele>1485</ele></trkpt>
      <trkpt lat="28.904705" lon="118.057738"><ele>1485</ele></trkpt>
      <trkpt lat="28.904749" lon="118.057766"><ele>1485</ele></trkpt>
      <trkpt lat="28.904743" lon="118.0578"><ele>1486</ele></trkpt>
      <trkpt lat="28.904788" lon="118.057874"><ele>1486</ele></trkpt>
      <trkpt lat="28.904795" lon="118.057839"><ele>1487</ele></trkpt>
      <trkpt lat="28.904754" lon="118.057833"><ele>1488</ele></trkpt>
      <trkpt lat="28.90476" lon="118.057843"><ele>1488</ele></trkpt>
      <trkpt lat="28.904774" lon="118.057827"><ele>1489</ele></trkpt>
      <trkpt lat="28.904837" lon="118.05781"><ele>1490</ele></trkpt>
      <trkpt lat="28.904898" lon="118.057842"><ele>1491</ele></trkpt>
      <trkpt lat="28.904924" lon="118.057826"><ele>1491</ele></trkpt>
      <trkpt lat="28.904966" lon="118.057841"><ele>1492</ele></trkpt>
      <trkpt lat="28.904947" lon="118.057869"><ele>1492</ele></trkpt>
      <trkpt lat="28.904985" lon="118.057897"><ele>1493</ele></trkpt>
      <trkpt lat="28.905041" lon="118.057924"><ele>1495</ele></trkpt>
      <trkpt lat="28.905037" lon="118.057886"><ele>1495</ele></trkpt>
      <trkpt lat="28.905023" lon="118.057791"><ele>1497</ele></trkpt>
      <trkpt lat="28.905086" lon="118.057776"><ele>1498</ele></trkpt>
      <trkpt lat="28.905082" lon="118.057796"><ele>1499</ele></trkpt>
      <trkpt lat="28.90505" lon="118.057808"><ele>1499</ele></trkpt>
      <trkpt lat="28.905023" lon="118.057801"><ele>1499</ele></trkpt>
      <trkpt lat="28.904986" lon="118.057809"><ele>1499</ele></trkpt>
      <trkpt lat="28.904942" lon="118.05779"><ele>1501</ele></trkpt>
      <trkpt lat="28.904949" lon="118.057752"><ele>1501</ele></trkpt>
      <trkpt lat="28.904948" lon="118.057697"><ele>1501</ele></trkpt>
      <trkpt lat="28.904953" lon="118.057724"><ele>1501</ele></trkpt>
      <trkpt lat="28.904947" lon="118.057754"><ele>1500</ele></trkpt>
      <trkpt lat="28.904933" lon="118.057794"><ele>1501</ele></trkpt>
      <trkpt lat="28.905002" lon="118.057657"><ele>1509</ele></trkpt>
      <trkpt lat="28.904961" lon="118.057717"><ele>1506</ele></trkpt>
      <trkpt lat="28.90494" lon="118.057702"><ele>1502</ele></trkpt>
      <trkpt lat="28.904921" lon="118.057738"><ele>1500</ele></trkpt>
      <trkpt lat="28.904907" lon="118.057702"><ele>1502</ele></trkpt>
      <trkpt lat="28.904869" lon="118.057695"><ele>1503</ele></trkpt>
      <trkpt lat="28.904819" lon="118.057668"><ele>1504</ele></trkpt>
      <trkpt lat="28.904803" lon="118.057612"><ele>1503</ele></trkpt>
      <trkpt lat="28.904799" lon="118.057557"><ele>1502</ele></trkpt>
      <trkpt lat="28.904762" lon="118.057528"><ele>1503</ele></trkpt>
      <trkpt lat="28.90473" lon="118.057544"><ele>1504</ele></trkpt>
      <trkpt lat="28.904673" lon="118.057623"><ele>1506</ele></trkpt>
      <trkpt lat="28.904687" lon="118.057596"><ele>1507</ele></trkpt>
      <trkpt lat="28.904699" lon="118.057557"><ele>1507</ele></trkpt>
      <trkpt lat="28.904693" lon="118.05755"><ele>1508</ele></trkpt>
      <trkpt lat="28.904676" lon="118.057488"><ele>1511</ele></trkpt>
      <trkpt lat="28.904668" lon="118.057447"><ele>1511</ele></trkpt>
      <trkpt lat="28.904664" lon="118.057362"><ele>1513</ele></trkpt>
      <trkpt lat="28.904673" lon="118.057305"><ele>1516</ele></trkpt>
      <trkpt lat="28.904685" lon="118.057308"><ele>1512</ele></trkpt>
      <trkpt lat="28.904668" lon="118.057368"><ele>1515</ele></trkpt>
      <trkpt lat="28.904676" lon="118.057347"><ele>1516</ele></trkpt>
      <trkpt lat="28.904661" lon="118.057337"><ele>1517</ele></trkpt>
      <trkpt lat="28.904672" lon="118.057305"><ele>1518</ele></trkpt>
      <trkpt lat="28.904623" lon="118.057294"><ele>1518</ele></trkpt>
      <trkpt lat="28.904596" lon="118.057277"><ele>1518</ele></trkpt>
      <trkpt lat="28.904581" lon="118.057269"><ele>1518</ele></trkpt>
      <trkpt lat="28.904529" lon="118.057227"><ele>1519</ele></trkpt>
      <trkpt lat="28.904565" lon="118.057224"><ele>1519</ele></trkpt>
      <trkpt lat="28.904591" lon="118.057173"><ele>1519</ele></trkpt>
      <trkpt lat="28.904573" lon="118.057135"><ele>1519</ele></trkpt>
      <trkpt lat="28.904508" lon="118.057062"><ele>1517</ele></trkpt>
      <trkpt lat="28.904501" lon="118.057086"><ele>1516</ele></trkpt>
      <trkpt lat="28.904479" lon="118.05707"><ele>1518</ele></trkpt>
      <trkpt lat="28.904531" lon="118.057033"><ele>1517</ele></trkpt>
      <trkpt lat="28.904534" lon="118.057041"><ele>1520</ele></trkpt>
      <trkpt lat="28.904487" lon="118.057043"><ele>1521</ele></trkpt>
      <trkpt lat="28.904524" lon="118.057065"><ele>1521</ele></trkpt>
      <trkpt lat="28.904488" lon="118.057062"><ele>1519</ele></trkpt>
      <trkpt lat="28.904523" lon="118.057103"><ele>1516</ele></trkpt>
      <trkpt lat="28.904551" lon="118.057146"><ele>1517</ele></trkpt>
      <trkpt lat="28.904538" lon="118.057202"><ele>1518</ele></trkpt>
      <trkpt lat="28.904549" lon="118.057149"><ele>1519</ele></trkpt>
      <trkpt lat="28.904584" lon="118.057187"><ele>1520</ele></trkpt>
      <trkpt lat="28.904622" lon="118.057161"><ele>1523</ele></trkpt>
      <trkpt lat="28.904654" lon="118.05712"><ele>1525</ele></trkpt>
      <trkpt lat="28.904689" lon="118.057075"><ele>1527</ele></trkpt>
      <trkpt lat="28.904729" lon="118.057039"><ele>1527</ele></trkpt>
      <trkpt lat="28.904762" lon="118.057013"><ele>1527</ele></trkpt>
      <trkpt lat="28.904904" lon="118.057009"><ele>1520</ele></trkpt>
      <trkpt lat="28.904913" lon="118.056973"><ele>1518</ele></trkpt>
      <trkpt lat="28.904896" lon="118.056933"><ele>1517</ele></trkpt>
      <trkpt lat="28.904791" lon="118.056891"><ele>1518</ele></trkpt>
      <trkpt lat="28.904912" lon="118.056748"><ele>1520</ele></trkpt>
      <trkpt lat="28.904952" lon="118.056685"><ele>1525</ele></trkpt>
      <trkpt lat="28.904968" lon="118.056614"><ele>1530</ele></trkpt>
      <trkpt lat="28.904936" lon="118.056812"><ele>1537</ele></trkpt>
      <trkpt lat="28.905108" lon="118.056982"><ele>1530</ele></trkpt>
      <trkpt lat="28.905105" lon="118.056932"><ele>1530</ele></trkpt>
      <trkpt lat="28.905106" lon="118.056917"><ele>1530</ele></trkpt>
      <trkpt lat="28.905087" lon="118.056916"><ele>1530</ele></trkpt>
      <trkpt lat="28.905091" lon="118.056914"><ele>1535</ele></trkpt>
      <trkpt lat="28.905121" lon="118.056946"><ele>1533</ele></trkpt>
      <trkpt lat="28.90509" lon="118.056938"><ele>1535</ele></trkpt>
      <trkpt lat="28.905056" lon="118.056936"><ele>1536</ele></trkpt>
      <trkpt lat="28.905052" lon="118.056957"><ele>1537</ele></trkpt>
      <trkpt lat="28.905087" lon="118.056919"><ele>1540</ele></trkpt>
      <trkpt lat="28.905099" lon="118.056886"><ele>1540</ele></trkpt>
      <trkpt lat="28.905102" lon="118.056883"><ele>1540</ele></trkpt>
      <trkpt lat="28.905343" lon="118.056701"><ele>1526</ele></trkpt>
      <trkpt lat="28.905465" lon="118.05668"><ele>1525</ele></trkpt>
      <trkpt lat="28.90556" lon="118.05665"><ele>1522</ele></trkpt>
      <trkpt lat="28.905606" lon="118.056593"><ele>1524</ele></trkpt>
      <trkpt lat="28.905538" lon="118.056512"><ele>1534</ele></trkpt>
      <trkpt lat="28.905499" lon="118.056483"><ele>1542</ele></trkpt>
      <trkpt lat="28.905486" lon="118.056479"><ele>1544</ele></trkpt>
      <trkpt lat="28.905497" lon="118.056513"><ele>1540</ele></trkpt>
      <trkpt lat="28.905475" lon="118.056483"><ele>1541</ele></trkpt>
      <trkpt lat="28.905459" lon="118.056456"><ele>1542</ele></trkpt>
      <trkpt lat="28.905434" lon="118.056431"><ele>1542</ele></trkpt>
      <trkpt lat="28.905425" lon="118.056429"><ele>1543</ele></trkpt>
      <trkpt lat="28.905452" lon="118.056464"><ele>1543</ele></trkpt>
      <trkpt lat="28.905579" lon="118.056593"><ele>1544</ele></trkpt>
      <trkpt lat="28.905649" lon="118.056671"><ele>1544</ele></trkpt>
      <trkpt lat="28.905639" lon="118.056681"><ele>1544</ele></trkpt>
      <trkpt lat="28.905597" lon="118.056672"><ele>1544</ele></trkpt>
      <trkpt lat="28.905601" lon="118.056662"><ele>1544</ele></trkpt>
      <trkpt lat="28.905594" lon="118.056695"><ele>1546</ele></trkpt>
      <trkpt lat="28.905557" lon="118.056588"><ele>1537</ele></trkpt>
      <trkpt lat="28.905606" lon="118.056649"><ele>1541</ele></trkpt>
      <trkpt lat="28.905645" lon="118.056696"><ele>1543</ele></trkpt>
      <trkpt lat="28.905675" lon="118.056701"><ele>1544</ele></trkpt>
      <trkpt lat="28.905761" lon="118.056665"><ele>1547</ele></trkpt>
      <trkpt lat="28.905803" lon="118.056638"><ele>1547</ele></trkpt>
      <trkpt lat="28.90586" lon="118.056607"><ele>1548</ele></trkpt>
      <trkpt lat="28.905905" lon="118.056618"><ele>1548</ele></trkpt>
      <trkpt lat="28.905977" lon="118.056613"><ele>1548</ele></trkpt>
      <trkpt lat="28.905981" lon="118.056606"><ele>1547</ele></trkpt>
      <trkpt lat="28.905979" lon="118.056617"><ele>1547</ele></trkpt>
      <trkpt lat="28.906015" lon="118.056604"><ele>1544</ele></trkpt>
      <trkpt lat="28.906059" lon="118.056581"><ele>1545</ele></trkpt>
      <trkpt lat="28.90606" lon="118.056553"><ele>1545</ele></trkpt>
      <trkpt lat="28.906067" lon="118.056555"><ele>1545</ele></trkpt>
      <trkpt lat="28.906126" lon="118.056536"><ele>1545</ele></trkpt>
      <trkpt lat="28.90617" lon="118.056519"><ele>1545</ele></trkpt>
      <trkpt lat="28.90618" lon="118.056537"><ele>1545</ele></trkpt>
      <trkpt lat="28.906239" lon="118.056542"><ele>1546</ele></trkpt>
      <trkpt lat="28.906252" lon="118.056573"><ele>1546</ele></trkpt>
      <trkpt lat="28.906286" lon="118.056595"><ele>1546</ele></trkpt>
      <trkpt lat="28.906343" lon="118.056597"><ele>1546</ele></trkpt>
      <trkpt lat="28.90639" lon="118.05659"><ele>1546</ele></trkpt>
      <trkpt lat="28.906443" lon="118.056591"><ele>1546</ele></trkpt>
      <trkpt lat="28.906484" lon="118.056618"><ele>1546</ele></trkpt>
      <trkpt lat="28.906499" lon="118.056608"><ele>1546</ele></trkpt>
      <trkpt lat="28.906547" lon="118.056578"><ele>1547</ele></trkpt>
      <trkpt lat="28.906596" lon="118.05655"><ele>1547</ele></trkpt>
      <trkpt lat="28.906643" lon="118.056528"><ele>1547</ele></trkpt>
      <trkpt lat="28.906625" lon="118.056478"><ele>1545</ele></trkpt>
      <trkpt lat="28.906629" lon="118.056436"><ele>1544</ele></trkpt>
      <trkpt lat="28.90656" lon="118.056335"><ele>1547</ele></trkpt>
      <trkpt lat="28.90663" lon="118.056314"><ele>1542</ele></trkpt>
      <trkpt lat="28.906703" lon="118.056498"><ele>1536</ele></trkpt>
      <trkpt lat="28.906759" lon="118.056652"><ele>1532</ele></trkpt>
      <trkpt lat="28.906789" lon="118.05678"><ele>1530</ele></trkpt>
      <trkpt lat="28.906927" lon="118.056585"><ele>1540</ele></trkpt>
      <trkpt lat="28.906985" lon="118.056439"><ele>1545</ele></trkpt>
      <trkpt lat="28.907046" lon="118.056293"><ele>1550</ele></trkpt>
      <trkpt lat="28.907079" lon="118.056207"><ele>1551</ele></trkpt>
      <trkpt lat="28.906988" lon="118.056396"><ele>1547</ele></trkpt>
      <trkpt lat="28.906925" lon="118.056539"><ele>1543</ele></trkpt>
      <trkpt lat="28.906854" lon="118.05677"><ele>1537</ele></trkpt>
      <trkpt lat="28.906837" lon="118.056877"><ele>1533</ele></trkpt>
      <trkpt lat="28.906833" lon="118.056989"><ele>1535</ele></trkpt>
      <trkpt lat="28.906945" lon="118.056779"><ele>1537</ele></trkpt>
      <trkpt lat="28.906996" lon="118.056609"><ele>1542</ele></trkpt>
      <trkpt lat="28.90709" lon="118.056407"><ele>1549</ele></trkpt>
      <trkpt lat="28.907097" lon="118.056319"><ele>1553</ele></trkpt>
      <trkpt lat="28.907113" lon="118.056314"><ele>1553</ele></trkpt>
      <trkpt lat="28.907155" lon="118.056294"><ele>1554</ele></trkpt>
      <trkpt lat="28.907209" lon="118.056316"><ele>1553</ele></trkpt>
      <trkpt lat="28.907242" lon="118.056315"><ele>1556</ele></trkpt>
      <trkpt lat="28.9073" lon="118.056286"><ele>1562</ele></trkpt>
      <trkpt lat="28.90737" lon="118.056248"><ele>1572</ele></trkpt>
      <trkpt lat="28.907348" lon="118.056273"><ele>1576</ele></trkpt>
      <trkpt lat="28.90732" lon="118.056298"><ele>1576</ele></trkpt>
      <trkpt lat="28.907296" lon="118.056337"><ele>1576</ele></trkpt>
      <trkpt lat="28.907277" lon="118.056395"><ele>1576</ele></trkpt>
      <trkpt lat="28.907275" lon="118.056465"><ele>1576</ele></trkpt>
      <trkpt lat="28.907316" lon="118.05651"><ele>1574</ele></trkpt>
      <trkpt lat="28.907365" lon="118.056511"><ele>1575</ele></trkpt>
      <trkpt lat="28.907385" lon="118.056475"><ele>1575</ele></trkpt>
      <trkpt lat="28.907387" lon="118.056425"><ele>1575</ele></trkpt>
      <trkpt lat="28.90739" lon="118.056338"><ele>1574</ele></trkpt>
      <trkpt lat="28.9074" lon="118.056289"><ele>1573</ele></trkpt>
      <trkpt lat="28.907423" lon="118.056273"><ele>1572</ele></trkpt>
      <trkpt lat="28.90746" lon="118.05625"><ele>1571</ele></trkpt>
      <trkpt lat="28.907507" lon="118.056209"><ele>1566</ele></trkpt>
      <trkpt lat="28.907527" lon="118.056172"><ele>1564</ele></trkpt>
      <trkpt lat="28.907522" lon="118.056209"><ele>1563</ele></trkpt>
      <trkpt lat="28.907566" lon="118.056215"><ele>1566</ele></trkpt>
      <trkpt lat="28.907548" lon="118.056168"><ele>1564</ele></trkpt>
      <trkpt lat="28.907585" lon="118.056187"><ele>1562</ele></trkpt>
      <trkpt lat="28.907614" lon="118.056152"><ele>1562</ele></trkpt>
      <trkpt lat="28.90765" lon="118.056116"><ele>1564</ele></trkpt>
      <trkpt lat="28.907652" lon="118.056063"><ele>1566</ele></trkpt>
      <trkpt lat="28.907656" lon="118.056005"><ele>1566</ele></trkpt>
      <trkpt lat="28.907649" lon="118.05595"><ele>1566</ele></trkpt>
      <trkpt lat="28.907674" lon="118.055919"><ele>1565</ele></trkpt>
      <trkpt lat="28.907714" lon="118.055894"><ele>1564</ele></trkpt>
      <trkpt lat="28.90776" lon="118.055902"><ele>1563</ele></trkpt>
      <trkpt lat="28.907825" lon="118.055899"><ele>1561</ele></trkpt>
      <trkpt lat="28.907867" lon="118.055895"><ele>1561</ele></trkpt>
      <trkpt lat="28.907906" lon="118.055858"><ele>1560</ele></trkpt>
      <trkpt lat="28.907946" lon="118.055824"><ele>1560</ele></trkpt>
      <trkpt lat="28.907998" lon="118.055824"><ele>1561</ele></trkpt>
      <trkpt lat="28.908038" lon="118.055831"><ele>1561</ele></trkpt>
      <trkpt lat="28.908106" lon="118.055812"><ele>1558</ele></trkpt>
      <trkpt lat="28.908144" lon="118.055804"><ele>1559</ele></trkpt>
      <trkpt lat="28.908195" lon="118.055811"><ele>1558</ele></trkpt>
      <trkpt lat="28.908244" lon="118.055824"><ele>1558</ele></trkpt>
      <trkpt lat="28.908302" lon="118.055841"><ele>1558</ele></trkpt>
      <trkpt lat="28.908348" lon="118.055869"><ele>1558</ele></trkpt>
      <trkpt lat="28.90832" lon="118.055914"><ele>1559</ele></trkpt>
      <trkpt lat="28.908314" lon="118.055958"><ele>1559</ele></trkpt>
      <trkpt lat="28.908321" lon="118.056028"><ele>1560</ele></trkpt>
      <trkpt lat="28.908379" lon="118.056109"><ele>1560</ele></trkpt>
      <trkpt lat="28.908342" lon="118.056124"><ele>1561</ele></trkpt>
      <trkpt lat="28.908271" lon="118.056148"><ele>1562</ele></trkpt>
      <trkpt lat="28.908207" lon="118.056098"><ele>1565</ele></trkpt>
      <trkpt lat="28.908311" lon="118.056082"><ele>1566</ele></trkpt>
      <trkpt lat="28.908368" lon="118.056114"><ele>1566</ele></trkpt>
      <trkpt lat="28.908422" lon="118.056169"><ele>1566</ele></trkpt>
      <trkpt lat="28.90842" lon="118.056191"><ele>1567</ele></trkpt>
      <trkpt lat="28.908396" lon="118.056195"><ele>1567</ele></trkpt>
      <trkpt lat="28.908339" lon="118.056185"><ele>1567</ele></trkpt>
      <trkpt lat="28.908282" lon="118.056171"><ele>1567</ele></trkpt>
      <trkpt lat="28.908192" lon="118.056157"><ele>1568</ele></trkpt>
      <trkpt lat="28.908083" lon="118.056173"><ele>1569</ele></trkpt>
      <trkpt lat="28.908074" lon="118.056207"><ele>1569</ele></trkpt>
      <trkpt lat="28.908091" lon="118.056232"><ele>1570</ele></trkpt>
      <trkpt lat="28.908083" lon="118.056276"><ele>1571</ele></trkpt>
      <trkpt lat="28.908062" lon="118.05633"><ele>1572</ele></trkpt>
      <trkpt lat="28.90804" lon="118.056389"><ele>1571</ele></trkpt>
      <trkpt lat="28.90801" lon="118.056434"><ele>1571</ele></trkpt>
      <trkpt lat="28.90803" lon="118.05647"><ele>1574</ele></trkpt>
      <trkpt lat="28.908077" lon="118.056501"><ele>1574</ele></trkpt>
      <trkpt lat="28.908114" lon="118.056522"><ele>1573</ele></trkpt>
      <trkpt lat="28.908161" lon="118.056523"><ele>1575</ele></trkpt>
      <trkpt lat="28.908215" lon="118.056507"><ele>1577</ele></trkpt>
      <trkpt lat="28.908275" lon="118.056496"><ele>1581</ele></trkpt>
      <trkpt lat="28.908316" lon="118.056501"><ele>1582</ele></trkpt>
      <trkpt lat="28.908355" lon="118.056483"><ele>1584</ele></trkpt>
      <trkpt lat="28.908398" lon="118.05647"><ele>1585</ele></trkpt>
      <trkpt lat="28.908455" lon="118.056485"><ele>1585</ele></trkpt>
      <trkpt lat="28.908493" lon="118.056542"><ele>1585</ele></trkpt>
      <trkpt lat="28.90849" lon="118.056601"><ele>1584</ele></trkpt>
      <trkpt lat="28.908502" lon="118.056662"><ele>1585</ele></trkpt>
      <trkpt lat="28.908528" lon="118.05671"><ele>1588</ele></trkpt>
      <trkpt lat="28.908585" lon="118.056748"><ele>1594</ele></trkpt>
      <trkpt lat="28.908593" lon="118.056794"><ele>1597</ele></trkpt>
      <trkpt lat="28.908615" lon="118.056833"><ele>1599</ele></trkpt>
      <trkpt lat="28.908652" lon="118.056881"><ele>1600</ele></trkpt>
      <trkpt lat="28.908674" lon="118.056933"><ele>1602</ele></trkpt>
      <trkpt lat="28.908646" lon="118.056977"><ele>1600</ele></trkpt>
      <trkpt lat="28.908656" lon="118.057017"><ele>1599</ele></trkpt>
      <trkpt lat="28.908708" lon="118.057031"><ele>1603</ele></trkpt>
      <trkpt lat="28.908721" lon="118.057073"><ele>1604</ele></trkpt>
      <trkpt lat="28.908728" lon="118.057132"><ele>1604</ele></trkpt>
      <trkpt lat="28.908724" lon="118.057202"><ele>1603</ele></trkpt>
      <trkpt lat="28.908712" lon="118.057263"><ele>1600</ele></trkpt>
      <trkpt lat="28.908716" lon="118.057313"><ele>1597</ele></trkpt>
      <trkpt lat="28.908733" lon="118.057359"><ele>1595</ele></trkpt>
      <trkpt lat="28.908779" lon="118.057425"><ele>1589</ele></trkpt>
      <trkpt lat="28.908833" lon="118.057449"><ele>1598</ele></trkpt>
      <trkpt lat="28.908889" lon="118.057427"><ele>1606</ele></trkpt>
      <trkpt lat="28.90885" lon="118.057387"><ele>1604</ele></trkpt>
      <trkpt lat="28.90882" lon="118.057331"><ele>1601</ele></trkpt>
      <trkpt lat="28.908806" lon="118.057288"><ele>1600</ele></trkpt>
      <trkpt lat="28.908736" lon="118.057241"><ele>1616</ele></trkpt>
      <trkpt lat="28.908718" lon="118.057192"><ele>1617</ele></trkpt>
      <trkpt lat="28.908671" lon="118.057168"><ele>1617</ele></trkpt>
      <trkpt lat="28.908714" lon="118.057148"><ele>1614</ele></trkpt>
      <trkpt lat="28.908756" lon="118.057127"><ele>1613</ele></trkpt>
      <trkpt lat="28.908744" lon="118.057077"><ele>1615</ele></trkpt>
      <trkpt lat="28.908674" lon="118.057035"><ele>1619</ele></trkpt>
      <trkpt lat="28.908722" lon="118.057026"><ele>1620</ele></trkpt>
      <trkpt lat="28.908774" lon="118.057047"><ele>1616</ele></trkpt>
      <trkpt lat="28.908804" lon="118.05707"><ele>1613</ele></trkpt>
      <trkpt lat="28.908847" lon="118.057101"><ele>1609</ele></trkpt>
      <trkpt lat="28.908893" lon="118.057079"><ele>1604</ele></trkpt>
      <trkpt lat="28.908931" lon="118.057017"><ele>1603</ele></trkpt>
      <trkpt lat="28.908948" lon="118.056973"><ele>1604</ele></trkpt>
      <trkpt lat="28.908976" lon="118.056909"><ele>1604</ele></trkpt>
      <trkpt lat="28.908965" lon="118.05684"><ele>1604</ele></trkpt>
      <trkpt lat="28.90897" lon="118.056786"><ele>1599</ele></trkpt>
      <trkpt lat="28.908993" lon="118.056754"><ele>1598</ele></trkpt>
      <trkpt lat="28.909004" lon="118.056701"><ele>1598</ele></trkpt>
      <trkpt lat="28.909008" lon="118.05664"><ele>1599</ele></trkpt>
      <trkpt lat="28.90903" lon="118.056594"><ele>1600</ele></trkpt>
      <trkpt lat="28.909068" lon="118.056557"><ele>1600</ele></trkpt>
      <trkpt lat="28.909122" lon="118.056497"><ele>1600</ele></trkpt>
      <trkpt lat="28.909125" lon="118.056464"><ele>1600</ele></trkpt>
      <trkpt lat="28.909115" lon="118.056395"><ele>1601</ele></trkpt>
      <trkpt lat="28.909131" lon="118.056353"><ele>1601</ele></trkpt>
      <trkpt lat="28.909156" lon="118.056296"><ele>1601</ele></trkpt>
      <trkpt lat="28.909199" lon="118.05626"><ele>1600</ele></trkpt>
      <trkpt lat="28.909242" lon="118.056236"><ele>1600</ele></trkpt>
      <trkpt lat="28.909261" lon="118.056193"><ele>1600</ele></trkpt>
      <trkpt lat="28.909308" lon="118.05615"><ele>1599</ele></trkpt>
      <trkpt lat="28.909353" lon="118.056127"><ele>1598</ele></trkpt>
      <trkpt lat="28.909407" lon="118.056131"><ele>1596</ele></trkpt>
      <trkpt lat="28.909446" lon="118.056094"><ele>1595</ele></trkpt>
      <trkpt lat="28.909488" lon="118.0561"><ele>1596</ele></trkpt>
      <trkpt lat="28.909519" lon="118.056138"><ele>1597</ele></trkpt>
      <trkpt lat="28.909567" lon="118.056152"><ele>1597</ele></trkpt>
      <trkpt lat="28.90962" lon="118.056113"><ele>1597</ele></trkpt>
      <trkpt lat="28.909644" lon="118.05615"><ele>1599</ele></trkpt>
      <trkpt lat="28.909692" lon="118.056171"><ele>1600</ele></trkpt>
      <trkpt lat="28.909714" lon="118.056134"><ele>1601</ele></trkpt>
      <trkpt lat="28.909749" lon="118.056127"><ele>1601</ele></trkpt>
      <trkpt lat="28.909794" lon="118.056106"><ele>1602</ele></trkpt>
      <trkpt lat="28.909824" lon="118.05604"><ele>1601</ele></trkpt>
      <trkpt lat="28.909853" lon="118.056006"><ele>1600</ele></trkpt>
      <trkpt lat="28.909898" lon="118.056018"><ele>1599</ele></trkpt>
      <trkpt lat="28.909935" lon="118.05607"><ele>1599</ele></trkpt>
      <trkpt lat="28.909975" lon="118.056066"><ele>1599</ele></trkpt>
      <trkpt lat="28.91002" lon="118.056072"><ele>1599</ele></trkpt>
      <trkpt lat="28.910101" lon="118.056059"><ele>1601</ele></trkpt>
      <trkpt lat="28.910138" lon="118.056015"><ele>1603</ele></trkpt>
      <trkpt lat="28.910156" lon="118.05596"><ele>1605</ele></trkpt>
      <trkpt lat="28.910195" lon="118.055942"><ele>1602</ele></trkpt>
      <trkpt lat="28.91023" lon="118.055959"><ele>1600</ele></trkpt>
      <trkpt lat="28.910269" lon="118.055986"><ele>1601</ele></trkpt>
      <trkpt lat="28.910305" lon="118.056023"><ele>1601</ele></trkpt>
      <trkpt lat="28.91034" lon="118.056068"><ele>1602</ele></trkpt>
      <trkpt lat="28.910388" lon="118.056062"><ele>1603</ele></trkpt>
      <trkpt lat="28.910391" lon="118.056004"><ele>1611</ele></trkpt>
      <trkpt lat="28.910436" lon="118.05602"><ele>1606</ele></trkpt>
      <trkpt lat="28.910478" lon="118.056018"><ele>1605</ele></trkpt>
      <trkpt lat="28.91052" lon="118.056013"><ele>1604</ele></trkpt>
      <trkpt lat="28.910568" lon="118.055999"><ele>1603</ele></trkpt>
      <trkpt lat="28.910622" lon="118.055996"><ele>1603</ele></trkpt>
      <trkpt lat="28.910673" lon="118.055982"><ele>1603</ele></trkpt>
      <trkpt lat="28.910699" lon="118.055937"><ele>1604</ele></trkpt>
      <trkpt lat="28.910731" lon="118.055898"><ele>1601</ele></trkpt>
      <trkpt lat="28.910776" lon="118.055853"><ele>1595</ele></trkpt>
      <trkpt lat="28.910814" lon="118.055816"><ele>1590</ele></trkpt>
      <trkpt lat="28.910833" lon="118.05577"><ele>1588</ele></trkpt>
      <trkpt lat="28.910857" lon="118.055721"><ele>1586</ele></trkpt>
      <trkpt lat="28.910892" lon="118.055657"><ele>1580</ele></trkpt>
      <trkpt lat="28.910887" lon="118.05562"><ele>1579</ele></trkpt>
      <trkpt lat="28.910862" lon="118.055574"><ele>1578</ele></trkpt>
      <trkpt lat="28.910822" lon="118.055515"><ele>1577</ele></trkpt>
      <trkpt lat="28.910772" lon="118.05547"><ele>1579</ele></trkpt>
      <trkpt lat="28.91077" lon="118.05542"><ele>1581</ele></trkpt>
      <trkpt lat="28.910793" lon="118.055381"><ele>1582</ele></trkpt>
      <trkpt lat="28.910838" lon="118.055354"><ele>1582</ele></trkpt>
      <trkpt lat="28.910898" lon="118.055407"><ele>1580</ele></trkpt>
      <trkpt lat="28.910924" lon="118.05538"><ele>1583</ele></trkpt>
      <trkpt lat="28.910952" lon="118.05532"><ele>1589</ele></trkpt>
      <trkpt lat="28.910997" lon="118.055304"><ele>1590</ele></trkpt>
      <trkpt lat="28.911014" lon="118.055269"><ele>1589</ele></trkpt>
      <trkpt lat="28.911033" lon="118.055223"><ele>1590</ele></trkpt>
      <trkpt lat="28.911077" lon="118.055191"><ele>1592</ele></trkpt>
      <trkpt lat="28.911132" lon="118.055222"><ele>1590</ele></trkpt>
      <trkpt lat="28.91116" lon="118.055244"><ele>1590</ele></trkpt>
      <trkpt lat="28.911216" lon="118.055269"><ele>1590</ele></trkpt>
      <trkpt lat="28.911263" lon="118.055246"><ele>1592</ele></trkpt>
      <trkpt lat="28.911315" lon="118.055234"><ele>1592</ele></trkpt>
      <trkpt lat="28.91136" lon="118.055208"><ele>1587</ele></trkpt>
      <trkpt lat="28.911402" lon="118.055211"><ele>1594</ele></trkpt>
      <trkpt lat="28.911412" lon="118.055166"><ele>1603</ele></trkpt>
      <trkpt lat="28.911458" lon="118.055181"><ele>1605</ele></trkpt>
      <trkpt lat="28.91149" lon="118.05517"><ele>1606</ele></trkpt>
      <trkpt lat="28.911554" lon="118.055143"><ele>1608</ele></trkpt>
      <trkpt lat="28.911592" lon="118.055145"><ele>1609</ele></trkpt>
      <trkpt lat="28.911644" lon="118.055155"><ele>1609</ele></trkpt>
      <trkpt lat="28.911681" lon="118.05519"><ele>1607</ele></trkpt>
      <trkpt lat="28.91173" lon="118.055177"><ele>1607</ele></trkpt>
      <trkpt lat="28.911731" lon="118.055115"><ele>1606</ele></trkpt>
      <trkpt lat="28.911742" lon="118.055065"><ele>1605</ele></trkpt>
      <trkpt lat="28.911757" lon="118.055009"><ele>1604</ele></trkpt>
      <trkpt lat="28.911797" lon="118.054975"><ele>1605</ele></trkpt>
      <trkpt lat="28.911854" lon="118.054992"><ele>1606</ele></trkpt>
      <trkpt lat="28.911882" lon="118.054989"><ele>1606</ele></trkpt>
      <trkpt lat="28.911931" lon="118.054991"><ele>1605</ele></trkpt>
      <trkpt lat="28.911978" lon="118.054958"><ele>1605</ele></trkpt>
      <trkpt lat="28.912037" lon="118.054936"><ele>1605</ele></trkpt>
      <trkpt lat="28.912093" lon="118.054936"><ele>1607</ele></trkpt>
      <trkpt lat="28.912081" lon="118.054894"><ele>1609</ele></trkpt>
      <trkpt lat="28.912082" lon="118.054947"><ele>1608</ele></trkpt>
      <trkpt lat="28.912139" lon="118.054944"><ele>1609</ele></trkpt>
      <trkpt lat="28.912174" lon="118.054948"><ele>1609</ele></trkpt>
      <trkpt lat="28.912225" lon="118.054961"><ele>1609</ele></trkpt>
      <trkpt lat="28.912279" lon="118.054956"><ele>1611</ele></trkpt>
      <trkpt lat="28.912329" lon="118.054957"><ele>1612</ele></trkpt>
      <trkpt lat="28.912379" lon="118.054975"><ele>1612</ele></trkpt>
      <trkpt lat="28.912427" lon="118.054993"><ele>1614</ele></trkpt>
      <trkpt lat="28.91246" lon="118.054971"><ele>1614</ele></trkpt>
      <trkpt lat="28.912472" lon="118.054921"><ele>1615</ele></trkpt>
      <trkpt lat="28.91251" lon="118.054863"><ele>1616</ele></trkpt>
      <trkpt lat="28.912554" lon="118.054863"><ele>1616</ele></trkpt>
      <trkpt lat="28.912597" lon="118.054842"><ele>1617</ele></trkpt>
      <trkpt lat="28.912647" lon="118.054838"><ele>1617</ele></trkpt>
      <trkpt lat="28.9127" lon="118.054832"><ele>1619</ele></trkpt>
      <trkpt lat="28.912657" lon="118.054814"><ele>1620</ele></trkpt>
      <trkpt lat="28.912703" lon="118.054825"><ele>1617</ele></trkpt>
      <trkpt lat="28.912656" lon="118.054824"><ele>1618</ele></trkpt>
      <trkpt lat="28.912701" lon="118.05482"><ele>1619</ele></trkpt>
      <trkpt lat="28.912733" lon="118.054784"><ele>1620</ele></trkpt>
      <trkpt lat="28.912727" lon="118.054716"><ele>1621</ele></trkpt>
      <trkpt lat="28.912703" lon="118.054665"><ele>1620</ele></trkpt>
      <trkpt lat="28.912711" lon="118.054605"><ele>1620</ele></trkpt>
      <trkpt lat="28.912736" lon="118.054554"><ele>1620</ele></trkpt>
      <trkpt lat="28.912731" lon="118.054506"><ele>1621</ele></trkpt>
      <trkpt lat="28.912704" lon="118.05446"><ele>1621</ele></trkpt>
      <trkpt lat="28.912663" lon="118.054423"><ele>1620</ele></trkpt>
      <trkpt lat="28.912683" lon="118.054468"><ele>1620</ele></trkpt>
      <trkpt lat="28.912646" lon="118.054442"><ele>1620</ele></trkpt>
      <trkpt lat="28.912612" lon="118.0544"><ele>1621</ele></trkpt>
      <trkpt lat="28.912567" lon="118.054361"><ele>1620</ele></trkpt>
      <trkpt lat="28.912521" lon="118.054343"><ele>1620</ele></trkpt>
      <trkpt lat="28.912477" lon="118.054315"><ele>1621</ele></trkpt>
      <trkpt lat="28.912432" lon="118.054281"><ele>1621</ele></trkpt>
      <trkpt lat="28.912407" lon="118.05423"><ele>1621</ele></trkpt>
      <trkpt lat="28.912408" lon="118.054162"><ele>1621</ele></trkpt>
      <trkpt lat="28.912405" lon="118.054112"><ele>1620</ele></trkpt>
      <trkpt lat="28.91237" lon="118.054073"><ele>1619</ele></trkpt>
      <trkpt lat="28.912318" lon="118.054062"><ele>1619</ele></trkpt>
      <trkpt lat="28.912263" lon="118.054055"><ele>1621</ele></trkpt>
      <trkpt lat="28.912214" lon="118.054058"><ele>1623</ele></trkpt>
      <trkpt lat="28.912156" lon="118.054063"><ele>1624</ele></trkpt>
      <trkpt lat="28.912101" lon="118.054046"><ele>1625</ele></trkpt>
      <trkpt lat="28.912077" lon="118.05401"><ele>1625</ele></trkpt>
      <trkpt lat="28.912071" lon="118.053943"><ele>1622</ele></trkpt>
      <trkpt lat="28.912119" lon="118.05392"><ele>1620</ele></trkpt>
      <trkpt lat="28.912175" lon="118.053919"><ele>1619</ele></trkpt>
      <trkpt lat="28.912235" lon="118.053905"><ele>1616</ele></trkpt>
      <trkpt lat="28.912282" lon="118.053896"><ele>1614</ele></trkpt>
      <trkpt lat="28.912333" lon="118.05389"><ele>1614</ele></trkpt>
      <trkpt lat="28.912377" lon="118.053881"><ele>1614</ele></trkpt>
      <trkpt lat="28.912426" lon="118.053872"><ele>1614</ele></trkpt>
      <trkpt lat="28.912468" lon="118.053842"><ele>1615</ele></trkpt>
      <trkpt lat="28.91249" lon="118.053801"><ele>1614</ele></trkpt>
      <trkpt lat="28.912514" lon="118.053738"><ele>1613</ele></trkpt>
      <trkpt lat="28.91253" lon="118.053675"><ele>1611</ele></trkpt>
      <trkpt lat="28.91256" lon="118.053609"><ele>1614</ele></trkpt>
      <trkpt lat="28.912543" lon="118.053581"><ele>1615</ele></trkpt>
      <trkpt lat="28.912505" lon="118.053546"><ele>1615</ele></trkpt>
      <trkpt lat="28.912463" lon="118.05351"><ele>1614</ele></trkpt>
      <trkpt lat="28.91243" lon="118.053465"><ele>1614</ele></trkpt>
      <trkpt lat="28.912414" lon="118.053406"><ele>1614</ele></trkpt>
      <trkpt lat="28.912468" lon="118.053407"><ele>1614</ele></trkpt>
      <trkpt lat="28.912513" lon="118.053402"><ele>1614</ele></trkpt>
      <trkpt lat="28.912562" lon="118.053405"><ele>1615</ele></trkpt>
      <trkpt lat="28.912608" lon="118.053419"><ele>1614</ele></trkpt>
      <trkpt lat="28.912664" lon="118.053434"><ele>1614</ele></trkpt>
      <trkpt lat="28.912717" lon="118.053433"><ele>1613</ele></trkpt>
      <trkpt lat="28.912771" lon="118.053412"><ele>1614</ele></trkpt>
      <trkpt lat="28.912805" lon="118.053385"><ele>1614</ele></trkpt>
      <trkpt lat="28.912849" lon="118.053344"><ele>1612</ele></trkpt>
      <trkpt lat="28.912893" lon="118.053327"><ele>1612</ele></trkpt>
      <trkpt lat="28.91294" lon="118.053302"><ele>1612</ele></trkpt>
      <trkpt lat="28.912962" lon="118.053258"><ele>1613</ele></trkpt>
      <trkpt lat="28.912949" lon="118.05319"><ele>1614</ele></trkpt>
      <trkpt lat="28.912905" lon="118.05314"><ele>1615</ele></trkpt>
      <trkpt lat="28.912882" lon="118.053092"><ele>1616</ele></trkpt>
      <trkpt lat="28.912904" lon="118.053059"><ele>1617</ele></trkpt>
      <trkpt lat="28.912951" lon="118.053054"><ele>1615</ele></trkpt>
      <trkpt lat="28.913013" lon="118.053057"><ele>1614</ele></trkpt>
      <trkpt lat="28.913073" lon="118.053075"><ele>1614</ele></trkpt>
      <trkpt lat="28.913127" lon="118.05309"><ele>1613</ele></trkpt>
      <trkpt lat="28.91318" lon="118.053102"><ele>1612</ele></trkpt>
      <trkpt lat="28.913238" lon="118.053122"><ele>1613</ele></trkpt>
      <trkpt lat="28.913283" lon="118.053149"><ele>1615</ele></trkpt>
      <trkpt lat="28.913309" lon="118.053188"><ele>1617</ele></trkpt>
      <trkpt lat="28.913336" lon="118.053233"><ele>1615</ele></trkpt>
      <trkpt lat="28.913358" lon="118.05328"><ele>1614</ele></trkpt>
      <trkpt lat="28.913383" lon="118.053331"><ele>1615</ele></trkpt>
      <trkpt lat="28.913434" lon="118.053336"><ele>1615</ele></trkpt>
      <trkpt lat="28.913485" lon="118.053356"><ele>1612</ele></trkpt>
      <trkpt lat="28.913533" lon="118.053372"><ele>1610</ele></trkpt>
      <trkpt lat="28.913584" lon="118.053379"><ele>1608</ele></trkpt>
      <trkpt lat="28.913631" lon="118.053406"><ele>1609</ele></trkpt>
      <trkpt lat="28.913658" lon="118.053465"><ele>1609</ele></trkpt>
      <trkpt lat="28.913672" lon="118.053496"><ele>1610</ele></trkpt>
      <trkpt lat="28.913688" lon="118.053561"><ele>1609</ele></trkpt>
      <trkpt lat="28.913687" lon="118.053615"><ele>1608</ele></trkpt>
      <trkpt lat="28.91368" lon="118.053674"><ele>1608</ele></trkpt>
      <trkpt lat="28.913668" lon="118.053732"><ele>1609</ele></trkpt>
      <trkpt lat="28.913686" lon="118.053786"><ele>1608</ele></trkpt>
      <trkpt lat="28.913717" lon="118.053826"><ele>1609</ele></trkpt>
      <trkpt lat="28.913753" lon="118.053869"><ele>1608</ele></trkpt>
      <trkpt lat="28.913773" lon="118.05391"><ele>1607</ele></trkpt>
      <trkpt lat="28.913795" lon="118.053948"><ele>1607</ele></trkpt>
      <trkpt lat="28.913832" lon="118.054004"><ele>1605</ele></trkpt>
      <trkpt lat="28.913874" lon="118.054046"><ele>1604</ele></trkpt>
      <trkpt lat="28.913912" lon="118.054074"><ele>1604</ele></trkpt>
      <trkpt lat="28.913953" lon="118.054099"><ele>1604</ele></trkpt>
      <trkpt lat="28.913998" lon="118.05413"><ele>1604</ele></trkpt>
      <trkpt lat="28.914037" lon="118.054167"><ele>1603</ele></trkpt>
      <trkpt lat="28.914071" lon="118.054198"><ele>1602</ele></trkpt>
      <trkpt lat="28.914115" lon="118.054228"><ele>1601</ele></trkpt>
      <trkpt lat="28.914155" lon="118.054255"><ele>1600</ele></trkpt>
      <trkpt lat="28.914205" lon="118.054283"><ele>1600</ele></trkpt>
      <trkpt lat="28.914247" lon="118.054313"><ele>1600</ele></trkpt>
      <trkpt lat="28.914292" lon="118.05433"><ele>1599</ele></trkpt>
      <trkpt lat="28.914347" lon="118.054342"><ele>1599</ele></trkpt>
      <trkpt lat="28.914407" lon="118.054335"><ele>1596</ele></trkpt>
      <trkpt lat="28.914437" lon="118.054328"><ele>1596</ele></trkpt>
      <trkpt lat="28.914492" lon="118.05431"><ele>1595</ele></trkpt>
      <trkpt lat="28.914556" lon="118.054305"><ele>1594</ele></trkpt>
      <trkpt lat="28.914587" lon="118.054271"><ele>1594</ele></trkpt>
      <trkpt lat="28.914644" lon="118.054243"><ele>1594</ele></trkpt>
      <trkpt lat="28.914673" lon="118.054219"><ele>1594</ele></trkpt>
      <trkpt lat="28.914718" lon="118.054198"><ele>1594</ele></trkpt>
      <trkpt lat="28.914746" lon="118.05415"><ele>1594</ele></trkpt>
      <trkpt lat="28.914743" lon="118.054085"><ele>1594</ele></trkpt>
      <trkpt lat="28.914754" lon="118.054051"><ele>1594</ele></trkpt>
      <trkpt lat="28.914783" lon="118.053996"><ele>1594</ele></trkpt>
      <trkpt lat="28.914813" lon="118.05394"><ele>1594</ele></trkpt>
      <trkpt lat="28.914838" lon="118.05389"><ele>1595</ele></trkpt>
      <trkpt lat="28.914869" lon="118.053835"><ele>1595</ele></trkpt>
      <trkpt lat="28.914897" lon="118.053792"><ele>1595</ele></trkpt>
      <trkpt lat="28.914931" lon="118.053741"><ele>1595</ele></trkpt>
      <trkpt lat="28.914958" lon="118.0537"><ele>1595</ele></trkpt>
      <trkpt lat="28.914988" lon="118.053654"><ele>1595</ele></trkpt>
      <trkpt lat="28.915028" lon="118.053618"><ele>1594</ele></trkpt>
      <trkpt lat="28.915071" lon="118.053631"><ele>1594</ele></trkpt>
      <trkpt lat="28.9151" lon="118.053681"><ele>1593</ele></trkpt>
      <trkpt lat="28.915103" lon="118.053738"><ele>1592</ele></trkpt>
      <trkpt lat="28.915096" lon="118.053808"><ele>1592</ele></trkpt>
      <trkpt lat="28.915093" lon="118.053877"><ele>1591</ele></trkpt>
      <trkpt lat="28.915112" lon="118.053934"><ele>1591</ele></trkpt>
      <trkpt lat="28.915143" lon="118.053971"><ele>1592</ele></trkpt>
      <trkpt lat="28.915184" lon="118.053986"><ele>1593</ele></trkpt>
      <trkpt lat="28.915239" lon="118.053996"><ele>1593</ele></trkpt>
      <trkpt lat="28.915296" lon="118.054001"><ele>1593</ele></trkpt>
      <trkpt lat="28.915347" lon="118.053979"><ele>1594</ele></trkpt>
      <trkpt lat="28.915376" lon="118.053928"><ele>1594</ele></trkpt>
      <trkpt lat="28.915404" lon="118.053849"><ele>1591</ele></trkpt>
      <trkpt lat="28.915429" lon="118.053792"><ele>1589</ele></trkpt>
      <trkpt lat="28.915454" lon="118.053746"><ele>1588</ele></trkpt>
      <trkpt lat="28.915457" lon="118.053696"><ele>1587</ele></trkpt>
      <trkpt lat="28.915469" lon="118.053643"><ele>1587</ele></trkpt>
      <trkpt lat="28.91549" lon="118.053579"><ele>1586</ele></trkpt>
      <trkpt lat="28.915525" lon="118.053528"><ele>1586</ele></trkpt>
      <trkpt lat="28.91557" lon="118.05351"><ele>1586</ele></trkpt>
      <trkpt lat="28.915626" lon="118.053496"><ele>1586</ele></trkpt>
      <trkpt lat="28.915675" lon="118.053497"><ele>1586</ele></trkpt>
      <trkpt lat="28.915722" lon="118.053515"><ele>1586</ele></trkpt>
      <trkpt lat="28.915766" lon="118.053556"><ele>1585</ele></trkpt>
      <trkpt lat="28.915799" lon="118.053549"><ele>1585</ele></trkpt>
      <trkpt lat="28.915805" lon="118.053511"><ele>1585</ele></trkpt>
      <trkpt lat="28.915793" lon="118.053457"><ele>1585</ele></trkpt>
      <trkpt lat="28.915802" lon="118.053406"><ele>1584</ele></trkpt>
      <trkpt lat="28.915838" lon="118.053384"><ele>1585</ele></trkpt>
      <trkpt lat="28.915873" lon="118.053432"><ele>1584</ele></trkpt>
      <trkpt lat="28.915914" lon="118.053473"><ele>1583</ele></trkpt>
      <trkpt lat="28.915937" lon="118.05344"><ele>1583</ele></trkpt>
      <trkpt lat="28.91596" lon="118.053379"><ele>1583</ele></trkpt>
      <trkpt lat="28.915984" lon="118.053322"><ele>1583</ele></trkpt>
      <trkpt lat="28.916002" lon="118.053273"><ele>1584</ele></trkpt>
      <trkpt lat="28.916043" lon="118.053238"><ele>1584</ele></trkpt>
      <trkpt lat="28.916071" lon="118.053267"><ele>1583</ele></trkpt>
      <trkpt lat="28.916113" lon="118.053314"><ele>1581</ele></trkpt>
      <trkpt lat="28.916155" lon="118.053345"><ele>1579</ele></trkpt>
      <trkpt lat="28.916202" lon="118.053378"><ele>1577</ele></trkpt>
      <trkpt lat="28.91624" lon="118.053403"><ele>1577</ele></trkpt>
      <trkpt lat="28.916289" lon="118.053427"><ele>1576</ele></trkpt>
      <trkpt lat="28.916328" lon="118.053476"><ele>1575</ele></trkpt>
      <trkpt lat="28.91636" lon="118.053528"><ele>1576</ele></trkpt>
      <trkpt lat="28.91638" lon="118.053573"><ele>1576</ele></trkpt>
      <trkpt lat="28.916398" lon="118.053633"><ele>1577</ele></trkpt>
      <trkpt lat="28.91641" lon="118.053679"><ele>1577</ele></trkpt>
      <trkpt lat="28.916421" lon="118.053751"><ele>1578</ele></trkpt>
      <trkpt lat="28.916417" lon="118.053818"><ele>1578</ele></trkpt>
      <trkpt lat="28.916424" lon="118.053871"><ele>1578</ele></trkpt>
      <trkpt lat="28.916439" lon="118.053917"><ele>1578</ele></trkpt>
      <trkpt lat="28.91648" lon="118.053958"><ele>1580</ele></trkpt>
      <trkpt lat="28.916523" lon="118.053954"><ele>1579</ele></trkpt>
      <trkpt lat="28.916567" lon="118.053928"><ele>1579</ele></trkpt>
      <trkpt lat="28.916624" lon="118.053929"><ele>1579</ele></trkpt>
      <trkpt lat="28.916652" lon="118.053962"><ele>1578</ele></trkpt>
      <trkpt lat="28.916697" lon="118.053988"><ele>1577</ele></trkpt>
      <trkpt lat="28.916681" lon="118.054041"><ele>1578</ele></trkpt>
      <trkpt lat="28.916678" lon="118.054088"><ele>1577</ele></trkpt>
      <trkpt lat="28.916723" lon="118.054111"><ele>1582</ele></trkpt>
      <trkpt lat="28.91669" lon="118.054147"><ele>1581</ele></trkpt>
      <trkpt lat="28.916712" lon="118.054188"><ele>1582</ele></trkpt>
      <trkpt lat="28.91675" lon="118.05421"><ele>1582</ele></trkpt>
      <trkpt lat="28.916799" lon="118.054195"><ele>1582</ele></trkpt>
      <trkpt lat="28.916825" lon="118.054148"><ele>1582</ele></trkpt>
      <trkpt lat="28.916872" lon="118.054104"><ele>1579</ele></trkpt>
      <trkpt lat="28.916906" lon="118.054058"><ele>1577</ele></trkpt>
      <trkpt lat="28.916926" lon="118.054015"><ele>1576</ele></trkpt>
      <trkpt lat="28.916961" lon="118.053971"><ele>1574</ele></trkpt>
      <trkpt lat="28.916956" lon="118.053919"><ele>1571</ele></trkpt>
      <trkpt lat="28.916942" lon="118.053868"><ele>1569</ele></trkpt>
      <trkpt lat="28.916961" lon="118.053816"><ele>1568</ele></trkpt>
      <trkpt lat="28.916989" lon="118.053791"><ele>1568</ele></trkpt>
      <trkpt lat="28.917009" lon="118.053737"><ele>1567</ele></trkpt>
      <trkpt lat="28.917001" lon="118.053679"><ele>1567</ele></trkpt>
      <trkpt lat="28.917011" lon="118.053628"><ele>1566</ele></trkpt>
      <trkpt lat="28.917022" lon="118.053574"><ele>1567</ele></trkpt>
      <trkpt lat="28.917059" lon="118.053526"><ele>1567</ele></trkpt>
      <trkpt lat="28.917103" lon="118.053492"><ele>1566</ele></trkpt>
      <trkpt lat="28.917133" lon="118.053461"><ele>1565</ele></trkpt>
      <trkpt lat="28.917157" lon="118.053408"><ele>1565</ele></trkpt>
      <trkpt lat="28.91716" lon="118.053348"><ele>1564</ele></trkpt>
      <trkpt lat="28.917173" lon="118.053293"><ele>1564</ele></trkpt>
      <trkpt lat="28.917206" lon="118.053249"><ele>1564</ele></trkpt>
      <trkpt lat="28.917245" lon="118.053219"><ele>1564</ele></trkpt>
      <trkpt lat="28.917301" lon="118.053198"><ele>1564</ele></trkpt>
      <trkpt lat="28.917354" lon="118.053189"><ele>1564</ele></trkpt>
      <trkpt lat="28.917404" lon="118.05319"><ele>1564</ele></trkpt>
      <trkpt lat="28.917445" lon="118.053164"><ele>1562</ele></trkpt>
      <trkpt lat="28.91747" lon="118.053125"><ele>1562</ele></trkpt>
      <trkpt lat="28.917501" lon="118.053076"><ele>1561</ele></trkpt>
      <trkpt lat="28.91754" lon="118.053042"><ele>1562</ele></trkpt>
      <trkpt lat="28.917587" lon="118.05301"><ele>1563</ele></trkpt>
      <trkpt lat="28.917606" lon="118.052963"><ele>1563</ele></trkpt>
      <trkpt lat="28.917612" lon="118.052916"><ele>1562</ele></trkpt>
      <trkpt lat="28.917644" lon="118.052866"><ele>1561</ele></trkpt>
      <trkpt lat="28.9177" lon="118.052826"><ele>1558</ele></trkpt>
      <trkpt lat="28.917733" lon="118.052783"><ele>1557</ele></trkpt>
      <trkpt lat="28.917744" lon="118.052734"><ele>1557</ele></trkpt>
      <trkpt lat="28.917726" lon="118.052684"><ele>1559</ele></trkpt>
      <trkpt lat="28.917685" lon="118.052642"><ele>1559</ele></trkpt>
      <trkpt lat="28.917693" lon="118.052591"><ele>1555</ele></trkpt>
      <trkpt lat="28.917682" lon="118.052545"><ele>1554</ele></trkpt>
      <trkpt lat="28.917656" lon="118.052492"><ele>1553</ele></trkpt>
      <trkpt lat="28.917643" lon="118.052441"><ele>1552</ele></trkpt>
      <trkpt lat="28.917659" lon="118.05239"><ele>1545</ele></trkpt>
      <trkpt lat="28.917645" lon="118.052341"><ele>1540</ele></trkpt>
      <trkpt lat="28.91765" lon="118.052295"><ele>1540</ele></trkpt>
      <trkpt lat="28.917664" lon="118.052242"><ele>1540</ele></trkpt>
      <trkpt lat="28.917712" lon="118.052214"><ele>1537</ele></trkpt>
      <trkpt lat="28.917767" lon="118.052236"><ele>1539</ele></trkpt>
      <trkpt lat="28.917804" lon="118.052259"><ele>1540</ele></trkpt>
      <trkpt lat="28.917852" lon="118.052254"><ele>1537</ele></trkpt>
      <trkpt lat="28.917918" lon="118.052242"><ele>1536</ele></trkpt>
      <trkpt lat="28.917973" lon="118.052204"><ele>1532</ele></trkpt>
      <trkpt lat="28.918018" lon="118.052172"><ele>1527</ele></trkpt>
      <trkpt lat="28.918066" lon="118.052143"><ele>1527</ele></trkpt>
      <trkpt lat="28.918097" lon="118.052067"><ele>1529</ele></trkpt>
      <trkpt lat="28.918087" lon="118.052101"><ele>1530</ele></trkpt>
      <trkpt lat="28.918128" lon="118.052091"><ele>1531</ele></trkpt>
      <trkpt lat="28.918098" lon="118.05213"><ele>1531</ele></trkpt>
      <trkpt lat="28.918124" lon="118.052083"><ele>1532</ele></trkpt>
      <trkpt lat="28.918101" lon="118.052107"><ele>1532</ele></trkpt>
      <trkpt lat="28.918137" lon="118.052068"><ele>1533</ele></trkpt>
      <trkpt lat="28.918097" lon="118.052096"><ele>1531</ele></trkpt>
      <trkpt lat="28.918074" lon="118.052052"><ele>1531</ele></trkpt>
      <trkpt lat="28.91803" lon="118.052041"><ele>1527</ele></trkpt>
      <trkpt lat="28.917999" lon="118.052002"><ele>1524</ele></trkpt>
      <trkpt lat="28.918029" lon="118.052006"><ele>1522</ele></trkpt>
      <trkpt lat="28.918085" lon="118.051961"><ele>1520</ele></trkpt>
      <trkpt lat="28.9181" lon="118.051902"><ele>1519</ele></trkpt>
      <trkpt lat="28.918113" lon="118.051835"><ele>1519</ele></trkpt>
      <trkpt lat="28.918139" lon="118.051774"><ele>1513</ele></trkpt>
      <trkpt lat="28.918152" lon="118.051715"><ele>1513</ele></trkpt>
      <trkpt lat="28.918162" lon="118.051636"><ele>1514</ele></trkpt>
      <trkpt lat="28.918177" lon="118.051563"><ele>1516</ele></trkpt>
      <trkpt lat="28.918204" lon="118.051517"><ele>1517</ele></trkpt>
      <trkpt lat="28.918257" lon="118.051485"><ele>1517</ele></trkpt>
      <trkpt lat="28.918305" lon="118.051479"><ele>1515</ele></trkpt>
      <trkpt lat="28.91835" lon="118.051517"><ele>1518</ele></trkpt>
      <trkpt lat="28.918382" lon="118.051551"><ele>1519</ele></trkpt>
      <trkpt lat="28.918427" lon="118.051571"><ele>1518</ele></trkpt>
      <trkpt lat="28.918472" lon="118.051593"><ele>1516</ele></trkpt>
      <trkpt lat="28.918517" lon="118.051632"><ele>1513</ele></trkpt>
      <trkpt lat="28.918517" lon="118.051685"><ele>1513</ele></trkpt>
      <trkpt lat="28.918531" lon="118.05174"><ele>1513</ele></trkpt>
      <trkpt lat="28.918556" lon="118.051786"><ele>1513</ele></trkpt>
      <trkpt lat="28.918597" lon="118.051818"><ele>1515</ele></trkpt>
      <trkpt lat="28.918632" lon="118.051849"><ele>1516</ele></trkpt>
      <trkpt lat="28.918675" lon="118.051895"><ele>1516</ele></trkpt>
      <trkpt lat="28.918691" lon="118.051955"><ele>1515</ele></trkpt>
      <trkpt lat="28.918717" lon="118.052015"><ele>1516</ele></trkpt>
      <trkpt lat="28.918743" lon="118.05206"><ele>1516</ele></trkpt>
      <trkpt lat="28.918771" lon="118.052112"><ele>1517</ele></trkpt>
      <trkpt lat="28.918785" lon="118.052172"><ele>1518</ele></trkpt>
      <trkpt lat="28.918793" lon="118.052235"><ele>1519</ele></trkpt>
      <trkpt lat="28.918794" lon="118.052299"><ele>1519</ele></trkpt>
      <trkpt lat="28.91881" lon="118.052355"><ele>1519</ele></trkpt>
      <trkpt lat="28.918827" lon="118.052408"><ele>1519</ele></trkpt>
      <trkpt lat="28.918862" lon="118.052461"><ele>1519</ele></trkpt>
      <trkpt lat="28.918897" lon="118.052512"><ele>1521</ele></trkpt>
      <trkpt lat="28.918901" lon="118.052567"><ele>1520</ele></trkpt>
      <trkpt lat="28.918906" lon="118.052625"><ele>1521</ele></trkpt>
      <trkpt lat="28.918932" lon="118.052679"><ele>1522</ele></trkpt>
      <trkpt lat="28.918935" lon="118.052728"><ele>1523</ele></trkpt>
      <trkpt lat="28.918958" lon="118.052778"><ele>1523</ele></trkpt>
      <trkpt lat="28.918982" lon="118.05282"><ele>1524</ele></trkpt>
      <trkpt lat="28.919001" lon="118.052873"><ele>1524</ele></trkpt>
      <trkpt lat="28.919015" lon="118.052918"><ele>1523</ele></trkpt>
      <trkpt lat="28.919044" lon="118.052977"><ele>1523</ele></trkpt>
      <trkpt lat="28.919054" lon="118.053029"><ele>1523</ele></trkpt>
      <trkpt lat="28.919064" lon="118.053082"><ele>1522</ele></trkpt>
      <trkpt lat="28.91907" lon="118.053142"><ele>1521</ele></trkpt>
      <trkpt lat="28.919094" lon="118.053192"><ele>1521</ele></trkpt>
      <trkpt lat="28.919115" lon="118.053221"><ele>1521</ele></trkpt>
      <trkpt lat="28.919102" lon="118.053265"><ele>1522</ele></trkpt>
      <trkpt lat="28.919068" lon="118.053292"><ele>1522</ele></trkpt>
      <trkpt lat="28.919034" lon="118.053344"><ele>1522</ele></trkpt>
      <trkpt lat="28.919021" lon="118.053397"><ele>1523</ele></trkpt>
      <trkpt lat="28.919009" lon="118.053452"><ele>1524</ele></trkpt>
      <trkpt lat="28.919004" lon="118.053509"><ele>1525</ele></trkpt>
      <trkpt lat="28.918986" lon="118.053575"><ele>1526</ele></trkpt>
      <trkpt lat="28.918969" lon="118.053619"><ele>1526</ele></trkpt>
      <trkpt lat="28.918947" lon="118.053666"><ele>1525</ele></trkpt>
      <trkpt lat="28.918925" lon="118.053719"><ele>1526</ele></trkpt>
      <trkpt lat="28.91888" lon="118.053741"><ele>1526</ele></trkpt>
      <trkpt lat="28.918859" lon="118.053773"><ele>1525</ele></trkpt>
      <trkpt lat="28.91885" lon="118.053832"><ele>1524</ele></trkpt>
      <trkpt lat="28.918807" lon="118.053867"><ele>1526</ele></trkpt>
      <trkpt lat="28.918752" lon="118.053851"><ele>1529</ele></trkpt>
      <trkpt lat="28.918704" lon="118.053874"><ele>1530</ele></trkpt>
      <trkpt lat="28.918744" lon="118.053856"><ele>1530</ele></trkpt>
      <trkpt lat="28.918697" lon="118.053862"><ele>1528</ele></trkpt>
      <trkpt lat="28.918657" lon="118.053888"><ele>1529</ele></trkpt>
      <trkpt lat="28.9186" lon="118.053878"><ele>1531</ele></trkpt>
      <trkpt lat="28.91861" lon="118.053909"><ele>1530</ele></trkpt>
      <trkpt lat="28.918585" lon="118.053894"><ele>1531</ele></trkpt>
      <trkpt lat="28.918585" lon="118.05387"><ele>1531</ele></trkpt>
      <trkpt lat="28.918603" lon="118.053846"><ele>1532</ele></trkpt>
      <trkpt lat="28.918629" lon="118.053854"><ele>1532</ele></trkpt>
      <trkpt lat="28.918644" lon="118.053843"><ele>1533</ele></trkpt>
      <trkpt lat="28.918706" lon="118.053871"><ele>1534</ele></trkpt>
      <trkpt lat="28.918698" lon="118.05387"><ele>1534</ele></trkpt>
      <trkpt lat="28.918679" lon="118.053903"><ele>1534</ele></trkpt>
      <trkpt lat="28.918718" lon="118.053844"><ele>1534</ele></trkpt>
      <trkpt lat="28.918693" lon="118.053788"><ele>1533</ele></trkpt>
      <trkpt lat="28.918699" lon="118.053824"><ele>1533</ele></trkpt>
      <trkpt lat="28.918658" lon="118.053871"><ele>1530</ele></trkpt>
      <trkpt lat="28.918687" lon="118.05392"><ele>1527</ele></trkpt>
      <trkpt lat="28.918975" lon="118.053839"><ele>1521</ele></trkpt>
      <trkpt lat="28.918897" lon="118.053827"><ele>1524</ele></trkpt>
      <trkpt lat="28.918748" lon="118.053839"><ele>1528</ele></trkpt>
      <trkpt lat="28.918774" lon="118.053844"><ele>1528</ele></trkpt>
      <trkpt lat="28.918717" lon="118.053862"><ele>1529</ele></trkpt>
      <trkpt lat="28.918756" lon="118.053849"><ele>1530</ele></trkpt>
      <trkpt lat="28.918746" lon="118.053865"><ele>1531</ele></trkpt>
      <trkpt lat="28.918732" lon="118.053874"><ele>1531</ele></trkpt>
      <trkpt lat="28.918717" lon="118.053834"><ele>1528</ele></trkpt>
      <trkpt lat="28.918679" lon="118.053842"><ele>1527</ele></trkpt>
      <trkpt lat="28.918634" lon="118.053868"><ele>1530</ele></trkpt>
      <trkpt lat="28.918879" lon="118.053767"><ele>1528</ele></trkpt>
      <trkpt lat="28.919021" lon="118.053657"><ele>1527</ele></trkpt>
      <trkpt lat="28.919113" lon="118.053586"><ele>1528</ele></trkpt>
      <trkpt lat="28.918803" lon="118.053801"><ele>1542</ele></trkpt>
      <trkpt lat="28.918616" lon="118.053968"><ele>1541</ele></trkpt>
      <trkpt lat="28.918683" lon="118.053921"><ele>1533</ele></trkpt>
      <trkpt lat="28.918755" lon="118.053854"><ele>1529</ele></trkpt>
      <trkpt lat="28.918831" lon="118.053792"><ele>1525</ele></trkpt>
      <trkpt lat="28.918824" lon="118.053814"><ele>1527</ele></trkpt>
      <trkpt lat="28.918756" lon="118.053878"><ele>1528</ele></trkpt>
      <trkpt lat="28.918582" lon="118.054013"><ele>1533</ele></trkpt>
      <trkpt lat="28.918531" lon="118.054002"><ele>1539</ele></trkpt>
      <trkpt lat="28.918527" lon="118.054021"><ele>1539</ele></trkpt>
      <trkpt lat="28.918509" lon="118.054025"><ele>1541</ele></trkpt>
      <trkpt lat="28.918596" lon="118.054018"><ele>1531</ele></trkpt>
      <trkpt lat="28.918576" lon="118.053992"><ele>1536</ele></trkpt>
      <trkpt lat="28.918583" lon="118.053963"><ele>1534</ele></trkpt>
      <trkpt lat="28.918537" lon="118.053981"><ele>1537</ele></trkpt>
      <trkpt lat="28.918559" lon="118.053961"><ele>1538</ele></trkpt>
      <trkpt lat="28.918519" lon="118.053997"><ele>1540</ele></trkpt>
      <trkpt lat="28.91857" lon="118.053961"><ele>1535</ele></trkpt>
      <trkpt lat="28.918564" lon="118.053981"><ele>1534</ele></trkpt>
      <trkpt lat="28.918632" lon="118.054004"><ele>1532</ele></trkpt>
      <trkpt lat="28.918676" lon="118.054011"><ele>1532</ele></trkpt>
      <trkpt lat="28.918727" lon="118.05402"><ele>1532</ele></trkpt>
      <trkpt lat="28.918797" lon="118.054006"><ele>1527</ele></trkpt>
      <trkpt lat="28.919071" lon="118.054089"><ele>1526</ele></trkpt>
      <trkpt lat="28.919222" lon="118.054143"><ele>1527</ele></trkpt>
      <trkpt lat="28.919388" lon="118.054205"><ele>1527</ele></trkpt>
      <trkpt lat="28.919524" lon="118.054262"><ele>1527</ele></trkpt>
      <trkpt lat="28.919172" lon="118.054005"><ele>1519</ele></trkpt>
      <trkpt lat="28.918901" lon="118.053927"><ele>1526</ele></trkpt>
      <trkpt lat="28.918782" lon="118.05391"><ele>1529</ele></trkpt>
      <trkpt lat="28.918719" lon="118.053897"><ele>1531</ele></trkpt>
      <trkpt lat="28.918604" lon="118.05383"><ele>1533</ele></trkpt>
      <trkpt lat="28.918705" lon="118.053819"><ele>1532</ele></trkpt>
      <trkpt lat="28.918766" lon="118.053867"><ele>1525</ele></trkpt>
      <trkpt lat="28.918791" lon="118.053868"><ele>1525</ele></trkpt>
      <trkpt lat="28.918857" lon="118.053855"><ele>1525</ele></trkpt>
      <trkpt lat="28.918871" lon="118.05381"><ele>1524</ele></trkpt>
      <trkpt lat="28.91889" lon="118.053741"><ele>1524</ele></trkpt>
      <trkpt lat="28.918933" lon="118.053732"><ele>1522</ele></trkpt>
      <trkpt lat="28.918984" lon="118.053734"><ele>1522</ele></trkpt>
      <trkpt lat="28.919011" lon="118.053772"><ele>1524</ele></trkpt>
      <trkpt lat="28.919058" lon="118.053766"><ele>1524</ele></trkpt>
      <trkpt lat="28.919102" lon="118.053771"><ele>1526</ele></trkpt>
      <trkpt lat="28.91915" lon="118.053766"><ele>1526</ele></trkpt>
      <trkpt lat="28.91921" lon="118.053783"><ele>1526</ele></trkpt>
      <trkpt lat="28.919244" lon="118.053817"><ele>1528</ele></trkpt>
      <trkpt lat="28.919292" lon="118.053829"><ele>1528</ele></trkpt>
      <trkpt lat="28.919349" lon="118.053823"><ele>1528</ele></trkpt>
      <trkpt lat="28.919387" lon="118.053814"><ele>1527</ele></trkpt>
      <trkpt lat="28.919371" lon="118.053758"><ele>1527</ele></trkpt>
      <trkpt lat="28.919345" lon="118.053721"><ele>1527</ele></trkpt>
      <trkpt lat="28.919356" lon="118.053777"><ele>1525</ele></trkpt>
      <trkpt lat="28.919318" lon="118.053813"><ele>1524</ele></trkpt>
      <trkpt lat="28.919291" lon="118.053854"><ele>1524</ele></trkpt>
      <trkpt lat="28.919266" lon="118.053912"><ele>1525</ele></trkpt>
      <trkpt lat="28.919303" lon="118.053871"><ele>1524</ele></trkpt>
      <trkpt lat="28.919324" lon="118.053825"><ele>1524</ele></trkpt>
      <trkpt lat="28.919363" lon="118.053821"><ele>1524</ele></trkpt>
      <trkpt lat="28.91941" lon="118.053806"><ele>1524</ele></trkpt>
      <trkpt lat="28.919405" lon="118.053858"><ele>1527</ele></trkpt>
      <trkpt lat="28.919435" lon="118.053813"><ele>1524</ele></trkpt>
      <trkpt lat="28.919412" lon="118.053858"><ele>1527</ele></trkpt>
      <trkpt lat="28.919415" lon="118.053906"><ele>1529</ele></trkpt>
      <trkpt lat="28.919464" lon="118.053923"><ele>1530</ele></trkpt>
      <trkpt lat="28.919526" lon="118.053918"><ele>1531</ele></trkpt>
      <trkpt lat="28.919578" lon="118.053917"><ele>1532</ele></trkpt>
      <trkpt lat="28.91961" lon="118.053898"><ele>1533</ele></trkpt>
      <trkpt lat="28.919666" lon="118.053872"><ele>1533</ele></trkpt>
      <trkpt lat="28.919719" lon="118.053891"><ele>1531</ele></trkpt>
      <trkpt lat="28.919745" lon="118.053942"><ele>1535</ele></trkpt>
      <trkpt lat="28.91978" lon="118.053971"><ele>1536</ele></trkpt>
      <trkpt lat="28.919829" lon="118.054008"><ele>1537</ele></trkpt>
      <trkpt lat="28.919874" lon="118.054012"><ele>1537</ele></trkpt>
      <trkpt lat="28.919919" lon="118.054005"><ele>1538</ele></trkpt>
      <trkpt lat="28.919966" lon="118.053985"><ele>1537</ele></trkpt>
      <trkpt lat="28.920002" lon="118.053934"><ele>1538</ele></trkpt>
      <trkpt lat="28.920049" lon="118.053915"><ele>1538</ele></trkpt>
      <trkpt lat="28.920095" lon="118.053908"><ele>1538</ele></trkpt>
      <trkpt lat="28.920138" lon="118.053924"><ele>1539</ele></trkpt>
      <trkpt lat="28.920183" lon="118.053959"><ele>1539</ele></trkpt>
      <trkpt lat="28.920165" lon="118.054012"><ele>1540</ele></trkpt>
      <trkpt lat="28.920128" lon="118.054053"><ele>1541</ele></trkpt>
      <trkpt lat="28.920097" lon="118.054094"><ele>1544</ele></trkpt>
      <trkpt lat="28.920083" lon="118.054147"><ele>1543</ele></trkpt>
      <trkpt lat="28.92008" lon="118.0542"><ele>1544</ele></trkpt>
      <trkpt lat="28.920091" lon="118.054252"><ele>1544</ele></trkpt>
      <trkpt lat="28.920104" lon="118.05431"><ele>1546</ele></trkpt>
      <trkpt lat="28.920124" lon="118.054356"><ele>1550</ele></trkpt>
      <trkpt lat="28.920114" lon="118.054411"><ele>1551</ele></trkpt>
      <trkpt lat="28.920092" lon="118.054451"><ele>1551</ele></trkpt>
      <trkpt lat="28.920063" lon="118.054511"><ele>1554</ele></trkpt>
      <trkpt lat="28.920052" lon="118.054574"><ele>1556</ele></trkpt>
      <trkpt lat="28.920012" lon="118.054618"><ele>1558</ele></trkpt>
      <trkpt lat="28.920004" lon="118.054658"><ele>1559</ele></trkpt>
      <trkpt lat="28.920026" lon="118.054717"><ele>1560</ele></trkpt>
      <trkpt lat="28.920062" lon="118.054764"><ele>1562</ele></trkpt>
      <trkpt lat="28.920096" lon="118.054804"><ele>1563</ele></trkpt>
      <trkpt lat="28.920123" lon="118.054849"><ele>1563</ele></trkpt>
      <trkpt lat="28.920133" lon="118.054907"><ele>1564</ele></trkpt>
      <trkpt lat="28.920159" lon="118.054957"><ele>1565</ele></trkpt>
      <trkpt lat="28.920164" lon="118.055015"><ele>1566</ele></trkpt>
      <trkpt lat="28.920194" lon="118.05506"><ele>1567</ele></trkpt>
      <trkpt lat="28.920231" lon="118.0551"><ele>1568</ele></trkpt>
      <trkpt lat="28.920273" lon="118.055131"><ele>1570</ele></trkpt>
      <trkpt lat="28.920315" lon="118.055094"><ele>1571</ele></trkpt>
      <trkpt lat="28.92035" lon="118.055057"><ele>1570</ele></trkpt>
      <trkpt lat="28.920385" lon="118.055092"><ele>1571</ele></trkpt>
      <trkpt lat="28.920425" lon="118.055069"><ele>1572</ele></trkpt>
      <trkpt lat="28.920476" lon="118.055078"><ele>1571</ele></trkpt>
      <trkpt lat="28.920462" lon="118.055028"><ele>1578</ele></trkpt>
      <trkpt lat="28.920486" lon="118.055091"><ele>1567</ele></trkpt>
      <trkpt lat="28.920467" lon="118.055045"><ele>1572</ele></trkpt>
      <trkpt lat="28.920431" lon="118.055069"><ele>1571</ele></trkpt>
      <trkpt lat="28.920385" lon="118.05508"><ele>1571</ele></trkpt>
      <trkpt lat="28.920333" lon="118.05509"><ele>1574</ele></trkpt>
      <trkpt lat="28.920308" lon="118.055135"><ele>1578</ele></trkpt>
      <trkpt lat="28.920268" lon="118.05516"><ele>1570</ele></trkpt>
      <trkpt lat="28.920265" lon="118.055209"><ele>1573</ele></trkpt>
      <trkpt lat="28.92022" lon="118.055218"><ele>1574</ele></trkpt>
      <trkpt lat="28.920186" lon="118.055266"><ele>1576</ele></trkpt>
      <trkpt lat="28.920148" lon="118.055274"><ele>1579</ele></trkpt>
      <trkpt lat="28.920105" lon="118.055297"><ele>1579</ele></trkpt>
      <trkpt lat="28.920064" lon="118.055335"><ele>1579</ele></trkpt>
      <trkpt lat="28.92003" lon="118.055375"><ele>1580</ele></trkpt>
      <trkpt lat="28.919995" lon="118.055422"><ele>1580</ele></trkpt>
      <trkpt lat="28.919955" lon="118.055463"><ele>1582</ele></trkpt>
      <trkpt lat="28.919928" lon="118.055504"><ele>1582</ele></trkpt>
      <trkpt lat="28.919899" lon="118.055553"><ele>1581</ele></trkpt>
      <trkpt lat="28.919881" lon="118.055616"><ele>1579</ele></trkpt>
      <trkpt lat="28.919866" lon="118.055664"><ele>1578</ele></trkpt>
      <trkpt lat="28.919843" lon="118.055716"><ele>1577</ele></trkpt>
      <trkpt lat="28.91984" lon="118.055767"><ele>1575</ele></trkpt>
      <trkpt lat="28.919802" lon="118.055806"><ele>1573</ele></trkpt>
      <trkpt lat="28.919766" lon="118.055848"><ele>1573</ele></trkpt>
      <trkpt lat="28.919733" lon="118.055888"><ele>1573</ele></trkpt>
      <trkpt lat="28.919683" lon="118.055923"><ele>1571</ele></trkpt>
      <trkpt lat="28.919636" lon="118.055916"><ele>1571</ele></trkpt>
      <trkpt lat="28.919583" lon="118.055928"><ele>1571</ele></trkpt>
      <trkpt lat="28.919526" lon="118.055939"><ele>1569</ele></trkpt>
      <trkpt lat="28.919498" lon="118.05591"><ele>1568</ele></trkpt>
      <trkpt lat="28.919455" lon="118.055893"><ele>1568</ele></trkpt>
      <trkpt lat="28.919403" lon="118.055897"><ele>1566</ele></trkpt>
      <trkpt lat="28.919359" lon="118.05591"><ele>1564</ele></trkpt>
      <trkpt lat="28.919299" lon="118.055915"><ele>1563</ele></trkpt>
      <trkpt lat="28.919254" lon="118.055925"><ele>1562</ele></trkpt>
      <trkpt lat="28.919214" lon="118.055959"><ele>1561</ele></trkpt>
      <trkpt lat="28.919169" lon="118.055992"><ele>1562</ele></trkpt>
      <trkpt lat="28.919115" lon="118.055994"><ele>1562</ele></trkpt>
      <trkpt lat="28.919071" lon="118.055942"><ele>1562</ele></trkpt>
      <trkpt lat="28.91904" lon="118.055898"><ele>1561</ele></trkpt>
      <trkpt lat="28.919004" lon="118.055864"><ele>1561</ele></trkpt>
      <trkpt lat="28.918967" lon="118.055808"><ele>1563</ele></trkpt>
      <trkpt lat="28.918918" lon="118.055787"><ele>1566</ele></trkpt>
      <trkpt lat="28.918858" lon="118.055769"><ele>1571</ele></trkpt>
      <trkpt lat="28.918813" lon="118.055744"><ele>1573</ele></trkpt>
      <trkpt lat="28.918775" lon="118.055743"><ele>1571</ele></trkpt>
      <trkpt lat="28.918738" lon="118.055764"><ele>1571</ele></trkpt>
      <trkpt lat="28.918694" lon="118.055806"><ele>1571</ele></trkpt>
      <trkpt lat="28.918652" lon="118.055817"><ele>1572</ele></trkpt>
      <trkpt lat="28.918605" lon="118.05582"><ele>1574</ele></trkpt>
      <trkpt lat="28.918555" lon="118.055797"><ele>1574</ele></trkpt>
      <trkpt lat="28.918514" lon="118.055769"><ele>1574</ele></trkpt>
      <trkpt lat="28.918473" lon="118.05573"><ele>1572</ele></trkpt>
      <trkpt lat="28.918429" lon="118.055696"><ele>1572</ele></trkpt>
      <trkpt lat="28.918375" lon="118.055704"><ele>1571</ele></trkpt>
      <trkpt lat="28.918333" lon="118.055746"><ele>1571</ele></trkpt>
      <trkpt lat="28.918293" lon="118.055782"><ele>1570</ele></trkpt>
      <trkpt lat="28.91827" lon="118.055837"><ele>1572</ele></trkpt>
      <trkpt lat="28.918233" lon="118.055864"><ele>1574</ele></trkpt>
      <trkpt lat="28.918214" lon="118.055827"><ele>1574</ele></trkpt>
      <trkpt lat="28.918182" lon="118.055783"><ele>1575</ele></trkpt>
      <trkpt lat="28.918153" lon="118.055734"><ele>1578</ele></trkpt>
      <trkpt lat="28.918126" lon="118.055772"><ele>1582</ele></trkpt>
      <trkpt lat="28.918105" lon="118.055729"><ele>1586</ele></trkpt>
      <trkpt lat="28.91811" lon="118.055669"><ele>1586</ele></trkpt>
      <trkpt lat="28.918074" lon="118.05565"><ele>1586</ele></trkpt>
      <trkpt lat="28.918031" lon="118.055613"><ele>1586</ele></trkpt>
      <trkpt lat="28.918023" lon="118.05556"><ele>1586</ele></trkpt>
      <trkpt lat="28.918006" lon="118.055507"><ele>1585</ele></trkpt>
      <trkpt lat="28.917994" lon="118.055457"><ele>1584</ele></trkpt>
      <trkpt lat="28.917953" lon="118.055422"><ele>1587</ele></trkpt>
      <trkpt lat="28.917917" lon="118.055383"><ele>1592</ele></trkpt>
      <trkpt lat="28.917876" lon="118.055357"><ele>1590</ele></trkpt>
      <trkpt lat="28.91784" lon="118.055325"><ele>1591</ele></trkpt>
      <trkpt lat="28.91785" lon="118.05527"><ele>1586</ele></trkpt>
      <trkpt lat="28.917819" lon="118.055245"><ele>1587</ele></trkpt>
      <trkpt lat="28.917761" lon="118.055215"><ele>1589</ele></trkpt>
      <trkpt lat="28.91771" lon="118.055195"><ele>1591</ele></trkpt>
      <trkpt lat="28.917671" lon="118.05518"><ele>1591</ele></trkpt>
      <trkpt lat="28.917624" lon="118.055183"><ele>1593</ele></trkpt>
      <trkpt lat="28.91757" lon="118.055176"><ele>1597</ele></trkpt>
      <trkpt lat="28.917532" lon="118.055148"><ele>1600</ele></trkpt>
      <trkpt lat="28.917485" lon="118.055126"><ele>1600</ele></trkpt>
      <trkpt lat="28.917434" lon="118.055096"><ele>1601</ele></trkpt>
      <trkpt lat="28.91744" lon="118.055046"><ele>1601</ele></trkpt>
      <trkpt lat="28.917427" lon="118.054993"><ele>1601</ele></trkpt>
      <trkpt lat="28.917427" lon="118.054937"><ele>1602</ele></trkpt>
      <trkpt lat="28.917415" lon="118.054894"><ele>1602</ele></trkpt>
      <trkpt lat="28.917389" lon="118.054843"><ele>1603</ele></trkpt>
      <trkpt lat="28.917349" lon="118.054802"><ele>1606</ele></trkpt>
      <trkpt lat="28.917309" lon="118.054775"><ele>1607</ele></trkpt>
      <trkpt lat="28.917256" lon="118.054747"><ele>1609</ele></trkpt>
      <trkpt lat="28.917211" lon="118.054735"><ele>1609</ele></trkpt>
      <trkpt lat="28.91716" lon="118.054731"><ele>1608</ele></trkpt>
      <trkpt lat="28.917107" lon="118.05472"><ele>1608</ele></trkpt>
      <trkpt lat="28.917072" lon="118.054702"><ele>1609</ele></trkpt>
      <trkpt lat="28.917023" lon="118.054694"><ele>1609</ele></trkpt>
      <trkpt lat="28.916977" lon="118.054699"><ele>1610</ele></trkpt>
      <trkpt lat="28.916925" lon="118.05472"><ele>1614</ele></trkpt>
      <trkpt lat="28.916877" lon="118.054733"><ele>1617</ele></trkpt>
      <trkpt lat="28.916841" lon="118.054765"><ele>1620</ele></trkpt>
      <trkpt lat="28.916804" lon="118.0548"><ele>1623</ele></trkpt>
      <trkpt lat="28.916766" lon="118.054828"><ele>1625</ele></trkpt>
      <trkpt lat="28.916725" lon="118.054854"><ele>1626</ele></trkpt>
      <trkpt lat="28.916683" lon="118.054895"><ele>1626</ele></trkpt>
      <trkpt lat="28.916647" lon="118.054937"><ele>1625</ele></trkpt>
      <trkpt lat="28.916604" lon="118.054986"><ele>1625</ele></trkpt>
      <trkpt lat="28.916569" lon="118.055031"><ele>1625</ele></trkpt>
      <trkpt lat="28.91653" lon="118.055047"><ele>1625</ele></trkpt>
      <trkpt lat="28.916478" lon="118.05505"><ele>1625</ele></trkpt>
      <trkpt lat="28.916427" lon="118.055049"><ele>1624</ele></trkpt>
      <trkpt lat="28.916374" lon="118.055052"><ele>1624</ele></trkpt>
      <trkpt lat="28.91634" lon="118.055071"><ele>1624</ele></trkpt>
      <trkpt lat="28.916295" lon="118.055104"><ele>1624</ele></trkpt>
      <trkpt lat="28.91625" lon="118.055138"><ele>1625</ele></trkpt>
      <trkpt lat="28.916197" lon="118.055161"><ele>1625</ele></trkpt>
      <trkpt lat="28.916148" lon="118.05517"><ele>1626</ele></trkpt>
      <trkpt lat="28.916098" lon="118.055181"><ele>1626</ele></trkpt>
      <trkpt lat="28.916046" lon="118.055169"><ele>1627</ele></trkpt>
      <trkpt lat="28.915997" lon="118.055156"><ele>1628</ele></trkpt>
      <trkpt lat="28.915953" lon="118.055144"><ele>1627</ele></trkpt>
      <trkpt lat="28.915893" lon="118.055136"><ele>1627</ele></trkpt>
      <trkpt lat="28.915856" lon="118.055129"><ele>1627</ele></trkpt>
      <trkpt lat="28.915804" lon="118.055121"><ele>1627</ele></trkpt>
      <trkpt lat="28.91575" lon="118.055115"><ele>1628</ele></trkpt>
      <trkpt lat="28.915706" lon="118.055121"><ele>1628</ele></trkpt>
      <trkpt lat="28.915668" lon="118.055147"><ele>1627</ele></trkpt>
      <trkpt lat="28.915619" lon="118.055185"><ele>1626</ele></trkpt>
      <trkpt lat="28.915566" lon="118.055214"><ele>1625</ele></trkpt>
      <trkpt lat="28.915524" lon="118.055254"><ele>1622</ele></trkpt>
      <trkpt lat="28.91548" lon="118.05529"><ele>1621</ele></trkpt>
      <trkpt lat="28.915435" lon="118.055319"><ele>1620</ele></trkpt>
      <trkpt lat="28.915382" lon="118.055331"><ele>1619</ele></trkpt>
      <trkpt lat="28.915327" lon="118.055344"><ele>1624</ele></trkpt>
      <trkpt lat="28.915284" lon="118.055337"><ele>1626</ele></trkpt>
      <trkpt lat="28.91524" lon="118.055314"><ele>1625</ele></trkpt>
      <trkpt lat="28.915205" lon="118.055276"><ele>1626</ele></trkpt>
      <trkpt lat="28.915165" lon="118.055248"><ele>1627</ele></trkpt>
      <trkpt lat="28.915124" lon="118.055215"><ele>1627</ele></trkpt>
      <trkpt lat="28.915073" lon="118.055185"><ele>1627</ele></trkpt>
      <trkpt lat="28.915037" lon="118.055134"><ele>1624</ele></trkpt>
      <trkpt lat="28.914994" lon="118.055103"><ele>1620</ele></trkpt>
      <trkpt lat="28.914957" lon="118.055073"><ele>1617</ele></trkpt>
      <trkpt lat="28.914916" lon="118.055048"><ele>1616</ele></trkpt>
      <trkpt lat="28.91487" lon="118.055024"><ele>1615</ele></trkpt>
      <trkpt lat="28.914835" lon="118.054992"><ele>1614</ele></trkpt>
      <trkpt lat="28.914801" lon="118.054947"><ele>1612</ele></trkpt>
      <trkpt lat="28.914762" lon="118.05491"><ele>1612</ele></trkpt>
      <trkpt lat="28.914716" lon="118.054936"><ele>1612</ele></trkpt>
      <trkpt lat="28.914732" lon="118.054988"><ele>1607</ele></trkpt>
      <trkpt lat="28.914741" lon="118.054938"><ele>1606</ele></trkpt>
      <trkpt lat="28.914749" lon="118.054889"><ele>1607</ele></trkpt>
      <trkpt lat="28.914736" lon="118.054838"><ele>1608</ele></trkpt>
      <trkpt lat="28.914688" lon="118.054806"><ele>1610</ele></trkpt>
      <trkpt lat="28.914671" lon="118.054761"><ele>1610</ele></trkpt>
      <trkpt lat="28.914646" lon="118.054714"><ele>1610</ele></trkpt>
      <trkpt lat="28.914618" lon="118.05467"><ele>1609</ele></trkpt>
      <trkpt lat="28.914588" lon="118.054618"><ele>1609</ele></trkpt>
      <trkpt lat="28.914542" lon="118.054589"><ele>1608</ele></trkpt>
      <trkpt lat="28.914485" lon="118.054584"><ele>1608</ele></trkpt>
      <trkpt lat="28.914436" lon="118.054585"><ele>1607</ele></trkpt>
      <trkpt lat="28.91438" lon="118.054586"><ele>1608</ele></trkpt>
      <trkpt lat="28.914342" lon="118.054596"><ele>1608</ele></trkpt>
      <trkpt lat="28.914292" lon="118.054595"><ele>1608</ele></trkpt>
      <trkpt lat="28.914246" lon="118.054594"><ele>1607</ele></trkpt>
      <trkpt lat="28.914194" lon="118.054612"><ele>1609</ele></trkpt>
      <trkpt lat="28.914162" lon="118.054656"><ele>1610</ele></trkpt>
      <trkpt lat="28.914142" lon="118.054716"><ele>1611</ele></trkpt>
      <trkpt lat="28.914111" lon="118.05476"><ele>1611</ele></trkpt>
      <trkpt lat="28.91408" lon="118.054808"><ele>1611</ele></trkpt>
      <trkpt lat="28.914043" lon="118.054843"><ele>1611</ele></trkpt>
      <trkpt lat="28.914001" lon="118.054878"><ele>1610</ele></trkpt>
      <trkpt lat="28.913961" lon="118.054909"><ele>1610</ele></trkpt>
      <trkpt lat="28.913925" lon="118.054943"><ele>1609</ele></trkpt>
      <trkpt lat="28.913895" lon="118.054989"><ele>1608</ele></trkpt>
      <trkpt lat="28.913866" lon="118.055029"><ele>1607</ele></trkpt>
      <trkpt lat="28.913831" lon="118.055054"><ele>1608</ele></trkpt>
      <trkpt lat="28.913787" lon="118.055076"><ele>1608</ele></trkpt>
      <trkpt lat="28.913738" lon="118.055099"><ele>1608</ele></trkpt>
      <trkpt lat="28.913688" lon="118.055133"><ele>1608</ele></trkpt>
      <trkpt lat="28.913657" lon="118.055182"><ele>1606</ele></trkpt>
      <trkpt lat="28.913642" lon="118.05524"><ele>1602</ele></trkpt>
      <trkpt lat="28.913623" lon="118.055276"><ele>1601</ele></trkpt>
      <trkpt lat="28.913592" lon="118.055324"><ele>1600</ele></trkpt>
      <trkpt lat="28.913568" lon="118.055369"><ele>1601</ele></trkpt>
      <trkpt lat="28.913584" lon="118.055415"><ele>1600</ele></trkpt>
      <trkpt lat="28.913636" lon="118.055417"><ele>1600</ele></trkpt>
      <trkpt lat="28.913683" lon="118.055414"><ele>1600</ele></trkpt>
      <trkpt lat="28.913744" lon="118.055399"><ele>1602</ele></trkpt>
      <trkpt lat="28.913807" lon="118.055389"><ele>1604</ele></trkpt>
      <trkpt lat="28.913853" lon="118.055401"><ele>1604</ele></trkpt>
      <trkpt lat="28.913807" lon="118.055396"><ele>1601</ele></trkpt>
      <trkpt lat="28.913856" lon="118.055401"><ele>1604</ele></trkpt>
      <trkpt lat="28.913887" lon="118.055428"><ele>1604</ele></trkpt>
      <trkpt lat="28.913891" lon="118.055394"><ele>1604</ele></trkpt>
      <trkpt lat="28.913917" lon="118.055417"><ele>1606</ele></trkpt>
      <trkpt lat="28.913941" lon="118.055457"><ele>1605</ele></trkpt>
      <trkpt lat="28.913983" lon="118.055511"><ele>1606</ele></trkpt>
      <trkpt lat="28.914" lon="118.055567"><ele>1605</ele></trkpt>
      <trkpt lat="28.914008" lon="118.055631"><ele>1604</ele></trkpt>
      <trkpt lat="28.914016" lon="118.055672"><ele>1603</ele></trkpt>
      <trkpt lat="28.914012" lon="118.055729"><ele>1602</ele></trkpt>
      <trkpt lat="28.913993" lon="118.055784"><ele>1602</ele></trkpt>
      <trkpt lat="28.913972" lon="118.055844"><ele>1602</ele></trkpt>
      <trkpt lat="28.913942" lon="118.0559"><ele>1602</ele></trkpt>
      <trkpt lat="28.913913" lon="118.055958"><ele>1602</ele></trkpt>
      <trkpt lat="28.913886" lon="118.056001"><ele>1602</ele></trkpt>
      <trkpt lat="28.913852" lon="118.056041"><ele>1603</ele></trkpt>
      <trkpt lat="28.91382" lon="118.056092"><ele>1603</ele></trkpt>
      <trkpt lat="28.913787" lon="118.056125"><ele>1603</ele></trkpt>
      <trkpt lat="28.913759" lon="118.056172"><ele>1602</ele></trkpt>
      <trkpt lat="28.913785" lon="118.056204"><ele>1603</ele></trkpt>
      <trkpt lat="28.91383" lon="118.056225"><ele>1603</ele></trkpt>
      <trkpt lat="28.913874" lon="118.056234"><ele>1604</ele></trkpt>
      <trkpt lat="28.913922" lon="118.056243"><ele>1605</ele></trkpt>
      <trkpt lat="28.91398" lon="118.056242"><ele>1606</ele></trkpt>
      <trkpt lat="28.914036" lon="118.056257"><ele>1605</ele></trkpt>
      <trkpt lat="28.914073" lon="118.056294"><ele>1605</ele></trkpt>
      <trkpt lat="28.914088" lon="118.05635"><ele>1605</ele></trkpt>
      <trkpt lat="28.91409" lon="118.056414"><ele>1604</ele></trkpt>
      <trkpt lat="28.91408" lon="118.056471"><ele>1603</ele></trkpt>
      <trkpt lat="28.914067" lon="118.056527"><ele>1603</ele></trkpt>
      <trkpt lat="28.91409" lon="118.056572"><ele>1603</ele></trkpt>
      <trkpt lat="28.914145" lon="118.056588"><ele>1604</ele></trkpt>
      <trkpt lat="28.914195" lon="118.056617"><ele>1604</ele></trkpt>
      <trkpt lat="28.914218" lon="118.056669"><ele>1604</ele></trkpt>
      <trkpt lat="28.914196" lon="118.05672"><ele>1604</ele></trkpt>
      <trkpt lat="28.914167" lon="118.056776"><ele>1604</ele></trkpt>
      <trkpt lat="28.914139" lon="118.056815"><ele>1604</ele></trkpt>
      <trkpt lat="28.914099" lon="118.056862"><ele>1604</ele></trkpt>
      <trkpt lat="28.914051" lon="118.056895"><ele>1604</ele></trkpt>
      <trkpt lat="28.914014" lon="118.056918"><ele>1604</ele></trkpt>
      <trkpt lat="28.913978" lon="118.05696"><ele>1604</ele></trkpt>
      <trkpt lat="28.913957" lon="118.057014"><ele>1604</ele></trkpt>
      <trkpt lat="28.913926" lon="118.057053"><ele>1604</ele></trkpt>
      <trkpt lat="28.913893" lon="118.057107"><ele>1604</ele></trkpt>
      <trkpt lat="28.91385" lon="118.057148"><ele>1604</ele></trkpt>
      <trkpt lat="28.913822" lon="118.057212"><ele>1602</ele></trkpt>
      <trkpt lat="28.913849" lon="118.057256"><ele>1606</ele></trkpt>
      <trkpt lat="28.913799" lon="118.057305"><ele>1608</ele></trkpt>
      <trkpt lat="28.913837" lon="118.057338"><ele>1609</ele></trkpt>
      <trkpt lat="28.913803" lon="118.057358"><ele>1606</ele></trkpt>
      <trkpt lat="28.913761" lon="118.05739"><ele>1607</ele></trkpt>
      <trkpt lat="28.913728" lon="118.057423"><ele>1606</ele></trkpt>
      <trkpt lat="28.913686" lon="118.057477"><ele>1605</ele></trkpt>
      <trkpt lat="28.913678" lon="118.057531"><ele>1604</ele></trkpt>
      <trkpt lat="28.913652" lon="118.057584"><ele>1605</ele></trkpt>
      <trkpt lat="28.913613" lon="118.057606"><ele>1604</ele></trkpt>
      <trkpt lat="28.913576" lon="118.057644"><ele>1606</ele></trkpt>
      <trkpt lat="28.91353" lon="118.057671"><ele>1606</ele></trkpt>
      <trkpt lat="28.913495" lon="118.057716"><ele>1607</ele></trkpt>
      <trkpt lat="28.913477" lon="118.057759"><ele>1606</ele></trkpt>
      <trkpt lat="28.913437" lon="118.057815"><ele>1609</ele></trkpt>
      <trkpt lat="28.913408" lon="118.057849"><ele>1609</ele></trkpt>
      <trkpt lat="28.913384" lon="118.057886"><ele>1609</ele></trkpt>
      <trkpt lat="28.913366" lon="118.057951"><ele>1608</ele></trkpt>
      <trkpt lat="28.913328" lon="118.058001"><ele>1607</ele></trkpt>
      <trkpt lat="28.91331" lon="118.058035"><ele>1607</ele></trkpt>
      <trkpt lat="28.913262" lon="118.05806"><ele>1607</ele></trkpt>
      <trkpt lat="28.913253" lon="118.05812"><ele>1614</ele></trkpt>
      <trkpt lat="28.913219" lon="118.058136"><ele>1615</ele></trkpt>
      <trkpt lat="28.913183" lon="118.058141"><ele>1615</ele></trkpt>
      <trkpt lat="28.913124" lon="118.058169"><ele>1615</ele></trkpt>
      <trkpt lat="28.913079" lon="118.058204"><ele>1614</ele></trkpt>
      <trkpt lat="28.913062" lon="118.058249"><ele>1615</ele></trkpt>
      <trkpt lat="28.913028" lon="118.058301"><ele>1614</ele></trkpt>
      <trkpt lat="28.91301" lon="118.058323"><ele>1613</ele></trkpt>
      <trkpt lat="28.912962" lon="118.058371"><ele>1614</ele></trkpt>
      <trkpt lat="28.912913" lon="118.058375"><ele>1615</ele></trkpt>
      <trkpt lat="28.912866" lon="118.058391"><ele>1618</ele></trkpt>
      <trkpt lat="28.912825" lon="118.058419"><ele>1617</ele></trkpt>
      <trkpt lat="28.912792" lon="118.058429"><ele>1618</ele></trkpt>
      <trkpt lat="28.91281" lon="118.058446"><ele>1618</ele></trkpt>
      <trkpt lat="28.912786" lon="118.058427"><ele>1615</ele></trkpt>
      <trkpt lat="28.912756" lon="118.058417"><ele>1616</ele></trkpt>
      <trkpt lat="28.912701" lon="118.058414"><ele>1618</ele></trkpt>
      <trkpt lat="28.912665" lon="118.058445"><ele>1618</ele></trkpt>
      <trkpt lat="28.912619" lon="118.058488"><ele>1620</ele></trkpt>
      <trkpt lat="28.912588" lon="118.058553"><ele>1621</ele></trkpt>
      <trkpt lat="28.912618" lon="118.058591"><ele>1624</ele></trkpt>
      <trkpt lat="28.912667" lon="118.05859"><ele>1622</ele></trkpt>
      <trkpt lat="28.912722" lon="118.058592"><ele>1622</ele></trkpt>
      <trkpt lat="28.912764" lon="118.058625"><ele>1621</ele></trkpt>
      <trkpt lat="28.912763" lon="118.058682"><ele>1621</ele></trkpt>
      <trkpt lat="28.912766" lon="118.058748"><ele>1620</ele></trkpt>
      <trkpt lat="28.912743" lon="118.058814"><ele>1619</ele></trkpt>
      <trkpt lat="28.91269" lon="118.058841"><ele>1617</ele></trkpt>
      <trkpt lat="28.912635" lon="118.058837"><ele>1617</ele></trkpt>
      <trkpt lat="28.912587" lon="118.058846"><ele>1618</ele></trkpt>
      <trkpt lat="28.912538" lon="118.058877"><ele>1619</ele></trkpt>
      <trkpt lat="28.912496" lon="118.058893"><ele>1619</ele></trkpt>
      <trkpt lat="28.912452" lon="118.058927"><ele>1619</ele></trkpt>
      <trkpt lat="28.912439" lon="118.058983"><ele>1618</ele></trkpt>
      <trkpt lat="28.912439" lon="118.059039"><ele>1618</ele></trkpt>
      <trkpt lat="28.912422" lon="118.059098"><ele>1616</ele></trkpt>
      <trkpt lat="28.912397" lon="118.059143"><ele>1615</ele></trkpt>
      <trkpt lat="28.912374" lon="118.059205"><ele>1616</ele></trkpt>
      <trkpt lat="28.91235" lon="118.059249"><ele>1614</ele></trkpt>
      <trkpt lat="28.912326" lon="118.059308"><ele>1614</ele></trkpt>
      <trkpt lat="28.912311" lon="118.059351"><ele>1614</ele></trkpt>
      <trkpt lat="28.912319" lon="118.059398"><ele>1614</ele></trkpt>
      <trkpt lat="28.912347" lon="118.05947"><ele>1617</ele></trkpt>
      <trkpt lat="28.912322" lon="118.059479"><ele>1615</ele></trkpt>
      <trkpt lat="28.912289" lon="118.059505"><ele>1612</ele></trkpt>
      <trkpt lat="28.912256" lon="118.059541"><ele>1611</ele></trkpt>
      <trkpt lat="28.912202" lon="118.059579"><ele>1609</ele></trkpt>
      <trkpt lat="28.912159" lon="118.0596"><ele>1607</ele></trkpt>
      <trkpt lat="28.912148" lon="118.059646"><ele>1606</ele></trkpt>
      <trkpt lat="28.91215" lon="118.059705"><ele>1609</ele></trkpt>
      <trkpt lat="28.912154" lon="118.059772"><ele>1610</ele></trkpt>
      <trkpt lat="28.912191" lon="118.059796"><ele>1610</ele></trkpt>
      <trkpt lat="28.91225" lon="118.059829"><ele>1606</ele></trkpt>
      <trkpt lat="28.912275" lon="118.059888"><ele>1610</ele></trkpt>
      <trkpt lat="28.912239" lon="118.059921"><ele>1610</ele></trkpt>
      <trkpt lat="28.912203" lon="118.059949"><ele>1609</ele></trkpt>
      <trkpt lat="28.912161" lon="118.059981"><ele>1611</ele></trkpt>
      <trkpt lat="28.912116" lon="118.059991"><ele>1612</ele></trkpt>
      <trkpt lat="28.912078" lon="118.060021"><ele>1613</ele></trkpt>
      <trkpt lat="28.912073" lon="118.060063"><ele>1614</ele></trkpt>
      <trkpt lat="28.912053" lon="118.060124"><ele>1611</ele></trkpt>
      <trkpt lat="28.91202" lon="118.06014"><ele>1613</ele></trkpt>
      <trkpt lat="28.911967" lon="118.060159"><ele>1617</ele></trkpt>
      <trkpt lat="28.911926" lon="118.060191"><ele>1616</ele></trkpt>
      <trkpt lat="28.911896" lon="118.060242"><ele>1615</ele></trkpt>
      <trkpt lat="28.911895" lon="118.060297"><ele>1615</ele></trkpt>
      <trkpt lat="28.911888" lon="118.060351"><ele>1613</ele></trkpt>
      <trkpt lat="28.911875" lon="118.060404"><ele>1613</ele></trkpt>
      <trkpt lat="28.91185" lon="118.060464"><ele>1615</ele></trkpt>
      <trkpt lat="28.91182" lon="118.060514"><ele>1616</ele></trkpt>
      <trkpt lat="28.911799" lon="118.060569"><ele>1617</ele></trkpt>
      <trkpt lat="28.911764" lon="118.060567"><ele>1616</ele></trkpt>
      <trkpt lat="28.911706" lon="118.060572"><ele>1616</ele></trkpt>
      <trkpt lat="28.911639" lon="118.060575"><ele>1619</ele></trkpt>
      <trkpt lat="28.911598" lon="118.060548"><ele>1619</ele></trkpt>
      <trkpt lat="28.911597" lon="118.060498"><ele>1619</ele></trkpt>
      <trkpt lat="28.911604" lon="118.060433"><ele>1619</ele></trkpt>
      <trkpt lat="28.911616" lon="118.060379"><ele>1618</ele></trkpt>
      <trkpt lat="28.911629" lon="118.060312"><ele>1619</ele></trkpt>
      <trkpt lat="28.911621" lon="118.060264"><ele>1622</ele></trkpt>
      <trkpt lat="28.911616" lon="118.060209"><ele>1627</ele></trkpt>
      <trkpt lat="28.911697" lon="118.060245"><ele>1626</ele></trkpt>
      <trkpt lat="28.911672" lon="118.060261"><ele>1626</ele></trkpt>
      <trkpt lat="28.911631" lon="118.060275"><ele>1625</ele></trkpt>
      <trkpt lat="28.911543" lon="118.060292"><ele>1619</ele></trkpt>
      <trkpt lat="28.911485" lon="118.060285"><ele>1615</ele></trkpt>
      <trkpt lat="28.911431" lon="118.060292"><ele>1612</ele></trkpt>
      <trkpt lat="28.91138" lon="118.060293"><ele>1613</ele></trkpt>
      <trkpt lat="28.911324" lon="118.060295"><ele>1616</ele></trkpt>
      <trkpt lat="28.911274" lon="118.06029"><ele>1621</ele></trkpt>
      <trkpt lat="28.911228" lon="118.06029"><ele>1617</ele></trkpt>
      <trkpt lat="28.911199" lon="118.060314"><ele>1615</ele></trkpt>
      <trkpt lat="28.911149" lon="118.060318"><ele>1613</ele></trkpt>
      <trkpt lat="28.911104" lon="118.060338"><ele>1614</ele></trkpt>
      <trkpt lat="28.911068" lon="118.06037"><ele>1615</ele></trkpt>
      <trkpt lat="28.911029" lon="118.060402"><ele>1615</ele></trkpt>
      <trkpt lat="28.910982" lon="118.060433"><ele>1615</ele></trkpt>
      <trkpt lat="28.910934" lon="118.060444"><ele>1616</ele></trkpt>
      <trkpt lat="28.910888" lon="118.060423"><ele>1616</ele></trkpt>
      <trkpt lat="28.910893" lon="118.060372"><ele>1616</ele></trkpt>
      <trkpt lat="28.910933" lon="118.060339"><ele>1616</ele></trkpt>
      <trkpt lat="28.910993" lon="118.060302"><ele>1617</ele></trkpt>
      <trkpt lat="28.911028" lon="118.06025"><ele>1617</ele></trkpt>
      <trkpt lat="28.911002" lon="118.060195"><ele>1620</ele></trkpt>
      <trkpt lat="28.910957" lon="118.060185"><ele>1620</ele></trkpt>
      <trkpt lat="28.910918" lon="118.060146"><ele>1620</ele></trkpt>
      <trkpt lat="28.910875" lon="118.060141"><ele>1619</ele></trkpt>
      <trkpt lat="28.910819" lon="118.060133"><ele>1616</ele></trkpt>
      <trkpt lat="28.910774" lon="118.060141"><ele>1615</ele></trkpt>
      <trkpt lat="28.910722" lon="118.060147"><ele>1613</ele></trkpt>
      <trkpt lat="28.910674" lon="118.060142"><ele>1615</ele></trkpt>
      <trkpt lat="28.910629" lon="118.060116"><ele>1615</ele></trkpt>
      <trkpt lat="28.910593" lon="118.060082"><ele>1616</ele></trkpt>
      <trkpt lat="28.910552" lon="118.060091"><ele>1617</ele></trkpt>
      <trkpt lat="28.910505" lon="118.060085"><ele>1617</ele></trkpt>
      <trkpt lat="28.910475" lon="118.060053"><ele>1617</ele></trkpt>
      <trkpt lat="28.910427" lon="118.060027"><ele>1618</ele></trkpt>
      <trkpt lat="28.910379" lon="118.060034"><ele>1619</ele></trkpt>
      <trkpt lat="28.910327" lon="118.060045"><ele>1619</ele></trkpt>
      <trkpt lat="28.910289" lon="118.060017"><ele>1619</ele></trkpt>
      <trkpt lat="28.910256" lon="118.059981"><ele>1619</ele></trkpt>
      <trkpt lat="28.910211" lon="118.059968"><ele>1620</ele></trkpt>
      <trkpt lat="28.910166" lon="118.059968"><ele>1621</ele></trkpt>
      <trkpt lat="28.91011" lon="118.059968"><ele>1622</ele></trkpt>
      <trkpt lat="28.910059" lon="118.059971"><ele>1623</ele></trkpt>
      <trkpt lat="28.910009" lon="118.059995"><ele>1624</ele></trkpt>
      <trkpt lat="28.909964" lon="118.060008"><ele>1625</ele></trkpt>
      <trkpt lat="28.909914" lon="118.060015"><ele>1626</ele></trkpt>
      <trkpt lat="28.909871" lon="118.060013"><ele>1626</ele></trkpt>
      <trkpt lat="28.909818" lon="118.06"><ele>1625</ele></trkpt>
      <trkpt lat="28.909776" lon="118.060015"><ele>1625</ele></trkpt>
      <trkpt lat="28.909736" lon="118.060057"><ele>1630</ele></trkpt>
      <trkpt lat="28.909692" lon="118.060094"><ele>1635</ele></trkpt>
      <trkpt lat="28.909674" lon="118.060131"><ele>1636</ele></trkpt>
      <trkpt lat="28.909659" lon="118.060193"><ele>1637</ele></trkpt>
      <trkpt lat="28.909673" lon="118.060252"><ele>1637</ele></trkpt>
      <trkpt lat="28.909706" lon="118.060295"><ele>1636</ele></trkpt>
      <trkpt lat="28.909698" lon="118.060337"><ele>1635</ele></trkpt>
      <trkpt lat="28.909671" lon="118.060378"><ele>1635</ele></trkpt>
      <trkpt lat="28.909691" lon="118.060399"><ele>1636</ele></trkpt>
      <trkpt lat="28.909731" lon="118.060391"><ele>1636</ele></trkpt>
      <trkpt lat="28.909787" lon="118.060396"><ele>1635</ele></trkpt>
      <trkpt lat="28.909848" lon="118.060394"><ele>1634</ele></trkpt>
      <trkpt lat="28.90989" lon="118.060409"><ele>1631</ele></trkpt>
      <trkpt lat="28.909915" lon="118.060454"><ele>1628</ele></trkpt>
      <trkpt lat="28.909912" lon="118.060512"><ele>1626</ele></trkpt>
      <trkpt lat="28.909878" lon="118.060568"><ele>1624</ele></trkpt>
      <trkpt lat="28.909838" lon="118.060584"><ele>1623</ele></trkpt>
      <trkpt lat="28.909775" lon="118.0606"><ele>1623</ele></trkpt>
      <trkpt lat="28.909754" lon="118.060634"><ele>1624</ele></trkpt>
      <trkpt lat="28.909776" lon="118.060693"><ele>1620</ele></trkpt>
      <trkpt lat="28.909808" lon="118.060736"><ele>1621</ele></trkpt>
      <trkpt lat="28.909836" lon="118.060789"><ele>1621</ele></trkpt>
      <trkpt lat="28.909883" lon="118.060815"><ele>1621</ele></trkpt>
      <trkpt lat="28.909932" lon="118.060819"><ele>1621</ele></trkpt>
      <trkpt lat="28.909982" lon="118.06081"><ele>1621</ele></trkpt>
      <trkpt lat="28.910036" lon="118.060807"><ele>1621</ele></trkpt>
      <trkpt lat="28.910046" lon="118.060862"><ele>1613</ele></trkpt>
      <trkpt lat="28.910017" lon="118.060904"><ele>1613</ele></trkpt>
      <trkpt lat="28.91" lon="118.060954"><ele>1614</ele></trkpt>
      <trkpt lat="28.909971" lon="118.060983"><ele>1614</ele></trkpt>
      <trkpt lat="28.909934" lon="118.061018"><ele>1615</ele></trkpt>
      <trkpt lat="28.909908" lon="118.06108"><ele>1614</ele></trkpt>
      <trkpt lat="28.909898" lon="118.061139"><ele>1614</ele></trkpt>
      <trkpt lat="28.909887" lon="118.061209"><ele>1614</ele></trkpt>
      <trkpt lat="28.909889" lon="118.061256"><ele>1614</ele></trkpt>
      <trkpt lat="28.909869" lon="118.061319"><ele>1614</ele></trkpt>
      <trkpt lat="28.909874" lon="118.061354"><ele>1615</ele></trkpt>
      <trkpt lat="28.909903" lon="118.061407"><ele>1615</ele></trkpt>
      <trkpt lat="28.909947" lon="118.061444"><ele>1616</ele></trkpt>
      <trkpt lat="28.909986" lon="118.061491"><ele>1616</ele></trkpt>
      <trkpt lat="28.909976" lon="118.061528"><ele>1616</ele></trkpt>
      <trkpt lat="28.909941" lon="118.061586"><ele>1616</ele></trkpt>
      <trkpt lat="28.909901" lon="118.061633"><ele>1616</ele></trkpt>
      <trkpt lat="28.909883" lon="118.061681"><ele>1616</ele></trkpt>
      <trkpt lat="28.909844" lon="118.061726"><ele>1616</ele></trkpt>
      <trkpt lat="28.909799" lon="118.061748"><ele>1616</ele></trkpt>
      <trkpt lat="28.909746" lon="118.061767"><ele>1615</ele></trkpt>
      <trkpt lat="28.909713" lon="118.061798"><ele>1614</ele></trkpt>
      <trkpt lat="28.909678" lon="118.061845"><ele>1616</ele></trkpt>
      <trkpt lat="28.909635" lon="118.061865"><ele>1619</ele></trkpt>
      <trkpt lat="28.909623" lon="118.061812"><ele>1619</ele></trkpt>
      <trkpt lat="28.909624" lon="118.061759"><ele>1620</ele></trkpt>
      <trkpt lat="28.909595" lon="118.061708"><ele>1614</ele></trkpt>
      <trkpt lat="28.909626" lon="118.061656"><ele>1615</ele></trkpt>
      <trkpt lat="28.909588" lon="118.061633"><ele>1616</ele></trkpt>
      <trkpt lat="28.909536" lon="118.06164"><ele>1617</ele></trkpt>
      <trkpt lat="28.909486" lon="118.061656"><ele>1617</ele></trkpt>
      <trkpt lat="28.90944" lon="118.061669"><ele>1617</ele></trkpt>
      <trkpt lat="28.909377" lon="118.061676"><ele>1617</ele></trkpt>
      <trkpt lat="28.909325" lon="118.061642"><ele>1614</ele></trkpt>
      <trkpt lat="28.909289" lon="118.061639"><ele>1615</ele></trkpt>
      <trkpt lat="28.909239" lon="118.061633"><ele>1614</ele></trkpt>
      <trkpt lat="28.909188" lon="118.061635"><ele>1615</ele></trkpt>
      <trkpt lat="28.909129" lon="118.061632"><ele>1616</ele></trkpt>
      <trkpt lat="28.909083" lon="118.061633"><ele>1614</ele></trkpt>
      <trkpt lat="28.909028" lon="118.06161"><ele>1614</ele></trkpt>
      <trkpt lat="28.908982" lon="118.061604"><ele>1613</ele></trkpt>
      <trkpt lat="28.908958" lon="118.061646"><ele>1610</ele></trkpt>
      <trkpt lat="28.908925" lon="118.061678"><ele>1610</ele></trkpt>
      <trkpt lat="28.908893" lon="118.061662"><ele>1610</ele></trkpt>
      <trkpt lat="28.908858" lon="118.061623"><ele>1610</ele></trkpt>
      <trkpt lat="28.90882" lon="118.061604"><ele>1610</ele></trkpt>
      <trkpt lat="28.908764" lon="118.061593"><ele>1608</ele></trkpt>
      <trkpt lat="28.908729" lon="118.061601"><ele>1608</ele></trkpt>
      <trkpt lat="28.908672" lon="118.061624"><ele>1607</ele></trkpt>
      <trkpt lat="28.908621" lon="118.061654"><ele>1606</ele></trkpt>
      <trkpt lat="28.908586" lon="118.061701"><ele>1604</ele></trkpt>
      <trkpt lat="28.908577" lon="118.061753"><ele>1602</ele></trkpt>
      <trkpt lat="28.908549" lon="118.061787"><ele>1602</ele></trkpt>
      <trkpt lat="28.9085" lon="118.061809"><ele>1602</ele></trkpt>
      <trkpt lat="28.908444" lon="118.06183"><ele>1603</ele></trkpt>
      <trkpt lat="28.908398" lon="118.061844"><ele>1602</ele></trkpt>
      <trkpt lat="28.908348" lon="118.061826"><ele>1603</ele></trkpt>
      <trkpt lat="28.908303" lon="118.06184"><ele>1602</ele></trkpt>
      <trkpt lat="28.908261" lon="118.061877"><ele>1600</ele></trkpt>
      <trkpt lat="28.908207" lon="118.061906"><ele>1601</ele></trkpt>
      <trkpt lat="28.908164" lon="118.061904"><ele>1602</ele></trkpt>
      <trkpt lat="28.908116" lon="118.061925"><ele>1603</ele></trkpt>
      <trkpt lat="28.908074" lon="118.061943"><ele>1602</ele></trkpt>
      <trkpt lat="28.908021" lon="118.061962"><ele>1602</ele></trkpt>
      <trkpt lat="28.907979" lon="118.062001"><ele>1602</ele></trkpt>
      <trkpt lat="28.907939" lon="118.062011"><ele>1602</ele></trkpt>
      <trkpt lat="28.907913" lon="118.062046"><ele>1601</ele></trkpt>
      <trkpt lat="28.907904" lon="118.062114"><ele>1601</ele></trkpt>
      <trkpt lat="28.907883" lon="118.062174"><ele>1599</ele></trkpt>
      <trkpt lat="28.907886" lon="118.062238"><ele>1598</ele></trkpt>
      <trkpt lat="28.907878" lon="118.062291"><ele>1597</ele></trkpt>
      <trkpt lat="28.907864" lon="118.062336"><ele>1596</ele></trkpt>
      <trkpt lat="28.90788" lon="118.062388"><ele>1596</ele></trkpt>
      <trkpt lat="28.907919" lon="118.062427"><ele>1595</ele></trkpt>
      <trkpt lat="28.907965" lon="118.062466"><ele>1594</ele></trkpt>
      <trkpt lat="28.907963" lon="118.062513"><ele>1593</ele></trkpt>
      <trkpt lat="28.907925" lon="118.062556"><ele>1594</ele></trkpt>
      <trkpt lat="28.907873" lon="118.062576"><ele>1596</ele></trkpt>
      <trkpt lat="28.907832" lon="118.062605"><ele>1597</ele></trkpt>
      <trkpt lat="28.907793" lon="118.062641"><ele>1598</ele></trkpt>
      <trkpt lat="28.907741" lon="118.062647"><ele>1600</ele></trkpt>
      <trkpt lat="28.907722" lon="118.062589"><ele>1597</ele></trkpt>
      <trkpt lat="28.907689" lon="118.062563"><ele>1595</ele></trkpt>
      <trkpt lat="28.907639" lon="118.062555"><ele>1595</ele></trkpt>
      <trkpt lat="28.907597" lon="118.062537"><ele>1594</ele></trkpt>
      <trkpt lat="28.907558" lon="118.062498"><ele>1593</ele></trkpt>
      <trkpt lat="28.907541" lon="118.062438"><ele>1592</ele></trkpt>
      <trkpt lat="28.907503" lon="118.062376"><ele>1590</ele></trkpt>
      <trkpt lat="28.907463" lon="118.062355"><ele>1586</ele></trkpt>
      <trkpt lat="28.90751" lon="118.062334"><ele>1586</ele></trkpt>
      <trkpt lat="28.907547" lon="118.062303"><ele>1588</ele></trkpt>
      <trkpt lat="28.907511" lon="118.062272"><ele>1591</ele></trkpt>
      <trkpt lat="28.907465" lon="118.062286"><ele>1592</ele></trkpt>
      <trkpt lat="28.907416" lon="118.062261"><ele>1601</ele></trkpt>
      <trkpt lat="28.907445" lon="118.062321"><ele>1593</ele></trkpt>
      <trkpt lat="28.907481" lon="118.062352"><ele>1584</ele></trkpt>
      <trkpt lat="28.907444" lon="118.062384"><ele>1579</ele></trkpt>
      <trkpt lat="28.907398" lon="118.062371"><ele>1581</ele></trkpt>
      <trkpt lat="28.907351" lon="118.062376"><ele>1579</ele></trkpt>
      <trkpt lat="28.907316" lon="118.062412"><ele>1577</ele></trkpt>
      <trkpt lat="28.907264" lon="118.062415"><ele>1577</ele></trkpt>
      <trkpt lat="28.907232" lon="118.06237"><ele>1577</ele></trkpt>
      <trkpt lat="28.907183" lon="118.062329"><ele>1577</ele></trkpt>
      <trkpt lat="28.907135" lon="118.062313"><ele>1579</ele></trkpt>
      <trkpt lat="28.907085" lon="118.062296"><ele>1581</ele></trkpt>
      <trkpt lat="28.907032" lon="118.062303"><ele>1584</ele></trkpt>
      <trkpt lat="28.907051" lon="118.062269"><ele>1591</ele></trkpt>
      <trkpt lat="28.907005" lon="118.062251"><ele>1587</ele></trkpt>
      <trkpt lat="28.907017" lon="118.062301"><ele>1581</ele></trkpt>
      <trkpt lat="28.907057" lon="118.062333"><ele>1580</ele></trkpt>
      <trkpt lat="28.907068" lon="118.062281"><ele>1587</ele></trkpt>
      <trkpt lat="28.907088" lon="118.062323"><ele>1589</ele></trkpt>
      <trkpt lat="28.907022" lon="118.062293"><ele>1593</ele></trkpt>
      <trkpt lat="28.907008" lon="118.062351"><ele>1588</ele></trkpt>
      <trkpt lat="28.906979" lon="118.062399"><ele>1582</ele></trkpt>
      <trkpt lat="28.906969" lon="118.06244"><ele>1580</ele></trkpt>
      <trkpt lat="28.906929" lon="118.062418"><ele>1579</ele></trkpt>
      <trkpt lat="28.906884" lon="118.062438"><ele>1576</ele></trkpt>
      <trkpt lat="28.90685" lon="118.062478"><ele>1574</ele></trkpt>
      <trkpt lat="28.906798" lon="118.062474"><ele>1570</ele></trkpt>
      <trkpt lat="28.906749" lon="118.062482"><ele>1566</ele></trkpt>
      <trkpt lat="28.906702" lon="118.062485"><ele>1563</ele></trkpt>
      <trkpt lat="28.906672" lon="118.062436"><ele>1557</ele></trkpt>
      <trkpt lat="28.906684" lon="118.062382"><ele>1556</ele></trkpt>
      <trkpt lat="28.906646" lon="118.062372"><ele>1556</ele></trkpt>
      <trkpt lat="28.906628" lon="118.06233"><ele>1557</ele></trkpt>
      <trkpt lat="28.906603" lon="118.062277"><ele>1556</ele></trkpt>
      <trkpt lat="28.906601" lon="118.062204"><ele>1555</ele></trkpt>
      <trkpt lat="28.906569" lon="118.06217"><ele>1554</ele></trkpt>
      <trkpt lat="28.906519" lon="118.062173"><ele>1550</ele></trkpt>
      <trkpt lat="28.90652" lon="118.062217"><ele>1548</ele></trkpt>
      <trkpt lat="28.906528" lon="118.062261"><ele>1547</ele></trkpt>
      <trkpt lat="28.906499" lon="118.062267"><ele>1546</ele></trkpt>
      <trkpt lat="28.90645" lon="118.062266"><ele>1548</ele></trkpt>
      <trkpt lat="28.906418" lon="118.062308"><ele>1549</ele></trkpt>
      <trkpt lat="28.906404" lon="118.062362"><ele>1531</ele></trkpt>
      <trkpt lat="28.906373" lon="118.062391"><ele>1529</ele></trkpt>
      <trkpt lat="28.906369" lon="118.062349"><ele>1523</ele></trkpt>
      <trkpt lat="28.906404" lon="118.062305"><ele>1511</ele></trkpt>
      <trkpt lat="28.906377" lon="118.062328"><ele>1504</ele></trkpt>
      <trkpt lat="28.906342" lon="118.062375"><ele>1508</ele></trkpt>
      <trkpt lat="28.906306" lon="118.06241"><ele>1510</ele></trkpt>
      <trkpt lat="28.906326" lon="118.062453"><ele>1496</ele></trkpt>
      <trkpt lat="28.906299" lon="118.062411"><ele>1485</ele></trkpt>
      <trkpt lat="28.90632" lon="118.062461"><ele>1484</ele></trkpt>
      <trkpt lat="28.906351" lon="118.062499"><ele>1484</ele></trkpt>
      <trkpt lat="28.906405" lon="118.062513"><ele>1487</ele></trkpt>
      <trkpt lat="28.906457" lon="118.062537"><ele>1491</ele></trkpt>
      <trkpt lat="28.906506" lon="118.062538"><ele>1490</ele></trkpt>
      <trkpt lat="28.906549" lon="118.062561"><ele>1486</ele></trkpt>
      <trkpt lat="28.906559" lon="118.062616"><ele>1484</ele></trkpt>
      <trkpt lat="28.906552" lon="118.06267"><ele>1485</ele></trkpt>
      <trkpt lat="28.906536" lon="118.062746"><ele>1486</ele></trkpt>
      <trkpt lat="28.906516" lon="118.062815"><ele>1488</ele></trkpt>
      <trkpt lat="28.906508" lon="118.062879"><ele>1489</ele></trkpt>
      <trkpt lat="28.906521" lon="118.062931"><ele>1491</ele></trkpt>
      <trkpt lat="28.90651" lon="118.062984"><ele>1494</ele></trkpt>
      <trkpt lat="28.90648" lon="118.063026"><ele>1493</ele></trkpt>
      <trkpt lat="28.906504" lon="118.063086"><ele>1501</ele></trkpt>
      <trkpt lat="28.906538" lon="118.063121"><ele>1503</ele></trkpt>
      <trkpt lat="28.906583" lon="118.06314"><ele>1507</ele></trkpt>
      <trkpt lat="28.906636" lon="118.063088"><ele>1512</ele></trkpt>
      <trkpt lat="28.906627" lon="118.063031"><ele>1514</ele></trkpt>
      <trkpt lat="28.906593" lon="118.062984"><ele>1514</ele></trkpt>
      <trkpt lat="28.906544" lon="118.063002"><ele>1511</ele></trkpt>
      <trkpt lat="28.906517" lon="118.063052"><ele>1507</ele></trkpt>
      <trkpt lat="28.906508" lon="118.063141"><ele>1500</ele></trkpt>
      <trkpt lat="28.906478" lon="118.063188"><ele>1498</ele></trkpt>
      <trkpt lat="28.906496" lon="118.063231"><ele>1494</ele></trkpt>
      <trkpt lat="28.906469" lon="118.063276"><ele>1488</ele></trkpt>
      <trkpt lat="28.906472" lon="118.063325"><ele>1487</ele></trkpt>
      <trkpt lat="28.906514" lon="118.063341"><ele>1492</ele></trkpt>
      <trkpt lat="28.906519" lon="118.063391"><ele>1510</ele></trkpt>
      <trkpt lat="28.906536" lon="118.063451"><ele>1514</ele></trkpt>
      <trkpt lat="28.906536" lon="118.063499"><ele>1515</ele></trkpt>
      <trkpt lat="28.906515" lon="118.063539"><ele>1516</ele></trkpt>
      <trkpt lat="28.906495" lon="118.063603"><ele>1516</ele></trkpt>
      <trkpt lat="28.906492" lon="118.063652"><ele>1515</ele></trkpt>
      <trkpt lat="28.906494" lon="118.063722"><ele>1514</ele></trkpt>
      <trkpt lat="28.906531" lon="118.063753"><ele>1509</ele></trkpt>
      <trkpt lat="28.906526" lon="118.063802"><ele>1508</ele></trkpt>
      <trkpt lat="28.906486" lon="118.063835"><ele>1508</ele></trkpt>
      <trkpt lat="28.906438" lon="118.06384"><ele>1504</ele></trkpt>
      <trkpt lat="28.906462" lon="118.063855"><ele>1504</ele></trkpt>
      <trkpt lat="28.906532" lon="118.063884"><ele>1510</ele></trkpt>
      <trkpt lat="28.906549" lon="118.063945"><ele>1512</ele></trkpt>
      <trkpt lat="28.906514" lon="118.063993"><ele>1516</ele></trkpt>
      <trkpt lat="28.906493" lon="118.064036"><ele>1517</ele></trkpt>
      <trkpt lat="28.906478" lon="118.064096"><ele>1518</ele></trkpt>
      <trkpt lat="28.906517" lon="118.06413"><ele>1523</ele></trkpt>
      <trkpt lat="28.906553" lon="118.064092"><ele>1527</ele></trkpt>
      <trkpt lat="28.906533" lon="118.064042"><ele>1535</ele></trkpt>
      <trkpt lat="28.906515" lon="118.063989"><ele>1535</ele></trkpt>
      <trkpt lat="28.906544" lon="118.063955"><ele>1534</ele></trkpt>
      <trkpt lat="28.90657" lon="118.063903"><ele>1534</ele></trkpt>
      <trkpt lat="28.90656" lon="118.063853"><ele>1543</ele></trkpt>
      <trkpt lat="28.906529" lon="118.063894"><ele>1546</ele></trkpt>
      <trkpt lat="28.906518" lon="118.063937"><ele>1543</ele></trkpt>
      <trkpt lat="28.906524" lon="118.063985"><ele>1541</ele></trkpt>
      <trkpt lat="28.906525" lon="118.064049"><ele>1543</ele></trkpt>
      <trkpt lat="28.906556" lon="118.064089"><ele>1533</ele></trkpt>
      <trkpt lat="28.906592" lon="118.064121"><ele>1529</ele></trkpt>
      <trkpt lat="28.906631" lon="118.064137"><ele>1527</ele></trkpt>
      <trkpt lat="28.906683" lon="118.064131"><ele>1523</ele></trkpt>
      <trkpt lat="28.906663" lon="118.064092"><ele>1520</ele></trkpt>
      <trkpt lat="28.906626" lon="118.064041"><ele>1516</ele></trkpt>
      <trkpt lat="28.906601" lon="118.063998"><ele>1513</ele></trkpt>
      <trkpt lat="28.906622" lon="118.064025"><ele>1511</ele></trkpt>
      <trkpt lat="28.906646" lon="118.063983"><ele>1506</ele></trkpt>
      <trkpt lat="28.906676" lon="118.063942"><ele>1503</ele></trkpt>
      <trkpt lat="28.906694" lon="118.063893"><ele>1502</ele></trkpt>
      <trkpt lat="28.90671" lon="118.06384"><ele>1501</ele></trkpt>
      <trkpt lat="28.906736" lon="118.063798"><ele>1500</ele></trkpt>
      <trkpt lat="28.906751" lon="118.063747"><ele>1504</ele></trkpt>
      <trkpt lat="28.906773" lon="118.063694"><ele>1506</ele></trkpt>
      <trkpt lat="28.906799" lon="118.063643"><ele>1508</ele></trkpt>
      <trkpt lat="28.906828" lon="118.063619"><ele>1507</ele></trkpt>
      <trkpt lat="28.906878" lon="118.063587"><ele>1507</ele></trkpt>
      <trkpt lat="28.90686" lon="118.063638"><ele>1509</ele></trkpt>
      <trkpt lat="28.90686" lon="118.063697"><ele>1506</ele></trkpt>
      <trkpt lat="28.906888" lon="118.063746"><ele>1506</ele></trkpt>
      <trkpt lat="28.90687" lon="118.063796"><ele>1504</ele></trkpt>
      <trkpt lat="28.90685" lon="118.063841"><ele>1504</ele></trkpt>
      <trkpt lat="28.906885" lon="118.063849"><ele>1503</ele></trkpt>
      <trkpt lat="28.906917" lon="118.063809"><ele>1503</ele></trkpt>
      <trkpt lat="28.906956" lon="118.063768"><ele>1502</ele></trkpt>
      <trkpt lat="28.906959" lon="118.063818"><ele>1501</ele></trkpt>
      <trkpt lat="28.906938" lon="118.06386"><ele>1501</ele></trkpt>
      <trkpt lat="28.906924" lon="118.063921"><ele>1501</ele></trkpt>
      <trkpt lat="28.906949" lon="118.063963"><ele>1501</ele></trkpt>
      <trkpt lat="28.906993" lon="118.063941"><ele>1500</ele></trkpt>
      <trkpt lat="28.907039" lon="118.06391"><ele>1498</ele></trkpt>
      <trkpt lat="28.907076" lon="118.063869"><ele>1497</ele></trkpt>
      <trkpt lat="28.907108" lon="118.063821"><ele>1495</ele></trkpt>
      <trkpt lat="28.907139" lon="118.06378"><ele>1495</ele></trkpt>
      <trkpt lat="28.907193" lon="118.063776"><ele>1493</ele></trkpt>
      <trkpt lat="28.907248" lon="118.063798"><ele>1492</ele></trkpt>
      <trkpt lat="28.907285" lon="118.063832"><ele>1490</ele></trkpt>
      <trkpt lat="28.907307" lon="118.063886"><ele>1488</ele></trkpt>
      <trkpt lat="28.907312" lon="118.063936"><ele>1487</ele></trkpt>
      <trkpt lat="28.9073" lon="118.063999"><ele>1486</ele></trkpt>
      <trkpt lat="28.907288" lon="118.064059"><ele>1486</ele></trkpt>
      <trkpt lat="28.907327" lon="118.064107"><ele>1484</ele></trkpt>
      <trkpt lat="28.907354" lon="118.064158"><ele>1483</ele></trkpt>
      <trkpt lat="28.907395" lon="118.064163"><ele>1481</ele></trkpt>
      <trkpt lat="28.907439" lon="118.064163"><ele>1481</ele></trkpt>
      <trkpt lat="28.907472" lon="118.064197"><ele>1480</ele></trkpt>
      <trkpt lat="28.907497" lon="118.064258"><ele>1478</ele></trkpt>
      <trkpt lat="28.90752" lon="118.06431"><ele>1475</ele></trkpt>
      <trkpt lat="28.907558" lon="118.064314"><ele>1472</ele></trkpt>
      <trkpt lat="28.907609" lon="118.064295"><ele>1469</ele></trkpt>
      <trkpt lat="28.907634" lon="118.064239"><ele>1465</ele></trkpt>
      <trkpt lat="28.907674" lon="118.064246"><ele>1462</ele></trkpt>
      <trkpt lat="28.907704" lon="118.064203"><ele>1457</ele></trkpt>
      <trkpt lat="28.907697" lon="118.064148"><ele>1455</ele></trkpt>
      <trkpt lat="28.907694" lon="118.064083"><ele>1452</ele></trkpt>
      <trkpt lat="28.907698" lon="118.064026"><ele>1452</ele></trkpt>
      <trkpt lat="28.907723" lon="118.063964"><ele>1452</ele></trkpt>
      <trkpt lat="28.907773" lon="118.063965"><ele>1451</ele></trkpt>
      <trkpt lat="28.907825" lon="118.063968"><ele>1448</ele></trkpt>
      <trkpt lat="28.907871" lon="118.063979"><ele>1445</ele></trkpt>
      <trkpt lat="28.907915" lon="118.063984"><ele>1443</ele></trkpt>
      <trkpt lat="28.907969" lon="118.063976"><ele>1440</ele></trkpt>
      <trkpt lat="28.907987" lon="118.063928"><ele>1437</ele></trkpt>
      <trkpt lat="28.908029" lon="118.063899"><ele>1436</ele></trkpt>
      <trkpt lat="28.908091" lon="118.063884"><ele>1433</ele></trkpt>
      <trkpt lat="28.908083" lon="118.063933"><ele>1430</ele></trkpt>
      <trkpt lat="28.908103" lon="118.063983"><ele>1428</ele></trkpt>
      <trkpt lat="28.90811" lon="118.064034"><ele>1428</ele></trkpt>
      <trkpt lat="28.908101" lon="118.064096"><ele>1427</ele></trkpt>
      <trkpt lat="28.908095" lon="118.064137"><ele>1426</ele></trkpt>
      <trkpt lat="28.908092" lon="118.064193"><ele>1426</ele></trkpt>
      <trkpt lat="28.908119" lon="118.064218"><ele>1425</ele></trkpt>
      <trkpt lat="28.908173" lon="118.064243"><ele>1425</ele></trkpt>
      <trkpt lat="28.908236" lon="118.064257"><ele>1424</ele></trkpt>
      <trkpt lat="28.908292" lon="118.064251"><ele>1425</ele></trkpt>
      <trkpt lat="28.908344" lon="118.064249"><ele>1426</ele></trkpt>
      <trkpt lat="28.908374" lon="118.064252"><ele>1426</ele></trkpt>
      <trkpt lat="28.908433" lon="118.064265"><ele>1426</ele></trkpt>
      <trkpt lat="28.908474" lon="118.064301"><ele>1425</ele></trkpt>
      <trkpt lat="28.908443" lon="118.064366"><ele>1416</ele></trkpt>
      <trkpt lat="28.908406" lon="118.064406"><ele>1408</ele></trkpt>
      <trkpt lat="28.908371" lon="118.064458"><ele>1404</ele></trkpt>
      <trkpt lat="28.908358" lon="118.064518"><ele>1409</ele></trkpt>
      <trkpt lat="28.908358" lon="118.064573"><ele>1412</ele></trkpt>
      <trkpt lat="28.908345" lon="118.064632"><ele>1412</ele></trkpt>
      <trkpt lat="28.90832" lon="118.064674"><ele>1412</ele></trkpt>
      <trkpt lat="28.908305" lon="118.064719"><ele>1411</ele></trkpt>
      <trkpt lat="28.908288" lon="118.064773"><ele>1410</ele></trkpt>
      <trkpt lat="28.908252" lon="118.064824"><ele>1408</ele></trkpt>
      <trkpt lat="28.908215" lon="118.064886"><ele>1407</ele></trkpt>
      <trkpt lat="28.908203" lon="118.064925"><ele>1406</ele></trkpt>
      <trkpt lat="28.908172" lon="118.064981"><ele>1407</ele></trkpt>
      <trkpt lat="28.90815" lon="118.065036"><ele>1410</ele></trkpt>
      <trkpt lat="28.90815" lon="118.065087"><ele>1410</ele></trkpt>
      <trkpt lat="28.908139" lon="118.065144"><ele>1410</ele></trkpt>
      <trkpt lat="28.908119" lon="118.065204"><ele>1409</ele></trkpt>
      <trkpt lat="28.908098" lon="118.065263"><ele>1411</ele></trkpt>
      <trkpt lat="28.908068" lon="118.065314"><ele>1412</ele></trkpt>
      <trkpt lat="28.908049" lon="118.065363"><ele>1415</ele></trkpt>
      <trkpt lat="28.908022" lon="118.065407"><ele>1420</ele></trkpt>
      <trkpt lat="28.907991" lon="118.065447"><ele>1424</ele></trkpt>
      <trkpt lat="28.907965" lon="118.065488"><ele>1426</ele></trkpt>
      <trkpt lat="28.907933" lon="118.065545"><ele>1428</ele></trkpt>
      <trkpt lat="28.907904" lon="118.065592"><ele>1429</ele></trkpt>
      <trkpt lat="28.907859" lon="118.065624"><ele>1430</ele></trkpt>
      <trkpt lat="28.907816" lon="118.065651"><ele>1430</ele></trkpt>
      <trkpt lat="28.907776" lon="118.065683"><ele>1432</ele></trkpt>
      <trkpt lat="28.907755" lon="118.065724"><ele>1435</ele></trkpt>
      <trkpt lat="28.90779" lon="118.065762"><ele>1436</ele></trkpt>
      <trkpt lat="28.907829" lon="118.065784"><ele>1436</ele></trkpt>
      <trkpt lat="28.907859" lon="118.065832"><ele>1435</ele></trkpt>
      <trkpt lat="28.907868" lon="118.065896"><ele>1434</ele></trkpt>
      <trkpt lat="28.907869" lon="118.065945"><ele>1434</ele></trkpt>
      <trkpt lat="28.907836" lon="118.06601"><ele>1433</ele></trkpt>
      <trkpt lat="28.907807" lon="118.066068"><ele>1433</ele></trkpt>
      <trkpt lat="28.90782" lon="118.06611"><ele>1434</ele></trkpt>
      <trkpt lat="28.907879" lon="118.066133"><ele>1433</ele></trkpt>
      <trkpt lat="28.907901" lon="118.066165"><ele>1433</ele></trkpt>
      <trkpt lat="28.907882" lon="118.066225"><ele>1431</ele></trkpt>
      <trkpt lat="28.907834" lon="118.066251"><ele>1430</ele></trkpt>
      <trkpt lat="28.907802" lon="118.066288"><ele>1436</ele></trkpt>
      <trkpt lat="28.907769" lon="118.066253"><ele>1439</ele></trkpt>
      <trkpt lat="28.907774" lon="118.066195"><ele>1442</ele></trkpt>
      <trkpt lat="28.907726" lon="118.066199"><ele>1446</ele></trkpt>
      <trkpt lat="28.907679" lon="118.066216"><ele>1448</ele></trkpt>
      <trkpt lat="28.907631" lon="118.066216"><ele>1452</ele></trkpt>
      <trkpt lat="28.907586" lon="118.066229"><ele>1454</ele></trkpt>
      <trkpt lat="28.907548" lon="118.066249"><ele>1454</ele></trkpt>
      <trkpt lat="28.907501" lon="118.066268"><ele>1454</ele></trkpt>
      <trkpt lat="28.907463" lon="118.066308"><ele>1457</ele></trkpt>
      <trkpt lat="28.907425" lon="118.066315"><ele>1458</ele></trkpt>
      <trkpt lat="28.907371" lon="118.066313"><ele>1461</ele></trkpt>
      <trkpt lat="28.907326" lon="118.066305"><ele>1462</ele></trkpt>
      <trkpt lat="28.907276" lon="118.066312"><ele>1464</ele></trkpt>
      <trkpt lat="28.90723" lon="118.066332"><ele>1465</ele></trkpt>
      <trkpt lat="28.907187" lon="118.066355"><ele>1467</ele></trkpt>
      <trkpt lat="28.907154" lon="118.066376"><ele>1468</ele></trkpt>
      <trkpt lat="28.907112" lon="118.066359"><ele>1468</ele></trkpt>
      <trkpt lat="28.907078" lon="118.066307"><ele>1469</ele></trkpt>
      <trkpt lat="28.907035" lon="118.066262"><ele>1471</ele></trkpt>
      <trkpt lat="28.90699" lon="118.06625"><ele>1473</ele></trkpt>
      <trkpt lat="28.906946" lon="118.066238"><ele>1477</ele></trkpt>
      <trkpt lat="28.906939" lon="118.066286"><ele>1477</ele></trkpt>
      <trkpt lat="28.906901" lon="118.066321"><ele>1478</ele></trkpt>
      <trkpt lat="28.906855" lon="118.0663"><ele>1479</ele></trkpt>
      <trkpt lat="28.906812" lon="118.066307"><ele>1481</ele></trkpt>
      <trkpt lat="28.906786" lon="118.066267"><ele>1482</ele></trkpt>
      <trkpt lat="28.906808" lon="118.066205"><ele>1484</ele></trkpt>
      <trkpt lat="28.906793" lon="118.066149"><ele>1485</ele></trkpt>
      <trkpt lat="28.906779" lon="118.066091"><ele>1491</ele></trkpt>
      <trkpt lat="28.906739" lon="118.066123"><ele>1494</ele></trkpt>
      <trkpt lat="28.90671" lon="118.066163"><ele>1496</ele></trkpt>
      <trkpt lat="28.906665" lon="118.066163"><ele>1499</ele></trkpt>
      <trkpt lat="28.906618" lon="118.066156"><ele>1499</ele></trkpt>
      <trkpt lat="28.906572" lon="118.066127"><ele>1500</ele></trkpt>
      <trkpt lat="28.906521" lon="118.066107"><ele>1502</ele></trkpt>
      <trkpt lat="28.906477" lon="118.066113"><ele>1504</ele></trkpt>
      <trkpt lat="28.906425" lon="118.066121"><ele>1506</ele></trkpt>
      <trkpt lat="28.906377" lon="118.066126"><ele>1507</ele></trkpt>
      <trkpt lat="28.906379" lon="118.066176"><ele>1506</ele></trkpt>
      <trkpt lat="28.906395" lon="118.066233"><ele>1509</ele></trkpt>
      <trkpt lat="28.906394" lon="118.066286"><ele>1511</ele></trkpt>
      <trkpt lat="28.906389" lon="118.066338"><ele>1511</ele></trkpt>
      <trkpt lat="28.906371" lon="118.066391"><ele>1512</ele></trkpt>
      <trkpt lat="28.906338" lon="118.066424"><ele>1513</ele></trkpt>
      <trkpt lat="28.9063" lon="118.066467"><ele>1515</ele></trkpt>
      <trkpt lat="28.906255" lon="118.066482"><ele>1517</ele></trkpt>
      <trkpt lat="28.906246" lon="118.066431"><ele>1518</ele></trkpt>
      <trkpt lat="28.906207" lon="118.066404"><ele>1521</ele></trkpt>
      <trkpt lat="28.906161" lon="118.066425"><ele>1523</ele></trkpt>
      <trkpt lat="28.906114" lon="118.066423"><ele>1526</ele></trkpt>
      <trkpt lat="28.906082" lon="118.066385"><ele>1527</ele></trkpt>
      <trkpt lat="28.906063" lon="118.06633"><ele>1529</ele></trkpt>
      <trkpt lat="28.906026" lon="118.066325"><ele>1530</ele></trkpt>
      <trkpt lat="28.905967" lon="118.066326"><ele>1529</ele></trkpt>
      <trkpt lat="28.905914" lon="118.066326"><ele>1527</ele></trkpt>
      <trkpt lat="28.905869" lon="118.066326"><ele>1526</ele></trkpt>
      <trkpt lat="28.905823" lon="118.066328"><ele>1525</ele></trkpt>
      <trkpt lat="28.905778" lon="118.066347"><ele>1526</ele></trkpt>
      <trkpt lat="28.905737" lon="118.066361"><ele>1526</ele></trkpt>
      <trkpt lat="28.905691" lon="118.066369"><ele>1527</ele></trkpt>
      <trkpt lat="28.905645" lon="118.066375"><ele>1530</ele></trkpt>
      <trkpt lat="28.9056" lon="118.066385"><ele>1530</ele></trkpt>
      <trkpt lat="28.905556" lon="118.066425"><ele>1531</ele></trkpt>
      <trkpt lat="28.905513" lon="118.066429"><ele>1533</ele></trkpt>
      <trkpt lat="28.905468" lon="118.066403"><ele>1533</ele></trkpt>
      <trkpt lat="28.905438" lon="118.066374"><ele>1533</ele></trkpt>
      <trkpt lat="28.905396" lon="118.066349"><ele>1533</ele></trkpt>
      <trkpt lat="28.905355" lon="118.066329"><ele>1533</ele></trkpt>
      <trkpt lat="28.905285" lon="118.066328"><ele>1532</ele></trkpt>
      <trkpt lat="28.90526" lon="118.066304"><ele>1532</ele></trkpt>
      <trkpt lat="28.905235" lon="118.066321"><ele>1534</ele></trkpt>
      <trkpt lat="28.905248" lon="118.066387"><ele>1547</ele></trkpt>
      <trkpt lat="28.905295" lon="118.066383"><ele>1550</ele></trkpt>
      <trkpt lat="28.905349" lon="118.066387"><ele>1552</ele></trkpt>
      <trkpt lat="28.905353" lon="118.066435"><ele>1552</ele></trkpt>
      <trkpt lat="28.905318" lon="118.066481"><ele>1553</ele></trkpt>
      <trkpt lat="28.90528" lon="118.066513"><ele>1560</ele></trkpt>
      <trkpt lat="28.905246" lon="118.066478"><ele>1560</ele></trkpt>
      <trkpt lat="28.905216" lon="118.066462"><ele>1559</ele></trkpt>
      <trkpt lat="28.90517" lon="118.066444"><ele>1559</ele></trkpt>
      <trkpt lat="28.905112" lon="118.066419"><ele>1560</ele></trkpt>
      <trkpt lat="28.90507" lon="118.06639"><ele>1562</ele></trkpt>
      <trkpt lat="28.905024" lon="118.066354"><ele>1562</ele></trkpt>
      <trkpt lat="28.904979" lon="118.066323"><ele>1561</ele></trkpt>
      <trkpt lat="28.904937" lon="118.066298"><ele>1561</ele></trkpt>
      <trkpt lat="28.90491" lon="118.066264"><ele>1561</ele></trkpt>
      <trkpt lat="28.904871" lon="118.066215"><ele>1562</ele></trkpt>
      <trkpt lat="28.90483" lon="118.06621"><ele>1562</ele></trkpt>
      <trkpt lat="28.904775" lon="118.066217"><ele>1563</ele></trkpt>
      <trkpt lat="28.904721" lon="118.066225"><ele>1564</ele></trkpt>
      <trkpt lat="28.904669" lon="118.06621"><ele>1564</ele></trkpt>
      <trkpt lat="28.904631" lon="118.066186"><ele>1563</ele></trkpt>
      <trkpt lat="28.904595" lon="118.066143"><ele>1564</ele></trkpt>
      <trkpt lat="28.904549" lon="118.066102"><ele>1563</ele></trkpt>
      <trkpt lat="28.904498" lon="118.066083"><ele>1562</ele></trkpt>
      <trkpt lat="28.90445" lon="118.066076"><ele>1567</ele></trkpt>
      <trkpt lat="28.904412" lon="118.066062"><ele>1568</ele></trkpt>
      <trkpt lat="28.904361" lon="118.066044"><ele>1568</ele></trkpt>
      <trkpt lat="28.904309" lon="118.066009"><ele>1566</ele></trkpt>
      <trkpt lat="28.904322" lon="118.065975"><ele>1565</ele></trkpt>
      <trkpt lat="28.904384" lon="118.065942"><ele>1563</ele></trkpt>
      <trkpt lat="28.904436" lon="118.065956"><ele>1561</ele></trkpt>
      <trkpt lat="28.904413" lon="118.065934"><ele>1560</ele></trkpt>
      <trkpt lat="28.904375" lon="118.065908"><ele>1560</ele></trkpt>
      <trkpt lat="28.904342" lon="118.065856"><ele>1560</ele></trkpt>
      <trkpt lat="28.904302" lon="118.065876"><ele>1560</ele></trkpt>
      <trkpt lat="28.90431" lon="118.065858"><ele>1563</ele></trkpt>
      <trkpt lat="28.90435" lon="118.065836"><ele>1565</ele></trkpt>
      <trkpt lat="28.904346" lon="118.065782"><ele>1569</ele></trkpt>
      <trkpt lat="28.904294" lon="118.065759"><ele>1564</ele></trkpt>
      <trkpt lat="28.904257" lon="118.06573"><ele>1554</ele></trkpt>
      <trkpt lat="28.904235" lon="118.065679"><ele>1552</ele></trkpt>
      <trkpt lat="28.904223" lon="118.065621"><ele>1551</ele></trkpt>
      <trkpt lat="28.90421" lon="118.065569"><ele>1551</ele></trkpt>
      <trkpt lat="28.904198" lon="118.065515"><ele>1555</ele></trkpt>
      <trkpt lat="28.904247" lon="118.065526"><ele>1554</ele></trkpt>
      <trkpt lat="28.904286" lon="118.065555"><ele>1557</ele></trkpt>
      <trkpt lat="28.904298" lon="118.065598"><ele>1555</ele></trkpt>
      <trkpt lat="28.904301" lon="118.06566"><ele>1550</ele></trkpt>
      <trkpt lat="28.904326" lon="118.065715"><ele>1545</ele></trkpt>
      <trkpt lat="28.90436" lon="118.065672"><ele>1541</ele></trkpt>
      <trkpt lat="28.904372" lon="118.0656"><ele>1539</ele></trkpt>
      <trkpt lat="28.904411" lon="118.065581"><ele>1537</ele></trkpt>
      <trkpt lat="28.904456" lon="118.065561"><ele>1536</ele></trkpt>
      <trkpt lat="28.904494" lon="118.065529"><ele>1534</ele></trkpt>
      <trkpt lat="28.904528" lon="118.065498"><ele>1532</ele></trkpt>
      <trkpt lat="28.904576" lon="118.065485"><ele>1531</ele></trkpt>
      <trkpt lat="28.904621" lon="118.065485"><ele>1531</ele></trkpt>
      <trkpt lat="28.904659" lon="118.065442"><ele>1531</ele></trkpt>
      <trkpt lat="28.904687" lon="118.0654"><ele>1525</ele></trkpt>
      <trkpt lat="28.904732" lon="118.065388"><ele>1522</ele></trkpt>
      <trkpt lat="28.904773" lon="118.065361"><ele>1518</ele></trkpt>
      <trkpt lat="28.904813" lon="118.065335"><ele>1512</ele></trkpt>
      <trkpt lat="28.904852" lon="118.065303"><ele>1509</ele></trkpt>
      <trkpt lat="28.904886" lon="118.065266"><ele>1509</ele></trkpt>
      <trkpt lat="28.904877" lon="118.065216"><ele>1507</ele></trkpt>
      <trkpt lat="28.904883" lon="118.065161"><ele>1504</ele></trkpt>
      <trkpt lat="28.904927" lon="118.065192"><ele>1502</ele></trkpt>
      <trkpt lat="28.904955" lon="118.065144"><ele>1498</ele></trkpt>
      <trkpt lat="28.904934" lon="118.065095"><ele>1494</ele></trkpt>
      <trkpt lat="28.904952" lon="118.065047"><ele>1498</ele></trkpt>
      <trkpt lat="28.904925" lon="118.065003"><ele>1494</ele></trkpt>
      <trkpt lat="28.904905" lon="118.064956"><ele>1493</ele></trkpt>
      <trkpt lat="28.904899" lon="118.064892"><ele>1489</ele></trkpt>
      <trkpt lat="28.904895" lon="118.064843"><ele>1486</ele></trkpt>
      <trkpt lat="28.904916" lon="118.064864"><ele>1486</ele></trkpt>
      <trkpt lat="28.904927" lon="118.064926"><ele>1484</ele></trkpt>
      <trkpt lat="28.904911" lon="118.065"><ele>1479</ele></trkpt>
      <trkpt lat="28.904954" lon="118.065002"><ele>1480</ele></trkpt>
      <trkpt lat="28.905003" lon="118.065011"><ele>1479</ele></trkpt>
      <trkpt lat="28.905014" lon="118.06506"><ele>1477</ele></trkpt>
      <trkpt lat="28.905056" lon="118.065075"><ele>1475</ele></trkpt>
      <trkpt lat="28.905113" lon="118.065076"><ele>1477</ele></trkpt>
      <trkpt lat="28.905128" lon="118.065038"><ele>1476</ele></trkpt>
      <trkpt lat="28.905107" lon="118.064975"><ele>1473</ele></trkpt>
      <trkpt lat="28.905057" lon="118.064963"><ele>1474</ele></trkpt>
      <trkpt lat="28.905057" lon="118.064911"><ele>1473</ele></trkpt>
      <trkpt lat="28.905076" lon="118.064861"><ele>1472</ele></trkpt>
      <trkpt lat="28.90511" lon="118.064817"><ele>1469</ele></trkpt>
      <trkpt lat="28.905119" lon="118.064765"><ele>1468</ele></trkpt>
      <trkpt lat="28.905121" lon="118.064709"><ele>1464</ele></trkpt>
      <trkpt lat="28.905106" lon="118.064658"><ele>1460</ele></trkpt>
      <trkpt lat="28.905106" lon="118.064606"><ele>1455</ele></trkpt>
      <trkpt lat="28.905079" lon="118.064565"><ele>1451</ele></trkpt>
      <trkpt lat="28.905101" lon="118.064522"><ele>1447</ele></trkpt>
      <trkpt lat="28.905156" lon="118.064501"><ele>1445</ele></trkpt>
      <trkpt lat="28.905209" lon="118.064491"><ele>1443</ele></trkpt>
      <trkpt lat="28.905249" lon="118.06447"><ele>1440</ele></trkpt>
      <trkpt lat="28.905238" lon="118.06442"><ele>1436</ele></trkpt>
      <trkpt lat="28.905238" lon="118.06437"><ele>1435</ele></trkpt>
      <trkpt lat="28.905234" lon="118.064317"><ele>1435</ele></trkpt>
      <trkpt lat="28.905213" lon="118.064265"><ele>1432</ele></trkpt>
      <trkpt lat="28.905177" lon="118.064217"><ele>1432</ele></trkpt>
      <trkpt lat="28.905153" lon="118.06417"><ele>1428</ele></trkpt>
      <trkpt lat="28.905119" lon="118.064197"><ele>1427</ele></trkpt>
      <trkpt lat="28.90508" lon="118.064237"><ele>1425</ele></trkpt>
      <trkpt lat="28.905043" lon="118.0643"><ele>1424</ele></trkpt>
      <trkpt lat="28.905018" lon="118.064266"><ele>1423</ele></trkpt>
      <trkpt lat="28.905003" lon="118.064211"><ele>1422</ele></trkpt>
      <trkpt lat="28.904961" lon="118.064183"><ele>1420</ele></trkpt>
      <trkpt lat="28.904917" lon="118.064182"><ele>1418</ele></trkpt>
      <trkpt lat="28.904907" lon="118.064133"><ele>1417</ele></trkpt>
      <trkpt lat="28.90488" lon="118.064089"><ele>1415</ele></trkpt>
      <trkpt lat="28.904889" lon="118.06404"><ele>1413</ele></trkpt>
      <trkpt lat="28.904852" lon="118.064051"><ele>1411</ele></trkpt>
      <trkpt lat="28.904825" lon="118.064099"><ele>1410</ele></trkpt>
      <trkpt lat="28.904774" lon="118.064155"><ele>1409</ele></trkpt>
      <trkpt lat="28.904739" lon="118.064179"><ele>1409</ele></trkpt>
      <trkpt lat="28.904695" lon="118.064195"><ele>1409</ele></trkpt>
      <trkpt lat="28.904643" lon="118.0642"><ele>1408</ele></trkpt>
      <trkpt lat="28.904594" lon="118.064194"><ele>1408</ele></trkpt>
      <trkpt lat="28.904589" lon="118.06414"><ele>1407</ele></trkpt>
      <trkpt lat="28.904611" lon="118.064089"><ele>1405</ele></trkpt>
      <trkpt lat="28.904577" lon="118.064075"><ele>1402</ele></trkpt>
      <trkpt lat="28.904527" lon="118.064072"><ele>1400</ele></trkpt>
      <trkpt lat="28.904472" lon="118.064055"><ele>1397</ele></trkpt>
      <trkpt lat="28.904431" lon="118.064044"><ele>1396</ele></trkpt>
      <trkpt lat="28.904374" lon="118.064034"><ele>1395</ele></trkpt>
      <trkpt lat="28.90433" lon="118.064009"><ele>1398</ele></trkpt>
      <trkpt lat="28.904358" lon="118.063964"><ele>1395</ele></trkpt>
      <trkpt lat="28.904387" lon="118.063919"><ele>1393</ele></trkpt>
      <trkpt lat="28.904436" lon="118.063892"><ele>1391</ele></trkpt>
      <trkpt lat="28.904486" lon="118.063889"><ele>1391</ele></trkpt>
      <trkpt lat="28.904539" lon="118.063867"><ele>1392</ele></trkpt>
      <trkpt lat="28.90458" lon="118.063819"><ele>1390</ele></trkpt>
      <trkpt lat="28.904614" lon="118.06377"><ele>1390</ele></trkpt>
      <trkpt lat="28.904639" lon="118.06372"><ele>1387</ele></trkpt>
      <trkpt lat="28.904647" lon="118.063673"><ele>1385</ele></trkpt>
      <trkpt lat="28.904655" lon="118.063618"><ele>1384</ele></trkpt>
      <trkpt lat="28.904623" lon="118.063586"><ele>1384</ele></trkpt>
      <trkpt lat="28.904635" lon="118.063541"><ele>1383</ele></trkpt>
      <trkpt lat="28.904654" lon="118.063501"><ele>1383</ele></trkpt>
      <trkpt lat="28.904661" lon="118.063444"><ele>1380</ele></trkpt>
      <trkpt lat="28.904682" lon="118.063396"><ele>1379</ele></trkpt>
      <trkpt lat="28.904705" lon="118.063351"><ele>1377</ele></trkpt>
      <trkpt lat="28.9047" lon="118.063294"><ele>1374</ele></trkpt>
      <trkpt lat="28.904671" lon="118.063237"><ele>1373</ele></trkpt>
      <trkpt lat="28.904665" lon="118.063192"><ele>1372</ele></trkpt>
      <trkpt lat="28.904684" lon="118.063136"><ele>1371</ele></trkpt>
      <trkpt lat="28.904661" lon="118.063092"><ele>1367</ele></trkpt>
      <trkpt lat="28.904621" lon="118.063109"><ele>1365</ele></trkpt>
      <trkpt lat="28.904576" lon="118.063083"><ele>1363</ele></trkpt>
      <trkpt lat="28.904545" lon="118.063032"><ele>1362</ele></trkpt>
      <trkpt lat="28.904515" lon="118.062992"><ele>1361</ele></trkpt>
      <trkpt lat="28.904485" lon="118.062955"><ele>1360</ele></trkpt>
      <trkpt lat="28.904455" lon="118.062903"><ele>1359</ele></trkpt>
      <trkpt lat="28.90444" lon="118.062852"><ele>1359</ele></trkpt>
      <trkpt lat="28.9044" lon="118.062809"><ele>1359</ele></trkpt>
      <trkpt lat="28.90439" lon="118.062772"><ele>1360</ele></trkpt>
      <trkpt lat="28.904408" lon="118.062717"><ele>1362</ele></trkpt>
      <trkpt lat="28.904428" lon="118.062668"><ele>1363</ele></trkpt>
      <trkpt lat="28.904446" lon="118.062616"><ele>1363</ele></trkpt>
      <trkpt lat="28.904454" lon="118.062561"><ele>1365</ele></trkpt>
      <trkpt lat="28.90447" lon="118.062514"><ele>1365</ele></trkpt>
      <trkpt lat="28.904483" lon="118.062464"><ele>1365</ele></trkpt>
      <trkpt lat="28.904496" lon="118.062402"><ele>1365</ele></trkpt>
      <trkpt lat="28.904472" lon="118.062358"><ele>1365</ele></trkpt>
      <trkpt lat="28.904424" lon="118.062368"><ele>1362</ele></trkpt>
      <trkpt lat="28.904368" lon="118.062366"><ele>1360</ele></trkpt>
      <trkpt lat="28.904321" lon="118.062364"><ele>1358</ele></trkpt>
      <trkpt lat="28.904283" lon="118.062334"><ele>1354</ele></trkpt>
      <trkpt lat="28.904236" lon="118.062339"><ele>1352</ele></trkpt>
      <trkpt lat="28.904185" lon="118.062336"><ele>1349</ele></trkpt>
      <trkpt lat="28.904157" lon="118.062294"><ele>1347</ele></trkpt>
      <trkpt lat="28.904181" lon="118.062248"><ele>1345</ele></trkpt>
      <trkpt lat="28.904202" lon="118.062205"><ele>1345</ele></trkpt>
      <trkpt lat="28.904213" lon="118.062161"><ele>1344</ele></trkpt>
      <trkpt lat="28.904235" lon="118.062104"><ele>1343</ele></trkpt>
      <trkpt lat="28.904265" lon="118.062055"><ele>1343</ele></trkpt>
      <trkpt lat="28.904301" lon="118.062005"><ele>1341</ele></trkpt>
    </trkseg>
  </trk>
</gpx>
