{
  "type": "FeatureCollection",
  "features": [
    {
      "type": "Feature",
      "properties": {
        "name": "太白山南北穿越参考轨迹",
        "type": "hiking",
        "source": "两步路用户轨迹",
        "segments": 1
      },
      "geometry": {
        "type": "LineString",
        "coordinates": [
          [
            107.813877,
            33.874361
          ],
          [
            107.813777,
            33.874403
          ],
          [
            107.813625,
            33.874559
          ],
          [
            107.813569,
            33.874659
          ],
          [
            107.813496,
            33.874736
          ],
          [
            107.813435,
            33.874928
          ],
          [
            107.813315,
            33.875114
          ],
          [
            107.813206,
            33.875168
          ],
          [
            107.813091,
            33.87516
          ],
          [
            107.812857,
            33.875205
          ],
          [
            107.812836,
            33.875253
          ],
          [
            107.812851,
            33.87534
          ],
          [
            107.812819,
            33.87543
          ],
          [
            107.812806,
            33.875416
          ],
          [
            107.812921,
            33.875299
          ],
          [
            107.812917,
            33.87535
          ],
          [
            107.812837,
            33.875409
          ],
          [
            107.812715,
            33.875407
          ],
          [
            107.812753,
            33.875449
          ],
          [
            107.812848,
            33.875429
          ],
          [
            107.812915,
            33.875324
          ],
          [
            107.812856,
            33.875408
          ],
          [
            107.812889,
            33.875339
          ],
          [
            107.81287,
            33.875382
          ],
          [
            107.812781,
            33.875419
          ],
          [
            107.812687,
            33.875425
          ],
          [
            107.812295,
            33.87554
          ],
          [
            107.812084,
            33.875622
          ],
          [
            107.811988,
            33.875685
          ],
          [
            107.811959,
            33.875772
          ],
          [
            107.811877,
            33.875797
          ],
          [
            107.811652,
            33.87577
          ],
          [
            107.811528,
            33.875779
          ],
          [
            107.811403,
            33.875931
          ],
          [
            107.811432,
            33.876013
          ],
          [
            107.811368,
            33.876014
          ],
          [
            107.81127,
            33.876105
          ],
          [
            107.811207,
            33.876377
          ],
          [
            107.81122,
            33.87647
          ],
          [
            107.811296,
            33.876538
          ],
          [
            107.811537,
            33.876604
          ],
          [
            107.81174,
            33.876708
          ],
          [
            107.811852,
            33.876691
          ],
          [
            107.811952,
            33.876716
          ],
          [
            107.812032,
            33.876787
          ],
          [
            107.812112,
            33.876802
          ],
          [
            107.812024,
            33.877074
          ],
          [
            107.812027,
            33.877177
          ],
          [
            107.812081,
            33.87726
          ],
          [
            107.812203,
            33.877324
          ],
          [
            107.812402,
            33.877394
          ],
          [
            107.812387,
            33.877475
          ],
          [
            107.812398,
            33.877373
          ],
          [
            107.812264,
            33.877356
          ],
          [
            107.812389,
            33.877382
          ],
          [
            107.812366,
            33.877269
          ],
          [
            107.812184,
            33.877131
          ],
          [
            107.812133,
            33.877048
          ],
          [
            107.812124,
            33.876953
          ],
          [
            107.812171,
            33.876821
          ],
          [
            107.812158,
            33.876725
          ],
          [
            107.812174,
            33.876728
          ],
          [
            107.812323,
            33.876582
          ],
          [
            107.812363,
            33.876489
          ],
          [
            107.812414,
            33.876183
          ],
          [
            107.81249,
            33.876116
          ],
          [
            107.812485,
            33.876032
          ],
          [
            107.812373,
            33.875976
          ],
          [
            107.812485,
            33.875943
          ],
          [
            107.812787,
            33.875767
          ],
          [
            107.812873,
            33.875696
          ],
          [
            107.812941,
            33.875576
          ],
          [
            107.813128,
            33.875791
          ],
          [
            107.813067,
            33.87589
          ],
          [
            107.813091,
            33.876085
          ],
          [
            107.813081,
            33.876148
          ],
          [
            107.813103,
            33.876056
          ],
          [
            107.81309,
            33.875945
          ],
          [
            107.812846,
            33.876183
          ],
          [
            107.812735,
            33.876219
          ],
          [
            107.812648,
            33.876276
          ],
          [
            107.812679,
            33.87635
          ],
          [
            107.812758,
            33.876425
          ],
          [
            107.813035,
            33.876634
          ],
          [
            107.813059,
            33.876721
          ],
          [
            107.813008,
            33.876809
          ],
          [
            107.812877,
            33.876957
          ],
          [
            107.812963,
            33.877018
          ],
          [
            107.812854,
            33.877025
          ],
          [
            107.812786,
            33.877101
          ],
          [
            107.812838,
            33.877175
          ],
          [
            107.81294,
            33.877243
          ],
          [
            107.813178,
            33.877328
          ],
          [
            107.813249,
            33.877403
          ],
          [
            107.813277,
            33.877511
          ],
          [
            107.813206,
            33.877618
          ],
          [
            107.813045,
            33.877748
          ],
          [
            107.812999,
            33.877937
          ],
          [
            107.812793,
            33.878002
          ],
          [
            107.812665,
            33.878015
          ],
          [
            107.812654,
            33.878031
          ],
          [
            107.81256,
            33.878026
          ],
          [
            107.812445,
            33.878051
          ],
          [
            107.81234,
            33.878104
          ],
          [
            107.812219,
            33.878281
          ],
          [
            107.812191,
            33.878386
          ],
          [
            107.812195,
            33.878486
          ],
          [
            107.812249,
            33.878583
          ],
          [
            107.812316,
            33.878784
          ],
          [
            107.812325,
            33.878888
          ],
          [
            107.81227,
            33.87897
          ],
          [
            107.812246,
            33.879065
          ],
          [
            107.812118,
            33.879225
          ],
          [
            107.812108,
            33.879316
          ],
          [
            107.812193,
            33.879495
          ],
          [
            107.812261,
            33.879572
          ],
          [
            107.812362,
            33.879744
          ],
          [
            107.812503,
            33.879898
          ],
          [
            107.812526,
            33.880102
          ],
          [
            107.812595,
            33.880292
          ],
          [
            107.81258,
            33.880575
          ],
          [
            107.812594,
            33.880672
          ],
          [
            107.812669,
            33.880868
          ],
          [
            107.812659,
            33.881051
          ],
          [
            107.812628,
            33.881141
          ],
          [
            107.81253,
            33.881186
          ],
          [
            107.81248,
            33.881266
          ],
          [
            107.812417,
            33.881441
          ],
          [
            107.812274,
            33.881612
          ],
          [
            107.812231,
            33.881703
          ],
          [
            107.812252,
            33.881799
          ],
          [
            107.812348,
            33.881835
          ],
          [
            107.812434,
            33.88191
          ],
          [
            107.812437,
            33.882002
          ],
          [
            107.812376,
            33.882082
          ],
          [
            107.812286,
            33.882155
          ],
          [
            107.812166,
            33.882533
          ],
          [
            107.812131,
            33.882726
          ],
          [
            107.81213,
            33.883032
          ],
          [
            107.811919,
            33.883383
          ],
          [
            107.811773,
            33.883545
          ],
          [
            107.811685,
            33.883617
          ],
          [
            107.81152,
            33.88369
          ],
          [
            107.811374,
            33.88383
          ],
          [
            107.81134,
            33.883921
          ],
          [
            107.811215,
            33.884103
          ],
          [
            107.811144,
            33.884177
          ],
          [
            107.810986,
            33.884507
          ],
          [
            107.810904,
            33.884574
          ],
          [
            107.810795,
            33.884555
          ],
          [
            107.810748,
            33.884611
          ],
          [
            107.810697,
            33.88481
          ],
          [
            107.810644,
            33.884894
          ],
          [
            107.810799,
            33.88527
          ],
          [
            107.810802,
            33.885372
          ],
          [
            107.81075,
            33.885566
          ],
          [
            107.81066,
            33.885744
          ],
          [
            107.810687,
            33.88584
          ],
          [
            107.810759,
            33.885913
          ],
          [
            107.810867,
            33.886092
          ],
          [
            107.811051,
            33.886742
          ],
          [
            107.81105,
            33.886839
          ],
          [
            107.811219,
            33.887202
          ],
          [
            107.811383,
            33.88734
          ],
          [
            107.811487,
            33.887401
          ],
          [
            107.811594,
            33.887438
          ],
          [
            107.811723,
            33.887427
          ],
          [
            107.811852,
            33.887442
          ],
          [
            107.812059,
            33.887532
          ],
          [
            107.812378,
            33.88764
          ],
          [
            107.812826,
            33.887701
          ],
          [
            107.813141,
            33.887833
          ],
          [
            107.813257,
            33.88785
          ],
          [
            107.813471,
            33.887913
          ],
          [
            107.81368,
            33.887826
          ],
          [
            107.813806,
            33.887909
          ],
          [
            107.813787,
            33.887991
          ],
          [
            107.813792,
            33.88809
          ],
          [
            107.813835,
            33.888182
          ],
          [
            107.813853,
            33.888275
          ],
          [
            107.813843,
            33.888369
          ],
          [
            107.813797,
            33.88846
          ],
          [
            107.813658,
            33.888624
          ],
          [
            107.813601,
            33.88872
          ],
          [
            107.813604,
            33.888817
          ],
          [
            107.813653,
            33.889009
          ],
          [
            107.813622,
            33.889092
          ],
          [
            107.81363,
            33.889276
          ],
          [
            107.813563,
            33.889457
          ],
          [
            107.813474,
            33.889523
          ],
          [
            107.813365,
            33.889567
          ],
          [
            107.813022,
            33.889669
          ],
          [
            107.81295,
            33.889746
          ],
          [
            107.812841,
            33.889785
          ],
          [
            107.812748,
            33.889844
          ],
          [
            107.812672,
            33.889913
          ],
          [
            107.812657,
            33.89001
          ],
          [
            107.812598,
            33.89009
          ],
          [
            107.812173,
            33.890287
          ],
          [
            107.811721,
            33.890437
          ],
          [
            107.811626,
            33.890483
          ],
          [
            107.811352,
            33.890804
          ],
          [
            107.811262,
            33.890863
          ],
          [
            107.811157,
            33.890888
          ],
          [
            107.811057,
            33.890937
          ],
          [
            107.810962,
            33.890997
          ],
          [
            107.810822,
            33.89114
          ],
          [
            107.810324,
            33.891394
          ],
          [
            107.810221,
            33.891432
          ],
          [
            107.810119,
            33.891403
          ],
          [
            107.810013,
            33.891408
          ],
          [
            107.809912,
            33.891441
          ],
          [
            107.809798,
            33.891455
          ],
          [
            107.809569,
            33.891438
          ],
          [
            107.809348,
            33.891477
          ],
          [
            107.808974,
            33.891495
          ],
          [
            107.808238,
            33.891565
          ],
          [
            107.807885,
            33.89168
          ],
          [
            107.807768,
            33.891704
          ],
          [
            107.807658,
            33.891704
          ],
          [
            107.807335,
            33.891808
          ],
          [
            107.80711,
            33.891838
          ],
          [
            107.80702,
            33.891889
          ],
          [
            107.806937,
            33.891962
          ],
          [
            107.806717,
            33.89201
          ],
          [
            107.806637,
            33.892073
          ],
          [
            107.806573,
            33.892158
          ],
          [
            107.806473,
            33.89234
          ],
          [
            107.806303,
            33.892587
          ],
          [
            107.806306,
            33.892789
          ],
          [
            107.80634,
            33.892983
          ],
          [
            107.806223,
            33.893138
          ],
          [
            107.80625,
            33.89332
          ],
          [
            107.806316,
            33.893396
          ],
          [
            107.806265,
            33.893573
          ],
          [
            107.806179,
            33.89364
          ],
          [
            107.805948,
            33.893729
          ],
          [
            107.805819,
            33.893729
          ],
          [
            107.805603,
            33.893635
          ],
          [
            107.805369,
            33.893627
          ],
          [
            107.80528,
            33.893682
          ],
          [
            107.80525,
            33.893674
          ],
          [
            107.805187,
            33.893711
          ],
          [
            107.805036,
            33.893729
          ],
          [
            107.804918,
            33.893669
          ],
          [
            107.804873,
            33.893718
          ],
          [
            107.804777,
            33.89374
          ],
          [
            107.804606,
            33.893653
          ],
          [
            107.804549,
            33.893553
          ],
          [
            107.804428,
            33.89354
          ],
          [
            107.804334,
            33.893485
          ],
          [
            107.804084,
            33.893487
          ],
          [
            107.803971,
            33.893468
          ],
          [
            107.803671,
            33.893593
          ],
          [
            107.803547,
            33.893608
          ],
          [
            107.803441,
            33.893646
          ],
          [
            107.803428,
            33.893727
          ],
          [
            107.803477,
            33.893826
          ],
          [
            107.803454,
            33.894016
          ],
          [
            107.803342,
            33.894182
          ],
          [
            107.803264,
            33.894369
          ],
          [
            107.803094,
            33.894504
          ],
          [
            107.802991,
            33.894545
          ],
          [
            107.80278,
            33.894756
          ],
          [
            107.802474,
            33.894904
          ],
          [
            107.802281,
            33.895017
          ],
          [
            107.801867,
            33.895332
          ],
          [
            107.801586,
            33.895475
          ],
          [
            107.801371,
            33.895544
          ],
          [
            107.801326,
            33.895631
          ],
          [
            107.801329,
            33.895845
          ],
          [
            107.801254,
            33.895908
          ],
          [
            107.801153,
            33.895944
          ],
          [
            107.801066,
            33.896005
          ],
          [
            107.800846,
            33.896069
          ],
          [
            107.800764,
            33.896132
          ],
          [
            107.800639,
            33.896302
          ],
          [
            107.800551,
            33.896369
          ],
          [
            107.800434,
            33.896376
          ],
          [
            107.800313,
            33.896358
          ],
          [
            107.800111,
            33.896418
          ],
          [
            107.799772,
            33.896444
          ],
          [
            107.799651,
            33.896441
          ],
          [
            107.799552,
            33.896398
          ],
          [
            107.799456,
            33.896331
          ],
          [
            107.799352,
            33.896356
          ],
          [
            107.799294,
            33.896434
          ],
          [
            107.799366,
            33.896578
          ],
          [
            107.799474,
            33.896634
          ],
          [
            107.799532,
            33.896712
          ],
          [
            107.799522,
            33.896906
          ],
          [
            107.799707,
            33.897004
          ],
          [
            107.799777,
            33.897078
          ],
          [
            107.799816,
            33.897164
          ],
          [
            107.799714,
            33.89744
          ],
          [
            107.799644,
            33.897522
          ],
          [
            107.799613,
            33.897626
          ],
          [
            107.799569,
            33.897697
          ],
          [
            107.799514,
            33.897874
          ],
          [
            107.799601,
            33.898041
          ],
          [
            107.799529,
            33.89809
          ],
          [
            107.79948,
            33.898174
          ],
          [
            107.799525,
            33.898244
          ],
          [
            107.799694,
            33.898385
          ],
          [
            107.79972,
            33.898474
          ],
          [
            107.799778,
            33.898563
          ],
          [
            107.799803,
            33.898663
          ],
          [
            107.800083,
            33.898834
          ],
          [
            107.800142,
            33.898919
          ],
          [
            107.800166,
            33.899016
          ],
          [
            107.800227,
            33.899094
          ],
          [
            107.800416,
            33.899213
          ],
          [
            107.800529,
            33.899379
          ],
          [
            107.800697,
            33.899732
          ],
          [
            107.800782,
            33.899792
          ],
          [
            107.801001,
            33.89987
          ],
          [
            107.801079,
            33.899932
          ],
          [
            107.801095,
            33.900024
          ],
          [
            107.801163,
            33.900089
          ],
          [
            107.801209,
            33.900174
          ],
          [
            107.801134,
            33.900352
          ],
          [
            107.801052,
            33.900413
          ],
          [
            107.801049,
            33.900499
          ],
          [
            107.80112,
            33.900785
          ],
          [
            107.801107,
            33.900988
          ],
          [
            107.801062,
            33.90108
          ],
          [
            107.80112,
            33.901365
          ],
          [
            107.801166,
            33.901453
          ],
          [
            107.801178,
            33.901545
          ],
          [
            107.801164,
            33.901635
          ],
          [
            107.800974,
            33.901867
          ],
          [
            107.8008,
            33.90221
          ],
          [
            107.80071,
            33.902265
          ],
          [
            107.800596,
            33.902434
          ],
          [
            107.800577,
            33.902528
          ],
          [
            107.800503,
            33.902584
          ],
          [
            107.800449,
            33.902658
          ],
          [
            107.800458,
            33.902742
          ],
          [
            107.800494,
            33.902833
          ],
          [
            107.80049,
            33.902929
          ],
          [
            107.800442,
            33.903019
          ],
          [
            107.800225,
            33.903089
          ],
          [
            107.800057,
            33.903202
          ],
          [
            107.799951,
            33.90319
          ],
          [
            107.79985,
            33.903226
          ],
          [
            107.799763,
            33.903289
          ],
          [
            107.799726,
            33.903375
          ],
          [
            107.799642,
            33.903431
          ],
          [
            107.799539,
            33.903432
          ],
          [
            107.799541,
            33.903489
          ],
          [
            107.799511,
            33.903574
          ],
          [
            107.799437,
            33.90364
          ],
          [
            107.799357,
            33.90382
          ],
          [
            107.799162,
            33.903897
          ],
          [
            107.799083,
            33.903957
          ],
          [
            107.798975,
            33.903974
          ],
          [
            107.798814,
            33.904107
          ],
          [
            107.798707,
            33.904126
          ],
          [
            107.79863,
            33.904057
          ],
          [
            107.798529,
            33.90406
          ],
          [
            107.798417,
            33.904035
          ],
          [
            107.798303,
            33.904062
          ],
          [
            107.798191,
            33.90411
          ],
          [
            107.798116,
            33.904178
          ],
          [
            107.79802,
            33.90416
          ],
          [
            107.797867,
            33.904017
          ],
          [
            107.797675,
            33.903889
          ],
          [
            107.797612,
            33.903804
          ],
          [
            107.797419,
            33.903829
          ],
          [
            107.797418,
            33.903992
          ],
          [
            107.797386,
            33.90409
          ],
          [
            107.797301,
            33.904152
          ],
          [
            107.797295,
            33.904236
          ],
          [
            107.797246,
            33.904327
          ],
          [
            107.797265,
            33.904389
          ],
          [
            107.797059,
            33.904424
          ],
          [
            107.796971,
            33.904476
          ],
          [
            107.796734,
            33.904514
          ],
          [
            107.796641,
            33.904623
          ],
          [
            107.796606,
            33.904709
          ],
          [
            107.796533,
            33.904773
          ],
          [
            107.796545,
            33.904955
          ],
          [
            107.796417,
            33.905091
          ],
          [
            107.7962,
            33.905066
          ],
          [
            107.796084,
            33.905077
          ],
          [
            107.795969,
            33.905035
          ],
          [
            107.79576,
            33.905003
          ],
          [
            107.795705,
            33.905077
          ],
          [
            107.795651,
            33.905106
          ],
          [
            107.795561,
            33.905077
          ],
          [
            107.795526,
            33.905046
          ],
          [
            107.795436,
            33.905061
          ],
          [
            107.79537,
            33.90514
          ],
          [
            107.795344,
            33.905326
          ],
          [
            107.795236,
            33.905388
          ],
          [
            107.795478,
            33.905587
          ],
          [
            107.795485,
            33.905677
          ],
          [
            107.795572,
            33.905725
          ],
          [
            107.795682,
            33.905742
          ],
          [
            107.795819,
            33.90589
          ],
          [
            107.795906,
            33.905943
          ],
          [
            107.795796,
            33.905963
          ],
          [
            107.795824,
            33.905993
          ],
          [
            107.795797,
            33.906086
          ],
          [
            107.795717,
            33.906157
          ],
          [
            107.79567,
            33.906241
          ],
          [
            107.795556,
            33.906256
          ],
          [
            107.795459,
            33.906296
          ],
          [
            107.79538,
            33.906458
          ],
          [
            107.79518,
            33.906481
          ],
          [
            107.795129,
            33.906558
          ],
          [
            107.794911,
            33.906628
          ],
          [
            107.794894,
            33.906724
          ],
          [
            107.794786,
            33.906739
          ],
          [
            107.794697,
            33.906796
          ],
          [
            107.794626,
            33.906877
          ],
          [
            107.794597,
            33.907063
          ],
          [
            107.794634,
            33.907144
          ],
          [
            107.794646,
            33.907237
          ],
          [
            107.794588,
            33.907331
          ],
          [
            107.794983,
            33.907498
          ],
          [
            107.794968,
            33.907591
          ],
          [
            107.794882,
            33.907642
          ],
          [
            107.794744,
            33.907679
          ],
          [
            107.794719,
            33.907752
          ],
          [
            107.794806,
            33.90784
          ],
          [
            107.794911,
            33.907864
          ],
          [
            107.794939,
            33.907947
          ],
          [
            107.794965,
            33.908041
          ],
          [
            107.794964,
            33.908135
          ],
          [
            107.79502,
            33.908211
          ],
          [
            107.794934,
            33.90836
          ],
          [
            107.794997,
            33.90863
          ],
          [
            107.795111,
            33.908747
          ],
          [
            107.79521,
            33.90876
          ],
          [
            107.795292,
            33.908811
          ],
          [
            107.795359,
            33.908882
          ],
          [
            107.79544,
            33.909058
          ],
          [
            107.795702,
            33.909463
          ],
          [
            107.795714,
            33.90956
          ],
          [
            107.795687,
            33.909657
          ],
          [
            107.795685,
            33.909844
          ],
          [
            107.795728,
            33.910176
          ],
          [
            107.795798,
            33.910253
          ],
          [
            107.795864,
            33.910435
          ],
          [
            107.795966,
            33.910596
          ],
          [
            107.796036,
            33.910668
          ],
          [
            107.79606,
            33.910758
          ],
          [
            107.795961,
            33.910703
          ],
          [
            107.796032,
            33.910773
          ],
          [
            107.796092,
            33.910693
          ],
          [
            107.7961,
            33.910815
          ],
          [
            107.796134,
            33.910717
          ],
          [
            107.796111,
            33.910691
          ],
          [
            107.795999,
            33.910721
          ],
          [
            107.79591,
            33.910794
          ],
          [
            107.795502,
            33.911021
          ],
          [
            107.795333,
            33.911168
          ],
          [
            107.795033,
            33.911335
          ],
          [
            107.794888,
            33.911496
          ],
          [
            107.794759,
            33.911793
          ],
          [
            107.794694,
            33.911909
          ],
          [
            107.794637,
            33.911965
          ],
          [
            107.794566,
            33.912133
          ],
          [
            107.794433,
            33.912289
          ],
          [
            107.794325,
            33.91235
          ],
          [
            107.794155,
            33.912503
          ],
          [
            107.79409,
            33.912582
          ],
          [
            107.79405,
            33.912667
          ],
          [
            107.793369,
            33.913045
          ],
          [
            107.793263,
            33.913059
          ],
          [
            107.793061,
            33.913135
          ],
          [
            107.7927,
            33.913134
          ],
          [
            107.792473,
            33.913157
          ],
          [
            107.792271,
            33.913158
          ],
          [
            107.792125,
            33.913186
          ],
          [
            107.792076,
            33.913239
          ],
          [
            107.791891,
            33.913317
          ],
          [
            107.791804,
            33.913377
          ],
          [
            107.791594,
            33.913435
          ],
          [
            107.791495,
            33.913481
          ],
          [
            107.791427,
            33.913552
          ],
          [
            107.791429,
            33.913646
          ],
          [
            107.79129,
            33.913775
          ],
          [
            107.791066,
            33.913871
          ],
          [
            107.790983,
            33.91394
          ],
          [
            107.790792,
            33.91393
          ],
          [
            107.790699,
            33.913873
          ],
          [
            107.790594,
            33.913897
          ],
          [
            107.790504,
            33.913959
          ],
          [
            107.790399,
            33.913992
          ],
          [
            107.790331,
            33.913937
          ],
          [
            107.790234,
            33.913928
          ],
          [
            107.790115,
            33.913954
          ],
          [
            107.790007,
            33.913958
          ],
          [
            107.789902,
            33.913934
          ],
          [
            107.789671,
            33.913954
          ],
          [
            107.789548,
            33.913944
          ],
          [
            107.789436,
            33.913907
          ],
          [
            107.789352,
            33.913841
          ],
          [
            107.789247,
            33.913807
          ],
          [
            107.78913,
            33.913817
          ],
          [
            107.789032,
            33.913774
          ],
          [
            107.788954,
            33.913711
          ],
          [
            107.788893,
            33.913627
          ],
          [
            107.7888,
            33.913572
          ],
          [
            107.788629,
            33.91354
          ],
          [
            107.788571,
            33.913605
          ],
          [
            107.788539,
            33.913719
          ],
          [
            107.788469,
            33.913793
          ],
          [
            107.788495,
            33.913876
          ],
          [
            107.788325,
            33.913987
          ],
          [
            107.788195,
            33.914134
          ],
          [
            107.788009,
            33.914225
          ],
          [
            107.787891,
            33.914374
          ],
          [
            107.787882,
            33.914465
          ],
          [
            107.787778,
            33.914501
          ],
          [
            107.787455,
            33.914564
          ],
          [
            107.787304,
            33.914698
          ],
          [
            107.787207,
            33.914749
          ],
          [
            107.787138,
            33.914819
          ],
          [
            107.786917,
            33.914821
          ],
          [
            107.78681,
            33.914852
          ],
          [
            107.786277,
            33.914769
          ],
          [
            107.785928,
            33.914791
          ],
          [
            107.785826,
            33.914838
          ],
          [
            107.785791,
            33.914928
          ],
          [
            107.785713,
            33.914982
          ],
          [
            107.78561,
            33.915015
          ],
          [
            107.785599,
            33.915087
          ],
          [
            107.785557,
            33.915166
          ],
          [
            107.785485,
            33.915238
          ],
          [
            107.78538,
            33.915305
          ],
          [
            107.785275,
            33.915348
          ],
          [
            107.7851,
            33.915485
          ],
          [
            107.784827,
            33.915812
          ],
          [
            107.784658,
            33.915945
          ],
          [
            107.784591,
            33.916025
          ],
          [
            107.784303,
            33.916193
          ],
          [
            107.784218,
            33.916268
          ],
          [
            107.78412,
            33.91631
          ],
          [
            107.783892,
            33.916339
          ],
          [
            107.78379,
            33.916377
          ],
          [
            107.783454,
            33.91644
          ],
          [
            107.78335,
            33.916415
          ],
          [
            107.783243,
            33.916424
          ],
          [
            107.782949,
            33.916293
          ],
          [
            107.782742,
            33.91622
          ],
          [
            107.782631,
            33.916205
          ],
          [
            107.7824,
            33.916211
          ],
          [
            107.782168,
            33.91616
          ],
          [
            107.781854,
            33.916039
          ],
          [
            107.781734,
            33.916023
          ],
          [
            107.781525,
            33.915947
          ],
          [
            107.781276,
            33.915751
          ],
          [
            107.781173,
            33.91571
          ],
          [
            107.781065,
            33.915705
          ],
          [
            107.780954,
            33.915679
          ],
          [
            107.780647,
            33.915558
          ],
          [
            107.780529,
            33.915562
          ],
          [
            107.780193,
            33.915654
          ],
          [
            107.780043,
            33.915511
          ],
          [
            107.779928,
            33.915475
          ],
          [
            107.779901,
            33.915575
          ],
          [
            107.779919,
            33.915591
          ],
          [
            107.779893,
            33.915503
          ],
          [
            107.779926,
            33.915482
          ],
          [
            107.779864,
            33.915584
          ],
          [
            107.779895,
            33.915497
          ],
          [
            107.77999,
            33.915449
          ],
          [
            107.780056,
            33.91549
          ],
          [
            107.780102,
            33.915585
          ],
          [
            107.780192,
            33.915637
          ],
          [
            107.780106,
            33.915578
          ],
          [
            107.780051,
            33.915497
          ],
          [
            107.77992,
            33.915481
          ],
          [
            107.779907,
            33.915573
          ],
          [
            107.77996,
            33.915585
          ],
          [
            107.779915,
            33.915491
          ],
          [
            107.779822,
            33.915552
          ],
          [
            107.780049,
            33.91559
          ],
          [
            107.780031,
            33.915503
          ],
          [
            107.779921,
            33.915459
          ],
          [
            107.77989,
            33.915553
          ],
          [
            107.779918,
            33.915599
          ],
          [
            107.779934,
            33.915491
          ],
          [
            107.780053,
            33.915467
          ],
          [
            107.780057,
            33.915503
          ],
          [
            107.780116,
            33.915588
          ],
          [
            107.779933,
            33.915554
          ],
          [
            107.776121,
            33.926974
          ],
          [
            107.776122,
            33.92688
          ],
          [
            107.776129,
            33.926972
          ],
          [
            107.776103,
            33.927062
          ],
          [
            107.776182,
            33.927127
          ],
          [
            107.776387,
            33.92722
          ],
          [
            107.776497,
            33.927237
          ],
          [
            107.776912,
            33.927364
          ],
          [
            107.777008,
            33.927415
          ],
          [
            107.777088,
            33.927485
          ],
          [
            107.777186,
            33.92753
          ],
          [
            107.777674,
            33.92796
          ],
          [
            107.777771,
            33.928012
          ],
          [
            107.777849,
            33.928078
          ],
          [
            107.777967,
            33.928243
          ],
          [
            107.778001,
            33.928334
          ],
          [
            107.778253,
            33.928505
          ],
          [
            107.77838,
            33.928654
          ],
          [
            107.778424,
            33.928742
          ],
          [
            107.778441,
            33.928839
          ],
          [
            107.778422,
            33.929125
          ],
          [
            107.778454,
            33.929325
          ],
          [
            107.778433,
            33.929519
          ],
          [
            107.778452,
            33.929612
          ],
          [
            107.77852,
            33.929682
          ],
          [
            107.778554,
            33.92977
          ],
          [
            107.778503,
            33.93008
          ],
          [
            107.778576,
            33.930487
          ],
          [
            107.778534,
            33.930583
          ],
          [
            107.778598,
            33.930855
          ],
          [
            107.778594,
            33.931144
          ],
          [
            107.778576,
            33.931245
          ],
          [
            107.778602,
            33.93144
          ],
          [
            107.778433,
            33.931739
          ],
          [
            107.778343,
            33.932004
          ],
          [
            107.778295,
            33.932089
          ],
          [
            107.778093,
            33.93232
          ],
          [
            107.777951,
            33.932694
          ],
          [
            107.777953,
            33.932887
          ],
          [
            107.777918,
            33.933076
          ],
          [
            107.778057,
            33.933352
          ],
          [
            107.77808,
            33.933445
          ],
          [
            107.778068,
            33.933536
          ],
          [
            107.778036,
            33.933586
          ],
          [
            107.778002,
            33.93385
          ],
          [
            107.777883,
            33.934016
          ],
          [
            107.777796,
            33.934301
          ],
          [
            107.777738,
            33.934386
          ],
          [
            107.77746,
            33.934583
          ],
          [
            107.77738,
            33.934658
          ],
          [
            107.777266,
            33.934822
          ],
          [
            107.77728,
            33.935006
          ],
          [
            107.77722,
            33.935082
          ],
          [
            107.777134,
            33.935264
          ],
          [
            107.777019,
            33.93543
          ],
          [
            107.776928,
            33.935601
          ],
          [
            107.776731,
            33.935835
          ],
          [
            107.776256,
            33.936131
          ],
          [
            107.776187,
            33.936202
          ],
          [
            107.776089,
            33.936371
          ],
          [
            107.775855,
            33.936613
          ],
          [
            107.775617,
            33.937049
          ],
          [
            107.775536,
            33.937128
          ],
          [
            107.775439,
            33.937192
          ],
          [
            107.775209,
            33.937244
          ],
          [
            107.774953,
            33.937434
          ],
          [
            107.774793,
            33.937581
          ],
          [
            107.774617,
            33.937691
          ],
          [
            107.774544,
            33.937766
          ],
          [
            107.774365,
            33.938007
          ],
          [
            107.774203,
            33.938285
          ],
          [
            107.774142,
            33.938459
          ],
          [
            107.774094,
            33.938542
          ],
          [
            107.774073,
            33.93873
          ],
          [
            107.774028,
            33.938812
          ],
          [
            107.77396,
            33.938882
          ],
          [
            107.773879,
            33.93895
          ],
          [
            107.773668,
            33.939046
          ],
          [
            107.773483,
            33.939167
          ],
          [
            107.773258,
            33.939369
          ],
          [
            107.773221,
            33.939458
          ],
          [
            107.773105,
            33.939477
          ],
          [
            107.77285,
            33.939662
          ],
          [
            107.772523,
            33.939785
          ],
          [
            107.77219,
            33.940041
          ],
          [
            107.772126,
            33.940119
          ],
          [
            107.772058,
            33.940301
          ],
          [
            107.771981,
            33.940367
          ],
          [
            107.771929,
            33.940446
          ],
          [
            107.771659,
            33.940633
          ],
          [
            107.771172,
            33.940881
          ],
          [
            107.77109,
            33.940946
          ],
          [
            107.771036,
            33.941037
          ],
          [
            107.770898,
            33.941161
          ],
          [
            107.770841,
            33.94124
          ],
          [
            107.770779,
            33.941423
          ],
          [
            107.770714,
            33.941494
          ],
          [
            107.770622,
            33.941551
          ],
          [
            107.770576,
            33.941638
          ],
          [
            107.770466,
            33.94173
          ],
          [
            107.770344,
            33.941885
          ],
          [
            107.770253,
            33.941944
          ],
          [
            107.770145,
            33.941966
          ],
          [
            107.76994,
            33.942044
          ],
          [
            107.76978,
            33.942175
          ],
          [
            107.769683,
            33.942228
          ],
          [
            107.76937,
            33.94233
          ],
          [
            107.769154,
            33.942376
          ],
          [
            107.768908,
            33.942568
          ],
          [
            107.768543,
            33.94279
          ],
          [
            107.768518,
            33.942875
          ],
          [
            107.768551,
            33.942967
          ],
          [
            107.768522,
            33.94305
          ],
          [
            107.768437,
            33.943103
          ],
          [
            107.76811,
            33.94325
          ],
          [
            107.768006,
            33.943415
          ],
          [
            107.767978,
            33.943509
          ],
          [
            107.767989,
            33.943607
          ],
          [
            107.767973,
            33.943698
          ],
          [
            107.767999,
            33.94388
          ],
          [
            107.768075,
            33.94406
          ],
          [
            107.767978,
            33.944069
          ],
          [
            107.768124,
            33.944216
          ],
          [
            107.768176,
            33.944397
          ],
          [
            107.76835,
            33.944639
          ],
          [
            107.768636,
            33.944933
          ],
          [
            107.768795,
            33.945067
          ],
          [
            107.769127,
            33.94557
          ],
          [
            107.769198,
            33.945649
          ],
          [
            107.76918,
            33.945732
          ],
          [
            107.769231,
            33.945794
          ],
          [
            107.769173,
            33.94589
          ],
          [
            107.769118,
            33.946071
          ],
          [
            107.769073,
            33.946157
          ],
          [
            107.768937,
            33.946315
          ],
          [
            107.768971,
            33.946503
          ],
          [
            107.768901,
            33.94658
          ],
          [
            107.769055,
            33.946711
          ],
          [
            107.769099,
            33.946793
          ],
          [
            107.769239,
            33.946934
          ],
          [
            107.769349,
            33.946959
          ],
          [
            107.769501,
            33.94709
          ],
          [
            107.769556,
            33.947171
          ],
          [
            107.769527,
            33.947253
          ],
          [
            107.769293,
            33.947353
          ],
          [
            107.768965,
            33.947441
          ],
          [
            107.76869,
            33.947602
          ],
          [
            107.768629,
            33.947677
          ],
          [
            107.768548,
            33.947737
          ],
          [
            107.768445,
            33.947775
          ],
          [
            107.768421,
            33.947851
          ],
          [
            107.768467,
            33.948044
          ],
          [
            107.768355,
            33.948188
          ],
          [
            107.768422,
            33.948107
          ],
          [
            107.768308,
            33.948127
          ],
          [
            107.767948,
            33.948061
          ],
          [
            107.767491,
            33.947942
          ],
          [
            107.767279,
            33.948012
          ],
          [
            107.767064,
            33.948055
          ],
          [
            107.766969,
            33.948103
          ],
          [
            107.766777,
            33.94797
          ],
          [
            107.76667,
            33.947964
          ],
          [
            107.766558,
            33.947984
          ],
          [
            107.766447,
            33.947965
          ],
          [
            107.766212,
            33.947969
          ],
          [
            107.766098,
            33.947991
          ],
          [
            107.765905,
            33.948089
          ],
          [
            107.765846,
            33.948163
          ],
          [
            107.765798,
            33.948441
          ],
          [
            107.765724,
            33.948524
          ],
          [
            107.765617,
            33.948547
          ],
          [
            107.765438,
            33.94849
          ],
          [
            107.765262,
            33.948559
          ],
          [
            107.765178,
            33.94862
          ],
          [
            107.765077,
            33.948894
          ],
          [
            107.765091,
            33.948988
          ],
          [
            107.765042,
            33.949171
          ],
          [
            107.764993,
            33.949251
          ],
          [
            107.764806,
            33.949346
          ],
          [
            107.764728,
            33.94942
          ],
          [
            107.764635,
            33.94947
          ],
          [
            107.764523,
            33.949495
          ],
          [
            107.76443,
            33.949542
          ],
          [
            107.764179,
            33.949733
          ],
          [
            107.764122,
            33.949811
          ],
          [
            107.76403,
            33.949871
          ],
          [
            107.763916,
            33.949869
          ],
          [
            107.763542,
            33.950063
          ],
          [
            107.763466,
            33.95013
          ],
          [
            107.763349,
            33.950296
          ],
          [
            107.763289,
            33.950477
          ],
          [
            107.763229,
            33.950557
          ],
          [
            107.763193,
            33.950648
          ],
          [
            107.762995,
            33.950862
          ],
          [
            107.762964,
            33.950944
          ],
          [
            107.762829,
            33.951092
          ],
          [
            107.762727,
            33.951117
          ],
          [
            107.762591,
            33.95125
          ],
          [
            107.762551,
            33.951429
          ],
          [
            107.762592,
            33.951606
          ],
          [
            107.762534,
            33.951781
          ],
          [
            107.762528,
            33.951968
          ],
          [
            107.76256,
            33.952056
          ],
          [
            107.762543,
            33.952147
          ],
          [
            107.76245,
            33.952322
          ],
          [
            107.762388,
            33.952356
          ],
          [
            107.762287,
            33.952371
          ],
          [
            107.762491,
            33.952562
          ],
          [
            107.762592,
            33.952595
          ],
          [
            107.762682,
            33.952656
          ],
          [
            107.7629,
            33.952889
          ],
          [
            107.762982,
            33.952952
          ],
          [
            107.763093,
            33.952989
          ],
          [
            107.763424,
            33.953021
          ],
          [
            107.763457,
            33.953093
          ],
          [
            107.763465,
            33.95329
          ],
          [
            107.763489,
            33.953385
          ],
          [
            107.763585,
            33.953435
          ],
          [
            107.76383,
            33.953732
          ],
          [
            107.763924,
            33.953773
          ],
          [
            107.763989,
            33.953843
          ],
          [
            107.764078,
            33.953902
          ],
          [
            107.764137,
            33.953982
          ],
          [
            107.76415,
            33.954073
          ],
          [
            107.764189,
            33.954156
          ],
          [
            107.76419,
            33.954247
          ],
          [
            107.764252,
            33.954326
          ],
          [
            107.764211,
            33.954404
          ],
          [
            107.764213,
            33.954495
          ],
          [
            107.764105,
            33.954768
          ],
          [
            107.764091,
            33.954953
          ],
          [
            107.764128,
            33.955048
          ],
          [
            107.764336,
            33.955096
          ],
          [
            107.764581,
            33.955077
          ],
          [
            107.764815,
            33.955031
          ],
          [
            107.764588,
            33.955037
          ],
          [
            107.764477,
            33.955073
          ],
          [
            107.764121,
            33.955079
          ],
          [
            107.763884,
            33.955109
          ],
          [
            107.763407,
            33.955034
          ],
          [
            107.763258,
            33.955153
          ],
          [
            107.763151,
            33.955194
          ],
          [
            107.763037,
            33.95519
          ],
          [
            107.762939,
            33.955222
          ],
          [
            107.762862,
            33.955287
          ],
          [
            107.762654,
            33.95525
          ],
          [
            107.762434,
            33.955323
          ],
          [
            107.762098,
            33.955392
          ],
          [
            107.762001,
            33.955441
          ],
          [
            107.761787,
            33.955466
          ],
          [
            107.761687,
            33.955521
          ],
          [
            107.761579,
            33.955523
          ],
          [
            107.761473,
            33.955496
          ],
          [
            107.761285,
            33.955398
          ],
          [
            107.761172,
            33.955379
          ],
          [
            107.761068,
            33.955407
          ],
          [
            107.760986,
            33.95547
          ],
          [
            107.760774,
            33.955528
          ],
          [
            107.760679,
            33.955584
          ],
          [
            107.760572,
            33.955711
          ],
          [
            107.760402,
            33.955829
          ],
          [
            107.760192,
            33.955887
          ],
          [
            107.760007,
            33.95599
          ],
          [
            107.759932,
            33.956061
          ],
          [
            107.759729,
            33.95614
          ],
          [
            107.759616,
            33.956165
          ],
          [
            107.759524,
            33.956225
          ],
          [
            107.7595,
            33.956312
          ],
          [
            107.759552,
            33.956393
          ],
          [
            107.759781,
            33.956637
          ],
          [
            107.759856,
            33.956898
          ],
          [
            107.759932,
            33.957073
          ],
          [
            107.75999,
            33.957158
          ],
          [
            107.760093,
            33.957199
          ],
          [
            107.760177,
            33.957362
          ],
          [
            107.760242,
            33.957439
          ],
          [
            107.760329,
            33.957506
          ],
          [
            107.760359,
            33.957588
          ],
          [
            107.760466,
            33.957584
          ],
          [
            107.760476,
            33.957678
          ],
          [
            107.760431,
            33.957761
          ],
          [
            107.760352,
            33.957824
          ],
          [
            107.760401,
            33.957809
          ],
          [
            107.760423,
            33.957683
          ],
          [
            107.760304,
            33.957736
          ],
          [
            107.760202,
            33.957686
          ],
          [
            107.760061,
            33.957659
          ],
          [
            107.759946,
            33.957616
          ],
          [
            107.759832,
            33.957633
          ],
          [
            107.759731,
            33.957671
          ],
          [
            107.759751,
            33.957728
          ],
          [
            107.759705,
            33.957682
          ],
          [
            107.759694,
            33.957713
          ],
          [
            107.759994,
            33.957597
          ],
          [
            107.760126,
            33.957464
          ],
          [
            107.760077,
            33.957512
          ],
          [
            107.760123,
            33.957588
          ],
          [
            107.760215,
            33.957651
          ],
          [
            107.760359,
            33.957668
          ],
          [
            107.760278,
            33.957731
          ],
          [
            107.760235,
            33.957636
          ],
          [
            107.760132,
            33.95756
          ],
          [
            107.76002,
            33.957545
          ],
          [
            107.759807,
            33.957643
          ],
          [
            107.759768,
            33.957701
          ],
          [
            107.759949,
            33.957622
          ],
          [
            107.760079,
            33.95762
          ],
          [
            107.760196,
            33.957649
          ],
          [
            107.760338,
            33.957711
          ],
          [
            107.760209,
            33.957684
          ],
          [
            107.760138,
            33.957614
          ],
          [
            107.760222,
            33.957647
          ],
          [
            107.760154,
            33.957668
          ],
          [
            107.759998,
            33.957648
          ],
          [
            107.759883,
            33.957656
          ],
          [
            107.759763,
            33.957679
          ],
          [
            107.759743,
            33.957723
          ],
          [
            107.759849,
            33.957655
          ],
          [
            107.759964,
            33.957617
          ],
          [
            107.760088,
            33.957604
          ],
          [
            107.760196,
            33.957627
          ],
          [
            107.760296,
            33.957674
          ],
          [
            107.760356,
            33.95768
          ],
          [
            107.760307,
            33.957728
          ],
          [
            107.760206,
            33.957657
          ],
          [
            107.760295,
            33.957719
          ],
          [
            107.760408,
            33.957738
          ],
          [
            107.760475,
            33.957732
          ],
          [
            107.760562,
            33.957804
          ],
          [
            107.760912,
            33.957794
          ],
          [
            107.761134,
            33.95777
          ],
          [
            107.761249,
            33.95778
          ],
          [
            107.761586,
            33.95784
          ],
          [
            107.761693,
            33.957883
          ],
          [
            107.76192,
            33.957927
          ],
          [
            107.762033,
            33.957918
          ],
          [
            107.762146,
            33.957931
          ],
          [
            107.762255,
            33.957956
          ],
          [
            107.762353,
            33.958005
          ],
          [
            107.762702,
            33.958056
          ],
          [
            107.762813,
            33.958095
          ],
          [
            107.762915,
            33.958156
          ],
          [
            107.762995,
            33.958228
          ],
          [
            107.76309,
            33.958276
          ],
          [
            107.76319,
            33.958254
          ],
          [
            107.763224,
            33.958311
          ],
          [
            107.763377,
            33.958451
          ],
          [
            107.763581,
            33.958567
          ],
          [
            107.763754,
            33.958709
          ],
          [
            107.763887,
            33.958862
          ],
          [
            107.764072,
            33.958983
          ],
          [
            107.764157,
            33.959079
          ],
          [
            107.764238,
            33.959139
          ],
          [
            107.764425,
            33.95925
          ],
          [
            107.764499,
            33.959323
          ],
          [
            107.764609,
            33.959592
          ],
          [
            107.764667,
            33.959673
          ],
          [
            107.764748,
            33.959735
          ],
          [
            107.764961,
            33.959791
          ],
          [
            107.765157,
            33.959887
          ],
          [
            107.765304,
            33.960031
          ],
          [
            107.765237,
            33.960043
          ],
          [
            107.765177,
            33.960113
          ],
          [
            107.765194,
            33.960196
          ],
          [
            107.765272,
            33.96027
          ],
          [
            107.765576,
            33.960436
          ],
          [
            107.765655,
            33.960511
          ],
          [
            107.765746,
            33.960658
          ],
          [
            107.765897,
            33.960769
          ],
          [
            107.765995,
            33.960807
          ],
          [
            107.766274,
            33.960964
          ],
          [
            107.76648,
            33.961035
          ],
          [
            107.76667,
            33.961164
          ],
          [
            107.766777,
            33.961166
          ],
          [
            107.766842,
            33.961227
          ],
          [
            107.766936,
            33.961401
          ],
          [
            107.767111,
            33.961531
          ],
          [
            107.767165,
            33.961612
          ],
          [
            107.76732,
            33.961746
          ],
          [
            107.767487,
            33.961879
          ],
          [
            107.767806,
            33.962022
          ],
          [
            107.767964,
            33.962161
          ],
          [
            107.768027,
            33.962237
          ],
          [
            107.768075,
            33.962327
          ],
          [
            107.768094,
            33.962427
          ],
          [
            107.768145,
            33.962514
          ],
          [
            107.768216,
            33.962582
          ],
          [
            107.768246,
            33.962666
          ],
          [
            107.7684,
            33.962787
          ],
          [
            107.768434,
            33.962881
          ],
          [
            107.76854,
            33.963048
          ],
          [
            107.768571,
            33.963142
          ],
          [
            107.768635,
            33.963215
          ],
          [
            107.768816,
            33.963328
          ],
          [
            107.768832,
            33.963417
          ],
          [
            107.768797,
            33.963521
          ],
          [
            107.768862,
            33.963699
          ],
          [
            107.769079,
            33.964033
          ],
          [
            107.769132,
            33.964315
          ],
          [
            107.769118,
            33.964408
          ],
          [
            107.769161,
            33.964488
          ],
          [
            107.769341,
            33.964613
          ],
          [
            107.769501,
            33.964863
          ],
          [
            107.769644,
            33.965006
          ],
          [
            107.769851,
            33.965105
          ],
          [
            107.76991,
            33.965177
          ],
          [
            107.769942,
            33.965266
          ],
          [
            107.769939,
            33.965366
          ],
          [
            107.769993,
            33.965749
          ],
          [
            107.770137,
            33.965998
          ],
          [
            107.770214,
            33.966073
          ],
          [
            107.770314,
            33.966113
          ],
          [
            107.770504,
            33.966349
          ],
          [
            107.770584,
            33.96642
          ],
          [
            107.770625,
            33.966504
          ],
          [
            107.770603,
            33.966598
          ],
          [
            107.770751,
            33.966746
          ],
          [
            107.77077,
            33.966837
          ],
          [
            107.770839,
            33.966913
          ],
          [
            107.771094,
            33.967126
          ],
          [
            107.771484,
            33.967349
          ],
          [
            107.771597,
            33.967503
          ],
          [
            107.771678,
            33.967682
          ],
          [
            107.772004,
            33.968095
          ],
          [
            107.772262,
            33.968314
          ],
          [
            107.772311,
            33.968407
          ],
          [
            107.772393,
            33.968477
          ],
          [
            107.772497,
            33.968526
          ],
          [
            107.772613,
            33.96855
          ],
          [
            107.772688,
            33.968616
          ],
          [
            107.772809,
            33.968779
          ],
          [
            107.773082,
            33.969315
          ],
          [
            107.773105,
            33.969405
          ],
          [
            107.773091,
            33.969494
          ],
          [
            107.77302,
            33.969676
          ],
          [
            107.77302,
            33.969768
          ],
          [
            107.773052,
            33.969859
          ],
          [
            107.773069,
            33.970053
          ],
          [
            107.773138,
            33.970239
          ],
          [
            107.773131,
            33.970632
          ],
          [
            107.77328,
            33.970987
          ],
          [
            107.773299,
            33.971265
          ],
          [
            107.773334,
            33.971351
          ],
          [
            107.773403,
            33.971423
          ],
          [
            107.773506,
            33.971583
          ],
          [
            107.773598,
            33.971584
          ],
          [
            107.773618,
            33.971646
          ],
          [
            107.773604,
            33.971828
          ],
          [
            107.773517,
            33.972115
          ],
          [
            107.773495,
            33.972331
          ],
          [
            107.773434,
            33.972322
          ],
          [
            107.773482,
            33.972398
          ],
          [
            107.773427,
            33.972479
          ],
          [
            107.773239,
            33.972654
          ],
          [
            107.773114,
            33.972815
          ],
          [
            107.773033,
            33.972889
          ],
          [
            107.772969,
            33.973187
          ],
          [
            107.772759,
            33.973526
          ],
          [
            107.772677,
            33.973589
          ],
          [
            107.77262,
            33.973666
          ],
          [
            107.772604,
            33.973755
          ],
          [
            107.772603,
            33.974041
          ],
          [
            107.772622,
            33.974131
          ],
          [
            107.772666,
            33.974226
          ],
          [
            107.772848,
            33.974464
          ],
          [
            107.772936,
            33.974749
          ],
          [
            107.772993,
            33.974836
          ],
          [
            107.773022,
            33.974928
          ],
          [
            107.772981,
            33.975087
          ],
          [
            107.772965,
            33.975362
          ],
          [
            107.772933,
            33.975449
          ],
          [
            107.772936,
            33.975638
          ],
          [
            107.773048,
            33.975675
          ],
          [
            107.773017,
            33.975765
          ],
          [
            107.772919,
            33.975764
          ],
          [
            107.772947,
            33.97582
          ],
          [
            107.773159,
            33.97603
          ],
          [
            107.773205,
            33.97611
          ],
          [
            107.773343,
            33.976258
          ],
          [
            107.77336,
            33.976352
          ],
          [
            107.773333,
            33.976444
          ],
          [
            107.773151,
            33.976556
          ],
          [
            107.773066,
            33.97672
          ],
          [
            107.773001,
            33.976805
          ],
          [
            107.772974,
            33.976904
          ],
          [
            107.77305,
            33.977201
          ],
          [
            107.773098,
            33.977292
          ],
          [
            107.773102,
            33.977387
          ],
          [
            107.77315,
            33.977466
          ],
          [
            107.773289,
            33.977611
          ],
          [
            107.773291,
            33.977701
          ],
          [
            107.77325,
            33.977895
          ],
          [
            107.773284,
            33.977992
          ],
          [
            107.773251,
            33.97813
          ],
          [
            107.773118,
            33.978269
          ],
          [
            107.773035,
            33.978455
          ],
          [
            107.77271,
            33.978548
          ],
          [
            107.772588,
            33.978568
          ],
          [
            107.772487,
            33.978525
          ],
          [
            107.772362,
            33.978533
          ],
          [
            107.772294,
            33.978695
          ],
          [
            107.772204,
            33.978749
          ],
          [
            107.772122,
            33.978772
          ],
          [
            107.772057,
            33.978671
          ],
          [
            107.77196,
            33.978604
          ],
          [
            107.771736,
            33.978523
          ],
          [
            107.771507,
            33.978557
          ],
          [
            107.771221,
            33.978554
          ],
          [
            107.770781,
            33.978451
          ],
          [
            107.770663,
            33.978448
          ],
          [
            107.77055,
            33.978474
          ],
          [
            107.770356,
            33.978582
          ],
          [
            107.770243,
            33.978613
          ],
          [
            107.769773,
            33.97856
          ],
          [
            107.76953,
            33.978588
          ],
          [
            107.769428,
            33.978647
          ],
          [
            107.769381,
            33.978738
          ],
          [
            107.769307,
            33.978926
          ],
          [
            107.769295,
            33.979118
          ],
          [
            107.769269,
            33.979207
          ],
          [
            107.769199,
            33.979273
          ],
          [
            107.769135,
            33.979306
          ],
          [
            107.769076,
            33.979373
          ],
          [
            107.76905,
            33.979462
          ],
          [
            107.768985,
            33.979534
          ],
          [
            107.76889,
            33.979593
          ],
          [
            107.768578,
            33.979882
          ],
          [
            107.768229,
            33.980138
          ],
          [
            107.768075,
            33.980289
          ],
          [
            107.768025,
            33.98037
          ],
          [
            107.767837,
            33.980484
          ],
          [
            107.767725,
            33.980515
          ],
          [
            107.767607,
            33.980499
          ],
          [
            107.767496,
            33.98052
          ],
          [
            107.767318,
            33.980629
          ],
          [
            107.767269,
            33.980684
          ],
          [
            107.767091,
            33.98076
          ],
          [
            107.766999,
            33.980815
          ],
          [
            107.766927,
            33.980885
          ],
          [
            107.766731,
            33.980979
          ],
          [
            107.766554,
            33.981091
          ],
          [
            107.766419,
            33.981209
          ],
          [
            107.766212,
            33.981226
          ],
          [
            107.765962,
            33.98122
          ],
          [
            107.765716,
            33.981301
          ],
          [
            107.765521,
            33.981425
          ],
          [
            107.765188,
            33.981685
          ],
          [
            107.764998,
            33.981752
          ],
          [
            107.76477,
            33.981797
          ],
          [
            107.76454,
            33.981825
          ],
          [
            107.764419,
            33.981816
          ],
          [
            107.764205,
            33.981739
          ],
          [
            107.764105,
            33.981758
          ],
          [
            107.76401,
            33.981819
          ],
          [
            107.763865,
            33.981877
          ],
          [
            107.763753,
            33.981822
          ],
          [
            107.763565,
            33.981853
          ],
          [
            107.763204,
            33.981859
          ],
          [
            107.762986,
            33.981898
          ],
          [
            107.762881,
            33.981886
          ],
          [
            107.762776,
            33.981849
          ],
          [
            107.762666,
            33.981852
          ],
          [
            107.76236,
            33.981967
          ],
          [
            107.762285,
            33.982029
          ],
          [
            107.762255,
            33.982118
          ],
          [
            107.762274,
            33.982507
          ],
          [
            107.762183,
            33.982675
          ],
          [
            107.761891,
            33.982838
          ],
          [
            107.761887,
            33.982871
          ],
          [
            107.761814,
            33.982913
          ],
          [
            107.761469,
            33.983012
          ],
          [
            107.761356,
            33.983025
          ],
          [
            107.761163,
            33.983002
          ],
          [
            107.761097,
            33.983066
          ],
          [
            107.761137,
            33.983342
          ],
          [
            107.761034,
            33.983499
          ],
          [
            107.760981,
            33.98363
          ],
          [
            107.760986,
            33.983704
          ],
          [
            107.760919,
            33.983763
          ],
          [
            107.760932,
            33.983942
          ],
          [
            107.760911,
            33.984049
          ],
          [
            107.760828,
            33.984173
          ],
          [
            107.760698,
            33.984291
          ],
          [
            107.760605,
            33.98434
          ],
          [
            107.760521,
            33.98441
          ],
          [
            107.760411,
            33.984456
          ],
          [
            107.760235,
            33.984701
          ],
          [
            107.760163,
            33.984836
          ],
          [
            107.760049,
            33.984883
          ],
          [
            107.759823,
            33.984835
          ],
          [
            107.759595,
            33.984842
          ],
          [
            107.759491,
            33.984815
          ],
          [
            107.759268,
            33.984661
          ],
          [
            107.758833,
            33.984589
          ],
          [
            107.758605,
            33.98462
          ],
          [
            107.758217,
            33.984707
          ],
          [
            107.758028,
            33.984822
          ],
          [
            107.757814,
            33.985042
          ],
          [
            107.75762,
            33.985131
          ],
          [
            107.757513,
            33.985152
          ],
          [
            107.757347,
            33.98526
          ],
          [
            107.757243,
            33.985299
          ],
          [
            107.757125,
            33.985312
          ],
          [
            107.757009,
            33.985361
          ],
          [
            107.756798,
            33.985399
          ],
          [
            107.75668,
            33.985397
          ],
          [
            107.756372,
            33.985206
          ],
          [
            107.756287,
            33.985126
          ],
          [
            107.756168,
            33.984948
          ],
          [
            107.755893,
            33.984774
          ],
          [
            107.755785,
            33.984736
          ],
          [
            107.755687,
            33.984774
          ],
          [
            107.755586,
            33.984904
          ],
          [
            107.755499,
            33.984941
          ],
          [
            107.755366,
            33.985085
          ],
          [
            107.755111,
            33.985267
          ],
          [
            107.75508,
            33.985307
          ],
          [
            107.754991,
            33.985334
          ],
          [
            107.754888,
            33.985435
          ],
          [
            107.754791,
            33.98547
          ],
          [
            107.754677,
            33.985479
          ],
          [
            107.75457,
            33.985511
          ],
          [
            107.754527,
            33.985597
          ],
          [
            107.75444,
            33.985535
          ],
          [
            107.754428,
            33.985436
          ],
          [
            107.754315,
            33.985434
          ],
          [
            107.754036,
            33.985674
          ],
          [
            107.753847,
            33.985782
          ],
          [
            107.753634,
            33.985851
          ],
          [
            107.753547,
            33.985906
          ],
          [
            107.753656,
            33.985898
          ],
          [
            107.753318,
            33.98592
          ],
          [
            107.753207,
            33.985895
          ],
          [
            107.752966,
            33.985873
          ],
          [
            107.752708,
            33.98588
          ],
          [
            107.752318,
            33.98606
          ],
          [
            107.752081,
            33.986138
          ],
          [
            107.751964,
            33.986159
          ],
          [
            107.751596,
            33.986146
          ],
          [
            107.751381,
            33.986224
          ],
          [
            107.751176,
            33.986326
          ],
          [
            107.751059,
            33.98635
          ],
          [
            107.750826,
            33.986359
          ],
          [
            107.750507,
            33.986469
          ],
          [
            107.750319,
            33.986582
          ],
          [
            107.749918,
            33.986947
          ],
          [
            107.749811,
            33.986976
          ],
          [
            107.749619,
            33.987068
          ],
          [
            107.749574,
            33.987139
          ],
          [
            107.749527,
            33.987166
          ],
          [
            107.749317,
            33.987225
          ],
          [
            107.749233,
            33.987292
          ],
          [
            107.749047,
            33.987394
          ],
          [
            107.748721,
            33.987496
          ],
          [
            107.748615,
            33.987564
          ],
          [
            107.748539,
            33.987578
          ],
          [
            107.748472,
            33.987637
          ],
          [
            107.748373,
            33.987688
          ],
          [
            107.748147,
            33.987754
          ],
          [
            107.748034,
            33.987745
          ],
          [
            107.747794,
            33.987662
          ],
          [
            107.747675,
            33.987661
          ],
          [
            107.747464,
            33.987719
          ],
          [
            107.747364,
            33.987763
          ],
          [
            107.747072,
            33.987788
          ],
          [
            107.746962,
            33.987766
          ],
          [
            107.746862,
            33.987801
          ],
          [
            107.746515,
            33.987825
          ],
          [
            107.74627,
            33.98778
          ],
          [
            107.745931,
            33.987759
          ],
          [
            107.745572,
            33.98782
          ],
          [
            107.745376,
            33.987901
          ],
          [
            107.745148,
            33.987955
          ],
          [
            107.74502,
            33.987963
          ],
          [
            107.744576,
            33.988076
          ],
          [
            107.74414,
            33.988225
          ],
          [
            107.743765,
            33.988449
          ],
          [
            107.743659,
            33.988466
          ],
          [
            107.743623,
            33.988539
          ],
          [
            107.743611,
            33.988632
          ],
          [
            107.743549,
            33.988715
          ],
          [
            107.743306,
            33.988934
          ],
          [
            107.743216,
            33.989106
          ],
          [
            107.742994,
            33.989357
          ],
          [
            107.742778,
            33.989706
          ],
          [
            107.742645,
            33.989851
          ],
          [
            107.74249,
            33.989981
          ],
          [
            107.742131,
            33.990076
          ],
          [
            107.741937,
            33.990175
          ],
          [
            107.741578,
            33.990201
          ],
          [
            107.741465,
            33.990192
          ],
          [
            107.741355,
            33.990215
          ],
          [
            107.741232,
            33.99032
          ],
          [
            107.741044,
            33.990379
          ],
          [
            107.740949,
            33.990429
          ],
          [
            107.740841,
            33.990593
          ],
          [
            107.740732,
            33.990632
          ],
          [
            107.740447,
            33.990462
          ],
          [
            107.740339,
            33.990463
          ],
          [
            107.74023,
            33.990443
          ],
          [
            107.740129,
            33.990472
          ],
          [
            107.740034,
            33.990544
          ],
          [
            107.739909,
            33.990564
          ],
          [
            107.739689,
            33.990527
          ],
          [
            107.739469,
            33.990566
          ],
          [
            107.739057,
            33.990769
          ],
          [
            107.738974,
            33.990831
          ],
          [
            107.738913,
            33.990913
          ],
          [
            107.738753,
            33.991063
          ],
          [
            107.738705,
            33.991154
          ],
          [
            107.738684,
            33.991248
          ],
          [
            107.738698,
            33.991404
          ],
          [
            107.738621,
            33.991478
          ],
          [
            107.73853,
            33.991503
          ],
          [
            107.73841,
            33.991462
          ],
          [
            107.738343,
            33.991513
          ],
          [
            107.738245,
            33.991551
          ],
          [
            107.738134,
            33.991564
          ],
          [
            107.738021,
            33.991543
          ],
          [
            107.73763,
            33.99175
          ],
          [
            107.737512,
            33.991772
          ],
          [
            107.737235,
            33.991931
          ],
          [
            107.737147,
            33.991993
          ],
          [
            107.737085,
            33.992072
          ],
          [
            107.736996,
            33.992245
          ],
          [
            107.737062,
            33.992312
          ],
          [
            107.737026,
            33.992385
          ],
          [
            107.737011,
            33.992382
          ],
          [
            107.737084,
            33.992518
          ],
          [
            107.737074,
            33.992615
          ],
          [
            107.736995,
            33.992697
          ],
          [
            107.736891,
            33.992754
          ],
          [
            107.736778,
            33.992788
          ],
          [
            107.736697,
            33.992848
          ],
          [
            107.736757,
            33.993024
          ],
          [
            107.736675,
            33.993191
          ],
          [
            107.736605,
            33.993264
          ],
          [
            107.736505,
            33.993314
          ],
          [
            107.73645,
            33.993396
          ],
          [
            107.73629,
            33.993518
          ],
          [
            107.736089,
            33.993618
          ],
          [
            107.735766,
            33.993706
          ],
          [
            107.735669,
            33.993759
          ],
          [
            107.735604,
            33.993837
          ],
          [
            107.735503,
            33.993887
          ],
          [
            107.735435,
            33.993959
          ],
          [
            107.735339,
            33.994256
          ],
          [
            107.735284,
            33.994338
          ],
          [
            107.735192,
            33.994389
          ],
          [
            107.735129,
            33.994463
          ],
          [
            107.734698,
            33.994616
          ],
          [
            107.734345,
            33.994671
          ],
          [
            107.734044,
            33.994819
          ],
          [
            107.733897,
            33.994958
          ],
          [
            107.733615,
            33.995276
          ],
          [
            107.733492,
            33.995447
          ],
          [
            107.733383,
            33.995685
          ],
          [
            107.733216,
            33.995788
          ],
          [
            107.733106,
            33.995822
          ],
          [
            107.73302,
            33.995884
          ],
          [
            107.732811,
            33.996114
          ],
          [
            107.732722,
            33.996179
          ],
          [
            107.732414,
            33.996328
          ],
          [
            107.732216,
            33.996498
          ],
          [
            107.732115,
            33.996531
          ],
          [
            107.732,
            33.996515
          ],
          [
            107.731889,
            33.99653
          ],
          [
            107.731696,
            33.996636
          ],
          [
            107.731481,
            33.996726
          ],
          [
            107.731138,
            33.996797
          ],
          [
            107.731072,
            33.996869
          ],
          [
            107.731071,
            33.996978
          ],
          [
            107.73117,
            33.997367
          ],
          [
            107.731144,
            33.997583
          ],
          [
            107.731165,
            33.997691
          ],
          [
            107.731207,
            33.997791
          ],
          [
            107.731323,
            33.997883
          ],
          [
            107.731354,
            33.997958
          ],
          [
            107.731365,
            33.998053
          ],
          [
            107.731526,
            33.998525
          ],
          [
            107.731517,
            33.998711
          ],
          [
            107.731565,
            33.998808
          ],
          [
            107.731698,
            33.998986
          ],
          [
            107.731771,
            33.999267
          ],
          [
            107.731826,
            33.999357
          ],
          [
            107.731982,
            33.999512
          ],
          [
            107.732084,
            33.999563
          ],
          [
            107.732149,
            33.999637
          ],
          [
            107.732216,
            33.999716
          ],
          [
            107.73244,
            34.000079
          ],
          [
            107.732479,
            34.000199
          ],
          [
            107.732473,
            34.000402
          ],
          [
            107.732504,
            34.000496
          ],
          [
            107.732612,
            34.0007
          ],
          [
            107.732795,
            34.000825
          ],
          [
            107.732838,
            34.000911
          ],
          [
            107.732819,
            34.001018
          ],
          [
            107.73286,
            34.001109
          ],
          [
            107.732866,
            34.001202
          ],
          [
            107.732682,
            34.001548
          ],
          [
            107.732692,
            34.001645
          ],
          [
            107.732643,
            34.001726
          ],
          [
            107.732602,
            34.00191
          ],
          [
            107.732636,
            34.002294
          ],
          [
            107.732595,
            34.002382
          ],
          [
            107.732583,
            34.002476
          ],
          [
            107.732518,
            34.002544
          ],
          [
            107.732523,
            34.002679
          ],
          [
            107.73255,
            34.002757
          ],
          [
            107.732439,
            34.003037
          ],
          [
            107.732424,
            34.003137
          ],
          [
            107.732356,
            34.003314
          ],
          [
            107.732255,
            34.003491
          ],
          [
            107.732228,
            34.003685
          ],
          [
            107.732133,
            34.003845
          ],
          [
            107.732111,
            34.003933
          ],
          [
            107.732118,
            34.004031
          ],
          [
            107.732084,
            34.004116
          ],
          [
            107.7318,
            34.004533
          ],
          [
            107.731649,
            34.004667
          ],
          [
            107.731592,
            34.004748
          ],
          [
            107.731555,
            34.004842
          ],
          [
            107.731419,
            34.004997
          ],
          [
            107.731411,
            34.005085
          ],
          [
            107.731246,
            34.005184
          ],
          [
            107.731113,
            34.005339
          ],
          [
            107.73109,
            34.00543
          ],
          [
            107.731183,
            34.005451
          ],
          [
            107.731208,
            34.005477
          ],
          [
            107.731135,
            34.005629
          ],
          [
            107.73114,
            34.005728
          ],
          [
            107.731026,
            34.006035
          ],
          [
            107.730828,
            34.006226
          ],
          [
            107.730738,
            34.006286
          ],
          [
            107.730712,
            34.006381
          ],
          [
            107.730455,
            34.0068
          ],
          [
            107.730407,
            34.006976
          ],
          [
            107.730292,
            34.007209
          ],
          [
            107.730293,
            34.007287
          ],
          [
            107.7302,
            34.007651
          ],
          [
            107.73013,
            34.007719
          ],
          [
            107.730033,
            34.007771
          ],
          [
            107.729816,
            34.007836
          ],
          [
            107.729749,
            34.007913
          ],
          [
            107.729644,
            34.008117
          ],
          [
            107.729528,
            34.008108
          ],
          [
            107.729495,
            34.008269
          ],
          [
            107.729529,
            34.008471
          ],
          [
            107.729576,
            34.00853
          ],
          [
            107.729539,
            34.008614
          ],
          [
            107.729558,
            34.008804
          ],
          [
            107.729549,
            34.008899
          ],
          [
            107.729481,
            34.008971
          ],
          [
            107.729378,
            34.009137
          ],
          [
            107.729301,
            34.009203
          ],
          [
            107.729071,
            34.009235
          ],
          [
            107.728962,
            34.009268
          ],
          [
            107.728868,
            34.009324
          ],
          [
            107.728647,
            34.009352
          ],
          [
            107.728574,
            34.009417
          ],
          [
            107.728507,
            34.009499
          ],
          [
            107.728413,
            34.009681
          ],
          [
            107.728387,
            34.009871
          ],
          [
            107.728327,
            34.010062
          ],
          [
            107.728157,
            34.010197
          ],
          [
            107.728034,
            34.010352
          ],
          [
            107.727824,
            34.010407
          ],
          [
            107.727551,
            34.01057
          ],
          [
            107.727445,
            34.010601
          ],
          [
            107.727285,
            34.010728
          ],
          [
            107.727251,
            34.010813
          ],
          [
            107.727173,
            34.010872
          ],
          [
            107.727068,
            34.010894
          ],
          [
            107.726979,
            34.010945
          ],
          [
            107.726906,
            34.011015
          ],
          [
            107.726542,
            34.011257
          ],
          [
            107.72644,
            34.011289
          ],
          [
            107.726234,
            34.011231
          ],
          [
            107.725894,
            34.011242
          ],
          [
            107.72566,
            34.011198
          ],
          [
            107.725422,
            34.011212
          ],
          [
            107.725336,
            34.011275
          ],
          [
            107.725276,
            34.011364
          ],
          [
            107.725287,
            34.011465
          ],
          [
            107.725266,
            34.011563
          ],
          [
            107.725207,
            34.01164
          ],
          [
            107.725011,
            34.01173
          ],
          [
            107.724788,
            34.01174
          ],
          [
            107.724575,
            34.011678
          ],
          [
            107.724464,
            34.011673
          ],
          [
            107.724351,
            34.01169
          ],
          [
            107.724148,
            34.011759
          ],
          [
            107.723991,
            34.011904
          ],
          [
            107.723893,
            34.011949
          ],
          [
            107.723462,
            34.012024
          ],
          [
            107.723316,
            34.01217
          ],
          [
            107.723026,
            34.01236
          ],
          [
            107.722901,
            34.012623
          ],
          [
            107.722621,
            34.012939
          ],
          [
            107.722532,
            34.01312
          ],
          [
            107.722453,
            34.013194
          ],
          [
            107.722363,
            34.013259
          ],
          [
            107.722254,
            34.0133
          ],
          [
            107.722178,
            34.013365
          ],
          [
            107.7219,
            34.013526
          ],
          [
            107.721581,
            34.013634
          ],
          [
            107.721471,
            34.013631
          ],
          [
            107.721357,
            34.013656
          ],
          [
            107.721302,
            34.013727
          ],
          [
            107.721222,
            34.013784
          ],
          [
            107.721192,
            34.013891
          ],
          [
            107.721083,
            34.013998
          ],
          [
            107.72106,
            34.014072
          ],
          [
            107.720987,
            34.014192
          ],
          [
            107.720745,
            34.014376
          ],
          [
            107.720628,
            34.014546
          ],
          [
            107.720476,
            34.014694
          ],
          [
            107.720461,
            34.014788
          ],
          [
            107.720381,
            34.014921
          ],
          [
            107.720251,
            34.015056
          ],
          [
            107.72007,
            34.015299
          ],
          [
            107.719982,
            34.01537
          ],
          [
            107.719875,
            34.015418
          ],
          [
            107.719629,
            34.015464
          ],
          [
            107.719438,
            34.015572
          ],
          [
            107.719323,
            34.015593
          ],
          [
            107.718945,
            34.015571
          ],
          [
            107.718707,
            34.01551
          ],
          [
            107.718482,
            34.015518
          ],
          [
            107.718334,
            34.015467
          ],
          [
            107.718132,
            34.01551
          ],
          [
            107.71803,
            34.015481
          ],
          [
            107.717941,
            34.015513
          ],
          [
            107.717858,
            34.015473
          ],
          [
            107.717964,
            34.015507
          ],
          [
            107.71804,
            34.015574
          ],
          [
            107.717925,
            34.015471
          ],
          [
            107.717855,
            34.015341
          ],
          [
            107.718015,
            34.015565
          ],
          [
            107.717937,
            34.015431
          ],
          [
            107.717842,
            34.015474
          ],
          [
            107.717622,
            34.015425
          ],
          [
            107.717319,
            34.015509
          ],
          [
            107.717106,
            34.015536
          ],
          [
            107.716878,
            34.015587
          ],
          [
            107.71664,
            34.015589
          ],
          [
            107.716285,
            34.015512
          ],
          [
            107.715941,
            34.015399
          ],
          [
            107.715829,
            34.015397
          ],
          [
            107.71526,
            34.015474
          ],
          [
            107.714931,
            34.015555
          ],
          [
            107.714485,
            34.015499
          ],
          [
            107.714266,
            34.015541
          ],
          [
            107.714086,
            34.015546
          ],
          [
            107.713875,
            34.015595
          ],
          [
            107.713676,
            34.015701
          ],
          [
            107.713557,
            34.015727
          ],
          [
            107.7132,
            34.01575
          ],
          [
            107.713021,
            34.015853
          ],
          [
            107.712966,
            34.015939
          ],
          [
            107.712802,
            34.016095
          ],
          [
            107.712751,
            34.016179
          ],
          [
            107.71266,
            34.016228
          ],
          [
            107.712549,
            34.01625
          ],
          [
            107.71243,
            34.016234
          ],
          [
            107.712221,
            34.016123
          ],
          [
            107.712001,
            34.01615
          ],
          [
            107.711777,
            34.016153
          ],
          [
            107.71167,
            34.016175
          ],
          [
            107.711393,
            34.016416
          ],
          [
            107.711289,
            34.016456
          ],
          [
            107.710945,
            34.016731
          ],
          [
            107.710745,
            34.016961
          ],
          [
            107.710648,
            34.017013
          ],
          [
            107.710422,
            34.017059
          ],
          [
            107.710239,
            34.017169
          ],
          [
            107.710038,
            34.017261
          ],
          [
            107.709887,
            34.017393
          ],
          [
            107.709817,
            34.017582
          ],
          [
            107.709754,
            34.01766
          ],
          [
            107.709661,
            34.017718
          ],
          [
            107.709605,
            34.017796
          ],
          [
            107.7096,
            34.01789
          ],
          [
            107.709559,
            34.017977
          ],
          [
            107.709493,
            34.018056
          ],
          [
            107.709316,
            34.017829
          ],
          [
            107.709135,
            34.017686
          ],
          [
            107.708982,
            34.017534
          ],
          [
            107.708937,
            34.017514
          ],
          [
            107.708829,
            34.017375
          ],
          [
            107.708769,
            34.017338
          ],
          [
            107.708232,
            34.017647
          ],
          [
            107.708087,
            34.017802
          ],
          [
            107.708052,
            34.017781
          ],
          [
            107.707776,
            34.01793
          ],
          [
            107.707542,
            34.017951
          ],
          [
            107.707108,
            34.018129
          ],
          [
            107.706876,
            34.018164
          ],
          [
            107.706532,
            34.018161
          ],
          [
            107.70643,
            34.018131
          ],
          [
            107.706318,
            34.018133
          ],
          [
            107.705981,
            34.018232
          ],
          [
            107.705862,
            34.018244
          ],
          [
            107.70552,
            34.018197
          ],
          [
            107.705299,
            34.018203
          ],
          [
            107.705188,
            34.018184
          ],
          [
            107.704846,
            34.018203
          ],
          [
            107.704612,
            34.018141
          ],
          [
            107.704498,
            34.018129
          ],
          [
            107.704187,
            34.018021
          ],
          [
            107.703963,
            34.018012
          ],
          [
            107.703848,
            34.018034
          ],
          [
            107.703737,
            34.018031
          ],
          [
            107.703527,
            34.018101
          ],
          [
            107.703074,
            34.018074
          ],
          [
            107.702758,
            34.018139
          ],
          [
            107.702647,
            34.01813
          ],
          [
            107.702532,
            34.01797
          ],
          [
            107.702327,
            34.017829
          ],
          [
            107.702258,
            34.017863
          ],
          [
            107.702155,
            34.017885
          ],
          [
            107.701927,
            34.017854
          ],
          [
            107.701817,
            34.017892
          ],
          [
            107.701716,
            34.017955
          ],
          [
            107.701522,
            34.018085
          ],
          [
            107.701457,
            34.018163
          ],
          [
            107.701319,
            34.018237
          ],
          [
            107.701361,
            34.018407
          ],
          [
            107.701361,
            34.018508
          ],
          [
            107.701116,
            34.018711
          ],
          [
            107.700913,
            34.018833
          ],
          [
            107.700602,
            34.018984
          ],
          [
            107.700447,
            34.019124
          ],
          [
            107.700345,
            34.01929
          ],
          [
            107.700423,
            34.019366
          ],
          [
            107.700442,
            34.019467
          ],
          [
            107.70046,
            34.019465
          ],
          [
            107.700549,
            34.019606
          ],
          [
            107.700636,
            34.019669
          ],
          [
            107.700873,
            34.019752
          ],
          [
            107.700967,
            34.019819
          ],
          [
            107.700985,
            34.019912
          ],
          [
            107.700899,
            34.019976
          ],
          [
            107.700816,
            34.020156
          ],
          [
            107.700742,
            34.02023
          ],
          [
            107.700707,
            34.020317
          ],
          [
            107.700707,
            34.020411
          ],
          [
            107.700682,
            34.02051
          ],
          [
            107.70071,
            34.020608
          ],
          [
            107.700769,
            34.020698
          ],
          [
            107.700745,
            34.020777
          ],
          [
            107.700572,
            34.020901
          ],
          [
            107.700354,
            34.020981
          ],
          [
            107.700291,
            34.021048
          ],
          [
            107.700066,
            34.021382
          ],
          [
            107.700072,
            34.021478
          ],
          [
            107.700301,
            34.021713
          ],
          [
            107.700264,
            34.021792
          ],
          [
            107.699781,
            34.021852
          ],
          [
            107.699669,
            34.021833
          ],
          [
            107.69946,
            34.021744
          ],
          [
            107.699221,
            34.021706
          ],
          [
            107.698785,
            34.021805
          ],
          [
            107.698785,
            34.021878
          ],
          [
            107.698813,
            34.02197
          ],
          [
            107.699091,
            34.022615
          ],
          [
            107.699088,
            34.022649
          ],
          [
            107.698684,
            34.022804
          ],
          [
            107.698669,
            34.022785
          ],
          [
            107.698487,
            34.02286
          ],
          [
            107.698369,
            34.022875
          ],
          [
            107.697908,
            34.022846
          ],
          [
            107.697679,
            34.022903
          ],
          [
            107.697579,
            34.022951
          ],
          [
            107.697531,
            34.022895
          ],
          [
            107.697552,
            34.022838
          ],
          [
            107.697489,
            34.022805
          ],
          [
            107.697387,
            34.022821
          ],
          [
            107.697175,
            34.022921
          ],
          [
            107.696957,
            34.02299
          ],
          [
            107.696894,
            34.02306
          ],
          [
            107.696945,
            34.023254
          ],
          [
            107.697006,
            34.023345
          ],
          [
            107.697175,
            34.02349
          ],
          [
            107.697112,
            34.023525
          ],
          [
            107.696732,
            34.023456
          ],
          [
            107.696618,
            34.023468
          ],
          [
            107.696371,
            34.02344
          ],
          [
            107.696314,
            34.023534
          ],
          [
            107.696322,
            34.02363
          ],
          [
            107.696367,
            34.023715
          ],
          [
            107.696376,
            34.023811
          ],
          [
            107.696299,
            34.023791
          ],
          [
            107.696244,
            34.023705
          ],
          [
            107.696162,
            34.02372
          ],
          [
            107.696138,
            34.023799
          ],
          [
            107.696074,
            34.023879
          ],
          [
            107.69605,
            34.023986
          ],
          [
            107.696054,
            34.024118
          ],
          [
            107.696025,
            34.024054
          ],
          [
            107.695765,
            34.023696
          ],
          [
            107.695665,
            34.023684
          ],
          [
            107.695616,
            34.023862
          ],
          [
            107.695563,
            34.023965
          ],
          [
            107.695568,
            34.024009
          ],
          [
            107.695483,
            34.023852
          ],
          [
            107.695397,
            34.023761
          ],
          [
            107.69532,
            34.023748
          ],
          [
            107.695237,
            34.023798
          ],
          [
            107.695191,
            34.023874
          ],
          [
            107.695249,
            34.023955
          ],
          [
            107.695286,
            34.024048
          ],
          [
            107.695231,
            34.024111
          ],
          [
            107.695189,
            34.024208
          ],
          [
            107.6953,
            34.02423
          ],
          [
            107.695235,
            34.024418
          ],
          [
            107.695243,
            34.024527
          ],
          [
            107.695143,
            34.024572
          ],
          [
            107.695178,
            34.024609
          ],
          [
            107.695236,
            34.024782
          ],
          [
            107.695239,
            34.02488
          ],
          [
            107.695269,
            34.024973
          ],
          [
            107.69516,
            34.025257
          ],
          [
            107.695062,
            34.025269
          ],
          [
            107.69501,
            34.025335
          ],
          [
            107.6948,
            34.025392
          ],
          [
            107.694608,
            34.025493
          ],
          [
            107.694372,
            34.025545
          ],
          [
            107.69426,
            34.025548
          ],
          [
            107.693933,
            34.025598
          ],
          [
            107.693878,
            34.025669
          ],
          [
            107.693792,
            34.025712
          ],
          [
            107.693683,
            34.025731
          ],
          [
            107.693424,
            34.025697
          ],
          [
            107.693342,
            34.025757
          ],
          [
            107.693224,
            34.025769
          ],
          [
            107.693141,
            34.025826
          ],
          [
            107.693109,
            34.025911
          ],
          [
            107.692899,
            34.025974
          ],
          [
            107.692807,
            34.026029
          ],
          [
            107.692702,
            34.026055
          ],
          [
            107.692517,
            34.026148
          ],
          [
            107.692446,
            34.026314
          ],
          [
            107.692261,
            34.026404
          ],
          [
            107.692243,
            34.026491
          ],
          [
            107.692255,
            34.026585
          ],
          [
            107.692207,
            34.026669
          ],
          [
            107.692104,
            34.026684
          ],
          [
            107.691864,
            34.026678
          ],
          [
            107.691749,
            34.026721
          ],
          [
            107.691673,
            34.026801
          ],
          [
            107.691555,
            34.026973
          ],
          [
            107.69148,
            34.02704
          ],
          [
            107.691381,
            34.027096
          ],
          [
            107.69131,
            34.027181
          ],
          [
            107.691198,
            34.027233
          ],
          [
            107.690585,
            34.027335
          ],
          [
            107.690346,
            34.027325
          ],
          [
            107.690016,
            34.0274
          ],
          [
            107.689794,
            34.027415
          ],
          [
            107.689592,
            34.027507
          ],
          [
            107.689261,
            34.027622
          ],
          [
            107.68887,
            34.027849
          ],
          [
            107.688531,
            34.027922
          ],
          [
            107.688035,
            34.027973
          ],
          [
            107.687935,
            34.028013
          ],
          [
            107.687851,
            34.028078
          ],
          [
            107.687639,
            34.028162
          ],
          [
            107.687524,
            34.028187
          ],
          [
            107.687415,
            34.028171
          ],
          [
            107.687301,
            34.028186
          ],
          [
            107.687185,
            34.028211
          ],
          [
            107.687089,
            34.028267
          ],
          [
            107.686897,
            34.028395
          ],
          [
            107.686819,
            34.028467
          ],
          [
            107.686762,
            34.028753
          ],
          [
            107.686579,
            34.028846
          ],
          [
            107.686531,
            34.028927
          ],
          [
            107.686524,
            34.029021
          ],
          [
            107.686492,
            34.029109
          ],
          [
            107.686397,
            34.029291
          ],
          [
            107.686188,
            34.029517
          ],
          [
            107.686163,
            34.029604
          ],
          [
            107.686106,
            34.029693
          ],
          [
            107.685925,
            34.029954
          ],
          [
            107.685728,
            34.030198
          ],
          [
            107.685602,
            34.030532
          ],
          [
            107.685533,
            34.030603
          ],
          [
            107.685326,
            34.030719
          ],
          [
            107.685168,
            34.030864
          ],
          [
            107.684883,
            34.031038
          ],
          [
            107.684673,
            34.031104
          ],
          [
            107.684511,
            34.031239
          ],
          [
            107.684406,
            34.031267
          ],
          [
            107.684186,
            34.031242
          ],
          [
            107.684062,
            34.03126
          ],
          [
            107.683946,
            34.031286
          ],
          [
            107.683701,
            34.031382
          ],
          [
            107.683429,
            34.031395
          ],
          [
            107.683318,
            34.031365
          ],
          [
            107.683196,
            34.03136
          ],
          [
            107.682935,
            34.031435
          ],
          [
            107.682848,
            34.031484
          ],
          [
            107.682491,
            34.031563
          ],
          [
            107.68215,
            34.031728
          ],
          [
            107.682035,
            34.031726
          ],
          [
            107.681808,
            34.031651
          ],
          [
            107.681695,
            34.031644
          ],
          [
            107.681363,
            34.031733
          ],
          [
            107.681252,
            34.031709
          ],
          [
            107.681128,
            34.031725
          ],
          [
            107.680796,
            34.031889
          ],
          [
            107.680445,
            34.032161
          ],
          [
            107.680382,
            34.032247
          ],
          [
            107.680269,
            34.032538
          ],
          [
            107.680257,
            34.032741
          ],
          [
            107.680224,
            34.032829
          ],
          [
            107.680228,
            34.033115
          ],
          [
            107.680179,
            34.033192
          ],
          [
            107.68,
            34.033652
          ],
          [
            107.679972,
            34.033853
          ],
          [
            107.679893,
            34.034022
          ],
          [
            107.679862,
            34.034297
          ],
          [
            107.679746,
            34.03457
          ],
          [
            107.679721,
            34.034659
          ],
          [
            107.67972,
            34.034751
          ],
          [
            107.679565,
            34.034996
          ],
          [
            107.679409,
            34.035147
          ],
          [
            107.679357,
            34.035232
          ],
          [
            107.679291,
            34.035418
          ],
          [
            107.679158,
            34.035691
          ],
          [
            107.678834,
            34.036742
          ],
          [
            107.678639,
            34.037112
          ],
          [
            107.678504,
            34.037301
          ],
          [
            107.678399,
            34.037589
          ],
          [
            107.678114,
            34.038031
          ],
          [
            107.678044,
            34.03823
          ],
          [
            107.677973,
            34.038523
          ],
          [
            107.677992,
            34.038817
          ],
          [
            107.677968,
            34.038912
          ],
          [
            107.677717,
            34.039105
          ],
          [
            107.677666,
            34.0392
          ],
          [
            107.677647,
            34.039294
          ],
          [
            107.677666,
            34.039385
          ],
          [
            107.677665,
            34.039579
          ],
          [
            107.677622,
            34.039684
          ],
          [
            107.677498,
            34.039854
          ],
          [
            107.677414,
            34.04005
          ],
          [
            107.677363,
            34.04036
          ],
          [
            107.677218,
            34.040763
          ],
          [
            107.677194,
            34.041068
          ],
          [
            107.677066,
            34.041548
          ],
          [
            107.676976,
            34.041728
          ],
          [
            107.676747,
            34.041942
          ],
          [
            107.67671,
            34.042034
          ],
          [
            107.676716,
            34.042143
          ],
          [
            107.676781,
            34.042364
          ],
          [
            107.676807,
            34.042582
          ],
          [
            107.67687,
            34.042662
          ],
          [
            107.677204,
            34.042828
          ],
          [
            107.677281,
            34.042898
          ],
          [
            107.677218,
            34.042952
          ],
          [
            107.676836,
            34.042843
          ],
          [
            107.676581,
            34.042822
          ],
          [
            107.676482,
            34.042771
          ],
          [
            107.676491,
            34.042676
          ],
          [
            107.676471,
            34.042573
          ],
          [
            107.676421,
            34.042482
          ],
          [
            107.676312,
            34.042465
          ],
          [
            107.676225,
            34.042534
          ],
          [
            107.676213,
            34.042754
          ],
          [
            107.676282,
            34.042955
          ],
          [
            107.676341,
            34.04304
          ],
          [
            107.676422,
            34.043107
          ],
          [
            107.676487,
            34.04319
          ],
          [
            107.676659,
            34.043445
          ],
          [
            107.67659,
            34.043483
          ],
          [
            107.676408,
            34.043339
          ],
          [
            107.67634,
            34.043238
          ],
          [
            107.676241,
            34.043222
          ],
          [
            107.676218,
            34.043292
          ],
          [
            107.676297,
            34.0436
          ],
          [
            107.67629,
            34.043705
          ],
          [
            107.676194,
            34.043879
          ],
          [
            107.676156,
            34.04417
          ],
          [
            107.676117,
            34.044261
          ],
          [
            107.676048,
            34.044342
          ],
          [
            107.675991,
            34.044296
          ],
          [
            107.675989,
            34.044088
          ],
          [
            107.67593,
            34.043995
          ],
          [
            107.675829,
            34.043987
          ],
          [
            107.675755,
            34.044054
          ],
          [
            107.67565,
            34.044264
          ],
          [
            107.675581,
            34.044348
          ],
          [
            107.6752,
            34.044718
          ],
          [
            107.675144,
            34.044801
          ],
          [
            107.67487,
            34.044972
          ],
          [
            107.674812,
            34.045049
          ],
          [
            107.674734,
            34.045335
          ],
          [
            107.674646,
            34.045516
          ],
          [
            107.674587,
            34.045604
          ],
          [
            107.674496,
            34.045673
          ],
          [
            107.67443,
            34.045753
          ],
          [
            107.674392,
            34.045846
          ],
          [
            107.674367,
            34.04594
          ],
          [
            107.674373,
            34.046413
          ],
          [
            107.674317,
            34.046715
          ],
          [
            107.674162,
            34.046859
          ],
          [
            107.674104,
            34.046942
          ],
          [
            107.673792,
            34.047236
          ],
          [
            107.673375,
            34.047407
          ],
          [
            107.673177,
            34.047535
          ],
          [
            107.673069,
            34.04758
          ],
          [
            107.672951,
            34.047617
          ],
          [
            107.6727,
            34.047602
          ],
          [
            107.672603,
            34.047646
          ],
          [
            107.672614,
            34.047728
          ],
          [
            107.672667,
            34.047778
          ],
          [
            107.672713,
            34.047865
          ],
          [
            107.672281,
            34.047834
          ],
          [
            107.672149,
            34.047849
          ],
          [
            107.671959,
            34.047972
          ],
          [
            107.671801,
            34.048111
          ],
          [
            107.671531,
            34.048302
          ],
          [
            107.671331,
            34.048548
          ],
          [
            107.671057,
            34.048713
          ],
          [
            107.670946,
            34.04874
          ],
          [
            107.670483,
            34.048793
          ],
          [
            107.670384,
            34.048845
          ],
          [
            107.670274,
            34.04886
          ],
          [
            107.670052,
            34.048924
          ],
          [
            107.669806,
            34.048958
          ],
          [
            107.669562,
            34.049014
          ],
          [
            107.669202,
            34.049134
          ],
          [
            107.669006,
            34.049278
          ],
          [
            107.668913,
            34.049447
          ],
          [
            107.668738,
            34.049594
          ],
          [
            107.668662,
            34.049682
          ],
          [
            107.668032,
            34.050222
          ],
          [
            107.667936,
            34.050284
          ],
          [
            107.667834,
            34.050327
          ],
          [
            107.667722,
            34.050342
          ],
          [
            107.66723,
            34.05036
          ],
          [
            107.667112,
            34.050393
          ],
          [
            107.667012,
            34.050445
          ],
          [
            107.666931,
            34.050516
          ],
          [
            107.666879,
            34.050606
          ],
          [
            107.666803,
            34.050899
          ],
          [
            107.666742,
            34.050979
          ],
          [
            107.666636,
            34.051028
          ],
          [
            107.66626,
            34.051026
          ],
          [
            107.666147,
            34.051039
          ],
          [
            107.666051,
            34.051082
          ],
          [
            107.665957,
            34.051158
          ],
          [
            107.665886,
            34.051247
          ],
          [
            107.665711,
            34.051612
          ],
          [
            107.665654,
            34.051694
          ],
          [
            107.665567,
            34.051762
          ],
          [
            107.664508,
            34.052017
          ],
          [
            107.664292,
            34.052082
          ],
          [
            107.664262,
            34.052104
          ],
          [
            107.663286,
            34.052355
          ],
          [
            107.663133,
            34.05246
          ],
          [
            107.663003,
            34.052616
          ],
          [
            107.662905,
            34.052796
          ],
          [
            107.662842,
            34.052873
          ],
          [
            107.662425,
            34.053228
          ],
          [
            107.662195,
            34.053483
          ],
          [
            107.661936,
            34.053813
          ],
          [
            107.661714,
            34.054026
          ]
        ]
      }
    }
  ]
}
